x	y
-0.152631200986978	0.15306118276221
-1.35090235712844	1.18231625144187
-1.22600320088265	1.32029057095335
-0.665521819029769	0.583797970147497
-0.366237383786056	0.58699400196806
-0.269573103009703	0.373054945011263
-0.121853978461502	0.142774343576487
-0.620854426574827	1.03521706748162
-0.844076577504426	0.995488882532676
-0.539728456787797	0.680302688360039
-0.342673998251486	0.356544705783782
-0.701923815248982	0.471043419126657
-1.44908330646457	1.34635338941921
-0.96756774822069	0.566259034919588
-0.100599240850681	0.0534854334490669
-0.256531285374964	0.254182000606625
-0.638669899742008	0.763770857607715
-0.194811673767042	0.227993838049139
-0.260316678829709	0.303299790446314
-0.587337581347855	0.945737361894164
-0.24215145594317	0.268573947945984
0.28509981985229	0.311408251044341
-1.2207940843991	1.47091392934164
-0.877234030673162	0.57722347245481
0.398886369625052	0.260953947356794
0.21178923311276	0.113786657240428
-0.487633965163832	0.372797634315868
-0.585589498611434	0.804986919252375
-0.487609966146331	0.37260895749246
-0.29037516704378	0.370710956436379
-0.289159226970926	0.285502946198636
-0.109156995600452	0.153397673710833
-0.657888414490855	1.36149772108999
0.0316518288715566	0.0331554988526051
-0.652797461948398	1.38721235448162
-0.10579904938526	0.129016445153771
0.34989815934235	0.430771439883823
-0.117582201796792	0.125279720710279
-0.289228037062237	0.285593224306157
-0.413752686764289	0.320915770926325
-0.119571298130348	0.0730913852716358
-0.572819021505573	0.391827856235246
-0.568412513831888	0.350074832940256
-0.0064125873499607	0.00358029417270733
0.333893032783747	0.5100499929134
-0.248128951393391	0.260548403440712
-0.475563494864035	0.656948915749133
0.196488573086585	0.145704761945943
-0.683275031002601	0.89609134510041
-0.381043379197035	0.395227802907687
-0.121592329001405	0.148465266134892
-0.0473316203285551	0.0551632056550679
-0.0753509437410605	0.0881009338615766
-0.0532857179066319	0.0570427405038905
-0.318321060915446	0.539600787882884
-0.416930510308548	0.692325535168562
0.404202289867969	0.56807494052492
-0.354437313326539	0.430671887022706
0.0186794610530569	0.0125692209146826
-1.11449125834891	0.540788176297302
0.23420176261692	0.135550725555505
-1.63526774794271	1.39510826344375
-0.951768045880078	0.27264192625531
-0.573359947594847	0.39225971710813
-0.66795804453989	0.994275052860852
-0.351199527183516	0.466929726147447
-0.58473500126188	0.70127260614412
0.00923408082867192	0.00803978044763173
0.308941366243852	0.397837999434427
-0.242171195975265	0.268573666536252
0.106136562447336	0.119043182066809
-0.835368888875214	1.18654642894976
-1.12703758998166	0.724067663560919
0.183567604323942	0.191856917167558
0.0095030684459529	0.00827607339961825
-0.202563036607668	0.189961672005907
-0.191787717801013	0.234825371442995
-0.196907082104846	0.21933466895367
0.846492178549405	1.97526162302576
-0.323671530851738	0.516536808982108
-0.23727666760529	0.276908546444412
0.626464230378977	1.12659769935943
0.406683743411108	0.626348926013736
0.298031622422574	0.354681789954679
0.783665288809357	1.34494524729846
-0.282231322358852	0.24420145903392
-0.217390097066543	0.161055583465922
-0.314806633342869	0.180404619625564
-0.094758981341416	0.0660269844590962
-0.766283009867109	0.662848621894492
0.399629756186755	0.245296505376421
-0.517513875524486	0.178911161319999
-2.19317610517767	1.21115236630217
-1.62184014248418	1.98550475407987
-0.00833713011532937	0.00537350785301406
-0.427612687326931	0.542214301213867
-0.182538023509392	0.242024362033945
0.564091690365246	1.09224016672816
0.307104899032943	0.478085259626772
-0.67711327936867	0.927783439690302
-0.791908305713741	0.630579329942369
-0.772991210526089	1.32885994391966
-0.0228728790406695	0.0207700010059667
-0.358453127593852	0.393725337716542
-0.30406980397291	0.484208602252837
-0.311820301854339	0.361871083913979
-0.0883301505744235	0.0990256766343759
-0.0247504634707143	0.02648913155771
-0.194661467645063	0.227769864577975
0.111632124471413	0.105318743417151
-0.370093639049875	0.533645652231353
0.0205438818189093	0.019690932242186
-0.138044107295079	0.168816009927443
0.221582013840827	0.225952592056961
-0.152566812058917	0.153050319682521
-1.99525983043134	2.60149646134026
-0.0393776134712881	0.024972610225115
-0.351909434642379	0.276629510394756
-1.52262929549736	1.21995516148033
-0.952135059882499	0.272770263417896
-0.389904182000159	0.276324804610237
-0.305880813625112	0.28298307275623
-0.215313394706331	0.251611446864152
-0.176241449718805	0.196579610389174
-0.627468640630018	0.898248183058284
-0.206194557214339	0.263379554605667
-0.117614978582771	0.125317550444938
-0.444209900869585	0.614331689048118
-0.175700202165874	0.185937472715951
-0.146917113659083	0.130110108893828
-1.11277241921162	1.62619345772839
-0.533064783424524	0.609789146787966
0.232157103746618	0.197624826088844
-0.326109286876676	0.279850876249518
-0.486685475366139	0.55850316152329
-0.0092386276454675	0.00665987834862507
-0.0974334084178715	0.0870211874326275
0.328846557451027	0.327658253771292
0.0315395065513622	0.0330358268132607
0.0597953563713987	0.0542161467439332
0.162005171631291	0.198614960938683
-0.267665502300122	0.248857430561598
-0.804326530309547	1.04896475137573
-0.107500620054509	0.0822992917472165
-0.171840142126793	0.102971998105413
-0.577160254149805	0.434419892931967
-0.22441533242714	0.149321786982421
-0.0784732518294557	0.0605934393934769
-0.0345166891399515	0.0246353687525861
-3.04151218721592	2.60410405669007
-0.449462493686468	0.282465667764756
-0.701939376185849	0.471077472243728
-0.413730680333414	0.320888721656759
-0.931631247085185	1.09099529213687
-0.500142036551076	0.415930998019855
-0.444754580462921	0.511546336928354
-0.365975101972038	0.358123644479986
-0.34301259209715	0.357167494240075
-0.175075629151511	0.205016326437969
-0.0862395863115585	0.0823618596163525
-0.300606031480006	0.366497522830989
-0.0861827298766117	0.0823043019686933
-0.0532295847473616	0.0569669717571333
-0.0859711342958155	0.0820787386768145
-0.0882887625658192	0.0989819716615724
-0.198064921881849	0.209136517992521
-0.581644939261582	0.51644821839779
-0.051947903836481	0.0403949370863832
-0.471740764941019	0.4855772755478
0.0835112294018514	0.0559228835432487
0.182203066049578	0.161252048623674
-0.0628495262319344	0.0443512997984772
0.08359737792427	0.0559836450072054
-0.674791434292598	0.545622611509452
0.787913862740091	1.03575531724027
0.477820622208377	0.514055881583432
0.0992667797704428	0.0904678813737483
0.812833305073898	1.19091220717676
0.284991391827496	0.311248699802727
-0.194771514113594	0.227925714727999
0.106943698063184	0.110387385514692
-0.253370847415069	0.309710067720536
-0.62919900112703	0.863644263616836
-0.351930081540779	0.276630397745374
-0.13127473744166	0.0902000576828426
0.399504450820885	0.309531960613471
0.251420929440589	0.231904556419004
0.123544444385558	0.0917999591205901
-0.449715244422404	0.282610592772542
0.656368067837455	0.55670542275289
-0.115247991774987	0.0955651279413068
-0.265700655996439	0.194242465070307
-0.977856725280316	1.37972432112144
-0.924403445849537	1.41727001253552
-0.1755476057098	0.154676943981249
-0.775266364005302	1.10389702955598
-0.358193320679774	0.393405825065403
-0.176098300794053	0.13206066315773
-1.29925548666426	1.47238337761927
-0.37163722630299	0.61509347993981
-0.121629067301018	0.14245596333779
0.323992427507268	0.311310174867273
-0.105305676853546	0.100184234863291
-0.394855049016734	0.432571801305146
-0.943558311401842	1.55671449007379
-0.19499940565867	0.228192916178697
0.0701478609510518	0.0593521988460137
-0.28511020793104	0.331490212649285
0.114778592278097	0.150291040918468
0.346232755348095	0.403576766153291
0.106869174688886	0.110298642107088
-0.23672272598041	0.276116538521346
-0.137944226010275	0.168676408276182
-0.366197165927614	0.358650356516907
-0.20745049887464	0.181866737354873
-0.347956249060637	0.319800996528835
-0.115162021042232	0.0955015869388595
-0.0783678851086653	0.0605111151387337
0.0634448915494444	0.0471976944942977
-0.175249703577163	0.154350902180647
-0.576895935869684	0.434174621781823
-0.686670269083675	0.508235697146491
-0.433291488543149	0.364623921203193
0.140407610727063	0.10937452324644
0.0185670250698239	0.0124939251739128
-0.931783082408798	1.09134486803983
-1.10663025594682	1.48341554251906
-0.0344371294284795	0.02457723815728
0.229341968420162	0.24137248961141
-0.256310389831142	0.253937653359997
0.247667944348474	0.284651203532342
-0.285095932966623	0.331554314099128
0.353547697840055	0.458447552473156
-0.622697397034976	1.00152304168006
-0.434771172032042	0.474881626346858
-0.119627047102514	0.0731073144010789
-0.573214592148753	0.392266645889591
0.029009781927305	0.0172044213737388
0.809161815192096	1.03400226803377
0.399294795229521	0.355404699042029
-0.233510497497517	0.218095924932284
-0.449649024133895	0.282626986880979
-0.358667111251907	0.23008064430689
0.18142044331366	0.127703356871127
0.51280296993901	0.436612787781603
0.042432131103424	0.0300688739436571
-0.305919464553027	0.283001843105664
-0.366129533276435	0.358559198977912
-0.366910262268236	0.466696897329925
-0.13821136260444	0.169043571416075
0.518351643432815	0.704441696390914
0.664280194689662	1.0797834797181
-0.690524791262472	0.864488418527876
-1.0629445104653	1.49377125926658
-0.773423353476818	1.3306944835772
-0.763896492372418	1.13272403078145
-0.730284800986192	1.25747284964294
-0.326400182902834	0.434481889723058
0.206359920894087	0.23553966994226
-0.313944759056529	0.400061626609345
0.675850563670638	1.45340321355626
0.449522347971864	0.712644743405756
-0.322848631803487	0.465114008149484
0.729921056694587	1.54693403944098
0.253253603697897	0.29925625237498
0.079100216152486	0.088303830146289
-0.175041038335315	0.175071166681321
-0.451084647194961	0.649842956483817
0.0596318071815013	0.0540664394067229
0.47517875940645	0.528247678507487
0.123617497021085	0.0918583041397737
0.266934274742946	0.264676132242778
0.353608807222763	0.458570485198056
0.467343183380073	0.568282738723817
-0.0284911506847198	0.0223183071793435
-0.47974562433188	0.522439612530993
0.25953017808352	0.248427264631365
0.0422948394581713	0.029970376284185
-0.00714064968876213	0.00562941951296692
-0.212728154709746	0.172597522843799
0.40396701362121	0.527753644729602
-0.444509248629791	0.511240694106487
-0.248333491675548	0.260719273529497
-0.0514185149863342	0.0494193464094765
0.285359605185799	0.311641933558844
-0.0244135188733824	0.0206743386268588
-0.26030565738161	0.303309838324771
-0.406801069605675	0.468985991612685
-0.233529112530206	0.218068958446443
-1.03797405162118	1.64536415429386
0.0421210997734316	0.0298396323770174
-0.0759463769065314	0.0473158585830138
-0.510574782260195	0.458219887010343
0.675338636280449	0.907610543288604
-1.47884845413098	1.6475598085936
0.250724950671121	0.155232778584426
0.0856635463965309	0.0467239502969187
-0.0629524049072091	0.0444238840275183
-0.583642259520937	0.556521520830535
-0.0944326119043179	0.0657828887059976
-0.217538298780978	0.161175577133584
-0.322054918949587	0.231926205197877
-0.509396243252146	0.702769757305595
-0.586897644876499	0.978935253856605
0.708998243879867	1.05702928435398
0.579381751045699	0.812753951892841
-0.585246791740703	0.667440793355503
-0.65351574603125	0.660007382276669
-0.536654411491271	0.645538652184003
-0.358221557245724	0.393458433108114
-0.210955310592211	0.258181127477261
0.111607509974855	0.105291557384637
0.0315862844172205	0.0330845901021765
-0.0840478789347175	0.0898267298084996
0.538709774562977	0.658930311667024
0.722005180083002	1.05153306306875
0.062831372658861	0.0625062071088574
-0.0230452757031528	0.0209232259072148
-1.12203623624125	1.90438252767958
-0.077424825987286	0.0785401803352607
-0.553725580109508	0.986748176722223
-0.112342174072971	0.113386915801691
0.106745632755841	0.110165603928769
-0.236948798341163	0.27651423805874
-0.47974562433188	0.522439612530993
0.221518482504912	0.180518300721338
0.285114118042659	0.311420805584413
-0.174967183374371	0.174998612242214
0.293877046232789	0.340019431151167
-0.17556522105828	0.154732315930289
-0.518977424591609	0.498996984815406
-0.434885481750146	0.475078414801678
-0.394561607277333	0.432210566296101
-0.105330263319576	0.100206380213774
-0.411088498523833	0.40033945906451
-0.381284485572105	0.395706645869686
0.143408688284041	0.131311893990274
-0.30043744791559	0.36611731666315
-0.284984910867983	0.33142654677011
0.219471506271282	0.264641665886043
0.528045334126602	0.682326865870626
0.602773950683196	0.784181591446781
-0.212489504312492	0.172344875267486
-0.202811573090792	0.190204801206254
-0.395511658720801	0.361053308354436
0.141891042315833	0.0887378890503946
-0.322054918949587	0.231926205197877
-0.00908926261851692	0.00655156929684398
-0.094825510373501	0.0660701308823056
-1.44922643815521	1.34675809657747
-0.0788269788881849	0.0353859300459337
-0.358509316483428	0.229953272680103
-0.285234469888592	0.186450253083741
-0.852626121428237	0.785899865880792
-0.500248816324381	0.416075405525705
-1.2343160820192	1.17039000322975
-0.40248366425147	0.70992162412478
0.0380426735783707	0.0354940500020205
-0.156439331393153	0.183258013936062
-0.300296419069227	0.365944088969124
-0.723452363050866	1.28928934864213
0.0549530842594815	0.0706202855488687
-0.314169436224775	0.400603054928766
0.0853235566225718	0.0902360770506422
-0.117516739927678	0.125164884118917
-0.126305268748798	0.119722939846315
0.402484658149002	0.43119207285564
-0.237054742378642	0.276681670450462
-0.311625277843797	0.361618480313641
-0.450869449425709	0.649311320468514
-0.732036673044235	0.441341043477748
0.353627907264727	0.458582990603478
-0.090445298526271	0.105876573285243
-0.0581978200209214	0.0651890520117061
-0.348166654079131	0.32017465387777
-0.0346035741025329	0.0246925248539528
0.0296243002339807	0.0249758514462958
1.16558307618063	2.22300898121897
-0.51881838873911	0.498851242281547
0.209784434728169	0.163357596997261
-0.0890022146285537	0.0742314827135955
-0.207336420570803	0.181752152660629
0.10487009649093	0.0741138581683246
-0.282252241621035	0.244227591554584
0.0635557861732776	0.0472898986758956
0.92975029848929	1.04608966046289
0.0186131411471097	0.0125249060305687
0.259527173225357	0.248429134941697
-0.282172657987968	0.244163501029191
0.235726029816981	0.255618039710766
0.024191036891882	0.0218168982265775
-0.845655943630819	1.34903023903235
0.0727463771040984	0.0682372394968062
-0.325194101886741	0.358004713722669
-0.149426633564816	0.141177441649199
-0.202535508566212	0.189919214531114
-0.852330345091486	0.785468465244391
-0.674739925783626	0.545605022666558
-0.00633857803269929	0.00353880115898878
-0.342795017382941	0.356908323554435
0.477859306961147	0.514134332659062
-0.107655148293218	0.0824110798648287
-1.08421159764066	1.18386588923938
0.29460400870286	0.229088037995619
-0.782711681296535	1.2995135433954
0.0628645995509091	0.062537381916387
-0.394489070596721	0.432054693800008
-0.0072623425203384	0.00572349032261936
-0.326402964777092	0.397253410662926
-0.481353797623324	0.692737880010189
0.488860059338775	0.885229241023084
0.449617107216054	0.712785103196605
0.575565288195716	1.02863867814943
0.170385169853392	0.21465102328859
0.305176802762744	0.382857372134358
0.751155506400842	1.71378212063138
-0.233357702363722	0.217941531856344
-0.218381958985434	0.242692349738728
-0.391949865486702	0.191579791283879
-0.311795827520128	0.36183323182899
-0.322115274786591	0.231934435922071
0.0663834815237774	0.07600370349067
0.0855034081048283	0.0904211802735492
-0.172952565384582	0.21175691804907
0.54139292838842	0.886977954128312
0.267044861791157	0.264867909464096
0.0853228032493503	0.0749916405292871
-0.486761499219435	0.558573535031886
-0.175558987747354	0.154701671920297
0.0531847737994769	0.043223035729398
0.481285577234468	0.500195615733298
-0.434874395386411	0.475047545352678
0.402369668959567	0.431068894721188
0.123363505858838	0.091642551068764
-0.308159520792433	0.321823185554617
0.100335342309907	0.0816703738205183
-0.105126609164418	0.0999453724328426
-0.486654450164929	0.558431864198966
-1.20160825915821	2.17512321038809
0.232317793134128	0.295529817913826
0.572381246349781	0.822023742989119
0.0379066037285974	0.0353626781199794
-0.237056753554536	0.276679598240773
-0.381059193592535	0.395278555152612
0.579414548974749	0.812778059802669
0.601974708469994	0.582313201123043
-0.305857597611016	0.28285338124513
-0.173665041486168	0.117482242301805
0.399603665219994	0.340727436631877
0.0584849086837611	0.0369509486462666
0.681111391978709	0.550473937505231
-0.358825047661998	0.230165183940644
-0.824867619725942	0.599090428767936
-0.732036673044235	0.441341043477748
-0.481465958302615	0.693037670320314
-0.276870871918404	0.289971273108738
-0.584945198316318	0.701835663535353
-0.427856671923668	0.542447568893434
-0.0358488239995975	0.0345536100684403
0.133752120546289	0.134706604236273
-0.0942666423442471	0.0953817564518464
0.00896703926243643	0.00935780693245564
-0.155111391185987	0.164610417674152
0.16217212651302	0.198818547538292
-0.520708851990574	0.809211919956215
0.00612585046021358	0.00603112104715996
0.652647220107796	0.922078683560554
-0.226794142851641	0.225429711239506
-0.475563494864035	0.656948915749133
-1.04437342022381	0.87478702664477
-0.342826037262377	0.356951097307955
0.769961868221947	1.34754866859242
0.276341036164533	0.193169942811983
0.363694892370014	0.532444782435441
0.505986606769442	0.738214495653203
-1.32469405794532	2.46186602540057
-0.0973137497063496	0.0868865011268363
-0.0285414143707016	0.0223558800211771
-0.84368791408267	0.995116678033945
-0.0654218646114531	0.0548520999235184
-0.342829533915154	0.356966196758873
-0.176839771814424	0.144663272043592
0.533401679118865	0.671209403982804
0.663599653142657	0.914901897708908
0.209850794760168	0.16341255471696
0.693570565234781	0.724694993327812
-0.432988742200936	0.364162687241966
0.0828490166456186	0.0645538027913875
0.404148705088333	0.501340215995483
0.621480124785661	0.764698246906596
0.893894098763576	1.34904191392725
-0.176099554819947	0.18642327878982
-0.67723283972271	0.928047290976061
0.225755653179056	0.27963027184017
-0.0571457937608374	0.0514760339307206
-0.0389647259191704	0.0352232293954112
-0.49298244590127	0.594173386048104
-0.766970966090645	0.910002448809907
0.100401002551815	0.0817251618793848
-0.26563900779288	0.194164201440782
-0.0345888874345719	0.0246869544626193
0.181334204038304	0.127634841216278
-0.0345093187010541	0.024629254832579
-0.24255958917826	0.211294124912185
0.485660303991074	0.487144168592243
0.399628567246371	0.325392173064836
-0.260515813735499	0.131513276350311
0.0586519576365139	0.0370490322594708
-0.802119306982737	0.848202576256546
0.0855047295225229	0.0466274822827962
-0.51400648327169	0.739172669576687
-0.774897760757521	1.10257545334267
0.343334806088858	0.388927362480555
0.0294731083754178	0.0248488196219731
0.363746712300088	0.532567366027472
-0.44410187089161	0.61398731876768
-0.242060030141802	0.268416444747886
0.400544634377637	0.400557827594007
-0.115182883461424	0.0955193122720323
-0.105549993316751	0.100430469663555
-0.0081408866142675	0.00267744478079309
0.0532112246039415	0.0432449200454582
-0.486789007919965	0.558582179925906
0.564301806732669	0.389492096573688
-0.539885908251933	0.680733867109215
0.0962501630798219	0.0963367622049464
0.0380982097345895	0.0355466122855264
-0.156812321729033	0.183700254663853
-0.175081549422777	0.175126282918183
-0.0229535503649975	0.0208428714644783
0.554531135758124	0.852051638123764
-0.354448115933237	0.430583933713081
-0.0566882771654024	0.051044893576472
0.359307622011453	0.501643440149379
0.775947694936845	1.50082039796552
-0.41498469465048	0.574553750562959
-0.00666372135291355	0.00566922820642873
0.509705878265842	0.726491845090848
-0.706959730036261	1.09232707651574
0.722809877030143	1.20787610445276
0.238088824154007	0.310660480772114
-0.52413726822999	0.874199164821638
-0.215341578215917	0.251629332656197
0.558805197362591	0.623949015927429
0.403983251112495	0.474320192221426
-0.395677619377101	0.361298242623514
-0.395547505230136	0.361127138517612
0.209718059055753	0.163296953410067
0.617658785731477	0.573718074229117
0.399523941949888	0.309549797669524
-1.3204787748606	1.32492339350812
-0.314897752349974	0.180460386792066
2.30616321681877	2.49355619612668
-0.212749763020469	0.172618826538707
-0.00836133478791172	0.0053885285890878
-0.449262698600981	0.406918205235097
0.396046476092211	0.226243653582569
-0.951510131474032	0.272461351367526
-1.47870072698841	1.64705484344262
-0.265766329160354	0.194282222886208
-0.747050919444729	0.697737592033022
-1.35077156441332	1.18217148426361
-0.351671673042719	0.276359714240994
-0.472061788963516	0.329033357464412
-0.449902085367847	0.282738693009958
-0.731865129243729	0.441106968732687
-0.146947812552076	0.130146676148514
0.72275419952561	1.20770761615965
-0.106234423486416	0.129609093024725
0.0453511611419463	0.0396835687753256
-0.672052811580945	0.9604355777347
-0.094413112054686	0.0955556770642198
0.165819413598535	0.16269840274074
-0.236790595690756	0.276216893722538
-0.0081408866142675	0.00267744478079309
-0.395496943936468	0.361059612850395
-0.417353621154024	0.504818410472432
0.852752358645311	0.546638913003178
0.403625024271718	0.526908563183064
-0.26030565738161	0.303309838324771
-0.0532248746105698	0.0569718723532056
-0.267812293396252	0.296266869418839
0.491244890881765	0.817443692992607
0.403905633950775	0.527560858996292
-0.372077925394169	0.429881330407828
-0.41340526484981	0.664683996041286
0.143133039166547	0.14867487685269
0.686840037617403	1.42348763809175
0.161978503879025	0.198574245366989
0.986457623976672	2.27865242217082
0.404463277937994	0.581916371876984
0.330251447586234	0.492793031079769
0.711248208055861	1.21251651640849
0.100233308605721	0.118504783248373
0.185955818647381	0.246872922041012
0.403708366970316	0.553850553365954
-0.175635850353202	0.185898478553556
0.213105535940262	0.210255969387601
0.169322641305518	0.143901702302527
-0.253147483103661	0.203475468702817
-0.00650575303563362	0.00362995040657906
0.803969087339051	0.712294492055823
-0.28518786639213	0.186434024764144
-0.48758268181141	0.372653481611746
0.0836835205557206	0.0560394240906711
0.048065854555806	0.0242465685272344
-0.981504005262713	0.891238633380212
-0.358574770830738	0.230008355533989
0.681125680716043	0.55046354075607
1.24666608089219	1.797521222313
1.24627527448334	1.14617763393206
-0.84751494297264	0.353113627072122
-0.391716070497778	0.191515317219743
-1.27055405837643	0.88524530962507
-0.00638929513398506	0.00356739098780242
-0.577220522818232	0.434414779982828
-0.783262890990625	0.879669854109761
-0.235224426170279	0.137909137164948
-0.389929969887617	0.276359669549728
0.0855710855814217	0.0466692685549772
0.399315522086269	0.340391559206396
-0.44972297108106	0.282664634540686
-0.422385450751323	0.236657506409627
-0.389823995955751	0.276239675249137
-0.361549650425451	0.501137983332188
0.0451827689639704	0.039529996381033
0.313479732883519	0.278559843050456
0.00925818527651289	0.00806205602934372
0.518425186446511	0.70461344497275
0.0726894064455493	0.0681798254948181
-0.115224521442314	0.095537884927399
-0.585126065279361	0.770293792370318
0.0855545410272143	0.0751981606270445
-0.822795896182648	1.02264040176664
-0.217321429867897	0.160988624983541
1.0563688923575	0.549638324540131
-0.585500672277313	0.6323007747433
0.279859334788314	0.296449809912637
-0.235488423181181	0.138083855479216
-0.311891213768537	0.361801737234383
-0.0686351932218726	0.0657651062567724
0.203976566512771	0.194419226287098
-0.804194108745097	1.04871968629698
-0.295191169941733	0.325787834771378
0.305145354235726	0.382938013794734
-0.586671993452529	0.978660848756693
-0.175821978431206	0.186143303197522
-0.377909244756814	0.502259083905532
-0.406120135644976	0.539036918955356
0.61566673287214	1.15140089056898
0.404164875601046	0.567991048852387
0.095975217519405	0.104567187948988
-0.0611449397301855	0.0621419471726673
-0.36708158059463	0.467037951291026
0.0962750983469697	0.0963641316442681
-0.126634145328077	0.120072367453973
-0.0570640409557239	0.0514013920022845
-0.0762214021321778	0.0683683234761931
0.082794322038412	0.0644985497262596
0.155633508638496	0.126771403535388
-0.173769055054967	0.117569809360543
0.399587112669457	0.309611469101884
-0.100532689740455	0.0534621458761021
-0.131364672957187	0.0902659196733509
-0.577026152697648	0.434341282550561
0.681134523924624	0.550455151752996
0.286419390851797	0.211652533237129
0.796564213761884	0.546476908211474
-1.35090235712844	1.18231625144187
0.52227981971219	0.423783646269679
0.116186636806352	0.0680532515196002
-0.119546843544292	0.0730678346020511
-0.104191034118389	0.0289508643830017
-0.95187692509697	0.272670624519378
-0.00479980150253003	0.00222543899707575
-0.579162162837228	0.267406238343768
-0.260264417486449	0.131354868014329
-0.173791021253973	0.117590988191062
-0.00467057234517247	0.00216620810420213
0.211857686193715	0.113839275081236
0.564152751246519	0.389471809180536
-1.14267486958419	1.02010078601796
0.606840474184464	0.368014046586871
-0.39014201100796	0.276459800734295
-0.939064223681972	0.734584867529678
-0.586170043509239	0.839918775290036
-0.83175676216144	1.3784066802243
-0.221985881697172	0.233738202657927
0.0532112246039415	0.0432449200454582
-0.175042237634199	0.204913045186462
-0.22680825954302	0.225463449638918
-0.197747567245034	0.208630420338077
-0.0653008275230453	0.0547565325109888
-0.49306297105748	0.594363084796221
-0.176562958746948	0.144418780197355
-0.80745382390601	1.4352231241301
-0.306025067886954	0.28307006560476
-0.0944527482792989	0.0658028264333126
0.671610898104777	0.334894991105506
0.558843882067651	0.624014786658492
-1.20388913933969	2.03636303256523
-1.06764935472228	1.02971956899807
0.268342000460667	0.343331257009076
0.259816155774404	0.248766429759128
-0.199644246462065	0.199062030861595
-0.414977834375541	0.574444932454095
-0.338187078761179	0.523306736459702
-0.112472463367529	0.11353484558521
0.534978564891922	0.91392691525335
0.0627940353673561	0.0624653624654543
-0.122064217759145	0.149155146265372
-0.0393071012350631	0.0355488603014972
-0.330896172359856	0.494441775653227
-0.137924253575166	0.168641759473534
0.404181408282966	0.501396406266984
-0.62112028002928	1.03597416530194
0.36878031343933	0.565956070512325
-0.175599902444554	0.18586033980756
-0.302500624918496	0.4027618678491
0.345954151668787	0.403189388726767
0.279708076135308	0.29622709588163
0.0634448915494444	0.0471976944942977
-0.281992037598339	0.243943071303887
-0.0628698544044172	0.0443650532359503
-0.094605844788756	0.0659202457636271
-0.285007010964892	0.186314582604357
-0.00664012457361048	0.00370465466943885
-0.449656806802103	0.282594576641388
-0.87719241026191	0.577211271023757
-0.791885092082105	0.630573386077958
-0.31487529078185	0.180469531977314
-0.18438336931455	0.0790808605857554
0.0855710855814217	0.0466692685549772
1.23125937766943	1.62832794850119
1.34288292649486	1.01472280325666
-0.0080238062082141	0.00263982899595744
-0.391716070497778	0.191515317219743
-0.260314528745779	0.131393590854783
-0.31487529078185	0.180469531977314
-0.938748401635106	0.733936477959649
-0.752524321040079	0.938727350182839
-0.449283940740763	0.282225212227045
-0.889729543678196	0.758074443440553
0.0859014915634962	0.0468510187878195
0.387686875825049	0.203780516144307
-0.358443927278773	0.229868386699299
-0.00490736533435351	0.00227272638136922
0.294628424596357	0.22910263100957
-0.107511520290171	0.0823040790182899
0.221796188177663	0.226164967209894
0.403928005664177	0.500937178527322
-0.0888533360280532	0.0741048731733318
0.058232547685445	0.0367785892532176
-0.351281819320573	0.467288127952674
0.204349597943752	0.194753410165114
-0.326417108711632	0.397307368147012
-0.105338178127862	0.100224251064405
0.0636220598264796	0.0473393763594907
-1.16130448481732	1.8993777736597
0.502404739105561	0.749569736711748
-0.801834027688405	0.848161563336183
0.688330625792353	0.90060329759425
1.3082516470813	0.797772341886517
-0.585213410356869	0.595470652024335
-0.174875404742267	0.164640960581505
2.04748541642585	1.45280064834541
-0.0762557328179277	0.0683848164120714
-0.022413768736346	0.0203413883834
0.0508184695708395	0.048982382220514
-0.0315100031478825	0.0321240411274379
0.0242888604769343	0.0219076181920745
0.449374394806368	0.712305146980321
-0.173039505818374	0.211898258941038
-0.0912465301256263	0.111141720443939
-0.35443200692997	0.430620563936841
-0.0463752188783642	0.0624499977238321
-0.0109565856239725	0.0127029923601067
-0.152866676485794	0.194691820334706
-0.383917563873705	0.595726323334416
0.0432549477167529	0.0466751795764647
-0.366970941409917	0.466884718765098
-0.218623219590703	0.24302738603107
0.152440597203621	0.163173872134381
-0.276807938502846	0.289878354503113
-0.100467257720182	0.107250610140166
-0.493122722481638	0.594467289389416
0.242134728696898	0.214794570355305
-0.719761430277388	0.767560566360836
-0.701870683447116	0.471060482975925
1.92301070858002	2.03867543852803
-0.224124897716049	0.149057494518758
-0.573227757311324	0.392266514424076
0.25077730949292	0.155295680303515
-0.391360018543522	0.191292687350545
-0.472108155766521	0.32911275292109
-0.701824725138337	0.470945497752617
-0.568404782301551	0.350035267727637
-0.00653322317101659	0.0036465042430468
0.387511878551028	0.203703880087379
-1.96398821246931	0.956159377765416
-1.27073852153077	0.885116853872745
-0.406260094312188	0.0911374164788629
-0.499053795932466	0.630363889177463
-0.22192881022533	0.233665062359115
-0.510594944841178	0.458210310992055
-0.358547931267162	0.229922404262648
-0.487635606562525	0.372739875622519
-0.577146638675989	0.434429840249087
0.128626494876668	0.0571126960744007
-0.0489147483452937	0.0266769411251259
-1.4018411223619	1.05067730412742
0.399821564801639	0.325507804559414
1.0442650852691	0.754232399790507
-0.107174688866769	0.0819874397352167
-0.395906978747621	0.502822932453417
-0.0943329934375734	0.0954650904639527
-0.174942580899865	0.174964491664794
-0.217431487334157	0.161103732800981
0.0629454319814963	0.0626215888946844
0.00962573233198232	0.00838047427716846
0.309013944713911	0.397901151587665
0.602704928888107	0.784164320189797
-0.11529490435299	0.0956123998465017
0.769159908787125	1.03941663549016
-0.492725919585363	0.593542541992576
0.163246560806056	0.108532388544128
-0.131061153506705	0.0900441324975503
0.387605725992851	0.203766496048981
-1.29908946058951	1.47212769755754
-0.0865079982728507	0.0825985053501873
-0.571963286722402	0.312637127021938
-0.444649201115495	0.511496716131726
0.273716455129048	0.280759853581901
-0.0521971488310635	0.0406075935015017
-0.156673248498391	0.183576848659657
0.144965078345489	0.168161297129531
-0.625752427750035	0.932730759438112
-0.253075793648569	0.309265551651589
-0.393837214986145	0.653306954132237
0.263718272537703	0.32870160270983
-0.138104047753527	0.168871737834392
-0.0248279232962906	0.0265727693437527
0.364317071217027	0.695290329673515
-0.468131342940305	0.779762092295152
0.152471238180968	0.19644782224523
-0.624321736380655	0.967646409812672
-0.361430733413621	0.501101834848205
-0.276373294941241	0.337371855519459
-0.754074766236623	1.16320769388809
0.644554491057189	0.746231734252583
0.0586357498318336	0.0370410439031488
-1.10674617921461	1.48377491935801
-0.131167945964282	0.0901320351584368
0.504486078480036	0.44921591754848
0.0835281520701357	0.055942087371443
-0.131212887277098	0.0901629643677175
0.681125680716043	0.55046354075607
0.564347534065063	0.38957052261631
-0.967913118768585	0.566880494409038
-1.00958459475678	0.719552722677059
-0.49998951212592	0.415758750629525
-0.7322707246791	0.441490978820015
0.403122432305779	0.139593949723423
-0.848034357080434	0.353432748047731
-0.848034357080434	0.353432748047731
-0.394672061539851	0.432410647373869
0.469552322961001	0.554794807117239
-0.479589428624205	0.522211638723048
-0.449462493686468	0.282465667764756
0.928880311944051	0.545314341145758
-0.0395089598661675	0.025056610537209
0.963584205771531	0.737122253083976
0.211887954999951	0.113856287486724
-0.314806633342869	0.180404619625564
-0.390196411371765	0.276477562321465
-0.351823286685247	0.276549016111137
0.462280208003463	0.5927522423896
0.301745205582826	0.368944022811332
0.00663196920360421	0.00615289551451047
0.75613216282211	0.877839246850872
0.225832235117803	0.279756544369646
-0.046166565546856	0.0470194445496152
0.301628545527054	0.368727536699728
-0.721122793812889	1.02864909465794
-0.699153881549241	0.833299690855803
-0.453610416833444	0.547900927439855
-0.246030716977743	0.314294420957459
-1.14893374072295	1.17278247571731
-0.00644961089764576	0.00360056110007621
-0.951510131474032	0.272461351367526
-0.433356843994012	0.364700151185672
-0.00740745585651611	0.00675020424796333
0.564234976882592	0.389578962842842
-0.233639790767684	0.218171731373356
0.273524100018039	0.28036834338232
-0.009249574254788	0.00666887211196535
-0.31183694709105	0.361850561910066
0.716779754500869	1.57431242484247
-0.13168036617658	0.132523668233495
-0.196471685872726	0.21875678040292
0.268226257385753	0.34309179392195
0.2422493111721	0.270610567102421
0.0330481282489045	0.0326982326716797
0.231465163460303	0.36258073387983
0.34830404526781	0.582052733014606
-0.053313778502857	0.0570700733716155
0.0315956411565696	0.0330929819767853
0.729900261082647	1.54690531595912
0.490976541764453	0.834774643212734
-0.0613324912487735	0.062346294497024
-0.139165755767818	0.163149112930825
0.100381766433452	0.0817086949296889
-0.325523002325715	0.3201322802917
0.399514768663897	0.370351123786471
-0.322222202454651	0.232070845187278
-0.10062225280412	0.0535115969827204
-0.449357536760179	0.282279719438215
-0.967182151182288	1.06812688940222
-0.224229156975004	0.149175752312636
1.46237997890767	1.92572118863645
-1.12691507044464	0.723963263011774
-0.322054918949587	0.231926205197877
-0.314966389985357	0.180495713336035
0.764486778123062	0.331447869942357
0.764486778123062	0.331447869942357
-0.516625938445608	0.17859542475739
-0.242608789023109	0.211337589707688
-1.92847644081048	2.41182335350481
-2.17340288200495	1.89512054816993
0.522385826382764	0.42384874536182
-0.235409159682121	0.13803600571538
1.04390489512587	0.753534877399522
-0.285164564145787	0.186407245785783
-0.413881644898003	0.320941666341767
-0.487688538815458	0.372809546750251
0.229030752446878	0.241042440290152
0.404384857789971	0.56833141801228
0.578972286014477	0.81184662504686
-0.471797401774211	0.485740741266775
-0.337830175412351	0.522582242398164
0.450222625164384	0.762152041296944
0.263353143672752	0.328217815006473
0.165282854950436	0.16206900161203
0.467237634577781	0.568097244846531
-0.174678657545413	0.164438551297452
0.53906851941367	0.659585201113635
0.58882881096088	0.592062025945406
0.181395759602857	0.12766670417979
-0.571618661584741	0.312525279780433
-0.967335025799368	1.06814663593799
0.34993002841165	0.430786251353331
-0.788473517099805	0.414356124603627
0.184822458202666	0.221616483990697
0.343152068891862	0.388571375758056
0.402375642399486	0.431015249449219
-0.667933514488476	0.994196877233352
-0.104027053315616	0.116560303044131
0.00644733729311369	0.00634913839060069
0.125272170376636	0.148699008109874
0.334189223673259	0.510595542014401
0.868991607833075	1.96057505137862
-0.471985125834568	0.837613553697946
0.207413281764706	0.296701702538616
-0.405915361015859	0.538622179182179
0.30171462823658	0.36889289121365
-0.248153601053265	0.260584934808828
0.263357864294766	0.328167955649791
-0.0611547218799204	0.0714099640684295
0.00646391245482613	0.00599654002824626
0.624219124679437	0.944812845291253
0.416489780535935	0.732449229364506
-0.801854317333041	0.848211428219714
0.73570428435972	0.88209857524078
-0.00735070809584792	0.00579255925958825
0.39947267127484	0.340626777725325
-1.63522972023997	1.39563734551123
0.294493275885593	0.228958486189497
0.276528860013888	0.193418045680985
-0.933951300730711	0.913979811896187
-0.487820095488423	0.372935503474609
2.4522800111156	1.30195468533053
-0.848034357080434	0.353432748047731
-0.729946760253357	0.998165670619008
-0.414026562963196	0.32117309809927
-0.075798222718319	0.047215301015411
0.116293465720791	0.0681174351116925
0.399820296255417	0.309756209790217
-0.577026152697648	0.434341282550561
0.221533088559734	0.180579541509493
0.30760571259343	0.262122423899814
-0.669243401189287	1.3098138603265
0.814857172208924	1.34321211410726
0.642669486836479	0.929802999234142
-0.960724897476587	1.69927929694148
0.00696358709265458	0.00645879545159754
0.25300719373546	0.298881298762228
-0.549113430883891	0.788395455006119
0.155760288461938	0.126904387284416
-0.226590820892739	0.225223575245894
0.533429729848787	0.671172593690764
0.183706038071285	0.192037956351001
0.14050139907771	0.109464650606906
-0.486692461139842	0.558454518588675
0.606746759712527	0.367950501034703
0.0828663489346762	0.0645616161220118
1.18604520191654	2.08220672885799
-2.19204389700935	1.20980571411017
0.259618594982842	0.248574134180328
0.221519152235565	0.225898348575786
0.100401002551815	0.0817251618793848
-0.31173897881743	0.361768491707138
-0.539917408298563	0.680731869194327
0.192066697944407	0.206941597101984
-1.03801347409839	1.64485600841902
-0.58531454464234	0.667548850071961
-0.0392091336658662	0.0354586805284592
-0.631684562577292	0.830099179731866
-0.221904243274035	0.233626217050435
0.0295155839729116	0.0248839070033699
-0.207494907102347	0.181908604993534
-0.469110899080127	0.620926259645928
-0.434916199726706	0.475155089164109
-0.683088720270392	0.89583190450586
0.551432410600719	0.635640742496877
0.204059549663066	0.194563735696087
-0.175108986904329	0.20506699158134
-0.583861266356692	0.55676706091992
-0.629273142753579	0.863837448394153
0.251289501872468	0.231824361233566
0.403004019130799	0.445745493762929
-0.00937092424078824	0.00675345521752564
-0.298926540829573	0.237755093879406
-0.992469372949789	1.21869653416016
-0.376230236795951	0.319928965342465
-1.35067946693909	1.18202418964724
-0.167830351359906	0.0869843248816228
-0.579047233084989	0.267435837190726
-0.174710252063691	0.164468069267677
-0.824445769448729	0.816162823466288
-0.394782515785721	0.432532782624878
-0.149595087066623	0.141358768356167
-0.131569174549006	0.132392235109927
-0.267736681367833	0.341980327113572
0.0628374735830076	0.0625050057987728
0.207735271629548	0.297284869565948
-1.02584042561967	1.50556303897535
0.0123639127209669	0.010019226799871
-0.175171671930053	0.205147345292692
0.135837589524553	0.153141370600473
-0.308177070129208	0.321794019214891
0.453958036417853	0.642483069469498
0.0853053311885591	0.074970674167515
0.200990077565188	0.280809892120557
-0.0439997892623754	0.0370735765516179
-0.0517645060674885	0.0497598143252555
-0.0886779845789675	0.0739414052510847
-0.267770060837712	0.342052972762775
0.143027538686027	0.148534426920484
-0.260594489203997	0.131559221193867
0.074619509035173	0.0765632205703351
-0.196731484080001	0.219119668039606
-0.00648246208559319	0.00361788921927842
-0.536349251177368	0.644108088744376
-0.231814806006493	0.283663369130838
-0.258617747255574	0.344217736513396
-0.176778715235629	0.144626581090465
-0.449288065965024	0.406959234228193
-0.28208212655839	0.243979992055534
-0.634910116659089	0.797204722600917
0.209651667780121	0.163230716138265
0.163691111572332	0.108867087785117
0.898346864870289	0.72334506195932
0.399624374491165	0.325372109335796
0.0834831467970995	0.0559063479499675
0.97269647476718	1.05424512838239
-0.0394638266369213	0.0250273580585416
-0.17389514636938	0.117661309424927
-0.22428211378869	0.149219672599838
-0.256524661915705	0.254144741969674
0.301404616266885	0.245675525790736
0.279764841337101	0.296334548288999
-0.175897104029064	0.186209031466554
-0.49030284016376	0.762081956404625
0.19195544378634	0.20684674445959
0.0437560173977165	0.0472231021967966
-0.0460962622448245	0.0469415009495891
0.0990354236599758	0.090246144112934
-0.342570455903617	0.356371015038508
-0.500183219270712	0.41601862452228
-0.171733333748742	0.102903938585626
-0.576965922644856	0.434268315425558
-0.653342859221575	0.659805941212877
-0.579085619235567	0.475083606385818
-0.461811426299688	0.447252490197093
-0.648612547423549	0.696504326824653
-0.298660880741135	0.237436571601599
-0.17669593160616	0.144545928734321
0.337179240390479	0.359303420955358
0.221687628422128	0.226082667494462
0.403732655032893	0.513829256686413
-0.256209831033924	0.253809244555574
0.532144323741115	0.9281304203208
0.0992038838544563	0.0904117395589221
-0.339994586197633	0.433042181863359
0.106728188563048	0.110147382353536
0.404156872168011	0.501354789228089
-0.417599332732807	0.693967839938579
0.0379565952655507	0.0354108597473616
0.18462205058038	0.221290939660277
-0.0393395613688768	0.0355793966952827
-0.366749651907951	0.466475907608614
0.169330500403797	0.192042130639662
0.54119662501942	0.88665070616338
-0.149720956886935	0.141460978492714
-0.184485633764555	0.0790929662935038
-0.381204177209921	0.395564612340285
0.0533982932933146	0.0434033132464598
1.61912187749469	1.6679035076017
0.0744417022946107	0.0763835152707179
0.413132182650697	0.69619235365139
0.152320488041607	0.196223703907519
1.33768916382049	2.51131857935382
-0.174829739536516	0.164600448262156
0.279659302240486	0.296208724784815
-0.643555692254839	0.731009070221673
0.273788969921264	0.280868279471652
0.251312698426048	0.23184644718208
-0.256417530012017	0.254056879034614
-0.32631896973014	0.280039079735488
0.100223308935728	0.0815607417230417
0.399188015688921	0.355230020920794
-1.14910361208765	1.1726323137217
0.481390677174348	0.500449676732147
-0.585667422444903	0.632296972337065
-0.0888190521081299	0.0740758957915267
-0.0242592659943498	0.0205405727490174
0.293640953080681	0.339595587403777
-0.366940591137772	0.466803095130694
0.492799902032362	0.802632091706649
0.00945394813080562	0.00823294466715451
-0.411088498523833	0.40033945906451
0.0534707766400014	0.043459775606092
0.328953895016446	0.327607658956707
-0.0523051532215796	0.0406952569687598
-0.889776252660043	0.758163932303549
-1.06291871862347	1.49355895600663
-0.471769125742699	0.485698272084757
-0.585003763734049	0.59524216238365
0.251042235407855	0.231448613527247
0.401443653944012	0.415861663424975
0.57920157477183	0.812374872255608
0.143158014944765	0.148704577155776
0.1117547769933	0.105435469872121
0.734258361239345	1.36088033767395
-0.00710249722639413	0.00688135904777308
0.095975217519405	0.104567187948988
0.401374170377503	0.415728516627119
-0.146985915787209	0.13017841844518
-0.149406380496742	0.1410767852657
-0.340408258940519	0.394078138005754
-0.175670992754199	0.154780868350666
0.572454632972461	0.822112644561399
-0.076449714011318	0.0685790441515398
-0.0626968733749649	0.0442364556382022
-1.32931437217088	0.732704638322614
0.0595008909217337	0.0539384965943518
0.403754827761032	0.4738876556336
-0.00477832280722481	0.00221735527016294
0.404426709031731	0.501612855045165
0.214115096183783	0.285585814769602
-0.377684939216196	0.501753922271963
0.053364007302194	0.0433753765697563
-0.199689904791787	0.199108894023683
-0.444926603752745	0.511719113207035
-0.281883418650781	0.243781646030914
0.56563157998285	0.830794263697623
0.0120457330582555	0.00976773598503202
0.708969654385397	1.05709371827623
-0.051992312485795	0.0404361463788963
-0.434916199726706	0.475155089164109
0.175230290698864	0.17759799864244
-0.835330968548915	1.18664487565667
0.253198200531901	0.299175652770597
-0.0976932838412849	0.0872738305121853
0.0454425079024274	0.039764402607838
-0.233468390072115	0.218070318737324
0.343257699601651	0.388827781009869
0.0345724338131598	0.0269316463838555
0.294714603155384	0.229169576232703
-0.147024019170682	0.130205617790846
0.193881990188633	0.178263634417446
0.193630253930396	0.178012428858886
-0.0949523698945039	0.0661359115668227
-0.21273548572434	0.172570419131441
-0.583927538641918	0.556805686781995
0.196636680755958	0.145858043549155
0.28637280327732	0.211551506763949
-0.282273703440341	0.244259195374869
0.979722222024121	1.52143910337873
-0.0211404422102038	0.0204293669568195
0.55414335551266	0.850819605174175
-0.475618833736628	0.657080735084363
-0.394571496453047	0.432250949907689
-0.0650487922182449	0.0545295053475817
-0.131407719121047	0.13220306898475
-0.417819729235602	0.505659225344247
-0.0943882760027056	0.0955255979595272
0.279522272535526	0.295968925739702
-0.0436276113339775	0.0367607053005678
-0.00701561457885218	0.00596601702120203
-0.721365146879675	1.02892658963358
-0.358158494513973	0.393308987013016
-1.27047713945773	0.885153560442061
-1.07218928277243	1.63277203131345
1.00770572708758	1.83184251399468
0.0452021776746447	0.0461332348448803
-0.444614166290187	0.511176931374633
-0.348166654079131	0.32017465387777
-0.745360406214862	1.1945095407654
-0.536647806621522	0.645404768528972
-0.62912196994728	0.863484409116004
0.130714454527688	0.115316073395043
-0.25998456181826	0.302864601816701
-0.267838935760296	0.342112317760195
-0.0244876174601765	0.0207353784659303
-0.461759306630993	0.584090713802376
0.403007725212865	0.445711989988689
-0.0977106383191684	0.087300551416192
-0.384688323149537	0.466328451037307
0.934542410085372	1.65613749463149
0.523214596925292	0.693565023042337
-0.0680409403327673	0.0651828243605152
0.472188135146319	0.541613254060506
-0.767037786107609	0.91012511760372
0.0532993667816075	0.0433153163260087
-0.351823286685247	0.276549016111137
0.140233724667506	0.109227025155213
-0.0344297538460939	0.0245700520275098
-0.265593879861676	0.194154362331262
-0.585456703227053	0.632122582614604
0.399451829307227	0.32519272591537
-0.326362456745002	0.280049005844794
0.328846557451027	0.327658253771292
0.513918936043615	0.715404703381809
0.586470334591373	0.802981557980568
-0.586431677412386	0.84089002708491
-0.202742573607966	0.190158888021791
-0.326422493980551	0.397343660741689
-0.0569742313508501	0.0513213132928931
0.297975993973338	0.354607096932424
-0.634937632693789	0.796987020361434
-0.504319587785514	0.666181059070729
-0.342788027165726	0.356872805307476
0.0345490251439815	0.0269135445374249
-0.0761614807198172	0.0683050632868627
0.0294840591786745	0.0248557481203938
-1.35610128709322	0.474818712797072
-0.326036879449403	0.279740891935281
-0.174724325068743	0.164492937232414
0.250750575245472	0.155274432661127
0.106710249066985	0.110126333778417
0.152108443947674	0.162785384215366
0.183640687081637	0.191947257779999
0.402399271753237	0.430996468786107
0.688462957213679	0.900763888107924
-0.0763897901852499	0.068528881057559
-0.414951875603698	0.574446968177758
1.28316559127823	2.30564168402983
-0.126454218286198	0.119906309511176
-0.843926576391227	0.995612510243009
0.497156077798762	0.461611415336602
0.401555696586077	0.41593602536478
0.0988355426280812	0.0900253388416385
-0.207562534174593	0.181956462415398
0.403674912633482	0.5537420152317
0.100538198463368	0.0818363604091865
-0.284698728622953	0.330755103499827
0.456024264211886	0.630352799221036
0.353597311643319	0.458489814259025
0.140226428557313	0.109186233579854
-0.0344587378778064	0.0245926932621144
0.328916746671993	0.327699391224416
0.472443732336185	0.541963076787438
0.0835731081677099	0.0559734851877994
-0.00829232854863562	0.00534469134583311
-0.0523129427406768	0.0406762137624349
-0.732456747912548	0.732792532136851
-0.351716490844944	0.276394683687427
-0.100241010543981	0.0532695040277905
-0.0889297331668783	0.0741733520717063
-0.648482468014062	0.696409457912416
0.209723800335686	0.163263503852314
0.49296448958385	0.803119545078957
0.126568809285461	0.13864153321662
-0.0212808110454419	0.0205669693759621
-0.540005511926948	0.680897322340208
-0.685318510564516	1.22180441458342
-0.100217591525887	0.106932428080656
-0.69904188109271	0.832994107674655
0.22923538544335	0.241254916757691
-0.174938563954338	0.164705117654176
-0.167792228123067	0.0869736387408147
-0.175470646408641	0.154628854370664
0.0381732229963068	0.0356155247996188
0.116475015422518	0.0682251413948048
0.183966572906623	0.192339124585568
0.045379718144187	0.0397100745229556
-0.135727496153122	0.144335566876
-0.1748123780092	0.174774677972939
-0.043947322582683	0.0370332430138833
-1.24530220282029	2.1760674273214
0.353492307486612	0.458328368029231
0.293763032501035	0.33977745322779
-0.444712405776508	0.511575587170402
0.28484867457986	0.310934046369429
-0.740185950554856	0.96813261502577
0.402260589647381	0.430893304567739
-1.44520734614662	2.49994906087909
0.318714659375747	0.29479091801076
0.13058054851948	0.115213514241623
-0.211214936703224	0.258463988782296
-0.028355490602975	0.0222085209331051
0.558815938991408	0.624038806687984
-0.155111391185987	0.164610417674152
-0.394709980988199	0.432465848606843
-0.354077835582412	0.429936377967554
-0.928047090374476	1.25770753311464
-1.06767495064489	1.0295945475418
-0.686605034259842	0.508064277585327
0.232019050016521	0.197436555302703
0.399460747825954	0.309473285617717
0.894141863906521	1.34989624558195
-0.0389329278301597	0.0351892204109378
0.193565612486292	0.177934411040081
-1.35579670478113	0.474613983393002
-0.510309195260785	0.457876678530313
-0.300561707133443	0.366481376427802
1.11228098205664	0.937128664631718
0.219353943173413	0.264459832484562
-0.0610699102691965	0.0620534696705385
-0.0683576977626435	0.0655002076335516
0.084982866931897	0.0823987990477309
-0.513680378710632	0.738246477962754
0.652861477354274	0.922444548818152
0.513756114727551	0.715030884480604
0.00642852117492869	0.00596359221650164
0.236011937407152	0.256043725306753
0.404295860483919	0.5015245530186
0.0742615124227163	0.0761790792147011
-0.325176898366879	0.358021655597059
-0.199415938610944	0.198767102506347
0.594439216786934	0.79371106670397
-0.105640148961276	0.10053073797012
-0.105377877179936	0.123364515480001
-0.52071708103428	0.809150099070116
0.639657485751581	1.1052412139944
-0.326608348604731	0.397581460541667
-0.804234923934608	1.04871368645022
-0.674871628706367	0.5457500837636
0.104983037818287	0.0742023474051644
0.0453939854677578	0.0397206822343797
0.116414071685535	0.0987577253160608
-0.381179267884136	0.395505473460091
0.143405385824145	0.131310914386383
0.0991866435845194	0.0903872421141891
0.112156498621177	0.105788456593318
-0.402525268399482	0.602878804798693
-0.259082050471626	0.34507160491231
-0.542871485347094	0.715948626985675
-0.105591034206277	0.100489224273034
-0.752795388627605	0.939411626944587
0.40223404303394	0.430818061357312
-0.00866762541139504	0.00285038216826518
-0.510594944841178	0.458210310992055
0.199096790848694	0.251687454583503
1.2460805514049	1.14608745729724
-0.358330287477982	0.393609040515594
1.15991451328633	2.83592833434913
0.17500143341894	0.177332559550104
-0.138559740498381	0.155072235798437
-0.585185041374078	0.736267612094312
-0.267381169600918	0.295759114038977
-0.753960914506725	1.16293670207812
0.143138586124166	0.148673318665684
-0.25976313127085	0.302464399264055
-0.342998561400534	0.357074315961571
0.458059074628172	0.61792655383366
-0.00736011845395506	0.0071303612245974
-0.67691011631963	0.927222979526914
0.70902680343275	1.05666569893066
0.952587426391913	1.51323271011015
0.355574337919814	0.472809124787294
0.18377111041954	0.192128500743636
-0.340587399791726	0.394297154047752
-0.0516399717258896	0.0496444280724844
-0.861845324953867	1.32432473103381
-0.135698291473077	0.144284025459807
-0.00667176538127362	0.00567616652664009
-0.372077410535084	0.429886034936529
0.415295841379095	0.715461758944122
-0.104096920881801	0.11663764499939
0.206382047942868	0.235559394839297
-0.290442444398743	0.370774786215841
-1.27709156124782	2.45522508464796
-0.253115777578722	0.30933684317061
-0.0227060371672751	0.0206168089034055
-0.514092072876961	0.73929061563559
-0.175609421594416	0.154771587787975
1.34289595232922	1.01499095487319
-0.340604032825573	0.394395789251074
0.177245679861616	0.206718673603257
0.0856242796901098	0.046691435653039
-0.0390787357740887	0.0353299399557543
-0.175791501112775	0.186104478268905
0.23811614726909	0.310772368068262
-0.265635006259592	0.194195863617721
0.123573244183589	0.0918161057288017
0.879366479002537	1.19249199437848
1.38059858839521	2.04342207785328
-0.86830047519012	0.967771091298143
-0.174021328040406	0.117736141408568
-0.868234459093518	0.967651830842549
-0.510242839899485	0.45774960195129
0.0187715530771906	0.0126276058363768
0.674805594207096	0.730887963821288
0.30169097175924	0.245943654019202
0.874757540055081	0.879556465011343
0.196764133871733	0.145916373973634
-0.075907813506897	0.0472827433707429
-0.176778715235629	0.144626581090465
-0.0523051532215796	0.0406952569687598
0.144913070724908	0.168093649547347
-0.121718945086509	0.148689790884879
-0.42740211751195	0.541737319658924
-0.451084647194961	0.649842956483817
-0.207539309879301	0.181943453161897
0.259659861296111	0.248612026142036
-0.0283112998595426	0.0221723132596639
0.178548498403995	0.230979449184237
0.34575765720381	0.403057660719042
0.956055118653698	0.344844233810228
0.624235344455376	0.944894701981758
-0.326087521802737	0.279814883000894
-0.422213357816896	0.236552089895206
0.22136493649787	0.225690832962821
-0.586523466690122	0.84110075552026
-0.32655833480628	0.397547440051458
0.0635171051824144	0.0472608639214946
0.546922656612606	0.399586220370006
-0.22446989148558	0.149358942874387
-0.00809939031868154	0.00522075899483485
-0.0486913346345501	0.0265458208867492
-0.100435448908401	0.053405283159304
0.0857959848849942	0.0467930000380248
-0.314951765219021	0.180492172724413
-0.171831111220029	0.102975093490661
-0.746965674104659	0.697538837656829
-0.889752898331209	0.758159798405766
-0.686972146703775	0.50843016111244
-1.40186565980495	1.48444853822536
-0.224230772830144	0.149180058323105
0.0789767334941297	0.0881394844968397
0.0558470359765653	0.0621114865868397
-1.16099590752205	1.76134789416241
-0.00736575278263241	0.00671321169294934
-0.277339811379458	0.426420507092426
-0.80426520685343	1.04885436118068
-0.260089782095195	0.303034359261326
-0.0521951787542167	0.0406102894501169
-0.0301418147586372	0.0336836447099605
-0.461811426299688	0.447252490197093
-0.968152752066219	0.567121503023109
0.212951088630957	0.210025082694971
-0.0391196577717696	0.0353769461710146
-0.167822568183777	0.0869921519796813
-0.585980991530066	0.805850260916341
-0.221790084388761	0.233466202185513
-0.0394940359631929	0.0357118092379095
-0.876296863156069	1.13851610491653
2.16185320286086	3.64055206166743
-0.901720527672285	1.11415717421758
0.181313675255168	0.127612911033939
0.481562180726319	0.500674926481312
0.307554980989846	0.262076954344765
-0.391716070497778	0.191515317219743
-0.653490472213406	0.659705982328076
-0.500162625347248	0.415988532677424
-0.500076440477735	0.41585911257642
-0.571618661584741	0.312525279780433
-0.25306100751911	0.203389159680727
-0.288983468204938	0.285188820258721
-0.0920792202965407	0.116391771234484
-0.0344877163074795	0.0246144600334162
-0.00699934166993046	0.00551797996935152
-0.524997936294995	0.537618926745359
0.261823273637945	0.377963939804023
1.02970336466294	1.98920709505738
1.15037020306817	0.774437355317741
-0.729842279701032	0.998122387966076
-0.0230953240217225	0.0209694932285716
0.681004567437001	0.550334672525007
0.337148228003322	0.359238697380424
-0.30015543017405	0.365698304471234
0.191874739791557	0.206749851138633
-0.224391233949113	0.149292990518483
-1.55998799681911	2.11419487784766
-0.0760095348319967	0.0473545458793008
0.294345367414453	0.228800712823426
1.11238584210836	0.937417194792886
0.396241213616493	0.226364630623662
-0.004734629875064	0.00219203233905171
0.803969087339051	0.712294492055823
-0.327335889648938	0.129624283363844
-0.719783171427679	0.767608928160328
-0.994159209293078	1.52012022788256
0.0331606742020252	0.032812054299247
-0.533088663732344	0.609865892104619
-0.202604541582525	0.190016499902179
-0.533172318691975	0.609940114827739
-0.524566092454473	1.04790768454474
-0.115339188234697	0.0956423730906947
-0.171770631410099	0.102932060208856
0.401397322050388	0.415786599516521
-0.120785404689069	0.107410694470887
0.234194106334154	0.135535242488063
0.251291499999335	0.231806637301111
-0.131499292714194	0.132314261809618
-0.11220631565997	0.113229011327783
0.181202725055322	0.127515719434237
0.105055605952229	0.074241544084362
-0.00656605805463023	0.00366311165284494
0.264648760685908	0.174502860332008
1.02257212127383	1.06706916732697
0.546830196927245	0.399558804431895
-0.212699182290585	0.172574668852142
-0.877107195262802	0.577129826927392
-0.1738760053631	0.117653995479651
-1.08432147431859	1.18422470011317
-0.966983272571817	1.06769601839155
-0.643609768910761	0.73083860712828
0.0990323904845145	0.0902285110102868
-0.417387155318781	0.505004019033958
-0.543108015768885	0.716210185419175
0.259751258126127	0.248733355538065
0.348195147303013	0.41733755820783
-0.199829774486134	0.199255278166148
0.898256993301542	0.723151630240779
-0.242268135554282	0.268672543711885
0.496919565780556	0.775086220487536
1.15002045869346	0.774163935987156
-0.553154369795609	0.858834871428718
0.0435404163984423	0.0469997855048074
0.191938766422875	0.20681817359185
1.05105608953666	1.38972389235771
0.475132018056079	0.528234861631125
-0.434767479328766	0.474842074145768
-0.782894227043901	0.878627268936396
0.259615626927427	0.248559002030518
0.504441039030717	0.449212629872115
0.0533561944632257	0.0433674909739691
0.0294557613628225	0.0248347629366853
0.0424974893050128	0.0301091864483066
-0.395786165129952	0.361415463128628
0.399212954997496	0.293273871802001
1.02254337690942	1.06672432955016
-0.212641220671436	0.172507136132818
0.100449389523839	0.0817644026470462
-0.41745214724801	0.505171498212945
-0.729703329655892	0.997667614049108
-0.149472299433566	0.141228665702496
-0.861708414438184	1.32375416537172
-0.517536001761942	0.773954954179974
0.340507077958451	0.374375608343796
0.450042270841925	0.777618239231484
-0.819349349483278	1.21263170389494
-0.576845488527271	0.434058239785141
0.472298791501047	0.541817903287374
0.191541042892657	0.206329563553605
0.779739037568462	0.876160446607397
-0.622727960803015	1.00177926260217
0.169297808758291	0.192009599540351
-0.481212819273073	0.692252624188787
0.123052062347594	0.120003137790732
-0.518738876733916	0.498713230147624
0.481739224277374	0.500585542565954
0.551503754697752	0.635830807293453
0.787800407997946	1.03573337317177
-0.115094293064442	0.0954358286865191
-0.00927182617668122	0.00668292009058155
-0.583555754871982	0.556354570462918
0.221576671613479	0.180599785708879
-0.933970131292149	0.913864241707956
-0.933992156297381	0.914003033691674
-0.00842328172380098	0.00542826232287636
-0.634765051786226	0.796831032986354
-0.144514755084719	0.119091478732699
-0.732370122386928	0.732781392165239
0.221610508307275	0.22600656647651
0.174976893244232	0.177307611227594
-0.27607640071589	0.337038037100742
-0.585891540377608	0.805720879802647
-0.0391362231955396	0.0353897391595123
-0.156642769529842	0.175046771234337
-0.490337638145864	0.762047682498609
-0.175568237900725	0.154717510787486
-0.0538521457297568	0.0576300697260412
-0.115250615190203	0.0955787615016026
0.0294274339524196	0.0248092656038774
-0.672028123727971	0.960424234314509
-0.259829520656963	0.302501738972917
-0.87654642447397	1.13832492411033
0.584705454785635	0.379865393865165
0.0854564311665763	0.0750919318825061
0.111897906438167	0.10552796217682
0.399591436244457	0.245265409014508
-0.773382148436987	1.33063737875964
0.176955799018336	0.206381409037883
-0.175660872341531	0.185939967151268
-0.699177201970349	0.833387554632983
0.267055983066231	0.264864361685165
0.301297865831752	0.245555667614674
0.560061346414521	0.841842937105727
-0.731965786857973	0.732716523926003
-0.26563900779288	0.194164201440782
0.328979571791332	0.327736970181647
-0.0082716539685023	0.00533164399155396
0.141893696140023	0.0887394988710327
0.286564730838304	0.211747741312556
-0.783190742077624	0.879521667621264
0.155677511208957	0.126835633363224
-0.583423356874924	0.556069486240094
-0.224362360916797	0.149289333907045
-0.173939041290908	0.117697673411669
0.602081413049164	0.582580287234622
-0.0946723481437169	0.0659674111876354
0.81486548045745	1.34318952083391
-0.276719729734128	0.289771148219468
0.0789816709453333	0.0881560495276887
-0.241948861760966	0.268238801992402
-0.345979752794948	0.498760751083015
-0.366680178079534	0.466332427396542
-0.202715071858125	0.190129770266676
0.116909232467633	0.124334851772851
0.0137583880229101	0.0102460221692908
-0.212641220671436	0.172507136132818
-0.260565205418295	0.131526093259204
0.196529873557019	0.145764896324745
0.0201808987799628	0.0193423075891588
-0.572081720825697	0.312696224610726
0.13366277494071	0.13461792782611
-0.456982792145228	0.684468266574121
0.273291633108363	0.358785671565709
-0.152191552986995	0.193718398206885
0.0852314581723287	0.0749003376897032
0.457884166787587	0.617732618767793
-0.358375940685143	0.393659572065618
0.450350970624809	0.682707073454428
-0.226636487062588	0.225277136568276
0.451355010208965	0.668948930982965
0.350023522489079	0.431003270683388
0.79869525656253	1.34347060348506
0.551281698862241	0.635280858035081
-0.00727450226886992	0.0057324589451108
-0.504295001256056	0.666132935996295
-0.852519190369605	0.785826602283405
-0.0489147483452937	0.0266769411251259
-0.665333151511035	0.583421581205999
-0.701931635787829	0.4711048335323
0.399085307374028	0.261049706921744
-0.139605927636592	0.105807323771808
1.21231527031093	0.971317789997125
0.485957012718353	0.487185238871898
-0.0390871853542888	0.0353462585907051
0.0453230599074292	0.0462592268017793
-0.0763269980243038	0.0684665831718505
-0.175950963114103	0.1962606336702
0.209579370766367	0.163114805205098
0.485862746840988	0.487226488043661
-0.788343745757691	0.414362328106443
-0.585003763734049	0.59524216238365
-0.13572951715636	0.144342002710672
-0.00467057234517247	0.00216620810420213
-0.0772271049822266	0.0782632596114736
-0.0571212342160831	0.0514520466797348
-0.53995986513287	0.68085756409873
-0.829015612481209	1.57250892870382
0.400622053549678	0.400610756240387
-0.354498288395366	0.430736912152162
-0.424190306256641	0.438526062870014
0.205985282479656	0.235034767039598
0.00678659036534129	0.0062958448157853
0.347860648705299	0.416825452290489
0.0960295963109103	0.104607206856853
-0.121796117738131	0.142701762820584
0.0378315522945833	0.0352844752219455
-0.0771300359373887	0.0782137633039235
-0.653408914392345	0.659917412289735
-0.52965289047421	0.574620066586727
0.181375246212359	0.127661746302116
-0.167754090883061	0.0869546539632337
-0.176606956544091	0.14445349197606
-1.10654092444152	1.48383585102106
-0.233365508912849	0.21794778651772
-0.0361787592103979	0.0348776781607862
-0.529650728438621	0.574627103089005
-0.156578417502711	0.18344576160467
-0.444512221084531	0.511272407967683
-0.175447166559439	0.205470638128829
-0.406926974924227	0.469110836246207
-0.39601799556521	0.503023281416689
-1.03239322601661	1.94462510263357
-0.308201737308947	0.321835259765536
0.00952761687051697	0.00829734759888627
-0.0210912684835961	0.0203809821564451
0.403546656141773	0.460119829657513
-2.54164604234959	1.70690389932735
0.538858436504948	0.659387758892592
0.89383328913907	1.64588895467486
-0.167754090883061	0.0869546539632337
0.494819913218733	0.788895418951268
0.0571708079759342	0.0601614690039739
0.696947348458233	1.062202777348
-0.12100630383918	0.107646213456083
-0.804373979412405	1.04908204867518
-0.00919990703686762	0.0066317335979785
0.011931992224381	0.00967351649279068
-0.721154249401707	1.02858752348184
-0.492831348731274	0.593901282888923
0.333292269589397	0.343649485382938
-0.5363675203905	0.644819376064822
-0.24273160598259	0.211481975851265
0.193851598282084	0.178255865388453
-0.342967571661771	0.357114401349911
-0.586523466690122	0.84110075552026
-1.02584430184014	1.50576678662474
-0.285126430506646	0.331565959276503
-0.120974975186032	0.107597823753133
-0.449176245772296	0.406813013467982
-0.237015413739753	0.276615872733681
-0.233434099808328	0.218034641630343
-0.510375567212001	0.457986246773188
0.400583339660916	0.400591276807683
0.0858621005018137	0.0468183988396299
-1.14262392140449	1.02071657436321
0.399441971661973	0.355490654910735
0.123544444385558	0.0917999591205901
-0.471702145912028	0.485562036075767
-0.63159325181956	0.829895501589517
0.675449199485221	0.907841079304388
-1.00863759489388	1.66015213336808
0.154902976382239	0.146913238100587
1.25137745548464	2.44123324727273
-0.024536301818889	0.0207784479264173
-0.197894348914175	0.208926816132965
0.403145290784748	0.445942121434028
-0.41765618144294	0.505450393171804
-0.226976742722426	0.225596702198257
-0.174967183374371	0.174998612242214
0.267010468467694	0.264822132400278
0.398774442714311	0.277029786852801
-0.584887408118113	0.701458314587634
0.0662560317798137	0.0758438859771151
-0.171733333748742	0.102903938585626
0.462435989274251	0.593263558100248
0.0328306352809119	0.032473138806976
0.191838668625506	0.206737848278695
-0.427506851664774	0.542004691467792
-0.529424487533922	0.573963861947576
-0.752709666974632	0.939435683182701
0.0634066163191769	0.0471713633851058
0.100401002551815	0.0817251618793848
-0.585086524184014	0.701967708222198
1.10682198016813	1.72438980239969
-0.256244453877345	0.253864915906049
-0.499061138924666	0.630237359026666
0.0137144493684801	0.0102132074711851
0.0344813043356423	0.0268600874900589
-0.369905167762216	0.533268148261096
-0.927979328009697	1.25775136112317
-0.175833108269562	0.131821585800904
-0.342833026908672	0.356959255150323
-0.0488491633688526	0.0266379092504318
-0.298972855797397	0.237791115055507
-0.176767850527243	0.144609313402564
0.399536556733379	0.370350844343537
0.232201394657515	0.197651808534188
0.813230119155242	1.19196679927594
0.0120490337915763	0.0097706071486734
0.594393511854422	0.793621264488711
-0.414912120131756	0.574423446348674
0.0121907900701533	0.00988468068397168
-0.155000684855368	0.164469113708003
0.289859614669304	0.326093721367447
-0.525175044627346	0.537828122810874
0.0854598301205954	0.0751166846599072
-0.682984821084871	0.895511887948319
0.0700718511442505	0.0592851315949214
-0.0343069901611072	0.0244789570612837
-0.115367699867413	0.0956573451025996
-0.326837650560881	0.434954484491749
-0.664068338921811	1.02795214561066
-0.260264417486449	0.131354868014329
0.1117547769933	0.105435469872121
-0.152550172068022	0.15305875980224
-1.40181101048739	1.48405261782639
0.00932377329033528	0.00811928768357877
-0.627485462177111	0.898251849674851
-0.719840930681145	0.767629011155119
0.403860394437649	0.474136558166987
-0.0682631203915452	0.0654100828977317
0.242062578817228	0.270432947798741
0.401576977651989	0.415926487589991
-0.218326513820528	0.242606596592444
-0.444526279645571	0.511288627104385
-0.226545153534921	0.225165230690337
-0.0438559826741441	0.0369590260297165
-0.638808858822915	0.764189511134367
0.871444713169998	1.34536708555954
0.0136088789185696	0.0101348422654433
-0.144414418815406	0.11900693368345
-0.256310389831142	0.253937653359997
0.518547834711221	0.704765662437186
-0.35443200692997	0.430620563936841
-0.643566041458338	0.731013916701746
-0.0785345041944612	0.0606293083209434
-0.078334533109896	0.0604829341481614
-1.40382647835523	1.92678015687665
-0.0345529665803552	0.024655287992617
-0.175446981010123	0.154593326190759
0.0854457241981349	0.0751057605227102
-0.406558627579776	0.468667743690928
0.467157169488522	0.567998804907701
-0.0763897901852499	0.068528881057559
0.143446598920147	0.131349775656041
0.259659861296111	0.248612026142036
0.116992822038802	0.124418451929931
-0.634882569474174	0.797092524952295
-0.0976964926667284	0.0872887084716166
-0.486661421257347	0.558275710413574
0.664621140355578	1.08044506153863
-0.107471564398254	0.0822786215010428
-1.11777397282624	1.76593529851641
0.221396370198827	0.225732928414194
0.0253725722829005	0.0288471996997791
-0.00717504678095665	0.00565629094285036
0.680883417384093	0.550050728935172
0.403368054127235	0.459738508987053
0.0701168637975483	0.0593189502234062
1.68366476165319	2.06495854393314
0.0595334779205987	0.0539669364836155
-0.196822626313658	0.219252033599955
0.330202687802908	0.49271847193405
-0.897366494334249	0.940086363572764
-0.843918937813189	0.995665967769638
0.497176170399837	0.461686114752281
0.512973007274193	0.436736128367523
0.104896410612126	0.0741403678084016
0.0584026231420108	0.0368958685761365
-0.701733296858074	0.470750763953156
0.251357116057203	0.231893861618143
-1.32053167862064	1.32506944803707
-1.44929125783137	1.34663085776736
0.398722734333488	0.276847516630834
-0.708867415236769	0.800905407826946
-0.242775650619352	0.211545182117039
-0.674714181318261	0.545486301742271
0.787978602314605	1.03604341406683
-0.115122634834112	0.0954292191891193
-0.351954321284277	0.276666513577105
-0.72988707248412	0.998196937494472
-0.298886246745705	0.237696218895223
-0.518847276011976	0.49889862813852
0.22158374872425	0.180626235790488
-0.583688216168588	0.556559775585765
-0.783132800683004	0.879505831008133
-0.051992312485795	0.0404361463788963
0.111886000796084	0.10557070747431
-0.149472299433566	0.141228665702496
0.289696108476973	0.32587411624729
0.497061969361173	0.775334062049533
0.528325559719623	0.682573258145986
0.35738494179663	0.486967449286667
0.688144519802592	0.900380045929802
-0.267438125602783	0.295846873883014
0.165573941184979	0.16245481109191
0.918773615680826	1.35368574642396
-0.417435424871131	0.505036342243546
-0.156522856083069	0.174834026382666
-0.492877009499867	0.594015874101611
-0.174710252063691	0.164468069267677
0.396132754922445	0.226326677718278
-0.381199422099981	0.395466109417525
-0.707128575115868	1.09285833460054
0.0290900259567636	0.0172511793350693
-0.00730484027831417	0.00665650634346711
0.404096138385154	0.487884247675907
-0.612842495222794	1.12819621596456
-0.677110058681823	0.927850297546367
-0.276302890942239	0.337259328744036
-0.394672061539851	0.432410647373869
0.533241653663309	0.670790002319792
0.403928005664177	0.500937178527322
-0.529654977078733	0.574523382810733
-0.763921266942212	1.13292241957287
-0.149429725651847	0.141162244498251
-0.0941671392710297	0.0952742529565206
-0.276670956116106	0.289713470948433
-0.39609321876702	0.503108723084716
-0.0522395880339394	0.0406461520882526
0.462411424067322	0.593219189434024
0.467297488419206	0.568231155880063
-0.0976161077035868	0.087197241784773
-0.0773148406924441	0.0784241219025418
-0.435064921996974	0.47527128654024
-0.267821846486695	0.249036023823126
-0.199781218237206	0.199190711908967
-0.256310389831142	0.253937653359997
-0.471820299595345	0.485615404649385
-0.413793633721842	0.320969820892725
-0.176634875245985	0.14449758843972
-0.176159003315571	0.132090929615442
0.588961623732584	0.592107636114247
0.140392865981144	0.109377863061901
-0.212496850806745	0.172347337788627
-0.202818594449257	0.190230218123999
-0.366423283234686	0.358756533191069
0.268194387359825	0.343105910405992
-0.174926709622094	0.174930045219965
-0.690256732896169	0.864070538085309
0.116517107444419	0.0988391248826372
0.305345783277116	0.383198879066329
-0.543050848684695	0.716145528989517
-0.5044334608602	0.66645048411366
-0.354306357673631	0.430411250895991
-0.0653458479121594	0.0547966580733254
0.0451799284793775	0.0395295308471223
-0.58657905284707	0.841192768105582
0.053291528379985	0.0433156982524556
-0.0976193069687294	0.0872159980914624
-0.422277886081322	0.236628606264027
0.18211195545007	0.161142834920709
-0.0389732355836222	0.0352370750574166
-0.119468030594608	0.0729930350616262
-0.469333180180105	0.621266380772971
-0.0941975768662855	0.0953072208700341
-0.387530747238526	0.537033788317508
-0.295158672205789	0.325709881854294
-0.156647764403124	0.175034800231297
0.0243946216228549	0.0220018482624451
-0.0514434328259166	0.0494446426805925
0.404205936488678	0.501424949319317
0.191707887920722	0.206558579679133
0.258406550071765	0.313704780589077
-0.486441645042772	0.728148055799721
0.221382126465884	0.225696399205326
0.191894307789795	0.206801684362409
0.00925020685344859	0.00805555822595457
-0.517566543553811	0.774124548359387
-0.211015923818964	0.258272527889269
-0.253253479677255	0.203569659989082
-0.121040921624114	0.107682257526612
-0.0944876699435263	0.0956330240019438
-0.342826037262377	0.356951097307955
0.14350922592374	0.131414371070943
0.577188908012831	0.601970170770714
0.203911037144203	0.194390190675701
0.140190466083026	0.109193454007723
-0.518688256799517	0.498635254527863
0.276689402129867	0.193541003738113
-0.171961096389896	0.103053583967166
0.39954580672875	0.309586780212896
0.242229479775157	0.214840991751117
0.123876982156063	0.0920154757668864
0.934297485845826	1.6556748357149
0.700844983202758	1.2185365631249
0.572511774780296	0.822173732180423
0.460009601110467	0.605316566586379
-0.690361110594889	0.86397363021758
0.0961046140999842	0.104697812736764
0.165682379278086	0.162568888621897
0.273927422073963	0.281031872978875
0.253209604254497	0.299225347913729
0.0829597566437243	0.0646407193196169
-0.0244419494078608	0.0206971862539983
0.451099980987974	0.668336463010863
0.832290481872716	1.34338423878631
-0.202756576529736	0.190131261055225
-0.877086102697969	0.57703082808025
0.154994319302334	0.147022744189295
-0.2948314265085	0.325291729209314
-0.167898841844075	0.0869965165663214
-0.586628580016499	0.978468514571464
-0.0882136860729988	0.0988934861650468
-0.819152646727863	1.21249476335361
0.135575733922187	0.15279000064569
1.03855725940732	1.69560131736765
-0.366281584733911	0.358630733469294
0.514016752774664	0.71566341570926
-0.024396280238477	0.0206586095071959
-0.256382919765607	0.254029691273109
0.404091474644631	0.501242265152381
0.0963554889751685	0.0964491148382942
-0.174678657545413	0.164438551297452
-0.175500413497461	0.154654417860379
0.00942988616114072	0.0082108176499234
0.467403027880275	0.568291518367843
-0.0359295937423315	0.0346382595907823
-0.361299175844015	0.500801737083969
-0.100432346003537	0.107208846096002
-0.0522395880339394	0.0406461520882526
-0.50425370213007	0.665826821408743
0.0570147751387229	0.0599875737222407
0.0729582998224561	0.0684437006175642
0.518515138435026	0.704761361706049
0.674158411575214	1.0730344523079
0.144913070724908	0.168093649547347
-0.634944633785415	0.797235917916143
-0.247965067080172	0.2603119023519
-0.719703670169682	0.767438477700058
0.398820720900162	0.277025474674033
1.50736727993348	2.65116294083433
-0.783313448133329	0.879692424932182
0.906638379891812	1.19609918733943
-0.475729508742276	0.657306861058625
-0.0889640151962264	0.0742007099983349
-0.475558128603415	0.656929723824652
-0.314202284359723	0.400606815941228
-0.084014542472923	0.0897994925375062
-0.31172329669418	0.36170064787719
-0.175983058076293	0.186314092084447
0.376841563593257	0.618955802672141
0.549640252658112	0.862894168231111
0.330348493189552	0.492896412609658
0.0848825617079052	0.0822780756901745
-0.903019539223743	1.4378136372722
0.00673692987715112	0.00625024602180927
-0.39609321876702	0.503108723084716
0.140125187214375	0.109094066295727
-0.00701607581125242	0.00596499455704273
-0.00475680929605525	0.00220672361861251
0.450065809772794	0.682207118060681
0.776025463925954	1.50120469450427
0.211887954999951	0.113856287486724
0.152515299928361	0.163271483036519
-0.738756406440827	1.44713547637843
-0.077501793793004	0.0786100487085145
0.647038848819391	1.09589994973786
-0.247982204841693	0.260369209666942
-1.10664620424317	1.48394251741134
-0.0861827298766117	0.0823043019686933
-0.138452448431178	0.154946942482806
-0.2266474448296	0.225151114632512
-0.967341264268693	1.53763489082704
0.72287129720843	1.20797558238285
-0.0226614154182035	0.0205737843296266
-0.276762278838592	0.289829439158008
-0.211163382111714	0.258485748752074
-0.546195903590601	0.752431894328299
-0.302543618251554	0.402798443199767
-0.24596872133878	0.314131189618927
-0.868481394980538	1.48742615251234
-0.126233015588702	0.11965944201442
-0.00710254962935957	0.00559930305219882
-0.326102142331909	0.27980884737187
0.403661396189422	0.460331198246122
-0.387600672157288	0.537039853001257
-0.667965821091038	0.994154482460983
0.621568766686247	0.764838823067943
0.401393736264483	0.415524904012586
0.323921833996589	0.311248890468636
0.221561976416126	0.180602935362218
0.267006765581048	0.264799544868721
0.228924269767386	0.240799934200774
0.279722278623587	0.296277400492613
0.449921699969588	0.681748230820427
0.554666762936238	0.852241861818449
-0.176712165728201	0.144563040925018
0.549453495928442	0.862482564543169
-0.12182341840981	0.142726457249224
-0.775220720574555	1.10380532636357
-0.342929559976412	0.357049891241313
-0.242020586065202	0.26836239779298
0.0295502903493412	0.0249135202272014
0.32407840996225	0.311356084786066
-0.34806678023161	0.319997108905786
0.0850523911844004	0.0824493051460417
0.0327855613539763	0.0324158554305762
-0.155025619721629	0.164498391731747
-0.732051484142669	0.441276325037825
-0.835227041977842	1.18621709612222
-0.372184029852812	0.430019558275236
-0.167754090883061	0.0869546539632337
-0.154859574054912	0.164264429680801
-0.156497721970312	0.174846289882482
0.696414828077434	1.06174753579622
-0.282413638082538	0.244321361435244
-0.510621067373561	0.458248126347247
0.490770433375329	0.473946222595242
0.469883814622828	0.555294964607166
-0.852434235979929	0.785621130114425
1.02262514402835	1.06701801940565
0.806819320737317	0.875710160074575
0.399517524063003	0.340648466131041
-0.389902765292212	0.276321754862654
-0.342684480529222	0.356698948038736
-0.358344406422282	0.393620998668636
-0.384679375827861	0.466439906260809
-0.175953117704555	0.196283474153235
-0.226485350430409	0.225078948409399
-0.131666186652671	0.132500999398905
0.024032578284694	0.0216680936720983
0.0961641876403619	0.0962397057017426
-0.348172001230589	0.320161359011948
-0.648251389800083	0.695890910490014
-0.175334972541578	0.154458960395774
0.696562347843185	1.06214999268453
0.0699268345494646	0.0591471145006088
0.213344678552278	0.21045737188759
-0.819229796323927	1.21267498544956
0.549478074114422	0.861920851635735
0.00687791509457187	0.00638039748512871
0.0242319792045636	0.0218554587179101
0.213072605520704	0.250074710663462
0.0504310082444507	0.0485805989321931
0.111664812641245	0.105351635778268
0.913199873599856	1.64979134963219
-0.72967474833774	0.997151730179289
-0.246229238765552	0.314548128326637
0.0829156549476477	0.0646117249720411
-0.690875064557754	1.19124894568559
0.273020238243838	0.358112466050124
-0.370181731589994	0.533760695423312
0.235603943560666	0.255434808916056
0.396025163192264	0.226199778623561
-0.546285022999147	0.752561823959078
0.247878926400718	0.284949355948286
-0.686499309414722	0.50798896479976
0.348195147303013	0.41733755820783
0.135660383978446	0.152918862849351
0.155320351391098	0.147310333510857
-0.423914134067661	0.438214786098978
-0.92429808735493	1.41683023325101
0.475001476459962	0.52810498001244
0.029298147465506	0.0246903526634136
0.523203660990865	0.693660963970421
0.644482564709576	0.746127570500988
-0.453445052091638	0.547573545635521
-0.247982204841693	0.260369209666942
-0.300647368492539	0.366577142035396
0.169500324747598	0.144085625306063
0.0294274339524196	0.0248092656038774
-0.325682356288522	0.320340345646338
-0.340489916181408	0.394221941983113
0.343349067289331	0.388965020014553
-0.509462480293297	0.702704406295428
-0.325159717250496	0.357981396766839
0.318576256640858	0.294567012139906
0.399467948759877	0.355544814562237
-0.00818216270466775	0.00527338883810572
-0.298906392453111	0.237731703124378
-0.175965673055704	0.131949461334819
-0.389772459375911	0.276080754239646
0.399621198762399	0.385077438245181
0.196595378439059	0.145823539637778
0.404011227657913	0.527646150546264
-0.155462823839777	0.164990340053209
-0.215191849487905	0.251409052534075
-0.31409685511652	0.400476306570794
-0.880498959553366	1.30036400963261
-0.18234557766482	0.241708247286184
0.247840058618516	0.284824944118982
0.0193709422550026	0.0196749569364071
0.0436741474748713	0.0471562740869676
-0.267804348795908	0.296279869763828
0.00949505994053541	0.00826885014207702
0.554326747996516	0.851237287374083
-0.00721685027796353	0.00568920141701651
-0.139721466554896	0.105919060593926
0.403632537227691	0.139839884189156
0.404088821978605	0.474362291202823
0.106379304928455	0.119312544989574
-0.391473290236428	0.191346105669389
0.0331281756461986	0.0327782244041192
-0.486792512686667	0.558616789104668
-0.131666186652671	0.132500999398905
0.319148502598215	0.442882317335373
0.85137491214904	1.34498960858184
0.894161338055748	1.34894874912133
-0.677095911215628	0.927850074260705
0.273498228340447	0.359006827402385
0.273785672217603	0.280871121744495
-0.155307907011778	0.164826442116013
0.020033545439153	0.0191960377108977
0.0295329484330053	0.0249002255601327
-0.384907183320672	0.466719893018709
-0.668088477783483	0.994330138089128
-0.326552946937903	0.397500961025439
-0.548800537241444	0.788204939496718
-0.121704951552662	0.142565124387831
-0.065131791350478	0.0546081800508031
0.289785980451626	0.325999908385937
0.455777083363892	0.629934186503641
0.403890965458536	0.554218095832076
0.0629724967174532	0.0626451519574149
-0.175497391498157	0.154667314936894
-0.876250230902411	1.13842380055509
-0.0763298758786301	0.0684717824597788
1.16834714714493	1.91404221905441
-0.433250029043962	0.364609037248794
0.0829050009289711	0.0645975373907651
-1.02580026671166	1.505724704982
-0.351284276573587	0.467295642523343
-0.0436383742329539	0.036759557344991
-0.0386345066736016	0.0413556418176703
0.322767647441607	0.458987789694601
-0.106127974761707	0.129443607551151
-0.579600272678319	1.0981394249054
0.095975217519405	0.104567187948988
-0.709687760114985	1.34847179794825
-0.609979506827072	1.15768062595707
0.001032018224448	0.00110473820919556
0.219753927869134	0.265048637628031
-0.340375796062999	0.394015873758231
0.301955764225063	0.369152288148502
-0.366926517984304	0.466787598449644
-0.231777201480921	0.283598054901581
-0.572871632750994	0.391841686089549
0.0121182607867149	0.00982643358141462
-0.0210608176202039	0.0203538755158452
-0.00645917082308286	0.00360555572465806
0.490114491474414	0.851316104715616
-0.427677399491826	0.542223138503566
-0.354442683024479	0.430659651978765
0.183746633654753	0.192095865369065
-0.486654450164929	0.558431864198966
0.19385941607224	0.178248989631905
0.0728927753029098	0.0683740432149573
-0.340318734754635	0.393900129438714
0.191585485850307	0.206383270995836
-0.0763926981045566	0.0685230536692171
-0.144717720400817	0.119207223603117
-0.144337072491456	0.118936189304073
-0.295084740828704	0.325685613252943
-0.366054213212236	0.586613937347755
0.403989208934247	0.527394890774392
0.186071411236682	0.24705432881062
0.206505613731388	0.268184038376854
-0.354170008951457	0.430115192247613
0.226009423792987	0.279988878838844
0.509680926601661	0.726468449777944
0.0294557613628225	0.0248347629366853
0.502265214691766	0.748993973141884
-0.0283379503627708	0.0221935227874086
-0.260054000509594	0.302918998827539
0.540964803023955	0.886034409555468
0.633117427570986	1.35694676317037
-0.135615474025003	0.144170730162058
-0.289186228131071	0.285524297958141
0.184743108183508	0.221467815232883
-0.194012674864411	0.314093131029847
-0.302431397812319	0.402594183438727
0.0193987728303614	0.0197072118726643
-0.189089743684857	0.269067899470543
-0.177504386217668	0.243705813705218
-0.126314974537566	0.119755078484646
0.86838799056522	1.95897493451383
-0.117291963874738	0.124908594234676
-0.00522823963674027	0.0058280037853952
-0.00655651078964978	0.00365922616789442
0.541340389151389	0.886933350323729
1.04964493929954	2.14873565543874
-0.522700523203211	0.841920411271073
-0.17501927259462	0.164723968849031
0.313443803340085	0.278563218740051
-0.281962986580382	0.243908276266517
0.402331447057643	0.43092940129362
0.538892829817435	0.659458279160414
-0.267613364217431	0.248755296882411
-0.139533547797956	0.105749013163599
-0.0358902127040475	0.0345997355140875
0.404094568375145	0.56785827190699
0.305395404834454	0.38326143205115
0.26715914936177	0.265023121350576
-1.15396621584356	1.32551776029747
-0.897277515888845	0.939927270681426
0.083310726233582	0.0557878799429237
-0.581555343950065	0.51639606863397
0.399600115777703	0.340706608934968
-0.732370122386928	0.732781392165239
0.013753127089606	0.0102420119271356
-0.533286921948996	0.61020585735875
-0.0760844020674389	0.0682258987466682
-0.427539220964811	0.541996477838445
-0.434425922430671	0.675218261244105
0.273179340693311	0.413829424003501
-0.0357802186367912	0.0344877158828508
0.457939913308132	0.617832690638294
-0.156473460071647	0.18330165420984
0.801439520310274	1.83327958716024
0.0331956721191615	0.0328465028960801
0.652678679908964	0.922119474382056
-0.00738981568992743	0.00715736621275973
0.403596518909643	0.553511412372707
-0.0285856355601376	0.0223908339337518
-0.057162353316071	0.0514897241889981
0.048043370639892	0.0242397906790943
0.667250785826374	1.25384369448579
-0.326588762604099	0.397585328919218
-0.366926517984304	0.466787598449644
-0.323329918183084	0.515857537739915
-0.361457872910684	0.501070760163071
-0.804448264481825	1.04887546976076
0.464793606093093	0.580791219134953
0.133768529146389	0.13471254153024
0.664243697644643	1.07949127204985
-0.26000949706518	0.302910716691171
-0.300426304643995	0.366257617394609
-0.0682796323215369	0.0730346315791858
0.238100930796555	0.310741091067381
-0.551272300142139	0.8239832590504
-0.529739447974977	0.574697491383715
-0.0976366922487146	0.0872277947489568
0.221590869897824	0.180619646662104
-0.719710805933119	0.767451436739019
0.658458199602801	0.737831058575067
0.25981907373165	0.248798623827069
0.399003012197942	0.35494773080145
-0.0886740817898254	0.0739354471171732
0.235742565188179	0.255716492717578
0.580185979020388	1.01709483056143
0.541174966495301	0.886642366712089
0.68244494217249	1.23390495367427
-0.622796025032755	1.00173567556806
-0.369914273407675	0.533275694843955
0.322685623783913	0.458748412953378
-0.156637838130482	0.183530161419467
-0.120734656417132	0.13520510315884
0.199069918952978	0.220838076827159
0.143515817317768	0.131427834210647
0.333754915760866	0.50973399187358
-0.0682466938425519	0.0653866626745647
-0.19822779051491	0.209072733517103
-0.453564770510781	0.54784637673048
-0.852289463536429	0.785323817891406
-1.14251710650401	1.02031777514858
-0.152370701113934	0.152821260148136
-0.773197173666851	1.33032800402637
0.518310718658066	0.704345992420297
-0.311787947709976	0.361832937762883
-0.0570805892876348	0.0514180230707401
0.871655207483399	1.34687302362979
0.318825263007079	0.294928782295444
-0.461970570480696	0.447447446289047
-0.226579975590401	0.225171125366732
0.0203656802358898	0.0195214225837287
0.11168132942163	0.105365323672624
1.00888656340847	1.68344115616266
0.497395875009334	0.461863020590874
0.485457875618465	0.486734259075806
0.617617789518685	0.573585006945493
0.182208161806036	0.161217298726535
0.294562834620656	0.229049768992594
0.399452026643459	0.340590290552723
0.0289599308621415	0.017168764732789
-0.0345672803212532	0.0246719424286902
-0.0516344115014522	0.0496388462742964
0.0381787668669572	0.0356223036913981
-0.011646684371365	0.0124621484891533
-0.472037334146224	0.837933204632443
0.722054092635856	1.05195282772278
0.144757044880282	0.167871183615673
0.125733967296379	0.14930815526442
-0.134032611526554	0.176591969811245
-0.11735982805834	0.125007520236675
0.462313083189414	0.592875603768735
-0.841303602524232	1.54429547604807
-0.551089627019767	0.823436525098035
0.053291528379985	0.0433156982524556
0.116414071685535	0.0987577253160608
-0.571624596727463	0.31249828110112
-0.26050123433033	0.131519082409796
0.0295786237398622	0.0249383043730776
0.403814712435534	0.47405005198035
0.349998467326978	0.430978320699089
-0.290372554424319	0.370705820988796
-0.340767298407862	0.394588913191148
0.182338503187771	0.161377936185062
-0.0566882771654024	0.051044893576472
-0.126322989855721	0.119755956663969
-0.112417031486984	0.113476336365861
-0.755682450625865	1.39079670157764
0.0964664194461618	0.0965633078947423
0.07893820359451	0.0881010658584423
-0.10584700883219	0.123975597180981
0.0964469957127447	0.0965354412788528
0.0852878365913728	0.0749394119200728
-0.0244733969356685	0.0207247854510107
-0.226636487062588	0.225277136568276
0.0292447479409041	0.0246462896987764
1.19350230212031	1.766646046208
0.361603282784573	0.517143273249922
0.0244350481941101	0.0220398727539098
0.199689959722919	0.252672564165577
-0.522744850742778	0.842183922865678
0.404430885489594	0.581860739156326
0.38217360694157	0.655538662269987
0.446603375506871	1.02600064680488
-0.117579863892004	0.125279170045142
0.0959502114662366	0.104536842758848
-0.19444658251519	0.227434201589384
0.0316611855696558	0.0331657025214829
0.523369383453848	0.693785796015512
-0.0774578571095706	0.0785728066899454
-0.0317094736931304	0.0323288687793554
-0.0341770854255101	0.039745437565455
-0.77521733707711	1.10359070287432
-0.138176393889981	0.154555868631985
-0.326619212073978	0.397604118888152
-0.00677831493892335	0.00576644714989015
-0.088830862995973	0.0740783291238522
-0.212800342875398	0.172658169951897
-0.394741287848349	0.432458565466165
-0.486339312756769	0.728162909091032
0.130683740401247	0.115306758620207
-0.00774829013801579	0.00706108241635726
0.193634166102479	0.178026341446288
0.165776505881797	0.162632427011339
-0.395294690257064	0.360669190536963
0.181379368412242	0.127665175422185
-0.0760120659596625	0.0473565155075544
0.0289310925154956	0.0171575933732068
-0.284802917983664	0.186091266833938
-0.568541766074588	0.350174119857092
-0.389876979031048	0.276305805054114
-0.931688976908374	1.09088875201966
-0.81913528232559	1.2122722672144
0.404180201239017	0.474339570674859
0.0247563233664727	0.0281214658038739
0.449109735785724	0.727789869896623
0.219766601924841	0.264979352859287
0.35404652742614	0.616535100888385
0.38437276764355	0.672837090293974
-0.313435130004726	0.434546188802778
-0.212401186248001	0.292940051045304
-0.0286473571456974	0.0224377518095655
0.301664830566719	0.368823423823238
-0.618413279348936	1.06705364677705
0.169422958575472	0.144003433406443
0.477713634455041	0.513908964578637
-2.38053634733883	1.46170029835018
-0.218709088458452	0.243131684834868
-0.175897104029064	0.186209031466554
-0.199752715101958	0.199183959930796
0.062831372658861	0.0625062071088574
-0.938668128290153	0.733541793455623
-0.766281321352695	0.662925995029655
-0.174962898078736	0.204825431900986
0.0550312387278033	0.061181886757636
-0.104017949791072	0.11655178164509
-0.394533578452617	0.432195759608293
0.586848460091276	1.29563076999825
0.216898377750886	0.350845621564489
0.0314365369687889	0.0329245278159239
-0.0210889545520683	0.0203763286264682
0.221413550933508	0.225726518765489
-0.0358508430320436	0.0345583614060912
-0.246100260372001	0.314374631349789
-0.115099262185609	0.0954157520010552
-1.0508790370457	1.34976324855809
-0.579247551918226	0.267329102553311
-0.411106057699914	0.400370418549013
-0.187240403412666	0.238948794863201
-0.136535863634047	0.173637816638087
0.0551780045626653	0.0613365932789982
0.24596116690616	0.370791141536093
-0.132804338962976	0.187343409853343
-0.250425400700158	0.371479336366298
-0.417535835618888	0.693949349221728
-0.199781218237206	0.199190711908967
-0.174843830084197	0.164601227392038
-0.0514683590501758	0.0494688761112097
-0.852371276659045	0.785502406310806
-0.472289565401141	0.329144532829843
-0.196551830191696	0.218885952075939
0.0569111944160053	0.0598649811295168
-0.126134161248311	0.119536696525942
-0.0387044863044483	0.046770096508968
-0.126324460228301	0.190248435723921
0.13139426029053	0.180756547002797
-0.198008065405111	0.209070436762363
-0.58598884901919	0.805739331261732
-0.253223334451891	0.309514707027514
-0.0839811742012904	0.0897513104594513
-0.0726834313588946	0.081455248627675
-0.649663076000063	1.15885149878915
0.0433581224675844	0.0467855857815621
-0.0171876256352042	0.0175364046307406
-0.215093394830054	0.251331708193831
-0.249388556736858	0.344767293078331
-0.0435503518503359	0.0366897522544589
-0.218715791841409	0.290715567195157
0.00625310073594258	0.00615333707463012
-0.191435147426797	0.234348465148613
-0.156645261828747	0.175044143117788
-0.300285398518057	0.366000230149324
0.106899584028319	0.110321352676671
0.259639214804218	0.248600454176765
-0.402478499932431	0.602770475780659
-0.461432601957553	0.583715447621487
-0.422256388009115	0.236590327517095
-0.265614440495864	0.194180304416663
-0.176629465002876	0.14449012212866
-0.314059407791102	0.400397367377482
-0.854845312508241	1.5179496411041
-0.354381721247719	0.430578296918223
-0.0643202474494241	0.0868206943069858
-0.000555614356057103	0.000717351236793679
0.125497046991704	0.149005312825631
-0.205745536513035	0.333452543959666
0.213956488718696	0.313398943691861
0.0433308265264672	0.0467605617664374
0.0792454258165188	0.0884658291018478
-0.587329849138327	0.945670189248844
-0.139873416571413	0.106035569193714
-0.539931553213305	0.680818716229281
-0.389796790631925	0.276201776044944
-1.16021901691399	1.62063437270454
-0.585111285090577	0.667067298903335
-0.417680797849286	0.505510306893584
0.40390772374915	0.540987505467056
0.392741575541155	0.755164502645427
-0.542896153651881	0.716011154985916
-0.138248849790225	0.154675676768873
0.055133262126248	0.061312560393121
-0.0390222992866451	0.0352805732672455
0.359197585755995	0.501459709991445
-0.0772048402840075	0.0783015640670951
-0.339833989586096	0.432759255270607
0.178207382357974	0.0878222181168699
-0.107594412313353	0.0823757338934234
-0.342798506952803	0.356892617215083
-1.81170992131014	1.31166906393801
-0.939288150999012	0.734622762965473
-0.171710160877072	0.102884135352662
-0.0393776134712881	0.024972610225115
0.0857428988252296	0.0467687674262433
-0.235303642562071	0.137970517714117
-0.391885513995736	0.793955106792274
-0.288199192210033	0.429043301128259
-0.120633066474104	0.153093929947635
0.0871646891164893	0.105544186805576
-0.194591585123767	0.227680080622506
0.0570577915342046	0.0600148928324984
-0.0842483297428192	0.0900367773159284
0.037752532612756	0.0462611137288346
-0.175114148883947	0.175151035521009
0.0596072367355378	0.0540435256160825
0.0617712952826897	0.0239168790122259
-1.05060522575943	1.34945000762301
-0.290439857957904	0.370732374077246
-0.237017413774294	0.276630504370319
-0.372028085639328	0.429763138827243
-0.00917765366808915	0.00661760987460806
-0.242564894176833	0.211303629915423
0.0378315522945833	0.0352844752219455
-0.653647906164077	0.660124404292348
0.336913253113433	0.358926827334918
-0.295199065943165	0.32582781543721
-0.469455109942539	0.621217189253095
-0.0659790228657511	0.0830254776804988
-0.260874195112379	0.42605294253158
0.0363703907128871	0.0425202371647656
-0.276078569218613	0.337034619478298
0.0234878794354973	0.0313136041628723
-0.0234034745833981	0.0292530409079103
0.10596465060958	0.118813516796848
-0.634810029202109	0.79695371698568
-0.256130706040032	0.253659641688444
-0.167852880383599	0.0870058064419345
-0.509582533407615	0.703054631963419
-0.525175044627346	0.537828122810874
-0.444617603712095	0.511426388228751
0.289671569190047	0.325834522143692
-0.0568598520915846	0.0512135823028023
0.642698153145477	0.929693074000467
-0.295125246301269	0.325706013073759
0.0241506672778524	0.0217810073218826
-0.71344574438623	1.05937882637182
-0.427311786931687	0.541598985040472
-0.156532738617735	0.174898662983469
-0.176100508824373	0.196482676122273
-0.387710698282258	0.537134354352466
-0.770864628087019	1.86617806747381
-0.256282370392418	0.253915440079605
-0.709860973631886	1.34917913379814
-0.0975531037591608	0.0871154787439536
-0.51886901224014	0.498898429213024
-0.967913118768585	0.566880494409038
-0.41154351867346	0.400907935428831
-0.152501157211046	0.153001292838183
-0.13125411578234	0.0901920485429825
0.196746997365906	0.14594511021234
0.68102769657429	0.550378261045452
-0.73228569888236	0.441519104636812
-0.791982672273346	0.630647826107759
-0.171710160877072	0.102884135352662
0.0479364447408366	0.0241891330477726
1.21246670797905	0.971335989947976
-0.788464314880281	0.414424326723021
-0.00471351223080486	0.00218494087160831
-0.305803486372314	0.282907825100837
-1.67473439009969	2.45321713662599
-0.267553461931795	0.248677467134357
0.787888183853712	1.03585231428177
-0.00707184627216966	0.00557531906576869
-0.444480615732639	0.511202084415446
-1.40188477168528	1.05085158297314
-0.167677774336158	0.0868939558902765
0.399188400393345	0.293278030550534
-0.358509316483428	0.229953272680103
0.234575450380126	0.135695051377945
-0.731865129243729	0.441106968732687
-0.701809625083862	0.470900828404984
1.04461253916478	0.754259014192373
-0.578932087841688	0.267346135716811
-1.11469972387002	0.540927932422351
-0.664043770231287	1.33733839232421
-0.199644246462065	0.199062030861595
-1.22081431495468	1.47098773467667
-0.325664907476712	0.320310629247246
-0.295199065943165	0.32582781543721
-0.939235516993964	0.73459676282174
-0.568404782301551	0.350035267727637
-0.314822136475483	0.180366341086407
0.632160133035675	0.352652701983811
-0.573214592148753	0.392266645889591
0.211887954999951	0.113856287486724
-0.10062225280412	0.0535115969827204
-1.11469972387002	0.540927932422351
-0.0838391014195926	0.0895815314086141
-0.156405199014498	0.183199491056386
-0.280122479431989	0.402655150949632
-0.339624138548863	0.432532306835036
-0.877169937096785	0.577203324418684
-0.224177831521075	0.149123008506547
-0.877107195262802	0.577129826927392
-0.327441044350617	0.12966822779127
-1.11480389157877	0.541093044086259
0.44013533532887	0.120310143303148
-0.407047340101398	0.0913266870047607
-0.217562355222036	0.161209704519002
-0.358365178881556	0.393475886552136
-0.444325918978598	0.614549897960222
-0.0436732880804747	0.0368018471122253
0.403800035475457	0.527409252671843
-0.253333354974466	0.309665744884531
-0.39467866293839	0.432416548989307
-1.27023019359023	0.884302429720813
-1.9285168388277	2.41219213361395
-0.573359947594847	0.39225971710813
-0.877107195262802	0.577129826927392
-0.0489803984799141	0.0267132188815541
-0.791801495132781	0.63038238662287
-0.253434384838889	0.203682274187704
-0.358281347731791	0.393500717883547
-0.486861526884961	0.558629552779599
-0.196866858072546	0.219276680036795
-0.260195007150153	0.303164891353684
-0.0774974139407275	0.078613743932522
0.0999645772528607	0.118171942012478
-0.0682202176225473	0.0729682296479527
-0.196817094209137	0.219243004617607
-0.176789421130046	0.144603835594907
-0.788536554414564	1.07576869876349
-0.226727815851614	0.225370139217148
-0.130885293822119	0.0898936042079165
-0.876432186228822	1.13864417192658
-0.699158356339124	0.833318508644783
-1.32949835504126	0.73284027733314
-1.54122606340521	1.5155252402389
-0.877169937096785	0.577203324418684
0.0857298001699369	0.0467611300263588
-0.0078192213786039	0.00257237113093503
-0.217342157822618	0.160992599760789
-0.152354759696784	0.152834503905004
0.452415187802287	0.655195858122835
-0.218537383887437	0.24289937670967
1.02266986114814	2.44513960232775
0.199247337951808	0.221006326634685
0.251333926928551	0.231871783363614
-0.627142594823108	0.897043715900619
-0.16779871935084	0.086938103093171
-2.54164604234959	1.70690389932735
-0.322096027819269	0.231968199161496
-0.0284499895894071	0.0222850203112748
-0.391594789884239	0.191438279351218
-1.24509458323549	1.02214379691749
-3.87503061007077	1.20658143667459
-0.732207785471608	0.441468073086455
-0.516625938445608	0.17859542475739
-0.517262058968037	0.178864495866734
-0.848756633713589	0.353692019334519
-0.517899147573227	0.179109173088448
-0.951401566537421	0.272432782475208
-0.285030319307596	0.186329206529657
-0.461768491540443	0.447093883510241
-0.146840909816264	0.130042350904968
-0.135735541345385	0.172466773390431
0.451111922179408	0.668125365718224
0.111672835536806	0.105347043740961
-0.0245048477402791	0.0207518750787541
0.213348051547394	0.21054264774672
-0.358509316483428	0.229953272680103
-0.284970053545889	0.186273402942853
-0.314982198182125	0.180510673545541
-0.449738456594333	0.282686420755686
0.128391367175165	0.0569839724059529
-0.847833196182046	0.353207340512575
-0.849800653817146	0.35408418104254
-0.327231183041061	0.129525284241862
-0.104844951344196	0.0291451841025915
-1.35656708661147	0.475009288267318
-3.48219873584491	0.919655084022901
-2.10706742962015	0.378548652882402
0.0615540730712499	0.0238263165776983
-0.104530837627992	0.0290497664010843
-0.516241348529343	0.178330871919979
0.38741809871021	0.203620033078419
-0.104046979058593	0.0289047757466345
-0.848235856286303	0.353414829103439
-0.732300657555277	0.441384704650949
0.21178923311276	0.113786657240428
0.51259410340801	0.436238830941826
-0.233425790084688	0.217908263869308
-0.0861906693128581	0.082312755223813
0.409663199349137	0.66063920747996
-0.58549537653348	0.63224670221611
-0.299013141070043	0.237825804071924
-0.298681060259313	0.237447909614573
0.546895990778706	0.399626688998168
-0.516375129736063	0.178441001382876
-1.23465016487345	1.1700808918836
-1.27038470831303	0.884666905678582
-0.00467057234517247	0.00216620810420213
-0.674686969629508	0.545493532457957
0.56404778348369	0.389315463518407
-0.686499309414722	0.50798896479976
-0.422277886081322	0.236628606264027
-0.171770631410099	0.102932060208856
-2.94742201638341	0.645982057725913
-0.848352883478491	0.353483822010577
-0.951401566537421	0.272432782475208
-1.68657752983501	0.703681756485321
-1.68694899077746	0.703952762450668
-0.103708004302289	0.0288061650208548
0.956540565542805	0.344960841267334
-0.406143088696864	0.0911104868149055
-0.95187692509697	0.272670624519378
-0.104360815899979	0.0290077066781166
-0.848034357080434	0.353432748047731
-0.406653408801407	0.0912540543799087
-1.27066180837054	0.885025373031595
-0.825321423367854	0.599706575982585
-0.433229306429822	0.364569367373766
-0.339853227834822	0.432984509270991
0.0380621085236601	0.0355097596237715
-0.276885059466694	0.289972485790551
-0.648373842169701	0.696240291814015
-0.48776714051348	0.372911243742093
-0.766122624679411	0.662495372105202
-0.487661253003712	0.372817824928706
-2.54153628033773	1.70669422256616
-0.414070514623676	0.321111111293092
-0.100696563025694	0.0535453328515396
-0.235277079457638	0.13786944999914
-0.391594789884239	0.191438279351218
-1.35563614408753	0.474557097061527
-0.517262058968037	0.178864495866734
-0.848034357080434	0.353432748047731
-0.848554588996423	0.353709685597233
-0.406536039818103	0.0912270232471427
3.96474583696875	1.35885337105056
-2.10706742962015	0.378548652882402
1.29035320892594	0.361169722228799
-0.104360815899979	0.0290077066781166
-1.32931437217088	0.732704638322614
-0.422320612835452	0.236661180017005
-0.260436979275461	0.131458797580532
-0.308173585613694	0.321845672759447
-0.311787947709976	0.361832937762883
0.122978369958727	0.119884853864662
-0.0887629291983662	0.0740158427084197
0.042432131103424	0.0300688739436571
-0.267686383224945	0.248900918605643
0.209824845208252	0.163386666584506
0.276687851535201	0.193548878671475
-0.285067287514914	0.186362204940924
-0.0785585849311568	0.0352548515118034
-0.766414454254694	0.663108225094003
-0.100345964860746	0.0533501486030699
-0.517262058968037	0.178864495866734
1.80565862715427	0.656093897862626
-0.104360815899979	0.0290077066781166
2.1748309215474	0.972407938624131
0.764280160087122	0.331303341451248
0.0618587111049973	0.0239501477339738
-0.184025732944261	0.0788881612199788
0.0617424742393982	0.0239084459082885
0.0833801485674387	0.0558339503952659
-0.0758639628706004	0.0472629593014399
-0.658506406586919	0.621562684135761
-0.174506632941751	0.164211070201029
0.0382092844682589	0.0356498677243913
-0.289151829007522	0.285489159298867
-0.0244307800267693	0.020687613197753
-0.282013502175803	0.243981153846639
-0.0489937644034561	0.0267199564240236
-0.100532689740455	0.0534621458761021
0.86087912454341	1.03492247695417
-0.571856302171083	0.312667878337296
-0.579047233084989	0.267435837190726
0.765015511027073	0.33174094912973
-0.675032032705243	0.545790526472073
-1.6857313628121	0.703085363193652
-1.32927288054565	0.732650220342582
-2.38049913199445	1.46167710571258
-2.38038697084355	1.46077660740662
-1.35656708661147	0.475009288267318
0.403632537227691	0.139839884189156
0.403377677871532	0.139736809774786
0.40402043752692	0.139945751112398
0.440364661588217	0.120386763104114
-1.32935577109624	0.732691233079291
-3.87503061007077	1.20658143667459
-0.579132907592339	0.26744572765706
-0.731865129243729	0.441106968732687
0.0831999516188882	0.055695472204097
-0.149535231847195	0.141296906473503
-0.326200790623541	0.396917375443941
-0.226531017532127	0.225147297863205
-0.242752834428572	0.211490878699713
-0.664043280020775	1.02788998399473
-0.11946387788313	0.0730093339062995
-0.376011104435768	0.319722607956663
-0.00814076699264282	0.00524748175727083
0.196660861583673	0.145876916455411
-0.100711867297307	0.053558502180433
-0.00484278533217776	0.00224382481702178
0.0478678062535957	0.0241529007811321
-0.260515813735499	0.131513276350311
-0.968152752066219	0.567121503023109
-1.11394961846196	0.540358650867839
-0.787747300096674	0.413595162312235
-1.35579670478113	0.474613983393002
0.928993059852903	0.545364679729449
-0.00940109644110474	0.00309197435180766
-0.84751494297264	0.353113627072122
1.21233708646883	0.971304917656255
-1.11459571417205	0.540895302433044
-2.19317773508491	1.21121855507647
-0.732051484142669	0.441276325037825
-0.184739462555253	0.0792331882344397
-0.171998424677568	0.10308111895244
-0.0392052054556307	0.0248573231702168
0.0452021776746447	0.0461332348448803
-1.45964443217334	2.78111035250341
-0.167685612928479	0.0869045304599133
-0.783053272251413	0.87930554498685
0.0834250749936645	0.0558569520618806
-0.298926540829573	0.237755093879406
-0.242592930733495	0.211335336982449
-0.104191034118389	0.0289508643830017
-0.260530377594129	0.131470150290879
-0.224550146185248	0.149390211458941
-0.517262058968037	0.178864495866734
0.399647793634485	0.245264441983756
0.617572512063333	0.573549849162246
0.399106854244915	0.293176960774261
-0.10060690072741	0.0534984057920706
-0.686485798413027	0.507940032132344
1.34317734260664	1.01509854295805
0.584789793668832	0.379972034303177
-0.235567724001161	0.138125157356038
1.51258940209225	1.26243659785024
-0.939209052150764	0.734638357608288
0.0618149550089233	0.0239347187925616
-0.100629944992226	0.0535126365530659
-0.167784410327834	0.086973154849
-1.24501373386669	1.02209610358304
-0.253081360855656	0.203407265235028
-0.339672586853252	0.432683428830243
-0.138973869409924	0.162903845852847
-0.155357685232804	0.16488895379427
-0.581576029669709	0.516395757903959
-0.252994893935677	0.203314471075694
0.740390663951457	0.71605681931707
0.481551258513531	0.500612209647164
-0.576979499479811	0.434315794257747
-0.17358318281115	0.117376241294331
-1.29906730982656	1.47196552379937
0.44025009120492	0.120379994939149
-1.12703758998166	0.724067663560919
-0.389876979031048	0.276305805054114
-0.391368449200474	0.19130152788782
0.0479668102951513	0.0242035155870716
-0.472131338862803	0.329112025572246
-0.00477832280722481	0.00221735527016294
0.44025009120492	0.120379994939149
-0.1843733468576	0.0790649086662853
-1.40194851214909	1.05050154752164
-0.579090117832204	0.267455039000505
-1.32945704925353	0.732853759751035
-0.18438336931455	0.0790808605857554
1.29007573135185	0.361162560899904
-4.67565593169724	2.1954150324594
-0.517262058968037	0.178864495866734
-0.267462673304567	0.295872893075271
0.235791594907388	0.255794994345287
-0.260098110988323	0.373355759421458
-0.0360001912283477	0.0347089066670767
0.0593784637934381	0.0538162040211062
-0.0763156287369845	0.0684536686246813
-0.413771642413338	0.320922388670942
-0.100532689740455	0.0534621458761021
-1.44933218755731	1.34620350948045
0.104716883089493	0.0739944009840759
0.116391353791918	0.0681832637592717
-0.173939041290908	0.117697673411669
-0.0490205073645901	0.0267280423638009
-0.394709980988199	0.432465848606843
-0.658770547093086	0.622236320719878
-0.951401566537421	0.272432782475208
0.398701328129008	0.260738292067998
-0.665458907197563	0.583697557335818
0.92864495305129	0.545077172240108
-0.167701040945087	0.0868717110921114
0.11640554574906	0.0681864626339526
0.845873572645785	0.715100082050027
-0.57208742748561	0.312754566699712
0.128626494876668	0.0571126960744007
0.40427466411489	0.14004859743002
-0.391603095504156	0.191462066890932
-0.104046979058593	0.0289047757466345
-4.18668471132409	1.51115380013371
-1.1146996213552	0.541121784175122
-0.788232305482405	0.414275835906919
-0.242156902320712	0.268554491390084
0.407254845345639	0.628012823910054
-0.326443271742086	0.434638610488933
-0.551782381419796	1.04460669896968
0.111542100525326	0.105216830538346
-0.00646716777096294	0.00550186541303022
0.123703996642159	0.0919178340646103
-0.348038733525091	0.319860348820652
-0.173709029792348	0.117506469493409
-0.131426473008954	0.0902891125617009
-0.579359558285776	0.475463311637417
-0.471586237966792	0.485371878760276
0.301404616266885	0.245675525790736
1.80565862715427	0.656093897862626
-0.184729636999735	0.0792123581775086
0.399058289087215	0.261066486593233
-1.32945704925353	0.732853759751035
-0.217431487334157	0.161103732800981
0.116247166995476	0.068095355374989
-0.48776714051348	0.372911243742093
-0.701931635787829	0.4711048335323
-0.579004253227954	0.267391767117248
-0.391594789884239	0.191438279351218
-0.967800698735012	0.566773743831677
1.31575925965238	0.589174142486685
0.403632537227691	0.139839884189156
-0.32733529210431	0.129585538245281
-0.517010624683618	0.178709666938849
-0.515740598803656	0.178130668849307
-0.427434395885904	0.541867955409312
-0.191578072319675	0.234519234937943
-0.548861316808491	0.788251014629435
-0.504725994888045	0.66681080823542
-0.45352213867201	0.547673873545023
-0.176557549672564	0.144409641583328
-0.868214047976158	0.96759620565671
-0.391246652475677	0.191209210716848
-1.27049253342463	0.885127265289124
-0.224495591706642	0.149371318920318
-0.665587887433238	0.583689090508115
-0.366104153040965	0.358510725975291
-0.11962432842317	0.0731207776275701
-0.952135059882499	0.272770263417896
0.399550257329705	0.245208994329299
0.387511878551028	0.203703880087379
0.439871247620891	0.120233355559156
0.0859146137953314	0.0468559151956241
-0.571505531550015	0.3124149088738
-0.171900614616488	0.103015029122361
-0.788464314880281	0.414424326723021
-0.0091951964681284	0.00302330471275721
-4.18692465030888	1.51167343819974
-0.518151592408807	0.17915606425969
-0.406653408801407	0.0912540543799087
-0.105500634956843	0.0293179785582308
-0.105329780244259	0.0292757305992616
-0.406929606498836	0.0912995639757081
0.40427466411489	0.14004859743002
-1.35579670478113	0.474613983393002
-0.677250195566004	0.928043137824976
-0.267751519500111	0.248973640142488
0.0182870914839333	0.0122997815009644
-0.801569263035344	0.847710839351726
-0.579018048486102	0.267409454362904
-1.35656708661147	0.475009288267318
0.0479285507635982	0.0241829353640545
-0.422385450751323	0.236657506409627
0.0617712952826897	0.0239168790122259
-0.571737584667295	0.312608565413617
-0.119518275601168	0.0730591665263058
-0.967928406766678	0.566690436445225
1.29007573135185	0.361162560899904
1.52794721558097	1.06684388833972
-0.00866762541139504	0.00285038216826518
-0.951768045880078	0.27264192625531
1.52817236883616	1.06669891050688
1.3167870930537	0.589616020977837
0.365797749259746	0.15029510416954
0.403377677871532	0.139736809774786
-0.00887297177040951	0.00291884997088316
-0.406536039818103	0.0912270232471427
-2.94698077954152	0.645760131429668
0.448931724883838	0.0872096407569261
-0.104530837627992	0.0290497664010843
0.44905816517692	0.0872417415102285
-0.406536039818103	0.0912270232471427
-0.406536039818103	0.0912270232471427
-0.952135059882499	0.272770263417896
-0.719761430277388	0.767560566360836
-1.08410479185828	1.18363928378775
-0.433380803591891	0.364749116803
-0.235449075529597	0.138051915791987
-0.0392257806238344	0.024871844928722
-0.235475303257102	0.138083428952403
-0.322309873371103	0.232067346483535
-0.235250744723944	0.137920266673397
-0.73185039601604	0.440970472276922
1.01117800151855	1.37615412776637
-0.791968693252402	0.630667165648645
-1.68694899077746	0.703952762450668
1.04443859417144	0.754332078234377
-0.358522758485451	0.22994932308938
-3.48219873584491	0.919655084022901
0.0479668102951513	0.0242035155870716
-0.167776509342108	0.0869605415634023
-0.00482134538163185	0.00223622028267589
-0.517262058968037	0.178864495866734
-0.517513875524486	0.178911161319999
0.632055174789326	0.352583555456159
1.30828058556476	0.797430473384385
-1.68755917895986	0.704253567990808
-0.327336309025416	0.12958353525551
-0.578932087841688	0.267346135716811
-0.653609889796585	1.12781660284484
-0.175655422612292	0.185936080062462
-0.453750336378959	0.54800539508896
-0.923299467324627	1.57970401489941
-0.0861906693128581	0.082312755223813
-0.351431788206915	0.467503131323489
-0.242095852075625	0.268502708658277
0.0598606209127692	0.0542776199864965
-0.686762524177882	0.508259419397331
0.0122633209123587	0.009942460627334
0.0202864684332093	0.019444533571072
0.178488280870952	0.0880114930246788
-0.120927176175232	0.10756985215583
-0.549052558383166	0.788558495908236
-0.0860121535399711	0.0821229967532166
-0.107630746785315	0.0823991627726796
0.14218469850418	0.0889273626107717
-0.26561054937938	0.19413962489936
-0.217517602207641	0.161171641212651
0.0635226648707954	0.0472632648058733
0.735930935094172	0.882162358866716
-0.449369524081875	0.406944067716896
-0.212720779833938	0.172588691151125
-0.0946986488638365	0.0659755435797281
-0.948950185529715	1.39764489777272
-0.302335546527817	0.402302774208363
-0.476075565369017	0.657754318319644
-0.42257530411539	0.609122890948131
-0.314138945026224	0.400528675305061
-0.154679493893249	0.163993115727352
-0.490354861186145	0.762117643177686
0.232273205902477	0.197717023104135
-0.0436873900637739	0.0368132004722377
0.952857616464524	1.51390921308428
0.233716909789622	0.335992944413486
-0.819258068904633	1.21260552905463
-0.471735640386382	0.485637097514509
-0.982892027806029	1.67744627021142
0.0479827463402476	0.0242098150145323
-0.0683131122249513	0.0654645600732638
-0.253150803912082	0.309399989087955
-0.481690237004594	0.693300611761004
0.20993735901243	0.16347925726346
-0.253268433024617	0.203497507514142
-0.500052357400139	0.415859651019115
0.286397472197663	0.211642737890306
-0.395612825062935	0.361222603760321
0.0833312993184489	0.0557999793428451
0.264681545443047	0.174556420254131
-0.173854045087214	0.117638793695144
0.181399908429285	0.127687118867493
0.0857298001699369	0.0467611300263588
-0.389771020667503	0.276159735319747
-0.307973398467032	0.321540077623329
-0.336771326495532	0.466886206425659
0.0598199164842897	0.0542351862340355
-0.104163840457849	0.11673018440469
-0.868975437341576	1.48996262245738
0.178661665260978	0.0880903270670572
-0.311674272010548	0.361682965705354
-0.222230759168869	0.234006152942072
0.579234204605451	0.812465887446152
-0.289124817159314	0.285447487058133
-0.395663406989814	0.361290176411202
-0.173646094960062	0.11744457359338
0.399361170289419	0.355460863471724
-0.583754470465475	0.55663474641237
0.0833801485674387	0.0558339503952659
0.0583779630996754	0.0368742710090945
-0.29896684560065	0.237764756905772
-0.139779202407141	0.105948102013817
-0.1310782110385	0.0900485028540653
-0.957678026238594	1.23797261405448
-0.199665444928052	0.293878721037234
-0.0659152099132498	0.0829371029339717
-0.314829114370994	0.180396854124777
-0.207228376154793	0.181551683390114
0.311313196105828	0.495813043338417
0.898511215036685	0.72345451589888
0.0682301456551924	0.0739575165172247
0.00644516980002925	0.00634490943208396
0.535245065019644	0.914503535149907
-0.609636737875407	1.15673099751035
-0.00656521972976686	0.00558528285030121
-0.584907635389122	0.735970274064786
-0.436402051666625	0.578543357690218
-0.0772378679414813	0.0783361056935966
-0.248178258734265	0.260613379574178
0.357422411222812	0.487050507849765
0.352032367151584	0.444996685864036
-0.624236231820168	0.967345354394214
-0.126478873186131	0.119929490489172
-0.339745245047038	0.432819633784339
-0.311787947709976	0.361832937762883
-0.322159103419451	0.232023888318447
-0.524600843965155	0.904005046505048
-0.147204197991083	0.201262241808404
-0.0386554456577314	0.0467125893776198
-0.0613600404044106	0.0623712944891895
-0.32531384891921	0.358186698107884
-0.585418021302634	0.631960045068382
0.387443934982169	0.203677658568846
-0.176568327998512	0.144417952733308
-0.793144243128334	1.26817345923179
-0.285150876711098	0.186416646333165
-0.036006326530891	0.0347092464966104
-0.0117350443186695	0.0125581439955795
-0.242312838288244	0.26875696970847
0.0135916018464492	0.0150121277089505
0.559814159306655	0.841259985808467
-0.112356140465283	0.113399696390209
-0.296496552097969	0.45687258925581
-0.371204035471315	0.61422645663169
0.584527505233775	1.00428647767643
0.407376363992906	0.628129296194308
-0.230837097508231	0.318908947154371
-0.212263512559218	0.29271354841824
-0.161913068067369	0.221817112958571
-0.773134593171522	1.32998305078466
-0.517636860277328	0.774232036187545
-0.32582724074513	0.279383509111328
-0.174043252186182	0.117757297093509
0.0532754583136313	0.0432894265291896
0.105049535557678	0.0742481845089258
-0.472084972467567	0.329086525090447
-0.461271053272654	0.716793846327627
-0.685327121886683	1.22175923241261
-0.410238352335541	0.766630401835913
0.331149526803165	0.595385367807811
0.0548028506653583	0.0609002583105184
0.0326081748256765	0.0322298037033477
-0.0881968846243544	0.0988678660137663
-0.139231346512067	0.163222272680688
0.0958647024310449	0.104413451650296
-0.395641781405748	0.361215949587326
0.402461065863204	0.43117982703317
-0.327440212159224	0.129629361099382
0.307713997100883	0.262215838994083
0.566721714969107	1.07680210494762
-0.235462187373492	0.138072780517714
-0.847844032057757	2.00814536889566
-0.25315328422318	0.309396302013277
0.220544444294981	0.301623492458458
-0.249516022226619	0.345039137073178
-0.587582882362317	0.911480180874565
0.19928045151095	0.221109090596883
0.278134669792191	0.374415451195375
0.0507021662672613	0.0488661597949246
0.0685826405423029	0.0743552947737548
-0.121859983588314	0.142797343599689
-0.302483415495988	0.402702158437409
-0.346059874020831	0.49898220260808
-0.408315783905605	0.634144394960036
-0.212131679807172	0.292560007766311
0.576139235154733	1.03075852320253
-0.288546874743476	0.429800696562703
-0.226594092433537	0.225216233797617
-1.02133904917784	1.80163993393503
0.75613216282211	0.877839246850872
-0.0759051448786092	0.0472913722500453
-0.949202340312776	1.39790591571686
-0.107478398784574	0.0822805523486256
-0.207315247806422	0.181723288335484
0.0289053747418535	0.0171405436715424
-0.265528231091648	0.194101021679468
-0.211296389114742	0.291012577685011
0.056284240157034	0.0693473564311939
-0.0213205972513802	0.0206039019284679
-0.381442044766094	0.671364676130146
-0.219170167347413	0.29140561906546
0.185913217997486	0.246789928282943
-0.288285560258851	0.429231311806064
-0.276188562498236	0.337193215806748
0.693103096344336	1.41109572331313
0.403983251112495	0.474320192221426
-0.927882382767216	1.25760703519935
-0.788111377288474	0.414177817025583
-0.233385457362925	0.217948927280413
0.282761117740713	0.390283047036471
0.0479364447408366	0.0241891330477726
-0.175959639123778	0.196303083631111
0.283128443263384	0.390767216047273
0.572521257977705	1.04541151792891
-0.517641423234998	0.774310351079117
-0.156647764403124	0.175034800231297
0.460148305915551	0.605567763638859
0.0452787607678397	0.0462132778629109
0.199230654151634	0.221062866526472
0.345986978969357	0.403300737759313
0.647146687534093	1.09614912993294
-0.807460161456501	1.43539655703252
-0.73797632817592	1.22710670163345
-0.395608629956488	0.570443464195402
-0.326669163781277	0.397686879402868
-0.0440733709894321	0.0493340283845425
0.00130437899760115	0.00139673088227352
-0.00700039975165616	0.00678228548665177
-0.313308695917161	0.434310446613139
-0.198000183369547	0.20905199830432
-0.260014997215368	0.302895960375189
-0.340563736085788	0.394277349389138
0.123068588472073	0.120033537090725
-0.625954480261727	0.933281205527403
-0.295141903781338	0.325759938543578
-0.581489923647832	0.516289087537008
-0.395626218758442	0.570382337955989
-0.249742016698822	0.345453868258029
-0.246038284588634	0.31428030961227
-1.16149080831108	1.89940130080608
-0.217321429867897	0.160988624983541
0.796585173823348	0.546500154315464
0.68818875672462	0.900513998291281
-0.0246607200895411	0.0263886175178417
-0.579444542438661	0.475484229467126
-0.215093394830054	0.251331708193831
0.00634295380944072	0.00624627097394811
0.734215948641287	1.36082867403359
-0.339599924732489	0.432526907781257
-0.405965175748257	0.538785636760761
-0.3081911217095	0.321847874694427
0.815311870344595	1.49207611340707
-0.548584213785846	0.787600186061669
-0.707431572809982	1.09337883055189
-0.0770574168413112	0.078126522740582
0.0962196425078546	0.0963027532494863
-0.131902741017208	0.132758706497826
0.0850685936008327	0.089940133831174
-0.461970535388068	0.584631384903612
-0.256247747178576	0.253859761841869
-0.300960232715765	0.4331270701527
-0.395801319971859	0.502568793449374
-0.230751519243285	0.318809376239381
-0.120487464067811	0.152888115887111
0.0570147751387229	0.0599875737222407
-0.100459373414575	0.107229735159159
0.14352572368655	0.131398124866901
0.085245563840473	0.0749156775923168
-0.753953208873544	1.16293828498336
-0.107391978929911	0.082210309151635
-1.11277535191372	1.62629602964912
-0.236053225263656	0.372477079020441
-0.212139861532744	0.292551446755385
-0.330846914810064	0.494327942592432
-0.337822679850538	0.522531222114847
0.0330106153055311	0.0326593352501983
-0.0783292059263208	0.0604785756480132
0.221518482504912	0.180518300721338
0.963630555999407	0.736844972190202
-0.411072714754018	0.400309417896057
-0.0360708065632259	0.0347766888825762
-0.877107195262802	0.577129826927392
-0.198347584820444	0.209407157969392
-0.175336601108955	0.205360443675398
-0.0728643120769411	0.0816702259762165
-0.152614691980859	0.194371336461001
-0.313411690873968	0.434536355556151
-0.00383830714579491	0.00392025930339907
0.0570324017431263	0.0600084512335107
-0.277236971235549	0.426193502586669
-0.548645018001709	0.787619915590551
-0.177702828871504	0.244009289149566
-0.55447611206788	0.925009240194511
-0.0839373266674099	0.0897067998068148
-0.146818572492012	0.200672456103571
-0.73443932531816	1.81628630664268
-0.22551168794565	0.288072937769181
0.162312287320473	0.24831616717176
-0.231475706859845	0.282999641839685
-0.115143598852441	0.0954656218087681
-0.175497391498157	0.154667314936894
-0.529695090961566	0.574677266779248
-0.493277071149645	0.794541297313651
0.151904201268684	0.195535729552601
-0.323814027042133	0.51691573861907
-0.173082970194024	0.211950683502451
-0.197528651765147	0.208362151221154
-0.587587094242272	0.911685668821955
0.232273205902477	0.197717023104135
-0.843658851157551	0.994938087164457
-1.81203188881971	1.3132177825067
-0.115042063069553	0.0953289851477654
0.0509291819561058	0.0490899580688311
-1.12692027910398	0.723978664203291
0.549675515246098	0.863013058828259
0.153358359820321	0.182838868665268
-0.461554485175871	0.584062562361341
-0.0903178561855514	0.10570179712068
0.106838744497459	0.110271452721207
0.106863578818503	0.11030101063557
-0.584991170699869	0.735912970982191
-0.211171978345087	0.258491976703814
-0.461365288078955	0.717082651712397
-0.48164858012233	0.69332999024726
-0.0608420460194518	0.0710114392141649
-0.269605790422324	0.373146359890092
-0.0044211903326398	0.00451775989659402
0.152789192436052	0.211249677227554
-0.427709784099998	0.542183117179607
-0.282071608922576	0.244040056180918
0.123573244183589	0.0918161057288017
-0.57940067199644	0.475491171193195
-0.231814806006493	0.283663369130838
-0.134040602899621	0.176640356014936
-0.00735442511915072	0.00579598726135747
-1.12224696985422	1.90527419968249
-0.196786728556946	0.219193133993779
-0.377264048074408	0.56464184169981
-0.242034892191435	0.268400718226576
0.232282984956413	0.295493798194008
0.00689718210989606	0.00639808677060357
-0.550300191643837	1.07154827664939
-0.539925268797168	0.680398254116011
0.533208825612179	0.411146860046541
0.523260951616892	0.693608959337627
0.616024230333876	0.953101681103769
0.584683124801269	0.379889250809324
0.40392807229888	0.514277761619108
-0.175816625922561	0.196067538266415
0.00933980670256534	0.00813370898677626
0.155025821040652	0.147057323092645
0.29451780077967	0.229011585671989
-0.321928906871781	0.231766108461651
-0.648373842169701	0.696240291814015
-0.314905683790335	0.180488007236133
-0.472084972467567	0.329086525090447
-0.665688708207868	0.583903474694665
-0.139873416571413	0.106035569193714
-0.0438593702028377	0.0369631136736748
-0.30074683747332	0.3667189646509
-0.249941257156108	0.370578394531155
0.206911345804895	0.321570878314641
-0.259168608442422	0.345159888788337
-0.256389526573598	0.254050921496341
-0.267527507528697	0.295970142394668
-0.149472299433566	0.141228665702496
-0.510447867768852	0.458016089720733
-0.869010897173727	1.49029494240698
-0.479613086135101	0.522246595542062
-0.539763112816964	0.680489285059484
0.11641099929971	0.0987695099534259
0.106541778809148	0.136118265244758
0.34989815934235	0.430771439883823
1.51265389322007	1.26303935624358
-0.326239444133989	0.279984135591738
0.0829823307576649	0.0646629147489531
-0.171854279210956	0.102994903376511
0.632212375301958	0.754947055258201
-0.0285147846901787	0.0223371819785303
-1.13142039244433	0.867110072814605
-0.389929969887617	0.276359669549728
-1.67000918546535	1.12155961645345
-0.314806633342869	0.180404619625564
-0.119465260841818	0.0730241295804546
0.0290884423831244	0.017247703347459
-0.657061604516338	1.09480183109078
-0.242780958197465	0.211546092539593
0.00946248301590603	0.00824000632082207
-0.0243851180441524	0.020647877085158
-0.199341798417508	0.198610993743596
0.399847868994404	0.385251986408259
0.267350849064584	0.395282660117476
-1.00854319724574	1.66006375737806
0.852939962809722	0.546934303038246
-1.01132845087681	1.36441422779594
-0.627663984097248	0.898519816877767
1.18700574659306	1.28239709328681
0.399309152528965	0.355363453106969
-0.144220989508813	0.118797411740314
-0.0489803984799141	0.0267132188815541
-0.747009695727971	0.697540867601289
-0.660812856064513	1.06218052095605
-0.476598004550894	0.921972803753594
-0.73191966712129	0.732518919974955
-0.518753112030221	0.498672250566921
0.399514768663897	0.370351123786471
-0.0460295319197638	0.0468733542507808
-0.348266438118688	0.320269206180164
0.123264417364745	0.120227726362404
-0.381208085815681	0.395603921709069
-0.200180025766041	0.294825933605039
0.642307084021015	0.928590761640377
-0.449902085367847	0.282738693009958
0.0423455007248351	0.0300064543775667
-0.966917012932338	1.0674734320829
-1.36899469164179	1.62820375326601
0.0532494203984755	0.0432794076594535
0.0120111204951783	0.00973972852873941
-0.311600792205536	0.361569442573264
-0.276568593484735	0.289457195356928
-0.366410080124478	0.58738661653125
0.0181282820203786	0.012190047000263
0.130745183733244	0.115307808383517
-0.366285953315854	0.358744588673943
-0.13912835335055	0.16310535020114
0.169422958575472	0.144003433406443
0.403582297446559	0.460234560062432
-0.146875311192199	0.130077950217597
-0.00706493515591007	0.00684467839178522
-0.366458738157024	0.465815172742643
-0.00473520578037929	0.00219591531042473
0.140342264680331	0.109336636793216
-0.708911413623712	0.801159832729146
-0.173643054231129	0.117461058877291
-0.525246969924921	0.537845713196026
-1.28577248687387	2.31833903093578
-0.854180903666722	1.16195834079505
-0.471978146574559	0.32890563973062
-0.149338401717525	0.141038089952357
-0.468780619090058	0.620163621170982
0.181641906391425	0.127819700305712
0.617679276148387	0.573743668628902
-0.358375940685143	0.393659572065618
0.0596890093518146	0.0541207932166667
0.259665825989735	0.248622250396516
-0.267559954028297	0.295996959976291
0.518531424311467	0.704738080283555
-0.0684452681631217	0.0732064307370689
0.579119480527227	0.812152113677209
-0.517262058968037	0.178864495866734
0.182333663160033	0.161337009642451
-0.281984440451377	0.243935626857212
0.23431436981484	0.13559697571964
-0.267348773296461	0.295691430529295
-0.788685114837968	1.0761248974427
-0.366239436697808	0.358693769140972
-0.471758725866629	0.48567728187109
-0.701947036572414	0.470904281816488
-1.01094434495271	1.04663097728092
-0.253254308482304	0.203544001687312
-0.094413112054686	0.0955556770642198
-0.282114530662509	0.244104562626992
-0.242814321765478	0.211576090456036
0.242073506036721	0.214695141521734
-0.539728456787797	0.680302688360039
0.0727628437777924	0.0682536440350459
0.228973437815295	0.240965735210946
-0.34815037397485	0.320072257842192
0.330146823627786	0.492573133471382
0.655345599788188	1.08763236813369
0.750799966130552	0.546153818939665
0.085336906058867	0.0750038246829104
-0.52965289047421	0.574620066586727
1.15462431458307	1.10868431283942
-0.0091830664720766	0.00662154893381187
0.345929599469974	0.403292760522021
0.143355198104424	0.14893036678455
0.20967186091443	0.163248405197176
-0.100540405818408	0.0534632011451723
-0.766281321352695	0.662925995029655
-1.94211993564956	1.50480976784463
-0.424099147888422	0.438491335308915
-0.585655203880533	0.632293954843622
0.0119864363190784	0.00971767031412582
-1.35638610030757	2.19714722012367
-0.539882732173874	0.680717052126648
-0.149503764007964	0.141264830853739
0.351779621439577	0.444660761966261
0.787842362286551	1.03549714898319
-0.174833173068175	0.164597462738844
-0.1549952222983	0.164448626722248
-0.120587208861362	0.135013520577741
0.169257957811744	0.19195753547301
0.233850272710551	0.1352584768597
-0.643617318995098	0.730865984271612
-0.146799106696426	0.129993445976943
0.963592277608293	0.737012836381491
0.203942053048372	0.194395374226023
-0.424010529670924	0.438313224225407
-0.504344182057091	0.666203999043063
-0.29877351514744	0.237589613695921
-1.93116782314265	1.94659156429095
-0.11973175408351	0.0731806151265008
-0.433487620362484	0.364815464107277
-0.358561349203797	0.229976361393022
-0.701832486364182	0.471016343360915
-0.701801990339726	0.470952990233888
-0.449328790336753	0.407000668559091
0.533439578363566	0.671258749435463
-0.40598472164748	0.538763115866101
0.123084576593024	0.120023870750619
0.340355881844364	0.374216211621524
-0.175786110728255	0.186074235217409
0.0246625738530237	0.0222394424426276
-0.638785167148522	0.764139415462275
-0.0653768445299962	0.054822276550235
0.871876153466006	1.34700194264007
0.35382466626499	0.458888641418681
0.579005039761952	0.81188462715558
0.632282847428213	0.352728572431533
0.181334204038304	0.127634841216278
0.346183503670854	0.403500444882525
0.546855964148997	0.399504094654536
-0.00677831493892335	0.00576644714989015
-0.444434950562267	0.51110334136361
-0.434885481750146	0.475078414801678
-0.265593879861676	0.194154362331262
-0.791968693252402	0.630667165648645
-0.686591528873148	0.508125343240681
-0.0626053118225174	0.0441607412072705
0.116321892006772	0.0681330650452862
-0.433490984422864	0.364800092627028
-0.792005881270846	0.630719515069575
0.0478374739349464	0.0241360072493468
-0.376031363505098	0.319750089878646
0.0295644607492478	0.0249264834436231
-0.00936556809769411	0.00675048134408274
0.232308786714951	0.29551316475526
0.336934240949468	0.358934502741698
0.203797028581219	0.194195118226261
-0.923526699972756	1.58019735841782
-0.32638472148819	0.4345217247647
-0.396198881620919	0.503162532409013
-0.461636146019604	0.584220729026537
0.624308698265797	0.944845391764443
0.366390986567959	0.549284026872212
-0.199415938610944	0.198767102506347
2.1749742693493	0.972967149948564
0.343303382891303	0.388901497863345
-0.0612949834050142	0.0623072777001759
0.211948576329243	0.113865296765307
-0.706927540955209	1.09218615970349
-0.358084571008012	0.393228784017514
-0.674900280613509	0.545679040142965
0.294456049888475	0.228906959816142
0.18142044331366	0.127703356871127
-0.413730680333414	0.320888721656759
-0.766335915718494	0.662959083307172
-0.376097638886974	0.31981980715891
-0.233575161478026	0.218161276142931
0.0065328689184847	0.00643219061786514
0.0329781398907297	0.0326274906947855
-0.384899288110796	0.466746539846713
0.229268048913205	0.241257725253541
-0.536515907155756	0.645252789021134
-0.469202233198416	0.621086382156257
0.846719143521022	1.490628449747
0.0850384939804121	0.0824553759669944
0.35186012702443	0.444813897577573
-0.0859387137292907	0.0820463337709321
0.213319812264218	0.21052504634639
0.395960532724858	0.226074302242306
0.854777059455906	1.1916270038697
0.213010870947873	0.210124695155733
-0.00486416332271454	0.00225720774190238
0.253192408839681	0.29909997189971
-0.436452143139548	0.578540343747077
-0.130905959845549	0.0899102460971269
-0.00728193382793028	0.00573965384912138
-1.06304446559097	1.49344298676191
-0.226787629236314	0.225391595356905
-0.173017772005342	0.211867435235355
0.681013377831042	0.550250990209298
-0.683167849336264	0.895964717877258
-0.305775216977741	0.282857625582977
-0.543042952949178	0.716277629160981
-0.107421035010284	0.0822340581744902
0.235897707040024	0.255919100591904
0.0598606209127692	0.0542776199864965
-0.0766865316930026	0.0931991220106773
-0.105419822550185	0.100311821194929
-0.686814392821566	0.508383460359442
-0.299186356433563	0.237903230513784
0.0532611692380769	0.0432857820104094
1.51257484205558	1.26286408488973
0.0962307351637343	0.0963013791572854
-0.248210883909527	0.260646665418004
-0.224258052383295	0.149194322465968
0.898705836874359	0.723311614736913
-0.358509316483428	0.229953272680103
-0.468080577958008	0.779885181078288
0.40409965411842	0.501270074829487
-0.112156441834802	0.11315007315002
0.513927151568691	0.715498716316857
0.407124211037306	0.62774684874252
-0.0762813330112198	0.0684244436012617
-0.07727744569578	0.0783833199607924
-0.720845866492106	1.0278739965689
0.170475609169866	0.214778892711496
0.348064452750928	0.417066252057904
0.852684638589434	0.546640068159778
-0.729732534129818	0.997741417684404
0.0628293197045039	0.0625020047740241
0.584781816253386	0.379967818774411
-0.256316991013333	0.253965163107606
0.326662297810427	0.476001201429181
-0.417476798603998	0.505213364002405
-0.267764073123509	0.296186830528826
-1.68819226413075	2.15916071618452
-1.22610674039536	1.32063782819019
-1.40369640277495	1.92698249883682
-0.26777497108102	0.249000565988841
-0.265483188904491	0.194066813915525
-0.17589938277555	0.131887732440733
-0.212829325640673	0.172681034517829
-0.176552100845446	0.144390394624805
-0.155283030456509	0.164789127012638
-0.375898860066537	0.319579248516025
0.401352876908239	0.415736978807876
-0.115232256528885	0.0955554887705074
0.355288072595544	0.472244688378286
0.0729418081589908	0.0684281246138955
-0.683205769648346	0.89594418348838
-0.202573515974803	0.189958117276859
-0.216040302265843	0.319015205259248
-0.12653615684743	0.119988426771989
-0.389878400650827	0.276257445951353
0.116319560159118	0.0986901914291856
-0.149286576588765	0.140989840629526
0.968656580278954	0.89475746323902
-0.394830341725067	0.432364324901826
0.00969090134654917	0.00843803082970792
-0.667738498347717	0.993723836299674
-0.322117960194991	0.23199093386192
-0.414004594020839	0.321166452093534
0.142104496445826	0.0888857228357281
-0.152713107858388	0.153217348770445
-0.585402953520736	0.77073556421482
-0.358207435286309	0.39344370276573
-0.428829070266776	0.642162944143902
0.012014423956696	0.00974240918805961
0.333942138040414	0.510155715460362
0.169192530240999	0.191864003598195
-0.0806177634464598	0.10529648842698
-0.377502240370982	0.501252680973166
-0.848034357080434	0.353432748047731
0.00954410451722363	0.00831041291377774
-1.05076431617609	1.34959953940341
0.0287705561859204	0.0170587536066852
-0.326835400372515	0.397841207811302
-0.242449098496978	0.268880639769413
-0.0614450076789695	0.0624578284450843
-1.00946265936106	0.719458642516027
-0.100786276740608	0.0535895907139736
-0.877256584690999	0.57705638656403
-0.217545185450811	0.161124097975943
0.0855047295225229	0.0466274822827962
-0.518926791540657	0.498965059120384
-0.486509382159641	0.558137876175035
-0.492968327428046	0.594202860610188
-0.207562534174593	0.181956462415398
-0.194699020961047	0.227831363829174
-0.957832518353221	1.2380332965968
-0.259948721097996	0.302789508604861
-0.545845932161605	0.751546853703025
-0.0432962221149828	0.0542788562515866
-0.176210494147428	0.196606836791037
0.929116274088441	0.545396838220442
-0.00742119951344488	0.00676394799128674
-0.339851240607301	0.432965763880692
0.512654811589944	0.436390526638643
-0.37611789372204	0.319830380127324
0.455999292032741	0.630281867285934
-0.628876600887428	0.862575753047227
-0.26554880296696	0.194126969543783
-0.449715244422404	0.282610592772542
-0.321991901170692	0.23185171155015
-0.414215699223256	0.321231604199519
0.546882652287686	0.39961135638563
-0.173747093455054	0.117542397067106
0.0833557667171139	0.0558227225451886
-0.554658450000138	0.925238694547234
0.403599682500065	0.54022873490174
-0.314136618052676	0.400547364078562
0.453872064620545	0.642271058758396
0.111509364505807	0.105172392054183
-0.0684991774932622	0.0656421353924926
-0.152923039051928	0.194793939771579
0.0851786164804553	0.0900721569883356
-0.00649619072655505	0.00362618846728953
0.278176316261234	0.374470179479446
0.405964455811248	0.611536522801245
0.181399908429285	0.127687118867493
-0.932333147890545	2.04400884847963
-0.206325052754721	0.26355169897251
-0.258661220906407	0.344298600682666
-0.144539527354471	0.119061906505906
-0.348128006348256	0.32012388407235
0.100383846729121	0.0816960268368275
0.229333869062717	0.241370328611244
0.0186996940277383	0.01258294431161
-0.094605844788756	0.0659202457636271
-0.524364305896939	0.874968975534042
-0.0769518590638612	0.0935532210334006
-0.1697729631873	0.216491881321813
0.0744066073630149	0.0763448002036574
-0.378021376196119	0.50239167636597
0.758093716020679	1.69947990402182
0.258375431257469	0.313668159753387
0.0850439572392409	0.0824539404838412
0.71574915333429	0.72038509775659
0.846979411273692	1.49179213584748
-0.240957847109178	0.345228792386036
0.0289279730212341	0.0171501154938948
-1.10551708828457	2.34330195725067
-0.138142293077535	0.168954744142169
-0.267577947011639	0.341745072017004
-0.0464727463223176	0.0473323343810051
-0.0313458232628774	0.031961336787848
0.144852465586513	0.168010860201319
-0.444359239683794	0.614705912674789
-0.211137147347084	0.258425637907153
-0.237168734770414	0.276791116603506
-0.0679799234097561	0.0651169885359534
-0.361551820291236	0.501297056892645
0.965549182995373	2.11402672694466
0.214218931527973	0.313939318100277
-0.351204383899058	0.467087903684168
-0.238495361673075	0.31735978777978
-0.242101284567011	0.26848811951321
0.635692775513996	0.565109371608688
0.595375023939636	0.981521192210138
-0.105826600164132	0.123958570567758
0.0423384475385142	0.0299943921817272
-0.350184944210477	0.578290467182197
0.0874959171392596	0.105992013053479
0.128666747234842	0.16509199261893
-0.176596216846341	0.144456455847997
-0.0942273406215861	0.0656053166764364
-0.411388777213058	0.400797918375538
-0.709016629056284	0.80133427153077
-0.298900419989747	0.237697708205345
-0.643421792919243	0.730783485480508
-0.117577535997814	0.125273885807731
0.135922230967654	0.15325504339937
-0.068184809595728	0.0729308276937806
-0.434981301603119	0.475186661787886
-0.406541316684915	0.468622113281247
-0.314867405965761	0.180451526135702
0.0533600984803309	0.0433725444653199
-0.245838444948628	0.313804556509468
-1.0674633720414	1.02935545738054
-0.0613625144537946	0.0623779003617493
0.00101161929118495	0.00108542636281087
-0.106151112953354	0.139312271606744
-0.498981257764859	0.940797818596444
-0.313538131813022	0.434706606250854
-0.487820095488423	0.372935503474609
0.0563387403932955	0.0693986053359212
-0.740189626078199	0.968156161185521
0.655450553265575	1.08770164560179
0.0728198336850189	0.068311085525486
0.350295740437108	0.431201940102153
0.477735236162067	0.513918019310196
0.752005735468594	1.04277506348977
-0.568481019853327	0.350153375981782
0.46005853941998	0.605406578273645
-0.0610373936182157	0.0620182295608443
0.0616119293818908	0.0238454086482069
0.0328706345693965	0.0325153640724565
-0.245995299665533	0.314231106657463
-0.217039303107334	0.363393497593891
-0.701908866845412	0.471042169258016
-0.490206991218121	0.761672819283629
-0.0976964926667284	0.0872887084716166
-0.0764069409143751	0.0685418195105267
-0.241898565120275	0.268199248301519
0.464944922731156	0.580874319609863
0.404384518458011	0.487985392752204
-0.767009569967118	0.909974685050655
0.451182090979143	0.668443738433275
0.399212954997496	0.293273871802001
0.276686300569109	0.193508117395282
0.765748574968654	0.332008986763764
0.53323209335637	0.411160796994751
-0.138406582273006	0.154821407861651
0.0615829893731542	0.0238409326210027
0.353719568170758	0.458736765212348
0.711464378119602	1.21308012595943
-0.417558608132882	0.50533720974154
0.00652573556159245	0.00738700713383186
-0.674898840923898	0.545790922920221
0.116224017930216	0.0680787722672144
-1.27031594953377	2.59638341180038
0.0377094746717669	0.0351664341513096
-0.453290869619212	0.547266636194999
-1.24663344763845	3.16271126965687
-0.408114083022421	0.633600483137758
-0.361535126452521	0.50126072952678
0.165371322378566	0.162165585419634
-0.218648213310298	0.243048868240553
-0.786816977758095	1.49323079675383
0.788104488946171	1.49685228321715
0.917252398243405	0.88435030569052
0.0422441790039478	0.0299334660534715
0.0616264557748945	0.0238611614751663
-0.376138151059544	0.319822824873719
-0.314352018405797	0.400853373883591
-0.235488423181181	0.138083855479216
0.404203204740069	0.58102061137406
-0.340318734754635	0.393900129438714
0.565693014912142	0.831058619543861
0.0469983758203242	0.0590239833472814
0.0855036248626709	0.108684566350649
-0.235145247146307	0.137839576861201
-0.21267756795132	0.172548501545212
-0.0392581020251831	0.0355054115028052
-0.0837952371623957	0.0895193318534761
-0.126429571409107	0.119879853188379
-0.13848453436695	0.154966885308078
-0.828838406899919	1.57213075936291
-0.311609641846119	0.361523136035686
0.0701513633078241	0.0593517700896445
0.403747569147816	0.553921466396936
-0.105387329992301	0.100271131977655
0.0119831252070657	0.00971607196279309
-0.00644961089764576	0.00360056110007621
-0.852437271138424	0.785639292487699
0.396284062791461	0.226395002349251
-0.298992997101124	0.237814501772248
0.128633379627941	0.165028307245553
-0.0786522619879239	0.0353023758590265
-0.152371425152682	0.152830584961858
1.04960695223528	2.14905419898907
-0.295051497932386	0.325486644704546
0.409496092186424	0.660083180478558
-0.0735623953153694	0.0993665532967998
-0.229067344095511	0.383902723397555
-0.967018538271791	1.5370261223463
0.0314973764891464	0.0329910956290581
-0.553044363849496	0.858736717806754
-0.354189789286963	0.430204455036442
-0.804607624179498	1.04838326440176
-0.449501899405118	0.407156451405089
0.0329705696538573	0.0326145365802706
-1.40188477168528	1.05085158297314
0.123652750327096	0.0918687990006859
-5.03424966418587	2.85015029555839
-0.253147483103661	0.203475468702817
0.220322927726218	0.330314880487788
-0.0489147483452937	0.0266769411251259
0.559808403305598	0.841203346782894
0.347746483465516	0.416601379102821
1.03841233654807	1.6954585793287
0.192314940098352	0.236914928935445
0.201015625845265	0.280830159449888
0.235917153981754	0.377047251657711
-0.0682720554037699	0.0730267998204001
-0.686814392821566	0.508383460359442
-0.224309396879475	0.149251198329982
0.0479747380547107	0.0242080962692441
0.567073497842433	0.612350181567098
0.457864698391224	0.617644427763253
-0.358379271334228	0.393572687858973
-0.486341906712555	0.728162083333381
-0.0516538489535434	0.0496489266561992
-0.0240765644943851	0.0203773939116825
-0.199749823257948	0.199144213504276
0.469593812999014	0.554916778250768
0.363592585951233	0.532086936861176
-0.322054918949587	0.231926205197877
-0.414004594020839	0.321166452093534
1.11237855832652	0.937463227606808
-0.173939041290908	0.117697673411669
-0.504344182057091	0.666203999043063
0.711889146938377	0.546487094584724
0.10663569316532	0.11003204841594
-0.27677647670133	0.289817404155938
-0.0887847648187836	0.0740452876426121
-0.389388539891374	0.625244781699033
-0.250997087373161	0.39666603988138
0.00708314735539676	0.00801993619364296
-0.216257063395139	0.319316309324698
-0.0358922523941764	0.0346014241217935
-0.583795009785311	0.55671016997845
-0.529515431774601	0.574306128490766
0.307685218219346	0.262191873974329
-0.354543161077659	0.430799467288776
0.143360691122381	0.148917224966634
0.0452142379954474	0.0461320102959911
0.135616089648225	0.152849259570857
-0.0242278111473789	0.0205124695706399
-0.0681965905204315	0.0653443371104795
-0.0570966825768805	0.0514268083269126
0.0193469379028536	0.019653948917922
0.399714800274633	0.325466427407848
-1.99507213074883	2.60152916950827
-0.849278232245566	0.35392746874739
0.210003694385071	0.163521719676352
-0.175961832396698	0.196293673068829
0.606653110878273	0.367855821635787
-0.126396576560984	0.119832610198755
0.0504863566821828	0.0486403657715934
-0.0240907788051298	0.0203907873891359
0.406224043446535	0.612330858455078
-1.11140213229215	2.62792954056972
0.467191940584087	0.567993893812278
-0.135875501452467	0.172672890663024
-0.0171850699573875	0.0191806831424019
-0.0474867409324103	0.0553543693261038
-0.462021087999725	0.447502234908464
0.579308063843042	0.812634937260912
0.0434918367459624	0.0469475799711741
-0.486471372817653	0.558041844103797
0.0829436615362906	0.0646312697887717
0.117100640385024	0.124552156880137
-0.038920009120252	0.0416712863609213
-0.253293402607584	0.309601214984446
-0.149549426102568	0.141313204887595
-0.15526104271029	0.164720472199756
0.165682379278086	0.162568888621897
-0.194671982538968	0.227792733013648
0.123597175674719	0.0918421735221754
-0.584770380906761	0.735720115659697
-0.184617640808077	0.0791844639739394
-0.510355386012621	0.457967106030025
-0.490060311778129	0.761500814588676
-0.260515813735499	0.131513276350311
0.0193633590575099	0.0196720158229136
-0.196687239879146	0.219079181952056
-0.366901603064755	0.466706952206251
-0.0879162947138939	0.0985124610368508
0.366139144251392	0.548880236205064
-0.0117944748023612	0.0126201311413686
-0.242281308076438	0.370840691071152
0.0826613991357834	0.109610212734356
-0.360197044748955	0.557946469300063
-0.901869572006474	1.11456661895987
-0.424117368856753	0.438543527599676
-0.0388075667069476	0.0415412190833571
0.126761394816786	0.138823812748316
0.0451941886939068	0.0395404803323533
-0.0762385562758686	0.0683809848002716
0.00868864883909554	0.00906481552057702
-0.240491626746176	0.344303728951824
0.219496362048802	0.264685560682506
-0.300390478759891	0.366181130159445
0.242232951396733	0.270626283943987
0.452261657765122	0.654797760986851
-0.805241524135154	1.23972043929069
-0.395648625201587	0.361230142066108
0.116295953547251	0.09866707543367
0.387874993216381	0.203847604957289
-0.144453079280324	0.119035776396889
0.333813204481111	0.509843596237997
-0.0789466320583325	0.0354412383139809
0.913387347046442	1.65032348103987
-0.0904155866031647	0.105848243657686
0.30171462823658	0.36889289121365
0.106180840135923	0.119085599699235
0.594448564234729	1.24522199597157
0.0137129511114427	0.0151456747932141
0.152801836527192	0.196853105960538
-0.122006816376113	0.149072677869369
-0.290184799513309	0.370339500286101
-1.47872278981458	1.6473945148113
-0.326583337471507	0.397570752857689
0.304929329513014	0.382551169819096
-0.0247789899595206	0.026519821060819
-0.583966582815357	1.04123650697896
-0.267902461950958	0.296284306421944
-0.818844386637368	1.40589798833625
-0.524796568368427	0.904996457729558
-0.0726138301315326	0.0813702764211012
0.206464891852957	0.235666863640129
-0.551454935714631	0.824277360684295
-0.00741570809188677	0.0067582717519894
0.0452063347072013	0.0461273781117871
-0.0977595413672359	0.0873402896859068
0.0534022027594585	0.0434049109031038
-0.0784777290597165	0.0352127653673877
-0.326286629897928	0.397098533546525
-0.0461342774880005	0.0469874680386494
0.211964338892854	0.113888136941665
-0.370154418548196	0.53373807218806
-0.0534542689951206	0.0572260032604664
-0.548925833559115	0.788095055052491
0.232196175305058	0.29534398660647
0.160910389287088	0.177309533356657
-0.46161940820774	0.584122583554187
0.273299970633952	0.35880049086984
-0.383503146643174	0.594813907335513
-0.660652778892171	1.06183000145326
-0.175353288135272	0.205392088739234
-0.429011195447041	0.642532235071434
-0.0681595298546282	0.0729004288703824
-0.0581669978155908	0.0651643014626981
-0.695990607664785	1.15863097554832
-0.313472541180534	0.434648480930405
-0.408461607517765	0.634310079902317
-0.358375940685143	0.393659572065618
-0.8041531819307	1.04835622278154
0.213456871119799	0.210647925506648
-0.242598255469465	0.211350814982338
-0.585188954366367	0.770382358841633
0.154899794371089	0.146894596927357
0.569646141193736	1.06103372880613
0.106758630167759	0.11017844916845
0.488519512068009	0.884160671094079
0.775885587907412	1.49982642857938
-0.0611824525286948	0.0621846951404846
-0.280012679921561	0.372816199985667
-0.395495985818899	0.570226941963848
0.0959063562428536	0.104488029646237
-0.525117102299562	0.934827230621021
-0.0390706791495814	0.0353285860793912
0.273779084547442	0.280830090920358
-0.237351297105779	0.27694903592396
-0.573148582352656	0.392220049465515
0.0594271047785193	0.0538533825522424
-0.414839541820487	0.574265757736426
-0.576905701247131	0.434174829667432
0.493224444534426	0.803585483911461
-0.0437934647916849	0.0490063752313771
0.0466221427373739	0.0559799827854414
0.227396935400408	0.318905761750945
-0.00707287785150967	0.00685286266674198
0.22923538544335	0.241254916757691
-0.587380681709766	0.876970016786679
-0.414612537817768	0.573564933974194
-0.475890069820379	0.657609414764575
0.199366507066152	0.221229800614028
-0.267552034570869	0.296005111255992
-0.187472987723589	0.239259284845473
-0.156425192619464	0.174735821344208
-0.165556039537674	0.219094443162701
0.405073223536302	0.596549064245277
-0.191547581432501	0.23451979779266
-0.0244165892079505	0.0206733595965953
-0.120993096309453	0.107620443854159
-0.149458100779494	0.141213605599012
-1.05066944257354	1.34922869469192
-1.28577581190987	2.31874392744355
-0.260134299103803	0.303012422569661
0.0296731587930069	0.025015163923455
-0.100435003005245	0.107205782426363
0.675614316458382	1.4526821850304
0.647263042791493	1.0958588744322
-0.436301970458403	0.578311585026432
0.451086580014176	0.796538076306597
0.0316097016339172	0.0331114697999854
0.0898014764231203	0.103197729290336
-0.0786940783731356	0.0992582918877314
0.199286121651699	0.221135710395305
0.489926538029424	0.851133582966936
-0.120925093198518	0.135421312458498
-0.236942751517031	0.276513985915957
-0.492971668948657	0.59417610643741
-0.573214592148753	0.392266645889591
-0.38477670837119	0.466419575565482
-0.174952402808169	0.204804406008656
-0.517751439642308	0.77450788613576
-0.30051197855532	0.366368601798828
0.566127688054382	0.831940072188146
0.133400905989228	0.134276068768162
-0.406382356092368	0.539470660115511
0.45790921358168	0.617764212807196
-0.126609541916808	0.120039411928275
0.294007288109323	0.340279522474778
0.006662376969557	0.00618086173696276
-0.131599657791357	0.13243687775718
-0.504458042101383	0.6664733904449
0.168976258825741	0.229268690555278
-0.308310565509411	0.321980218153114
-0.305942492426986	0.28303622507283
0.273826876987133	0.280909441302747
-0.0521275569897462	0.0405545159922933
-0.453596197291366	0.547888987690214
-0.308173585613694	0.321845672759447
-0.788470973906367	1.07565200611269
-0.267571763293336	0.248736957148137
-0.340318734754635	0.393900129438714
-0.225689611516033	0.288384126566781
0.0432762286437152	0.0466999646388413
-0.259738176522438	0.302409893603422
0.319105500106089	0.442798209962046
0.117091792657499	0.124553712380899
-0.0612149827771089	0.0622169310130989
0.258306900130668	0.313501950651946
0.236142571881541	0.256127850808635
-0.0175340112143064	0.0178993508762074
-0.302526825603655	0.402759866223319
-0.391603095504156	0.191462066890932
-0.29521581489961	0.325784162807981
-0.517271528703666	0.77300161104917
-0.025048207458078	0.0268175208509375
-0.395912367147654	0.502788555178664
-0.690735193228578	1.19094510352404
-0.187619756165044	0.23949531382904
0.0853154943296654	0.0902155788025716
-0.721059892324808	1.0286122190176
0.319105500106089	0.442798209962046
-1.22441740787855	2.88202615938565
-0.105981487637268	0.124162855680346
-0.0839101548251825	0.0896804799434511
-0.135613467135722	0.144150393226304
-0.121993715594273	0.142973439370011
-0.094413112054686	0.0955556770642198
-0.284829286276783	0.331122124860339
-0.276109477797648	0.337069212489842
0.279673485342594	0.296227165220454
1.38259977899843	2.2126842185588
0.14186650643306	0.0887251904730816
-0.486619927254043	0.558351829344739
-0.267527477679341	0.248662790565152
-0.175388368274571	0.154521317891927
-0.086223096326804	0.0823413953911775
0.353603089325894	0.458556526190231
-0.384646970843662	0.466396297593702
0.353683306732982	0.458681753806144
-0.668128490158068	0.99444724052994
0.247601108826257	0.284515820159461
0.268449343824773	0.343458689508477
0.289606205705462	0.325709216303048
0.258296590825906	0.313524138555659
0.453841460684993	0.642150651896888
-0.0882838244964056	0.0989795595781974
-0.0513576526469959	0.0493514353547173
0.16567956258833	0.162557463319082
-0.198113872258651	0.209187934467491
-0.486547391679659	0.558209748274968
0.404188592662226	0.514496549069589
-0.546374170707501	0.752602481269778
0.538778561403803	0.659093398924378
0.336882236921312	0.358938862814481
-0.377616588182981	0.501664113254739
-0.226650633377789	0.225273360016001
-0.340579455075056	0.394350904977686
-0.337964665164354	0.522736853401797
-0.351281819320573	0.467288127952674
-0.522676592511592	0.841889027165056
-0.0515790616599427	0.049582986780275
-0.267788625851382	0.296171324576082
-0.903416010864201	1.43950665457699
-0.0784452176349415	0.0605699329836714
0.567150867803544	0.61252615955913
-1.22063573597629	1.47078081518311
0.140421833819028	0.109404273443709
0.242212136082557	0.214873447961003
0.348031904398531	0.417085049823197
-0.387600672157288	0.537039853001257
-0.258968460677374	0.344882072027335
-0.105952964769417	0.124133848811566
0.0744042454415799	0.0763422498596441
-0.0462793831016753	0.0471362760383985
0.143961639021859	0.1805888013419
-0.585497355840345	1.01046453897241
0.268173705409466	0.343018240914635
0.355395950393926	0.472508217593994
0.144999892014487	0.168199197839175
0.263388224941956	0.328286737220557
-0.554439669007678	0.924967312745678
-0.371938176114341	0.429663376766273
-0.249742799563895	0.3453332255646
-0.473660802233427	0.86611714604753
-0.156530252947709	0.174892981308144
0.0899477577878441	0.103389921569779
-0.121853978461502	0.142774343576487
-0.0359234980727295	0.0346310723700901
0.0898014764231203	0.103197729290336
-0.187558545506609	0.239413057120069
-0.284682271967337	0.330957609695418
-0.284843435554093	0.331223122168483
0.284991391827496	0.311248699802727
-0.0651213055755922	0.0545987627423211
-0.434740442278771	0.474796346757395
-0.276733905376155	0.289806395431704
0.133394387348721	0.134317701145082
-0.707315226824415	1.09321258697769
0.294349460781332	0.340623044568738
-0.683123348026265	0.895894704152792
0.450155305314133	0.682301037775958
-0.176219184081106	0.19659143466359
0.589366055324006	0.991807644023579
-0.155241510140383	0.164752215096829
-0.465300963879442	0.749539759218298
-0.191666171117367	0.234684644410053
-0.0361454574118155	0.0348487697645534
-0.586793604885389	0.978903112739853
0.0728603216989401	0.0683483129699752
-0.495196062188634	0.825563528140556
0.0572404416911409	0.0602337108936209
-0.237019423248863	0.276633091706421
-0.766255713429042	0.662862174171496
0.0449482902201812	0.0512766763149811
-0.470386288526512	0.809568320149775
-0.152102328448114	0.152498834661603
-0.0759759106774231	0.0681096207392854
-0.475779426395946	0.657432300539715
0.268272228094522	0.34321942273997
-0.0861592392428049	0.0822160702805392
-0.468999754743568	0.620683139747106
-0.149380966561258	0.141123294546986
-0.236984108567865	0.276577279446236
0.34113757936575	0.545510395168893
-0.657244182928063	1.09521638525342
0.403973419005252	0.487634021560113
-0.155191656927904	0.164706134081034
0.059713578590855	0.0541424394935136
0.62092962199153	1.13847453426657
0.359424021532534	0.501779027844898
0.214009075425649	0.285396737619235
0.525764640498462	0.994762429748124
0.403691540860954	0.540563354072611
-0.788726613070269	1.07598570078681
-0.366408822028172	0.465607689867567
0.287264208763349	0.465073338666714
-0.300346155425251	0.366099910825748
-0.351166887737532	0.466989608351233
-0.499151907807295	0.63046179539976
0.0316518288715566	0.0331554988526051
-1.12675284254188	2.04619731561283
-0.0361061209102013	0.0348094441770028
-0.831342909262314	1.3770021863476
0.0197343310856155	0.0240276451700631
-0.41745214724801	0.505171498212945
-0.571624596727463	0.31249828110112
-0.00644961089764576	0.00360056110007621
-0.00419302000607679	0.0042853475541943
-1.09502046403257	2.05741828843993
-0.226513626909173	0.225112614887282
0.685129511475093	1.06772179743614
0.328786447714166	0.327414606948484
-1.10645311291655	1.48266611963981
-0.152566140390208	0.153045349507353
-0.094625972357169	0.0659346382070736
-0.740510459550258	0.968678686002583
-0.0437223675711854	0.036841930636138
-0.643421792919243	0.730783485480508
-0.152249949784927	0.193786739399267
-0.295134020491745	0.325713536239538
-0.0358922523941764	0.0346014241217935
0.68838930384642	0.900852092260805
0.305147285263609	0.382961845245299
0.357277366321061	0.486748240003283
-0.0384827644834153	0.0411663175166316
0.355615888635273	0.47288215470206
-0.23269163903291	0.344333262785805
0.502589272784718	0.749996877492958
0.0700063552564947	0.0592210127783069
0.783548023574475	1.3447434797401
0.0213933143197675	0.0230139122318752
0.2850513494567	0.311308163036481
-0.276186398108173	0.33719894201789
0.143249636981969	0.148801068337392
-0.259621741942627	0.372455918481305
0.0294904327713633	0.0248598539534069
0.25298238135663	0.298858366918064
0.734298291192008	1.36069670809446
0.373894518209233	0.600193113825044
-0.721231337360416	1.02856558869351
-0.581796614099137	0.516601711635223
-0.450166242288515	0.821549624683023
-0.552404752164871	1.01443491395253
-0.174942580899865	0.174964491664794
0.0634739417389823	0.0472242003056847
-0.175450117855301	0.154615707291325
0.594281571606925	0.793571037294675
0.0186074566745822	0.0125199585315506
0.929491540780297	1.04521159904456
-1.21670786629393	1.61775292920375
1.12404978821873	1.57565625621364
-1.16099934826013	1.76160331405092
0.116251737868713	0.0986237641289767
-0.149566702948432	0.141324796807023
0.18385257616847	0.192221564709984
-0.456773997183725	0.684010364855726
-0.451084647194961	0.649842956483817
-0.249702179252059	0.345301158007345
0.716475886616583	1.57373143650559
0.365871978000829	0.548157681842619
0.756780827928578	1.35003885836663
-0.156972776011469	0.175400904707586
0.110008420634467	0.13374723951367
0.0468677880589387	0.0562802821876305
-0.024382062775271	0.0206472483496781
0.134966258503616	0.164768161387601
-0.156603704862667	0.183492860111619
-0.16940860475537	0.21593917860992
0.301603673356494	0.368705672575412
-0.021021024712072	0.0203137618363653
0.226114156803612	0.28010122232972
-0.177174318002993	0.243104298572118
-0.413228541322577	0.664336530752542
-1.14263776625694	1.02054534626861
-0.0902779653596398	0.105676499962866
0.242201410397855	0.214856972470571
-0.690504646333271	0.86457604362879
0.203949039522137	0.19444232485102
-0.207338461846841	0.181745240326525
-0.242752834428572	0.211490878699713
0.490726494226836	0.473975961355747
0.602168156569745	0.582728310864622
-0.21750033957188	0.161125175337946
-0.449023738345913	0.406547278215946
-0.510488193751867	0.458138192503648
-0.207357562861288	0.181769539485242
-0.258963286713373	0.3448695712979
-0.115271452727123	0.0955899281819499
-0.835110011545114	1.18607356027983
-0.325236784632559	0.358093847196978
-0.395728183223634	0.361333908477863
-0.175450117855301	0.154615707291325
-0.548614604938777	0.787633424522442
0.0849021845843504	0.0823134649601651
0.305041167657893	0.382778269341025
0.297686519014366	0.354013603675835
0.305265663676214	0.383100515283109
-0.406758557924816	0.468965078087634
0.119425206821928	0.149206688175243
-0.156530252947709	0.174892981308144
0.341458949741078	0.546125383390646
-0.17332488581789	0.212223107917587
-0.524486593642884	0.903856935265933
-0.0390381784062605	0.035299511213813
0.11184517689089	0.105519526587957
-0.0358175648599567	0.0345261620635412
0.263381043283774	0.328236771875037
-0.509568096154869	0.703051585033663
-0.167830351359906	0.0869843248816228
0.667579914467143	1.2543618952881
-0.337893670261123	0.522649297800816
0.0869733725161406	0.105281382494998
-0.0173426046043028	0.0177007207551701
-0.0226701396215664	0.0205791172731892
-0.176094081108314	0.196402882137363
0.251287577610968	0.231807395552694
-0.112367118078718	0.113419400576558
0.0509596065579331	0.0491151748505074
-0.677095911215628	0.927850074260705
0.117061041511326	0.124520620798132
-0.453473474599044	0.547702135387232
-0.406075691167362	0.539034496947365
-0.0651593121891037	0.0546355325325421
0.467237634577781	0.568097244846531
0.601506931394543	0.97126481927131
0.2136297916731	0.284778340325137
-0.284662658390678	0.330866853451358
-0.631744326874401	0.83006903587321
-1.25842254284663	2.88077009292208
0.0067963178403867	0.00769436731847637
0.875824621214911	1.64294294489654
0.409941554469021	0.661355635625059
0.152429406881553	0.163179688505553
0.418301780589136	0.751069867554525
-0.198040458125103	0.209102142193863
-0.12055550022224	0.152981496925464
-0.322096027819269	0.231968199161496
0.240069515204429	0.353599402555019
0.273153788770154	0.413729671003977
0.362941336989946	0.681142771139047
0.212887840176836	0.249776254046918
0.0452598186496414	0.0395997069810177
-0.149443909525978	0.141191532444454
0.251355185327909	0.231882942152882
-0.00707184627216966	0.00557531906576869
-0.144337072491456	0.118936189304073
-0.298733198054574	0.237505669362653
0.175181148866662	0.177543649883191
0.927870096135125	1.50725882136014
-0.709787109512496	1.34876956148799
0.0195188568254364	0.0198297080183869
-0.0515043497701763	0.0495071268782653
-0.490129558626503	0.761755714269906
0.268294395542922	0.343223569803288
0.00642848768452179	0.00632953830397128
0.00661842751006425	0.00651368370073328
0.56228787746432	1.11078428794424
0.152507219195271	0.19649822401074
-0.103914624281307	0.116414519358909
-0.366865704083111	0.466735212889247
-0.267686383224945	0.248900918605643
-0.200040090297209	0.265426771828632
-0.351778466969887	0.276492787768648
-0.498745723845442	0.913622878076292
0.356865469834517	0.633876463624708
0.0771940906355871	0.105976470661084
-0.0251745923823595	0.0269492040551589
-0.248202924435382	0.260633551477044
0.328911864017384	0.32768756401227
-0.0773874373647668	0.0785017862961725
-0.15264759113591	0.153139009558534
-0.326145362778106	0.396790815052761
-0.171733333748742	0.102903938585626
0.490841685825983	0.474078421825938
-0.00696124358956122	0.00548773133063205
0.213760303672103	0.284998517672973
-0.00747012760032937	0.00723574564164399
0.105903960549704	0.118734285028643
-0.215058284937049	0.251268022619743
-0.173148358108782	0.212047147197926
0.488746962125898	0.903162929948873
-0.496969441888463	0.856350623841385
-0.08820875128251	0.0988749487550889
-0.221977967604186	0.233722302180923
-1.74054990732729	1.57524358635527
-0.434923585211303	0.47510312925247
-0.122315728391866	0.143379670531578
0.843652541505197	1.80130901005127
0.319235301181275	0.443097711412752
-0.434198755749868	0.674510792378099
-0.525102411887067	0.905591688686253
-0.165539253488237	0.219081246271257
-0.00736078359105389	0.00885058001742721
-0.182110817240643	0.285195370558317
0.138501643549606	0.194918753198432
-0.158836493401748	0.22487176954408
0.059139655289878	0.080497069585161
-0.766412785933738	0.662981596025657
0.181354727690782	0.127651068600099
-0.0394432749489625	0.0250150078693679
0.140291664257484	0.109292144434577
-0.449932227857882	0.821033407412145
0.006307429706926	0.00621072824243606
0.0187457652159364	0.0126131330967193
0.0370727918476113	0.0473023269452663
-0.258898321508112	0.344765343087912
-0.00428091604710905	0.00437441159871068
0.460327769386857	0.605669736017955
-0.509543045320346	0.702935887620858
-0.408183683855628	0.633772334780884
-0.138619608969483	0.155119090040067
0.787886857692491	1.49626484449991
-0.784729864016902	1.67509157270893
0.0133571055587898	0.0147505134860296
-0.187660563939606	0.239532875924895
-0.0107261170256349	0.0124309165419258
0.0709059155571807	0.0953454773164556
0.056465845885074	0.0695912033331494
0.227110997758675	0.318488876636424
0.0452029359693109	0.0590055542798466
-0.422449925713195	0.236621569800395
1.03223474756332	0.911370242557373
-0.674738461858098	0.545560938008652
-0.509623603731106	0.70312683068429
-0.155518149714154	0.165042857335664
0.143591636559433	0.131492801918574
0.162280841525396	0.198971334337873
0.244477226058257	0.327536143851485
-0.314277154283179	0.40074371404606
-0.0174702646451746	0.017831924347339
-0.415019832465101	0.574606110906122
-0.469055327212848	0.620810936052822
0.0572142197057323	0.0602090008318968
-0.173241417305503	0.212161541420718
-0.12074611187115	0.17001808956301
0.488194802993933	0.919963144048304
-0.231284639302614	0.375935983205518
0.578448132272237	1.33776419875497
0.607206583998095	1.18050769860171
0.0945315307203028	0.123186952835876
-0.0609715882043687	0.0711799043839973
-1.63529122922898	1.39567717437349
-0.171854279210956	0.102994903376511
-0.284960393323697	0.186248011498073
-0.884896330166326	1.46274941889594
-0.222067513820695	0.233838915126725
0.238274112515449	0.311040924802728
0.268301711761427	0.343267646630835
-0.342905554190779	0.357054284925403
0.220129575111427	0.329917085924793
-0.447626945155982	0.793045695320709
-0.105724561828596	0.123846741487377
-0.738862611240096	1.44716625717292
0.408430047258511	0.644296978695521
-0.584077815872802	1.0416217490534
-0.356302334992183	0.607171784638379
0.160612162295043	0.227500722909304
1.08795053523139	3.99664491207385
-0.445377653184666	0.765434098895906
-0.0661944001690479	0.083312104917225
-0.0121572998954541	0.0130121544587307
-0.112472448295592	0.163520097052265
0.0550225883429502	0.0707232419861952
-0.212619627852442	0.172495534098922
-0.218451581603425	0.242746912676528
0.100627029234035	0.081897876495372
0.143449903761081	0.131340527171784
-0.196817094209137	0.219243004617607
-0.135721489234213	0.144280461159158
-0.302552643414385	0.402859560313542
-0.138193097241438	0.168980813224788
-1.24519955622981	1.02234001569233
0.116843265089864	0.124249167476553
-0.259004353841051	0.397090014449618
-0.18216613392961	0.241307020462705
-0.284762857062986	0.331098376798186
-0.0570149322266809	0.0513496364451899
0.355719567163989	0.472977673536826
0.0506162890466698	0.0487746101269717
0.229088067842511	0.241113672906605
-0.00707184627216966	0.00557531906576869
-0.45093954716879	0.649520421249657
-0.308050662446001	0.321672786774953
-0.289044918876263	0.285330928071878
-0.774974987085188	1.10298416365353
-0.0065406143845039	0.00556398442614708
-0.366288024273917	0.358719126175179
-0.709021960009537	0.801332141951838
-0.643478337787075	0.730769002674578
-0.0636620015284318	0.0772471437724183
-1.24519154070041	1.02240393492908
-0.546146855792258	0.752358832671071
0.0789599368824851	0.0881291833810249
0.192470421582257	0.237129818659399
-0.0863375117323195	0.0824344559342049
-0.0391117004135616	0.0353684167663608
-0.586586495614115	0.840744246940187
0.175401942728811	0.177755036030902
-0.45342782500347	0.547612156179361
-0.905094653091628	1.60371040982223
0.00946248301590603	0.00824000632082207
-0.354134187356251	0.430075869217265
-0.453262459183411	0.547030355586531
0.403628904542407	0.47360256548135
0.191808060380063	0.206697115515059
-0.486636957253758	0.558144767967263
-0.191374378218614	0.234248612869194
-0.0039035392595888	0.00398796041554207
0.128862234571198	0.0572251923644326
-0.311746901710467	0.361723925255639
-0.117575218040507	0.125263775753223
0.294300583684105	0.34062780495388
-0.395826390312723	0.502646703766511
0.0204997464831512	0.0196436248794894
0.183836105135664	0.192184430154779
0.0330856423678072	0.0327366554702609
0.502481256153025	0.749756068002924
-0.225652079028798	0.28827015402387
0.0333057162196626	0.0329537244943795
0.0294447541908941	0.024819822394966
-0.21549359132007	0.251787383611041
-0.585086524184014	0.701967708222198
-0.237019423248863	0.276633091706421
-0.112527894311587	0.11359147021313
-0.30084952797605	0.432957480201241
-0.472024518616386	0.329044883502682
-0.546000896888308	0.752069276711039
-0.12192985544552	0.142895482694036
-0.897147089666027	0.939516441479131
-0.0357490264218196	0.0344528085798427
0.287743372818096	0.407168530649882
0.723909612229326	1.36667119667045
0.206022555551916	0.235096848188072
-0.205878538206791	0.262897772772227
0.62637031767371	1.12632700942526
-0.74555196879667	1.19502542225652
-0.68536220980093	1.22192769872699
-0.548906021737679	0.788371838522557
-0.586652548644392	0.874825226357552
-0.17499179377237	0.175027817155251
0.0743387399926698	0.0762593768291068
0.00941343593796958	0.00819806068240049
-0.175920059883473	0.196250735361145
-0.154945330258579	0.164394153074728
-0.686827855694164	0.508381075212563
0.21407284627405	0.313626471859112
0.120123897665183	0.150116261011561
0.253314714391232	0.299359661037398
-0.308398478798824	0.321879224019597
0.13054244969294	0.115175477403237
-0.358544422770699	0.393783257731542
0.404058915823754	0.52784695999552
0.717784526958034	0.886964579977082
-0.0242907241103381	0.0205681671656729
-0.366150679458196	0.358599575312925
-0.0516399717258896	0.0496444280724844
-0.309115087560434	0.461010355886954
-0.683057375984061	0.895757981090526
-0.43851279856217	0.705740417684617
-0.571618661584741	0.312525279780433
-0.788726613070269	1.07598570078681
-0.402661065679032	0.603171152221411
0.193822237615224	0.264067692389009
-0.340799766707369	0.394629882473458
0.098989756793871	0.0901977372040545
0.735826039424443	0.88216317648726
0.0853543688674141	0.0750207625324282
0.0961947142637812	0.096275394272617
0.551455546026402	0.635735040159149
-0.90191512807479	1.11477805490437
-0.300653138455055	0.432669340545682
-1.24502179654099	1.02203226696656
-0.253408338611602	0.309749352415703
0.343531816032784	0.389109926264528
-0.00742996463284957	0.00719683195066627
-0.0514738806612405	0.0494768130550401
-0.198197097444794	0.209105899025955
-0.290157702164348	0.370321039809856
0.0314037568056455	0.0328888446830943
-0.53633288620611	0.64469033602015
-0.0682632052780165	0.0730189660241505
-0.10060690072741	0.0534984057920706
-0.553224441892021	0.858944564903243
0.206854939007864	0.268784337818546
0.0957831430023509	0.10432523173144
0.488496491480746	0.902641548034843
0.0630119221484526	0.0626910801602054
0.289704220495775	0.325872920367311
-0.00421570815500214	0.00430634981508406
-0.351141684754178	0.466976714311815
-0.417362482445484	0.504980432430968
-0.618420779941661	1.06696061568675
0.44947006785805	0.744488354029986
0.788177040228257	1.49688994747133
0.13032869763685	0.11492653331616
-0.131513577744669	0.132322902285428
-0.38377942898248	0.595483280129898
-0.245934599437039	0.314118146938718
-0.171868434519582	0.102987037446451
0.0192938244649121	0.0195995806084625
0.0684276729537896	0.0741892140639547
-0.300731357986164	0.432797289459906
-0.716615469308399	1.3193870212997
-0.17617743793225	0.196577492004185
-0.131630163653462	0.13247575159184
-0.200245767571844	0.265832687838829
0.256612218398315	0.361592326308591
-0.302466198377668	0.402615216480778
-0.585473946361084	1.00966724118664
-0.0916921971630808	0.11584890768625
-0.0388917324317076	0.0351585262000217
-0.305836931473833	0.282943420461843
-0.0345888874345719	0.0246869544626193
-0.453564770510781	0.54784637673048
-0.202601045089664	0.190013213598463
0.0659098026350808	0.0833256276186248
0.594327264366659	0.793634147802104
-0.139822767383323	0.105999705204428
-0.175450117855301	0.154615707291325
-0.314497144428134	0.400962688549357
-0.233250917538321	0.2177963918487
-0.413306750326808	0.664490292816477
-0.175090314581425	0.175092704968556
