group	fill	colour	clickSelects
1	#FFFFFF	#D3D3D3	73
2	#FFFFFF	#D3D3D3	7
3	#FFFFFF	#D3D3D3	7
4	#FFFFFF	#D3D3D3	7
5	#FFFFFF	#D3D3D3	73
6	#FFFFFF	#D3D3D3	73
7	#FFFFFF	#D3D3D3	7
8	#FFFFFF	#D3D3D3	7
9	#FFFFFF	#D3D3D3	7
10	#FFFFFF	#D3D3D3	7
11	#FFFFFF	#D3D3D3	7
12	#FFFFFF	#D3D3D3	7
13	#FFFFFF	#D3D3D3	7
14	#FFFFFF	#D3D3D3	7
15	#FFFFFF	#D3D3D3	7
16	#FFFFFF	#D3D3D3	7
17	#FFFFFF	#D3D3D3	7
18	#FFFFFF	#D3D3D3	7
19	#FFFFFF	#D3D3D3	7
20	#FFFFFF	#D3D3D3	7
21	#FFFFFF	#D3D3D3	7
22	#FFFFFF	#D3D3D3	7
23	#FFFFFF	#D3D3D3	7
24	#FFFFFF	#D3D3D3	7
25	#FFFFFF	#D3D3D3	7
26	#FFFFFF	#D3D3D3	7
27	#FFFFFF	#D3D3D3	7
28	#FFFFFF	#D3D3D3	7
29	#FFFFFF	#D3D3D3	7
30	#FFFFFF	#D3D3D3	7
31	#FFFFFF	#D3D3D3	7
32	#FFFFFF	#D3D3D3	7
33	#FFFFFF	#D3D3D3	7
34	#FFFFFF	#D3D3D3	7
35	#FFFFFF	#D3D3D3	7
36	#FFFFFF	#D3D3D3	7
37	#FFFFFF	#D3D3D3	7
38	#FFFFFF	#D3D3D3	7
39	#FFFFFF	#D3D3D3	109
40	#FFFFFF	#D3D3D3	109
41	#FFFFFF	#D3D3D3	109
42	#FFFFFF	#D3D3D3	109
43	#FFFFFF	#D3D3D3	7
44	#FFFFFF	#D3D3D3	7
45	#FFFFFF	#D3D3D3	7
46	#FFFFFF	#D3D3D3	7
47	#FFFFFF	#D3D3D3	7
48	#FFFFFF	#D3D3D3	7
49	#FFFFFF	#D3D3D3	7
50	#FFFFFF	#D3D3D3	7
51	#FFFFFF	#D3D3D3	73
52	#FFFFFF	#D3D3D3	7
53	#FFFFFF	#D3D3D3	7
54	#FFFFFF	#D3D3D3	7
55	#FFFFFF	#D3D3D3	7
56	#FFFFFF	#D3D3D3	7
57	#FFFFFF	#D3D3D3	73
58	#FFFFFF	#D3D3D3	7
59	#FFFFFF	#D3D3D3	7
60	#FFFFFF	#D3D3D3	7
61	#FFFFFF	#D3D3D3	7
62	#FFFFFF	#D3D3D3	7
63	#FFFFFF	#D3D3D3	7
64	#FFFFFF	#D3D3D3	7
65	#FFFFFF	#D3D3D3	7
66	#FFFFFF	#D3D3D3	7
67	#FFFFFF	#D3D3D3	7
68	#FFFFFF	#D3D3D3	7
69	#FFFFFF	#D3D3D3	7
70	#FFFFFF	#D3D3D3	7
71	#FFFFFF	#D3D3D3	7
72	#FFFFFF	#D3D3D3	7
73	#FFFFFF	#D3D3D3	7
74	#FFFFFF	#D3D3D3	7
75	#FFFFFF	#D3D3D3	7
76	#FFFFFF	#D3D3D3	7
77	#FFFFFF	#D3D3D3	7
78	#FFFFFF	#D3D3D3	7
79	#FFFFFF	#D3D3D3	7
80	#FFFFFF	#D3D3D3	7
81	#FFFFFF	#D3D3D3	7
82	#FFFFFF	#D3D3D3	7
83	#FFFFFF	#D3D3D3	7
84	#FFFFFF	#D3D3D3	7
85	#FFFFFF	#D3D3D3	7
86	#FFFFFF	#D3D3D3	7
87	#FFFFFF	#D3D3D3	7
88	#FFFFFF	#D3D3D3	7
89	#FFFFFF	#D3D3D3	109
90	#FFFFFF	#D3D3D3	109
91	#FFFFFF	#D3D3D3	109
92	#FFFFFF	#D3D3D3	109
93	#FFFFFF	#D3D3D3	7
94	#FFFFFF	#D3D3D3	7
95	#FFFFFF	#D3D3D3	7
96	#FFFFFF	#D3D3D3	7
97	#FFFFFF	#D3D3D3	7
98	#FFFFFF	#D3D3D3	7
99	#FFFFFF	#D3D3D3	7
100	#FFFFFF	#D3D3D3	7
101	#FFFFFF	#D3D3D3	7
102	#FFFFFF	#D3D3D3	73
103	#FFFFFF	#D3D3D3	7
104	#FFFFFF	#D3D3D3	7
105	#FFFFFF	#D3D3D3	73
106	#FFFFFF	#D3D3D3	7
107	#FFFFFF	#D3D3D3	73
108	#FFFFFF	#D3D3D3	73
109	#FFFFFF	#D3D3D3	73
110	#FFFFFF	#D3D3D3	73
111	#FFFFFF	#D3D3D3	7
112	#FFFFFF	#D3D3D3	7
113	#FFFFFF	#D3D3D3	7
114	#FFFFFF	#D3D3D3	7
115	#FFFFFF	#D3D3D3	7
116	#FFFFFF	#D3D3D3	7
117	#FFFFFF	#D3D3D3	7
118	#FFFFFF	#D3D3D3	7
119	#FFFFFF	#D3D3D3	7
120	#FFFFFF	#D3D3D3	7
121	#FFFFFF	#D3D3D3	7
122	#FFFFFF	#D3D3D3	7
123	#FFFFFF	#D3D3D3	7
124	#FFFFFF	#D3D3D3	7
125	#FFFFFF	#D3D3D3	7
126	#FFFFFF	#D3D3D3	7
127	#FFFFFF	#D3D3D3	7
128	#FFFFFF	#D3D3D3	7
129	#FFFFFF	#D3D3D3	7
130	#FFFFFF	#D3D3D3	7
131	#FFFFFF	#D3D3D3	7
132	#FFFFFF	#D3D3D3	7
133	#FFFFFF	#D3D3D3	7
134	#FFFFFF	#D3D3D3	7
135	#FFFFFF	#D3D3D3	7
136	#FFFFFF	#D3D3D3	7
137	#FFFFFF	#D3D3D3	7
138	#FFFFFF	#D3D3D3	7
139	#FFFFFF	#D3D3D3	7
140	#FFFFFF	#D3D3D3	109
141	#FFFFFF	#D3D3D3	109
142	#FFFFFF	#D3D3D3	109
143	#FFFFFF	#D3D3D3	109
144	#FFFFFF	#D3D3D3	7
145	#FFFFFF	#D3D3D3	7
146	#FFFFFF	#D3D3D3	7
147	#FFFFFF	#D3D3D3	7
148	#FFFFFF	#D3D3D3	7
149	#FFFFFF	#D3D3D3	7
150	#FFFFFF	#D3D3D3	7
151	#FFFFFF	#D3D3D3	7
152	#FFFFFF	#D3D3D3	7
153	#FFFFFF	#D3D3D3	7
154	#FFFFFF	#D3D3D3	7
155	#FFFFFF	#D3D3D3	7
156	#FFFFFF	#D3D3D3	7
157	#FFFFFF	#D3D3D3	7
158	#FFFFFF	#D3D3D3	382
159	#FFFFFF	#D3D3D3	7
160	#FFFFFF	#D3D3D3	7
161	#FFFFFF	#D3D3D3	7
162	#FFFFFF	#D3D3D3	7
163	#FFFFFF	#D3D3D3	7
164	#FFFFFF	#D3D3D3	147
165	#FFFFFF	#D3D3D3	73
166	#FFFFFF	#D3D3D3	147
167	#FFFFFF	#D3D3D3	7
168	#FFFFFF	#D3D3D3	147
169	#FFFFFF	#D3D3D3	147
170	#FFFFFF	#D3D3D3	147
171	#FFFFFF	#D3D3D3	147
172	#FFFFFF	#D3D3D3	147
173	#FFFFFF	#D3D3D3	147
174	#FFFFFF	#D3D3D3	147
175	#FFFFFF	#D3D3D3	147
176	#FFFFFF	#D3D3D3	7
177	#FFFFFF	#D3D3D3	147
178	#FFFFFF	#D3D3D3	147
179	#FFFFFF	#D3D3D3	147
180	#FFFFFF	#D3D3D3	147
181	#FFFFFF	#D3D3D3	147
182	#FFFFFF	#D3D3D3	147
183	#FFFFFF	#D3D3D3	147
184	#FFFFFF	#D3D3D3	7
185	#FFFFFF	#D3D3D3	7
186	#FFFFFF	#D3D3D3	7
187	#FFFFFF	#D3D3D3	7
188	#FFFFFF	#D3D3D3	7
189	#FFFFFF	#D3D3D3	7
190	#FFFFFF	#D3D3D3	7
191	#FFFFFF	#D3D3D3	7
192	#FFFFFF	#D3D3D3	7
193	#FFFFFF	#D3D3D3	7
194	#FFFFFF	#D3D3D3	109
195	#FFFFFF	#D3D3D3	7
196	#FFFFFF	#D3D3D3	109
197	#FFFFFF	#D3D3D3	109
198	#FFFFFF	#D3D3D3	73
199	#FFFFFF	#D3D3D3	73
200	#FFFFFF	#D3D3D3	73
201	#FFFFFF	#D3D3D3	7
202	#FFFFFF	#D3D3D3	7
203	#FFFFFF	#D3D3D3	7
204	#FFFFFF	#D3D3D3	7
205	#FFFFFF	#D3D3D3	73
206	#FFFFFF	#D3D3D3	7
207	#FFFFFF	#D3D3D3	7
208	#FFFFFF	#D3D3D3	382
209	#FFFFFF	#D3D3D3	7
210	#FFFFFF	#D3D3D3	7
211	#FFFFFF	#D3D3D3	7
212	#FFFFFF	#D3D3D3	7
213	#FFFFFF	#D3D3D3	7
214	#FFFFFF	#D3D3D3	147
215	#FFFFFF	#D3D3D3	147
216	#FFFFFF	#D3D3D3	73
217	#FFFFFF	#D3D3D3	7
218	#FFFFFF	#D3D3D3	147
219	#FFFFFF	#D3D3D3	147
220	#FFFFFF	#D3D3D3	147
221	#FFFFFF	#D3D3D3	147
222	#FFFFFF	#D3D3D3	147
223	#FFFFFF	#D3D3D3	147
224	#FFFFFF	#D3D3D3	147
225	#FFFFFF	#D3D3D3	147
226	#FFFFFF	#D3D3D3	147
227	#FFFFFF	#D3D3D3	73
228	#FFFFFF	#D3D3D3	147
229	#FFFFFF	#D3D3D3	147
230	#FFFFFF	#D3D3D3	147
231	#FFFFFF	#D3D3D3	147
232	#FFFFFF	#D3D3D3	7
233	#FFFFFF	#D3D3D3	147
234	#FFFFFF	#D3D3D3	7
235	#FFFFFF	#D3D3D3	7
236	#FFFFFF	#D3D3D3	7
237	#FFFFFF	#D3D3D3	7
238	#FFFFFF	#D3D3D3	73
239	#FFFFFF	#D3D3D3	7
240	#FFFFFF	#D3D3D3	7
241	#FFFFFF	#D3D3D3	7
242	#FFFFFF	#D3D3D3	7
243	#FFFFFF	#D3D3D3	7
244	#FFFFFF	#D3D3D3	7
245	#FFFFFF	#D3D3D3	7
246	#FFFFFF	#D3D3D3	109
247	#FFFFFF	#D3D3D3	109
248	#FFFFFF	#D3D3D3	73
249	#FFFFFF	#D3D3D3	73
250	#FFFFFF	#D3D3D3	73
251	#FFFFFF	#D3D3D3	7
252	#FFFFFF	#D3D3D3	7
253	#FFFFFF	#D3D3D3	7
254	#FFFFFF	#D3D3D3	73
255	#FFFFFF	#D3D3D3	73
256	#FFFFFF	#D3D3D3	73
257	#FFFFFF	#D3D3D3	7
258	#FFFFFF	#D3D3D3	7
259	#FFFFFF	#D3D3D3	7
260	#FFFFFF	#D3D3D3	7
261	#FFFFFF	#D3D3D3	7
262	#FFFFFF	#D3D3D3	7
263	#FFFFFF	#D3D3D3	7
264	#FFFFFF	#D3D3D3	7
265	#FFFFFF	#D3D3D3	147
266	#FFFFFF	#D3D3D3	73
267	#FFFFFF	#D3D3D3	147
268	#FFFFFF	#D3D3D3	147
269	#FFFFFF	#D3D3D3	147
270	#FFFFFF	#D3D3D3	147
271	#FFFFFF	#D3D3D3	147
272	#FFFFFF	#D3D3D3	147
273	#FFFFFF	#D3D3D3	147
274	#FFFFFF	#D3D3D3	147
275	#FFFFFF	#D3D3D3	147
276	#FFFFFF	#D3D3D3	147
277	#FFFFFF	#D3D3D3	73
278	#FFFFFF	#D3D3D3	147
279	#FFFFFF	#D3D3D3	147
280	#FFFFFF	#D3D3D3	147
281	#FFFFFF	#D3D3D3	147
282	#FFFFFF	#D3D3D3	147
283	#FFFFFF	#D3D3D3	7
284	#FFFFFF	#D3D3D3	147
285	#FFFFFF	#D3D3D3	7
286	#FFFFFF	#D3D3D3	7
287	#FFFFFF	#D3D3D3	7
288	#FFFFFF	#D3D3D3	73
289	#FFFFFF	#D3D3D3	7
290	#FFFFFF	#D3D3D3	7
291	#FFFFFF	#D3D3D3	7
292	#FFFFFF	#D3D3D3	7
293	#FFFFFF	#D3D3D3	7
294	#FFFFFF	#D3D3D3	7
295	#FFFFFF	#D3D3D3	7
296	#FFFFFF	#D3D3D3	109
297	#FFFFFF	#D3D3D3	109
298	#FFFFFF	#D3D3D3	109
299	#FFFFFF	#D3D3D3	73
300	#FFFFFF	#D3D3D3	73
301	#FFFFFF	#D3D3D3	73
302	#FFFFFF	#D3D3D3	73
303	#FFFFFF	#D3D3D3	73
304	#FFFFFF	#D3D3D3	7
305	#FFFFFF	#D3D3D3	73
306	#FFFFFF	#D3D3D3	73
307	#FFFFFF	#D3D3D3	7
308	#FFFFFF	#D3D3D3	7
309	#FFFFFF	#D3D3D3	7
310	#FFFFFF	#D3D3D3	7
311	#FFFFFF	#D3D3D3	7
312	#FFFFFF	#D3D3D3	7
313	#FFFFFF	#D3D3D3	7
314	#FFFFFF	#D3D3D3	7
315	#FFFFFF	#D3D3D3	7
316	#FFFFFF	#D3D3D3	7
317	#FFFFFF	#D3D3D3	73
318	#FFFFFF	#D3D3D3	147
319	#FFFFFF	#D3D3D3	147
320	#FFFFFF	#D3D3D3	147
321	#FFFFFF	#D3D3D3	147
322	#FFFFFF	#D3D3D3	147
323	#FFFFFF	#D3D3D3	147
324	#FFFFFF	#D3D3D3	147
325	#FFFFFF	#D3D3D3	147
326	#FFFFFF	#D3D3D3	147
327	#FFFFFF	#D3D3D3	147
328	#FFFFFF	#D3D3D3	73
329	#FFFFFF	#D3D3D3	147
330	#FFFFFF	#D3D3D3	147
331	#FFFFFF	#D3D3D3	7
332	#FFFFFF	#D3D3D3	7
333	#FFFFFF	#D3D3D3	7
334	#FFFFFF	#D3D3D3	7
335	#FFFFFF	#D3D3D3	7
336	#FFFFFF	#D3D3D3	7
337	#FFFFFF	#D3D3D3	7
338	#FFFFFF	#D3D3D3	7
339	#FFFFFF	#D3D3D3	73
340	#FFFFFF	#D3D3D3	7
341	#FFFFFF	#D3D3D3	7
342	#FFFFFF	#D3D3D3	7
343	#FFFFFF	#D3D3D3	7
344	#FFFFFF	#D3D3D3	7
345	#FFFFFF	#D3D3D3	7
346	#FFFFFF	#D3D3D3	7
347	#FFFFFF	#D3D3D3	109
348	#FFFFFF	#D3D3D3	109
349	#FFFFFF	#D3D3D3	73
350	#FFFFFF	#D3D3D3	73
351	#FFFFFF	#D3D3D3	73
352	#FFFFFF	#D3D3D3	73
353	#FFFFFF	#D3D3D3	73
354	#FFFFFF	#D3D3D3	73
355	#FFFFFF	#D3D3D3	73
356	#FFFFFF	#D3D3D3	73
357	#FFFFFF	#D3D3D3	73
358	#FFFFFF	#D3D3D3	7
360	#FFFFFF	#D3D3D3	7
361	#FFFFFF	#D3D3D3	7
362	#FFFFFF	#D3D3D3	7
363	#FFFFFF	#D3D3D3	7
364	#FFFFFF	#D3D3D3	7
365	#FFFFFF	#D3D3D3	7
366	#FFFFFF	#D3D3D3	7
367	#FFFFFF	#D3D3D3	73
368	#FFFFFF	#D3D3D3	7
369	#FFFFFF	#D3D3D3	147
370	#FFFFFF	#D3D3D3	147
371	#FFFFFF	#D3D3D3	7
372	#FFFFFF	#D3D3D3	147
373	#FFFFFF	#D3D3D3	147
374	#FFFFFF	#D3D3D3	147
375	#FFFFFF	#D3D3D3	147
376	#FFFFFF	#D3D3D3	147
377	#FFFFFF	#D3D3D3	147
378	#FFFFFF	#D3D3D3	73
379	#FFFFFF	#D3D3D3	147
380	#FFFFFF	#D3D3D3	147
381	#FFFFFF	#D3D3D3	7
382	#FFFFFF	#D3D3D3	7
383	#FFFFFF	#D3D3D3	7
384	#FFFFFF	#D3D3D3	7
385	#FFFFFF	#D3D3D3	7
386	#FFFFFF	#D3D3D3	7
387	#FFFFFF	#D3D3D3	147
388	#FFFFFF	#D3D3D3	147
389	#FFFFFF	#D3D3D3	73
390	#FFFFFF	#D3D3D3	7
391	#FFFFFF	#D3D3D3	7
392	#FFFFFF	#D3D3D3	7
393	#FFFFFF	#D3D3D3	7
394	#FFFFFF	#D3D3D3	7
395	#FFFFFF	#D3D3D3	7
396	#FFFFFF	#D3D3D3	7
397	#FFFFFF	#D3D3D3	109
398	#FFFFFF	#D3D3D3	109
399	#FFFFFF	#D3D3D3	109
400	#FFFFFF	#D3D3D3	73
401	#FFFFFF	#D3D3D3	73
402	#FFFFFF	#D3D3D3	73
403	#FFFFFF	#D3D3D3	73
404	#FFFFFF	#D3D3D3	73
405	#FFFFFF	#D3D3D3	73
406	#FFFFFF	#D3D3D3	73
407	#FFFFFF	#D3D3D3	73
408	#FFFFFF	#D3D3D3	7
409	#FFFFFF	#D3D3D3	7
410	#FFFFFF	#D3D3D3	7
411	#FFFFFF	#D3D3D3	7
412	#FFFFFF	#D3D3D3	7
413	#FFFFFF	#D3D3D3	7
414	#FFFFFF	#D3D3D3	73
415	#FFFFFF	#D3D3D3	73
416	#FFFFFF	#D3D3D3	7
417	#FFFFFF	#D3D3D3	73
418	#FFFFFF	#D3D3D3	73
419	#FFFFFF	#D3D3D3	7
420	#FFFFFF	#D3D3D3	147
421	#FFFFFF	#D3D3D3	147
422	#FFFFFF	#D3D3D3	7
423	#FFFFFF	#D3D3D3	147
424	#FFFFFF	#D3D3D3	147
425	#FFFFFF	#D3D3D3	147
426	#FFFFFF	#D3D3D3	147
427	#FFFFFF	#D3D3D3	147
428	#FFFFFF	#D3D3D3	147
429	#FFFFFF	#D3D3D3	73
430	#FFFFFF	#D3D3D3	147
431	#FFFFFF	#D3D3D3	147
432	#FFFFFF	#D3D3D3	7
433	#FFFFFF	#D3D3D3	7
434	#FFFFFF	#D3D3D3	7
435	#FFFFFF	#D3D3D3	7
436	#FFFFFF	#D3D3D3	7
437	#FFFFFF	#D3D3D3	147
438	#FFFFFF	#D3D3D3	147
439	#FFFFFF	#D3D3D3	147
440	#FFFFFF	#D3D3D3	73
441	#FFFFFF	#D3D3D3	7
442	#FFFFFF	#D3D3D3	7
443	#FFFFFF	#D3D3D3	7
444	#FFFFFF	#D3D3D3	7
445	#FFFFFF	#D3D3D3	7
446	#FFFFFF	#D3D3D3	7
447	#FFFFFF	#D3D3D3	7
448	#FFFFFF	#D3D3D3	109
449	#FFFFFF	#D3D3D3	109
450	#FFFFFF	#D3D3D3	73
451	#FFFFFF	#D3D3D3	73
452	#FFFFFF	#D3D3D3	73
453	#FFFFFF	#D3D3D3	73
454	#FFFFFF	#D3D3D3	73
455	#FFFFFF	#D3D3D3	73
456	#FFFFFF	#D3D3D3	73
457	#FFFFFF	#D3D3D3	73
458	#FFFFFF	#D3D3D3	7
459	#FFFFFF	#D3D3D3	73
460	#FFFFFF	#D3D3D3	7
461	#FFFFFF	#D3D3D3	7
462	#FFFFFF	#D3D3D3	7
463	#FFFFFF	#D3D3D3	7
464	#FFFFFF	#D3D3D3	7
465	#FFFFFF	#D3D3D3	73
466	#FFFFFF	#D3D3D3	73
467	#FFFFFF	#D3D3D3	73
468	#FFFFFF	#D3D3D3	73
469	#FFFFFF	#D3D3D3	7
470	#FFFFFF	#D3D3D3	7
471	#FFFFFF	#D3D3D3	7
472	#FFFFFF	#D3D3D3	7
473	#FFFFFF	#D3D3D3	147
474	#FFFFFF	#D3D3D3	147
475	#FFFFFF	#D3D3D3	147
476	#FFFFFF	#D3D3D3	147
477	#FFFFFF	#D3D3D3	147
478	#FFFFFF	#D3D3D3	147
479	#FFFFFF	#D3D3D3	73
480	#FFFFFF	#D3D3D3	147
481	#FFFFFF	#D3D3D3	147
482	#FFFFFF	#D3D3D3	7
483	#FFFFFF	#D3D3D3	7
484	#FFFFFF	#D3D3D3	7
485	#FFFFFF	#D3D3D3	7
486	#FFFFFF	#D3D3D3	7
487	#FFFFFF	#D3D3D3	7
488	#FFFFFF	#D3D3D3	147
489	#FFFFFF	#D3D3D3	147
490	#FFFFFF	#D3D3D3	73
491	#FFFFFF	#D3D3D3	7
492	#FFFFFF	#D3D3D3	7
493	#FFFFFF	#D3D3D3	7
494	#FFFFFF	#D3D3D3	7
495	#FFFFFF	#D3D3D3	7
496	#FFFFFF	#D3D3D3	7
497	#FFFFFF	#D3D3D3	7
498	#FFFFFF	#D3D3D3	109
499	#FFFFFF	#D3D3D3	109
500	#FFFFFF	#D3D3D3	109
501	#FFFFFF	#D3D3D3	73
502	#FFFFFF	#D3D3D3	73
503	#FFFFFF	#D3D3D3	73
504	#FFFFFF	#D3D3D3	73
505	#FFFFFF	#D3D3D3	73
506	#FFFFFF	#D3D3D3	73
507	#FFFFFF	#D3D3D3	73
508	#FFFFFF	#D3D3D3	73
509	#FFFFFF	#D3D3D3	73
510	#FFFFFF	#D3D3D3	73
511	#FFFFFF	#D3D3D3	7
512	#FFFFFF	#D3D3D3	7
513	#FFFFFF	#D3D3D3	7
514	#FFFFFF	#D3D3D3	7
515	#FFFFFF	#D3D3D3	73
516	#FFFFFF	#D3D3D3	73
517	#FFFFFF	#D3D3D3	73
518	#FFFFFF	#D3D3D3	73
519	#FFFFFF	#D3D3D3	73
520	#FFFFFF	#D3D3D3	73
521	#FFFFFF	#D3D3D3	7
522	#FFFFFF	#D3D3D3	7
523	#FFFFFF	#D3D3D3	7
524	#FFFFFF	#D3D3D3	147
525	#FFFFFF	#D3D3D3	147
526	#FFFFFF	#D3D3D3	147
527	#FFFFFF	#D3D3D3	147
528	#FFFFFF	#D3D3D3	147
529	#FFFFFF	#D3D3D3	147
530	#FFFFFF	#D3D3D3	73
531	#FFFFFF	#D3D3D3	147
532	#FFFFFF	#D3D3D3	7
533	#FFFFFF	#D3D3D3	147
534	#FFFFFF	#D3D3D3	7
535	#FFFFFF	#D3D3D3	7
536	#FFFFFF	#D3D3D3	7
537	#FFFFFF	#D3D3D3	7
538	#FFFFFF	#D3D3D3	7
539	#FFFFFF	#D3D3D3	147
540	#FFFFFF	#D3D3D3	147
541	#FFFFFF	#D3D3D3	73
542	#FFFFFF	#D3D3D3	7
543	#FFFFFF	#D3D3D3	7
544	#FFFFFF	#D3D3D3	7
545	#FFFFFF	#D3D3D3	7
546	#FFFFFF	#D3D3D3	7
547	#FFFFFF	#D3D3D3	7
548	#FFFFFF	#D3D3D3	109
549	#FFFFFF	#D3D3D3	109
550	#FFFFFF	#D3D3D3	109
551	#FFFFFF	#D3D3D3	73
552	#FFFFFF	#D3D3D3	73
553	#FFFFFF	#D3D3D3	73
554	#FFFFFF	#D3D3D3	73
555	#FFFFFF	#D3D3D3	7
556	#FFFFFF	#D3D3D3	73
557	#FFFFFF	#D3D3D3	73
558	#FFFFFF	#D3D3D3	73
559	#FFFFFF	#D3D3D3	73
560	#FFFFFF	#D3D3D3	73
561	#FFFFFF	#D3D3D3	7
562	#FFFFFF	#D3D3D3	7
563	#FFFFFF	#D3D3D3	7
564	#FFFFFF	#D3D3D3	73
565	#FFFFFF	#D3D3D3	73
566	#FFFFFF	#D3D3D3	90
567	#FFFFFF	#D3D3D3	90
568	#FFFFFF	#D3D3D3	73
569	#FFFFFF	#D3D3D3	73
570	#FFFFFF	#D3D3D3	73
571	#FFFFFF	#D3D3D3	73
572	#FFFFFF	#D3D3D3	7
573	#FFFFFF	#D3D3D3	7
574	#FFFFFF	#D3D3D3	147
575	#FFFFFF	#D3D3D3	147
576	#FFFFFF	#D3D3D3	147
577	#FFFFFF	#D3D3D3	147
578	#FFFFFF	#D3D3D3	147
579	#FFFFFF	#D3D3D3	147
580	#FFFFFF	#D3D3D3	73
581	#FFFFFF	#D3D3D3	147
582	#FFFFFF	#D3D3D3	147
583	#FFFFFF	#D3D3D3	7
584	#FFFFFF	#D3D3D3	147
585	#FFFFFF	#D3D3D3	147
586	#FFFFFF	#D3D3D3	7
587	#FFFFFF	#D3D3D3	7
588	#FFFFFF	#D3D3D3	7
589	#FFFFFF	#D3D3D3	7
590	#FFFFFF	#D3D3D3	7
591	#FFFFFF	#D3D3D3	73
592	#FFFFFF	#D3D3D3	147
593	#FFFFFF	#D3D3D3	147
594	#FFFFFF	#D3D3D3	147
595	#FFFFFF	#D3D3D3	7
596	#FFFFFF	#D3D3D3	7
597	#FFFFFF	#D3D3D3	7
598	#FFFFFF	#D3D3D3	7
599	#FFFFFF	#D3D3D3	109
600	#FFFFFF	#D3D3D3	7
601	#FFFFFF	#D3D3D3	109
602	#FFFFFF	#D3D3D3	73
603	#FFFFFF	#D3D3D3	73
604	#FFFFFF	#D3D3D3	73
605	#FFFFFF	#D3D3D3	73
606	#FFFFFF	#D3D3D3	73
607	#FFFFFF	#D3D3D3	73
608	#FFFFFF	#D3D3D3	73
609	#FFFFFF	#D3D3D3	73
610	#FFFFFF	#D3D3D3	73
611	#FFFFFF	#D3D3D3	73
612	#FFFFFF	#D3D3D3	7
613	#FFFFFF	#D3D3D3	73
614	#FFFFFF	#D3D3D3	73
615	#FFFFFF	#D3D3D3	73
616	#FFFFFF	#D3D3D3	90
617	#FFFFFF	#D3D3D3	90
618	#FFFFFF	#D3D3D3	73
619	#FFFFFF	#D3D3D3	73
620	#FFFFFF	#D3D3D3	73
621	#FFFFFF	#D3D3D3	73
622	#FFFFFF	#D3D3D3	7
623	#FFFFFF	#D3D3D3	7
624	#FFFFFF	#D3D3D3	147
625	#FFFFFF	#D3D3D3	147
626	#FFFFFF	#D3D3D3	147
627	#FFFFFF	#D3D3D3	147
628	#FFFFFF	#D3D3D3	147
629	#FFFFFF	#D3D3D3	147
630	#FFFFFF	#D3D3D3	147
631	#FFFFFF	#D3D3D3	73
632	#FFFFFF	#D3D3D3	7
633	#FFFFFF	#D3D3D3	7
634	#FFFFFF	#D3D3D3	147
635	#FFFFFF	#D3D3D3	147
636	#FFFFFF	#D3D3D3	147
637	#FFFFFF	#D3D3D3	7
638	#FFFFFF	#D3D3D3	7
639	#FFFFFF	#D3D3D3	7
640	#FFFFFF	#D3D3D3	7
641	#FFFFFF	#D3D3D3	7
642	#FFFFFF	#D3D3D3	73
643	#FFFFFF	#D3D3D3	147
644	#FFFFFF	#D3D3D3	147
645	#FFFFFF	#D3D3D3	7
646	#FFFFFF	#D3D3D3	7
647	#FFFFFF	#D3D3D3	7
648	#FFFFFF	#D3D3D3	7
649	#FFFFFF	#D3D3D3	7
650	#FFFFFF	#D3D3D3	7
651	#FFFFFF	#D3D3D3	109
652	#FFFFFF	#D3D3D3	73
653	#FFFFFF	#D3D3D3	73
654	#FFFFFF	#D3D3D3	73
655	#FFFFFF	#D3D3D3	73
656	#FFFFFF	#D3D3D3	73
657	#FFFFFF	#D3D3D3	73
658	#FFFFFF	#D3D3D3	73
659	#FFFFFF	#D3D3D3	73
660	#FFFFFF	#D3D3D3	73
661	#FFFFFF	#D3D3D3	73
662	#FFFFFF	#D3D3D3	7
663	#FFFFFF	#D3D3D3	7
664	#FFFFFF	#D3D3D3	73
665	#FFFFFF	#D3D3D3	73
666	#FFFFFF	#D3D3D3	73
667	#FFFFFF	#D3D3D3	73
668	#FFFFFF	#D3D3D3	90
669	#FFFFFF	#D3D3D3	90
670	#FFFFFF	#D3D3D3	73
671	#FFFFFF	#D3D3D3	73
672	#FFFFFF	#D3D3D3	73
673	#FFFFFF	#D3D3D3	7
674	#FFFFFF	#D3D3D3	7
675	#FFFFFF	#D3D3D3	147
676	#FFFFFF	#D3D3D3	147
677	#FFFFFF	#D3D3D3	147
678	#FFFFFF	#D3D3D3	147
679	#FFFFFF	#D3D3D3	147
680	#FFFFFF	#D3D3D3	147
681	#FFFFFF	#D3D3D3	73
682	#FFFFFF	#D3D3D3	147
683	#FFFFFF	#D3D3D3	7
684	#FFFFFF	#D3D3D3	147
685	#FFFFFF	#D3D3D3	147
686	#FFFFFF	#D3D3D3	147
687	#FFFFFF	#D3D3D3	147
688	#FFFFFF	#D3D3D3	7
689	#FFFFFF	#D3D3D3	7
690	#FFFFFF	#D3D3D3	7
691	#FFFFFF	#D3D3D3	7
692	#FFFFFF	#D3D3D3	73
693	#FFFFFF	#D3D3D3	147
694	#FFFFFF	#D3D3D3	147
695	#FFFFFF	#D3D3D3	147
696	#FFFFFF	#D3D3D3	7
697	#FFFFFF	#D3D3D3	7
698	#FFFFFF	#D3D3D3	147
699	#FFFFFF	#D3D3D3	147
700	#FFFFFF	#D3D3D3	7
701	#FFFFFF	#D3D3D3	109
702	#FFFFFF	#D3D3D3	109
703	#FFFFFF	#D3D3D3	73
704	#FFFFFF	#D3D3D3	73
705	#FFFFFF	#D3D3D3	73
706	#FFFFFF	#D3D3D3	73
707	#FFFFFF	#D3D3D3	73
708	#FFFFFF	#D3D3D3	73
709	#FFFFFF	#D3D3D3	73
710	#FFFFFF	#D3D3D3	73
711	#FFFFFF	#D3D3D3	73
712	#FFFFFF	#D3D3D3	73
713	#FFFFFF	#D3D3D3	73
714	#FFFFFF	#D3D3D3	73
715	#FFFFFF	#D3D3D3	73
716	#FFFFFF	#D3D3D3	73
717	#FFFFFF	#D3D3D3	73
718	#FFFFFF	#D3D3D3	90
719	#FFFFFF	#D3D3D3	90
720	#FFFFFF	#D3D3D3	73
721	#FFFFFF	#D3D3D3	73
722	#FFFFFF	#D3D3D3	73
723	#FFFFFF	#D3D3D3	7
724	#FFFFFF	#D3D3D3	73
725	#FFFFFF	#D3D3D3	7
726	#FFFFFF	#D3D3D3	147
727	#FFFFFF	#D3D3D3	147
728	#FFFFFF	#D3D3D3	147
729	#FFFFFF	#D3D3D3	147
730	#FFFFFF	#D3D3D3	147
731	#FFFFFF	#D3D3D3	147
732	#FFFFFF	#D3D3D3	73
733	#FFFFFF	#D3D3D3	7
734	#FFFFFF	#D3D3D3	147
735	#FFFFFF	#D3D3D3	90
736	#FFFFFF	#D3D3D3	90
737	#FFFFFF	#D3D3D3	147
738	#FFFFFF	#D3D3D3	147
739	#FFFFFF	#D3D3D3	7
740	#FFFFFF	#D3D3D3	7
741	#FFFFFF	#D3D3D3	7
742	#FFFFFF	#D3D3D3	147
743	#FFFFFF	#D3D3D3	73
744	#FFFFFF	#D3D3D3	147
745	#FFFFFF	#D3D3D3	147
746	#FFFFFF	#D3D3D3	147
747	#FFFFFF	#D3D3D3	7
748	#FFFFFF	#D3D3D3	147
749	#FFFFFF	#D3D3D3	147
750	#FFFFFF	#D3D3D3	147
751	#FFFFFF	#D3D3D3	7
752	#FFFFFF	#D3D3D3	7
753	#FFFFFF	#D3D3D3	73
754	#FFFFFF	#D3D3D3	73
755	#FFFFFF	#D3D3D3	73
756	#FFFFFF	#D3D3D3	73
757	#FFFFFF	#D3D3D3	73
758	#FFFFFF	#D3D3D3	73
759	#FFFFFF	#D3D3D3	73
760	#FFFFFF	#D3D3D3	73
761	#FFFFFF	#D3D3D3	73
762	#FFFFFF	#D3D3D3	73
763	#FFFFFF	#D3D3D3	73
764	#FFFFFF	#D3D3D3	73
765	#FFFFFF	#D3D3D3	73
766	#FFFFFF	#D3D3D3	73
767	#FFFFFF	#D3D3D3	73
768	#FFFFFF	#D3D3D3	90
769	#FFFFFF	#D3D3D3	90
770	#FFFFFF	#D3D3D3	73
771	#FFFFFF	#D3D3D3	73
772	#FFFFFF	#D3D3D3	90
773	#FFFFFF	#D3D3D3	73
774	#FFFFFF	#D3D3D3	73
775	#FFFFFF	#D3D3D3	73
776	#FFFFFF	#D3D3D3	147
777	#FFFFFF	#D3D3D3	147
778	#FFFFFF	#D3D3D3	147
779	#FFFFFF	#D3D3D3	147
780	#FFFFFF	#D3D3D3	147
781	#FFFFFF	#D3D3D3	147
782	#FFFFFF	#D3D3D3	73
783	#FFFFFF	#D3D3D3	147
784	#FFFFFF	#D3D3D3	147
785	#FFFFFF	#D3D3D3	90
786	#FFFFFF	#D3D3D3	90
787	#FFFFFF	#D3D3D3	90
788	#FFFFFF	#D3D3D3	90
789	#FFFFFF	#D3D3D3	147
790	#FFFFFF	#D3D3D3	147
791	#FFFFFF	#D3D3D3	7
792	#FFFFFF	#D3D3D3	147
793	#FFFFFF	#D3D3D3	73
794	#FFFFFF	#D3D3D3	147
795	#FFFFFF	#D3D3D3	147
796	#FFFFFF	#D3D3D3	147
797	#FFFFFF	#D3D3D3	147
798	#FFFFFF	#D3D3D3	147
799	#FFFFFF	#D3D3D3	147
800	#FFFFFF	#D3D3D3	147
801	#FFFFFF	#D3D3D3	7
802	#FFFFFF	#D3D3D3	7
803	#FFFFFF	#D3D3D3	7
804	#FFFFFF	#D3D3D3	73
805	#FFFFFF	#D3D3D3	73
806	#FFFFFF	#D3D3D3	73
807	#FFFFFF	#D3D3D3	73
808	#FFFFFF	#D3D3D3	73
809	#FFFFFF	#D3D3D3	73
810	#FFFFFF	#D3D3D3	73
811	#FFFFFF	#D3D3D3	73
812	#FFFFFF	#D3D3D3	73
813	#FFFFFF	#D3D3D3	73
814	#FFFFFF	#D3D3D3	73
815	#FFFFFF	#D3D3D3	73
816	#FFFFFF	#D3D3D3	73
817	#FFFFFF	#D3D3D3	73
818	#FFFFFF	#D3D3D3	73
819	#FFFFFF	#D3D3D3	73
820	#FFFFFF	#D3D3D3	90
821	#FFFFFF	#D3D3D3	90
822	#FFFFFF	#D3D3D3	73
823	#FFFFFF	#D3D3D3	90
824	#FFFFFF	#D3D3D3	73
825	#FFFFFF	#D3D3D3	73
826	#FFFFFF	#D3D3D3	90
827	#FFFFFF	#D3D3D3	147
828	#FFFFFF	#D3D3D3	147
829	#FFFFFF	#D3D3D3	147
830	#FFFFFF	#D3D3D3	147
831	#FFFFFF	#D3D3D3	147
832	#FFFFFF	#D3D3D3	147
833	#FFFFFF	#D3D3D3	73
834	#FFFFFF	#D3D3D3	147
835	#FFFFFF	#D3D3D3	90
836	#FFFFFF	#D3D3D3	90
837	#FFFFFF	#D3D3D3	90
838	#FFFFFF	#D3D3D3	90
839	#FFFFFF	#D3D3D3	147
840	#FFFFFF	#D3D3D3	147
841	#FFFFFF	#D3D3D3	147
842	#FFFFFF	#D3D3D3	147
843	#FFFFFF	#D3D3D3	147
844	#FFFFFF	#D3D3D3	73
845	#FFFFFF	#D3D3D3	147
846	#FFFFFF	#D3D3D3	147
847	#FFFFFF	#D3D3D3	147
848	#FFFFFF	#D3D3D3	147
849	#FFFFFF	#D3D3D3	147
850	#FFFFFF	#D3D3D3	147
851	#FFFFFF	#D3D3D3	147
852	#FFFFFF	#D3D3D3	7
853	#FFFFFF	#D3D3D3	7
854	#FFFFFF	#D3D3D3	73
855	#FFFFFF	#D3D3D3	73
856	#FFFFFF	#D3D3D3	73
857	#FFFFFF	#D3D3D3	73
858	#FFFFFF	#D3D3D3	73
859	#FFFFFF	#D3D3D3	73
860	#FFFFFF	#D3D3D3	73
861	#FFFFFF	#D3D3D3	73
862	#FFFFFF	#D3D3D3	73
863	#FFFFFF	#D3D3D3	73
864	#FFFFFF	#D3D3D3	73
865	#FFFFFF	#D3D3D3	73
866	#FFFFFF	#D3D3D3	73
867	#FFFFFF	#D3D3D3	73
868	#FFFFFF	#D3D3D3	73
869	#FFFFFF	#D3D3D3	73
870	#FFFFFF	#D3D3D3	73
871	#FFFFFF	#D3D3D3	90
872	#FFFFFF	#D3D3D3	73
873	#FFFFFF	#D3D3D3	90
874	#FFFFFF	#D3D3D3	73
875	#FFFFFF	#D3D3D3	73
876	#FFFFFF	#D3D3D3	90
877	#FFFFFF	#D3D3D3	147
878	#FFFFFF	#D3D3D3	147
879	#FFFFFF	#D3D3D3	147
880	#FFFFFF	#D3D3D3	147
881	#FFFFFF	#D3D3D3	147
882	#FFFFFF	#D3D3D3	147
883	#FFFFFF	#D3D3D3	73
884	#FFFFFF	#D3D3D3	147
885	#FFFFFF	#D3D3D3	90
886	#FFFFFF	#D3D3D3	90
887	#FFFFFF	#D3D3D3	147
888	#FFFFFF	#D3D3D3	147
889	#FFFFFF	#D3D3D3	90
890	#FFFFFF	#D3D3D3	147
891	#FFFFFF	#D3D3D3	147
892	#FFFFFF	#D3D3D3	147
893	#FFFFFF	#D3D3D3	147
894	#FFFFFF	#D3D3D3	73
895	#FFFFFF	#D3D3D3	147
896	#FFFFFF	#D3D3D3	147
897	#FFFFFF	#D3D3D3	147
898	#FFFFFF	#D3D3D3	147
899	#FFFFFF	#D3D3D3	7
900	#FFFFFF	#D3D3D3	7
901	#FFFFFF	#D3D3D3	147
902	#FFFFFF	#D3D3D3	147
903	#FFFFFF	#D3D3D3	7
904	#FFFFFF	#D3D3D3	7
905	#FFFFFF	#D3D3D3	73
906	#FFFFFF	#D3D3D3	73
907	#FFFFFF	#D3D3D3	73
908	#FFFFFF	#D3D3D3	73
909	#FFFFFF	#D3D3D3	73
910	#FFFFFF	#D3D3D3	73
911	#FFFFFF	#D3D3D3	73
912	#FFFFFF	#D3D3D3	73
913	#FFFFFF	#D3D3D3	73
914	#FFFFFF	#D3D3D3	73
915	#FFFFFF	#D3D3D3	73
916	#FFFFFF	#D3D3D3	73
917	#FFFFFF	#D3D3D3	73
918	#FFFFFF	#D3D3D3	73
919	#FFFFFF	#D3D3D3	73
920	#FFFFFF	#D3D3D3	73
921	#FFFFFF	#D3D3D3	90
922	#FFFFFF	#D3D3D3	90
923	#FFFFFF	#D3D3D3	73
924	#FFFFFF	#D3D3D3	90
925	#FFFFFF	#D3D3D3	90
926	#FFFFFF	#D3D3D3	90
927	#FFFFFF	#D3D3D3	90
928	#FFFFFF	#D3D3D3	90
929	#FFFFFF	#D3D3D3	90
930	#FFFFFF	#D3D3D3	147
931	#FFFFFF	#D3D3D3	147
932	#FFFFFF	#D3D3D3	147
933	#FFFFFF	#D3D3D3	147
934	#FFFFFF	#D3D3D3	73
935	#FFFFFF	#D3D3D3	90
936	#FFFFFF	#D3D3D3	90
937	#FFFFFF	#D3D3D3	90
938	#FFFFFF	#D3D3D3	147
939	#FFFFFF	#D3D3D3	90
940	#FFFFFF	#D3D3D3	90
941	#FFFFFF	#D3D3D3	147
942	#FFFFFF	#D3D3D3	147
943	#FFFFFF	#D3D3D3	147
944	#FFFFFF	#D3D3D3	147
945	#FFFFFF	#D3D3D3	73
946	#FFFFFF	#D3D3D3	147
947	#FFFFFF	#D3D3D3	147
948	#FFFFFF	#D3D3D3	147
949	#FFFFFF	#D3D3D3	147
950	#FFFFFF	#D3D3D3	7
951	#FFFFFF	#D3D3D3	7
952	#FFFFFF	#D3D3D3	7
953	#FFFFFF	#D3D3D3	147
954	#FFFFFF	#D3D3D3	7
955	#FFFFFF	#D3D3D3	73
956	#FFFFFF	#D3D3D3	73
957	#FFFFFF	#D3D3D3	73
958	#FFFFFF	#D3D3D3	73
959	#FFFFFF	#D3D3D3	73
960	#FFFFFF	#D3D3D3	73
961	#FFFFFF	#D3D3D3	73
962	#FFFFFF	#D3D3D3	73
963	#FFFFFF	#D3D3D3	73
964	#FFFFFF	#D3D3D3	73
965	#FFFFFF	#D3D3D3	73
966	#FFFFFF	#D3D3D3	73
967	#FFFFFF	#D3D3D3	73
968	#FFFFFF	#D3D3D3	73
969	#FFFFFF	#D3D3D3	73
970	#FFFFFF	#D3D3D3	73
971	#FFFFFF	#D3D3D3	73
972	#FFFFFF	#D3D3D3	90
973	#FFFFFF	#D3D3D3	73
974	#FFFFFF	#D3D3D3	90
975	#FFFFFF	#D3D3D3	90
976	#FFFFFF	#D3D3D3	90
977	#FFFFFF	#D3D3D3	90
978	#FFFFFF	#D3D3D3	90
979	#FFFFFF	#D3D3D3	90
980	#FFFFFF	#D3D3D3	147
981	#FFFFFF	#D3D3D3	147
982	#FFFFFF	#D3D3D3	147
983	#FFFFFF	#D3D3D3	147
984	#FFFFFF	#D3D3D3	73
985	#FFFFFF	#D3D3D3	147
986	#FFFFFF	#D3D3D3	90
987	#FFFFFF	#D3D3D3	90
988	#FFFFFF	#D3D3D3	90
989	#FFFFFF	#D3D3D3	147
990	#FFFFFF	#D3D3D3	147
991	#FFFFFF	#D3D3D3	147
992	#FFFFFF	#D3D3D3	147
993	#FFFFFF	#D3D3D3	147
994	#FFFFFF	#D3D3D3	147
995	#FFFFFF	#D3D3D3	73
996	#FFFFFF	#D3D3D3	147
997	#FFFFFF	#D3D3D3	147
998	#FFFFFF	#D3D3D3	147
999	#FFFFFF	#D3D3D3	147
1000	#FFFFFF	#D3D3D3	147
1001	#FFFFFF	#D3D3D3	147
1002	#FFFFFF	#D3D3D3	7
1003	#FFFFFF	#D3D3D3	7
1004	#FFFFFF	#D3D3D3	7
1005	#FFFFFF	#D3D3D3	7
1006	#FFFFFF	#D3D3D3	73
1007	#FFFFFF	#D3D3D3	73
1008	#FFFFFF	#D3D3D3	73
1009	#FFFFFF	#D3D3D3	73
1010	#FFFFFF	#D3D3D3	73
1011	#FFFFFF	#D3D3D3	73
1012	#FFFFFF	#D3D3D3	73
1013	#FFFFFF	#D3D3D3	12
1014	#FFFFFF	#D3D3D3	73
1015	#FFFFFF	#D3D3D3	73
1016	#FFFFFF	#D3D3D3	73
1017	#FFFFFF	#D3D3D3	73
1018	#FFFFFF	#D3D3D3	73
1019	#FFFFFF	#D3D3D3	73
1020	#FFFFFF	#D3D3D3	73
1021	#FFFFFF	#D3D3D3	73
1022	#FFFFFF	#D3D3D3	90
1023	#FFFFFF	#D3D3D3	90
1024	#FFFFFF	#D3D3D3	73
1025	#FFFFFF	#D3D3D3	90
1026	#FFFFFF	#D3D3D3	90
1027	#FFFFFF	#D3D3D3	90
1028	#FFFFFF	#D3D3D3	90
1029	#FFFFFF	#D3D3D3	90
1030	#FFFFFF	#D3D3D3	90
1031	#FFFFFF	#D3D3D3	147
1032	#FFFFFF	#D3D3D3	147
1033	#FFFFFF	#D3D3D3	147
1034	#FFFFFF	#D3D3D3	90
1035	#FFFFFF	#D3D3D3	73
1036	#FFFFFF	#D3D3D3	90
1037	#FFFFFF	#D3D3D3	90
1038	#FFFFFF	#D3D3D3	90
1039	#FFFFFF	#D3D3D3	147
1040	#FFFFFF	#D3D3D3	147
1041	#FFFFFF	#D3D3D3	147
1042	#FFFFFF	#D3D3D3	147
1043	#FFFFFF	#D3D3D3	147
1044	#FFFFFF	#D3D3D3	147
1045	#FFFFFF	#D3D3D3	147
1046	#FFFFFF	#D3D3D3	73
1047	#FFFFFF	#D3D3D3	147
1048	#FFFFFF	#D3D3D3	147
1049	#FFFFFF	#D3D3D3	147
1050	#FFFFFF	#D3D3D3	147
1051	#FFFFFF	#D3D3D3	147
1052	#FFFFFF	#D3D3D3	7
1053	#FFFFFF	#D3D3D3	147
1054	#FFFFFF	#D3D3D3	7
1055	#FFFFFF	#D3D3D3	7
1056	#FFFFFF	#D3D3D3	73
1057	#FFFFFF	#D3D3D3	73
1058	#FFFFFF	#D3D3D3	73
1059	#FFFFFF	#D3D3D3	73
1060	#FFFFFF	#D3D3D3	204
1061	#FFFFFF	#D3D3D3	12
1062	#FFFFFF	#D3D3D3	12
1063	#FFFFFF	#D3D3D3	12
1064	#FFFFFF	#D3D3D3	204
1065	#FFFFFF	#D3D3D3	73
1066	#FFFFFF	#D3D3D3	73
1067	#FFFFFF	#D3D3D3	204
1068	#FFFFFF	#D3D3D3	73
1069	#FFFFFF	#D3D3D3	73
1070	#FFFFFF	#D3D3D3	73
1071	#FFFFFF	#D3D3D3	73
1072	#FFFFFF	#D3D3D3	90
1073	#FFFFFF	#D3D3D3	90
1074	#FFFFFF	#D3D3D3	73
1075	#FFFFFF	#D3D3D3	90
1076	#FFFFFF	#D3D3D3	90
1077	#FFFFFF	#D3D3D3	90
1078	#FFFFFF	#D3D3D3	90
1079	#FFFFFF	#D3D3D3	90
1080	#FFFFFF	#D3D3D3	147
1081	#FFFFFF	#D3D3D3	147
1082	#FFFFFF	#D3D3D3	147
1083	#FFFFFF	#D3D3D3	90
1084	#FFFFFF	#D3D3D3	90
1085	#FFFFFF	#D3D3D3	73
1086	#FFFFFF	#D3D3D3	90
1087	#FFFFFF	#D3D3D3	90
1088	#FFFFFF	#D3D3D3	90
1089	#FFFFFF	#D3D3D3	147
1090	#FFFFFF	#D3D3D3	90
1091	#FFFFFF	#D3D3D3	147
1092	#FFFFFF	#D3D3D3	147
1093	#FFFFFF	#D3D3D3	147
1094	#FFFFFF	#D3D3D3	147
1095	#FFFFFF	#D3D3D3	147
1096	#FFFFFF	#D3D3D3	73
1097	#FFFFFF	#D3D3D3	147
1098	#FFFFFF	#D3D3D3	147
1099	#FFFFFF	#D3D3D3	147
1100	#FFFFFF	#D3D3D3	147
1101	#FFFFFF	#D3D3D3	147
1102	#FFFFFF	#D3D3D3	147
1103	#FFFFFF	#D3D3D3	7
1104	#FFFFFF	#D3D3D3	147
1105	#FFFFFF	#D3D3D3	147
1106	#FFFFFF	#D3D3D3	7
1107	#FFFFFF	#D3D3D3	73
1108	#FFFFFF	#D3D3D3	73
1109	#FFFFFF	#D3D3D3	73
1110	#FFFFFF	#D3D3D3	73
1111	#FFFFFF	#D3D3D3	73
1112	#FFFFFF	#D3D3D3	12
1113	#FFFFFF	#D3D3D3	12
1114	#FFFFFF	#D3D3D3	12
1115	#FFFFFF	#D3D3D3	204
1116	#FFFFFF	#D3D3D3	73
1117	#FFFFFF	#D3D3D3	204
1118	#FFFFFF	#D3D3D3	73
1119	#FFFFFF	#D3D3D3	73
1120	#FFFFFF	#D3D3D3	73
1121	#FFFFFF	#D3D3D3	90
1122	#FFFFFF	#D3D3D3	90
1123	#FFFFFF	#D3D3D3	90
1124	#FFFFFF	#D3D3D3	90
1125	#FFFFFF	#D3D3D3	73
1126	#FFFFFF	#D3D3D3	90
1127	#FFFFFF	#D3D3D3	90
1128	#FFFFFF	#D3D3D3	90
1129	#FFFFFF	#D3D3D3	90
1130	#FFFFFF	#D3D3D3	147
1131	#FFFFFF	#D3D3D3	147
1132	#FFFFFF	#D3D3D3	147
1133	#FFFFFF	#D3D3D3	90
1134	#FFFFFF	#D3D3D3	90
1135	#FFFFFF	#D3D3D3	90
1136	#FFFFFF	#D3D3D3	73
1137	#FFFFFF	#D3D3D3	90
1138	#FFFFFF	#D3D3D3	90
1139	#FFFFFF	#D3D3D3	90
1140	#FFFFFF	#D3D3D3	90
1141	#FFFFFF	#D3D3D3	147
1142	#FFFFFF	#D3D3D3	147
1143	#FFFFFF	#D3D3D3	147
1144	#FFFFFF	#D3D3D3	147
1145	#FFFFFF	#D3D3D3	147
1146	#FFFFFF	#D3D3D3	147
1147	#FFFFFF	#D3D3D3	73
1148	#FFFFFF	#D3D3D3	147
1149	#FFFFFF	#D3D3D3	147
1150	#FFFFFF	#D3D3D3	147
1151	#FFFFFF	#D3D3D3	147
1152	#FFFFFF	#D3D3D3	147
1153	#FFFFFF	#D3D3D3	147
1154	#FFFFFF	#D3D3D3	7
1155	#FFFFFF	#D3D3D3	147
1156	#FFFFFF	#D3D3D3	7
1157	#FFFFFF	#D3D3D3	73
1158	#FFFFFF	#D3D3D3	73
1159	#FFFFFF	#D3D3D3	73
1160	#FFFFFF	#D3D3D3	73
1161	#FFFFFF	#D3D3D3	204
1162	#FFFFFF	#D3D3D3	73
1163	#FFFFFF	#D3D3D3	7
1164	#FFFFFF	#D3D3D3	7
1165	#FFFFFF	#D3D3D3	73
1166	#FFFFFF	#D3D3D3	7
1167	#FFFFFF	#D3D3D3	7
1168	#FFFFFF	#D3D3D3	73
1169	#FFFFFF	#D3D3D3	73
1170	#FFFFFF	#D3D3D3	73
1171	#FFFFFF	#D3D3D3	7
1172	#FFFFFF	#D3D3D3	7
1173	#FFFFFF	#D3D3D3	7
1174	#FFFFFF	#D3D3D3	7
1175	#FFFFFF	#D3D3D3	7
1176	#FFFFFF	#D3D3D3	7
1177	#FFFFFF	#D3D3D3	7
1178	#FFFFFF	#D3D3D3	7
1179	#FFFFFF	#D3D3D3	7
1180	#FFFFFF	#D3D3D3	147
1181	#FFFFFF	#D3D3D3	7
1182	#FFFFFF	#D3D3D3	7
1183	#FFFFFF	#D3D3D3	7
1184	#FFFFFF	#D3D3D3	7
1185	#FFFFFF	#D3D3D3	7
1186	#FFFFFF	#D3D3D3	7
1187	#FFFFFF	#D3D3D3	7
1188	#FFFFFF	#D3D3D3	7
1189	#FFFFFF	#D3D3D3	7
1190	#FFFFFF	#D3D3D3	7
1191	#FFFFFF	#D3D3D3	7
1192	#FFFFFF	#D3D3D3	7
1193	#FFFFFF	#D3D3D3	7
1194	#FFFFFF	#D3D3D3	7
1195	#FFFFFF	#D3D3D3	7
1196	#FFFFFF	#D3D3D3	7
1197	#FFFFFF	#D3D3D3	7
1198	#FFFFFF	#D3D3D3	7
1199	#FFFFFF	#D3D3D3	7
1200	#FFFFFF	#D3D3D3	7
1201	#FFFFFF	#D3D3D3	7
1202	#FFFFFF	#D3D3D3	109
1203	#FFFFFF	#D3D3D3	109
1204	#FFFFFF	#D3D3D3	7
1205	#FFFFFF	#D3D3D3	7
1206	#FFFFFF	#D3D3D3	7
1207	#FFFFFF	#D3D3D3	7
1208	#FFFFFF	#D3D3D3	7
1209	#FFFFFF	#D3D3D3	7
1210	#FFFFFF	#D3D3D3	7
1211	#FFFFFF	#D3D3D3	7
1212	#FFFFFF	#D3D3D3	7
1213	#FFFFFF	#D3D3D3	73
1214	#FFFFFF	#D3D3D3	73
1215	#FFFFFF	#D3D3D3	7
1216	#FFFFFF	#D3D3D3	73
1217	#FFFFFF	#D3D3D3	7
1218	#FFFFFF	#D3D3D3	73
1219	#FFFFFF	#D3D3D3	73
1220	#FFFFFF	#D3D3D3	73
1221	#FFFFFF	#D3D3D3	73
1222	#FFFFFF	#D3D3D3	7
1223	#FFFFFF	#D3D3D3	7
1224	#FFFFFF	#D3D3D3	7
1225	#FFFFFF	#D3D3D3	7
1226	#FFFFFF	#D3D3D3	7
1227	#FFFFFF	#D3D3D3	7
1228	#FFFFFF	#D3D3D3	7
1229	#FFFFFF	#D3D3D3	147
1230	#FFFFFF	#D3D3D3	147
1231	#FFFFFF	#D3D3D3	147
1232	#FFFFFF	#D3D3D3	7
1233	#FFFFFF	#D3D3D3	7
1234	#FFFFFF	#D3D3D3	7
1235	#FFFFFF	#D3D3D3	7
1236	#FFFFFF	#D3D3D3	7
1237	#FFFFFF	#D3D3D3	7
1238	#FFFFFF	#D3D3D3	7
1239	#FFFFFF	#D3D3D3	7
1240	#FFFFFF	#D3D3D3	7
1241	#FFFFFF	#D3D3D3	7
1242	#FFFFFF	#D3D3D3	7
1243	#FFFFFF	#D3D3D3	7
1244	#FFFFFF	#D3D3D3	7
1245	#FFFFFF	#D3D3D3	7
1246	#FFFFFF	#D3D3D3	7
1247	#FFFFFF	#D3D3D3	7
1248	#FFFFFF	#D3D3D3	7
1249	#FFFFFF	#D3D3D3	7
1250	#FFFFFF	#D3D3D3	7
1251	#FFFFFF	#D3D3D3	7
1252	#FFFFFF	#D3D3D3	7
1253	#FFFFFF	#D3D3D3	109
1254	#FFFFFF	#D3D3D3	109
1255	#FFFFFF	#D3D3D3	7
1256	#FFFFFF	#D3D3D3	7
1257	#FFFFFF	#D3D3D3	7
1258	#FFFFFF	#D3D3D3	7
1259	#FFFFFF	#D3D3D3	7
1260	#FFFFFF	#D3D3D3	7
1261	#FFFFFF	#D3D3D3	7
1262	#FFFFFF	#D3D3D3	73
1263	#FFFFFF	#D3D3D3	12
1264	#FFFFFF	#D3D3D3	73
1265	#FFFFFF	#D3D3D3	73
1266	#FFFFFF	#D3D3D3	204
1267	#FFFFFF	#D3D3D3	73
1268	#FFFFFF	#D3D3D3	204
1269	#FFFFFF	#D3D3D3	73
1270	#FFFFFF	#D3D3D3	73
1271	#FFFFFF	#D3D3D3	73
1272	#FFFFFF	#D3D3D3	90
1273	#FFFFFF	#D3D3D3	90
1274	#FFFFFF	#D3D3D3	90
1275	#FFFFFF	#D3D3D3	90
1276	#FFFFFF	#D3D3D3	73
1277	#FFFFFF	#D3D3D3	90
1278	#FFFFFF	#D3D3D3	90
1279	#FFFFFF	#D3D3D3	90
1280	#FFFFFF	#D3D3D3	90
1281	#FFFFFF	#D3D3D3	90
1282	#FFFFFF	#D3D3D3	147
1283	#FFFFFF	#D3D3D3	147
1284	#FFFFFF	#D3D3D3	147
1285	#FFFFFF	#D3D3D3	90
1286	#FFFFFF	#D3D3D3	90
1287	#FFFFFF	#D3D3D3	73
1288	#FFFFFF	#D3D3D3	90
1289	#FFFFFF	#D3D3D3	90
1290	#FFFFFF	#D3D3D3	90
1291	#FFFFFF	#D3D3D3	90
1292	#FFFFFF	#D3D3D3	147
1293	#FFFFFF	#D3D3D3	147
1294	#FFFFFF	#D3D3D3	147
1295	#FFFFFF	#D3D3D3	147
1296	#FFFFFF	#D3D3D3	147
1297	#FFFFFF	#D3D3D3	147
1298	#FFFFFF	#D3D3D3	73
1299	#FFFFFF	#D3D3D3	147
1300	#FFFFFF	#D3D3D3	147
1301	#FFFFFF	#D3D3D3	147
1302	#FFFFFF	#D3D3D3	147
1303	#FFFFFF	#D3D3D3	147
1304	#FFFFFF	#D3D3D3	147
1305	#FFFFFF	#D3D3D3	147
1306	#FFFFFF	#D3D3D3	147
1307	#FFFFFF	#D3D3D3	7
1308	#FFFFFF	#D3D3D3	7
1309	#FFFFFF	#D3D3D3	73
1310	#FFFFFF	#D3D3D3	73
1311	#FFFFFF	#D3D3D3	73
1312	#FFFFFF	#D3D3D3	73
1313	#FFFFFF	#D3D3D3	73
1314	#FFFFFF	#D3D3D3	73
1315	#FFFFFF	#D3D3D3	73
1316	#FFFFFF	#D3D3D3	73
1317	#FFFFFF	#D3D3D3	73
1318	#FFFFFF	#D3D3D3	204
1319	#FFFFFF	#D3D3D3	73
1320	#FFFFFF	#D3D3D3	73
1321	#FFFFFF	#D3D3D3	73
1322	#FFFFFF	#D3D3D3	90
1323	#FFFFFF	#D3D3D3	90
1324	#FFFFFF	#D3D3D3	90
1325	#FFFFFF	#D3D3D3	90
1326	#FFFFFF	#D3D3D3	90
1327	#FFFFFF	#D3D3D3	73
1328	#FFFFFF	#D3D3D3	90
1329	#FFFFFF	#D3D3D3	90
1330	#FFFFFF	#D3D3D3	90
1331	#FFFFFF	#D3D3D3	90
1332	#FFFFFF	#D3D3D3	147
1333	#FFFFFF	#D3D3D3	90
1334	#FFFFFF	#D3D3D3	147
1335	#FFFFFF	#D3D3D3	90
1336	#FFFFFF	#D3D3D3	90
1337	#FFFFFF	#D3D3D3	90
1338	#FFFFFF	#D3D3D3	73
1339	#FFFFFF	#D3D3D3	90
1340	#FFFFFF	#D3D3D3	90
1341	#FFFFFF	#D3D3D3	90
1342	#FFFFFF	#D3D3D3	147
1343	#FFFFFF	#D3D3D3	147
1344	#FFFFFF	#D3D3D3	90
1345	#FFFFFF	#D3D3D3	147
1346	#FFFFFF	#D3D3D3	147
1347	#FFFFFF	#D3D3D3	147
1348	#FFFFFF	#D3D3D3	147
1349	#FFFFFF	#D3D3D3	73
1350	#FFFFFF	#D3D3D3	147
1351	#FFFFFF	#D3D3D3	147
1352	#FFFFFF	#D3D3D3	147
1353	#FFFFFF	#D3D3D3	147
1354	#FFFFFF	#D3D3D3	147
1355	#FFFFFF	#D3D3D3	147
1356	#FFFFFF	#D3D3D3	147
1357	#FFFFFF	#D3D3D3	7
1358	#FFFFFF	#D3D3D3	7
1359	#FFFFFF	#D3D3D3	73
1360	#FFFFFF	#D3D3D3	73
1361	#FFFFFF	#D3D3D3	73
1362	#FFFFFF	#D3D3D3	73
1363	#FFFFFF	#D3D3D3	204
1364	#FFFFFF	#D3D3D3	73
1365	#FFFFFF	#D3D3D3	73
1366	#FFFFFF	#D3D3D3	73
1367	#FFFFFF	#D3D3D3	204
1368	#FFFFFF	#D3D3D3	204
1369	#FFFFFF	#D3D3D3	204
1370	#FFFFFF	#D3D3D3	73
1371	#FFFFFF	#D3D3D3	73
1372	#FFFFFF	#D3D3D3	90
1373	#FFFFFF	#D3D3D3	90
1374	#FFFFFF	#D3D3D3	90
1375	#FFFFFF	#D3D3D3	90
1376	#FFFFFF	#D3D3D3	90
1377	#FFFFFF	#D3D3D3	73
1378	#FFFFFF	#D3D3D3	90
1379	#FFFFFF	#D3D3D3	90
1380	#FFFFFF	#D3D3D3	90
1381	#FFFFFF	#D3D3D3	90
1382	#FFFFFF	#D3D3D3	90
1383	#FFFFFF	#D3D3D3	90
1384	#FFFFFF	#D3D3D3	90
1385	#FFFFFF	#D3D3D3	90
1386	#FFFFFF	#D3D3D3	90
1387	#FFFFFF	#D3D3D3	90
1388	#FFFFFF	#D3D3D3	73
1389	#FFFFFF	#D3D3D3	90
1390	#FFFFFF	#D3D3D3	90
1391	#FFFFFF	#D3D3D3	90
1392	#FFFFFF	#D3D3D3	90
1393	#FFFFFF	#D3D3D3	147
1394	#FFFFFF	#D3D3D3	90
1395	#FFFFFF	#D3D3D3	147
1396	#FFFFFF	#D3D3D3	147
1397	#FFFFFF	#D3D3D3	147
1398	#FFFFFF	#D3D3D3	147
1399	#FFFFFF	#D3D3D3	73
1400	#FFFFFF	#D3D3D3	147
1401	#FFFFFF	#D3D3D3	147
1402	#FFFFFF	#D3D3D3	147
1403	#FFFFFF	#D3D3D3	147
1404	#FFFFFF	#D3D3D3	147
1405	#FFFFFF	#D3D3D3	147
1406	#FFFFFF	#D3D3D3	147
1407	#FFFFFF	#D3D3D3	7
1408	#FFFFFF	#D3D3D3	7
1409	#FFFFFF	#D3D3D3	7
1410	#FFFFFF	#D3D3D3	73
1411	#FFFFFF	#D3D3D3	73
1412	#FFFFFF	#D3D3D3	73
1413	#FFFFFF	#D3D3D3	73
1414	#FFFFFF	#D3D3D3	73
1415	#FFFFFF	#D3D3D3	73
1416	#FFFFFF	#D3D3D3	73
1417	#FFFFFF	#D3D3D3	73
1418	#FFFFFF	#D3D3D3	204
1419	#FFFFFF	#D3D3D3	204
1420	#FFFFFF	#D3D3D3	73
1421	#FFFFFF	#D3D3D3	73
1422	#FFFFFF	#D3D3D3	90
1423	#FFFFFF	#D3D3D3	90
1424	#FFFFFF	#D3D3D3	90
1425	#FFFFFF	#D3D3D3	90
1426	#FFFFFF	#D3D3D3	90
1427	#FFFFFF	#D3D3D3	73
1428	#FFFFFF	#D3D3D3	73
1429	#FFFFFF	#D3D3D3	90
1430	#FFFFFF	#D3D3D3	90
1431	#FFFFFF	#D3D3D3	90
1432	#FFFFFF	#D3D3D3	90
1433	#FFFFFF	#D3D3D3	90
1434	#FFFFFF	#D3D3D3	90
1435	#FFFFFF	#D3D3D3	90
1436	#FFFFFF	#D3D3D3	90
1437	#FFFFFF	#D3D3D3	90
1438	#FFFFFF	#D3D3D3	90
1439	#FFFFFF	#D3D3D3	73
1440	#FFFFFF	#D3D3D3	90
1441	#FFFFFF	#D3D3D3	90
1442	#FFFFFF	#D3D3D3	90
1443	#FFFFFF	#D3D3D3	90
1444	#FFFFFF	#D3D3D3	90
1445	#FFFFFF	#D3D3D3	90
1446	#FFFFFF	#D3D3D3	147
1447	#FFFFFF	#D3D3D3	147
1448	#FFFFFF	#D3D3D3	147
1449	#FFFFFF	#D3D3D3	147
1450	#FFFFFF	#D3D3D3	73
1451	#FFFFFF	#D3D3D3	147
1452	#FFFFFF	#D3D3D3	147
1453	#FFFFFF	#D3D3D3	147
1454	#FFFFFF	#D3D3D3	147
1455	#FFFFFF	#D3D3D3	147
1456	#FFFFFF	#D3D3D3	147
1457	#FFFFFF	#D3D3D3	147
1458	#FFFFFF	#D3D3D3	7
1459	#FFFFFF	#D3D3D3	7
1460	#FFFFFF	#D3D3D3	73
1461	#FFFFFF	#D3D3D3	73
1462	#FFFFFF	#D3D3D3	73
1463	#FFFFFF	#D3D3D3	73
1464	#FFFFFF	#D3D3D3	73
1465	#FFFFFF	#D3D3D3	73
1466	#FFFFFF	#D3D3D3	73
1467	#FFFFFF	#D3D3D3	73
1468	#FFFFFF	#D3D3D3	73
1469	#FFFFFF	#D3D3D3	204
1470	#FFFFFF	#D3D3D3	73
1471	#FFFFFF	#D3D3D3	73
1472	#FFFFFF	#D3D3D3	73
1473	#FFFFFF	#D3D3D3	90
1474	#FFFFFF	#D3D3D3	90
1475	#FFFFFF	#D3D3D3	73
1476	#FFFFFF	#D3D3D3	73
1477	#FFFFFF	#D3D3D3	73
1478	#FFFFFF	#D3D3D3	73
1479	#FFFFFF	#D3D3D3	73
1480	#FFFFFF	#D3D3D3	73
1481	#FFFFFF	#D3D3D3	90
1482	#FFFFFF	#D3D3D3	90
1483	#FFFFFF	#D3D3D3	90
1484	#FFFFFF	#D3D3D3	90
1485	#FFFFFF	#D3D3D3	90
1486	#FFFFFF	#D3D3D3	90
1487	#FFFFFF	#D3D3D3	90
1488	#FFFFFF	#D3D3D3	90
1489	#FFFFFF	#D3D3D3	73
1490	#FFFFFF	#D3D3D3	90
1491	#FFFFFF	#D3D3D3	90
1492	#FFFFFF	#D3D3D3	90
1493	#FFFFFF	#D3D3D3	90
1494	#FFFFFF	#D3D3D3	90
1495	#FFFFFF	#D3D3D3	147
1496	#FFFFFF	#D3D3D3	147
1497	#FFFFFF	#D3D3D3	147
1498	#FFFFFF	#D3D3D3	147
1499	#FFFFFF	#D3D3D3	147
1500	#FFFFFF	#D3D3D3	73
1501	#FFFFFF	#D3D3D3	147
1502	#FFFFFF	#D3D3D3	147
1503	#FFFFFF	#D3D3D3	147
1504	#FFFFFF	#D3D3D3	147
1505	#FFFFFF	#D3D3D3	147
1506	#FFFFFF	#D3D3D3	147
1507	#FFFFFF	#D3D3D3	147
1508	#FFFFFF	#D3D3D3	147
1509	#FFFFFF	#D3D3D3	7
1510	#FFFFFF	#D3D3D3	7
1511	#FFFFFF	#D3D3D3	73
1512	#FFFFFF	#D3D3D3	73
1513	#FFFFFF	#D3D3D3	73
1514	#FFFFFF	#D3D3D3	73
1515	#FFFFFF	#D3D3D3	73
1516	#FFFFFF	#D3D3D3	73
1517	#FFFFFF	#D3D3D3	12
1518	#FFFFFF	#D3D3D3	12
1519	#FFFFFF	#D3D3D3	73
1520	#FFFFFF	#D3D3D3	204
1521	#FFFFFF	#D3D3D3	204
1522	#FFFFFF	#D3D3D3	73
1523	#FFFFFF	#D3D3D3	73
1524	#FFFFFF	#D3D3D3	73
1525	#FFFFFF	#D3D3D3	90
1526	#FFFFFF	#D3D3D3	73
1527	#FFFFFF	#D3D3D3	73
1528	#FFFFFF	#D3D3D3	73
1529	#FFFFFF	#D3D3D3	73
1530	#FFFFFF	#D3D3D3	73
1531	#FFFFFF	#D3D3D3	90
1532	#FFFFFF	#D3D3D3	90
1533	#FFFFFF	#D3D3D3	90
1534	#FFFFFF	#D3D3D3	90
1535	#FFFFFF	#D3D3D3	90
1536	#FFFFFF	#D3D3D3	90
1537	#FFFFFF	#D3D3D3	90
1538	#FFFFFF	#D3D3D3	90
1539	#FFFFFF	#D3D3D3	90
1540	#FFFFFF	#D3D3D3	73
1541	#FFFFFF	#D3D3D3	90
1542	#FFFFFF	#D3D3D3	90
1543	#FFFFFF	#D3D3D3	90
1544	#FFFFFF	#D3D3D3	90
1545	#FFFFFF	#D3D3D3	90
1546	#FFFFFF	#D3D3D3	147
1547	#FFFFFF	#D3D3D3	147
1548	#FFFFFF	#D3D3D3	147
1549	#FFFFFF	#D3D3D3	147
1550	#FFFFFF	#D3D3D3	147
1551	#FFFFFF	#D3D3D3	73
1552	#FFFFFF	#D3D3D3	147
1553	#FFFFFF	#D3D3D3	147
1554	#FFFFFF	#D3D3D3	147
1555	#FFFFFF	#D3D3D3	147
1556	#FFFFFF	#D3D3D3	147
1557	#FFFFFF	#D3D3D3	147
1558	#FFFFFF	#D3D3D3	147
1559	#FFFFFF	#D3D3D3	7
1560	#FFFFFF	#D3D3D3	7
1561	#FFFFFF	#D3D3D3	73
1562	#FFFFFF	#D3D3D3	73
1563	#FFFFFF	#D3D3D3	204
1564	#FFFFFF	#D3D3D3	73
1565	#FFFFFF	#D3D3D3	73
1566	#FFFFFF	#D3D3D3	73
1567	#FFFFFF	#D3D3D3	12
1568	#FFFFFF	#D3D3D3	12
1569	#FFFFFF	#D3D3D3	73
1570	#FFFFFF	#D3D3D3	73
1571	#FFFFFF	#D3D3D3	204
1572	#FFFFFF	#D3D3D3	204
1573	#FFFFFF	#D3D3D3	73
1574	#FFFFFF	#D3D3D3	73
1575	#FFFFFF	#D3D3D3	73
1576	#FFFFFF	#D3D3D3	73
1577	#FFFFFF	#D3D3D3	73
1578	#FFFFFF	#D3D3D3	73
1579	#FFFFFF	#D3D3D3	12
1580	#FFFFFF	#D3D3D3	90
1581	#FFFFFF	#D3D3D3	73
1582	#FFFFFF	#D3D3D3	90
1583	#FFFFFF	#D3D3D3	90
1584	#FFFFFF	#D3D3D3	90
1585	#FFFFFF	#D3D3D3	90
1586	#FFFFFF	#D3D3D3	90
1587	#FFFFFF	#D3D3D3	90
1588	#FFFFFF	#D3D3D3	90
1589	#FFFFFF	#D3D3D3	90
1590	#FFFFFF	#D3D3D3	73
1591	#FFFFFF	#D3D3D3	90
1592	#FFFFFF	#D3D3D3	90
1593	#FFFFFF	#D3D3D3	90
1594	#FFFFFF	#D3D3D3	90
1595	#FFFFFF	#D3D3D3	147
1596	#FFFFFF	#D3D3D3	147
1597	#FFFFFF	#D3D3D3	147
1598	#FFFFFF	#D3D3D3	147
1599	#FFFFFF	#D3D3D3	147
1600	#FFFFFF	#D3D3D3	147
1601	#FFFFFF	#D3D3D3	73
1602	#FFFFFF	#D3D3D3	147
1603	#FFFFFF	#D3D3D3	147
1604	#FFFFFF	#D3D3D3	147
1605	#FFFFFF	#D3D3D3	147
1606	#FFFFFF	#D3D3D3	147
1607	#FFFFFF	#D3D3D3	147
1608	#FFFFFF	#D3D3D3	147
1609	#FFFFFF	#D3D3D3	7
1610	#FFFFFF	#D3D3D3	7
1611	#FFFFFF	#D3D3D3	7
1612	#FFFFFF	#D3D3D3	73
1613	#FFFFFF	#D3D3D3	73
1614	#FFFFFF	#D3D3D3	204
1615	#FFFFFF	#D3D3D3	204
1616	#FFFFFF	#D3D3D3	73
1617	#FFFFFF	#D3D3D3	12
1618	#FFFFFF	#D3D3D3	73
1619	#FFFFFF	#D3D3D3	73
1620	#FFFFFF	#D3D3D3	73
1621	#FFFFFF	#D3D3D3	73
1622	#FFFFFF	#D3D3D3	204
1623	#FFFFFF	#D3D3D3	73
1624	#FFFFFF	#D3D3D3	73
1625	#FFFFFF	#D3D3D3	73
1626	#FFFFFF	#D3D3D3	73
1627	#FFFFFF	#D3D3D3	73
1628	#FFFFFF	#D3D3D3	73
1629	#FFFFFF	#D3D3D3	73
1630	#FFFFFF	#D3D3D3	12
1631	#FFFFFF	#D3D3D3	90
1632	#FFFFFF	#D3D3D3	90
1633	#FFFFFF	#D3D3D3	90
1634	#FFFFFF	#D3D3D3	90
1635	#FFFFFF	#D3D3D3	90
1636	#FFFFFF	#D3D3D3	90
1637	#FFFFFF	#D3D3D3	90
1638	#FFFFFF	#D3D3D3	90
1639	#FFFFFF	#D3D3D3	90
1640	#FFFFFF	#D3D3D3	90
1641	#FFFFFF	#D3D3D3	73
1642	#FFFFFF	#D3D3D3	90
1643	#FFFFFF	#D3D3D3	90
1644	#FFFFFF	#D3D3D3	90
1645	#FFFFFF	#D3D3D3	90
1646	#FFFFFF	#D3D3D3	147
1647	#FFFFFF	#D3D3D3	147
1648	#FFFFFF	#D3D3D3	147
1649	#FFFFFF	#D3D3D3	147
1650	#FFFFFF	#D3D3D3	147
1651	#FFFFFF	#D3D3D3	147
1652	#FFFFFF	#D3D3D3	73
1653	#FFFFFF	#D3D3D3	147
1654	#FFFFFF	#D3D3D3	147
1655	#FFFFFF	#D3D3D3	147
1656	#FFFFFF	#D3D3D3	147
1657	#FFFFFF	#D3D3D3	147
1658	#FFFFFF	#D3D3D3	147
1659	#FFFFFF	#D3D3D3	147
1660	#FFFFFF	#D3D3D3	7
1661	#FFFFFF	#D3D3D3	7
1662	#FFFFFF	#D3D3D3	73
1663	#FFFFFF	#D3D3D3	73
1664	#FFFFFF	#D3D3D3	204
1665	#FFFFFF	#D3D3D3	204
1666	#FFFFFF	#D3D3D3	204
1667	#FFFFFF	#D3D3D3	12
1668	#FFFFFF	#D3D3D3	12
1669	#FFFFFF	#D3D3D3	73
1670	#FFFFFF	#D3D3D3	204
1671	#FFFFFF	#D3D3D3	73
1672	#FFFFFF	#D3D3D3	204
1673	#FFFFFF	#D3D3D3	204
1674	#FFFFFF	#D3D3D3	73
1675	#FFFFFF	#D3D3D3	73
1676	#FFFFFF	#D3D3D3	73
1677	#FFFFFF	#D3D3D3	73
1678	#FFFFFF	#D3D3D3	73
1679	#FFFFFF	#D3D3D3	73
1680	#FFFFFF	#D3D3D3	12
1681	#FFFFFF	#D3D3D3	73
1682	#FFFFFF	#D3D3D3	90
1683	#FFFFFF	#D3D3D3	90
1684	#FFFFFF	#D3D3D3	90
1685	#FFFFFF	#D3D3D3	90
1686	#FFFFFF	#D3D3D3	90
1687	#FFFFFF	#D3D3D3	90
1688	#FFFFFF	#D3D3D3	90
1689	#FFFFFF	#D3D3D3	90
1690	#FFFFFF	#D3D3D3	90
1691	#FFFFFF	#D3D3D3	73
1692	#FFFFFF	#D3D3D3	90
1693	#FFFFFF	#D3D3D3	90
1694	#FFFFFF	#D3D3D3	90
1695	#FFFFFF	#D3D3D3	90
1696	#FFFFFF	#D3D3D3	90
1697	#FFFFFF	#D3D3D3	90
1698	#FFFFFF	#D3D3D3	147
1699	#FFFFFF	#D3D3D3	147
1700	#FFFFFF	#D3D3D3	147
1701	#FFFFFF	#D3D3D3	147
1702	#FFFFFF	#D3D3D3	73
1703	#FFFFFF	#D3D3D3	147
1704	#FFFFFF	#D3D3D3	147
1705	#FFFFFF	#D3D3D3	147
1706	#FFFFFF	#D3D3D3	147
1707	#FFFFFF	#D3D3D3	147
1708	#FFFFFF	#D3D3D3	147
1709	#FFFFFF	#D3D3D3	147
1710	#FFFFFF	#D3D3D3	7
1711	#FFFFFF	#D3D3D3	7
1712	#FFFFFF	#D3D3D3	7
1713	#FFFFFF	#D3D3D3	204
1714	#FFFFFF	#D3D3D3	204
1715	#FFFFFF	#D3D3D3	204
1716	#FFFFFF	#D3D3D3	204
1717	#FFFFFF	#D3D3D3	204
1718	#FFFFFF	#D3D3D3	12
1719	#FFFFFF	#D3D3D3	12
1720	#FFFFFF	#D3D3D3	73
1721	#FFFFFF	#D3D3D3	73
1722	#FFFFFF	#D3D3D3	204
1723	#FFFFFF	#D3D3D3	204
1724	#FFFFFF	#D3D3D3	73
1725	#FFFFFF	#D3D3D3	204
1726	#FFFFFF	#D3D3D3	73
1727	#FFFFFF	#D3D3D3	73
1728	#FFFFFF	#D3D3D3	73
1729	#FFFFFF	#D3D3D3	73
1730	#FFFFFF	#D3D3D3	73
1731	#FFFFFF	#D3D3D3	73
1732	#FFFFFF	#D3D3D3	73
1733	#FFFFFF	#D3D3D3	90
1734	#FFFFFF	#D3D3D3	90
1735	#FFFFFF	#D3D3D3	90
1736	#FFFFFF	#D3D3D3	90
1737	#FFFFFF	#D3D3D3	90
1738	#FFFFFF	#D3D3D3	90
1739	#FFFFFF	#D3D3D3	90
1740	#FFFFFF	#D3D3D3	90
1741	#FFFFFF	#D3D3D3	90
1742	#FFFFFF	#D3D3D3	73
1743	#FFFFFF	#D3D3D3	90
1744	#FFFFFF	#D3D3D3	90
1745	#FFFFFF	#D3D3D3	90
1746	#FFFFFF	#D3D3D3	90
1747	#FFFFFF	#D3D3D3	90
1748	#FFFFFF	#D3D3D3	147
1749	#FFFFFF	#D3D3D3	147
1750	#FFFFFF	#D3D3D3	147
1751	#FFFFFF	#D3D3D3	147
1752	#FFFFFF	#D3D3D3	147
1753	#FFFFFF	#D3D3D3	204
1754	#FFFFFF	#D3D3D3	147
1755	#FFFFFF	#D3D3D3	147
1756	#FFFFFF	#D3D3D3	147
1757	#FFFFFF	#D3D3D3	147
1758	#FFFFFF	#D3D3D3	147
1759	#FFFFFF	#D3D3D3	147
1760	#FFFFFF	#D3D3D3	7
1761	#FFFFFF	#D3D3D3	7
1762	#FFFFFF	#D3D3D3	7
1763	#FFFFFF	#D3D3D3	204
1764	#FFFFFF	#D3D3D3	204
1765	#FFFFFF	#D3D3D3	204
1766	#FFFFFF	#D3D3D3	204
1767	#FFFFFF	#D3D3D3	204
1768	#FFFFFF	#D3D3D3	12
1769	#FFFFFF	#D3D3D3	12
1770	#FFFFFF	#D3D3D3	73
1771	#FFFFFF	#D3D3D3	204
1772	#FFFFFF	#D3D3D3	73
1773	#FFFFFF	#D3D3D3	204
1774	#FFFFFF	#D3D3D3	204
1775	#FFFFFF	#D3D3D3	204
1776	#FFFFFF	#D3D3D3	73
1777	#FFFFFF	#D3D3D3	73
1778	#FFFFFF	#D3D3D3	73
1779	#FFFFFF	#D3D3D3	73
1780	#FFFFFF	#D3D3D3	73
1781	#FFFFFF	#D3D3D3	73
1782	#FFFFFF	#D3D3D3	73
1783	#FFFFFF	#D3D3D3	90
1784	#FFFFFF	#D3D3D3	90
1785	#FFFFFF	#D3D3D3	90
1786	#FFFFFF	#D3D3D3	90
1787	#FFFFFF	#D3D3D3	90
1788	#FFFFFF	#D3D3D3	90
1789	#FFFFFF	#D3D3D3	90
1790	#FFFFFF	#D3D3D3	90
1791	#FFFFFF	#D3D3D3	90
1792	#FFFFFF	#D3D3D3	73
1793	#FFFFFF	#D3D3D3	90
1794	#FFFFFF	#D3D3D3	90
1795	#FFFFFF	#D3D3D3	90
1796	#FFFFFF	#D3D3D3	90
1797	#FFFFFF	#D3D3D3	147
1798	#FFFFFF	#D3D3D3	147
1799	#FFFFFF	#D3D3D3	147
1800	#FFFFFF	#D3D3D3	147
1801	#FFFFFF	#D3D3D3	147
1802	#FFFFFF	#D3D3D3	147
1803	#FFFFFF	#D3D3D3	73
1804	#FFFFFF	#D3D3D3	147
1805	#FFFFFF	#D3D3D3	147
1806	#FFFFFF	#D3D3D3	147
1807	#FFFFFF	#D3D3D3	147
1808	#FFFFFF	#D3D3D3	147
1809	#FFFFFF	#D3D3D3	147
1810	#FFFFFF	#D3D3D3	147
1811	#FFFFFF	#D3D3D3	7
1812	#FFFFFF	#D3D3D3	7
1813	#FFFFFF	#D3D3D3	7
1814	#FFFFFF	#D3D3D3	204
1815	#FFFFFF	#D3D3D3	204
1816	#FFFFFF	#D3D3D3	204
1817	#FFFFFF	#D3D3D3	204
1818	#FFFFFF	#D3D3D3	204
1819	#FFFFFF	#D3D3D3	73
1820	#FFFFFF	#D3D3D3	73
1821	#FFFFFF	#D3D3D3	73
1822	#FFFFFF	#D3D3D3	73
1823	#FFFFFF	#D3D3D3	73
1824	#FFFFFF	#D3D3D3	204
1825	#FFFFFF	#D3D3D3	204
1826	#FFFFFF	#D3D3D3	73
1827	#FFFFFF	#D3D3D3	73
1828	#FFFFFF	#D3D3D3	73
1829	#FFFFFF	#D3D3D3	73
1830	#FFFFFF	#D3D3D3	73
1831	#FFFFFF	#D3D3D3	73
1832	#FFFFFF	#D3D3D3	73
1833	#FFFFFF	#D3D3D3	73
1834	#FFFFFF	#D3D3D3	90
1835	#FFFFFF	#D3D3D3	90
1836	#FFFFFF	#D3D3D3	90
1837	#FFFFFF	#D3D3D3	90
1838	#FFFFFF	#D3D3D3	90
1839	#FFFFFF	#D3D3D3	90
1840	#FFFFFF	#D3D3D3	90
1841	#FFFFFF	#D3D3D3	90
1842	#FFFFFF	#D3D3D3	90
1843	#FFFFFF	#D3D3D3	73
1844	#FFFFFF	#D3D3D3	90
1845	#FFFFFF	#D3D3D3	90
1846	#FFFFFF	#D3D3D3	90
1847	#FFFFFF	#D3D3D3	147
1848	#FFFFFF	#D3D3D3	147
1849	#FFFFFF	#D3D3D3	147
1850	#FFFFFF	#D3D3D3	147
1851	#FFFFFF	#D3D3D3	147
1852	#FFFFFF	#D3D3D3	147
1853	#FFFFFF	#D3D3D3	147
1854	#FFFFFF	#D3D3D3	204
1855	#FFFFFF	#D3D3D3	147
1856	#FFFFFF	#D3D3D3	147
1857	#FFFFFF	#D3D3D3	147
1858	#FFFFFF	#D3D3D3	147
1859	#FFFFFF	#D3D3D3	147
1860	#FFFFFF	#D3D3D3	147
1861	#FFFFFF	#D3D3D3	147
1862	#FFFFFF	#D3D3D3	147
1863	#FFFFFF	#D3D3D3	7
1864	#FFFFFF	#D3D3D3	204
1865	#FFFFFF	#D3D3D3	204
1866	#FFFFFF	#D3D3D3	204
1867	#FFFFFF	#D3D3D3	204
1868	#FFFFFF	#D3D3D3	204
1869	#FFFFFF	#D3D3D3	73
1870	#FFFFFF	#D3D3D3	73
1871	#FFFFFF	#D3D3D3	73
1872	#FFFFFF	#D3D3D3	204
1873	#FFFFFF	#D3D3D3	73
1874	#FFFFFF	#D3D3D3	204
1875	#FFFFFF	#D3D3D3	204
1876	#FFFFFF	#D3D3D3	204
1877	#FFFFFF	#D3D3D3	73
1878	#FFFFFF	#D3D3D3	73
1879	#FFFFFF	#D3D3D3	73
1880	#FFFFFF	#D3D3D3	73
1881	#FFFFFF	#D3D3D3	73
1882	#FFFFFF	#D3D3D3	73
1883	#FFFFFF	#D3D3D3	73
1884	#FFFFFF	#D3D3D3	73
1885	#FFFFFF	#D3D3D3	73
1886	#FFFFFF	#D3D3D3	73
1887	#FFFFFF	#D3D3D3	90
1888	#FFFFFF	#D3D3D3	90
1889	#FFFFFF	#D3D3D3	90
1890	#FFFFFF	#D3D3D3	90
1891	#FFFFFF	#D3D3D3	90
1892	#FFFFFF	#D3D3D3	90
1893	#FFFFFF	#D3D3D3	73
1894	#FFFFFF	#D3D3D3	90
1895	#FFFFFF	#D3D3D3	90
1896	#FFFFFF	#D3D3D3	90
1897	#FFFFFF	#D3D3D3	90
1898	#FFFFFF	#D3D3D3	147
1899	#FFFFFF	#D3D3D3	147
1900	#FFFFFF	#D3D3D3	147
1901	#FFFFFF	#D3D3D3	147
1902	#FFFFFF	#D3D3D3	147
1903	#FFFFFF	#D3D3D3	147
1904	#FFFFFF	#D3D3D3	73
1905	#FFFFFF	#D3D3D3	147
1906	#FFFFFF	#D3D3D3	147
1907	#FFFFFF	#D3D3D3	147
1908	#FFFFFF	#D3D3D3	147
1909	#FFFFFF	#D3D3D3	147
1910	#FFFFFF	#D3D3D3	147
1911	#FFFFFF	#D3D3D3	147
1912	#FFFFFF	#D3D3D3	147
1913	#FFFFFF	#D3D3D3	147
1914	#FFFFFF	#D3D3D3	7
1915	#FFFFFF	#D3D3D3	204
1916	#FFFFFF	#D3D3D3	204
1917	#FFFFFF	#D3D3D3	204
1918	#FFFFFF	#D3D3D3	204
1919	#FFFFFF	#D3D3D3	204
1920	#FFFFFF	#D3D3D3	204
1921	#FFFFFF	#D3D3D3	73
1922	#FFFFFF	#D3D3D3	73
1923	#FFFFFF	#D3D3D3	204
1924	#FFFFFF	#D3D3D3	73
1925	#FFFFFF	#D3D3D3	204
1926	#FFFFFF	#D3D3D3	204
1927	#FFFFFF	#D3D3D3	204
1928	#FFFFFF	#D3D3D3	73
1929	#FFFFFF	#D3D3D3	73
1930	#FFFFFF	#D3D3D3	73
1931	#FFFFFF	#D3D3D3	204
1932	#FFFFFF	#D3D3D3	204
1933	#FFFFFF	#D3D3D3	73
1934	#FFFFFF	#D3D3D3	73
1935	#FFFFFF	#D3D3D3	73
1936	#FFFFFF	#D3D3D3	73
1937	#FFFFFF	#D3D3D3	90
1938	#FFFFFF	#D3D3D3	90
1939	#FFFFFF	#D3D3D3	90
1940	#FFFFFF	#D3D3D3	90
1941	#FFFFFF	#D3D3D3	90
1942	#FFFFFF	#D3D3D3	90
1943	#FFFFFF	#D3D3D3	90
1944	#FFFFFF	#D3D3D3	73
1945	#FFFFFF	#D3D3D3	90
1946	#FFFFFF	#D3D3D3	90
1947	#FFFFFF	#D3D3D3	90
1948	#FFFFFF	#D3D3D3	90
1949	#FFFFFF	#D3D3D3	147
1950	#FFFFFF	#D3D3D3	147
1951	#FFFFFF	#D3D3D3	147
1952	#FFFFFF	#D3D3D3	147
1953	#FFFFFF	#D3D3D3	147
1954	#FFFFFF	#D3D3D3	147
1955	#FFFFFF	#D3D3D3	204
1956	#FFFFFF	#D3D3D3	147
1957	#FFFFFF	#D3D3D3	147
1958	#FFFFFF	#D3D3D3	147
1959	#FFFFFF	#D3D3D3	147
1960	#FFFFFF	#D3D3D3	147
1961	#FFFFFF	#D3D3D3	147
1962	#FFFFFF	#D3D3D3	147
1963	#FFFFFF	#D3D3D3	7
1964	#FFFFFF	#D3D3D3	7
1965	#FFFFFF	#D3D3D3	204
1966	#FFFFFF	#D3D3D3	204
1967	#FFFFFF	#D3D3D3	204
1968	#FFFFFF	#D3D3D3	204
1969	#FFFFFF	#D3D3D3	204
1970	#FFFFFF	#D3D3D3	204
1971	#FFFFFF	#D3D3D3	204
1972	#FFFFFF	#D3D3D3	204
1973	#FFFFFF	#D3D3D3	204
1974	#FFFFFF	#D3D3D3	204
1975	#FFFFFF	#D3D3D3	204
1976	#FFFFFF	#D3D3D3	204
1977	#FFFFFF	#D3D3D3	73
1978	#FFFFFF	#D3D3D3	204
1979	#FFFFFF	#D3D3D3	73
1980	#FFFFFF	#D3D3D3	73
1981	#FFFFFF	#D3D3D3	204
1982	#FFFFFF	#D3D3D3	204
1983	#FFFFFF	#D3D3D3	73
1984	#FFFFFF	#D3D3D3	204
1985	#FFFFFF	#D3D3D3	73
1986	#FFFFFF	#D3D3D3	73
1987	#FFFFFF	#D3D3D3	90
1988	#FFFFFF	#D3D3D3	90
1989	#FFFFFF	#D3D3D3	90
1990	#FFFFFF	#D3D3D3	90
1991	#FFFFFF	#D3D3D3	90
1992	#FFFFFF	#D3D3D3	90
1993	#FFFFFF	#D3D3D3	90
1994	#FFFFFF	#D3D3D3	73
1995	#FFFFFF	#D3D3D3	90
1996	#FFFFFF	#D3D3D3	90
1997	#FFFFFF	#D3D3D3	90
1998	#FFFFFF	#D3D3D3	90
1999	#FFFFFF	#D3D3D3	90
2000	#FFFFFF	#D3D3D3	90
2001	#FFFFFF	#D3D3D3	147
2002	#FFFFFF	#D3D3D3	147
2003	#FFFFFF	#D3D3D3	147
2004	#FFFFFF	#D3D3D3	147
2005	#FFFFFF	#D3D3D3	73
2006	#FFFFFF	#D3D3D3	147
2007	#FFFFFF	#D3D3D3	147
2008	#FFFFFF	#D3D3D3	147
2009	#FFFFFF	#D3D3D3	147
2010	#FFFFFF	#D3D3D3	147
2011	#FFFFFF	#D3D3D3	147
2012	#FFFFFF	#D3D3D3	147
2013	#FFFFFF	#D3D3D3	147
2014	#FFFFFF	#D3D3D3	7
2015	#FFFFFF	#D3D3D3	7
2016	#FFFFFF	#D3D3D3	73
2017	#FFFFFF	#D3D3D3	204
2018	#FFFFFF	#D3D3D3	204
2019	#FFFFFF	#D3D3D3	204
2020	#FFFFFF	#D3D3D3	204
2021	#FFFFFF	#D3D3D3	204
2022	#FFFFFF	#D3D3D3	204
2023	#FFFFFF	#D3D3D3	204
2024	#FFFFFF	#D3D3D3	204
2025	#FFFFFF	#D3D3D3	204
2026	#FFFFFF	#D3D3D3	204
2027	#FFFFFF	#D3D3D3	204
2028	#FFFFFF	#D3D3D3	73
2029	#FFFFFF	#D3D3D3	73
2030	#FFFFFF	#D3D3D3	73
2031	#FFFFFF	#D3D3D3	73
2032	#FFFFFF	#D3D3D3	204
2033	#FFFFFF	#D3D3D3	204
2034	#FFFFFF	#D3D3D3	73
2035	#FFFFFF	#D3D3D3	73
2036	#FFFFFF	#D3D3D3	73
2037	#FFFFFF	#D3D3D3	90
2038	#FFFFFF	#D3D3D3	90
2039	#FFFFFF	#D3D3D3	90
2040	#FFFFFF	#D3D3D3	90
2041	#FFFFFF	#D3D3D3	90
2042	#FFFFFF	#D3D3D3	90
2043	#FFFFFF	#D3D3D3	90
2044	#FFFFFF	#D3D3D3	90
2045	#FFFFFF	#D3D3D3	73
2046	#FFFFFF	#D3D3D3	90
2047	#FFFFFF	#D3D3D3	90
2048	#FFFFFF	#D3D3D3	90
2049	#FFFFFF	#D3D3D3	90
2050	#FFFFFF	#D3D3D3	90
2051	#FFFFFF	#D3D3D3	90
2052	#FFFFFF	#D3D3D3	90
2053	#FFFFFF	#D3D3D3	147
2054	#FFFFFF	#D3D3D3	90
2055	#FFFFFF	#D3D3D3	147
2056	#FFFFFF	#D3D3D3	73
2057	#FFFFFF	#D3D3D3	147
2058	#FFFFFF	#D3D3D3	147
2059	#FFFFFF	#D3D3D3	147
2060	#FFFFFF	#D3D3D3	147
2061	#FFFFFF	#D3D3D3	147
2062	#FFFFFF	#D3D3D3	147
2063	#FFFFFF	#D3D3D3	147
2064	#FFFFFF	#D3D3D3	7
2065	#FFFFFF	#D3D3D3	7
2066	#FFFFFF	#D3D3D3	204
2067	#FFFFFF	#D3D3D3	204
2068	#FFFFFF	#D3D3D3	204
2069	#FFFFFF	#D3D3D3	204
2070	#FFFFFF	#D3D3D3	204
2071	#FFFFFF	#D3D3D3	204
2072	#FFFFFF	#D3D3D3	204
2073	#FFFFFF	#D3D3D3	204
2074	#FFFFFF	#D3D3D3	204
2075	#FFFFFF	#D3D3D3	204
2076	#FFFFFF	#D3D3D3	204
2077	#FFFFFF	#D3D3D3	204
2078	#FFFFFF	#D3D3D3	204
2079	#FFFFFF	#D3D3D3	73
2080	#FFFFFF	#D3D3D3	73
2081	#FFFFFF	#D3D3D3	204
2082	#FFFFFF	#D3D3D3	204
2083	#FFFFFF	#D3D3D3	204
2084	#FFFFFF	#D3D3D3	204
2085	#FFFFFF	#D3D3D3	73
2086	#FFFFFF	#D3D3D3	73
2087	#FFFFFF	#D3D3D3	90
2088	#FFFFFF	#D3D3D3	90
2089	#FFFFFF	#D3D3D3	90
2090	#FFFFFF	#D3D3D3	90
2091	#FFFFFF	#D3D3D3	90
2092	#FFFFFF	#D3D3D3	90
2093	#FFFFFF	#D3D3D3	90
2094	#FFFFFF	#D3D3D3	90
2095	#FFFFFF	#D3D3D3	73
2096	#FFFFFF	#D3D3D3	90
2097	#FFFFFF	#D3D3D3	73
2098	#FFFFFF	#D3D3D3	73
2099	#FFFFFF	#D3D3D3	73
2100	#FFFFFF	#D3D3D3	90
2101	#FFFFFF	#D3D3D3	90
2102	#FFFFFF	#D3D3D3	90
2103	#FFFFFF	#D3D3D3	90
2104	#FFFFFF	#D3D3D3	147
2105	#FFFFFF	#D3D3D3	90
2106	#FFFFFF	#D3D3D3	73
2107	#FFFFFF	#D3D3D3	147
2108	#FFFFFF	#D3D3D3	147
2109	#FFFFFF	#D3D3D3	147
2110	#FFFFFF	#D3D3D3	147
2111	#FFFFFF	#D3D3D3	147
2112	#FFFFFF	#D3D3D3	147
2113	#FFFFFF	#D3D3D3	147
2114	#FFFFFF	#D3D3D3	147
2115	#FFFFFF	#D3D3D3	7
2116	#FFFFFF	#D3D3D3	7
2117	#FFFFFF	#D3D3D3	73
2118	#FFFFFF	#D3D3D3	73
2119	#FFFFFF	#D3D3D3	204
2120	#FFFFFF	#D3D3D3	204
2121	#FFFFFF	#D3D3D3	204
2122	#FFFFFF	#D3D3D3	204
2123	#FFFFFF	#D3D3D3	204
2124	#FFFFFF	#D3D3D3	204
2125	#FFFFFF	#D3D3D3	204
2126	#FFFFFF	#D3D3D3	204
2127	#FFFFFF	#D3D3D3	204
2128	#FFFFFF	#D3D3D3	204
2129	#FFFFFF	#D3D3D3	204
2130	#FFFFFF	#D3D3D3	204
2131	#FFFFFF	#D3D3D3	204
2132	#FFFFFF	#D3D3D3	204
2133	#FFFFFF	#D3D3D3	204
2134	#FFFFFF	#D3D3D3	73
2135	#FFFFFF	#D3D3D3	73
2136	#FFFFFF	#D3D3D3	73
2137	#FFFFFF	#D3D3D3	73
2138	#FFFFFF	#D3D3D3	73
2139	#FFFFFF	#D3D3D3	90
2140	#FFFFFF	#D3D3D3	90
2141	#FFFFFF	#D3D3D3	90
2142	#FFFFFF	#D3D3D3	90
2143	#FFFFFF	#D3D3D3	90
2144	#FFFFFF	#D3D3D3	90
2145	#FFFFFF	#D3D3D3	90
2146	#FFFFFF	#D3D3D3	204
2147	#FFFFFF	#D3D3D3	90
2148	#FFFFFF	#D3D3D3	73
2149	#FFFFFF	#D3D3D3	73
2150	#FFFFFF	#D3D3D3	90
2151	#FFFFFF	#D3D3D3	90
2152	#FFFFFF	#D3D3D3	90
2153	#FFFFFF	#D3D3D3	90
2154	#FFFFFF	#D3D3D3	90
2155	#FFFFFF	#D3D3D3	147
2156	#FFFFFF	#D3D3D3	90
2157	#FFFFFF	#D3D3D3	73
2158	#FFFFFF	#D3D3D3	147
2159	#FFFFFF	#D3D3D3	147
2160	#FFFFFF	#D3D3D3	147
2161	#FFFFFF	#D3D3D3	147
2162	#FFFFFF	#D3D3D3	147
2163	#FFFFFF	#D3D3D3	147
2164	#FFFFFF	#D3D3D3	147
2165	#FFFFFF	#D3D3D3	7
2166	#FFFFFF	#D3D3D3	147
2167	#FFFFFF	#D3D3D3	73
2168	#FFFFFF	#D3D3D3	204
2169	#FFFFFF	#D3D3D3	204
2170	#FFFFFF	#D3D3D3	204
2171	#FFFFFF	#D3D3D3	204
2172	#FFFFFF	#D3D3D3	204
2173	#FFFFFF	#D3D3D3	204
2174	#FFFFFF	#D3D3D3	204
2175	#FFFFFF	#D3D3D3	204
2176	#FFFFFF	#D3D3D3	204
2177	#FFFFFF	#D3D3D3	204
2178	#FFFFFF	#D3D3D3	204
2179	#FFFFFF	#D3D3D3	204
2180	#FFFFFF	#D3D3D3	204
2181	#FFFFFF	#D3D3D3	204
2182	#FFFFFF	#D3D3D3	204
2183	#FFFFFF	#D3D3D3	204
2184	#FFFFFF	#D3D3D3	204
2185	#FFFFFF	#D3D3D3	204
2186	#FFFFFF	#D3D3D3	73
2187	#FFFFFF	#D3D3D3	204
2188	#FFFFFF	#D3D3D3	73
2189	#FFFFFF	#D3D3D3	73
2190	#FFFFFF	#D3D3D3	73
2191	#FFFFFF	#D3D3D3	73
2192	#FFFFFF	#D3D3D3	90
2193	#FFFFFF	#D3D3D3	73
2194	#FFFFFF	#D3D3D3	90
2195	#FFFFFF	#D3D3D3	90
2196	#FFFFFF	#D3D3D3	204
2197	#FFFFFF	#D3D3D3	90
2198	#FFFFFF	#D3D3D3	73
2199	#FFFFFF	#D3D3D3	73
2200	#FFFFFF	#D3D3D3	73
2201	#FFFFFF	#D3D3D3	90
2202	#FFFFFF	#D3D3D3	90
2203	#FFFFFF	#D3D3D3	90
2204	#FFFFFF	#D3D3D3	90
2205	#FFFFFF	#D3D3D3	147
2206	#FFFFFF	#D3D3D3	90
2207	#FFFFFF	#D3D3D3	204
2208	#FFFFFF	#D3D3D3	90
2209	#FFFFFF	#D3D3D3	147
2210	#FFFFFF	#D3D3D3	147
2211	#FFFFFF	#D3D3D3	147
2212	#FFFFFF	#D3D3D3	147
2213	#FFFFFF	#D3D3D3	147
2214	#FFFFFF	#D3D3D3	147
2215	#FFFFFF	#D3D3D3	147
2216	#FFFFFF	#D3D3D3	7
2217	#FFFFFF	#D3D3D3	147
2218	#FFFFFF	#D3D3D3	73
2219	#FFFFFF	#D3D3D3	73
2220	#FFFFFF	#D3D3D3	204
2221	#FFFFFF	#D3D3D3	204
2222	#FFFFFF	#D3D3D3	204
2223	#FFFFFF	#D3D3D3	204
2224	#FFFFFF	#D3D3D3	204
2225	#FFFFFF	#D3D3D3	204
2226	#FFFFFF	#D3D3D3	204
2227	#FFFFFF	#D3D3D3	204
2228	#FFFFFF	#D3D3D3	73
2229	#FFFFFF	#D3D3D3	204
2230	#FFFFFF	#D3D3D3	204
2231	#FFFFFF	#D3D3D3	204
2232	#FFFFFF	#D3D3D3	204
2233	#FFFFFF	#D3D3D3	204
2234	#FFFFFF	#D3D3D3	204
2235	#FFFFFF	#D3D3D3	204
2236	#FFFFFF	#D3D3D3	204
2237	#FFFFFF	#D3D3D3	204
2238	#FFFFFF	#D3D3D3	204
2239	#FFFFFF	#D3D3D3	73
2240	#FFFFFF	#D3D3D3	73
2241	#FFFFFF	#D3D3D3	73
2242	#FFFFFF	#D3D3D3	90
2243	#FFFFFF	#D3D3D3	73
2244	#FFFFFF	#D3D3D3	73
2245	#FFFFFF	#D3D3D3	90
2246	#FFFFFF	#D3D3D3	90
2247	#FFFFFF	#D3D3D3	73
2248	#FFFFFF	#D3D3D3	73
2249	#FFFFFF	#D3D3D3	73
2250	#FFFFFF	#D3D3D3	73
2251	#FFFFFF	#D3D3D3	73
2252	#FFFFFF	#D3D3D3	73
2253	#FFFFFF	#D3D3D3	90
2254	#FFFFFF	#D3D3D3	90
2255	#FFFFFF	#D3D3D3	90
2256	#FFFFFF	#D3D3D3	147
2257	#FFFFFF	#D3D3D3	90
2258	#FFFFFF	#D3D3D3	73
2259	#FFFFFF	#D3D3D3	147
2260	#FFFFFF	#D3D3D3	90
2261	#FFFFFF	#D3D3D3	147
2262	#FFFFFF	#D3D3D3	147
2263	#FFFFFF	#D3D3D3	147
2264	#FFFFFF	#D3D3D3	147
2265	#FFFFFF	#D3D3D3	147
2266	#FFFFFF	#D3D3D3	7
2267	#FFFFFF	#D3D3D3	7
2268	#FFFFFF	#D3D3D3	204
2269	#FFFFFF	#D3D3D3	73
2270	#FFFFFF	#D3D3D3	204
2271	#FFFFFF	#D3D3D3	204
2272	#FFFFFF	#D3D3D3	204
2273	#FFFFFF	#D3D3D3	73
2274	#FFFFFF	#D3D3D3	73
2275	#FFFFFF	#D3D3D3	73
2276	#FFFFFF	#D3D3D3	73
2277	#FFFFFF	#D3D3D3	73
2278	#FFFFFF	#D3D3D3	73
2279	#FFFFFF	#D3D3D3	73
2280	#FFFFFF	#D3D3D3	73
2281	#FFFFFF	#D3D3D3	73
2282	#FFFFFF	#D3D3D3	73
2283	#FFFFFF	#D3D3D3	7
2284	#FFFFFF	#D3D3D3	7
2285	#FFFFFF	#D3D3D3	7
2286	#FFFFFF	#D3D3D3	7
2287	#FFFFFF	#D3D3D3	7
2288	#FFFFFF	#D3D3D3	7
2289	#FFFFFF	#D3D3D3	7
2290	#FFFFFF	#D3D3D3	147
2291	#FFFFFF	#D3D3D3	147
2292	#FFFFFF	#D3D3D3	147
2293	#FFFFFF	#D3D3D3	7
2294	#FFFFFF	#D3D3D3	7
2295	#FFFFFF	#D3D3D3	7
2296	#FFFFFF	#D3D3D3	7
2297	#FFFFFF	#D3D3D3	7
2298	#FFFFFF	#D3D3D3	7
2299	#FFFFFF	#D3D3D3	7
2300	#FFFFFF	#D3D3D3	7
2301	#FFFFFF	#D3D3D3	7
2302	#FFFFFF	#D3D3D3	7
2303	#FFFFFF	#D3D3D3	7
2304	#FFFFFF	#D3D3D3	7
2305	#FFFFFF	#D3D3D3	7
2306	#FFFFFF	#D3D3D3	7
2307	#FFFFFF	#D3D3D3	7
2308	#FFFFFF	#D3D3D3	7
2309	#FFFFFF	#D3D3D3	7
2310	#FFFFFF	#D3D3D3	7
2311	#FFFFFF	#D3D3D3	7
2312	#FFFFFF	#D3D3D3	7
2313	#FFFFFF	#D3D3D3	7
2314	#FFFFFF	#D3D3D3	7
2315	#FFFFFF	#D3D3D3	7
2316	#FFFFFF	#D3D3D3	7
2317	#FFFFFF	#D3D3D3	7
2318	#FFFFFF	#D3D3D3	7
2319	#FFFFFF	#D3D3D3	7
2320	#FFFFFF	#D3D3D3	7
2321	#FFFFFF	#D3D3D3	73
2322	#FFFFFF	#D3D3D3	7
2323	#FFFFFF	#D3D3D3	7
2324	#FFFFFF	#D3D3D3	73
2325	#FFFFFF	#D3D3D3	73
2326	#FFFFFF	#D3D3D3	73
2327	#FFFFFF	#D3D3D3	7
2328	#FFFFFF	#D3D3D3	73
2329	#FFFFFF	#D3D3D3	73
2330	#FFFFFF	#D3D3D3	73
2331	#FFFFFF	#D3D3D3	7
2332	#FFFFFF	#D3D3D3	73
2333	#FFFFFF	#D3D3D3	73
2334	#FFFFFF	#D3D3D3	7
2335	#FFFFFF	#D3D3D3	7
2336	#FFFFFF	#D3D3D3	7
2337	#FFFFFF	#D3D3D3	7
2338	#FFFFFF	#D3D3D3	7
2339	#FFFFFF	#D3D3D3	7
2340	#FFFFFF	#D3D3D3	147
2341	#FFFFFF	#D3D3D3	147
2342	#FFFFFF	#D3D3D3	147
2343	#FFFFFF	#D3D3D3	147
2344	#FFFFFF	#D3D3D3	7
2345	#FFFFFF	#D3D3D3	7
2346	#FFFFFF	#D3D3D3	7
2347	#FFFFFF	#D3D3D3	7
2348	#FFFFFF	#D3D3D3	7
2349	#FFFFFF	#D3D3D3	7
2350	#FFFFFF	#D3D3D3	7
2351	#FFFFFF	#D3D3D3	7
2352	#FFFFFF	#D3D3D3	7
2353	#FFFFFF	#D3D3D3	7
2354	#FFFFFF	#D3D3D3	7
2355	#FFFFFF	#D3D3D3	7
2356	#FFFFFF	#D3D3D3	7
2357	#FFFFFF	#D3D3D3	7
2358	#FFFFFF	#D3D3D3	7
2359	#FFFFFF	#D3D3D3	7
2360	#FFFFFF	#D3D3D3	7
2361	#FFFFFF	#D3D3D3	7
2362	#FFFFFF	#D3D3D3	7
2363	#FFFFFF	#D3D3D3	7
2364	#FFFFFF	#D3D3D3	7
2365	#FFFFFF	#D3D3D3	7
2366	#FFFFFF	#D3D3D3	7
2367	#FFFFFF	#D3D3D3	7
2368	#FFFFFF	#D3D3D3	7
2369	#FFFFFF	#D3D3D3	7
2370	#FFFFFF	#D3D3D3	73
2371	#FFFFFF	#D3D3D3	73
2372	#FFFFFF	#D3D3D3	73
2373	#FFFFFF	#D3D3D3	7
2374	#FFFFFF	#D3D3D3	204
2375	#FFFFFF	#D3D3D3	204
2376	#FFFFFF	#D3D3D3	204
2377	#FFFFFF	#D3D3D3	204
2378	#FFFFFF	#D3D3D3	204
2379	#FFFFFF	#D3D3D3	73
2380	#FFFFFF	#D3D3D3	204
2381	#FFFFFF	#D3D3D3	204
2382	#FFFFFF	#D3D3D3	73
2383	#FFFFFF	#D3D3D3	73
2384	#FFFFFF	#D3D3D3	204
2385	#FFFFFF	#D3D3D3	204
2386	#FFFFFF	#D3D3D3	204
2387	#FFFFFF	#D3D3D3	204
2388	#FFFFFF	#D3D3D3	204
2389	#FFFFFF	#D3D3D3	204
2390	#FFFFFF	#D3D3D3	73
2391	#FFFFFF	#D3D3D3	73
2392	#FFFFFF	#D3D3D3	73
2393	#FFFFFF	#D3D3D3	73
2394	#FFFFFF	#D3D3D3	90
2395	#FFFFFF	#D3D3D3	73
2396	#FFFFFF	#D3D3D3	90
2397	#FFFFFF	#D3D3D3	90
2398	#FFFFFF	#D3D3D3	204
2399	#FFFFFF	#D3D3D3	73
2400	#FFFFFF	#D3D3D3	73
2401	#FFFFFF	#D3D3D3	73
2402	#FFFFFF	#D3D3D3	73
2403	#FFFFFF	#D3D3D3	73
2404	#FFFFFF	#D3D3D3	73
2405	#FFFFFF	#D3D3D3	90
2406	#FFFFFF	#D3D3D3	90
2407	#FFFFFF	#D3D3D3	90
2408	#FFFFFF	#D3D3D3	90
2409	#FFFFFF	#D3D3D3	73
2410	#FFFFFF	#D3D3D3	147
2411	#FFFFFF	#D3D3D3	90
2412	#FFFFFF	#D3D3D3	90
2413	#FFFFFF	#D3D3D3	90
2414	#FFFFFF	#D3D3D3	147
2415	#FFFFFF	#D3D3D3	147
2416	#FFFFFF	#D3D3D3	7
2417	#FFFFFF	#D3D3D3	147
2418	#FFFFFF	#D3D3D3	147
2419	#FFFFFF	#D3D3D3	147
2420	#FFFFFF	#D3D3D3	204
2421	#FFFFFF	#D3D3D3	204
2422	#FFFFFF	#D3D3D3	73
2423	#FFFFFF	#D3D3D3	204
2424	#FFFFFF	#D3D3D3	204
2425	#FFFFFF	#D3D3D3	204
2426	#FFFFFF	#D3D3D3	204
2427	#FFFFFF	#D3D3D3	204
2428	#FFFFFF	#D3D3D3	204
2429	#FFFFFF	#D3D3D3	73
2430	#FFFFFF	#D3D3D3	73
2431	#FFFFFF	#D3D3D3	73
2432	#FFFFFF	#D3D3D3	73
2433	#FFFFFF	#D3D3D3	73
2434	#FFFFFF	#D3D3D3	204
2435	#FFFFFF	#D3D3D3	204
2436	#FFFFFF	#D3D3D3	204
2437	#FFFFFF	#D3D3D3	204
2438	#FFFFFF	#D3D3D3	73
2439	#FFFFFF	#D3D3D3	204
2440	#FFFFFF	#D3D3D3	204
2441	#FFFFFF	#D3D3D3	73
2442	#FFFFFF	#D3D3D3	73
2443	#FFFFFF	#D3D3D3	73
2444	#FFFFFF	#D3D3D3	73
2445	#FFFFFF	#D3D3D3	73
2446	#FFFFFF	#D3D3D3	90
2447	#FFFFFF	#D3D3D3	90
2448	#FFFFFF	#D3D3D3	90
2449	#FFFFFF	#D3D3D3	204
2450	#FFFFFF	#D3D3D3	73
2451	#FFFFFF	#D3D3D3	73
2452	#FFFFFF	#D3D3D3	73
2453	#FFFFFF	#D3D3D3	73
2454	#FFFFFF	#D3D3D3	73
2455	#FFFFFF	#D3D3D3	90
2456	#FFFFFF	#D3D3D3	90
2457	#FFFFFF	#D3D3D3	90
2458	#FFFFFF	#D3D3D3	90
2459	#FFFFFF	#D3D3D3	90
2460	#FFFFFF	#D3D3D3	204
2461	#FFFFFF	#D3D3D3	90
2462	#FFFFFF	#D3D3D3	90
2463	#FFFFFF	#D3D3D3	90
2464	#FFFFFF	#D3D3D3	147
2465	#FFFFFF	#D3D3D3	147
2466	#FFFFFF	#D3D3D3	147
2467	#FFFFFF	#D3D3D3	7
2468	#FFFFFF	#D3D3D3	147
2469	#FFFFFF	#D3D3D3	147
2470	#FFFFFF	#D3D3D3	204
2471	#FFFFFF	#D3D3D3	73
2472	#FFFFFF	#D3D3D3	204
2473	#FFFFFF	#D3D3D3	204
2474	#FFFFFF	#D3D3D3	204
2475	#FFFFFF	#D3D3D3	73
2476	#FFFFFF	#D3D3D3	204
2477	#FFFFFF	#D3D3D3	204
2478	#FFFFFF	#D3D3D3	204
2479	#FFFFFF	#D3D3D3	204
2480	#FFFFFF	#D3D3D3	73
2481	#FFFFFF	#D3D3D3	73
2482	#FFFFFF	#D3D3D3	73
2483	#FFFFFF	#D3D3D3	73
2484	#FFFFFF	#D3D3D3	73
2485	#FFFFFF	#D3D3D3	204
2486	#FFFFFF	#D3D3D3	204
2487	#FFFFFF	#D3D3D3	204
2488	#FFFFFF	#D3D3D3	204
2489	#FFFFFF	#D3D3D3	73
2490	#FFFFFF	#D3D3D3	204
2491	#FFFFFF	#D3D3D3	204
2492	#FFFFFF	#D3D3D3	73
2493	#FFFFFF	#D3D3D3	73
2494	#FFFFFF	#D3D3D3	73
2495	#FFFFFF	#D3D3D3	73
2496	#FFFFFF	#D3D3D3	73
2497	#FFFFFF	#D3D3D3	73
2498	#FFFFFF	#D3D3D3	90
2499	#FFFFFF	#D3D3D3	73
2500	#FFFFFF	#D3D3D3	73
2501	#FFFFFF	#D3D3D3	73
2502	#FFFFFF	#D3D3D3	73
2503	#FFFFFF	#D3D3D3	73
2504	#FFFFFF	#D3D3D3	73
2505	#FFFFFF	#D3D3D3	73
2506	#FFFFFF	#D3D3D3	90
2507	#FFFFFF	#D3D3D3	90
2508	#FFFFFF	#D3D3D3	90
2509	#FFFFFF	#D3D3D3	90
2510	#FFFFFF	#D3D3D3	204
2511	#FFFFFF	#D3D3D3	90
2512	#FFFFFF	#D3D3D3	90
2513	#FFFFFF	#D3D3D3	90
2514	#FFFFFF	#D3D3D3	147
2515	#FFFFFF	#D3D3D3	147
2516	#FFFFFF	#D3D3D3	147
2517	#FFFFFF	#D3D3D3	7
2518	#FFFFFF	#D3D3D3	7
2519	#FFFFFF	#D3D3D3	147
2520	#FFFFFF	#D3D3D3	7
2521	#FFFFFF	#D3D3D3	204
2522	#FFFFFF	#D3D3D3	204
2523	#FFFFFF	#D3D3D3	204
2524	#FFFFFF	#D3D3D3	204
2525	#FFFFFF	#D3D3D3	204
2526	#FFFFFF	#D3D3D3	204
2527	#FFFFFF	#D3D3D3	204
2528	#FFFFFF	#D3D3D3	204
2529	#FFFFFF	#D3D3D3	204
2530	#FFFFFF	#D3D3D3	73
2531	#FFFFFF	#D3D3D3	73
2532	#FFFFFF	#D3D3D3	73
2533	#FFFFFF	#D3D3D3	204
2534	#FFFFFF	#D3D3D3	204
2535	#FFFFFF	#D3D3D3	204
2536	#FFFFFF	#D3D3D3	204
2537	#FFFFFF	#D3D3D3	204
2538	#FFFFFF	#D3D3D3	73
2539	#FFFFFF	#D3D3D3	204
2540	#FFFFFF	#D3D3D3	73
2541	#FFFFFF	#D3D3D3	204
2542	#FFFFFF	#D3D3D3	73
2543	#FFFFFF	#D3D3D3	73
2544	#FFFFFF	#D3D3D3	73
2545	#FFFFFF	#D3D3D3	73
2546	#FFFFFF	#D3D3D3	73
2547	#FFFFFF	#D3D3D3	73
2548	#FFFFFF	#D3D3D3	73
2549	#FFFFFF	#D3D3D3	90
2550	#FFFFFF	#D3D3D3	73
2551	#FFFFFF	#D3D3D3	90
2552	#FFFFFF	#D3D3D3	73
2553	#FFFFFF	#D3D3D3	73
2554	#FFFFFF	#D3D3D3	73
2555	#FFFFFF	#D3D3D3	73
2556	#FFFFFF	#D3D3D3	90
2557	#FFFFFF	#D3D3D3	90
2558	#FFFFFF	#D3D3D3	90
2559	#FFFFFF	#D3D3D3	90
2560	#FFFFFF	#D3D3D3	90
2561	#FFFFFF	#D3D3D3	73
2562	#FFFFFF	#D3D3D3	90
2563	#FFFFFF	#D3D3D3	90
2564	#FFFFFF	#D3D3D3	147
2565	#FFFFFF	#D3D3D3	147
2566	#FFFFFF	#D3D3D3	147
2567	#FFFFFF	#D3D3D3	7
2568	#FFFFFF	#D3D3D3	147
2569	#FFFFFF	#D3D3D3	7
2570	#FFFFFF	#D3D3D3	147
2571	#FFFFFF	#D3D3D3	204
2572	#FFFFFF	#D3D3D3	204
2573	#FFFFFF	#D3D3D3	204
2574	#FFFFFF	#D3D3D3	204
2575	#FFFFFF	#D3D3D3	204
2576	#FFFFFF	#D3D3D3	73
2577	#FFFFFF	#D3D3D3	73
2578	#FFFFFF	#D3D3D3	73
2579	#FFFFFF	#D3D3D3	204
2580	#FFFFFF	#D3D3D3	204
2581	#FFFFFF	#D3D3D3	73
2582	#FFFFFF	#D3D3D3	73
2583	#FFFFFF	#D3D3D3	204
2584	#FFFFFF	#D3D3D3	204
2585	#FFFFFF	#D3D3D3	204
2586	#FFFFFF	#D3D3D3	204
2587	#FFFFFF	#D3D3D3	204
2588	#FFFFFF	#D3D3D3	73
2589	#FFFFFF	#D3D3D3	73
2590	#FFFFFF	#D3D3D3	73
2591	#FFFFFF	#D3D3D3	73
2592	#FFFFFF	#D3D3D3	73
2593	#FFFFFF	#D3D3D3	73
2594	#FFFFFF	#D3D3D3	73
2595	#FFFFFF	#D3D3D3	73
2596	#FFFFFF	#D3D3D3	73
2597	#FFFFFF	#D3D3D3	73
2598	#FFFFFF	#D3D3D3	73
2599	#FFFFFF	#D3D3D3	73
2600	#FFFFFF	#D3D3D3	204
2601	#FFFFFF	#D3D3D3	90
2602	#FFFFFF	#D3D3D3	73
2603	#FFFFFF	#D3D3D3	73
2604	#FFFFFF	#D3D3D3	90
2605	#FFFFFF	#D3D3D3	90
2606	#FFFFFF	#D3D3D3	73
2607	#FFFFFF	#D3D3D3	90
2608	#FFFFFF	#D3D3D3	90
2609	#FFFFFF	#D3D3D3	90
2610	#FFFFFF	#D3D3D3	90
2611	#FFFFFF	#D3D3D3	73
2612	#FFFFFF	#D3D3D3	90
2613	#FFFFFF	#D3D3D3	90
2614	#FFFFFF	#D3D3D3	90
2615	#FFFFFF	#D3D3D3	147
2616	#FFFFFF	#D3D3D3	147
2617	#FFFFFF	#D3D3D3	147
2618	#FFFFFF	#D3D3D3	147
2619	#FFFFFF	#D3D3D3	147
2620	#FFFFFF	#D3D3D3	7
2621	#FFFFFF	#D3D3D3	7
2622	#FFFFFF	#D3D3D3	73
2623	#FFFFFF	#D3D3D3	204
2624	#FFFFFF	#D3D3D3	73
2625	#FFFFFF	#D3D3D3	73
2626	#FFFFFF	#D3D3D3	73
2627	#FFFFFF	#D3D3D3	73
2628	#FFFFFF	#D3D3D3	73
2629	#FFFFFF	#D3D3D3	73
2630	#FFFFFF	#D3D3D3	204
2631	#FFFFFF	#D3D3D3	73
2632	#FFFFFF	#D3D3D3	204
2633	#FFFFFF	#D3D3D3	204
2634	#FFFFFF	#D3D3D3	204
2635	#FFFFFF	#D3D3D3	204
2636	#FFFFFF	#D3D3D3	204
2637	#FFFFFF	#D3D3D3	204
2638	#FFFFFF	#D3D3D3	204
2639	#FFFFFF	#D3D3D3	73
2640	#FFFFFF	#D3D3D3	204
2641	#FFFFFF	#D3D3D3	73
2642	#FFFFFF	#D3D3D3	73
2643	#FFFFFF	#D3D3D3	73
2644	#FFFFFF	#D3D3D3	73
2645	#FFFFFF	#D3D3D3	73
2646	#FFFFFF	#D3D3D3	73
2647	#FFFFFF	#D3D3D3	73
2648	#FFFFFF	#D3D3D3	73
2649	#FFFFFF	#D3D3D3	73
2650	#FFFFFF	#D3D3D3	90
2651	#FFFFFF	#D3D3D3	73
2652	#FFFFFF	#D3D3D3	73
2653	#FFFFFF	#D3D3D3	73
2654	#FFFFFF	#D3D3D3	90
2655	#FFFFFF	#D3D3D3	90
2656	#FFFFFF	#D3D3D3	73
2657	#FFFFFF	#D3D3D3	90
2658	#FFFFFF	#D3D3D3	90
2659	#FFFFFF	#D3D3D3	90
2660	#FFFFFF	#D3D3D3	90
2661	#FFFFFF	#D3D3D3	90
2662	#FFFFFF	#D3D3D3	73
2663	#FFFFFF	#D3D3D3	90
2664	#FFFFFF	#D3D3D3	90
2665	#FFFFFF	#D3D3D3	147
2666	#FFFFFF	#D3D3D3	147
2667	#FFFFFF	#D3D3D3	147
2668	#FFFFFF	#D3D3D3	147
2669	#FFFFFF	#D3D3D3	7
2670	#FFFFFF	#D3D3D3	7
2671	#FFFFFF	#D3D3D3	7
2672	#FFFFFF	#D3D3D3	73
2673	#FFFFFF	#D3D3D3	73
2674	#FFFFFF	#D3D3D3	73
2675	#FFFFFF	#D3D3D3	73
2676	#FFFFFF	#D3D3D3	73
2677	#FFFFFF	#D3D3D3	73
2678	#FFFFFF	#D3D3D3	73
2679	#FFFFFF	#D3D3D3	73
2680	#FFFFFF	#D3D3D3	73
2681	#FFFFFF	#D3D3D3	73
2682	#FFFFFF	#D3D3D3	73
2683	#FFFFFF	#D3D3D3	204
2684	#FFFFFF	#D3D3D3	204
2685	#FFFFFF	#D3D3D3	204
2686	#FFFFFF	#D3D3D3	73
2687	#FFFFFF	#D3D3D3	204
2688	#FFFFFF	#D3D3D3	204
2689	#FFFFFF	#D3D3D3	73
2690	#FFFFFF	#D3D3D3	73
2691	#FFFFFF	#D3D3D3	73
2692	#FFFFFF	#D3D3D3	73
2693	#FFFFFF	#D3D3D3	73
2694	#FFFFFF	#D3D3D3	73
2695	#FFFFFF	#D3D3D3	73
2696	#FFFFFF	#D3D3D3	73
2697	#FFFFFF	#D3D3D3	73
2698	#FFFFFF	#D3D3D3	73
2699	#FFFFFF	#D3D3D3	73
2700	#FFFFFF	#D3D3D3	73
2701	#FFFFFF	#D3D3D3	73
2702	#FFFFFF	#D3D3D3	73
2703	#FFFFFF	#D3D3D3	73
2704	#FFFFFF	#D3D3D3	73
2705	#FFFFFF	#D3D3D3	90
2706	#FFFFFF	#D3D3D3	90
2707	#FFFFFF	#D3D3D3	90
2708	#FFFFFF	#D3D3D3	90
2709	#FFFFFF	#D3D3D3	90
2710	#FFFFFF	#D3D3D3	90
2711	#FFFFFF	#D3D3D3	90
2712	#FFFFFF	#D3D3D3	73
2713	#FFFFFF	#D3D3D3	90
2714	#FFFFFF	#D3D3D3	147
2715	#FFFFFF	#D3D3D3	147
2716	#FFFFFF	#D3D3D3	90
2717	#FFFFFF	#D3D3D3	147
2718	#FFFFFF	#D3D3D3	147
2719	#FFFFFF	#D3D3D3	7
2720	#FFFFFF	#D3D3D3	7
2721	#FFFFFF	#D3D3D3	7
2722	#FFFFFF	#D3D3D3	7
2723	#FFFFFF	#D3D3D3	12
2724	#FFFFFF	#D3D3D3	73
2725	#FFFFFF	#D3D3D3	73
2726	#FFFFFF	#D3D3D3	73
2727	#FFFFFF	#D3D3D3	73
2728	#FFFFFF	#D3D3D3	73
2729	#FFFFFF	#D3D3D3	73
2730	#FFFFFF	#D3D3D3	73
2731	#FFFFFF	#D3D3D3	73
2732	#FFFFFF	#D3D3D3	73
2733	#FFFFFF	#D3D3D3	73
2734	#FFFFFF	#D3D3D3	204
2735	#FFFFFF	#D3D3D3	204
2736	#FFFFFF	#D3D3D3	73
2737	#FFFFFF	#D3D3D3	204
2738	#FFFFFF	#D3D3D3	204
2739	#FFFFFF	#D3D3D3	73
2740	#FFFFFF	#D3D3D3	73
2741	#FFFFFF	#D3D3D3	73
2742	#FFFFFF	#D3D3D3	73
2743	#FFFFFF	#D3D3D3	73
2744	#FFFFFF	#D3D3D3	73
2745	#FFFFFF	#D3D3D3	73
2746	#FFFFFF	#D3D3D3	73
2747	#FFFFFF	#D3D3D3	73
2748	#FFFFFF	#D3D3D3	73
2749	#FFFFFF	#D3D3D3	73
2750	#FFFFFF	#D3D3D3	73
2751	#FFFFFF	#D3D3D3	73
2752	#FFFFFF	#D3D3D3	12
2753	#FFFFFF	#D3D3D3	73
2754	#FFFFFF	#D3D3D3	73
2755	#FFFFFF	#D3D3D3	73
2756	#FFFFFF	#D3D3D3	90
2757	#FFFFFF	#D3D3D3	90
2758	#FFFFFF	#D3D3D3	90
2759	#FFFFFF	#D3D3D3	90
2760	#FFFFFF	#D3D3D3	90
2761	#FFFFFF	#D3D3D3	90
2762	#FFFFFF	#D3D3D3	90
2763	#FFFFFF	#D3D3D3	12
2764	#FFFFFF	#D3D3D3	147
2765	#FFFFFF	#D3D3D3	147
2766	#FFFFFF	#D3D3D3	90
2767	#FFFFFF	#D3D3D3	90
2768	#FFFFFF	#D3D3D3	90
2769	#FFFFFF	#D3D3D3	147
2770	#FFFFFF	#D3D3D3	73
2771	#FFFFFF	#D3D3D3	73
2772	#FFFFFF	#D3D3D3	7
2773	#FFFFFF	#D3D3D3	12
2774	#FFFFFF	#D3D3D3	12
2775	#FFFFFF	#D3D3D3	73
2776	#FFFFFF	#D3D3D3	73
2777	#FFFFFF	#D3D3D3	73
2778	#FFFFFF	#D3D3D3	73
2779	#FFFFFF	#D3D3D3	73
2780	#FFFFFF	#D3D3D3	73
2781	#FFFFFF	#D3D3D3	73
2782	#FFFFFF	#D3D3D3	73
2783	#FFFFFF	#D3D3D3	73
2784	#FFFFFF	#D3D3D3	73
2785	#FFFFFF	#D3D3D3	204
2786	#FFFFFF	#D3D3D3	73
2787	#FFFFFF	#D3D3D3	73
2788	#FFFFFF	#D3D3D3	204
2789	#FFFFFF	#D3D3D3	204
2790	#FFFFFF	#D3D3D3	73
2791	#FFFFFF	#D3D3D3	73
2792	#FFFFFF	#D3D3D3	73
2793	#FFFFFF	#D3D3D3	73
2794	#FFFFFF	#D3D3D3	73
2795	#FFFFFF	#D3D3D3	73
2796	#FFFFFF	#D3D3D3	73
2797	#FFFFFF	#D3D3D3	73
2798	#FFFFFF	#D3D3D3	73
2799	#FFFFFF	#D3D3D3	73
2800	#FFFFFF	#D3D3D3	73
2801	#FFFFFF	#D3D3D3	73
2802	#FFFFFF	#D3D3D3	12
2803	#FFFFFF	#D3D3D3	73
2804	#FFFFFF	#D3D3D3	73
2805	#FFFFFF	#D3D3D3	73
2806	#FFFFFF	#D3D3D3	73
2807	#FFFFFF	#D3D3D3	90
2808	#FFFFFF	#D3D3D3	90
2809	#FFFFFF	#D3D3D3	90
2810	#FFFFFF	#D3D3D3	90
2811	#FFFFFF	#D3D3D3	73
2812	#FFFFFF	#D3D3D3	90
2813	#FFFFFF	#D3D3D3	12
2814	#FFFFFF	#D3D3D3	90
2815	#FFFFFF	#D3D3D3	147
2816	#FFFFFF	#D3D3D3	90
2817	#FFFFFF	#D3D3D3	90
2818	#FFFFFF	#D3D3D3	90
2819	#FFFFFF	#D3D3D3	90
2820	#FFFFFF	#D3D3D3	90
2821	#FFFFFF	#D3D3D3	73
2822	#FFFFFF	#D3D3D3	7
2823	#FFFFFF	#D3D3D3	7
2824	#FFFFFF	#D3D3D3	12
2825	#FFFFFF	#D3D3D3	12
2826	#FFFFFF	#D3D3D3	12
2827	#FFFFFF	#D3D3D3	12
2828	#FFFFFF	#D3D3D3	73
2829	#FFFFFF	#D3D3D3	73
2830	#FFFFFF	#D3D3D3	73
2831	#FFFFFF	#D3D3D3	73
2832	#FFFFFF	#D3D3D3	73
2833	#FFFFFF	#D3D3D3	73
2834	#FFFFFF	#D3D3D3	73
2835	#FFFFFF	#D3D3D3	73
2836	#FFFFFF	#D3D3D3	73
2837	#FFFFFF	#D3D3D3	73
2838	#FFFFFF	#D3D3D3	204
2839	#FFFFFF	#D3D3D3	204
2840	#FFFFFF	#D3D3D3	204
2841	#FFFFFF	#D3D3D3	73
2842	#FFFFFF	#D3D3D3	12
2843	#FFFFFF	#D3D3D3	73
2844	#FFFFFF	#D3D3D3	73
2845	#FFFFFF	#D3D3D3	73
2846	#FFFFFF	#D3D3D3	73
2847	#FFFFFF	#D3D3D3	73
2848	#FFFFFF	#D3D3D3	73
2849	#FFFFFF	#D3D3D3	73
2850	#FFFFFF	#D3D3D3	73
2851	#FFFFFF	#D3D3D3	73
2852	#FFFFFF	#D3D3D3	73
2853	#FFFFFF	#D3D3D3	12
2854	#FFFFFF	#D3D3D3	73
2855	#FFFFFF	#D3D3D3	73
2856	#FFFFFF	#D3D3D3	73
2857	#FFFFFF	#D3D3D3	73
2858	#FFFFFF	#D3D3D3	73
2859	#FFFFFF	#D3D3D3	73
2860	#FFFFFF	#D3D3D3	73
2861	#FFFFFF	#D3D3D3	73
2862	#FFFFFF	#D3D3D3	73
2863	#FFFFFF	#D3D3D3	90
2864	#FFFFFF	#D3D3D3	12
2865	#FFFFFF	#D3D3D3	90
2866	#FFFFFF	#D3D3D3	147
2867	#FFFFFF	#D3D3D3	147
2868	#FFFFFF	#D3D3D3	90
2869	#FFFFFF	#D3D3D3	90
2870	#FFFFFF	#D3D3D3	90
2871	#FFFFFF	#D3D3D3	73
2872	#FFFFFF	#D3D3D3	7
2873	#FFFFFF	#D3D3D3	7
2874	#FFFFFF	#D3D3D3	73
2875	#FFFFFF	#D3D3D3	12
2876	#FFFFFF	#D3D3D3	12
2877	#FFFFFF	#D3D3D3	12
2878	#FFFFFF	#D3D3D3	73
2879	#FFFFFF	#D3D3D3	73
2880	#FFFFFF	#D3D3D3	73
2881	#FFFFFF	#D3D3D3	73
2882	#FFFFFF	#D3D3D3	73
2883	#FFFFFF	#D3D3D3	73
2884	#FFFFFF	#D3D3D3	73
2885	#FFFFFF	#D3D3D3	73
2886	#FFFFFF	#D3D3D3	73
2887	#FFFFFF	#D3D3D3	73
2888	#FFFFFF	#D3D3D3	73
2889	#FFFFFF	#D3D3D3	73
2890	#FFFFFF	#D3D3D3	204
2891	#FFFFFF	#D3D3D3	73
2892	#FFFFFF	#D3D3D3	73
2893	#FFFFFF	#D3D3D3	73
2894	#FFFFFF	#D3D3D3	73
2895	#FFFFFF	#D3D3D3	73
2896	#FFFFFF	#D3D3D3	73
2897	#FFFFFF	#D3D3D3	73
2898	#FFFFFF	#D3D3D3	73
2899	#FFFFFF	#D3D3D3	73
2900	#FFFFFF	#D3D3D3	73
2901	#FFFFFF	#D3D3D3	73
2902	#FFFFFF	#D3D3D3	73
2903	#FFFFFF	#D3D3D3	12
2904	#FFFFFF	#D3D3D3	73
2905	#FFFFFF	#D3D3D3	73
2906	#FFFFFF	#D3D3D3	73
2907	#FFFFFF	#D3D3D3	73
2908	#FFFFFF	#D3D3D3	73
2909	#FFFFFF	#D3D3D3	73
2910	#FFFFFF	#D3D3D3	73
2911	#FFFFFF	#D3D3D3	73
2912	#FFFFFF	#D3D3D3	73
2913	#FFFFFF	#D3D3D3	90
2914	#FFFFFF	#D3D3D3	12
2915	#FFFFFF	#D3D3D3	90
2916	#FFFFFF	#D3D3D3	90
2917	#FFFFFF	#D3D3D3	147
2918	#FFFFFF	#D3D3D3	90
2919	#FFFFFF	#D3D3D3	90
2920	#FFFFFF	#D3D3D3	90
2921	#FFFFFF	#D3D3D3	73
2922	#FFFFFF	#D3D3D3	7
2923	#FFFFFF	#D3D3D3	7
2924	#FFFFFF	#D3D3D3	7
2925	#FFFFFF	#D3D3D3	12
2926	#FFFFFF	#D3D3D3	73
2927	#FFFFFF	#D3D3D3	73
2928	#FFFFFF	#D3D3D3	12
2929	#FFFFFF	#D3D3D3	12
2930	#FFFFFF	#D3D3D3	73
2931	#FFFFFF	#D3D3D3	73
2932	#FFFFFF	#D3D3D3	73
2933	#FFFFFF	#D3D3D3	12
2934	#FFFFFF	#D3D3D3	73
2935	#FFFFFF	#D3D3D3	73
2936	#FFFFFF	#D3D3D3	73
2937	#FFFFFF	#D3D3D3	73
2938	#FFFFFF	#D3D3D3	73
2939	#FFFFFF	#D3D3D3	73
2940	#FFFFFF	#D3D3D3	73
2941	#FFFFFF	#D3D3D3	204
2942	#FFFFFF	#D3D3D3	204
2943	#FFFFFF	#D3D3D3	12
2944	#FFFFFF	#D3D3D3	73
2945	#FFFFFF	#D3D3D3	73
2946	#FFFFFF	#D3D3D3	73
2947	#FFFFFF	#D3D3D3	73
2948	#FFFFFF	#D3D3D3	73
2949	#FFFFFF	#D3D3D3	73
2950	#FFFFFF	#D3D3D3	73
2951	#FFFFFF	#D3D3D3	73
2952	#FFFFFF	#D3D3D3	73
2953	#FFFFFF	#D3D3D3	73
2954	#FFFFFF	#D3D3D3	12
2955	#FFFFFF	#D3D3D3	73
2956	#FFFFFF	#D3D3D3	73
2957	#FFFFFF	#D3D3D3	73
2958	#FFFFFF	#D3D3D3	73
2959	#FFFFFF	#D3D3D3	73
2960	#FFFFFF	#D3D3D3	73
2961	#FFFFFF	#D3D3D3	73
2962	#FFFFFF	#D3D3D3	90
2963	#FFFFFF	#D3D3D3	90
2964	#FFFFFF	#D3D3D3	73
2965	#FFFFFF	#D3D3D3	12
2966	#FFFFFF	#D3D3D3	90
2967	#FFFFFF	#D3D3D3	90
2968	#FFFFFF	#D3D3D3	90
2969	#FFFFFF	#D3D3D3	90
2970	#FFFFFF	#D3D3D3	90
2971	#FFFFFF	#D3D3D3	73
2972	#FFFFFF	#D3D3D3	73
2973	#FFFFFF	#D3D3D3	7
2974	#FFFFFF	#D3D3D3	73
2975	#FFFFFF	#D3D3D3	12
2976	#FFFFFF	#D3D3D3	73
2977	#FFFFFF	#D3D3D3	73
2978	#FFFFFF	#D3D3D3	12
2979	#FFFFFF	#D3D3D3	12
2980	#FFFFFF	#D3D3D3	73
2981	#FFFFFF	#D3D3D3	73
2982	#FFFFFF	#D3D3D3	73
2983	#FFFFFF	#D3D3D3	12
2984	#FFFFFF	#D3D3D3	12
2985	#FFFFFF	#D3D3D3	73
2986	#FFFFFF	#D3D3D3	73
2987	#FFFFFF	#D3D3D3	73
2988	#FFFFFF	#D3D3D3	73
2989	#FFFFFF	#D3D3D3	73
2990	#FFFFFF	#D3D3D3	73
2991	#FFFFFF	#D3D3D3	204
2992	#FFFFFF	#D3D3D3	204
2993	#FFFFFF	#D3D3D3	12
2994	#FFFFFF	#D3D3D3	73
2995	#FFFFFF	#D3D3D3	73
2996	#FFFFFF	#D3D3D3	73
2997	#FFFFFF	#D3D3D3	73
2998	#FFFFFF	#D3D3D3	73
2999	#FFFFFF	#D3D3D3	73
3000	#FFFFFF	#D3D3D3	73
3001	#FFFFFF	#D3D3D3	73
3002	#FFFFFF	#D3D3D3	73
3003	#FFFFFF	#D3D3D3	73
3004	#FFFFFF	#D3D3D3	12
3005	#FFFFFF	#D3D3D3	73
3006	#FFFFFF	#D3D3D3	73
3007	#FFFFFF	#D3D3D3	73
3008	#FFFFFF	#D3D3D3	73
3009	#FFFFFF	#D3D3D3	73
3010	#FFFFFF	#D3D3D3	73
3011	#FFFFFF	#D3D3D3	73
3012	#FFFFFF	#D3D3D3	73
3013	#FFFFFF	#D3D3D3	90
3014	#FFFFFF	#D3D3D3	90
3015	#FFFFFF	#D3D3D3	12
3016	#FFFFFF	#D3D3D3	73
3017	#FFFFFF	#D3D3D3	90
3018	#FFFFFF	#D3D3D3	90
3019	#FFFFFF	#D3D3D3	73
3020	#FFFFFF	#D3D3D3	73
3021	#FFFFFF	#D3D3D3	73
3022	#FFFFFF	#D3D3D3	73
3023	#FFFFFF	#D3D3D3	73
3024	#FFFFFF	#D3D3D3	7
3025	#FFFFFF	#D3D3D3	73
3026	#FFFFFF	#D3D3D3	12
3027	#FFFFFF	#D3D3D3	12
3028	#FFFFFF	#D3D3D3	73
3029	#FFFFFF	#D3D3D3	73
3030	#FFFFFF	#D3D3D3	73
3031	#FFFFFF	#D3D3D3	73
3032	#FFFFFF	#D3D3D3	73
3033	#FFFFFF	#D3D3D3	12
3034	#FFFFFF	#D3D3D3	73
3035	#FFFFFF	#D3D3D3	73
3036	#FFFFFF	#D3D3D3	73
3037	#FFFFFF	#D3D3D3	73
3038	#FFFFFF	#D3D3D3	73
3039	#FFFFFF	#D3D3D3	73
3040	#FFFFFF	#D3D3D3	73
3041	#FFFFFF	#D3D3D3	204
3042	#FFFFFF	#D3D3D3	204
3043	#FFFFFF	#D3D3D3	73
3044	#FFFFFF	#D3D3D3	12
3045	#FFFFFF	#D3D3D3	73
3046	#FFFFFF	#D3D3D3	73
3047	#FFFFFF	#D3D3D3	73
3048	#FFFFFF	#D3D3D3	73
3049	#FFFFFF	#D3D3D3	73
3050	#FFFFFF	#D3D3D3	73
3051	#FFFFFF	#D3D3D3	73
3052	#FFFFFF	#D3D3D3	73
3053	#FFFFFF	#D3D3D3	73
3054	#FFFFFF	#D3D3D3	73
3055	#FFFFFF	#D3D3D3	12
3056	#FFFFFF	#D3D3D3	73
3057	#FFFFFF	#D3D3D3	73
3058	#FFFFFF	#D3D3D3	73
3059	#FFFFFF	#D3D3D3	73
3060	#FFFFFF	#D3D3D3	73
3061	#FFFFFF	#D3D3D3	73
3062	#FFFFFF	#D3D3D3	90
3063	#FFFFFF	#D3D3D3	90
3064	#FFFFFF	#D3D3D3	90
3065	#FFFFFF	#D3D3D3	90
3066	#FFFFFF	#D3D3D3	12
3067	#FFFFFF	#D3D3D3	73
3068	#FFFFFF	#D3D3D3	90
3069	#FFFFFF	#D3D3D3	90
3070	#FFFFFF	#D3D3D3	73
3071	#FFFFFF	#D3D3D3	73
3072	#FFFFFF	#D3D3D3	73
3073	#FFFFFF	#D3D3D3	73
3074	#FFFFFF	#D3D3D3	73
3075	#FFFFFF	#D3D3D3	7
3076	#FFFFFF	#D3D3D3	12
3077	#FFFFFF	#D3D3D3	73
3078	#FFFFFF	#D3D3D3	73
3079	#FFFFFF	#D3D3D3	73
3080	#FFFFFF	#D3D3D3	73
3081	#FFFFFF	#D3D3D3	73
3082	#FFFFFF	#D3D3D3	73
3083	#FFFFFF	#D3D3D3	73
3084	#FFFFFF	#D3D3D3	73
3085	#FFFFFF	#D3D3D3	73
3086	#FFFFFF	#D3D3D3	73
3087	#FFFFFF	#D3D3D3	73
3088	#FFFFFF	#D3D3D3	73
3089	#FFFFFF	#D3D3D3	73
3090	#FFFFFF	#D3D3D3	73
3091	#FFFFFF	#D3D3D3	73
3092	#FFFFFF	#D3D3D3	204
3093	#FFFFFF	#D3D3D3	73
3094	#FFFFFF	#D3D3D3	73
3095	#FFFFFF	#D3D3D3	73
3096	#FFFFFF	#D3D3D3	73
3097	#FFFFFF	#D3D3D3	73
3098	#FFFFFF	#D3D3D3	73
3099	#FFFFFF	#D3D3D3	73
3100	#FFFFFF	#D3D3D3	73
3101	#FFFFFF	#D3D3D3	73
3102	#FFFFFF	#D3D3D3	73
3103	#FFFFFF	#D3D3D3	73
3104	#FFFFFF	#D3D3D3	73
3105	#FFFFFF	#D3D3D3	12
3106	#FFFFFF	#D3D3D3	73
3107	#FFFFFF	#D3D3D3	73
3108	#FFFFFF	#D3D3D3	73
3109	#FFFFFF	#D3D3D3	73
3110	#FFFFFF	#D3D3D3	73
3111	#FFFFFF	#D3D3D3	90
3112	#FFFFFF	#D3D3D3	90
3113	#FFFFFF	#D3D3D3	90
3114	#FFFFFF	#D3D3D3	90
3115	#FFFFFF	#D3D3D3	90
3116	#FFFFFF	#D3D3D3	12
3117	#FFFFFF	#D3D3D3	73
3118	#FFFFFF	#D3D3D3	73
3119	#FFFFFF	#D3D3D3	90
3120	#FFFFFF	#D3D3D3	90
3121	#FFFFFF	#D3D3D3	73
3122	#FFFFFF	#D3D3D3	73
3123	#FFFFFF	#D3D3D3	73
3124	#FFFFFF	#D3D3D3	73
3125	#FFFFFF	#D3D3D3	73
3126	#FFFFFF	#D3D3D3	7
3127	#FFFFFF	#D3D3D3	12
3128	#FFFFFF	#D3D3D3	73
3129	#FFFFFF	#D3D3D3	73
3130	#FFFFFF	#D3D3D3	73
3131	#FFFFFF	#D3D3D3	73
3132	#FFFFFF	#D3D3D3	73
3133	#FFFFFF	#D3D3D3	73
3134	#FFFFFF	#D3D3D3	73
3135	#FFFFFF	#D3D3D3	73
3136	#FFFFFF	#D3D3D3	73
3137	#FFFFFF	#D3D3D3	73
3138	#FFFFFF	#D3D3D3	73
3139	#FFFFFF	#D3D3D3	73
3140	#FFFFFF	#D3D3D3	73
3141	#FFFFFF	#D3D3D3	73
3142	#FFFFFF	#D3D3D3	73
3143	#FFFFFF	#D3D3D3	73
3144	#FFFFFF	#D3D3D3	73
3145	#FFFFFF	#D3D3D3	73
3146	#FFFFFF	#D3D3D3	73
3147	#FFFFFF	#D3D3D3	73
3148	#FFFFFF	#D3D3D3	73
3149	#FFFFFF	#D3D3D3	73
3150	#FFFFFF	#D3D3D3	73
3151	#FFFFFF	#D3D3D3	73
3152	#FFFFFF	#D3D3D3	73
3153	#FFFFFF	#D3D3D3	73
3154	#FFFFFF	#D3D3D3	73
3155	#FFFFFF	#D3D3D3	73
3156	#FFFFFF	#D3D3D3	12
3157	#FFFFFF	#D3D3D3	73
3158	#FFFFFF	#D3D3D3	73
3159	#FFFFFF	#D3D3D3	73
3160	#FFFFFF	#D3D3D3	73
3161	#FFFFFF	#D3D3D3	73
3162	#FFFFFF	#D3D3D3	90
3163	#FFFFFF	#D3D3D3	90
3164	#FFFFFF	#D3D3D3	73
3165	#FFFFFF	#D3D3D3	73
3166	#FFFFFF	#D3D3D3	73
3167	#FFFFFF	#D3D3D3	12
3168	#FFFFFF	#D3D3D3	73
3169	#FFFFFF	#D3D3D3	73
3170	#FFFFFF	#D3D3D3	73
3171	#FFFFFF	#D3D3D3	73
3172	#FFFFFF	#D3D3D3	73
3173	#FFFFFF	#D3D3D3	73
3174	#FFFFFF	#D3D3D3	73
3175	#FFFFFF	#D3D3D3	73
3176	#FFFFFF	#D3D3D3	73
3177	#FFFFFF	#D3D3D3	12
3178	#FFFFFF	#D3D3D3	12
3179	#FFFFFF	#D3D3D3	73
3180	#FFFFFF	#D3D3D3	73
3181	#FFFFFF	#D3D3D3	73
3182	#FFFFFF	#D3D3D3	12
3183	#FFFFFF	#D3D3D3	73
3184	#FFFFFF	#D3D3D3	73
3185	#FFFFFF	#D3D3D3	73
3186	#FFFFFF	#D3D3D3	73
3187	#FFFFFF	#D3D3D3	73
3188	#FFFFFF	#D3D3D3	73
3189	#FFFFFF	#D3D3D3	73
3190	#FFFFFF	#D3D3D3	73
3191	#FFFFFF	#D3D3D3	73
3192	#FFFFFF	#D3D3D3	73
3193	#FFFFFF	#D3D3D3	73
3194	#FFFFFF	#D3D3D3	73
3195	#FFFFFF	#D3D3D3	12
3196	#FFFFFF	#D3D3D3	73
3197	#FFFFFF	#D3D3D3	73
3198	#FFFFFF	#D3D3D3	73
3199	#FFFFFF	#D3D3D3	73
3200	#FFFFFF	#D3D3D3	73
3201	#FFFFFF	#D3D3D3	73
3202	#FFFFFF	#D3D3D3	73
3203	#FFFFFF	#D3D3D3	73
3204	#FFFFFF	#D3D3D3	73
3205	#FFFFFF	#D3D3D3	73
3206	#FFFFFF	#D3D3D3	12
3207	#FFFFFF	#D3D3D3	73
3208	#FFFFFF	#D3D3D3	73
3209	#FFFFFF	#D3D3D3	73
3210	#FFFFFF	#D3D3D3	73
3211	#FFFFFF	#D3D3D3	73
3212	#FFFFFF	#D3D3D3	73
3213	#FFFFFF	#D3D3D3	90
3214	#FFFFFF	#D3D3D3	73
3215	#FFFFFF	#D3D3D3	73
3216	#FFFFFF	#D3D3D3	73
3217	#FFFFFF	#D3D3D3	12
3218	#FFFFFF	#D3D3D3	73
3219	#FFFFFF	#D3D3D3	73
3220	#FFFFFF	#D3D3D3	73
3221	#FFFFFF	#D3D3D3	73
3222	#FFFFFF	#D3D3D3	73
3223	#FFFFFF	#D3D3D3	73
3224	#FFFFFF	#D3D3D3	73
3225	#FFFFFF	#D3D3D3	73
3226	#FFFFFF	#D3D3D3	73
3227	#FFFFFF	#D3D3D3	73
3228	#FFFFFF	#D3D3D3	12
3229	#FFFFFF	#D3D3D3	12
3230	#FFFFFF	#D3D3D3	73
3231	#FFFFFF	#D3D3D3	73
3232	#FFFFFF	#D3D3D3	73
3233	#FFFFFF	#D3D3D3	12
3234	#FFFFFF	#D3D3D3	73
3235	#FFFFFF	#D3D3D3	12
3236	#FFFFFF	#D3D3D3	73
3237	#FFFFFF	#D3D3D3	73
3238	#FFFFFF	#D3D3D3	73
3239	#FFFFFF	#D3D3D3	73
3240	#FFFFFF	#D3D3D3	73
3241	#FFFFFF	#D3D3D3	73
3242	#FFFFFF	#D3D3D3	73
3243	#FFFFFF	#D3D3D3	73
3244	#FFFFFF	#D3D3D3	73
3245	#FFFFFF	#D3D3D3	73
3246	#FFFFFF	#D3D3D3	12
3247	#FFFFFF	#D3D3D3	73
3248	#FFFFFF	#D3D3D3	73
3249	#FFFFFF	#D3D3D3	73
3250	#FFFFFF	#D3D3D3	73
3251	#FFFFFF	#D3D3D3	73
3252	#FFFFFF	#D3D3D3	73
3253	#FFFFFF	#D3D3D3	73
3254	#FFFFFF	#D3D3D3	73
3255	#FFFFFF	#D3D3D3	73
3256	#FFFFFF	#D3D3D3	73
3257	#FFFFFF	#D3D3D3	12
3258	#FFFFFF	#D3D3D3	73
3259	#FFFFFF	#D3D3D3	73
3260	#FFFFFF	#D3D3D3	73
3261	#FFFFFF	#D3D3D3	73
3262	#FFFFFF	#D3D3D3	73
3263	#FFFFFF	#D3D3D3	73
3264	#FFFFFF	#D3D3D3	90
3265	#FFFFFF	#D3D3D3	73
3266	#FFFFFF	#D3D3D3	73
3267	#FFFFFF	#D3D3D3	73
3268	#FFFFFF	#D3D3D3	12
3269	#FFFFFF	#D3D3D3	73
3270	#FFFFFF	#D3D3D3	73
3271	#FFFFFF	#D3D3D3	73
3272	#FFFFFF	#D3D3D3	73
3273	#FFFFFF	#D3D3D3	73
3274	#FFFFFF	#D3D3D3	73
3275	#FFFFFF	#D3D3D3	73
3276	#FFFFFF	#D3D3D3	73
3277	#FFFFFF	#D3D3D3	73
3278	#FFFFFF	#D3D3D3	12
3279	#FFFFFF	#D3D3D3	12
3280	#FFFFFF	#D3D3D3	12
3281	#FFFFFF	#D3D3D3	12
3282	#FFFFFF	#D3D3D3	73
3283	#FFFFFF	#D3D3D3	12
3284	#FFFFFF	#D3D3D3	12
3285	#FFFFFF	#D3D3D3	12
3286	#FFFFFF	#D3D3D3	73
3287	#FFFFFF	#D3D3D3	73
3288	#FFFFFF	#D3D3D3	73
3289	#FFFFFF	#D3D3D3	73
3290	#FFFFFF	#D3D3D3	73
3291	#FFFFFF	#D3D3D3	73
3292	#FFFFFF	#D3D3D3	73
3293	#FFFFFF	#D3D3D3	73
3294	#FFFFFF	#D3D3D3	73
3295	#FFFFFF	#D3D3D3	73
3296	#FFFFFF	#D3D3D3	12
3297	#FFFFFF	#D3D3D3	73
3298	#FFFFFF	#D3D3D3	73
3299	#FFFFFF	#D3D3D3	73
3300	#FFFFFF	#D3D3D3	73
3301	#FFFFFF	#D3D3D3	73
3302	#FFFFFF	#D3D3D3	73
3303	#FFFFFF	#D3D3D3	73
3304	#FFFFFF	#D3D3D3	73
3305	#FFFFFF	#D3D3D3	73
3306	#FFFFFF	#D3D3D3	73
3307	#FFFFFF	#D3D3D3	12
3308	#FFFFFF	#D3D3D3	73
3309	#FFFFFF	#D3D3D3	73
3310	#FFFFFF	#D3D3D3	73
3311	#FFFFFF	#D3D3D3	73
3312	#FFFFFF	#D3D3D3	73
3313	#FFFFFF	#D3D3D3	73
3314	#FFFFFF	#D3D3D3	73
3315	#FFFFFF	#D3D3D3	73
3316	#FFFFFF	#D3D3D3	73
3317	#FFFFFF	#D3D3D3	73
3318	#FFFFFF	#D3D3D3	12
3319	#FFFFFF	#D3D3D3	73
3320	#FFFFFF	#D3D3D3	73
3321	#FFFFFF	#D3D3D3	73
3322	#FFFFFF	#D3D3D3	73
3323	#FFFFFF	#D3D3D3	73
3324	#FFFFFF	#D3D3D3	73
3325	#FFFFFF	#D3D3D3	73
3326	#FFFFFF	#D3D3D3	73
3327	#FFFFFF	#D3D3D3	73
3328	#FFFFFF	#D3D3D3	73
3329	#FFFFFF	#D3D3D3	12
3330	#FFFFFF	#D3D3D3	12
3331	#FFFFFF	#D3D3D3	12
3332	#FFFFFF	#D3D3D3	12
3333	#FFFFFF	#D3D3D3	12
3334	#FFFFFF	#D3D3D3	12
3335	#FFFFFF	#D3D3D3	12
3336	#FFFFFF	#D3D3D3	12
3337	#FFFFFF	#D3D3D3	73
3338	#FFFFFF	#D3D3D3	73
3339	#FFFFFF	#D3D3D3	73
3340	#FFFFFF	#D3D3D3	73
3341	#FFFFFF	#D3D3D3	73
3342	#FFFFFF	#D3D3D3	73
3343	#FFFFFF	#D3D3D3	73
3344	#FFFFFF	#D3D3D3	73
3345	#FFFFFF	#D3D3D3	73
3346	#FFFFFF	#D3D3D3	73
3347	#FFFFFF	#D3D3D3	12
3348	#FFFFFF	#D3D3D3	73
3349	#FFFFFF	#D3D3D3	73
3350	#FFFFFF	#D3D3D3	73
3351	#FFFFFF	#D3D3D3	73
3352	#FFFFFF	#D3D3D3	73
3353	#FFFFFF	#D3D3D3	73
3354	#FFFFFF	#D3D3D3	73
3355	#FFFFFF	#D3D3D3	73
3356	#FFFFFF	#D3D3D3	73
3357	#FFFFFF	#D3D3D3	73
3358	#FFFFFF	#D3D3D3	12
3359	#FFFFFF	#D3D3D3	73
3360	#FFFFFF	#D3D3D3	73
3361	#FFFFFF	#D3D3D3	73
3362	#FFFFFF	#D3D3D3	73
3363	#FFFFFF	#D3D3D3	73
3364	#FFFFFF	#D3D3D3	73
3365	#FFFFFF	#D3D3D3	73
3366	#FFFFFF	#D3D3D3	73
3367	#FFFFFF	#D3D3D3	73
3368	#FFFFFF	#D3D3D3	73
3369	#FFFFFF	#D3D3D3	12
3370	#FFFFFF	#D3D3D3	73
3371	#FFFFFF	#D3D3D3	73
3372	#FFFFFF	#D3D3D3	73
3373	#FFFFFF	#D3D3D3	73
3374	#FFFFFF	#D3D3D3	73
3375	#FFFFFF	#D3D3D3	73
3376	#FFFFFF	#D3D3D3	73
3377	#FFFFFF	#D3D3D3	73
3378	#FFFFFF	#D3D3D3	73
3379	#FFFFFF	#D3D3D3	12
3380	#FFFFFF	#D3D3D3	12
3381	#FFFFFF	#D3D3D3	12
3382	#FFFFFF	#D3D3D3	73
3383	#FFFFFF	#D3D3D3	73
3384	#FFFFFF	#D3D3D3	73
3385	#FFFFFF	#D3D3D3	73
3386	#FFFFFF	#D3D3D3	73
3387	#FFFFFF	#D3D3D3	7
3388	#FFFFFF	#D3D3D3	7
3389	#FFFFFF	#D3D3D3	73
3390	#FFFFFF	#D3D3D3	73
3391	#FFFFFF	#D3D3D3	73
3392	#FFFFFF	#D3D3D3	7
3393	#FFFFFF	#D3D3D3	7
3394	#FFFFFF	#D3D3D3	7
3395	#FFFFFF	#D3D3D3	7
3396	#FFFFFF	#D3D3D3	7
3397	#FFFFFF	#D3D3D3	7
3398	#FFFFFF	#D3D3D3	7
3399	#FFFFFF	#D3D3D3	7
3400	#FFFFFF	#D3D3D3	7
3401	#FFFFFF	#D3D3D3	147
3402	#FFFFFF	#D3D3D3	147
3403	#FFFFFF	#D3D3D3	147
3404	#FFFFFF	#D3D3D3	7
3405	#FFFFFF	#D3D3D3	7
3406	#FFFFFF	#D3D3D3	7
3407	#FFFFFF	#D3D3D3	7
3408	#FFFFFF	#D3D3D3	7
3409	#FFFFFF	#D3D3D3	7
3410	#FFFFFF	#D3D3D3	7
3411	#FFFFFF	#D3D3D3	7
3412	#FFFFFF	#D3D3D3	7
3413	#FFFFFF	#D3D3D3	7
3414	#FFFFFF	#D3D3D3	7
3415	#FFFFFF	#D3D3D3	7
3416	#FFFFFF	#D3D3D3	7
3417	#FFFFFF	#D3D3D3	7
3418	#FFFFFF	#D3D3D3	7
3419	#FFFFFF	#D3D3D3	7
3420	#FFFFFF	#D3D3D3	7
3421	#FFFFFF	#D3D3D3	7
3422	#FFFFFF	#D3D3D3	7
3423	#FFFFFF	#D3D3D3	7
3424	#FFFFFF	#D3D3D3	7
3425	#FFFFFF	#D3D3D3	7
3426	#FFFFFF	#D3D3D3	7
3427	#FFFFFF	#D3D3D3	7
3428	#FFFFFF	#D3D3D3	7
3429	#FFFFFF	#D3D3D3	7
3430	#FFFFFF	#D3D3D3	7
3431	#FFFFFF	#D3D3D3	7
3432	#FFFFFF	#D3D3D3	73
3433	#FFFFFF	#D3D3D3	73
3434	#FFFFFF	#D3D3D3	73
3435	#FFFFFF	#D3D3D3	73
3436	#FFFFFF	#D3D3D3	7
3437	#FFFFFF	#D3D3D3	73
3438	#FFFFFF	#D3D3D3	73
3439	#FFFFFF	#D3D3D3	73
3440	#FFFFFF	#D3D3D3	73
3441	#FFFFFF	#D3D3D3	73
3442	#FFFFFF	#D3D3D3	73
3443	#FFFFFF	#D3D3D3	7
3444	#FFFFFF	#D3D3D3	7
3445	#FFFFFF	#D3D3D3	7
3446	#FFFFFF	#D3D3D3	7
3447	#FFFFFF	#D3D3D3	7
3448	#FFFFFF	#D3D3D3	7
3449	#FFFFFF	#D3D3D3	7
3450	#FFFFFF	#D3D3D3	7
3451	#FFFFFF	#D3D3D3	7
3452	#FFFFFF	#D3D3D3	7
3453	#FFFFFF	#D3D3D3	147
3454	#FFFFFF	#D3D3D3	147
3455	#FFFFFF	#D3D3D3	7
3456	#FFFFFF	#D3D3D3	7
3457	#FFFFFF	#D3D3D3	7
3458	#FFFFFF	#D3D3D3	7
3459	#FFFFFF	#D3D3D3	7
3460	#FFFFFF	#D3D3D3	7
3461	#FFFFFF	#D3D3D3	7
3462	#FFFFFF	#D3D3D3	7
3463	#FFFFFF	#D3D3D3	7
3464	#FFFFFF	#D3D3D3	7
3465	#FFFFFF	#D3D3D3	7
3466	#FFFFFF	#D3D3D3	7
3467	#FFFFFF	#D3D3D3	7
3468	#FFFFFF	#D3D3D3	7
3469	#FFFFFF	#D3D3D3	7
3470	#FFFFFF	#D3D3D3	7
3471	#FFFFFF	#D3D3D3	7
3472	#FFFFFF	#D3D3D3	7
3473	#FFFFFF	#D3D3D3	7
3474	#FFFFFF	#D3D3D3	7
3475	#FFFFFF	#D3D3D3	7
3476	#FFFFFF	#D3D3D3	7
3477	#FFFFFF	#D3D3D3	7
3478	#FFFFFF	#D3D3D3	7
3479	#FFFFFF	#D3D3D3	7
3480	#FFFFFF	#D3D3D3	7
3481	#FFFFFF	#D3D3D3	73
3482	#FFFFFF	#D3D3D3	73
3483	#FFFFFF	#D3D3D3	73
3484	#FFFFFF	#D3D3D3	73
3485	#FFFFFF	#D3D3D3	12
3486	#FFFFFF	#D3D3D3	12
3487	#FFFFFF	#D3D3D3	12
3488	#FFFFFF	#D3D3D3	73
3489	#FFFFFF	#D3D3D3	73
3490	#FFFFFF	#D3D3D3	73
3491	#FFFFFF	#D3D3D3	73
3492	#FFFFFF	#D3D3D3	73
3493	#FFFFFF	#D3D3D3	73
3494	#FFFFFF	#D3D3D3	73
3495	#FFFFFF	#D3D3D3	73
3496	#FFFFFF	#D3D3D3	73
3497	#FFFFFF	#D3D3D3	73
3498	#FFFFFF	#D3D3D3	12
3499	#FFFFFF	#D3D3D3	73
3500	#FFFFFF	#D3D3D3	73
3501	#FFFFFF	#D3D3D3	73
3502	#FFFFFF	#D3D3D3	73
3503	#FFFFFF	#D3D3D3	73
3504	#FFFFFF	#D3D3D3	73
3505	#FFFFFF	#D3D3D3	73
3506	#FFFFFF	#D3D3D3	73
3507	#FFFFFF	#D3D3D3	73
3508	#FFFFFF	#D3D3D3	73
3509	#FFFFFF	#D3D3D3	12
3510	#FFFFFF	#D3D3D3	73
3511	#FFFFFF	#D3D3D3	73
3512	#FFFFFF	#D3D3D3	73
3513	#FFFFFF	#D3D3D3	73
3514	#FFFFFF	#D3D3D3	73
3515	#FFFFFF	#D3D3D3	73
3516	#FFFFFF	#D3D3D3	73
3517	#FFFFFF	#D3D3D3	73
3518	#FFFFFF	#D3D3D3	73
3519	#FFFFFF	#D3D3D3	73
3520	#FFFFFF	#D3D3D3	12
3521	#FFFFFF	#D3D3D3	73
3522	#FFFFFF	#D3D3D3	73
3523	#FFFFFF	#D3D3D3	73
3524	#FFFFFF	#D3D3D3	73
3525	#FFFFFF	#D3D3D3	73
3526	#FFFFFF	#D3D3D3	73
3527	#FFFFFF	#D3D3D3	73
3528	#FFFFFF	#D3D3D3	73
3529	#FFFFFF	#D3D3D3	73
3530	#FFFFFF	#D3D3D3	73
3531	#FFFFFF	#D3D3D3	12
3532	#FFFFFF	#D3D3D3	12
3533	#FFFFFF	#D3D3D3	12
3534	#FFFFFF	#D3D3D3	12
3535	#FFFFFF	#D3D3D3	73
3536	#FFFFFF	#D3D3D3	12
3537	#FFFFFF	#D3D3D3	12
3538	#FFFFFF	#D3D3D3	12
3539	#FFFFFF	#D3D3D3	73
3540	#FFFFFF	#D3D3D3	73
3541	#FFFFFF	#D3D3D3	73
3542	#FFFFFF	#D3D3D3	73
3543	#FFFFFF	#D3D3D3	73
3544	#FFFFFF	#D3D3D3	73
3545	#FFFFFF	#D3D3D3	73
3546	#FFFFFF	#D3D3D3	73
3547	#FFFFFF	#D3D3D3	73
3548	#FFFFFF	#D3D3D3	73
3549	#FFFFFF	#D3D3D3	12
3550	#FFFFFF	#D3D3D3	73
3551	#FFFFFF	#D3D3D3	73
3552	#FFFFFF	#D3D3D3	73
3553	#FFFFFF	#D3D3D3	73
3554	#FFFFFF	#D3D3D3	73
3555	#FFFFFF	#D3D3D3	73
3556	#FFFFFF	#D3D3D3	73
3557	#FFFFFF	#D3D3D3	73
3558	#FFFFFF	#D3D3D3	73
3559	#FFFFFF	#D3D3D3	73
3560	#FFFFFF	#D3D3D3	12
3561	#FFFFFF	#D3D3D3	73
3562	#FFFFFF	#D3D3D3	73
3563	#FFFFFF	#D3D3D3	73
3564	#FFFFFF	#D3D3D3	73
3565	#FFFFFF	#D3D3D3	73
3566	#FFFFFF	#D3D3D3	73
3567	#FFFFFF	#D3D3D3	73
3568	#FFFFFF	#D3D3D3	73
3569	#FFFFFF	#D3D3D3	73
3570	#FFFFFF	#D3D3D3	73
3571	#FFFFFF	#D3D3D3	12
3572	#FFFFFF	#D3D3D3	73
3573	#FFFFFF	#D3D3D3	73
3574	#FFFFFF	#D3D3D3	73
3575	#FFFFFF	#D3D3D3	73
3576	#FFFFFF	#D3D3D3	73
3577	#FFFFFF	#D3D3D3	73
3578	#FFFFFF	#D3D3D3	73
3579	#FFFFFF	#D3D3D3	73
3580	#FFFFFF	#D3D3D3	73
3581	#FFFFFF	#D3D3D3	12
3582	#FFFFFF	#D3D3D3	12
3583	#FFFFFF	#D3D3D3	12
3584	#FFFFFF	#D3D3D3	12
3585	#FFFFFF	#D3D3D3	73
3586	#FFFFFF	#D3D3D3	12
3587	#FFFFFF	#D3D3D3	12
3588	#FFFFFF	#D3D3D3	12
3589	#FFFFFF	#D3D3D3	73
3590	#FFFFFF	#D3D3D3	73
3591	#FFFFFF	#D3D3D3	73
3592	#FFFFFF	#D3D3D3	73
3593	#FFFFFF	#D3D3D3	73
3594	#FFFFFF	#D3D3D3	73
3595	#FFFFFF	#D3D3D3	73
3596	#FFFFFF	#D3D3D3	73
3597	#FFFFFF	#D3D3D3	73
3598	#FFFFFF	#D3D3D3	73
3599	#FFFFFF	#D3D3D3	12
3600	#FFFFFF	#D3D3D3	73
3601	#FFFFFF	#D3D3D3	73
3602	#FFFFFF	#D3D3D3	73
3603	#FFFFFF	#D3D3D3	73
3604	#FFFFFF	#D3D3D3	73
3605	#FFFFFF	#D3D3D3	73
3606	#FFFFFF	#D3D3D3	73
3607	#FFFFFF	#D3D3D3	73
3608	#FFFFFF	#D3D3D3	73
3609	#FFFFFF	#D3D3D3	73
3610	#FFFFFF	#D3D3D3	12
3611	#FFFFFF	#D3D3D3	73
3612	#FFFFFF	#D3D3D3	73
3613	#FFFFFF	#D3D3D3	73
3614	#FFFFFF	#D3D3D3	73
3615	#FFFFFF	#D3D3D3	73
3616	#FFFFFF	#D3D3D3	73
3617	#FFFFFF	#D3D3D3	73
3618	#FFFFFF	#D3D3D3	73
3619	#FFFFFF	#D3D3D3	73
3620	#FFFFFF	#D3D3D3	73
3621	#FFFFFF	#D3D3D3	12
3622	#FFFFFF	#D3D3D3	73
3623	#FFFFFF	#D3D3D3	73
3624	#FFFFFF	#D3D3D3	73
3625	#FFFFFF	#D3D3D3	73
3626	#FFFFFF	#D3D3D3	73
3627	#FFFFFF	#D3D3D3	73
3628	#FFFFFF	#D3D3D3	73
3629	#FFFFFF	#D3D3D3	73
3630	#FFFFFF	#D3D3D3	73
3631	#FFFFFF	#D3D3D3	73
3632	#FFFFFF	#D3D3D3	12
3633	#FFFFFF	#D3D3D3	12
3634	#FFFFFF	#D3D3D3	12
3635	#FFFFFF	#D3D3D3	12
3636	#FFFFFF	#D3D3D3	73
3637	#FFFFFF	#D3D3D3	12
3638	#FFFFFF	#D3D3D3	12
3639	#FFFFFF	#D3D3D3	12
3640	#FFFFFF	#D3D3D3	73
3641	#FFFFFF	#D3D3D3	73
3642	#FFFFFF	#D3D3D3	73
3643	#FFFFFF	#D3D3D3	73
3644	#FFFFFF	#D3D3D3	73
3645	#FFFFFF	#D3D3D3	73
3646	#FFFFFF	#D3D3D3	73
3647	#FFFFFF	#D3D3D3	73
3648	#FFFFFF	#D3D3D3	73
3649	#FFFFFF	#D3D3D3	73
3650	#FFFFFF	#D3D3D3	12
3651	#FFFFFF	#D3D3D3	73
3652	#FFFFFF	#D3D3D3	73
3653	#FFFFFF	#D3D3D3	73
3654	#FFFFFF	#D3D3D3	73
3655	#FFFFFF	#D3D3D3	73
3656	#FFFFFF	#D3D3D3	73
3657	#FFFFFF	#D3D3D3	73
3658	#FFFFFF	#D3D3D3	73
3659	#FFFFFF	#D3D3D3	73
3660	#FFFFFF	#D3D3D3	73
3661	#FFFFFF	#D3D3D3	12
3662	#FFFFFF	#D3D3D3	73
3663	#FFFFFF	#D3D3D3	73
3664	#FFFFFF	#D3D3D3	73
3665	#FFFFFF	#D3D3D3	73
3666	#FFFFFF	#D3D3D3	73
3667	#FFFFFF	#D3D3D3	73
3668	#FFFFFF	#D3D3D3	73
3669	#FFFFFF	#D3D3D3	73
3670	#FFFFFF	#D3D3D3	73
3671	#FFFFFF	#D3D3D3	73
3672	#FFFFFF	#D3D3D3	12
3673	#FFFFFF	#D3D3D3	73
3674	#FFFFFF	#D3D3D3	73
3675	#FFFFFF	#D3D3D3	73
3676	#FFFFFF	#D3D3D3	73
3677	#FFFFFF	#D3D3D3	73
3678	#FFFFFF	#D3D3D3	73
3679	#FFFFFF	#D3D3D3	73
3680	#FFFFFF	#D3D3D3	73
3681	#FFFFFF	#D3D3D3	73
3682	#FFFFFF	#D3D3D3	12
3683	#FFFFFF	#D3D3D3	73
3684	#FFFFFF	#D3D3D3	12
3685	#FFFFFF	#D3D3D3	73
3686	#FFFFFF	#D3D3D3	73
3687	#FFFFFF	#D3D3D3	12
3688	#FFFFFF	#D3D3D3	12
3689	#FFFFFF	#D3D3D3	12
3690	#FFFFFF	#D3D3D3	73
3691	#FFFFFF	#D3D3D3	73
3692	#FFFFFF	#D3D3D3	73
3693	#FFFFFF	#D3D3D3	73
3694	#FFFFFF	#D3D3D3	73
3695	#FFFFFF	#D3D3D3	73
3696	#FFFFFF	#D3D3D3	73
3697	#FFFFFF	#D3D3D3	73
3698	#FFFFFF	#D3D3D3	73
3699	#FFFFFF	#D3D3D3	73
3700	#FFFFFF	#D3D3D3	12
3701	#FFFFFF	#D3D3D3	73
3702	#FFFFFF	#D3D3D3	73
3703	#FFFFFF	#D3D3D3	73
3704	#FFFFFF	#D3D3D3	73
3705	#FFFFFF	#D3D3D3	73
3706	#FFFFFF	#D3D3D3	73
3707	#FFFFFF	#D3D3D3	73
3708	#FFFFFF	#D3D3D3	73
3709	#FFFFFF	#D3D3D3	73
3710	#FFFFFF	#D3D3D3	73
3711	#FFFFFF	#D3D3D3	12
3712	#FFFFFF	#D3D3D3	73
3713	#FFFFFF	#D3D3D3	73
3714	#FFFFFF	#D3D3D3	73
3715	#FFFFFF	#D3D3D3	73
3716	#FFFFFF	#D3D3D3	73
3717	#FFFFFF	#D3D3D3	73
3718	#FFFFFF	#D3D3D3	73
3719	#FFFFFF	#D3D3D3	73
3720	#FFFFFF	#D3D3D3	73
3721	#FFFFFF	#D3D3D3	73
3722	#FFFFFF	#D3D3D3	12
3723	#FFFFFF	#D3D3D3	73
3724	#FFFFFF	#D3D3D3	73
3725	#FFFFFF	#D3D3D3	73
3726	#FFFFFF	#D3D3D3	73
3727	#FFFFFF	#D3D3D3	73
3728	#FFFFFF	#D3D3D3	73
3729	#FFFFFF	#D3D3D3	73
3730	#FFFFFF	#D3D3D3	73
3731	#FFFFFF	#D3D3D3	73
3732	#FFFFFF	#D3D3D3	73
3733	#FFFFFF	#D3D3D3	12
3734	#FFFFFF	#D3D3D3	73
3735	#FFFFFF	#D3D3D3	73
3736	#FFFFFF	#D3D3D3	73
3737	#FFFFFF	#D3D3D3	73
3738	#FFFFFF	#D3D3D3	12
3739	#FFFFFF	#D3D3D3	12
3740	#FFFFFF	#D3D3D3	12
3741	#FFFFFF	#D3D3D3	73
3742	#FFFFFF	#D3D3D3	73
3743	#FFFFFF	#D3D3D3	73
3744	#FFFFFF	#D3D3D3	73
3745	#FFFFFF	#D3D3D3	73
3746	#FFFFFF	#D3D3D3	73
3747	#FFFFFF	#D3D3D3	73
3748	#FFFFFF	#D3D3D3	73
3749	#FFFFFF	#D3D3D3	73
3750	#FFFFFF	#D3D3D3	73
3751	#FFFFFF	#D3D3D3	12
3752	#FFFFFF	#D3D3D3	73
3753	#FFFFFF	#D3D3D3	73
3754	#FFFFFF	#D3D3D3	73
3755	#FFFFFF	#D3D3D3	73
3756	#FFFFFF	#D3D3D3	73
3757	#FFFFFF	#D3D3D3	73
3758	#FFFFFF	#D3D3D3	73
3759	#FFFFFF	#D3D3D3	73
3760	#FFFFFF	#D3D3D3	73
3761	#FFFFFF	#D3D3D3	73
3762	#FFFFFF	#D3D3D3	12
3763	#FFFFFF	#D3D3D3	73
3764	#FFFFFF	#D3D3D3	73
3765	#FFFFFF	#D3D3D3	73
3766	#FFFFFF	#D3D3D3	73
3767	#FFFFFF	#D3D3D3	73
3768	#FFFFFF	#D3D3D3	73
3769	#FFFFFF	#D3D3D3	73
3770	#FFFFFF	#D3D3D3	73
3771	#FFFFFF	#D3D3D3	73
3772	#FFFFFF	#D3D3D3	73
3773	#FFFFFF	#D3D3D3	12
3774	#FFFFFF	#D3D3D3	73
3775	#FFFFFF	#D3D3D3	73
3776	#FFFFFF	#D3D3D3	73
3777	#FFFFFF	#D3D3D3	73
3778	#FFFFFF	#D3D3D3	73
3779	#FFFFFF	#D3D3D3	73
3780	#FFFFFF	#D3D3D3	73
3781	#FFFFFF	#D3D3D3	73
3782	#FFFFFF	#D3D3D3	73
3783	#FFFFFF	#D3D3D3	12
3784	#FFFFFF	#D3D3D3	73
3785	#FFFFFF	#D3D3D3	73
3786	#FFFFFF	#D3D3D3	73
3787	#FFFFFF	#D3D3D3	73
3788	#FFFFFF	#D3D3D3	12
3789	#FFFFFF	#D3D3D3	12
3790	#FFFFFF	#D3D3D3	12
3791	#FFFFFF	#D3D3D3	73
3792	#FFFFFF	#D3D3D3	73
3793	#FFFFFF	#D3D3D3	73
3794	#FFFFFF	#D3D3D3	73
3795	#FFFFFF	#D3D3D3	73
3796	#FFFFFF	#D3D3D3	73
3797	#FFFFFF	#D3D3D3	73
3798	#FFFFFF	#D3D3D3	73
3799	#FFFFFF	#D3D3D3	73
3800	#FFFFFF	#D3D3D3	73
3801	#FFFFFF	#D3D3D3	12
3802	#FFFFFF	#D3D3D3	73
3803	#FFFFFF	#D3D3D3	73
3804	#FFFFFF	#D3D3D3	7
3805	#FFFFFF	#D3D3D3	73
3806	#FFFFFF	#D3D3D3	73
3807	#FFFFFF	#D3D3D3	73
3808	#FFFFFF	#D3D3D3	73
3809	#FFFFFF	#D3D3D3	73
3810	#FFFFFF	#D3D3D3	73
3811	#FFFFFF	#D3D3D3	73
3812	#FFFFFF	#D3D3D3	12
3813	#FFFFFF	#D3D3D3	73
3814	#FFFFFF	#D3D3D3	73
3815	#FFFFFF	#D3D3D3	73
3816	#FFFFFF	#D3D3D3	73
3817	#FFFFFF	#D3D3D3	73
3818	#FFFFFF	#D3D3D3	73
3819	#FFFFFF	#D3D3D3	73
3820	#FFFFFF	#D3D3D3	73
3821	#FFFFFF	#D3D3D3	73
3822	#FFFFFF	#D3D3D3	73
3823	#FFFFFF	#D3D3D3	12
3824	#FFFFFF	#D3D3D3	73
3825	#FFFFFF	#D3D3D3	73
3826	#FFFFFF	#D3D3D3	73
3827	#FFFFFF	#D3D3D3	73
3828	#FFFFFF	#D3D3D3	73
3829	#FFFFFF	#D3D3D3	73
3830	#FFFFFF	#D3D3D3	73
3831	#FFFFFF	#D3D3D3	73
3832	#FFFFFF	#D3D3D3	73
3833	#FFFFFF	#D3D3D3	73
3834	#FFFFFF	#D3D3D3	12
3835	#FFFFFF	#D3D3D3	12
3836	#FFFFFF	#D3D3D3	73
3837	#FFFFFF	#D3D3D3	73
3838	#FFFFFF	#D3D3D3	73
3839	#FFFFFF	#D3D3D3	12
3840	#FFFFFF	#D3D3D3	12
3841	#FFFFFF	#D3D3D3	12
3842	#FFFFFF	#D3D3D3	73
3843	#FFFFFF	#D3D3D3	73
3844	#FFFFFF	#D3D3D3	73
3845	#FFFFFF	#D3D3D3	73
3846	#FFFFFF	#D3D3D3	73
3847	#FFFFFF	#D3D3D3	73
3848	#FFFFFF	#D3D3D3	73
3849	#FFFFFF	#D3D3D3	73
3850	#FFFFFF	#D3D3D3	73
3851	#FFFFFF	#D3D3D3	73
3852	#FFFFFF	#D3D3D3	12
3853	#FFFFFF	#D3D3D3	73
3854	#FFFFFF	#D3D3D3	73
3855	#FFFFFF	#D3D3D3	7
3856	#FFFFFF	#D3D3D3	73
3857	#FFFFFF	#D3D3D3	73
3858	#FFFFFF	#D3D3D3	73
3859	#FFFFFF	#D3D3D3	73
3860	#FFFFFF	#D3D3D3	73
3861	#FFFFFF	#D3D3D3	73
3862	#FFFFFF	#D3D3D3	73
3863	#FFFFFF	#D3D3D3	12
3864	#FFFFFF	#D3D3D3	73
3865	#FFFFFF	#D3D3D3	73
3866	#FFFFFF	#D3D3D3	73
3867	#FFFFFF	#D3D3D3	73
3868	#FFFFFF	#D3D3D3	73
3869	#FFFFFF	#D3D3D3	73
3870	#FFFFFF	#D3D3D3	73
3871	#FFFFFF	#D3D3D3	73
3872	#FFFFFF	#D3D3D3	73
3873	#FFFFFF	#D3D3D3	73
3874	#FFFFFF	#D3D3D3	12
3875	#FFFFFF	#D3D3D3	73
3876	#FFFFFF	#D3D3D3	73
3877	#FFFFFF	#D3D3D3	73
3878	#FFFFFF	#D3D3D3	73
3879	#FFFFFF	#D3D3D3	73
3880	#FFFFFF	#D3D3D3	73
3881	#FFFFFF	#D3D3D3	73
3882	#FFFFFF	#D3D3D3	73
3883	#FFFFFF	#D3D3D3	73
3884	#FFFFFF	#D3D3D3	12
3885	#FFFFFF	#D3D3D3	73
3886	#FFFFFF	#D3D3D3	73
3887	#FFFFFF	#D3D3D3	73
3888	#FFFFFF	#D3D3D3	73
3889	#FFFFFF	#D3D3D3	12
3890	#FFFFFF	#D3D3D3	12
3891	#FFFFFF	#D3D3D3	12
3892	#FFFFFF	#D3D3D3	73
3893	#FFFFFF	#D3D3D3	73
3894	#FFFFFF	#D3D3D3	73
3895	#FFFFFF	#D3D3D3	73
3896	#FFFFFF	#D3D3D3	73
3897	#FFFFFF	#D3D3D3	73
3898	#FFFFFF	#D3D3D3	73
3899	#FFFFFF	#D3D3D3	73
3900	#FFFFFF	#D3D3D3	73
3901	#FFFFFF	#D3D3D3	73
3902	#FFFFFF	#D3D3D3	12
3903	#FFFFFF	#D3D3D3	73
3904	#FFFFFF	#D3D3D3	73
3905	#FFFFFF	#D3D3D3	7
3906	#FFFFFF	#D3D3D3	73
3907	#FFFFFF	#D3D3D3	73
3908	#FFFFFF	#D3D3D3	73
3909	#FFFFFF	#D3D3D3	73
3910	#FFFFFF	#D3D3D3	73
3911	#FFFFFF	#D3D3D3	73
3912	#FFFFFF	#D3D3D3	73
3913	#FFFFFF	#D3D3D3	12
3914	#FFFFFF	#D3D3D3	73
3915	#FFFFFF	#D3D3D3	73
3916	#FFFFFF	#D3D3D3	73
3917	#FFFFFF	#D3D3D3	73
3918	#FFFFFF	#D3D3D3	73
3919	#FFFFFF	#D3D3D3	73
3920	#FFFFFF	#D3D3D3	73
3921	#FFFFFF	#D3D3D3	73
3922	#FFFFFF	#D3D3D3	73
3923	#FFFFFF	#D3D3D3	73
3924	#FFFFFF	#D3D3D3	12
3925	#FFFFFF	#D3D3D3	73
3926	#FFFFFF	#D3D3D3	73
3927	#FFFFFF	#D3D3D3	73
3928	#FFFFFF	#D3D3D3	73
3929	#FFFFFF	#D3D3D3	73
3930	#FFFFFF	#D3D3D3	73
3931	#FFFFFF	#D3D3D3	73
3932	#FFFFFF	#D3D3D3	73
3933	#FFFFFF	#D3D3D3	73
3934	#FFFFFF	#D3D3D3	73
3935	#FFFFFF	#D3D3D3	12
3936	#FFFFFF	#D3D3D3	73
3937	#FFFFFF	#D3D3D3	73
3938	#FFFFFF	#D3D3D3	73
3939	#FFFFFF	#D3D3D3	73
3940	#FFFFFF	#D3D3D3	12
3941	#FFFFFF	#D3D3D3	12
3942	#FFFFFF	#D3D3D3	12
3943	#FFFFFF	#D3D3D3	73
3944	#FFFFFF	#D3D3D3	73
3945	#FFFFFF	#D3D3D3	73
3946	#FFFFFF	#D3D3D3	73
3947	#FFFFFF	#D3D3D3	73
3948	#FFFFFF	#D3D3D3	73
3949	#FFFFFF	#D3D3D3	73
3950	#FFFFFF	#D3D3D3	73
3951	#FFFFFF	#D3D3D3	73
3952	#FFFFFF	#D3D3D3	73
3953	#FFFFFF	#D3D3D3	12
3954	#FFFFFF	#D3D3D3	73
3955	#FFFFFF	#D3D3D3	7
3956	#FFFFFF	#D3D3D3	7
3957	#FFFFFF	#D3D3D3	73
3958	#FFFFFF	#D3D3D3	73
3959	#FFFFFF	#D3D3D3	73
3960	#FFFFFF	#D3D3D3	73
3961	#FFFFFF	#D3D3D3	73
3962	#FFFFFF	#D3D3D3	73
3963	#FFFFFF	#D3D3D3	73
3964	#FFFFFF	#D3D3D3	12
3965	#FFFFFF	#D3D3D3	73
3966	#FFFFFF	#D3D3D3	73
3967	#FFFFFF	#D3D3D3	73
3968	#FFFFFF	#D3D3D3	73
3969	#FFFFFF	#D3D3D3	73
3970	#FFFFFF	#D3D3D3	73
3971	#FFFFFF	#D3D3D3	73
3972	#FFFFFF	#D3D3D3	73
3973	#FFFFFF	#D3D3D3	73
3974	#FFFFFF	#D3D3D3	73
3975	#FFFFFF	#D3D3D3	12
3976	#FFFFFF	#D3D3D3	73
3977	#FFFFFF	#D3D3D3	73
3978	#FFFFFF	#D3D3D3	73
3979	#FFFFFF	#D3D3D3	73
3980	#FFFFFF	#D3D3D3	73
3981	#FFFFFF	#D3D3D3	73
3982	#FFFFFF	#D3D3D3	73
3983	#FFFFFF	#D3D3D3	73
3984	#FFFFFF	#D3D3D3	73
3985	#FFFFFF	#D3D3D3	73
3986	#FFFFFF	#D3D3D3	73
3987	#FFFFFF	#D3D3D3	73
3988	#FFFFFF	#D3D3D3	73
3989	#FFFFFF	#D3D3D3	73
3990	#FFFFFF	#D3D3D3	12
3991	#FFFFFF	#D3D3D3	12
3992	#FFFFFF	#D3D3D3	12
3993	#FFFFFF	#D3D3D3	73
3994	#FFFFFF	#D3D3D3	73
3995	#FFFFFF	#D3D3D3	73
3996	#FFFFFF	#D3D3D3	73
3997	#FFFFFF	#D3D3D3	73
3998	#FFFFFF	#D3D3D3	73
3999	#FFFFFF	#D3D3D3	73
4000	#FFFFFF	#D3D3D3	73
4001	#FFFFFF	#D3D3D3	73
4002	#FFFFFF	#D3D3D3	73
4003	#FFFFFF	#D3D3D3	12
4004	#FFFFFF	#D3D3D3	73
4005	#FFFFFF	#D3D3D3	73
4006	#FFFFFF	#D3D3D3	73
4007	#FFFFFF	#D3D3D3	7
4008	#FFFFFF	#D3D3D3	73
4009	#FFFFFF	#D3D3D3	73
4010	#FFFFFF	#D3D3D3	73
4011	#FFFFFF	#D3D3D3	73
4012	#FFFFFF	#D3D3D3	73
4013	#FFFFFF	#D3D3D3	73
4014	#FFFFFF	#D3D3D3	73
4015	#FFFFFF	#D3D3D3	73
4016	#FFFFFF	#D3D3D3	73
4017	#FFFFFF	#D3D3D3	73
4018	#FFFFFF	#D3D3D3	73
4019	#FFFFFF	#D3D3D3	73
4020	#FFFFFF	#D3D3D3	73
4021	#FFFFFF	#D3D3D3	73
4022	#FFFFFF	#D3D3D3	73
4023	#FFFFFF	#D3D3D3	73
4024	#FFFFFF	#D3D3D3	73
4025	#FFFFFF	#D3D3D3	12
4026	#FFFFFF	#D3D3D3	73
4027	#FFFFFF	#D3D3D3	73
4028	#FFFFFF	#D3D3D3	73
4029	#FFFFFF	#D3D3D3	73
4030	#FFFFFF	#D3D3D3	73
4031	#FFFFFF	#D3D3D3	73
4032	#FFFFFF	#D3D3D3	73
4033	#FFFFFF	#D3D3D3	73
4034	#FFFFFF	#D3D3D3	73
4035	#FFFFFF	#D3D3D3	73
4036	#FFFFFF	#D3D3D3	73
4037	#FFFFFF	#D3D3D3	73
4038	#FFFFFF	#D3D3D3	73
4039	#FFFFFF	#D3D3D3	73
4040	#FFFFFF	#D3D3D3	73
4041	#FFFFFF	#D3D3D3	73
4042	#FFFFFF	#D3D3D3	73
4043	#FFFFFF	#D3D3D3	7
4044	#FFFFFF	#D3D3D3	73
4045	#FFFFFF	#D3D3D3	73
4046	#FFFFFF	#D3D3D3	73
4047	#FFFFFF	#D3D3D3	73
4048	#FFFFFF	#D3D3D3	73
4049	#FFFFFF	#D3D3D3	7
4050	#FFFFFF	#D3D3D3	7
4051	#FFFFFF	#D3D3D3	7
4052	#FFFFFF	#D3D3D3	7
4053	#FFFFFF	#D3D3D3	7
4054	#FFFFFF	#D3D3D3	7
4055	#FFFFFF	#D3D3D3	7
4056	#FFFFFF	#D3D3D3	7
4057	#FFFFFF	#D3D3D3	7
4058	#FFFFFF	#D3D3D3	7
4059	#FFFFFF	#D3D3D3	147
4060	#FFFFFF	#D3D3D3	147
4061	#FFFFFF	#D3D3D3	7
4062	#FFFFFF	#D3D3D3	7
4063	#FFFFFF	#D3D3D3	147
4064	#FFFFFF	#D3D3D3	7
4065	#FFFFFF	#D3D3D3	7
4066	#FFFFFF	#D3D3D3	147
4067	#FFFFFF	#D3D3D3	147
4068	#FFFFFF	#D3D3D3	7
4069	#FFFFFF	#D3D3D3	7
4070	#FFFFFF	#D3D3D3	7
4071	#FFFFFF	#D3D3D3	7
4072	#FFFFFF	#D3D3D3	7
4073	#FFFFFF	#D3D3D3	7
4074	#FFFFFF	#D3D3D3	7
4075	#FFFFFF	#D3D3D3	7
4076	#FFFFFF	#D3D3D3	7
4077	#FFFFFF	#D3D3D3	7
4078	#FFFFFF	#D3D3D3	7
4079	#FFFFFF	#D3D3D3	7
4080	#FFFFFF	#D3D3D3	7
4081	#FFFFFF	#D3D3D3	7
4082	#FFFFFF	#D3D3D3	7
4083	#FFFFFF	#D3D3D3	7
4084	#FFFFFF	#D3D3D3	7
4085	#FFFFFF	#D3D3D3	7
4086	#FFFFFF	#D3D3D3	109
4087	#FFFFFF	#D3D3D3	7
4088	#FFFFFF	#D3D3D3	73
4089	#FFFFFF	#D3D3D3	73
4090	#FFFFFF	#D3D3D3	73
4091	#FFFFFF	#D3D3D3	73
4092	#FFFFFF	#D3D3D3	73
4093	#FFFFFF	#D3D3D3	73
4094	#FFFFFF	#D3D3D3	7
4095	#FFFFFF	#D3D3D3	73
4096	#FFFFFF	#D3D3D3	7
4097	#FFFFFF	#D3D3D3	7
4098	#FFFFFF	#D3D3D3	7
4099	#FFFFFF	#D3D3D3	7
4100	#FFFFFF	#D3D3D3	7
4101	#FFFFFF	#D3D3D3	7
4102	#FFFFFF	#D3D3D3	7
4103	#FFFFFF	#D3D3D3	7
4104	#FFFFFF	#D3D3D3	7
4105	#FFFFFF	#D3D3D3	7
4106	#FFFFFF	#D3D3D3	7
4107	#FFFFFF	#D3D3D3	7
4108	#FFFFFF	#D3D3D3	7
4109	#FFFFFF	#D3D3D3	147
4110	#FFFFFF	#D3D3D3	147
4111	#FFFFFF	#D3D3D3	147
4112	#FFFFFF	#D3D3D3	7
4113	#FFFFFF	#D3D3D3	7
4114	#FFFFFF	#D3D3D3	147
4115	#FFFFFF	#D3D3D3	147
4116	#FFFFFF	#D3D3D3	7
4117	#FFFFFF	#D3D3D3	147
4118	#FFFFFF	#D3D3D3	147
4119	#FFFFFF	#D3D3D3	7
4120	#FFFFFF	#D3D3D3	7
4121	#FFFFFF	#D3D3D3	7
4122	#FFFFFF	#D3D3D3	7
4123	#FFFFFF	#D3D3D3	7
4124	#FFFFFF	#D3D3D3	7
4125	#FFFFFF	#D3D3D3	7
4126	#FFFFFF	#D3D3D3	7
4127	#FFFFFF	#D3D3D3	7
4128	#FFFFFF	#D3D3D3	7
4129	#FFFFFF	#D3D3D3	7
4130	#FFFFFF	#D3D3D3	7
4131	#FFFFFF	#D3D3D3	7
4132	#FFFFFF	#D3D3D3	7
4133	#FFFFFF	#D3D3D3	7
4134	#FFFFFF	#D3D3D3	7
4135	#FFFFFF	#D3D3D3	7
4136	#FFFFFF	#D3D3D3	109
4137	#FFFFFF	#D3D3D3	7
4138	#FFFFFF	#D3D3D3	7
4139	#FFFFFF	#D3D3D3	73
4140	#FFFFFF	#D3D3D3	73
4141	#FFFFFF	#D3D3D3	73
4142	#FFFFFF	#D3D3D3	73
4143	#FFFFFF	#D3D3D3	7
4144	#FFFFFF	#D3D3D3	7
4145	#FFFFFF	#D3D3D3	73
4146	#FFFFFF	#D3D3D3	73
4147	#FFFFFF	#D3D3D3	7
4148	#FFFFFF	#D3D3D3	7
4149	#FFFFFF	#D3D3D3	7
4150	#FFFFFF	#D3D3D3	7
4151	#FFFFFF	#D3D3D3	7
4152	#FFFFFF	#D3D3D3	7
4153	#FFFFFF	#D3D3D3	7
4154	#FFFFFF	#D3D3D3	7
4155	#FFFFFF	#D3D3D3	7
4156	#FFFFFF	#D3D3D3	7
4157	#FFFFFF	#D3D3D3	7
4158	#FFFFFF	#D3D3D3	7
4159	#FFFFFF	#D3D3D3	7
4160	#FFFFFF	#D3D3D3	7
4161	#FFFFFF	#D3D3D3	147
4162	#FFFFFF	#D3D3D3	7
4163	#FFFFFF	#D3D3D3	147
4164	#FFFFFF	#D3D3D3	147
4165	#FFFFFF	#D3D3D3	147
4166	#FFFFFF	#D3D3D3	7
4167	#FFFFFF	#D3D3D3	147
4168	#FFFFFF	#D3D3D3	147
4169	#FFFFFF	#D3D3D3	7
4170	#FFFFFF	#D3D3D3	7
4171	#FFFFFF	#D3D3D3	7
4172	#FFFFFF	#D3D3D3	7
4173	#FFFFFF	#D3D3D3	7
4174	#FFFFFF	#D3D3D3	7
4175	#FFFFFF	#D3D3D3	7
4176	#FFFFFF	#D3D3D3	7
4177	#FFFFFF	#D3D3D3	7
4178	#FFFFFF	#D3D3D3	7
4179	#FFFFFF	#D3D3D3	7
4180	#FFFFFF	#D3D3D3	7
4181	#FFFFFF	#D3D3D3	7
4182	#FFFFFF	#D3D3D3	7
4183	#FFFFFF	#D3D3D3	7
4184	#FFFFFF	#D3D3D3	7
4185	#FFFFFF	#D3D3D3	7
4186	#FFFFFF	#D3D3D3	7
4187	#FFFFFF	#D3D3D3	109
4188	#FFFFFF	#D3D3D3	7
4189	#FFFFFF	#D3D3D3	7
4190	#FFFFFF	#D3D3D3	73
4191	#FFFFFF	#D3D3D3	73
4192	#FFFFFF	#D3D3D3	73
4193	#FFFFFF	#D3D3D3	7
4194	#FFFFFF	#D3D3D3	7
4195	#FFFFFF	#D3D3D3	7
4196	#FFFFFF	#D3D3D3	7
4197	#FFFFFF	#D3D3D3	7
4198	#FFFFFF	#D3D3D3	7
4199	#FFFFFF	#D3D3D3	7
4200	#FFFFFF	#D3D3D3	7
4201	#FFFFFF	#D3D3D3	7
4202	#FFFFFF	#D3D3D3	7
4203	#FFFFFF	#D3D3D3	7
4204	#FFFFFF	#D3D3D3	7
4205	#FFFFFF	#D3D3D3	7
4206	#FFFFFF	#D3D3D3	7
4207	#FFFFFF	#D3D3D3	7
4208	#FFFFFF	#D3D3D3	7
4209	#FFFFFF	#D3D3D3	7
4210	#FFFFFF	#D3D3D3	7
4211	#FFFFFF	#D3D3D3	7
4212	#FFFFFF	#D3D3D3	147
4213	#FFFFFF	#D3D3D3	147
4214	#FFFFFF	#D3D3D3	147
4215	#FFFFFF	#D3D3D3	147
4216	#FFFFFF	#D3D3D3	147
4217	#FFFFFF	#D3D3D3	7
4218	#FFFFFF	#D3D3D3	147
4219	#FFFFFF	#D3D3D3	147
4220	#FFFFFF	#D3D3D3	147
4221	#FFFFFF	#D3D3D3	7
4222	#FFFFFF	#D3D3D3	7
4223	#FFFFFF	#D3D3D3	7
4224	#FFFFFF	#D3D3D3	7
4225	#FFFFFF	#D3D3D3	7
4226	#FFFFFF	#D3D3D3	7
4227	#FFFFFF	#D3D3D3	7
4228	#FFFFFF	#D3D3D3	7
4229	#FFFFFF	#D3D3D3	7
4230	#FFFFFF	#D3D3D3	7
4231	#FFFFFF	#D3D3D3	7
4232	#FFFFFF	#D3D3D3	7
4233	#FFFFFF	#D3D3D3	7
4234	#FFFFFF	#D3D3D3	7
4235	#FFFFFF	#D3D3D3	7
4236	#FFFFFF	#D3D3D3	7
4237	#FFFFFF	#D3D3D3	109
4238	#FFFFFF	#D3D3D3	73
4239	#FFFFFF	#D3D3D3	73
4240	#FFFFFF	#D3D3D3	73
4241	#FFFFFF	#D3D3D3	73
4242	#FFFFFF	#D3D3D3	73
4243	#FFFFFF	#D3D3D3	7
4244	#FFFFFF	#D3D3D3	7
4245	#FFFFFF	#D3D3D3	7
4246	#FFFFFF	#D3D3D3	73
4247	#FFFFFF	#D3D3D3	7
4248	#FFFFFF	#D3D3D3	7
4249	#FFFFFF	#D3D3D3	7
4250	#FFFFFF	#D3D3D3	7
4251	#FFFFFF	#D3D3D3	7
4252	#FFFFFF	#D3D3D3	7
4253	#FFFFFF	#D3D3D3	7
4254	#FFFFFF	#D3D3D3	7
4255	#FFFFFF	#D3D3D3	7
4256	#FFFFFF	#D3D3D3	7
4257	#FFFFFF	#D3D3D3	7
4258	#FFFFFF	#D3D3D3	7
4259	#FFFFFF	#D3D3D3	7
4260	#FFFFFF	#D3D3D3	7
4261	#FFFFFF	#D3D3D3	7
4262	#FFFFFF	#D3D3D3	147
4263	#FFFFFF	#D3D3D3	147
4264	#FFFFFF	#D3D3D3	147
4265	#FFFFFF	#D3D3D3	147
4266	#FFFFFF	#D3D3D3	147
4267	#FFFFFF	#D3D3D3	7
4268	#FFFFFF	#D3D3D3	147
4269	#FFFFFF	#D3D3D3	147
4270	#FFFFFF	#D3D3D3	147
4271	#FFFFFF	#D3D3D3	147
4272	#FFFFFF	#D3D3D3	7
4273	#FFFFFF	#D3D3D3	7
4274	#FFFFFF	#D3D3D3	7
4275	#FFFFFF	#D3D3D3	7
4276	#FFFFFF	#D3D3D3	7
4277	#FFFFFF	#D3D3D3	7
4278	#FFFFFF	#D3D3D3	7
4279	#FFFFFF	#D3D3D3	7
4280	#FFFFFF	#D3D3D3	7
4281	#FFFFFF	#D3D3D3	7
4282	#FFFFFF	#D3D3D3	7
4283	#FFFFFF	#D3D3D3	7
4284	#FFFFFF	#D3D3D3	7
4285	#FFFFFF	#D3D3D3	7
4286	#FFFFFF	#D3D3D3	7
4287	#FFFFFF	#D3D3D3	7
4288	#FFFFFF	#D3D3D3	7
4289	#FFFFFF	#D3D3D3	7
4290	#FFFFFF	#D3D3D3	73
4291	#FFFFFF	#D3D3D3	73
4292	#FFFFFF	#D3D3D3	73
4293	#FFFFFF	#D3D3D3	73
4294	#FFFFFF	#D3D3D3	7
4295	#FFFFFF	#D3D3D3	7
4296	#FFFFFF	#D3D3D3	7
4297	#FFFFFF	#D3D3D3	73
4298	#FFFFFF	#D3D3D3	7
4299	#FFFFFF	#D3D3D3	7
4300	#FFFFFF	#D3D3D3	7
4301	#FFFFFF	#D3D3D3	7
4302	#FFFFFF	#D3D3D3	7
4303	#FFFFFF	#D3D3D3	7
4304	#FFFFFF	#D3D3D3	7
4305	#FFFFFF	#D3D3D3	7
4306	#FFFFFF	#D3D3D3	7
4307	#FFFFFF	#D3D3D3	7
4308	#FFFFFF	#D3D3D3	7
4309	#FFFFFF	#D3D3D3	7
4310	#FFFFFF	#D3D3D3	7
4311	#FFFFFF	#D3D3D3	147
4312	#FFFFFF	#D3D3D3	7
4313	#FFFFFF	#D3D3D3	147
4314	#FFFFFF	#D3D3D3	147
4315	#FFFFFF	#D3D3D3	147
4316	#FFFFFF	#D3D3D3	147
4317	#FFFFFF	#D3D3D3	147
4318	#FFFFFF	#D3D3D3	7
4319	#FFFFFF	#D3D3D3	147
4320	#FFFFFF	#D3D3D3	147
4321	#FFFFFF	#D3D3D3	147
4322	#FFFFFF	#D3D3D3	7
4323	#FFFFFF	#D3D3D3	7
4324	#FFFFFF	#D3D3D3	7
4325	#FFFFFF	#D3D3D3	7
4326	#FFFFFF	#D3D3D3	7
4327	#FFFFFF	#D3D3D3	7
4328	#FFFFFF	#D3D3D3	7
4329	#FFFFFF	#D3D3D3	7
4330	#FFFFFF	#D3D3D3	7
4331	#FFFFFF	#D3D3D3	7
4332	#FFFFFF	#D3D3D3	7
4333	#FFFFFF	#D3D3D3	7
4334	#FFFFFF	#D3D3D3	7
4335	#FFFFFF	#D3D3D3	7
4336	#FFFFFF	#D3D3D3	109
4337	#FFFFFF	#D3D3D3	109
4338	#FFFFFF	#D3D3D3	7
4339	#FFFFFF	#D3D3D3	73
4340	#FFFFFF	#D3D3D3	73
4341	#FFFFFF	#D3D3D3	73
4342	#FFFFFF	#D3D3D3	73
4343	#FFFFFF	#D3D3D3	73
4344	#FFFFFF	#D3D3D3	7
4345	#FFFFFF	#D3D3D3	7
4346	#FFFFFF	#D3D3D3	7
4347	#FFFFFF	#D3D3D3	73
4348	#FFFFFF	#D3D3D3	7
4349	#FFFFFF	#D3D3D3	7
4350	#FFFFFF	#D3D3D3	7
4351	#FFFFFF	#D3D3D3	7
4352	#FFFFFF	#D3D3D3	7
4353	#FFFFFF	#D3D3D3	7
4354	#FFFFFF	#D3D3D3	7
4355	#FFFFFF	#D3D3D3	7
4356	#FFFFFF	#D3D3D3	7
4357	#FFFFFF	#D3D3D3	7
4358	#FFFFFF	#D3D3D3	7
4359	#FFFFFF	#D3D3D3	7
4360	#FFFFFF	#D3D3D3	7
4361	#FFFFFF	#D3D3D3	7
4362	#FFFFFF	#D3D3D3	147
4363	#FFFFFF	#D3D3D3	7
4364	#FFFFFF	#D3D3D3	147
4365	#FFFFFF	#D3D3D3	147
4366	#FFFFFF	#D3D3D3	147
4367	#FFFFFF	#D3D3D3	147
4368	#FFFFFF	#D3D3D3	7
4369	#FFFFFF	#D3D3D3	147
4370	#FFFFFF	#D3D3D3	147
4371	#FFFFFF	#D3D3D3	147
4372	#FFFFFF	#D3D3D3	7
4373	#FFFFFF	#D3D3D3	7
4374	#FFFFFF	#D3D3D3	7
4375	#FFFFFF	#D3D3D3	7
4376	#FFFFFF	#D3D3D3	7
4377	#FFFFFF	#D3D3D3	7
4378	#FFFFFF	#D3D3D3	7
4379	#FFFFFF	#D3D3D3	7
4380	#FFFFFF	#D3D3D3	7
4381	#FFFFFF	#D3D3D3	7
4382	#FFFFFF	#D3D3D3	7
4383	#FFFFFF	#D3D3D3	7
4384	#FFFFFF	#D3D3D3	7
4385	#FFFFFF	#D3D3D3	7
4386	#FFFFFF	#D3D3D3	7
4387	#FFFFFF	#D3D3D3	109
4388	#FFFFFF	#D3D3D3	109
4389	#FFFFFF	#D3D3D3	7
4390	#FFFFFF	#D3D3D3	7
4391	#FFFFFF	#D3D3D3	73
4392	#FFFFFF	#D3D3D3	73
4393	#FFFFFF	#D3D3D3	73
4394	#FFFFFF	#D3D3D3	73
4395	#FFFFFF	#D3D3D3	7
4396	#FFFFFF	#D3D3D3	7
4397	#FFFFFF	#D3D3D3	7
4398	#FFFFFF	#D3D3D3	7
4399	#FFFFFF	#D3D3D3	7
4400	#FFFFFF	#D3D3D3	7
4401	#FFFFFF	#D3D3D3	7
4402	#FFFFFF	#D3D3D3	7
4403	#FFFFFF	#D3D3D3	7
4404	#FFFFFF	#D3D3D3	7
4405	#FFFFFF	#D3D3D3	7
4406	#FFFFFF	#D3D3D3	7
4407	#FFFFFF	#D3D3D3	7
4408	#FFFFFF	#D3D3D3	7
4409	#FFFFFF	#D3D3D3	7
4410	#FFFFFF	#D3D3D3	7
4411	#FFFFFF	#D3D3D3	7
4412	#FFFFFF	#D3D3D3	147
4413	#FFFFFF	#D3D3D3	7
4414	#FFFFFF	#D3D3D3	147
4415	#FFFFFF	#D3D3D3	147
4416	#FFFFFF	#D3D3D3	147
4417	#FFFFFF	#D3D3D3	147
4418	#FFFFFF	#D3D3D3	147
4419	#FFFFFF	#D3D3D3	7
4420	#FFFFFF	#D3D3D3	147
4421	#FFFFFF	#D3D3D3	147
4422	#FFFFFF	#D3D3D3	147
4423	#FFFFFF	#D3D3D3	7
4424	#FFFFFF	#D3D3D3	7
4425	#FFFFFF	#D3D3D3	7
4426	#FFFFFF	#D3D3D3	7
4427	#FFFFFF	#D3D3D3	7
4428	#FFFFFF	#D3D3D3	7
4429	#FFFFFF	#D3D3D3	7
4430	#FFFFFF	#D3D3D3	7
4431	#FFFFFF	#D3D3D3	7
4432	#FFFFFF	#D3D3D3	7
4433	#FFFFFF	#D3D3D3	7
4434	#FFFFFF	#D3D3D3	7
4435	#FFFFFF	#D3D3D3	7
4436	#FFFFFF	#D3D3D3	7
4437	#FFFFFF	#D3D3D3	109
4438	#FFFFFF	#D3D3D3	109
4439	#FFFFFF	#D3D3D3	109
4440	#FFFFFF	#D3D3D3	73
4441	#FFFFFF	#D3D3D3	73
4442	#FFFFFF	#D3D3D3	7
4443	#FFFFFF	#D3D3D3	73
4444	#FFFFFF	#D3D3D3	73
4445	#FFFFFF	#D3D3D3	73
4446	#FFFFFF	#D3D3D3	7
4447	#FFFFFF	#D3D3D3	7
4448	#FFFFFF	#D3D3D3	7
4449	#FFFFFF	#D3D3D3	7
4450	#FFFFFF	#D3D3D3	7
4451	#FFFFFF	#D3D3D3	7
4452	#FFFFFF	#D3D3D3	7
4453	#FFFFFF	#D3D3D3	7
4454	#FFFFFF	#D3D3D3	7
4455	#FFFFFF	#D3D3D3	7
4456	#FFFFFF	#D3D3D3	7
4457	#FFFFFF	#D3D3D3	7
4458	#FFFFFF	#D3D3D3	73
4459	#FFFFFF	#D3D3D3	7
4460	#FFFFFF	#D3D3D3	7
4461	#FFFFFF	#D3D3D3	7
4462	#FFFFFF	#D3D3D3	147
4463	#FFFFFF	#D3D3D3	147
4464	#FFFFFF	#D3D3D3	147
4465	#FFFFFF	#D3D3D3	147
4466	#FFFFFF	#D3D3D3	147
4467	#FFFFFF	#D3D3D3	147
4468	#FFFFFF	#D3D3D3	147
4469	#FFFFFF	#D3D3D3	7
4470	#FFFFFF	#D3D3D3	147
4471	#FFFFFF	#D3D3D3	147
4472	#FFFFFF	#D3D3D3	7
4473	#FFFFFF	#D3D3D3	7
4474	#FFFFFF	#D3D3D3	7
4475	#FFFFFF	#D3D3D3	147
4476	#FFFFFF	#D3D3D3	7
4477	#FFFFFF	#D3D3D3	7
4478	#FFFFFF	#D3D3D3	7
4479	#FFFFFF	#D3D3D3	7
4480	#FFFFFF	#D3D3D3	7
4481	#FFFFFF	#D3D3D3	7
4482	#FFFFFF	#D3D3D3	7
4483	#FFFFFF	#D3D3D3	7
4484	#FFFFFF	#D3D3D3	7
4485	#FFFFFF	#D3D3D3	7
4486	#FFFFFF	#D3D3D3	7
4487	#FFFFFF	#D3D3D3	7
4488	#FFFFFF	#D3D3D3	109
4489	#FFFFFF	#D3D3D3	109
4490	#FFFFFF	#D3D3D3	109
4491	#FFFFFF	#D3D3D3	7
4492	#FFFFFF	#D3D3D3	73
4493	#FFFFFF	#D3D3D3	7
4494	#FFFFFF	#D3D3D3	7
4495	#FFFFFF	#D3D3D3	7
4496	#FFFFFF	#D3D3D3	7
4497	#FFFFFF	#D3D3D3	7
4498	#FFFFFF	#D3D3D3	7
4499	#FFFFFF	#D3D3D3	7
4500	#FFFFFF	#D3D3D3	7
4501	#FFFFFF	#D3D3D3	7
4502	#FFFFFF	#D3D3D3	7
4503	#FFFFFF	#D3D3D3	7
4504	#FFFFFF	#D3D3D3	7
4505	#FFFFFF	#D3D3D3	7
4506	#FFFFFF	#D3D3D3	7
4507	#FFFFFF	#D3D3D3	147
4508	#FFFFFF	#D3D3D3	7
4509	#FFFFFF	#D3D3D3	73
4510	#FFFFFF	#D3D3D3	147
4511	#FFFFFF	#D3D3D3	7
4512	#FFFFFF	#D3D3D3	7
4513	#FFFFFF	#D3D3D3	147
4514	#FFFFFF	#D3D3D3	147
4515	#FFFFFF	#D3D3D3	147
4516	#FFFFFF	#D3D3D3	147
4517	#FFFFFF	#D3D3D3	147
4518	#FFFFFF	#D3D3D3	147
4519	#FFFFFF	#D3D3D3	147
4520	#FFFFFF	#D3D3D3	7
4521	#FFFFFF	#D3D3D3	147
4522	#FFFFFF	#D3D3D3	147
4523	#FFFFFF	#D3D3D3	7
4524	#FFFFFF	#D3D3D3	7
4525	#FFFFFF	#D3D3D3	147
4526	#FFFFFF	#D3D3D3	147
4527	#FFFFFF	#D3D3D3	7
4528	#FFFFFF	#D3D3D3	7
4529	#FFFFFF	#D3D3D3	7
4530	#FFFFFF	#D3D3D3	7
4531	#FFFFFF	#D3D3D3	7
4532	#FFFFFF	#D3D3D3	7
4533	#FFFFFF	#D3D3D3	7
4534	#FFFFFF	#D3D3D3	7
4535	#FFFFFF	#D3D3D3	7
4536	#FFFFFF	#D3D3D3	7
4537	#FFFFFF	#D3D3D3	109
4538	#FFFFFF	#D3D3D3	109
4539	#FFFFFF	#D3D3D3	7
4540	#FFFFFF	#D3D3D3	109
4541	#FFFFFF	#D3D3D3	73
4542	#FFFFFF	#D3D3D3	7
4543	#FFFFFF	#D3D3D3	7
4544	#FFFFFF	#D3D3D3	7
4545	#FFFFFF	#D3D3D3	7
4546	#FFFFFF	#D3D3D3	7
4547	#FFFFFF	#D3D3D3	73
4548	#FFFFFF	#D3D3D3	7
4549	#FFFFFF	#D3D3D3	7
4550	#FFFFFF	#D3D3D3	7
4551	#FFFFFF	#D3D3D3	73
4552	#FFFFFF	#D3D3D3	7
4553	#FFFFFF	#D3D3D3	7
4554	#FFFFFF	#D3D3D3	7
4555	#FFFFFF	#D3D3D3	7
4556	#FFFFFF	#D3D3D3	7
4557	#FFFFFF	#D3D3D3	7
4558	#FFFFFF	#D3D3D3	7
4559	#FFFFFF	#D3D3D3	7
4560	#FFFFFF	#D3D3D3	7
4561	#FFFFFF	#D3D3D3	7
4562	#FFFFFF	#D3D3D3	7
4563	#FFFFFF	#D3D3D3	7
4564	#FFFFFF	#D3D3D3	7
4565	#FFFFFF	#D3D3D3	7
4566	#FFFFFF	#D3D3D3	7
4567	#FFFFFF	#D3D3D3	7
4568	#FFFFFF	#D3D3D3	7
4569	#FFFFFF	#D3D3D3	7
4570	#FFFFFF	#D3D3D3	7
4571	#FFFFFF	#D3D3D3	7
4572	#FFFFFF	#D3D3D3	7
4573	#FFFFFF	#D3D3D3	7
4574	#FFFFFF	#D3D3D3	7
4575	#FFFFFF	#D3D3D3	7
4576	#FFFFFF	#D3D3D3	7
4577	#FFFFFF	#D3D3D3	7
4578	#FFFFFF	#D3D3D3	7
4579	#FFFFFF	#D3D3D3	7
4580	#FFFFFF	#D3D3D3	7
4581	#FFFFFF	#D3D3D3	7
4582	#FFFFFF	#D3D3D3	7
4583	#FFFFFF	#D3D3D3	7
4584	#FFFFFF	#D3D3D3	7
4585	#FFFFFF	#D3D3D3	7
4586	#FFFFFF	#D3D3D3	109
4587	#FFFFFF	#D3D3D3	109
4588	#FFFFFF	#D3D3D3	7
4589	#FFFFFF	#D3D3D3	7
4590	#FFFFFF	#D3D3D3	7
4591	#FFFFFF	#D3D3D3	7
4592	#FFFFFF	#D3D3D3	7
4593	#FFFFFF	#D3D3D3	7
4594	#FFFFFF	#D3D3D3	7
4595	#FFFFFF	#D3D3D3	7
4596	#FFFFFF	#D3D3D3	7
4597	#FFFFFF	#D3D3D3	7
4598	#FFFFFF	#D3D3D3	7
4599	#FFFFFF	#D3D3D3	7
4600	#FFFFFF	#D3D3D3	7
4601	#FFFFFF	#D3D3D3	73
4602	#FFFFFF	#D3D3D3	73
4603	#FFFFFF	#D3D3D3	7
4604	#FFFFFF	#D3D3D3	7
4605	#FFFFFF	#D3D3D3	7
4606	#FFFFFF	#D3D3D3	7
4607	#FFFFFF	#D3D3D3	7
4608	#FFFFFF	#D3D3D3	7
4609	#FFFFFF	#D3D3D3	7
4610	#FFFFFF	#D3D3D3	7
4611	#FFFFFF	#D3D3D3	7
4612	#FFFFFF	#D3D3D3	7
4613	#FFFFFF	#D3D3D3	7
4614	#FFFFFF	#D3D3D3	7
4615	#FFFFFF	#D3D3D3	7
4616	#FFFFFF	#D3D3D3	7
4617	#FFFFFF	#D3D3D3	7
4618	#FFFFFF	#D3D3D3	7
4619	#FFFFFF	#D3D3D3	7
4620	#FFFFFF	#D3D3D3	7
4621	#FFFFFF	#D3D3D3	7
4622	#FFFFFF	#D3D3D3	7
4623	#FFFFFF	#D3D3D3	7
4624	#FFFFFF	#D3D3D3	7
4625	#FFFFFF	#D3D3D3	7
4626	#FFFFFF	#D3D3D3	7
4627	#FFFFFF	#D3D3D3	7
4628	#FFFFFF	#D3D3D3	7
4629	#FFFFFF	#D3D3D3	7
4630	#FFFFFF	#D3D3D3	109
4631	#FFFFFF	#D3D3D3	7
4632	#FFFFFF	#D3D3D3	7
4633	#FFFFFF	#D3D3D3	7
4634	#FFFFFF	#D3D3D3	7
4635	#FFFFFF	#D3D3D3	7
4636	#FFFFFF	#D3D3D3	109
4637	#FFFFFF	#D3D3D3	109
4638	#FFFFFF	#D3D3D3	109
4639	#FFFFFF	#D3D3D3	7
4640	#FFFFFF	#D3D3D3	7
4641	#FFFFFF	#D3D3D3	7
4642	#FFFFFF	#D3D3D3	7
4643	#FFFFFF	#D3D3D3	7
4644	#FFFFFF	#D3D3D3	7
4645	#FFFFFF	#D3D3D3	7
4646	#FFFFFF	#D3D3D3	7
4647	#FFFFFF	#D3D3D3	73
4648	#FFFFFF	#D3D3D3	7
4649	#FFFFFF	#D3D3D3	7
4650	#FFFFFF	#D3D3D3	7
4651	#FFFFFF	#D3D3D3	7
4652	#FFFFFF	#D3D3D3	7
4653	#FFFFFF	#D3D3D3	7
4654	#FFFFFF	#D3D3D3	7
4655	#FFFFFF	#D3D3D3	7
4656	#FFFFFF	#D3D3D3	7
4657	#FFFFFF	#D3D3D3	7
4658	#FFFFFF	#D3D3D3	7
4659	#FFFFFF	#D3D3D3	7
4660	#FFFFFF	#D3D3D3	7
4661	#FFFFFF	#D3D3D3	7
4662	#FFFFFF	#D3D3D3	7
4663	#FFFFFF	#D3D3D3	7
4664	#FFFFFF	#D3D3D3	7
4665	#FFFFFF	#D3D3D3	7
4666	#FFFFFF	#D3D3D3	7
4667	#FFFFFF	#D3D3D3	7
4668	#FFFFFF	#D3D3D3	7
4669	#FFFFFF	#D3D3D3	7
4670	#FFFFFF	#D3D3D3	7
4671	#FFFFFF	#D3D3D3	7
4672	#FFFFFF	#D3D3D3	7
4673	#FFFFFF	#D3D3D3	7
4674	#FFFFFF	#D3D3D3	7
4675	#FFFFFF	#D3D3D3	7
4676	#FFFFFF	#D3D3D3	7
4677	#FFFFFF	#D3D3D3	7
4678	#FFFFFF	#D3D3D3	7
4679	#FFFFFF	#D3D3D3	7
4680	#FFFFFF	#D3D3D3	109
4681	#FFFFFF	#D3D3D3	109
4682	#FFFFFF	#D3D3D3	7
4683	#FFFFFF	#D3D3D3	7
4684	#FFFFFF	#D3D3D3	7
4685	#FFFFFF	#D3D3D3	109
4686	#FFFFFF	#D3D3D3	109
4687	#FFFFFF	#D3D3D3	109
4688	#FFFFFF	#D3D3D3	109
4689	#FFFFFF	#D3D3D3	109
4690	#FFFFFF	#D3D3D3	7
4691	#FFFFFF	#D3D3D3	7
4692	#FFFFFF	#D3D3D3	7
4693	#FFFFFF	#D3D3D3	7
4694	#FFFFFF	#D3D3D3	7
4695	#FFFFFF	#D3D3D3	7
4696	#FFFFFF	#D3D3D3	7
4697	#FFFFFF	#D3D3D3	7
4698	#FFFFFF	#D3D3D3	7
4699	#FFFFFF	#D3D3D3	7
4700	#FFFFFF	#D3D3D3	7
4701	#FFFFFF	#D3D3D3	7
4702	#FFFFFF	#D3D3D3	7
4703	#FFFFFF	#D3D3D3	7
4704	#FFFFFF	#D3D3D3	7
4705	#FFFFFF	#D3D3D3	7
4706	#FFFFFF	#D3D3D3	7
4707	#FFFFFF	#D3D3D3	7
4708	#FFFFFF	#D3D3D3	7
4709	#FFFFFF	#D3D3D3	7
4710	#FFFFFF	#D3D3D3	7
4711	#FFFFFF	#D3D3D3	7
4712	#FFFFFF	#D3D3D3	7
4713	#FFFFFF	#D3D3D3	7
4714	#FFFFFF	#D3D3D3	7
4715	#FFFFFF	#D3D3D3	7
4716	#FFFFFF	#D3D3D3	7
4717	#FFFFFF	#D3D3D3	7
4718	#FFFFFF	#D3D3D3	7
4719	#FFFFFF	#D3D3D3	7
4720	#FFFFFF	#D3D3D3	7
4721	#FFFFFF	#D3D3D3	7
4722	#FFFFFF	#D3D3D3	7
4723	#FFFFFF	#D3D3D3	7
4724	#FFFFFF	#D3D3D3	7
4725	#FFFFFF	#D3D3D3	7
4726	#FFFFFF	#D3D3D3	7
4727	#FFFFFF	#D3D3D3	7
4728	#FFFFFF	#D3D3D3	7
4729	#FFFFFF	#D3D3D3	7
4730	#FFFFFF	#D3D3D3	7
4731	#FFFFFF	#D3D3D3	109
4732	#FFFFFF	#D3D3D3	7
4733	#FFFFFF	#D3D3D3	7
4734	#FFFFFF	#D3D3D3	7
4735	#FFFFFF	#D3D3D3	7
4736	#FFFFFF	#D3D3D3	109
4737	#FFFFFF	#D3D3D3	109
4738	#FFFFFF	#D3D3D3	109
4739	#FFFFFF	#D3D3D3	109
4740	#FFFFFF	#D3D3D3	109
4741	#FFFFFF	#D3D3D3	7
4742	#FFFFFF	#D3D3D3	7
4743	#FFFFFF	#D3D3D3	7
4744	#FFFFFF	#D3D3D3	7
4745	#FFFFFF	#D3D3D3	7
4746	#FFFFFF	#D3D3D3	7
4747	#FFFFFF	#D3D3D3	7
4748	#FFFFFF	#D3D3D3	7
4749	#FFFFFF	#D3D3D3	7
4750	#FFFFFF	#D3D3D3	7
4751	#FFFFFF	#D3D3D3	7
4752	#FFFFFF	#D3D3D3	7
4753	#FFFFFF	#D3D3D3	7
4754	#FFFFFF	#D3D3D3	7
4755	#FFFFFF	#D3D3D3	7
4756	#FFFFFF	#D3D3D3	7
4757	#FFFFFF	#D3D3D3	7
4758	#FFFFFF	#D3D3D3	7
4759	#FFFFFF	#D3D3D3	7
4760	#FFFFFF	#D3D3D3	7
4761	#FFFFFF	#D3D3D3	7
4762	#FFFFFF	#D3D3D3	7
4763	#FFFFFF	#D3D3D3	7
4764	#FFFFFF	#D3D3D3	7
4765	#FFFFFF	#D3D3D3	7
4766	#FFFFFF	#D3D3D3	7
4767	#FFFFFF	#D3D3D3	7
4768	#FFFFFF	#D3D3D3	7
4769	#FFFFFF	#D3D3D3	7
4770	#FFFFFF	#D3D3D3	7
4771	#FFFFFF	#D3D3D3	7
4772	#FFFFFF	#D3D3D3	7
4773	#FFFFFF	#D3D3D3	7
4774	#FFFFFF	#D3D3D3	7
4775	#FFFFFF	#D3D3D3	7
4776	#FFFFFF	#D3D3D3	7
4777	#FFFFFF	#D3D3D3	7
4778	#FFFFFF	#D3D3D3	7
4779	#FFFFFF	#D3D3D3	7
4780	#FFFFFF	#D3D3D3	7
4781	#FFFFFF	#D3D3D3	109
4782	#FFFFFF	#D3D3D3	109
4783	#FFFFFF	#D3D3D3	7
4784	#FFFFFF	#D3D3D3	7
4785	#FFFFFF	#D3D3D3	7
4786	#FFFFFF	#D3D3D3	109
4787	#FFFFFF	#D3D3D3	109
4788	#FFFFFF	#D3D3D3	109
4789	#FFFFFF	#D3D3D3	109
4790	#FFFFFF	#D3D3D3	7
4791	#FFFFFF	#D3D3D3	7
4792	#FFFFFF	#D3D3D3	109
4793	#FFFFFF	#D3D3D3	109
4794	#FFFFFF	#D3D3D3	7
4795	#FFFFFF	#D3D3D3	7
4796	#FFFFFF	#D3D3D3	7
4797	#FFFFFF	#D3D3D3	7
4798	#FFFFFF	#D3D3D3	7
4799	#FFFFFF	#D3D3D3	7
4800	#FFFFFF	#D3D3D3	7
4801	#FFFFFF	#D3D3D3	7
4802	#FFFFFF	#D3D3D3	7
4803	#FFFFFF	#D3D3D3	7
4804	#FFFFFF	#D3D3D3	7
4805	#FFFFFF	#D3D3D3	7
4806	#FFFFFF	#D3D3D3	7
4807	#FFFFFF	#D3D3D3	7
4808	#FFFFFF	#D3D3D3	7
4809	#FFFFFF	#D3D3D3	7
4810	#FFFFFF	#D3D3D3	7
4811	#FFFFFF	#D3D3D3	7
4812	#FFFFFF	#D3D3D3	7
4813	#FFFFFF	#D3D3D3	7
4814	#FFFFFF	#D3D3D3	7
4815	#FFFFFF	#D3D3D3	7
4816	#FFFFFF	#D3D3D3	7
4817	#FFFFFF	#D3D3D3	7
4818	#FFFFFF	#D3D3D3	7
4819	#FFFFFF	#D3D3D3	7
4820	#FFFFFF	#D3D3D3	7
4821	#FFFFFF	#D3D3D3	7
4822	#FFFFFF	#D3D3D3	7
4823	#FFFFFF	#D3D3D3	7
4824	#FFFFFF	#D3D3D3	7
4825	#FFFFFF	#D3D3D3	7
4826	#FFFFFF	#D3D3D3	7
4827	#FFFFFF	#D3D3D3	7
4828	#FFFFFF	#D3D3D3	7
4829	#FFFFFF	#D3D3D3	7
4830	#FFFFFF	#D3D3D3	7
4831	#FFFFFF	#D3D3D3	7
4832	#FFFFFF	#D3D3D3	109
4833	#FFFFFF	#D3D3D3	7
4834	#FFFFFF	#D3D3D3	7
4835	#FFFFFF	#D3D3D3	7
4836	#FFFFFF	#D3D3D3	109
4837	#FFFFFF	#D3D3D3	109
4838	#FFFFFF	#D3D3D3	7
4839	#FFFFFF	#D3D3D3	109
4840	#FFFFFF	#D3D3D3	7
4841	#FFFFFF	#D3D3D3	7
4842	#FFFFFF	#D3D3D3	7
4843	#FFFFFF	#D3D3D3	109
4844	#FFFFFF	#D3D3D3	7
4845	#FFFFFF	#D3D3D3	7
4846	#FFFFFF	#D3D3D3	7
4847	#FFFFFF	#D3D3D3	7
4848	#FFFFFF	#D3D3D3	7
4849	#FFFFFF	#D3D3D3	7
4850	#FFFFFF	#D3D3D3	7
4851	#FFFFFF	#D3D3D3	7
4852	#FFFFFF	#D3D3D3	7
4853	#FFFFFF	#D3D3D3	7
4854	#FFFFFF	#D3D3D3	7
4855	#FFFFFF	#D3D3D3	7
4856	#FFFFFF	#D3D3D3	7
4857	#FFFFFF	#D3D3D3	7
4858	#FFFFFF	#D3D3D3	7
4859	#FFFFFF	#D3D3D3	7
4860	#FFFFFF	#D3D3D3	7
4861	#FFFFFF	#D3D3D3	7
4862	#FFFFFF	#D3D3D3	7
4863	#FFFFFF	#D3D3D3	7
4864	#FFFFFF	#D3D3D3	7
4865	#FFFFFF	#D3D3D3	7
4866	#FFFFFF	#D3D3D3	7
4867	#FFFFFF	#D3D3D3	7
4868	#FFFFFF	#D3D3D3	7
4869	#FFFFFF	#D3D3D3	7
4870	#FFFFFF	#D3D3D3	7
4871	#FFFFFF	#D3D3D3	7
4872	#FFFFFF	#D3D3D3	7
4873	#FFFFFF	#D3D3D3	7
4874	#FFFFFF	#D3D3D3	7
4875	#FFFFFF	#D3D3D3	7
4876	#FFFFFF	#D3D3D3	7
4877	#FFFFFF	#D3D3D3	7
4878	#FFFFFF	#D3D3D3	7
4879	#FFFFFF	#D3D3D3	7
4880	#FFFFFF	#D3D3D3	7
4881	#FFFFFF	#D3D3D3	7
4882	#FFFFFF	#D3D3D3	109
4883	#FFFFFF	#D3D3D3	7
4884	#FFFFFF	#D3D3D3	7
4885	#FFFFFF	#D3D3D3	109
4886	#FFFFFF	#D3D3D3	7
4887	#FFFFFF	#D3D3D3	109
4888	#FFFFFF	#D3D3D3	109
4889	#FFFFFF	#D3D3D3	7
4890	#FFFFFF	#D3D3D3	7
4891	#FFFFFF	#D3D3D3	7
4892	#FFFFFF	#D3D3D3	7
4893	#FFFFFF	#D3D3D3	7
4894	#FFFFFF	#D3D3D3	109
4895	#FFFFFF	#D3D3D3	7
4896	#FFFFFF	#D3D3D3	7
4897	#FFFFFF	#D3D3D3	7
4898	#FFFFFF	#D3D3D3	7
4899	#FFFFFF	#D3D3D3	7
4900	#FFFFFF	#D3D3D3	7
4901	#FFFFFF	#D3D3D3	7
4902	#FFFFFF	#D3D3D3	7
4903	#FFFFFF	#D3D3D3	7
4904	#FFFFFF	#D3D3D3	7
4905	#FFFFFF	#D3D3D3	7
4906	#FFFFFF	#D3D3D3	7
4907	#FFFFFF	#D3D3D3	7
4908	#FFFFFF	#D3D3D3	7
4909	#FFFFFF	#D3D3D3	7
4910	#FFFFFF	#D3D3D3	7
4911	#FFFFFF	#D3D3D3	7
4912	#FFFFFF	#D3D3D3	7
4913	#FFFFFF	#D3D3D3	7
4914	#FFFFFF	#D3D3D3	7
4915	#FFFFFF	#D3D3D3	7
4916	#FFFFFF	#D3D3D3	7
4917	#FFFFFF	#D3D3D3	7
4918	#FFFFFF	#D3D3D3	7
4919	#FFFFFF	#D3D3D3	7
4920	#FFFFFF	#D3D3D3	7
4921	#FFFFFF	#D3D3D3	7
4922	#FFFFFF	#D3D3D3	7
4923	#FFFFFF	#D3D3D3	7
4924	#FFFFFF	#D3D3D3	7
4925	#FFFFFF	#D3D3D3	7
4926	#FFFFFF	#D3D3D3	7
4927	#FFFFFF	#D3D3D3	7
4928	#FFFFFF	#D3D3D3	7
4929	#FFFFFF	#D3D3D3	7
4930	#FFFFFF	#D3D3D3	7
4931	#FFFFFF	#D3D3D3	7
4932	#FFFFFF	#D3D3D3	109
4933	#FFFFFF	#D3D3D3	109
4934	#FFFFFF	#D3D3D3	109
4935	#FFFFFF	#D3D3D3	7
4936	#FFFFFF	#D3D3D3	109
4937	#FFFFFF	#D3D3D3	109
4938	#FFFFFF	#D3D3D3	109
4939	#FFFFFF	#D3D3D3	7
4940	#FFFFFF	#D3D3D3	7
4941	#FFFFFF	#D3D3D3	7
4942	#FFFFFF	#D3D3D3	7
4943	#FFFFFF	#D3D3D3	7
4944	#FFFFFF	#D3D3D3	109
4945	#FFFFFF	#D3D3D3	7
4946	#FFFFFF	#D3D3D3	7
4947	#FFFFFF	#D3D3D3	7
4948	#FFFFFF	#D3D3D3	7
4949	#FFFFFF	#D3D3D3	7
4950	#FFFFFF	#D3D3D3	7
4951	#FFFFFF	#D3D3D3	7
4952	#FFFFFF	#D3D3D3	7
4953	#FFFFFF	#D3D3D3	7
4954	#FFFFFF	#D3D3D3	7
4955	#FFFFFF	#D3D3D3	7
4956	#FFFFFF	#D3D3D3	7
4957	#FFFFFF	#D3D3D3	7
4958	#FFFFFF	#D3D3D3	7
4959	#FFFFFF	#D3D3D3	7
4960	#FFFFFF	#D3D3D3	7
4961	#FFFFFF	#D3D3D3	7
4962	#FFFFFF	#D3D3D3	7
4963	#FFFFFF	#D3D3D3	7
4964	#FFFFFF	#D3D3D3	7
4965	#FFFFFF	#D3D3D3	7
4966	#FFFFFF	#D3D3D3	7
4967	#FFFFFF	#D3D3D3	7
4968	#FFFFFF	#D3D3D3	7
4969	#FFFFFF	#D3D3D3	7
4970	#FFFFFF	#D3D3D3	7
4971	#FFFFFF	#D3D3D3	7
4972	#FFFFFF	#D3D3D3	7
4973	#FFFFFF	#D3D3D3	7
4974	#FFFFFF	#D3D3D3	7
4975	#FFFFFF	#D3D3D3	7
4976	#FFFFFF	#D3D3D3	7
4977	#FFFFFF	#D3D3D3	7
4978	#FFFFFF	#D3D3D3	7
4979	#FFFFFF	#D3D3D3	7
4980	#FFFFFF	#D3D3D3	7
4981	#FFFFFF	#D3D3D3	7
4982	#FFFFFF	#D3D3D3	7
4983	#FFFFFF	#D3D3D3	109
4984	#FFFFFF	#D3D3D3	109
4985	#FFFFFF	#D3D3D3	7
4986	#FFFFFF	#D3D3D3	109
4987	#FFFFFF	#D3D3D3	109
4988	#FFFFFF	#D3D3D3	109
4989	#FFFFFF	#D3D3D3	7
4990	#FFFFFF	#D3D3D3	109
4991	#FFFFFF	#D3D3D3	7
4992	#FFFFFF	#D3D3D3	7
4993	#FFFFFF	#D3D3D3	7
4994	#FFFFFF	#D3D3D3	109
4995	#FFFFFF	#D3D3D3	109
4996	#FFFFFF	#D3D3D3	7
4997	#FFFFFF	#D3D3D3	7
4998	#FFFFFF	#D3D3D3	7
4999	#FFFFFF	#D3D3D3	7
5000	#FFFFFF	#D3D3D3	7
5001	#FFFFFF	#D3D3D3	7
5002	#FFFFFF	#D3D3D3	7
5003	#FFFFFF	#D3D3D3	7
5004	#FFFFFF	#D3D3D3	7
5005	#FFFFFF	#D3D3D3	7
5006	#FFFFFF	#D3D3D3	7
5007	#FFFFFF	#D3D3D3	7
5008	#FFFFFF	#D3D3D3	7
5009	#FFFFFF	#D3D3D3	7
5010	#FFFFFF	#D3D3D3	7
5011	#FFFFFF	#D3D3D3	7
5012	#FFFFFF	#D3D3D3	7
5013	#FFFFFF	#D3D3D3	7
5014	#FFFFFF	#D3D3D3	7
5015	#FFFFFF	#D3D3D3	7
5016	#FFFFFF	#D3D3D3	7
5017	#FFFFFF	#D3D3D3	7
5018	#FFFFFF	#D3D3D3	7
5019	#FFFFFF	#D3D3D3	7
5020	#FFFFFF	#D3D3D3	7
5021	#FFFFFF	#D3D3D3	7
5022	#FFFFFF	#D3D3D3	7
5023	#FFFFFF	#D3D3D3	7
5024	#FFFFFF	#D3D3D3	7
5025	#FFFFFF	#D3D3D3	7
5026	#FFFFFF	#D3D3D3	7
5027	#FFFFFF	#D3D3D3	7
5028	#FFFFFF	#D3D3D3	7
5029	#FFFFFF	#D3D3D3	7
5030	#FFFFFF	#D3D3D3	7
5031	#FFFFFF	#D3D3D3	7
5032	#FFFFFF	#D3D3D3	7
5033	#FFFFFF	#D3D3D3	7
5034	#FFFFFF	#D3D3D3	109
5035	#FFFFFF	#D3D3D3	109
5036	#FFFFFF	#D3D3D3	7
5037	#FFFFFF	#D3D3D3	109
5038	#FFFFFF	#D3D3D3	109
5039	#FFFFFF	#D3D3D3	109
5040	#FFFFFF	#D3D3D3	109
5041	#FFFFFF	#D3D3D3	109
5042	#FFFFFF	#D3D3D3	109
5043	#FFFFFF	#D3D3D3	7
5044	#FFFFFF	#D3D3D3	109
5045	#FFFFFF	#D3D3D3	109
5046	#FFFFFF	#D3D3D3	7
5047	#FFFFFF	#D3D3D3	7
5048	#FFFFFF	#D3D3D3	7
5049	#FFFFFF	#D3D3D3	7
5050	#FFFFFF	#D3D3D3	7
5051	#FFFFFF	#D3D3D3	7
5052	#FFFFFF	#D3D3D3	7
5053	#FFFFFF	#D3D3D3	7
5054	#FFFFFF	#D3D3D3	7
5055	#FFFFFF	#D3D3D3	7
5056	#FFFFFF	#D3D3D3	7
5057	#FFFFFF	#D3D3D3	7
5058	#FFFFFF	#D3D3D3	7
5059	#FFFFFF	#D3D3D3	7
5060	#FFFFFF	#D3D3D3	7
5061	#FFFFFF	#D3D3D3	7
5062	#FFFFFF	#D3D3D3	7
5063	#FFFFFF	#D3D3D3	7
5064	#FFFFFF	#D3D3D3	7
5065	#FFFFFF	#D3D3D3	7
5066	#FFFFFF	#D3D3D3	7
5067	#FFFFFF	#D3D3D3	7
5068	#FFFFFF	#D3D3D3	7
5069	#FFFFFF	#D3D3D3	7
5070	#FFFFFF	#D3D3D3	7
5071	#FFFFFF	#D3D3D3	7
5072	#FFFFFF	#D3D3D3	7
5073	#FFFFFF	#D3D3D3	7
5074	#FFFFFF	#D3D3D3	7
5075	#FFFFFF	#D3D3D3	7
5076	#FFFFFF	#D3D3D3	7
5077	#FFFFFF	#D3D3D3	7
5078	#FFFFFF	#D3D3D3	7
5079	#FFFFFF	#D3D3D3	7
5080	#FFFFFF	#D3D3D3	7
5081	#FFFFFF	#D3D3D3	7
5082	#FFFFFF	#D3D3D3	7
5083	#FFFFFF	#D3D3D3	7
5084	#FFFFFF	#D3D3D3	109
5085	#FFFFFF	#D3D3D3	109
5086	#FFFFFF	#D3D3D3	7
5087	#FFFFFF	#D3D3D3	109
5088	#FFFFFF	#D3D3D3	109
5089	#FFFFFF	#D3D3D3	109
5090	#FFFFFF	#D3D3D3	109
5091	#FFFFFF	#D3D3D3	109
5092	#FFFFFF	#D3D3D3	109
5093	#FFFFFF	#D3D3D3	7
5094	#FFFFFF	#D3D3D3	7
5095	#FFFFFF	#D3D3D3	109
5096	#FFFFFF	#D3D3D3	109
5097	#FFFFFF	#D3D3D3	7
5098	#FFFFFF	#D3D3D3	7
5099	#FFFFFF	#D3D3D3	7
5100	#FFFFFF	#D3D3D3	7
5101	#FFFFFF	#D3D3D3	7
