x	y
0.365797749259746	0.15029510416954
-0.26050123433033	0.131519082409796
0.671422211026953	0.33472577676997
-2.94720125929596	0.646055459499367
0.061698863167424	0.023890625298551
-0.18438336931455	0.0790808605857554
0.21191044672147	0.113836877487231
-0.568435128141284	0.350055756569714
-0.184617640808077	0.0791844639739394
-0.516625938445608	0.17859542475739
1.30832400447743	0.79777889706228
-0.078745871602922	0.0353461577361168
-0.18415862804278	0.0789451749084822
-1.12702728560379	0.7237887552699
-0.327230659220978	0.129567376802136
-0.731943567101129	0.441217944876616
-0.100696563025694	0.0535453328515396
-1.27056950611993	0.885278385976038
-0.788464314880281	0.414424326723021
-0.788455095258988	0.414291169728785
0.0479444191794637	0.0241924711034532
0.399202363897532	0.355292174079647
0.0582763554672756	0.0368069769508534
-0.981373927907795	0.890781296672914
1.34298968142901	1.01511461811393
-0.105015388977172	0.0291873412061693
0.6070937235966	0.368145307451031
0.061698863167424	0.023890625298551
-0.967920770914226	0.56691647468837
2.56472258519417	2.4341028853829
-0.877084922463205	0.577091573709713
0.0833312993184489	0.0557999793428451
-0.119250446938597	0.0728158948761668
0.779545625275952	0.875803783085334
0.671349782242457	0.334563833199289
-0.00761497811460606	0.00250433676554653
0.606854759600209	0.367937503742949
-0.578932087841688	0.267346135716811
0.061698863167424	0.023890625298551
0.853127837722916	0.547021736367706
0.79649870309776	0.546379576538645
-0.449135500418274	0.406727017840938
-0.224203491251128	0.149157174432024
0.584675168308242	0.379860425930649
0.373310366844819	0.176356716153452
-0.967808404594	0.566591842753788
0.632037639398118	0.352531037221759
-0.171802851269498	0.10292209404379
0.398895517433152	0.277116160983013
1.04427939074659	0.754117796960099
1.11237126320517	0.937446712499808
-0.701832486364182	0.471016343360915
0.632037639398118	0.352531037221759
1.30829511341016	0.797784880803241
0.92885983384937	0.544922254106109
-0.967913118768585	0.566880494409038
-1.24547453340429	1.02198841912545
-1.27038470831303	0.884666905678582
-0.18438336931455	0.0790808605857554
0.211956415974128	0.113885749261243
-0.686670269083675	0.508235697146491
0.546803549672268	0.399551531032605
0.631819214311294	0.352378760345744
0.956055118653698	0.344844233810228
0.928880311944051	0.545314341145758
0.671538371030747	0.334855559136084
0.38741809871021	0.203620033078419
0.671494664560962	0.334807235682389
1.59531981162322	0.85527743277059
0.0617424742393982	0.0239084459082885
-0.788101962939554	0.414130609919789
0.116428702122489	0.0682030568622803
-0.665584753500923	0.583875515619935
-1.12680276458926	0.723836733698945
-0.100816832775804	0.0536002148514574
-0.968040626027814	0.567014988604947
0.963447321374807	0.737010024602681
0.606840474184464	0.368014046586871
2.67779426210929	1.64599318128183
-0.877107195262802	0.577129826927392
-0.00960734068957699	0.0031599304332452
-0.167754090883061	0.0869546539632337
0.852939962809722	0.546934303038246
-0.877084922463205	0.577091573709713
-0.472131338862803	0.329112025572246
0.399341590468961	0.340466495573061
-0.00805140487359465	0.0051886014355024
-1.54106867923734	1.51427657395926
1.26775514367867	1.31681679420971
-0.260314528745779	0.131393590854783
0.796758858939742	0.546408366319284
0.750898958716416	0.546360004087353
1.29035320892594	0.361169722228799
0.128844798984404	0.0572090254928978
0.40402043752692	0.139945751112398
0.956055118653698	0.344844233810228
0.365797211168257	0.150339977566715
0.365796592364056	0.150347828566248
0.852603356643729	0.546367286270961
0.671465868796485	0.334774054050095
1.83336693612216	1.14029284382219
-0.327440587999834	0.129669435996948
0.584713362680071	0.379926319520258
-0.104360815899979	0.0290077066781166
0.440513946717843	0.120393291309023
-0.848554588996423	0.353709685597233
-0.260249986440471	0.131363174492885
-0.260249986440471	0.131363174492885
-0.327335550717987	0.129625546394617
-0.104360815899979	0.0290077066781166
0.365902525614416	0.150379543777498
0.0616411970429332	0.0238594640581304
0.373063689449818	0.176309167899013
1.31601382519203	0.589391230638723
1.21244477210216	0.971348728509458
-0.568435128141284	0.350055756569714
0.852871940568314	0.546825607663817
0.128617894345499	0.0571115897629187
-0.571743456153145	0.312557694105377
0.372838340462595	0.176172443452236
-1.74073522297658	1.57544128714462
-0.788222961863263	0.414264406349458
-1.04470164881043	0.875080672215587
0.128739954381237	0.0571706971446716
-0.391603095504156	0.191462066890932
2.17513790583725	0.973023061087874
-0.104360815899979	0.0290077066781166
1.83326228442444	1.14063930125445
0.765543409119394	0.331916984826515
0.5469750709594	0.399657450057087
-0.260422454505934	0.131473076198748
0.0857166974560899	0.0467505479059537
0.512679185136285	0.436374121324942
-0.100704209772987	0.0535537703395433
1.05626488614213	0.549849792880685
0.671494664560962	0.334807235682389
0.387022529021116	0.203292291705112
0.211835479388691	0.113803455060704
-0.260329029925159	0.131417764875266
-0.701923815248982	0.471043419126657
0.250684905061533	0.155242539654961
0.365689296245304	0.150222009642495
0.178408925233274	0.0879707492156317
2.41128257611765	2.109400698967
0.250750575245472	0.155274432661127
0.632063967493426	0.352484678840578
1.30822273219915	0.797691987551502
-0.00866762541139504	0.00285038216826518
0.963545976406489	0.737152407988497
-1.70879722635315	1.86257836451296
-2.54143033420223	1.70645519996906
0.631801930370392	0.352266186569217
0.632160133035675	0.352652701983811
1.15037020306817	0.774437355317741
-1.12691507044464	0.723963263011774
1.05626564904319	0.549859734255288
-0.0784905995673504	0.035215212554511
2.0353149162692	2.30506608390823
0.178596309255561	0.0880509577055597
0.396197438898127	0.226365511940548
-2.54142632055543	1.70634447566283
0.764370521412146	0.331143915642908
-1.32938572253344	0.733074998982863
1.05637042484898	0.549937742703155
-0.391724305318784	0.191524028484181
-1.32938572253344	0.733074998982863
-0.0789466320583325	0.0354412383139809
-1.96467671705873	0.956602614744049
-0.70202286531155	0.470963379535774
-0.352151042468857	0.276770034261269
-0.968160264279937	0.567066206054291
0.398630197161081	0.276859229197656
-0.517010624683618	0.178709666938849
0.12874862606073	0.0571671158579758
-0.968152752066219	0.567121503023109
0.764486778123062	0.331447869942357
0.396219281155119	0.226374014114269
-1.35563614408753	0.474557097061527
-0.571612713488628	0.312477898458969
2.82863748984109	3.07275568407446
0.178502584419716	0.0880150507571391
-0.26050123433033	0.131519082409796
0.396197438898127	0.226365511940548
-0.422384984558512	0.236709053249403
0.804103664450783	0.712329932588179
1.14979360014843	0.773743447762429
0.387592918851795	0.203717843721853
0.366007693694073	0.150381473436448
0.928880311944051	0.545314341145758
-2.19327744226801	1.21110610442507
-1.40186461371808	1.05084714160718
0.584713362680071	0.379926319520258
0.387524745750924	0.203731359245904
-0.568610257004336	0.350145393866422
0.264658266871447	0.174547011346903
1.3082516470813	0.797772341886517
-0.105015388977172	0.0291873412061693
-0.104360815899979	0.0290077066781166
-1.68694899077746	0.703952762450668
0.632046398741327	0.352597545210657
1.31665444033133	0.59000828848376
-1.68718740077762	0.704071354649794
-0.391837132279878	0.191577190293029
0.403632537227691	0.139839884189156
-0.578975115762517	0.267390226446819
0.95671106671777	0.345047173325076
-3.48261171098015	0.919665246937834
2.17481039900902	0.972748943138888
-0.422277886081322	0.236628606264027
0.0618149550089233	0.0239347187925616
-0.391957975436554	0.191620519285313
0.396132754922445	0.226326677718278
-0.89005388557204	0.758387165212466
0.211934111461218	0.113871149144747
0.928757462515204	0.545183921949788
0.128504583636049	0.0570536698492632
0.372705457589149	0.176103244649458
-0.0788395206722486	0.0353837508560663
0.606732450583422	0.367923078259537
0.606920023753657	0.368081471821074
-0.578902974009509	0.267254122102802
-1.13154295188984	0.867783868580836
-1.35626224425971	0.474875835650706
0.631810563958237	0.352386442821737
1.03215523791142	0.911235583775859
1.30820827665872	0.79742393937989
-0.00644545665449463	0.00359665357555265
0.533208825612179	0.411146860046541
0.804029465539626	0.712392747137759
0.53323209335637	0.411160796994751
0.399583361571094	0.325359390748264
0.764809448292814	0.331596623912213
-1.68657752983501	0.703681756485321
0.764164037484612	0.331138547182105
0.764486778123062	0.331447869942357
0.533185558195406	0.411110623257971
0.564152751246519	0.389471809180536
-0.472070889856049	0.329070387884181
-0.100719535592776	0.0535595262511556
-0.686670269083675	0.508235697146491
0.0617712952826897	0.0239168790122259
-0.701794275583271	0.470910260347338
-0.579018048486102	0.267409454362904
0.0858222138874829	0.0468112400675287
1.05626404211288	0.549767797036242
-0.327336309025416	0.12958353525551
-0.876978541060634	0.576712431640606
-0.327230881004658	0.129566059642725
-0.57332012496169	0.392249174858518
-0.0786652342337771	0.0353041509350032
0.38733733715432	0.203585026748655
1.15026509610464	0.774341633185776
1.31614618941119	0.58941996665963
1.21235899265637	0.971148479720349
0.21178923311276	0.113786657240428
-0.0490728158822873	0.0267618346413515
-1.04445204539498	0.874915515762286
-0.413900585107279	0.321072021268116
1.31690798760239	0.590129049397097
-0.184607743758422	0.0791560168022034
0.631697168006785	0.35225745754692
-0.788222961863263	0.414264406349458
0.366007310144161	0.150389420387711
0.763957208446354	0.331045765272962
1.30843995015035	0.79769982874826
-0.391481666646295	0.191384943509599
-0.235237583424851	0.13791980571296
0.398780818069297	0.260842436667706
-0.100629944992226	0.0535126365530659
0.128609310588168	0.0570988901799906
-0.788473517099805	0.414356124603627
-0.848235856286303	0.353414829103439
-1.67011975493959	1.1212219569525
-0.422406153924719	0.236701653650632
1.05637163360447	0.549884852122293
-1.35672844137063	0.47506664569878
1.49720320947363	1.4302235810709
-1.81226068169386	1.31362119752981
-0.472145435547435	0.32911333829104
-0.0789404054704349	0.0354352126325418
0.968642247901215	0.894627010363366
0.546803549672268	0.399551531032605
0.399720762046032	0.245300880797733
0.0479999827246408	0.0242054571621355
0.671523484063149	0.334704051901253
0.178142816773624	0.0878120900805318
0.403377677871532	0.139736809774786
0.128504583636049	0.0570536698492632
-0.00471351223080486	0.00218494087160831
0.128496054262865	0.0570471936487537
0.0617712952826897	0.0239168790122259
0.178661665260978	0.0880903270670572
0.928870064051347	0.54523415602611
1.29047191149383	0.361322640689658
-3.48219873584491	0.919655084022901
0.448931724883838	0.0872096407569261
-0.0081408866142675	0.00267744478079309
-0.391716070497778	0.191515317219743
-1.11459571417205	0.540895302433044
0.764693051385642	0.33154041613148
0.67150962292298	0.334766898185218
-0.00469223554792906	0.00217704265702508
-1.2705849386164	0.884874460944387
2.1745030772457	0.97257047022004
-0.968033043844823	0.567023112730889
0.387699641114235	0.203810552040452
1.52772243101706	1.06654333577132
-0.00846262185640431	0.00278126286689462
1.59523209103657	0.85484348382563
0.546631934992591	0.399314019131632
-0.877149112430242	0.577216000555005
-0.0789466320583325	0.0354412383139809
0.963538022937797	0.737057787372522
-0.825045854923464	0.599435065359958
-0.0492043746930338	0.0268267019025782
-0.0783292059263208	0.0604785756480132
0.116284536468204	0.0681178066573984
1.04434466175505	0.754284813205743
1.36215994324786	1.1972387166861
-0.517899147573227	0.179109173088448
0.0618587111049973	0.0239501477339738
0.852578047540458	0.546281788059908
-0.18485131374827	0.0792610028696062
-0.173834967445948	0.117615183798292
1.48111575292373	1.58971426281971
0.276687851535201	0.193548878671475
0.674798734663243	0.730950141111018
0.671712173998995	0.334763248373849
0.0618149550089233	0.0239347187925616
-0.788464314880281	0.414424326723021
1.03239365501272	0.911359038493359
0.681148814685048	0.550507144497065
0.533282989455813	0.411145444164639
0.399627772921381	0.340663430261734
0.211849784137663	0.11382783840282
-0.701832486364182	0.471016343360915
0.264959850959692	0.174624337109196
1.08182647060609	1.08359435101845
1.04401285919836	0.753591006608618
0.632055174789326	0.352583555456159
-1.51128399880157	0.927879913676698
-0.576929031712178	0.434123875810332
0.607079602467905	0.368102950443178
1.31704077902752	0.589986987289273
1.79947832182481	1.77558984014841
-0.0491385627932144	0.0267957601177499
-0.212749763020469	0.172618826538707
0.0854786109845643	0.0466093321343159
0.63543755037969	0.564789288279985
-0.78812077431086	0.414038094571237
-0.847833196182046	0.353207340512575
0.632177810904669	0.352614000083049
0.584705454785635	0.379865393865165
0.372828104257578	0.176187601416706
0.128382892136535	0.0569893614731727
-0.00484279931117502	0.00224682304483335
0.365901442885752	0.150373308319952
0.0857828642932185	0.0467786521757069
-0.184505553212383	0.0791373504854963
-0.171937931217338	0.103046922596437
0.898511215036685	0.72345451589888
0.0617277318050226	0.0238966037879039
-0.327336309025416	0.12958353525551
-0.686906702044741	0.508417242046547
0.0856504615516148	0.0467163223346054
-0.422406829788458	0.236695706877833
-0.00866762541139504	0.00285038216826518
-0.825240015986526	0.599593248021543
0.163479839725159	0.108734620174476
0.658537797033408	0.737977904459406
-0.766388829064612	0.663040642355053
0.0833969394353422	0.0558492320351235
-0.265544969074455	0.194079507040414
0.779632252354112	0.876035374220368
0.387350306201344	0.203615179010527
0.402989430804172	0.139588222045671
-0.73236345422613	0.441536831391427
0.671610898104777	0.334894991105506
-0.0787328393819667	0.0353418953097744
0.63229174929066	0.352703851644874
0.0855047295225229	0.0466274822827962
-0.235224426170279	0.137909137164948
1.29047191149383	0.361322640689658
0.403377677871532	0.139736809774786
-0.00887297177040951	0.00291884997088316
2.59830808808347	0.565621890602798
-0.952502610189603	0.272824202108595
-1.51116602461278	0.927694205065401
-1.67012581591828	1.12164825399542
0.853127837722916	0.547021736367706
-0.00887297177040951	0.00291884997088316
-4.18692465030888	1.51167343819974
-1.35672844137063	0.47506664569878
-0.327440212159224	0.129629361099382
0.402989430804172	0.139588222045671
1.0439984206623	0.753790274969522
-0.327441044350617	0.12966822779127
0.403632537227691	0.139839884189156
2.23875797668097	1.77831162336746
0.898413882526757	0.723276956405637
0.129098587708665	0.0573264026873503
-0.967920770914226	0.56691647468837
0.234224666727355	0.135543204546346
0.632046398741327	0.352597545210657
-0.171891600284617	0.103013652092688
0.264681545443047	0.174556420254131
-0.00464925692511027	0.00215784838081213
-0.951401566537421	0.272432782475208
-2.19242126769198	1.21041099953334
-0.327230881004658	0.129566059642725
0.956540565542805	0.344960841267334
-1.66977528703673	1.12111994742345
0.23410444750179	0.135473731879832
0.163567331227734	0.108757004320678
0.804029465539626	0.712392747137759
0.439871247620891	0.120233355559156
-0.00866762541139504	0.00285038216826518
0.680990250676709	0.550269762703352
0.399376069541122	0.293331873832305
0.211956415974128	0.113885749261243
-0.260643612510176	0.131525867352357
-0.314867405965761	0.180451526135702
0.128496054262865	0.0570471936487537
-0.321991901170692	0.23185171155015
0.264560847393479	0.174447546966387
2.45265512874046	1.302355134432
-0.952135059882499	0.272770263417896
-0.1677999628795	0.0869603914444103
0.399660064812808	0.245317382260872
1.83315696625911	1.14006341558602
0.449356737420673	0.0873001538306624
0.607107860141163	0.368108325103569
0.853021070490942	0.546910029300553
0.250513390435162	0.155108504066862
-1.13147421927421	0.867563171264953
-1.96417843831088	0.956262812874776
-3.48240509937676	0.919800644574475
-0.848554588996423	0.353709685597233
0.764370521412146	0.331143915642908
-0.406653408801407	0.0912540543799087
0.765221229893607	0.331833236925771
0.440364661588217	0.120386763104114
1.05637042484898	0.549937742703155
0.956055118653698	0.344844233810228
1.03224778068107	0.911308684661655
-0.84751494297264	0.353113627072122
-0.103877372062926	0.0288628201081387
0.852965692838688	0.546844532922721
0.0616264557748945	0.0238611614751663
0.373074051711785	0.176294168822822
0.365902946135504	0.150334610547886
-0.686749044698813	0.508320544769257
-0.573043063375869	0.392116283470683
0.163416673168622	0.108685956637582
-0.686643295235763	0.50818911175335
0.104763347283701	0.0740364034986795
1.05089699654927	1.38953028262069
0.938074904675184	1.20216991940453
1.80554775261157	0.656236220945208
0.440628375497016	0.120463053794555
0.9292188329202	0.545205173335839
0.764486778123062	0.331447869942357
0.765221229893607	0.331833236925771
0.128853508420719	0.0572225471771537
1.11253191126054	0.937495750855169
0.372817885836604	0.176161081982385
0.956540565542805	0.344960841267334
1.29047191149383	0.361322640689658
1.31665444033133	0.59000828848376
-0.104191034118389	0.0289508643830017
-1.12704272305866	0.723683093678629
-0.31487529078185	0.180469531977314
-0.951401566537421	0.272432782475208
-0.51764708606635	0.178953973086848
-2.94720125929596	0.646055459499367
-0.00846262185640431	0.00278126286689462
0.928993059852903	0.545364679729449
0.852859024632958	0.546883761518186
-0.184505553212383	0.0791373504854963
-0.579090117832204	0.267455039000505
0.178315331624704	0.0879190895682354
0.178394582455224	0.0879597751455033
-0.573003554697925	0.392024760025173
0.276715120914925	0.193567071549497
-0.391611384485079	0.191440763997525
-0.422234825621056	0.236575732189162
-0.877000493782707	0.576763743067721
0.234029943286015	0.135426106733778
0.396241213616493	0.226364630623662
-2.38053113038207	1.46168604445156
-2.19255723702801	1.21048047914659
0.402989430804172	0.139588222045671
0.365795892718222	0.150333644094674
0.387605725992851	0.203766496048981
0.77987780011777	0.876256126482918
0.398793855759975	0.26086314753592
0.365691013165346	0.150286033986656
0.67150962292298	0.334766898185218
0.366006846139723	0.150375338743401
1.29047191149383	0.361322640689658
0.631932759206064	0.352507886935394
0.512824885374524	0.436647875751912
0.250420937303654	0.155011483456893
0.796391115232239	0.546294317805983
-0.877128198496476	0.577191008258668
-0.167814701890377	0.0869867978736486
-0.171807943033785	0.102948482806925
-0.792089496111302	0.630754759552082
-2.68369725056309	1.94087167157593
0.365691750007034	0.150278237952888
0.769624558410942	0.71323243362851
1.30817931439108	0.797679491776654
0.632168963645606	0.352673317989728
0.387524745750924	0.203731359245904
0.671610898104777	0.334894991105506
2.87962756190305	2.00155204102631
-0.731693153319196	0.440715130124699
-0.824964638019071	0.599304485288219
0.533111348046998	0.410967245492059
-0.66533650241552	0.583130966181742
0.764164037484612	0.331138547182105
0.92885983384937	0.544922254106109
-0.516375129736063	0.178441001382876
-0.327335550717987	0.129625546394617
0.928870064051347	0.54523415602611
-0.701824725138337	0.470945497752617
0.929003379570485	0.54534639567847
0.763957208446354	0.331045765272962
-0.391716070497778	0.191515317219743
-0.327545771414056	0.12969920235071
0.955911405657352	0.344573880945257
0.399640462504326	0.245290629353771
-1.47874151104483	1.64634439621653
-1.93148019477454	1.94719256093145
0.601974708469994	0.582313201123043
0.181445038128079	0.127712516882967
0.399628567246371	0.325392173064836
0.956369823472279	0.34477098044816
2.59836788378482	0.565681354882139
-0.51764708606635	0.178953973086848
0.632055174789326	0.352583555456159
0.0479061058216731	0.0241734985376833
0.402989430804172	0.139588222045671
1.30829511341016	0.797784880803241
0.178488280870952	0.0880114930246788
-0.84751494297264	0.353113627072122
0.955568975584273	0.344510645872178
-0.314867405965761	0.180451526135702
0.387431007706947	0.203668807909657
0.853046680452927	0.54697101885335
-0.100629944992226	0.0535126365530659
-0.0488223758110372	0.0266260448981406
-2.10706742962015	0.378548652882402
-0.184617640808077	0.0791844639739394
1.04390489512587	0.753534877399522
0.0857428988252296	0.0467687674262433
0.632177810904669	0.352614000083049
1.04427939074659	0.754117796960099
1.15024769582178	0.774274178577378
1.72107248767705	1.34710454212271
-0.0489549073535023	0.0266834208406599
-0.00635228232034153	0.00354698853506701
0.264839243230254	0.174643300198965
0.399652120253719	0.245289401469063
0.116284536468204	0.0681178066573984
0.366007310144161	0.150389420387711
-0.314867405965761	0.180451526135702
-0.732207785471608	0.441468073086455
0.533162291103262	0.411050483372526
-0.422428119128095	0.236719234912365
0.656365460204942	0.556840951197036
0.365690195287924	0.15027180821769
-0.00482134538163185	0.00223622028267589
1.03211615560474	0.911081852028009
0.963584205771531	0.737122253083976
-0.787980748731883	0.413953048132144
1.83326228442444	1.14063930125445
1.89203799607982	1.63070166154296
0.128496054262865	0.0570471936487537
0.546816875156251	0.399566848469562
-0.732207785471608	0.441468073086455
0.128984735113373	0.0572744173820523
-0.0790722280030429	0.035486125197876
0.398965812529665	0.261023979914902
0.898346864870289	0.72334506195932
-0.422320938196137	0.236638315029538
2.0353149162692	2.30506608390823
1.89211770711783	1.63150362162291
-0.390034580013	0.276356524288878
0.387699641114235	0.203810552040452
-0.314951765219021	0.180492172724413
-1.27063082055851	0.885275144897396
-0.260329029925159	0.131417764875266
-0.314883095294388	0.18046152778602
-1.52278255804212	1.22046624296924
0.128862234571198	0.0572251923644326
-0.391481666646295	0.191384943509599
0.671465868796485	0.334774054050095
-1.68633971949454	0.703563702264362
-0.327440587999834	0.129669435996948
0.765337900306628	0.331772940313554
0.365902024574029	0.150387445991254
-0.571737584667295	0.312608565413617
0.0480737227852809	0.0242527501457159
-0.897366494334249	0.940086363572764
0.740519481752363	0.716090014627408
-0.26050123433033	0.131519082409796
1.73183908317869	1.91438019217834
0.163586759975438	0.108801348504513
-0.0487047600275729	0.0265488692503066
1.03228811396477	0.911373667372357
0.40402043752692	0.139945751112398
0.0479285507635982	0.0241829353640545
-0.571618661584741	0.312525279780433
-0.00655651078964978	0.00365922616789442
0.956226036647493	0.344930752421141
0.402989430804172	0.139588222045671
-1.11394961846196	0.540358650867839
0.956540565542805	0.344960841267334
-1.40194851214909	1.05050154752164
-0.0789404054704349	0.0354352126325418
0.178488280870952	0.0880114930246788
2.59830808808347	0.565621890602798
-0.104844951344196	0.0291451841025915
-1.35610128709322	0.474818712797072
0.387524745750924	0.203731359245904
0.0619312654853322	0.0239712134895082
-0.103708004302289	0.0288061650208548
1.0439984206623	0.753790274969522
1.52795712428337	1.06638735732902
0.584652914869478	0.379820092954532
0.765221229893607	0.331833236925771
0.387618551364921	0.203775351678185
2.04762898972722	1.45306199877903
0.898361964633212	0.723232568316259
0.196616031972375	0.145843799490633
-0.0629304825227409	0.0444087660735971
0.398918661272857	0.277122050938888
0.658494573908731	0.737733253090352
0.372838340462595	0.176172443452236
1.15458507968611	1.10902660350339
0.750925784738589	0.546494659096437
0.23392497549936	0.135326377822606
0.0480354557534122	0.0242354399961968
0.178394582455224	0.0879597751455033
0.047887776877987	0.0241619538247141
0.403377677871532	0.139736809774786
0.365900780420747	0.150323570811862
1.6194884343927	1.66801648178285
0.39899192284154	0.260983107314941
0.0289568043675961	0.0171732158028847
-0.327230881004658	0.129566059642725
-2.10727742655476	0.3785967871456
2.67798944161738	1.64614786286
-0.0790537403452703	0.0354772309593478
-0.517513875524486	0.178911161319999
0.365902024574029	0.150387445991254
-2.10706742962015	0.378548652882402
0.448931724883838	0.0872096407569261
0.955740311572938	0.344597279041458
0.764486778123062	0.331447869942357
-0.849075640655895	0.353944854479088
-0.848554588996423	0.353709685597233
-0.848034357080434	0.353432748047731
-0.517010624683618	0.178709666938849
1.31640050781925	0.589791315671906
0.44905816517692	0.0872417415102285
-0.578975115762517	0.267390226446819
0.116345045748615	0.0681537780773569
0.485718269491289	0.487179935438427
-0.449470313294104	0.282463449072139
0.141998448683475	0.0888256576774279
-0.131102415469497	0.0900815453227977
-0.934058258791843	0.913876341257033
2.18164216636796	2.20357179777126
0.584751571128831	0.379962887188801
0.44025009120492	0.120379994939149
1.29059040546749	0.361273728188317
0.44013533532887	0.120310143303148
1.31601382519203	0.589391230638723
0.40427466411489	0.14004859743002
1.52783477727406	1.06674636561976
0.852859024632958	0.546883761518186
-0.0788394138547632	0.0353861542623881
2.41049723337081	2.1085652967905
-0.0091951964681284	0.00302330471275721
0.606920023753657	0.368081471821074
0.365902024574029	0.150387445991254
-2.94698077954152	0.645760131429668
0.366006846139723	0.150375338743401
1.14991551077885	0.773906023057076
-0.048928130971809	0.0266820435245928
-0.00477832280722481	0.00221735527016294
0.564406759068027	0.389679472400225
-0.391724305318784	0.191524028484181
1.08194275542764	1.08393865490821
0.972614122268163	1.05491814920312
0.656392640007597	0.556873595673821
0.128513129788498	0.0570429042556451
0.588476358511601	0.591461284241351
-0.471686604177566	0.485555706201639
0.307482314197295	0.261991389648854
-0.00913897326050833	0.00658970720462946
1.36829392314132	1.36354507986644
0.0477829215549356	0.0241051678937605
0.399553130100988	0.245216534651606
0.399457017636477	0.370299903180636
-0.131565664567874	0.0903347717721186
0.276607594746272	0.193486442141265
0.181440973065105	0.12771404261578
0.398819918961831	0.260856352026993
-0.167891044836085	0.0870165131143139
-0.260515813735499	0.131513276350311
-1.54116582767189	1.51538502427765
-1.14272135010516	1.02079220806414
-0.422256203593566	0.236584739055081
1.36838646618932	1.36382581239861
0.928767656287062	0.545207466605494
0.0617136769175722	0.0238943545769967
0.0858222138874829	0.0468112400675287
1.52805974606069	1.06683589829208
2.67849457162714	1.64683181469882
-0.571737584667295	0.312608565413617
3.06620178238792	2.38081479767427
1.7211940026025	1.34718905247286
-1.13164982888242	0.867494853538219
0.399690400102612	0.24532046887855
1.14747931882166	1.74383860621644
-1.09737429445385	1.33618961895253
-0.675032032705243	0.545790526472073
1.12399909653243	1.57543510686963
0.26445394149922	0.174351762604569
0.7964775407151	0.546436206750712
0.712061048069147	0.546653091630455
-0.167852880383599	0.0870058064419345
1.83315696625911	1.14006341558602
0.671494664560962	0.334807235682389
1.59470739222458	0.85474153603705
0.0616411970429332	0.0238594640581304
0.372950968880263	0.176251163954604
0.632160133035675	0.352652701983811
1.80580755289182	0.656394825107787
1.52748833786459	1.066126190345
-0.00471351223080486	0.00218494087160831
0.440364661588217	0.120386763104114
0.796671892313859	0.546511095379513
0.178423283573288	0.0879679360806085
0.264551372342609	0.174450099076039
0.399583361571094	0.325359390748264
0.399348607916454	0.370156426330492
0.917361108656119	0.884320457399692
0.0479747380547107	0.0242080962692441
0.0479061058216731	0.0241734985376833
0.211934111461218	0.113871149144747
0.399660064812808	0.245317382260872
0.0855580104856908	0.0466587120748805
0.116345045748615	0.0681537780773569
0.211994594277884	0.113897485870755
2.0475571909752	1.45300524221569
1.15015999158942	0.773698687949079
0.750820935056823	0.546362059972189
0.60666747478801	0.367841714094269
2.41072807701474	2.10838052987744
0.564242568767649	0.389576900413468
0.0615829893731542	0.0238409326210027
0.852939962809722	0.546934303038246
-1.04422986940011	0.874422999949284
0.68102769657429	0.550378261045452
-1.40178047258965	1.05066848132629
0.584721353956748	0.379925831477889
-0.968279685877624	0.567057194652099
0.372828104257578	0.176187601416706
0.398939685964909	0.260998562871579
1.49710568736165	1.43005510547763
1.05637042484898	0.549937742703155
-0.104844951344196	0.0291451841025915
-0.579004253227954	0.267391767117248
0.365796592364056	0.150347828566248
0.0617277318050226	0.0238966037879039
1.05626564904319	0.549859734255288
0.956226036647493	0.344930752421141
-0.314951765219021	0.180492172724413
0.399019063877058	0.261052466805314
0.178236240272615	0.0878720950705939
0.234276022721032	0.13556173235933
0.264467752091794	0.174352348075222
1.83619369288023	2.16640504660742
0.928993059852903	0.545364679729449
0.440628375497016	0.120463053794555
1.31575925965238	0.589174142486685
0.631950218938476	0.352274376811464
0.21178923311276	0.113786657240428
0.387362897339459	0.203602422991271
0.852846126923184	0.546816711265645
0.399660064812808	0.245317382260872
0.399591436244457	0.245265409014508
0.853221876906599	0.546980598445863
0.061698863167424	0.023890625298551
0.365691750007034	0.150278237952888
0.765221229893607	0.331833236925771
0.765748574968654	0.332008986763764
0.387511878551028	0.203703880087379
4.63412415384046	2.1998756226371
1.52794721558097	1.06684388833972
0.387431007706947	0.203668807909657
0.399240135763075	0.293323481760192
0.234306721965948	0.135608476227016
-0.00647290097493442	0.00361346614744142
0.048043370639892	0.0242397906790943
0.028796287060234	0.0170738957105835
0.399361170289419	0.355460863471724
0.399032143012627	0.261073229564847
0.522252560339762	0.423708164361216
0.276581864658763	0.193470468193327
0.750730708390523	0.546206964542419
0.711795201479855	0.546114281326822
0.0855710855814217	0.0466692685549772
0.178661665260978	0.0880903270670572
-0.731879847109571	0.441085742998587
0.372950968880263	0.176251163954604
0.0617424742393982	0.0239084459082885
0.584683124801269	0.379889250809324
-0.119651523577888	0.0731394835730531
0.399187088913684	0.293282605618885
-1.23438623230428	1.17057560991048
-0.167746238435569	0.0869469108163603
1.21246670797905	0.971335989947976
-0.391481666646295	0.191384943509599
-0.260357985752607	0.131395186767185
1.52781511943973	1.06618842738635
0.546895990778706	0.399626688998168
-0.406143088696864	0.0911104868149055
0.764603041122565	0.331368587604412
-0.406260094312188	0.0911374164788629
1.30810700637317	0.797487899674034
-1.06759818069579	1.02947828761807
-0.351582185497978	0.27620618871414
-0.487792808417601	0.372915311409266
-0.131147323350631	0.0901154101141619
0.399049309890461	0.355063475189043
0.606573930730702	0.367747138860669
0.0615106551227168	0.023806118014709
-0.184505553212383	0.0791373504854963
-0.968033043844823	0.567023112730889
0.928777867705259	0.545067781172208
0.606920023753657	0.368081471821074
0.963515763266062	0.737132596613881
-1.00942463255137	0.719335114329613
1.80591828976772	0.656470060574126
3.96474583696875	1.35885337105056
1.31665444033133	0.59000828848376
-0.327335550717987	0.129625546394617
-0.516375129736063	0.178441001382876
0.17856779616299	0.0880459181741458
0.396089831394072	0.226278388755559
0.84596605132746	0.715188219408872
0.845952734120206	0.715189374908091
0.806997740262475	0.875971560613141
0.681004567437001	0.550334672525007
0.0290643313532979	0.0172360612881144
-1.55207344387882	1.81498066577012
0.522493344879837	0.423921348316898
-0.18438336931455	0.0790808605857554
0.0288523742823862	0.0171074128794536
-0.0083456807373163	0.00274570284113593
-2.19242126769198	1.21041099953334
-0.422299294346764	0.236652215203968
-0.931985518496727	1.09132426173096
0.0423019477325416	0.0299761365242794
0.123414219855483	0.0916913597139219
0.366007310144161	0.150389420387711
0.211948576329243	0.113865296765307
-0.327335889648938	0.129624283363844
0.178300949641365	0.0878996403275426
0.387618551364921	0.203775351678185
-0.0787718813242803	0.0353320340948634
0.128731299422086	0.0571633654848292
0.764809448292814	0.331596623912213
0.398780818069297	0.260842436667706
1.11256634242361	0.937710941311817
-0.0789528454821435	0.0354404697364153
0.607013909009565	0.368113947865685
0.440628375497016	0.120463053794555
-0.31487529078185	0.180469531977314
0.504391886054645	0.44906628864148
0.10467038598861	0.0739469620275279
-0.852371276659045	0.785502406310806
0.169500324747598	0.144085625306063
2.67868888783708	1.64677136244639
-0.0091951964681284	0.00302330471275721
0.56422737419145	0.389555636326398
0.606905808623433	0.368049054219425
0.75083556199308	0.546388049889566
0.765221229893607	0.331833236925771
0.852752358645311	0.546638913003178
-0.00855081732767539	0.00281333836665934
-0.0081408866142675	0.00267744478079309
1.7211940026025	1.34718905247286
1.30806373276334	0.79713982138369
1.31690798760239	0.590129049397097
0.116466036447424	0.0682152914594682
1.26764832052345	1.31628266286347
0.917332660208241	0.884581953780753
0.39916459666329	0.261062115852047
0.0290659103665314	0.0172330677533974
-0.00837846316080255	0.00539937770157817
0.504330269066083	0.449055135024936
-0.823905239437654	0.816031742983378
-0.0947125918300153	0.0659933735364849
0.0289856450192817	0.0171876033787954
0.632177810904669	0.352614000083049
1.34272182391304	1.0146264042384
-1.1143440462202	0.540707013154826
0.365796592364056	0.150347828566248
-0.0491252265273127	0.0267874972840311
0.39936279011786	0.370202968994772
0.490733350239503	0.473965251936256
0.65628393276432	0.556549724778025
-0.315021751967628	0.180499788738142
1.15002045869346	0.774163935987156
0.671422211026953	0.33472577676997
0.365796592364056	0.150347828566248
0.853033866383466	0.547002647083637
0.0616264557748945	0.0238611614751663
0.0617424742393982	0.0239084459082885
-1.27049253342463	0.885127265289124
0.0856504615516148	0.0467163223346054
0.25064583704517	0.155177325214836
0.116330839643921	0.0681472868212352
1.59491187457724	0.855036907978974
1.5127331033571	1.26295628485969
0.671553473526904	0.334671088007792
0.396089460373207	0.22625207081107
0.656339583124585	0.556847987421022
-0.0758639628706004	0.0472629593014399
1.15000044689208	1.4299530809016
0.242157453611795	0.214769209127339
0.735560635960185	0.881705201091584
0.0616553482559604	0.0238703716137645
1.31729408016793	0.590203599966043
2.1749742693493	0.972967149948564
0.128617894345499	0.0571115897629187
0.365690195287924	0.15027180821769
0.852603356643729	0.546367286270961
-0.00887297177040951	0.00291884997088316
-0.100711867297307	0.053558502180433
0.128504583636049	0.0570536698492632
1.34296373115712	1.01434754167408
1.04451843552852	0.75427672392129
-0.0789528454821435	0.0354404697364153
-0.968033043844823	0.567023112730889
-0.389982968519614	0.276402027316149
0.852859024632958	0.546883761518186
0.563965441857642	0.389165145449112
1.02235849674206	1.06657249003137
0.838294922356215	0.876874066340018
0.276500070262287	0.193354946144982
0.702099563771435	0.893188665869141
0.400533956763036	0.400474257726566
-0.389690847103412	0.276025100447376
-0.665480935932273	0.583713359197363
-0.0521255055968315	0.0405513839356919
-0.119439450446503	0.0730048395536886
0.232240115056511	0.197675545781824
0.765748574968654	0.332008986763764
-0.0788269788881849	0.0353859300459337
-0.314974334266225	0.180517382779914
1.83326228442444	1.14063930125445
0.387255709282983	0.203530837713989
-0.472047704335293	0.329071112036136
-0.289224332688574	0.285581594606321
-0.217428238541955	0.161053259298135
0.485761523643889	0.487230851729143
-0.568495736270134	0.350034919147592
0.399550257329705	0.245208994329299
1.30817931439108	0.797679491776654
-0.00475644377704416	0.00220336623888643
0.7964775407151	0.546436206750712
0.211873740520637	0.113815244353815
-0.579090117832204	0.267455039000505
-0.732051484142669	0.441276325037825
0.490748455392357	0.473981865843764
0.504375390870268	0.449122629618846
0.398899413000892	0.260942508796847
0.845847518623296	0.714679436834788
0.155583234898929	0.126758616023013
-0.674873072019471	0.545745098121915
0.0424974893050128	0.0301091864483066
-0.585246791740703	0.667440793355503
0.399134034293624	0.293226555893517
-0.84751494297264	0.353113627072122
0.765015511027073	0.33174094912973
0.44025009120492	0.120379994939149
0.956226036647493	0.344930752421141
-1.66978153680175	1.12073707888591
-0.578932087841688	0.267346135716811
0.12908973581767	0.0573229047507517
-0.00486435955028876	0.00225474722485634
1.36203095978099	1.19682218114904
0.128967157113683	0.0572682747137997
0.693716672149572	0.72518946582843
-0.358601625161616	0.230018412531975
0.313378508050284	0.278505570202133
0.398899413000892	0.260942508796847
0.142051476455936	0.0888577884553235
-1.26165680798956	1.90329366573074
-0.139851648461367	0.106016724065728
0.860973754168909	1.03525734443883
0.871762210322829	1.34708643206915
-0.64357115974215	0.730920027636145
0.633081848537764	0.93715714740876
-0.267795798326504	0.249008674577323
-0.411432818325064	0.400887461784905
0.182244964487886	0.161274472399625
0.105136148448579	0.0743019470989637
0.116186636806352	0.0680532515196002
-0.766334235224492	0.663007552598854
0.232002425741546	0.197398434504572
0.0856504615516148	0.0467163223346054
-0.075883242399936	0.047275522636925
-0.674635503611943	0.54510246531761
0.588589148108584	0.591793224431261
0.169254585031782	0.14381525294199
0.267151752373686	0.264997554707782
-0.581641461786203	0.516483512630457
1.02235703754548	1.06639812306867
0.396089831394072	0.226278388755559
0.712061048069147	0.546653091630455
0.0855580104856908	0.0466587120748805
1.12017577789329	1.25737545212184
0.399294503275736	0.293374967381293
-0.119651523577888	0.0731394835730531
-0.766726616899216	0.909076073469569
-0.0344155041854403	0.0245602308004221
0.0834869360630492	0.055915544926037
0.671799976522482	0.334804621115115
-0.322098819818195	0.231927798872294
-0.424297130436093	0.438565729533954
0.929647553943551	1.04543022076412
-0.217738174748442	0.16130876777481
0.209830579082398	0.16338837072622
-0.207509476987606	0.181775109087151
0.504486078480036	0.44921591754848
-0.167647468271265	0.0868700825002316
0.25061916968494	0.155193208312974
0.63229174929066	0.352703851644874
0.632160133035675	0.352652701983811
-0.788222961863263	0.414264406349458
0.211841965286831	0.113798584359214
-0.731943567101129	0.441217944876616
-1.24518353573094	1.02226916355506
-0.701862955864654	0.471051609861451
-0.10062225280412	0.0535115969827204
0.533269183355893	0.41120691108276
0.564414409634204	0.389702848742374
0.656204987181497	0.556596773272788
0.845952734120206	0.715189374908091
0.307561833546336	0.262079937193569
0.0424899127463115	0.0301050962790216
0.588854844774553	0.592122771327787
0.588814454473303	0.592047060816601
0.635522631800618	0.564955794700488
0.892864223717723	1.03945575686171
0.588655595562123	0.591917317354838
0.289606205705462	0.325709216303048
0.47226060370398	0.541755392347271
-0.52960636041098	0.57454843346485
0.0827556770334197	0.0644574983960924
0.860973754168909	1.03525734443883
0.209824845208252	0.163386666584506
-0.267709811256425	0.248921683147222
0.635500789536153	0.564914880949432
-0.84368791408267	0.995116678033945
0.769066457641215	1.03916078046145
0.0185006670919112	0.012448864722067
0.294607819320488	0.229068114143061
0.140291664257484	0.109292144434577
0.307431590158464	0.261917193274173
-1.16097558044996	1.76159770050478
1.23117949315545	1.62833412282284
-0.510687528801702	0.458279911838636
-0.119518275601168	0.0730591665263058
0.906367851833289	1.19544176280426
0.490682622566118	0.473845113347839
-0.674844414490949	0.545661184705511
-0.076435448847054	0.0685697374375055
0.123464934646896	0.0917372677950668
0.97650026475022	1.36620833955754
-0.00482134538163185	0.00223622028267589
0.635673223303905	0.564929030361521
0.0833557667171139	0.0558227225451886
-0.0488357677346139	0.0266327969000951
0.0634448915494444	0.0471976944942977
0.0834213626748523	0.0558700760786796
-0.653500330785726	0.659905169645271
0.211926139913565	0.113876387771514
0.69373675513114	0.725279719780685
0.398727371848631	0.26076361504835
-0.00629198591006161	0.00351353991767755
1.24617031205853	1.14619044136978
0.968823971221591	0.894849317055589
0.522385826382764	0.42384874536182
-0.413793633721842	0.320969820892725
0.846097603943538	0.715130101138898
0.558594455375468	0.623608748123114
-0.207382873502609	0.181800627702439
0.242162740010346	0.214806531763084
0.512572234560423	0.43622435767019
0.29460400870286	0.229088037995619
0.602587474029385	0.783744901054478
-0.539854411452781	0.680705493933084
0.323965013263249	0.31125621613294
0.756059624850433	0.877886849981588
0.155594297001483	0.126737369787568
0.104809778461194	0.0740730848898321
-0.658966717732284	0.622359946087841
-0.131126705677178	0.0900946303692759
0.401244773493313	0.415488298987301
0.213130408482902	0.210241968342085
0.251198703362426	0.231705020942192
0.323809797782511	0.31110927953638
-0.00636600259477856	0.00355428728509299
1.17367816260533	1.59903332337702
0.20989121863137	0.163441636880746
0.577058678078771	0.601785265780746
0.155660664247065	0.126815079567046
0.0702893882332054	0.0594701005262311
-0.00900596244225096	0.00649373613634407
0.396154024889711	0.226290818605055
0.31875880989445	0.294855187043874
0.522226805164729	0.423715611420525
-0.719703670169682	0.767438477700058
-0.658770547093086	0.622236320719878
-0.583708491313947	0.556614727705718
0.0424539004200372	0.03008432465665
0.693583505767291	0.724981594565324
0.234127312196873	0.135493151380613
-0.171952098581378	0.103047850133584
-0.487526450081566	0.372605884789749
0.845913474208575	0.71496687423092
-0.00633857803269929	0.00353880115898878
1.76256740438052	2.87236252237883
0.163671793784879	0.108844312873
0.399355676950843	0.370215611245022
0.0343901880554143	0.0267853198068843
0.675411114509504	0.907790335469274
0.403654814951821	0.460347327418947
0.221627343780176	0.18063392665699
0.588834650867967	0.592097125247333
0.602148191533793	0.582715754374194
1.08430493653909	2.01958702520943
-0.131143697203118	0.0901020574886367
0.213200171124434	0.210334669723577
0.504354826297151	0.449057258173153
-0.0283143434416065	0.0221746802653698
-0.585054330075033	0.595336491849495
-0.719631313860675	0.767280487249456
-0.207361666087463	0.181762709655126
-0.471763944533699	0.485706100559051
0.838406015823902	0.876999052332249
0.567101160636686	0.612262123139383
0.14350922592374	0.131414371070943
-1.20763773148921	1.8991137243575
-0.00706074537866844	0.00556548101463576
0.472375166725308	0.541892251811941
0.769092197914244	1.03934072213708
0.155271546458802	0.147294023188874
0.399640462504326	0.245290629353771
0.632037639398118	0.352531037221759
-0.171598345437826	0.102727819486328
-0.449473095353995	0.407114612028407
0.399608988345412	0.309648467855412
-0.173917091531538	0.117682478952323
-0.868325712212784	0.967675016408229
-0.235449075529597	0.138051915791987
0.234291393901341	0.135604455620529
0.104969010729672	0.0741755626845144
0.617745053337773	0.573829512967194
-0.471964074016085	0.328988442076057
0.0834213626748523	0.0558700760786796
-1.32069043643063	1.32516232626876
0.264802209253012	0.174630751522979
0.276581864658763	0.193470468193327
-0.217279988244725	0.16095610036151
0.313407471062724	0.278546268335981
0.169567207901487	0.144132924829991
0.401488089777121	0.415897542971589
0.228826068938884	0.24073467333077
0.267048565059669	0.26488191715009
0.328844156342896	0.327617001670067
-0.144331811184863	0.118925546263393
0.228842393081023	0.240694219188728
0.308871053655031	0.397783464904182
1.01105511063328	1.37572684662054
0.58872202751629	0.59201419436435
0.399214271315013	0.293315937795653
0.715309996970718	0.720037016954227
0.632181672350545	0.754688747004522
0.403034710603192	0.445802848257953
0.735494393581339	0.881403236807373
0.221504206323728	0.180549472074024
0.399864911534482	0.385228821069009
0.399407316400204	0.355457137348474
-0.146886399690061	0.130057071386122
0.104983037818287	0.0742023474051644
1.03396597691982	1.84359210519031
-0.121120050833561	0.107727666588058
-0.00725124856130735	0.00571607722703472
0.0847353321858752	0.082130579710629
0.135873835139896	0.153161383129376
-0.175048577136202	0.174956230884361
0.263575528615856	0.328513315387036
0.387686875825049	0.203780516144307
0.399629756186755	0.245296505376421
0.141971261916633	0.0888023742952421
0.53312519403382	0.411026461301314
1.15470418627042	1.1090568619249
-0.00907866149999291	0.00298664964320787
0.307554980989846	0.262076954344765
0.178675874793748	0.0880918078933201
0.63229174929066	0.352703851644874
-0.792126707406141	0.630748496181635
-0.172035766830778	0.103097356983146
0.042330840524158	0.0299958982139038
-0.674847309630688	0.545617365600518
0.681065128684954	0.550417910328223
0.29460400870286	0.229088037995619
0.0288508268156486	0.017108910813176
-1.04435985610666	0.874625311859659
-0.224441029054085	0.149316894405678
-0.747182065219114	0.697808245282518
-0.57703974245666	0.434369516798473
-0.674792889721164	0.545690657241514
0.512951075410827	0.436721582636296
-0.933696579951943	0.91309981288968
0.564234976882592	0.389578962842842
0.504354826297151	0.449057258173153
0.181531246888365	0.127776568502257
0.577145378793483	0.601795034950913
0.141945413134548	0.0887896964119642
0.301410936946005	0.245698749845167
0.485609695517195	0.48707102681153
0.32893522847321	0.327721783248317
0.25140352353515	0.231916693159015
1.19371944462468	1.76815098586625
0.105029408368081	0.0742345750140804
-0.00820965874590202	0.00529124301994387
0.141944077139845	0.0887738399296703
0.221721058948961	0.180716679234721
0.20413205929318	0.194628168990757
0.276634861834895	0.193514161038662
0.602856890346074	0.784221330410464
0.0634739417389823	0.0472242003056847
0.251202706914744	0.231672865761108
0.19372922681398	0.178062138744702
-0.719942185790299	0.767725818369495
1.26029123487348	1.96722740762584
0.1049102952542	0.074125729688808
-0.342850027265677	0.356786693586443
0.111672835536806	0.105347043740961
0.403952259096065	0.514056855968478
-0.104191034118389	0.0289508643830017
1.80580755289182	0.656394825107787
0.584781816253386	0.379967818774411
-1.81226068169386	1.31362119752981
0.75083556199308	0.546388049889566
1.61921927158841	1.66840432921933
1.11219064673259	0.936568988974141
0.178755600198499	0.0881263357965595
0.584691164752436	0.379856682356652
-0.174128284602727	0.117803075589534
-0.825240015986526	0.599593248021543
-0.0489013694262602	0.0266701962197787
1.18703038947551	1.28210048280107
1.37273335371078	1.53256434383476
-0.325597075747382	0.320239761732383
0.564511712489085	0.38970946004061
0.234112079861019	0.135489192248169
-0.00635228232034153	0.00354698853506701
-0.0761383398376614	0.047432157350192
0.0480276212667614	0.0242276397887854
-0.176164638179333	0.132110327925399
-0.579233535502349	0.475321044301583
-0.708955324666102	0.801191981888201
-0.981584186560259	0.891361705052936
0.163499186639607	0.108735858602432
-0.207382873502609	0.181800627702439
0.833169319300648	1.03327218425697
0.196788331902146	0.145967606504859
0.196505607634886	0.145735446962698
0.294628424596357	0.22910263100957
1.08095947389502	1.55725976439441
-0.139721466554896	0.105919060593926
0.0183881013557405	0.0123708918463821
0.229309260197949	0.241350760908568
0.034436988347462	0.0268245618311781
0.140400216313696	0.109385608079568
0.892950902474441	1.03963025554267
0.906527882583297	1.19595340977804
0.401441772577395	0.415822500125367
0.49090748957248	0.474208416537271
0.242312111512806	0.214956745449983
0.169428199350425	0.144016971661243
0.3188030470626	0.294868303038871
-0.453382174310446	0.54750989839626
0.0424103786080009	0.0300514923559452
-0.265614440495864	0.194180304416663
-0.585500672277313	0.6323007747433
-0.394747900730211	0.432503884910243
0.232340200805675	0.197698536856497
0.0991896579233255	0.0903981363948197
0.40402043752692	0.139945751112398
-0.327230881004658	0.129566059642725
0.399185776221985	0.293205187254667
0.564414409634204	0.389702848742374
0.845900177389557	0.715055557737215
-1.40190822494449	1.05042639207658
-0.572740019324918	0.39165886594203
0.0585918553379603	0.0370192038447161
1.30829511341016	0.797784880803241
0.286309751585077	0.21150019462033
0.116382389556848	0.0681657453416837
-0.327440212159224	0.129629361099382
-0.0630826269113793	0.0445103487926469
0.602238547105452	0.582794711776641
-0.747120304688391	0.69740892838338
0.838447005415586	0.876896328381548
-0.674712712482376	0.545564195725926
0.181161707247234	0.127465686323971
0.0479827463402476	0.0242098150145323
-0.500052357400139	0.415859651019115
0.0137636862229356	0.0102495003150699
0.400500598499651	0.400469575038585
1.12040925321062	1.25778502843336
0.399460747825954	0.309473285617717
0.18135882326282	0.127636987555876
0.398952751279318	0.261019310889639
0.182153893087092	0.161157739778661
0.063583400431616	0.0473103569520549
0.838060924201457	0.876305665671441
0.399643295385151	0.385044310577387
0.567195175434333	0.61255360770368
0.348252249612794	0.417379872013413
-0.326087521802737	0.279814883000894
0.474973250598574	0.528040579916388
0.15571617077308	0.126870235615836
-0.0242937906560778	0.0205671735552923
0.518310718658066	0.704345992420297
0.892844162640279	1.03935934976629
0.140414511070143	0.109385289447129
-0.14428778991994	0.118856592907695
1.03404312647102	1.84392915911472
0.917251141488071	0.884244559525744
0.181572356497902	0.127803527120532
0.232234496261751	0.197693297091723
0.0633403400153497	0.0471142896651179
0.273886228748179	0.280947039126555
0.544960803594376	0.647637328180157
0.242045868935993	0.270401743731213
-0.253167832373132	0.203483987578299
0.242012435999732	0.214524784365642
0.273927422073963	0.281031872978875
1.04417132370979	0.75412450860252
-0.0788269788881849	0.0353859300459337
-0.0078192213786039	0.00257237113093503
0.584781816253386	0.379967818774411
-0.576942594038448	0.434274061427803
1.15025638771776	0.774418861125706
0.396176409966509	0.226325721913052
1.04390489512587	0.753534877399522
-0.314806633342869	0.180404619625564
1.34282847999244	1.01447188278909
1.18708473350431	1.28239460259991
1.05637042484898	0.549937742703155
0.396068108708119	0.226269963646636
-0.500248816324381	0.416075405525705
-0.0489415173073643	0.0266850504474818
0.196636680755958	0.145858043549155
-0.568442908073705	0.35011647403505
-0.260329029925159	0.131417764875266
0.116232930713526	0.0680753285694624
-0.139829863569532	0.105989913354342
-0.0439647888748053	0.0370516440676019
-0.139670814933432	0.10587422174309
1.15457177884896	1.10893769082864
0.635544469288338	0.564969109409345
0.61173597496793	0.774525705489794
0.14358833962166	0.13149664353669
1.38046564775954	2.0429374102553
0.693583505767291	0.724981594565324
0.399770424523573	0.385246419376635
1.01582429899209	1.22343609703963
0.403183382174554	0.445972935149469
0.340570191475697	0.37444639446346
0.143512520263472	0.131424457619868
0.0634784331156925	0.0472302539555288
0.399464108301529	0.370316476658924
-0.0284469564945876	0.0222833773417657
0.67526615970351	0.907368725171962
-1.20404044718196	2.0367188294466
0.116316582738657	0.0986819578740553
-0.131061153506705	0.0900441324975503
0.65856678330867	0.737991575978627
-0.653408914392345	0.659917412289735
0.0137583880229101	0.0102460221692908
0.490870497861311	0.474055860706338
-0.585477729637392	0.632162478880241
-0.366218316568138	0.358684589540661
0.213348051547394	0.21054264774672
0.340489634994585	0.374283910611593
-0.413856609751681	0.32103831463558
-0.242636913139007	0.211398839547684
-0.51073387046623	0.458248731218395
-0.226850653913762	0.22548952767217
-0.267845270421054	0.249044551828235
-0.233361608125372	0.217951171489261
0.399413448783001	0.370266852834903
-0.0213931264380855	0.020672593964685
0.285008467851621	0.311272910614451
0.276716675342006	0.193539393850508
0.372583028617614	0.175978797190814
-1.12669836517588	0.723532054881941
-0.26050123433033	0.131519082409796
0.399718295047831	0.309598230490648
-0.119439450446503	0.0730048395536886
-1.35099453460357	1.18251242155464
-0.85258218567443	0.785881930049397
1.3429766972884	1.01493823898538
0.796629057528294	0.546502925119404
-0.00793643439331131	0.00260858291975344
1.02241300833131	1.06671163011206
-1.12669036793018	0.723421814438265
-0.260422454505934	0.131473076198748
-0.094605844788756	0.0659202457636271
-0.583509843385899	0.556277697290018
0.123537583247572	0.0917976311587319
0.656339583124585	0.556847987421022
0.178315331624704	0.0879190895682354
0.301564125786756	0.245862910787984
0.400577962862866	0.400577974091742
0.163416673168622	0.108685956637582
0.307482314197295	0.261991389648854
0.740453857154362	0.716208123014226
1.24615506360373	1.14583628083278
0.140378615686368	0.10935982475722
0.0289310925154956	0.0171575933732068
0.398793855759975	0.26086314753592
-0.510468029426902	0.458091522455383
-0.665650790353591	0.583766575955129
-0.00826826892554727	0.00532814303609758
0.307301334712666	0.261703441795344
0.355470640930617	0.47264910497253
-0.253304179204997	0.203604809851557
-0.877169937096785	0.577203324418684
-1.12702728560379	0.7237887552699
0.963461676012608	0.736846326547514
1.12034374110167	1.25776809514778
0.242178829617474	0.214832482934971
0.403045818618892	0.44574281438374
0.286120460960842	0.211291518392634
-0.889716083218483	0.758012030530767
-0.285104268291679	0.18637524470887
0.399214271315013	0.293315937795653
0.328599085313098	0.327271463801311
0.116368199676192	0.0681703696479722
0.838335856890449	0.876684496312835
0.681125680716043	0.55046354075607
0.398858126103384	0.277086879421163
0.313364223659544	0.278500050430033
0.403923358843868	0.474224497665582
0.169577724751783	0.144149157984512
0.241926030400061	0.27024884336351
0.196657324790361	0.145866264172984
0.399591436244457	0.245265409014508
0.250750575245472	0.155274432661127
-0.00818216270466775	0.00527338883810572
-0.510441955718791	0.45807955105784
-0.260515813735499	0.131513276350311
0.0480737227852809	0.0242527501457159
-0.568541766074588	0.350174119857092
0.577188908012831	0.601970170770714
0.0292504992100381	0.0173398588791923
0.313508685560029	0.278600527703334
0.399523941949888	0.309549797669524
0.178365943430811	0.0878830044448233
-0.078745871602922	0.0353461577361168
0.92852246752374	0.54477972387055
1.80543669637378	0.656160870630634
0.449482770198073	0.0873321855854351
3.44549632854058	0.961689054878872
2.59830808808347	0.565621890602798
0.37328940753839	0.176345178251816
-1.1145954954322	0.541089063658969
-0.701862955864654	0.471051609861451
-0.825061670752121	0.599394220982401
-0.0394021869687792	0.0249870624350815
-0.32216183925384	0.231992500035391
0.546961719451806	0.399642103935353
-0.358798278522501	0.230119212026181
-0.422449318801549	0.236728116220036
-0.322137186716877	0.231987050042715
0.658653775941294	0.737858482862911
0.221272655840953	0.180265656663204
-0.305759550445112	0.282820513609952
0.688280145528621	0.900774587426414
-0.0389402572083306	0.0351960269004702
0.247934492660948	0.285018048134663
-0.207382873502609	0.181800627702439
0.955911405657352	0.344573880945257
0.56422737419145	0.389555636326398
0.715511150514848	0.720468393435574
0.584675168308242	0.379860425930649
0.140421833819028	0.109404273443709
-0.747202662297591	0.697822392172466
-0.573109057679514	0.392100635956525
1.24674562442304	1.79750997382437
0.209631472171883	0.163206564584607
0.251219970140366	0.23171765223983
0.715400384218384	0.720358404474324
0.100451476686626	0.0817495117997696
0.400660776044753	0.400615710324747
-0.342905554190779	0.357054284925403
0.267296746014909	0.265131863219648
0.972465931823031	1.05493761996588
0.96855853422488	0.894416666554646
1.07104145212735	1.70892573862084
0.756146261645206	0.878229366181112
0.497369553260182	0.461892949717221
1.14755126222718	1.74411941594856
0.717756597817975	0.886863139673553
0.564219760700014	0.389503994927409
1.52857171037301	2.31997701743095
-0.107483936228961	0.0822896283358165
-0.0758228309056645	0.0472304207766757
-0.0943460029004514	0.065706582371702
-0.868391771318661	0.967731784005976
0.399589521954357	0.309615387563153
-0.171733333748742	0.102903938585626
-0.034379177322962	0.0245328462443306
0.104849993135276	0.0741031666810547
0.0586329228416671	0.0370441448141597
-0.461681354266739	0.446990236717597
0.621276977733508	0.764220021356997
0.632228789153638	0.755093886470174
-0.631550976589923	0.829679101694488
-0.115164534631035	0.0954964118068909
1.23097218362098	1.628124904035
-0.413815629625469	0.320996865707269
-0.487581032377036	0.372727958048912
0.181202725055322	0.127515719434237
-0.585263984474879	0.595510675434456
-0.00833369197067239	0.00537012900939467
-0.32216183925384	0.231992500035391
0.960473818404319	1.81173038950521
0.632405782769901	0.352759200610373
0.512887991688242	0.436697103672068
1.66371822130544	1.51651645580778
1.52761017668722	1.06621132111378
1.05626633094545	0.549797046240232
1.29047191149383	0.361322640689658
0.44905816517692	0.0872417415102285
-2.46811166233018	2.50415353288289
1.31704077902752	0.589986987289273
0.234388667047457	0.135655805195531
-0.571862109960018	0.31258660103728
-0.701969859027272	0.471086554526434
-0.674953259376512	0.545717615515664
0.0855580104856908	0.0466587120748805
0.39871435201781	0.260758980227525
0.75090690912795	0.546464500138251
-1.27078387503192	0.885097812149195
-1.36901546018881	1.62818523028013
0.400539276377806	0.400530750292533
-0.648575827897226	0.696482847151341
-0.207243395025642	0.181596218418628
-0.0437646378490784	0.0368818876829174
-0.176784088069637	0.144620571547292
0.181313675255168	0.127612911033939
0.154888800431201	0.146888113989655
1.03215523791142	0.911235583775859
0.0836798966654316	0.0560367801362806
0.490958226429267	0.474225335041204
0.0835937245357483	0.0559856134374031
0.485493811098497	0.486772058625636
0.169461637432866	0.144046908991881
0.286334355858973	0.211582312059847
0.259713091028121	0.248640845402913
0.340370018218884	0.37424135404615
0.22158374872425	0.180626235790488
0.0700718511442505	0.0592851315949214
0.165585361476547	0.16241687231735
0.25981330210082	0.248698180264441
0.204173552522016	0.19465260565479
-0.0394187444678999	0.0249961651205256
0.750745284981443	0.546232890910934
0.181268476238753	0.127577741589605
0.163460406680137	0.1087083436611
0.328734514816496	0.327518394470434
0.0636331266694253	0.0473460503752913
0.485667671432162	0.487106806772111
-0.902429204429503	1.2782934614296
0.196788331902146	0.145967606504859
0.181317717568106	0.127555486248798
-0.449069419618803	0.406617583551957
0.398918661272857	0.277122050938888
-0.472108155766521	0.32911275292109
-0.351950733377261	0.276612785841769
0.122954399638531	0.119908035513162
0.403937564118805	0.474260418368052
-0.115388618686578	0.0956798511141464
-0.732052333656079	0.732754184124322
0.39954580672875	0.309586780212896
0.276687851535201	0.193548878671475
-0.0489013694262602	0.0266701962197787
0.845781080857291	0.714913663492623
0.0858222138874829	0.0468112400675287
-0.285197483829977	0.18640328386474
0.123623950109965	0.0918563579771414
-0.461976100833122	0.447429703116728
0.0993094484877054	0.0904965288883652
2.04475419830915	1.91746248971147
0.680990250676709	0.550269762703352
0.387350306201344	0.203615179010527
0.399640462504326	0.245290629353771
0.373176502294703	0.176346584481927
1.59511601418842	0.855215915166121
1.15037020306817	0.774437355317741
0.928880311944051	0.545314341145758
1.3083675193827	0.797791482115468
-0.327335550717987	0.129625546394617
-0.406260094312188	0.0911374164788629
-0.517899147573227	0.179109173088448
3.44542702694839	0.961324616818369
-0.568457534584975	0.349870400718984
0.681148814685048	0.550507144497065
0.396154537368834	0.226335141231484
-0.171816972074702	0.102965328684015
1.36837342604012	1.36380080845913
0.522334344578273	0.423865103654156
0.373299878341106	0.176389734786326
-0.572977137866887	0.392068629563688
1.15466426704745	1.109180653183
0.116359233543501	0.0681396230407799
0.688412861660514	0.900912777300012
-0.788650589052809	1.07608440185804
0.0344395284468132	0.0268250743191441
-0.683454748485883	0.895936434299292
0.029395929602758	0.0247830171724934
-0.719840930681145	0.767629011155119
0.399073436525936	0.369703994136538
0.399805021846077	0.325430428617068
-0.184495602328439	0.0791280415311326
0.398965812529665	0.261023979914902
-0.41394158326969	0.321121824292564
0.671538371030747	0.334855559136084
0.399550257329705	0.245208994329299
1.02278721176346	1.06646277053588
0.307713997100883	0.262215838994083
-0.0783731934483762	0.0605134027172473
-0.305865088570763	0.282937091415012
0.399759277014929	0.385246207258478
0.27644858156017	0.19332892779995
-0.877150432874458	0.577051214111517
-0.327335550717987	0.129625546394617
0.163329148834201	0.108573096068655
1.37275661239863	1.53252501484665
1.28490000968004	1.48964343968168
0.0854141532582469	0.0750766301503132
1.15000044689208	1.4299530809016
0.490885538111914	0.474204174414907
0.221561976416126	0.180602935362218
1.01585048776312	1.22337738487407
-0.0758420447116388	0.0472493626621867
-0.314883095294388	0.18046152778602
0.546988418746887	0.39964943368048
0.0479364447408366	0.0241891330477726
-0.578902974009509	0.267254122102802
-0.00471351223080486	0.00218494087160831
-0.174002099818098	0.117737221509516
0.301604328908405	0.245891631114233
0.740429422042433	0.715980537546645
-0.121040921624114	0.107682257526612
-1.06733207812033	1.02880172923917
0.085809101416214	0.0468035936787465
-2.54154023086546	1.70666508754853
-0.517513875524486	0.178911161319999
-0.578975115762517	0.267390226446819
0.0616553482559604	0.0238703716137645
1.59552326744587	0.855113820414117
0.234283713697625	0.135588951948784
-0.351864597228269	0.276566926076183
0.399583478821329	0.245237435874431
0.656206267324745	0.556658827111305
0.181395759602857	0.12766670417979
0.221533088559734	0.180579541509493
1.15026509610464	0.774341633185776
1.31690798760239	0.590129049397097
0.928757462515204	0.545183921949788
1.59479593802744	0.854501934069775
1.59450256656432	0.854227812381325
-0.578988840358499	0.267264150644971
0.95671106671777	0.345047173325076
1.80532545810241	0.655881317316556
1.31704077902752	0.589986987289273
1.29059040546749	0.361273728188317
0.403632537227691	0.139839884189156
-0.327230659220978	0.129567376802136
-0.327335889648938	0.129624283363844
-0.100361481812431	0.0533560155306658
-0.00477832280722481	0.00221735527016294
0.750723403080249	0.546133424431026
-0.26075136346481	0.131621234430019
1.49699349410749	1.42912116190176
1.21238000227573	0.971369902993594
-0.184025732944261	0.0788881612199788
1.51240256295862	1.26195140214666
0.365902525614416	0.150379543777498
0.750813604587608	0.546288457112092
0.97667183321526	1.36575864439558
-1.22058976263205	1.47037525469748
-0.0944467336337251	0.0657926616464486
0.558671880355877	0.623808385836182
0.403965952322412	0.474251323527437
0.336965232160311	0.359058720617311
0.779759197934658	0.876098849488952
0.632168963645606	0.352673317989728
0.75083556199308	0.546388049889566
0.0288235559180433	0.017091874728813
0.838233482129389	0.876845308069539
0.396024933516971	0.226195455441666
0.497389649309095	0.461887550182002
0.399669612881777	0.325434377115977
-0.326217680226833	0.279951354358186
-0.740423139667875	0.968054321341378
0.602214265983302	0.582821561060711
-0.348089349843465	0.320058529456619
0.398895517433152	0.277116160983013
-1.1143440462202	0.540707013154826
0.403632537227691	0.139839884189156
0.387631395002869	0.203744369619616
1.59470739222458	0.85474153603705
0.372583028617614	0.175978797190814
0.632282847428213	0.352728572431533
0.906682628322984	1.19631380700733
0.193660636497575	0.178017638536901
0.141812133034718	0.0886832257263414
0.0636000751853239	0.0473165492284576
0.399000722417802	0.293018170923285
2.82880906371033	3.07245339655792
1.03232726684426	0.91135634635286
0.264802209253012	0.174630751522979
-0.433339404911638	0.364647659624483
0.395960444282206	0.226116997094022
1.36834733364942	1.3634932741219
-0.00460590115827881	0.00213630146959521
0.0479061058216731	0.0241734985376833
0.764486778123062	0.331447869942357
-0.981399630784679	0.891065326956382
-0.348238574854348	0.320251230294046
0.196505607634886	0.145735446962698
-0.395627054649995	0.36125200859468
-0.184495602328439	0.0791280415311326
-0.00477832280722481	0.00221735527016294
0.0480962799788868	0.0242535111837348
-2.54154023086546	1.70666508754853
0.671567142878356	0.33484663200897
0.928757462515204	0.545183921949788
-0.0788332563552394	0.0353882174785728
0.211934111461218	0.113871149144747
0.39965025996939	0.309657884063074
-0.298681060259313	0.237447909614573
-0.171998424677568	0.10308111895244
1.49719585959021	1.43025097472277
0.250790671040038	0.155292789736014
0.123703451818997	0.0919061352472411
1.52782493970326	1.0667583525539
0.671378649492526	0.334583333907498
1.8331563644153	1.1399795081543
0.955740311572938	0.344597279041458
-0.95187692509697	0.272670624519378
0.440364661588217	0.120386763104114
3.44549632854058	0.961689054878872
2.17513790583725	0.973023061087874
-2.94720125929596	0.646055459499367
0.449482770198073	0.0873321855854351
0.448931724883838	0.0872096407569261
-0.51764708606635	0.178953973086848
4.34099724144875	1.77181545776499
-0.326826054547014	0.129307389949932
0.0478951238309963	0.0241632634006464
0.365795892718222	0.150333644094674
-1.32934427758984	0.733020573050618
-1.40182099425293	1.05074397500167
-0.167655258361164	0.0868735579417123
-0.95187692509697	0.272670624519378
-0.18474927035291	0.07921920886612
0.196398798690872	0.145631620993725
-0.801813740537856	0.848049241128343
0.399382295130321	0.340494946368489
0.259662810996989	0.248634973285428
0.0853402526977535	0.0750030452388273
-1.03254460870432	1.94448247498359
0.522387352151361	0.423910040361166
0.39871435201781	0.260758980227525
-0.877128198496476	0.577191008258668
0.60666747478801	0.367841714094269
0.0829103087058118	0.0646065311862576
-0.638903538139487	0.764192824063773
0.85480022931787	1.19158264939089
0.0700373477374778	0.0592535902326473
-0.41764826743015	0.50548297149016
0.399082266489205	0.293119180756306
0.372828104257578	0.176187601416706
0.163606102560209	0.108818672900978
-0.00462697564859522	0.00214403876152766
0.845952734120206	0.715189374908091
0.81311955285961	1.19182978755166
-1.01150112825717	1.36451584130126
0.155605590626715	0.126774445453077
0.323786824188885	0.311072493564794
1.09694643064855	1.40788168121966
0.0510094642412937	0.0491686443472754
-0.0392669463724804	0.0248976618460887
-0.0488089875965929	0.0266177615123385
0.264825492432616	0.174630569124582
-0.0761602239433356	0.0474406546388811
-0.889956812825115	0.758402852078309
0.163584195930917	0.108799843938814
-0.572963935477394	0.392030574725598
-0.877084922463205	0.577091573709713
-0.578975115762517	0.267390226446819
-1.449134348695	1.34643938260493
0.0290113532844415	0.0172048544907705
0.29772846956289	0.354168963283689
-0.149577836900223	0.141325114924482
0.328734514816496	0.327518394470434
-0.825313591982397	0.599686009158765
0.399698378494952	0.245331839655781
0.564130014999798	0.389398997481229
0.79652044983038	0.5464742420311
-0.701870683447116	0.471060482975925
-0.048928130971809	0.0266820435245928
-0.578932087841688	0.267346135716811
-1.27063082055851	0.885275144897396
-0.358601625161616	0.230018412531975
-0.0888572498983243	0.074111265897215
0.0834213626748523	0.0558700760786796
1.31627634128066	2.00182195834439
1.80621140057555	2.71960233878976
0.403582297446559	0.460234560062432
1.83336714157312	1.14010425616772
0.403887011029617	0.139900753756777
1.30832400447743	0.79777889706228
-0.516625938445608	0.17859542475739
1.29047191149383	0.361322640689658
1.29007573135185	0.361162560899904
0.373053344931518	0.176282869574425
1.31754699712777	0.590324009457586
-0.104674754370764	0.0290881727694566
2.59830808808347	0.565621890602798
3.44549632854058	0.961689054878872
1.30833867576296	0.79748357258179
-0.788101962939554	0.414130609919789
-0.184617640808077	0.0791844639739394
-0.327441044350617	0.12966822779127
-0.449820216110179	0.282733562407957
-1.51151154262208	0.927724141804404
-0.968272243637976	0.567172585007472
0.0478903049748244	0.0241603677989813
-0.9676881851453	0.566449087740737
1.52760044668779	1.06645806620459
-0.298952717156067	0.237755631770726
0.083015682803217	0.0646858189559798
0.404032003874348	0.474332334594909
-0.039201130894331	0.0354529637042722
0.0380926766395407	0.0355407432356174
0.647030281003315	1.09554348142766
0.401492032847168	0.415785476259859
0.546751032897838	0.399472875834704
0.504391886054645	0.44906628864148
1.34272182391304	1.0146264042384
0.398788702445974	0.277022374151166
0.286312443114443	0.211562843707214
0.058676847590958	0.0370693788905926
0.399399289046053	0.370191095491127
1.0097525575002	1.53101285775366
-0.0286268104219195	0.0224233826960904
0.39953817911878	0.34068496776478
0.399608988345412	0.309648467855412
-0.314921305698856	0.18046368292624
-0.70190117287605	0.471095771394012
-0.18438336931455	0.0790808605857554
2.04762898972722	1.45306199877903
0.234291393901341	0.135604455620529
0.917278312388255	0.884409022298023
0.751951937759708	1.04296366942361
-0.00924412071693378	0.00666457838820568
-0.242598255469465	0.211350814982338
0.674639672204308	0.730605303796533
0.0479668102951513	0.0242035155870716
0.0288508268156486	0.017108910813176
0.396046476092211	0.226243653582569
-1.32946833469828	0.732965002131583
0.211797232378301	0.113783323335555
0.533329532533883	0.411241844029059
1.89229099328829	1.63175084687617
-0.391845296294967	0.191567449673164
0.264658266871447	0.174547011346903
0.336985763699637	0.359035431166754
-0.17525567567121	0.154296801101817
0.399384560053957	0.370248260620243
1.02257063057321	1.06687882467591
2.04758668313644	1.45241575348796
0.0617424742393982	0.0239084459082885
0.396132754922445	0.226326677718278
0.178553562825416	0.0880207736400299
-0.391368449200474	0.19130152788782
0.399542940036478	0.245217361896434
-0.00486435955028876	0.00225474722485634
-1.24545863326835	1.0224502405297
-0.500228233640452	0.416045323723521
0.30154402023457	0.245833358350572
0.656312403674297	0.556815343915179
-0.571518586146758	0.312432773778368
0.307634491053212	0.262156519345128
0.0833763555440825	0.0558371249873706
0.294624588337035	0.229092284949089
1.15474341908886	1.10922586789114
0.632055174789326	0.352583555456159
0.956396713452994	0.344907057276545
1.52748833786459	1.066126190345
0.606920023753657	0.368081471821074
-3.48219873584491	0.919655084022901
-1.68596857506758	0.70320287292914
-0.327230881004658	0.129566059642725
-0.104191034118389	0.0289508643830017
2.59836788378482	0.565681354882139
0.449482770198073	0.0873321855854351
-2.94720125929596	0.646055459499367
3.44549632854058	0.961689054878872
-0.579047233084989	0.267435837190726
-0.327335889648938	0.129624283363844
-0.579090117832204	0.267455039000505
0.671465868796485	0.334774054050095
0.211797232378301	0.113783323335555
0.0480962799788868	0.0242535111837348
0.79649870309776	0.546379576538645
0.711796642593891	0.546274512948649
-0.951510131474032	0.272461351367526
0.396176409966509	0.226325721913052
-0.82436308791146	0.816694713454337
-0.3812462856648	0.395663419360529
0.209917139114848	0.163461537515847
-1.16176473042519	1.8997792298836
-0.667868958985822	0.994096329868063
-0.0285826128134364	0.0223898290309069
-0.824232160893451	0.816656260054727
-0.0489937644034561	0.0267199564240236
0.398780818069297	0.260842436667706
0.874737907075508	0.879209687755578
0.232311924467155	0.197733340031105
0.806992809505131	0.876000316628624
0.191546548122542	0.206310224557665
0.22906345550874	0.24107551957458
0.0627587465449678	0.0624274498841286
0.241990670682709	0.214597365716191
0.0480130451548229	0.024225429664649
0.399690400102612	0.24532046887855
0.937959392803497	1.20178821795617
0.278022156898455	0.374194293353285
0.365691750007034	0.150278237952888
0.399362209541895	0.340488220509392
-0.578981771577608	0.474775511601344
-0.701733296858074	0.470750763953156
0.399713383834751	0.30968759644865
-0.0940565645939905	0.095138855645474
0.35916270567446	0.501373860286549
0.155099829519264	0.147123754190936
0.0628293197045039	0.0625020047740241
0.644526786197403	0.74617875867186
1.0088555194651	1.68317312262436
-0.217452189601796	0.161116070471731
0.14050139907771	0.109464650606906
-0.579274580544113	0.475386205460311
1.36215994324786	1.1972387166861
0.7697048500773	0.713365515733353
-0.348238574854348	0.320251230294046
0.454124209255858	0.642754999031587
-0.53986856812465	0.680733062709452
0.549484505090487	0.862458824018489
0.29460400870286	0.229088037995619
-0.217410789822541	0.161083572869334
0.564317092367707	0.389632583146479
0.196402420382314	0.145598876181579
0.178315331624704	0.0879190895682354
-0.00475680929605525	0.00220672361861251
-0.968272243637976	0.567172585007472
-0.665836717458412	0.583959669719534
-0.376071889165895	0.319753127321117
0.46728009255225	0.568190454630656
-0.471668642290774	0.485472335498036
0.497236432279839	0.461786244409188
0.196526230856115	0.145743654769166
-0.00921089211792067	0.00664117848536329
0.30751802204115	0.261958390192011
0.796434076670658	0.546311995607716
1.72106433760576	1.34644340349619
0.250540046641692	0.155129683229478
0.396154537368834	0.226335141231484
0.602361599601386	0.582794678301071
1.03223474756332	0.911370242557373
0.546803549672268	0.399551531032605
1.59563961177111	0.855317024832039
0.671610898104777	0.334894991105506
0.387243002769636	0.203459271620111
-0.00866762541139504	0.00285038216826518
1.05626564904319	0.549859734255288
-0.327231183041061	0.129525284241862
-0.391837132279878	0.191577190293029
-0.825418566040116	0.599664233386239
2.8795274721859	2.00181081504949
0.449356737420673	0.0873001538306624
0.439756163615296	0.1201634870976
-2.10727742655476	0.3785967871456
-0.184025732944261	0.0788881612199788
0.365690195287924	0.15027180821769
0.399698378494952	0.245331839655781
-0.224336677934566	0.149274089294747
0.398802943932428	0.276921409611339
0.533306260837746	0.411205597793101
-0.968272243637976	0.567172585007472
0.671422211026953	0.33472577676997
-0.411355450797932	0.400792253421648
1.38765834060318	2.55138086153753
0.494550052388496	0.788252375097891
0.155039992522015	0.147072603905421
-0.0173608191232496	0.0177197116939761
0.128632282452826	0.165051027249551
0.314891244346804	0.512251620609814
0.586690147885117	0.802942643386581
0.318648183994018	0.294697766351073
0.711464378119602	1.21308012595943
0.0136088789185696	0.0101348422654433
0.116391353791918	0.0681832637592717
-0.579422604835936	0.475506520812133
0.398690755140477	0.276941906629452
1.32408909576065	2.17228476682502
0.40387491081389	0.527425348821554
0.116391353791918	0.0681832637592717
-0.825142928248916	0.599571444913089
-0.00637557637037879	0.00355970996600095
0.546803549672268	0.399551531032605
0.135781273710252	0.153073489384056
0.0631633968750267	0.062835311298664
0.287779901346734	0.407189404034382
0.133412142138049	0.134339901654896
0.1555336677008	0.126704851836775
1.14761202786735	1.7444240972426
0.0635557861732776	0.0472898986758956
0.712061048069147	0.546653091630455
0.343300447593881	0.388876804001339
0.809283541585334	1.03398526190765
0.0288508268156486	0.017108910813176
-0.877063949356056	0.577066528922155
-0.719689042218676	0.767300529601493
0.144739852376438	0.167844666611511
-0.0512635330746654	0.04924919530698
0.0202930766075981	0.0194512213234959
0.0288765481797219	0.017124337713658
-0.22428532991342	0.149198968742214
0.606826204302058	0.368017845521227
0.398774442714311	0.277029786852801
-0.0488089875965929	0.0266177615123385
-0.284937084019873	0.186191599340691
0.0586109535655877	0.0370290854361946
0.681065128684954	0.550417910328223
1.47055972048699	1.75572694879214
-0.39459291848953	0.432170903823061
-0.0887769392586089	0.0740272757347378
-0.444571942304298	0.511363321132316
0.0136757801104586	0.0101840976211911
0.323809797782511	0.31110927953638
0.779698709476563	0.876174282801604
1.61931665140074	1.66854033005425
0.764280160087122	0.331303341451248
1.5277028808094	1.06619660026767
0.584751571128831	0.379962887188801
0.796649935663657	0.546481330595372
0.14050139907771	0.109464650606906
-0.0790660786633357	0.0354934239501734
0.671494664560962	0.334807235682389
0.365691013165346	0.150286033986656
-0.847833196182046	0.353207340512575
0.402989430804172	0.139588222045671
-1.35672844137063	0.47506664569878
-0.0081408866142675	0.00267744478079309
0.67158217394513	0.334848424054662
0.403632537227691	0.139839884189156
0.67150962292298	0.334766898185218
0.399624374491165	0.325372109335796
0.365902525614416	0.150379543777498
-0.406143088696864	0.0911104868149055
0.449482770198073	0.0873321855854351
-2.10706742962015	0.378548652882402
-0.184739462555253	0.0792331882344397
0.0615396189200832	0.0238160009844623
0.264565155787059	0.174407364669772
-0.235567724001161	0.138125157356038
-0.0759051448786092	0.0472913722500453
0.0617712952826897	0.0239168790122259
0.123645867442781	0.091877566031278
0.586533154873494	0.803085700766725
-0.135690157161487	0.144283218424174
-0.720891513139979	1.02807256602238
0.715459845494139	1.37727457185066
-0.502074308902948	1.0273718535217
0.115802884798259	0.133632937929024
0.545055061377072	0.647929221054805
0.314166566371321	0.61624738004835
0.0743269591189776	0.0762484620541554
0.656204987181497	0.556596773272788
-0.0784838709809158	0.0605959569003531
0.838229091966295	0.876744684196254
0.905139883130899	1.50108121762853
0.235889284192195	0.255862884647246
0.449651519689831	0.697170470794503
0.140593167740699	0.212910484046454
-0.358640290259768	0.230034639766072
-0.0784678846214701	0.0605866114680809
0.294300249379735	0.228744235023876
-0.115247991774987	0.0955651279413068
-0.0783678851086653	0.0605111151387337
0.25084075261223	0.386433180161478
-0.225675521224956	0.288359643955016
-0.119880309764534	0.157690301575852
0.379283866680614	0.6366065944855
0.0203590542195737	0.0195144601371213
0.232184719639563	0.197644496391563
0.340092649986248	0.37373034663216
0.783492253158974	1.34454398206614
-0.175994849855538	0.19635510649993
-0.411227313964662	0.400655421899776
0.0294557613628225	0.0248347629366853
0.0700718511442505	0.0592851315949214
0.29451780077967	0.229011585671989
-0.281984440451377	0.243935626857212
-0.0247960352534825	0.0209913461204472
0.04713209799919	0.0592167960485871
-0.011646684371365	0.0124621484891533
-0.221205683802429	0.348251511618671
0.116363774166538	0.0987305651723561
-0.097713883041279	0.0872971598126664
0.0585918553379603	0.0370192038447161
0.39947267127484	0.340626777725325
-1.14889284947374	1.17269849127263
0.276662130961792	0.193532353478315
0.512866065740918	0.436662002577441
0.497176170399837	0.461686114752281
0.571989650690836	0.820972694594279
-0.289331228817292	0.285678840965715
0.0346352510997537	0.0269749486616056
0.232333862889675	0.19778017823608
0.643535468862757	1.87823642403964
0.308769997270427	0.397583569184842
0.0853402526977535	0.0750030452388273
0.0596890093518146	0.0541207932166667
0.155793516214457	0.126926621799664
0.635564005317325	0.565008227026761
0.116224017930216	0.0680787722672144
0.264848775930256	0.1746193409358
0.522334344578273	0.423865103654156
0.25061916968494	0.155193208312974
-0.351909434642379	0.276629510394756
0.504531068796666	0.449172554204047
0.209539018422756	0.163098587594518
0.497256514275307	0.461780828443272
0.0138252474958478	0.010294756577559
0.267985052564901	0.342635425443275
0.404960425376672	0.59625860253434
0.0327083998232369	0.0362056678950922
0.328666800003836	0.327405518418645
0.642609449460991	0.929655904201772
0.504375390870268	0.449122629618846
0.711968581035779	0.546565959336452
-0.0488223758110372	0.0266260448981406
0.398909748906723	0.277074306709338
-0.327547000333358	0.129657395648122
-0.571743456153145	0.312557694105377
0.546948364222488	0.399602425564261
0.0584629558579508	0.0369341675612139
-0.573069444667283	0.392154228921532
-0.0789466320583325	0.0354412383139809
-0.00467057234517247	0.00216620810420213
-0.00475680929605525	0.00220672361861251
0.750898958716416	0.546360004087353
-0.449567449519245	0.282520625046012
-0.167769546593812	0.0869293755796974
0.289810533101563	0.326039527399481
0.085106151855208	0.089985459555653
0.409830305396576	0.661016193287845
0.652707142728861	0.922237907964205
1.31690798760239	0.590129049397097
0.40427466411489	0.14004859743002
4.34099724144875	1.77181545776499
0.53312519403382	0.411026461301314
-0.131123053864947	0.0900940267751824
-0.131212887277098	0.0901629643677175
1.07109045884358	1.70933826316511
0.328643418392043	0.327351356860077
-0.897930957111916	0.939844222374839
0.0595746058897444	0.0540110880097666
0.0289840778068076	0.0171894330672799
0.221612631380022	0.180649625956717
-0.0212831553017582	0.0205686868504673
-0.122385584547117	0.143463535129838
0.0552311204360925	0.0614263201970903
0.114740295441169	0.150234357249499
0.295507539185708	0.498575185085922
0.419304483601632	0.767066856645135
-0.0515846090473941	0.0495893416603776
0.681088260233002	0.550461509138893
0.554481493095088	0.851902634338501
0.145367830794519	0.196268839461763
0.176891305397328	0.206239791588156
0.497349454550383	0.461879062046642
0.232157103746618	0.197624826088844
-0.139699680488765	0.105891230700775
0.0988497525067828	0.0900386830396361
0.312450737193583	0.41259627014444
0.722735001064674	1.20764456030711
0.286482495123052	0.211703912226392
0.522411558342393	0.423764426893118
-0.0945393578382475	0.0658711107151154
-0.581772393937408	0.516603728381565
0.787869345737715	1.03562419566802
0.608518065567418	0.96215177004237
-0.175766460622756	0.186077503317358
0.572136487898801	0.821405572624156
-0.336762467351149	0.466852523875015
0.318902649266097	0.294993250046628
0.79505736199229	1.19351025946141
0.0597381399114865	0.0541627977280004
0.155881950674595	0.126930879124834
-0.931681859627576	1.09114737529994
0.481451554840224	0.50060375747627
0.551569449043272	0.635898811697643
-0.0071480443846047	0.00563508835795905
0.693663765834084	0.725153457310923
0.906610807237593	1.19633796669489
-0.175521015452709	0.154687651961999
0.196571155039691	0.145799378267807
0.143439996748098	0.131348440185014
0.133144647151358	0.133997179936246
0.155197481582626	0.147206268155478
0.161010112686685	0.177468621579687
0.153334021156027	0.182817934860716
0.399377474592512	0.370218326516566
-0.581710449135816	0.516499216666256
0.917308012558431	0.884078441217709
-0.449420320191667	0.407086076013793
0.0855047295225229	0.0466274822827962
0.860951798594377	1.03523014207993
-0.674765676785215	0.545649823465162
-0.171952098581378	0.103047850133584
-0.00732374549701143	0.00577248836438031
0.123566366575258	0.0918206157842435
0.313321043993955	0.278373330373963
-0.766306935255432	0.662900709878385
0.399167817534281	0.355151948231955
0.403992002391337	0.527772152629965
0.130546157249936	0.115176937435607
0.399644981936643	0.340756543598102
0.0828211545760976	0.0645187912618727
-0.708950034880989	0.801241220018575
0.234396349619033	0.13565353178987
0.163564873806924	0.108792680582514
0.631941480740873	0.352454317015294
-0.471940885671565	0.328935283128993
-0.10060690072741	0.0534984057920706
0.546737724120211	0.399480929625377
-0.938735239640749	0.73390564546803
-0.868544311356766	0.967878607688032
0.0634784331156925	0.0472302539555288
-0.325706016401479	0.320365924649754
-0.584694723226634	0.735516842374846
-0.500228233640452	0.416045323723521
0.545075725605364	0.64792626945351
0.512931829781258	0.436705582673168
-0.568526745642155	0.350010654970929
0.178394582455224	0.0879597751455033
0.128496054262865	0.0570471936487537
-0.674844414490949	0.545661184705511
1.0442507952022	0.75417682170438
-0.358719266708361	0.230082368721598
-1.12668504630645	0.723641797428308
0.584751571128831	0.379962887188801
-0.571624596727463	0.31249828110112
0.764898980443409	0.331545372027833
-1.12692027910398	0.723978664203291
0.963554013368603	0.737102462140653
1.7211940026025	1.34718905247286
-0.171854279210956	0.102994903376511
-0.0977421550992012	0.087330122912024
0.497222618311079	0.461675849843313
0.154783272720377	0.146718788143664
0.0729093262047376	0.068399150851156
0.315529927451026	0.427255314802145
0.123464934646896	0.0917372677950668
-0.406653408801407	0.0912540543799087
-0.0393981764029331	0.0249849676031559
0.169577724751783	0.144149157984512
0.545099295653444	0.647964865514188
0.40044470479921	0.400412287506984
-0.02851169033617	0.0223331704479503
0.504350812989721	0.449078774837608
-0.518717139325865	0.498710792667444
0.711928262731637	0.546541091843573
-0.413793633721842	0.320969820892725
0.00941343593796958	0.00819806068240049
-1.07224725499399	1.63339788193192
-0.00911114709623453	0.0065699635116701
-0.295084740828704	0.325685613252943
-0.191726944913751	0.234759670336391
0.0194935854931004	0.0198043047917785
-0.940630546835282	1.7211263912829
0.77994418840338	0.876182346877236
1.08191949778297	1.08398924701774
0.247426427191706	0.284193309424915
0.24424999075458	0.3271688053613
-0.585862898837283	0.838492200012782
0.183486176423358	0.191744152203031
0.893641014286442	1.64500546538104
0.213225125200383	0.210411426400182
0.541159034234087	0.886605663270522
-0.221985881697172	0.233738202657927
0.301537774326487	0.245829002801816
0.474819250957101	0.527829121859988
0.302085908184128	0.36916442526089
0.143439996748098	0.131348440185014
0.403667466467376	0.513579920283101
-0.126544165540466	0.119995489143874
0.130443001088637	0.115050755359887
0.0533600984803309	0.0433725444653199
0.116384400022193	0.098744929934484
-0.139945810157123	0.106076499041856
-0.0343865416848875	0.024539334612656
-0.226516888886468	0.225117062216496
-0.406527140322524	0.468609498248511
0.658646377278559	0.738049434180312
0.528062594789014	0.6823486563648
0.0965328946309819	0.0966065377828907
-0.199570096377166	0.198972618642285
-0.305836931473833	0.282943420461843
0.611629223415265	0.774345775486154
-0.0838224382724038	0.0895704727099741
0.560141857171244	0.841964914692757
0.0992008487801985	0.0903897795181232
0.273335480113824	0.358850394373361
-0.00703374742481555	0.00554521116332403
0.116319560159118	0.0986901914291856
0.475087675482137	0.528225509908907
-0.395713988074969	0.361346996916854
-1.47880766698375	1.64759098598042
-0.0344660970915898	0.0245981409123812
0.567106649114995	0.612381963996945
-0.207384860584102	0.181775694364755
-0.585162835395546	0.595412768328562
0.972402756486909	1.05483487911551
0.0291173019445393	0.017266599974287
0.779811396220978	0.87626515296942
-0.176006165815773	0.131975979136295
0.518596895500548	0.704861322968611
0.664521617772204	1.08052719418896
0.00920958736051687	0.00801892885342874
0.0975226964063552	0.121376647776789
-0.0244165892079505	0.0206733595965953
0.541001741009266	0.886073437471625
-0.0775743660898163	0.0786815978948793
-0.0285650077781804	0.0223727650960806
0.0829103087058118	0.0646065311862576
0.401312394557956	0.415598152172102
0.874585109278181	0.879300443891358
-1.16030906791982	1.62105448873818
-1.56025208093225	2.11472928441806
0.0586109535655877	0.0370290854361946
-0.0887504741294921	0.074013016093887
-0.524931376842375	0.537488822556048
-0.411260697949849	0.400716533666741
0.404115371398802	0.514548144991343
0.130653040867808	0.115282145680181
-0.242664949598172	0.211427573360174
0.337030739702378	0.359174430386806
-0.212605343275744	0.172450378501617
0.301604328908405	0.245891631114233
0.937915757692634	1.2018535714158
1.02233124403325	1.0664180482969
-0.00631528212526665	0.00352626021625771
0.276554597821924	0.193442752888539
1.15003764119501	0.773920592462937
0.0836386471869281	0.056014884870977
1.03195710721328	0.91053284243886
-0.0488357677346139	0.0266327969000951
-0.39014201100796	0.276459800734295
-0.224416920480156	0.149326489856746
0.56701845112071	0.612144645444867
-0.433253283193063	0.364496551939643
-0.100427730451234	0.0533968200283202
0.7510452723855	0.546017472753696
0.221475329703147	0.180512484398038
-0.529631744395637	0.57452572374803
0.0572056227349101	0.0601998808054869
-0.175544630901987	0.154704392804524
0.193744835448829	0.178154828775521
0.349986899593527	0.430870452934102
0.111883602034821	0.105536850044349
3.44556547002046	0.961475626406072
-0.00825098414165935	0.00531839236576663
0.399228404544203	0.355333715609178
-0.0489013694262602	0.0266701962197787
0.398653331140568	0.276880501006235
0.178300949641365	0.0878996403275426
0.584675168308242	0.379860425930649
0.0633347972227344	0.047109459691025
-0.0630826269113793	0.0445103487926469
0.658588409525715	0.738050228435181
-0.486726981643425	0.558520750061606
0.533255361430788	0.411152401885777
0.116295953547251	0.09866707543367
0.30154402023457	0.245833358350572
0.504547822237449	0.449348903948955
0.50463784827572	0.449349169619172
0.584721353956748	0.379925831477889
0.963485578094049	0.737033103872343
0.398978869716779	0.26101254726313
0.399214271315013	0.293315937795653
0.125670096492771	0.149213436701442
0.102759324902754	0.137171662030458
0.306646249175088	0.477281007479924
-0.189141344445378	0.269159450880245
-0.268630641474924	0.399170818494856
0.404123531104715	0.514596223099496
0.0330906648536341	0.0327412776470214
-0.177448983438667	0.243598207392714
0.225799953757448	0.27969511289227
0.0553004545389264	0.0615065649605121
0.167324147324398	0.242485502142725
0.520804793082091	1.08193994520637
0.0870001713884251	0.10532919847319
0.219546522216092	0.264732288914483
0.152274516012452	0.162993453388121
-0.520596047651337	0.808817520227259
-0.0439637737576024	0.0492085325665914
0.265483307767446	0.43608292369535
0.227410533290152	0.318717204721266
0.126593582102953	0.138613855374363
0.0362538966954596	0.0423781550570426
0.0661864116309619	0.0757576645701017
-0.0391117004135616	0.0353684167663608
0.506183585698643	0.73841385867746
-0.0944971596214926	0.0956300704945544
0.502440085287313	0.749652316696106
0.562130999585506	1.11022941543348
0.232230980626719	0.2954126997743
0.115498676100209	0.133232742394077
-0.214948260453666	0.251087819922388
-0.551195654054336	0.82385430746163
-0.117610348521406	0.125296283272561
-0.267584466901762	0.296040799456724
0.126641312724421	0.138729871835457
-0.447569978673832	0.7930706985763
0.0960879320230357	0.104689164957127
-0.369896061159137	0.533252236375684
0.0778549551303517	0.106971451663689
-0.326558010973671	0.434816578010454
-0.819092875671829	1.21226377411589
-0.175146621832397	0.205064679341888
0.401242764473543	0.415548679557765
0.182158748973975	0.161203181335469
-0.226499484985821	0.225101979340349
-0.0651938173053836	0.0546652615422301
-0.923469893400937	1.58012234451696
-0.137806079526908	0.168475571948805
-0.63473052699581	0.796741579853404
0.229317336612767	0.241340565481086
0.323898865610119	0.311221953017559
0.403727333979092	0.460432794727645
0.220779739582668	0.302053639650274
0.348435312904461	0.582460216497491
0.0216911924607722	0.0233362738836774
0.413168670781416	0.696342198215393
0.225965123369325	0.27994686584975
-0.0614399991554102	0.06245936625522
-0.0535244696664196	0.0573061615941657
-0.0435819333415959	0.0367187769740489
0.169388205957919	0.143962824702104
0.225763722831299	0.279648156452244
0.0204712775451502	0.0196225641214259
0.514073491370501	0.715398811353776
-0.280264884574504	0.373247284941831
-0.314571983618663	0.401018087056949
0.212885618478112	0.249762259785279
-0.336677768893368	0.466637478031173
-0.326236627259313	0.396967855836969
-0.0514434328259166	0.0494446426805925
-0.92335627705643	1.57987584562842
0.333090464050038	0.343467941135964
0.0119798165243856	0.00971402447113488
0.938096704222454	1.20215295223154
0.123617497021085	0.0918583041397737
-0.583769331788206	0.556563127992861
0.399469015900662	0.340575435973702
0.323920457598895	0.311225939434377
-0.00829581607007071	0.00534680217442291
-0.282087699681588	0.244033265529035
-0.308173585613694	0.321845672759447
-0.0888954477668105	0.0741443709139374
0.497063102201755	0.461548138594148
0.28646056595442	0.211694108651968
0.567338801455163	0.612635598613336
-0.585285575147905	0.595550969236613
-0.366122968522701	0.358391146980089
0.192306085516302	0.236897279877294
-0.231919376376467	0.283750655716267
0.145016690473151	0.16817352584329
0.801068393782046	1.49345990693725
3.44549632854058	0.961689054878872
0.221373991086894	0.180401339882389
0.116346242314286	0.098701523533616
0.141998448683475	0.0888256576774279
-0.0887886704007012	0.0740483788547225
-1.14864148323084	1.17188689612572
-0.0395951974240842	0.0251097479932385
-0.461733534675366	0.584289168631206
1.00968495083878	1.53093817616729
-0.493108620302989	0.594436226253274
-0.435099326655134	0.47530367777986
-0.207266666509134	0.181643411696856
-0.0888533360280532	0.0741048731733318
0.0587178970587277	0.0370943476325147
-0.326159922484406	0.279907201089532
-1.01122121898675	1.0470081680928
0.845728421926689	0.71474764956451
0.0288492790676066	0.0171063524837311
0.927814645225576	2.81815272372605
0.338462456713029	0.651178458902838
-0.553443994330397	1.01695205998735
0.152234893530695	0.196092984606779
-0.0000261149401211292	0.0000288823752676073
0.0317116418680603	0.033213462228855
-0.387348193700524	0.536709584324631
-0.285576017808444	0.453728885203439
0.348522818096619	0.582632855780185
0.309029513360171	0.570575461711954
-0.222671002007792	0.3183333040469
0.382319032407441	0.655841329091695
0.123197896396576	0.165372100574051
0.308620394917644	0.397368772878424
0.0788730094789361	0.0880089754840759
0.455863219447657	0.630053920296833
0.490016952143001	0.85129447198327
0.361266128275936	0.666185643192119
0.000292894137578996	0.000339539770986224
0.145616726244571	0.196633722422575
0.492790956744155	0.80226111233927
0.301628545527054	0.368727536699728
0.451355010208965	0.668948930982965
0.36620383513234	0.548920259511666
0.527183060367705	0.977981173439584
-0.120803868911181	0.135290370091889
0.0896764390408917	0.103036891345357
-0.211206802906819	0.258536346031701
-0.387428504441885	0.536886100152874
-0.222149139644594	0.233928307804521
0.00956015374178987	0.00832549227195899
-0.215133191677862	0.251361762845437
-0.017919432781321	0.0200088714835916
-0.332861048404984	0.599371022477141
0.524268553937159	1.03170125132212
-0.509704155526411	0.703278403608736
0.830289856427755	1.49085361255105
0.61611640628939	0.953476020429702
-0.50957731597273	0.702821108470332
-0.212619627852442	0.172495534098922
0.403926829093986	0.540927478054489
-0.222059609687242	0.233813523341287
-0.117554198084027	0.125200798936457
-0.0516648618490108	0.049669709427958
0.462231171865818	0.592742995499215
0.809222851802024	1.03373427818162
1.04324631962449	1.542593321949
0.664707490162479	1.08069653213317
0.283006762651983	0.390670315539521
-0.632372112209251	1.2720347968205
0.499495584546916	0.762005757719367
0.175140405887672	0.177493422240259
0.0506026171691955	0.0487594117628604
-0.520821645993466	0.809478056197807
0.467325783403992	0.56822364155626
0.408311499991091	0.644034262509851
0.537803399250069	0.899738743501665
0.0203986771074918	0.0195534991672229
0.646926771650182	1.09549315740451
0.191627214682918	0.206439186406156
0.402349025723612	0.431050943756981
0.642623795510044	0.929717116730616
0.0729663129998943	0.0684527571716461
0.029733015164618	0.025064721554063
-0.721196807833693	1.02884995237945
0.509989906605741	0.727131077147796
0.219458842815857	0.264613337894954
0.268000466102229	0.342662687270839
0.537918214637304	0.899503272822912
-0.8692076648638	1.49045686742074
0.206095217417626	0.235213450825432
-0.155111391185987	0.164610417674152
0.111853301312644	0.105539199479993
-0.90540181419442	1.6049499729463
-0.0763298758786301	0.0684717824597788
-0.529627440733278	0.574567738550391
0.00967432704597416	0.00842384959834257
0.798711445824166	1.34362271927999
0.289671569190047	0.325834522143692
-0.584945198316318	0.701835663535353
-0.267550919139034	0.24870243133602
-1.1541382455632	1.3254939006993
0.140523028683526	0.109476287312099
0.675483594394745	0.907908495343077
-0.583973575823212	0.556805013707899
0.544943017935524	0.647757107826521
0.693783230868821	0.725236123570522
-0.052038726120845	0.0404763401431132
0.89389019857056	1.34913590060038
-0.587371341246775	0.911277454277307
-0.00692559658992077	0.0058907421769485
1.10299959292283	2.18068272213547
0.206033869504881	0.235102809977316
0.315678948511904	0.427510483358438
0.169505602285456	0.144089788968828
0.181461497683364	0.127719005886034
0.100517012950103	0.081815294892428
-0.00643587924542967	0.00359301632558093
0.533194990916055	0.411068231065921
-0.453613421045064	0.547841811162615
-0.212648600695035	0.172525653603284
-0.448886877843998	0.406086582120597
0.658516176958088	0.737886173087118
0.0421210997734316	0.0298396323770174
0.477960678353038	0.514272442150962
-0.202773562213461	0.190159569118289
-0.351671673042719	0.276359714240994
1.0224903548817	1.06677543704651
0.000903646385884508	0.000968621148851356
0.129673895666777	0.188770651404487
0.361603282784573	0.517143273249922
-0.45687215497359	0.684317429256668
-0.39604306140199	0.503068410542699
-0.709841767902875	1.34909680070233
0.408258133116742	0.643745655564515
-0.133028685216212	0.181418172125541
-0.0554603819340574	0.0747996039730648
0.269051947327712	0.450539106941794
-0.586932240784241	0.944120610921505
0.27343151013346	0.358972787580843
-0.0515846090473941	0.0495893416603776
0.373652895256027	0.599778879175954
0.116913656377685	0.124345957032467
0.586871709367582	1.29533962998443
0.220956400643326	0.302305847613564
0.214017227278116	0.2854450791314
0.354265753005839	0.617043162795714
-0.0175005577192737	0.0178629008070237
-0.090150511201503	0.105503952484619
-0.117544753686161	0.125237987302052
-0.0509249547501545	0.0616765417164604
-0.73807606925835	1.22706522140476
-0.30047607713968	0.366349605389621
0.348211568848521	0.417400160268381
-0.121566826205977	0.148464280857981
0.365503355039997	0.709345826916827
-0.120073888493049	0.157927087246078
0.226297824304819	0.346984837791212
-0.00733049964113868	0.00710167617007879
0.927873374583628	1.50695930981898
-0.314129696280287	0.400495836530708
0.204028542108721	0.194525660613006
-0.112522396549348	0.113580827651732
0.298106735161127	0.354809361104926
-0.276685150950783	0.28971354715021
0.664533076853477	1.08037187415573
1.20713213648118	3.19888123625795
0.251268286233434	0.231791520224111
0.632664589795622	1.11498528756764
-0.012089249394698	0.0129365969260384
0.710129174901251	1.58656962359791
0.524108807283508	1.03104862896322
0.11938221126625	0.149139771170409
0.22074067101885	0.301986310021372
0.565873172850174	0.831110733217532
0.403777138894095	0.553946357692914
0.0724615352288875	0.067937928968851
0.213180374098069	0.250222735146578
0.0451417381507809	0.0460679583591951
0.337068738048848	0.359217275010835
0.213130408482902	0.210241968342085
-0.0888611589655263	0.074113757340938
0.756320129312112	0.878254139306057
0.624170255878201	0.944553190819089
-1.24551632903926	2.17667591039797
-1.40326282245462	1.9247895655752
-0.197602237292467	0.208448080111879
0.0856143420973611	0.0752478564636504
0.322302836621712	0.546722260816707
0.793806978811804	1.65822528436901
-0.0613649986709568	0.062382257341998
0.18468257885895	0.221383724431164
-0.138959788066715	0.162873759343024
-0.00657378426981162	0.00559230572671566
0.33703773034153	0.359153940963083
0.399648789652405	0.385102009582798
-0.581751740738373	0.516604081856749
0.140241064721931	0.109244429369398
-0.253279772720086	0.203593425277565
-0.233490910328173	0.21801063573431
0.399770424523573	0.385246419376635
0.141946747916864	0.0887830221731782
0.399748682947888	0.385051710978386
-1.27254079724126	1.76370588544696
0.588568980812593	0.591767624345873
-0.510222644435311	0.457730450217599
1.00959234924507	1.53031772893545
-0.00820619958532179	0.00528963663095982
-0.00896190600786157	0.00646161958723865
-0.135692176517943	0.144292127452859
0.0134084757411377	0.0148053910030692
0.250366000776045	0.344010562706883
0.192461565804345	0.23711216339062
0.529159025014172	0.961806864303018
0.043905058573829	0.047410869208796
0.33706524734744	0.359206773031595
0.558561129010087	0.623512032773621
-1.08412555600902	1.18370102376939
-0.326181664826682	0.279912875467181
-0.235343085069702	0.137969584760359
-0.389984373105749	0.276377432670347
-0.242670275181169	0.211440087094734
-0.152281214125585	0.15272997251357
-0.265700655996439	0.194242465070307
0.401333581498127	0.415688108599785
-0.282114530662509	0.244104562626992
0.0347078800051513	0.0270330143733913
-0.052102261350279	0.0405296671642318
0.674719205439511	0.730809985770197
0.134496320604094	0.212732122778192
0.0967255745524272	0.149544146574806
0.145567460853559	0.224644313337272
-0.149535231847195	0.141296906473503
0.253190320575299	0.299142194191955
0.847069130446422	1.49211167274817
-0.586550734822927	0.978292199461337
-0.241997836900553	0.370194639745632
-0.379017188040628	0.7256105198553
0.13584984289826	0.201972800007626
0.486024554714444	1.02033138088048
0.0462205831815688	0.0554569580893146
0.115632278534887	0.133406847784731
0.0202423639147782	0.0193939491145864
0.0199125680595246	0.0242462219811635
0.089467660532146	0.102754337552713
0.485954988707201	1.02013661455255
0.261671197630602	0.377678978954715
0.193553498447638	0.263558216210067
-0.0173063008863272	0.0193186709889673
0.178332133497682	0.230698235373117
0.287483436278704	0.465495833048255
0.143430185596275	0.149009559653022
0.336916743116093	0.358981600039802
0.256246943981993	0.361022991786885
0.367816346018595	0.809625294427342
-0.120740447662173	0.169947393749143
-0.148943847903031	0.254275934965308
0.10681829918539	0.110246900796294
-0.215163628067712	0.251440325098632
-0.198089393259856	0.20916515167757
-0.340400408144312	0.394047828861982
0.19364592999165	0.178007481088447
0.675380418094892	0.907605252880174
-0.176006165815773	0.131975979136295
-0.585859144570621	0.805614983104754
0.0250474923790551	0.0284682887420257
0.403660390297726	0.473695082090486
0.241915657981125	0.270168329353912
0.279690792080899	0.296247111189415
-0.115094293064442	0.0954358286865191
-0.408329523880705	0.634143992206007
-0.368117179396206	0.763100642559794
-0.324621438709967	0.600741426591865
0.355464375740193	0.472607288620724
0.0852555386291294	0.0826648489181721
0.337497802583075	0.527494184398136
0.449513481226275	0.712646801634524
0.688462957213679	0.900763888107924
0.228940707788467	0.240915453989094
0.165636703305601	0.16251835804192
0.193786778105097	0.264026295287147
0.487685936702311	0.990372853252611
0.611310711404198	1.16603487781078
0.401644580541207	0.415934351185783
0.100489881864003	0.081792074180698
0.917305485294015	0.884519673248624
-0.22645381524217	0.225033635045556
-0.0226363779372427	0.0205490578271552
0.469700815534377	0.55511947710379
0.250470182260636	0.344211552572665
-0.103948076555527	0.11646237009338
-0.122922832793273	0.17900478289323
0.250932654404873	0.432086148306966
-0.509759654302648	0.703326484828748
0.106102438872848	0.119002173291343
0.41160124381773	0.678927262397186
-0.29877351514744	0.237589613695921
0.279813648232971	0.296399928483282
0.0833763555440825	0.0558371249873706
-0.433270756414973	0.364627517279049
-0.471686604177566	0.485555706201639
0.116414508098209	0.0681924531426653
0.307619439506392	0.262097114021427
0.210162109579613	0.16355286564071
-0.3518681556598	0.276580045277437
-1.03361750767048	1.20000036554384
-0.351971390151819	0.276570389787192
0.399098404404494	0.261088415804529
-0.235316786021102	0.137981180349472
0.533171724953987	0.411076621770173
-0.43513372815482	0.47532470898081
-0.224309396879475	0.149251198329982
0.106672970281073	0.110080130514076
0.106413419030327	0.119349512176034
-0.414960373039076	0.797944849097877
-0.58515546023233	0.595470236004007
0.398847215126186	0.260889903756827
0.398811843473839	0.277059701974975
0.128853508420719	0.0572225471771537
0.632184240857334	0.755024890639782
0.567255814413679	0.612616450437606
-0.171998424677568	0.10308111895244
0.512761756487038	0.436576039484465
0.538869546040277	0.659216521601494
0.682442307731726	1.23379616362254
0.485776257490683	0.48713991358767
0.0119139225232307	0.00965833921791176
0.518416927940933	0.704510838477585
0.523107986770922	0.693414219982915
0.259751258126127	0.248733355538065
0.833270559334372	1.03353393654182
0.399669612881777	0.325434377115977
0.1752276600243	0.283007826314722
-0.342598124594453	0.599575687414508
0.325915336723325	0.564430449382887
0.464762182324851	0.580727943051354
0.404575862623711	0.582155910777848
-0.237017413774294	0.276630504370319
-0.360715233921092	0.558995084234436
0.394840246043025	0.797445289392083
-0.325654887439005	0.569241102072315
0.110236565046237	0.150616830888606
0.0198063236655988	0.0241168520611586
0.287861820007622	0.407381640120304
0.632641222465313	1.11506425190077
0.376382601297937	0.617767389828982
0.40390772374915	0.540987505467056
0.193409515606821	0.263414593151675
0.326059015163238	0.564693267808733
0.246138693553753	0.371122695737123
0.725455749083994	1.76676948117388
-0.063053054142227	0.076444400836223
0.144731258098898	0.167827390822078
-0.0071855820675668	0.00696174759117236
0.0330481282489045	0.0326982326716797
0.894111466194283	1.34983930389633
-0.0534682430717372	0.0572445538607474
0.310809682268429	0.583043244554916
0.0198759256406483	0.0242025403788489
0.421871518159175	0.923492949771236
-0.444425892375169	0.614745385096486
-0.215163628067712	0.251440325098632
0.452767726106905	0.655746994823729
-0.260034440700342	0.302948494032408
0.528045334126602	0.682326865870626
-1.56759573901695	2.69259401522551
-0.207336420570803	0.181752152660629
-0.267470547097974	0.295893860470176
-0.87587583760369	1.81675651748884
0.0451171284840828	0.039467292769465
0.126526222600619	0.13856928618347
-0.0763583924741149	0.0684986202663821
0.633049107695026	0.937081442351767
0.253253603697897	0.29925625237498
0.595265042559097	0.981262922063858
-0.723562439049061	1.28968229105051
0.135702000711052	0.201730223318707
0.30241496953866	0.460073860794482
-0.0652008173595393	0.0546735108060617
0.152465506493119	0.163210028896464
0.640390390137809	1.32333902109132
0.0825588435987458	0.109461661167219
0.259662810996989	0.248634973285428
0.982033121012406	1.67324355022523
0.347877037250324	0.416900698324423
0.365972277300389	0.548581615722695
-0.280091668679474	0.372985288416443
0.0662552176632854	0.075843466869091
0.160910383315714	0.212828499412604
0.189685735412118	0.276323656065981
0.221612631380022	0.180649625956717
-0.0345093187010541	0.024629254832579
0.0828931777033743	0.064579498717258
-0.218542805928305	0.242926563297726
-0.236909436292722	0.276470232854641
0.253184732398441	0.299182019491995
-0.13188315142299	0.132734884838474
0.830382044118615	1.49118437668997
0.193637385676077	0.263800617233823
0.227270552975501	0.38776523799062
-0.402375499555418	0.602483223175408
-0.351166887737532	0.466989608351233
0.0703239013349563	0.0594962373355559
0.351724075779406	0.444549786823593
-0.384533071851147	0.466182192209955
0.40375539225237	0.460323144208356
-0.326159922484406	0.279907201089532
-1.06312653440275	1.49400335144429
0.340292783040298	0.374124244939185
0.155397536710205	0.147359515009824
-0.226513626909173	0.225112614887282
0.399521882306769	0.384833476675079
1.44622162058236	2.42892790852289
0.169572447679521	0.144145519972943
0.307663275138323	0.262180489483787
-0.801834027688405	0.848161563336183
0.756225828193229	0.878367710877533
0.259730629910503	0.248715569764632
-0.063053823297424	0.0444903233801767
-0.434889168328906	0.475024014413014
0.192030647661993	0.20694339387444
-0.00672907553781554	0.00572473471893753
0.0571622096910818	0.0601532253866827
0.514065604350833	0.715742182625172
-0.105434930032507	0.123445083563393
0.0828018477606824	0.109796801537972
0.567007226120823	0.612210750054137
0.301737388992359	0.245986823794035
0.522387352151361	0.423910040361166
0.671465868796485	0.334774054050095
0.181182218714402	0.127493819732171
0.533304830446634	0.670886472231304
0.123683671244444	0.0919050903834416
-0.265655577152492	0.19420060457605
0.0294872743101041	0.0248616407061542
-0.434927271186563	0.475026241704412
-0.242698282493497	0.211457535821574
-0.0763583924741149	0.0684986202663821
0.0452569874474021	0.0396006500743529
0.403846193623415	0.474100655512678
0.0700753531866104	0.0592879260881558
1.28498177396794	1.48989882444926
1.02257361178959	1.0669550144829
0.129921715155667	0.201980668826749
-0.106254675342693	0.139454744405175
0.491269166486178	0.817518747000954
0.100231700652046	0.118527672890632
0.208098232498428	0.297981065240263
-0.353496951633735	0.528721699250768
0.231578197152864	0.3628116741819
0.517893199533686	1.11135633505006
0.0960274057568608	0.104625742659976
0.373899205757188	0.600148784888817
0.545570322859225	1.42929190263095
0.287599477065558	0.465663234525373
0.0562312291066926	0.06599146059761
-0.0910474363866295	0.110862731980103
0.734215948641287	1.36082867403359
0.325768207006592	0.563865808494745
0.315832124256247	0.427634411944136
-0.132732248457642	0.187195419459452
0.0710025407726326	0.0955283651033414
-0.117005077963402	0.176031901518684
0.183630022681567	0.307108763816133
-0.112125904628512	0.11312680084182
0.22745527373156	0.319111572376495
0.333873078550354	0.510012218163207
-0.173249914887271	0.212194811898497
0.304888214595712	0.382381008344222
0.893902355200107	1.64562455227396
0.0898643856169047	0.103270917078603
-0.231632276996725	0.28335847616499
0.0551209757900922	0.0612919656513169
-0.0887886704007012	0.0740483788547225
1.09241183003093	2.32481157246573
-0.120684804771479	0.107262400718028
0.403654814951821	0.460347327418947
0.56991736152811	1.06169246408559
-0.40829495044094	0.634081611313761
0.278217969803125	0.374144436427188
0.449547167252956	0.696872920081002
0.25670656836202	0.457368798537973
-0.446890963061236	0.93453820549204
-0.702724326300274	1.37614359572346
-0.475502801970441	0.656771750248842
0.566908922412667	1.07722261292005
0.40413197566818	0.567942145756068
0.177033608376242	0.206463188046506
0.232282596336135	0.295401158616063
1.11505740716203	2.03714456173146
0.279968007014403	0.296527623118182
0.328961058425923	0.327736479111249
0.81316130636904	1.19213767863788
0.28506844309373	0.311364586066694
0.289826910771675	0.326029415385288
0.0450042181875649	0.0513454902176066
-0.983013637591236	1.67809709798944
0.170016349987948	0.214063403833538
0.710121584653468	1.58675332135158
0.0295612551787316	0.0249214482631952
-0.699132854522545	0.833314384010154
0.267014175253522	0.264829023587088
0.165728056315506	0.162615826313597
0.620646848933842	1.13758635220545
0.14360741665354	0.180107181862234
-0.175766460622756	0.186077503317358
-0.0248116868962775	0.0265562121772907
-0.235943704461616	0.372263566206875
-0.225550102869905	0.344155922320308
-0.746890016747262	1.4187418135834
-0.322674853826119	0.464843700382075
0.0999953633117389	0.118220953034923
0.417902676436381	0.749772779615017
-0.221993852523935	0.233722336997245
-0.0886779845789675	0.0739414052510847
-0.267592578377229	0.248754630617215
-0.175106146357287	0.175155475942782
0.273930711758781	0.281043407581467
0.688371545628439	0.900863325262864
0.333128656665433	0.343514710832217
-0.444571942304298	0.511363321132316
0.509878589759395	0.72697498448385
0.00939687695029093	0.00818339647954627
-0.0976791248246338	0.0872685550705274
-0.394526988491725	0.432161971257723
-0.0886436877888887	0.07390560432872
0.100337368122062	0.0816663713007057
0.232228918202675	0.197697839925413
0.204097550871623	0.19459900939374
0.214115096183783	0.285585814769602
0.355499622813622	0.472647649262971
0.232300601543845	0.295469797004508
0.17613104945992	0.244855687417988
-0.00711311784318605	0.00689145270463898
0.12578255249614	0.149360758991915
0.0545459595332279	0.0605757894571584
0.259798448851452	0.248781431235487
-0.120996402303931	0.107635096970457
0.0836349424413468	0.0560025193815592
0.399698378494952	0.245331839655781
0.752253479239879	1.04336799468074
0.621302903663316	0.764098603092109
-0.107558714659003	0.0823303265619569
-0.351757803318784	0.276475769948736
0.141891042315833	0.0887378890503946
0.165773734421222	0.162659055371691
-0.107666230307005	0.0824246526313528
-0.783082246161423	0.879402376658291
-0.0651628107281297	0.0546398590272542
0.403841940182246	0.527465603221039
0.736615901844816	1.04773074495696
0.658501500039438	0.737840563009701
0.351421886702765	0.599809468276145
0.257033638653435	0.458039285162889
-0.0469124008256792	0.0677107869186381
0.0714111216207242	0.101093080029896
0.0339236543793889	0.0447667321112065
0.162420938994749	0.248473962778251
-0.0307245822958218	0.0398633368103514
-0.326742445439331	0.639649107085135
0.298481895751902	0.513168637731336
0.162329509815047	0.248332830766081
0.186162712914837	0.247190786246721
-0.146941291373115	0.221848123999218
0.109799020162862	0.158572780728803
0.338978948775469	0.662025474317972
0.105361512890659	0.159099879245262
0.0269478483290785	0.0348415999222064
0.100833613646782	0.149672352416503
0.416061012614248	0.980740027300414
0.266441894683669	0.511490972191783
0.138500613067858	0.194925231760891
0.51045313494332	1.16286341640036
0.0970933093853955	0.150181245390503
0.156903444191607	0.235297291515978
0.351681503656068	0.600298022981376
-0.0166498718395239	0.0200452112114086
-0.495432779261722	0.826112208485159
0.226337380753113	0.347005002079256
-0.161746719944693	0.221576659549184
-0.20042430726198	0.266161651896786
0.265449012771971	0.436019095591226
-0.200299766619477	0.295036227139353
-0.0534401884489491	0.0572172300355221
-0.0577816918313412	0.0647043783131287
0.145095308427343	0.168301027068964
-0.302440003200488	0.402627344874438
0.256299362718117	0.403861905155216
0.261865875866043	0.378059754302976
0.0135833971161228	0.015004102274811
-0.162030723017876	0.222033070899749
0.168127546024751	0.227835111131943
0.0332681902592938	0.0329172780543899
-0.197699263914625	0.208647219365278
-0.0840583974124183	0.0898461883310007
0.0961392664103112	0.0962123576938891
-0.00728193382793028	0.00573965384912138
0.268121938812504	0.342975690436166
-0.196786728556946	0.219193133993779
-0.326425094731089	0.434499142870751
0.355507988497533	0.472703972931095
-0.445021798184204	0.764575300637423
-1.15455338696428	3.42439400601961
0.305253362486474	0.38306726564524
0.502764017475253	0.750064283324898
-0.0682809045025816	0.073033626465109
0.105981067248753	0.118846070931111
0.0569908427612375	0.0702592709316113
0.808388830162195	2.20704974776601
0.0959313679565946	0.104513527995507
0.100351487521166	0.11866316331126
0.456043547386152	0.63041094345683
-0.340702422051244	0.394440894823139
-0.522476764333441	0.841327121932189
0.0467515703550555	0.0561413723501569
0.240156637407603	0.353730448349835
0.251217024385445	0.387310716101329
0.246207921973893	0.371239630324564
-0.477272623875719	0.923664069988444
-0.524487931799599	0.875085424749205
-0.260732630460777	0.425751258592387
-0.0440100567101727	0.0492458403812788
-0.119751295490381	0.157509031243751
-0.0516593252920548	0.0496619736325634
0.133695229946376	0.134652030384603
0.178352098026257	0.230727877190577
0.639477425554117	1.10496885692087
0.106995144916663	0.110395316399398
-0.175021263989481	0.204903404872093
-0.231652922601284	0.283416199173603
0.44920234239228	0.728011431653038
1.03827910145329	1.69413909185441
0.685202784091179	1.06759722443141
0.0851442516745484	0.0825595129130506
0.22135069870831	0.225660319916027
0.229169995153443	0.241211229371494
0.403710284992625	0.553846748213488
0.368786344186532	0.565941632888109
0.0382262703129138	0.0468740889829515
0.506263978191182	0.738518729845656
-0.434805582976796	0.474948577992396
0.29402364413449	0.340302993299515
0.398858126103384	0.277086879421163
-0.107550211177836	0.0823388634065232
0.452664129467601	0.655759715870767
-0.0781464850635366	0.0603103833966179
0.328804719282866	0.327590813941534
0.68798824477234	0.899650948434413
0.475019966785392	0.528163753770041
0.123729496289883	0.0919323176933164
-0.0394021869687792	0.0249870624350815
-0.444694858621179	0.511548258289009
-0.325417207966	0.319934507661136
0.221468274196859	0.18046175025547
-0.265528231091648	0.194101021679468
-0.576835707979372	0.43408115095225
0.140197861559744	0.10918807184503
0.481340931915327	0.500441564301998
0.123436140904576	0.0917142791864847
-0.0758639628706004	0.0472629593014399
0.301794109298083	0.528759046600709
-0.340327079888423	0.631203013255532
-0.0507572868685539	0.061456508907447
-0.0927337680122031	0.121380341229641
0.190212290006058	0.359146700853355
-0.0898603010204589	0.151252916173871
0.294979046919274	0.60483989080831
-0.385449543697262	0.759352705618859
0.0968847967785121	0.134208047463508
-0.0886700099913094	0.124299408968891
-0.311263614874425	0.511642758652031
-0.241686056534902	0.405758613461713
-0.227654455505038	0.393225258578499
0.0634038065699134	0.0834154753310288
0.454171838605338	0.883954602570944
0.532306502432652	1.28846059933737
0.160632722672789	0.212414712641616
0.129942698652472	0.189266138831517
0.0631940978375913	0.0831276241819957
-0.146703398162811	0.221407746729804
-0.356312387424104	0.662059978192919
-0.0920158756143702	0.11630432760015
0.423584300786616	0.889204038143222
0.223286706219502	0.419187763624181
-0.0223581972597283	0.0289792427869586
0.214286545565715	0.313970793721284
0.185704832740957	0.246442951963613
-0.0118234055991426	0.0126538031794955
0.074845524065739	0.0969849500429092
-0.0633534966363067	0.076845776614395
0.723923093564155	1.36650699455425
-0.0397369650534802	0.0516190423146544
-0.0334554117632154	0.0418842850272027
0.20700994901681	0.26901050168745
-0.54635859100694	0.752535330235311
-0.381203152143801	0.395567874156188
0.141919557864797	0.0887687130470317
0.47247023708384	0.541843579783624
0.109898909069399	0.133593693062171
0.0000018402893069856	0.00000240781268446526
0.168772395714409	0.228977305636696
0.384550311543813	0.673393283551564
0.246031992861647	0.370880304162161
0.151876979335342	0.195483100727865
0.595283214568482	0.980787443598524
0.289614364949298	0.325740326623127
0.238350077679665	0.311192992714878
-0.194594214325783	0.227688595897141
0.109533826709938	0.133086625354742
-0.25617572486563	0.496648149947857
0.151277254466528	0.222283403035661
0.295427005036747	0.498384948088969
0.0747705753170182	0.0968433678990315
-0.417593820283225	0.693890988858282
0.0113034207982465	0.0139864933722715
0.217330113240514	0.437065736538641
0.366955664860493	0.734667251612764
0.1457732618313	0.224993834364675
-0.038387083800923	0.0463655333727611
-0.0226672308852245	0.0293926427575225
-0.0879212204056468	0.0985064307628762
0.0331706607449248	0.0328125489188266
0.423116563525356	0.819549385137383
0.49490038878913	0.789070761073805
0.632730024849479	1.35573600458276
0.103867628452605	0.147040735757231
0.161649526518059	0.198049302702503
-0.613586649417072	1.54216383197475
-0.325618237703887	0.569068980788508
-0.552505999729774	1.31876519315262
0.160572615689972	0.227457844079823
-0.0435926558759197	0.0487626712277784
0.123442358510919	0.165737655853748
0.043513122374827	0.0469736676325937
0.170169689778361	0.214252976755317
0.123248155579011	0.165481849594311
0.0250719383367458	0.0284969935228371
0.711427886454972	1.21298259425427
0.348236060849115	0.417417864002241
0.05078801176227	0.0489535167844713
-0.182545524206198	0.242018786585261
-0.136430875793096	0.173492921934733
0.193880312783664	0.264188088711094
-0.094825510373501	0.0660701308823056
0.1433773898922	0.131259614653958
0.193353578286106	0.263264607081307
0.259757280030266	0.248701650016477
0.123595155527709	0.0918402169438805
0.0834869360630492	0.055915544926037
-1.42784897941942	2.21789627838584
0.558661135923156	0.623729412205856
0.551343487878927	0.635531261783893
-0.13108178201676	0.0900649149244417
0.606854759600209	0.367937503742949
0.0187457652159364	0.0126131330967193
-0.449812502559788	0.2827095155416
-0.376031363505098	0.319750089878646
1.7319054727028	1.9146344812991
-0.184495602328439	0.0791280415311326
0.0615829893731542	0.0238409326210027
-0.0047138086914673	0.00218770251866513
-0.0489147483452937	0.0266769411251259
0.33711023010926	0.359228347837417
0.130805431400391	0.115387192795014
0.0851442516745484	0.0825595129130506
0.267171367883801	0.394943295386536
0.176233670767771	0.245053401707608
-0.860995211695964	1.9904311620823
-0.231286228634456	0.375958426552364
0.22559181812031	0.429475602205912
0.0957985525928964	0.147881098054758
-0.0247743229433585	0.0344553820271334
-0.0380029515404763	0.0511133698705948
0.143451071333731	0.179844252745351
0.191677320933729	0.206528347133175
0.404613393081898	0.582210055584779
0.144895877800041	0.168067120128451
-0.383748634667585	0.595382270536387
0.177033608376242	0.206463188046506
0.448685413969827	1.0185127188334
0.722797387909753	1.55926902241923
-0.0246526047842058	0.0263787480211264
0.451317532553895	0.668872339341591
0.0975393519430432	0.135187480066566
-0.136302388426415	0.205507040344108
0.423579229262662	0.834727872639742
-0.23174503677122	0.376864463967207
-0.0613378763700791	0.0716310463994701
0.0970138219208271	0.120710407906841
-0.145435383161767	0.212383548159612
-0.196831524273675	0.299222911973381
0.499666771661102	0.762334123758509
0.206218887783303	0.235387605546345
0.639547476632802	1.10507042123934
0.816532717643722	1.64614223958035
-0.0613151871117277	0.0622923265527159
-0.211016340077721	0.258254678213078
0.0549945986786143	0.0611448929389786
-0.205514827639957	0.293117406311358
0.0437985996315228	0.047280179650628
0.0454824065651682	0.0397764784766225
-0.0521931341566717	0.0406078663877545
0.846124294069892	0.715169985531734
0.232256535085998	0.197711767078881
0.286608635866589	0.211777070579348
0.00927473680760898	0.00807698919189597
0.0853288789791676	0.0902336946249378
0.589623632490977	0.992345333692069
0.0684428992672558	0.074201312103374
-0.0461785720416671	0.0470334793217793
0.106672116173079	0.13630279035611
-0.191641813092017	0.234658591644759
-0.0942777097832608	0.0954030486624705
-0.325576484017858	0.320175979827961
0.0635502476166685	0.0472862518912708
-0.340653211795257	0.394446361308947
0.258294499410295	0.313488815557464
0.232404192354904	0.295656698915143
0.250755670532472	0.344625133135731
0.170911350253327	0.271117196800632
0.145785542375115	0.224994042229562
0.487322644881258	1.00651161341699
0.0763481243564811	0.0945864680925597
0.0746050917713293	0.0966328305690576
-0.00538199633767208	0.00745894909878438
-0.0793511895719839	0.11112149248935
-0.0611629091737324	0.071419395028719
0.644676163749787	1.30739297992054
0.452406841282063	0.655240607310897
0.404003274921275	0.527785144843188
0.235709990967675	0.255682194539081
-0.200451440427525	0.266188710753666
0.0598279989262132	0.054248079713793
0.348015681562195	0.581399789946426
0.0748101409434671	0.0969355822460721
0.348422362253641	0.582331270272454
0.236232130826497	0.377689413768817
0.322920020390375	0.547781975997037
0.516424641035763	1.12651526303453
-0.361670787337226	0.635026702035007
0.359520864659239	0.651131808829291
-0.0387043806205966	0.0414353706923777
-0.231742350164421	0.283554159227146
-0.149353654331894	0.197252889830674
0.287173891218804	0.464802650153582
0.371278888650986	0.5829057612296
0.330837295495283	0.594595762815342
0.35174902055068	0.444602093639933
-0.241853704395799	0.268118854944764
0.584459003021927	1.00402604064836
0.666758791285567	1.48567959353681
-1.00944753293436	0.719129583406553
-0.00672101849978944	0.00571788629092877
0.178450300360608	0.230869021229929
0.301624426483687	0.245890779392786
-0.579315675588001	0.475397408670997
-1.09734920201165	1.33569273781561
0.116414508098209	0.0681924531426653
0.602345346607236	0.582944199874174
-0.390037371011563	0.276419788363124
0.163479839725159	0.108734620174476
1.15024769582178	0.774274178577378
0.671727350711025	0.334885576734114
-2.06212350279621	1.69725214253033
-0.107594412313353	0.0823757338934234
0.702257920948094	0.893735002556287
0.130794336294452	0.115398281263809
0.307583764654373	0.262111052602879
0.403455283448073	0.459870248081541
0.460033811060466	0.604908121901822
0.221733311906041	0.226122917318629
0.00907125757342562	0.00946941146479288
0.0454472903618107	0.0677396286717942
-0.226968532963678	0.438256130319668
-0.296845353633007	0.547955812171398
0.268019341573244	0.396543283255726
0.355547402718141	0.472698030608437
0.722915444026678	1.20801084980034
0.0990668685859759	0.0902776391516127
0.221567755370264	0.225908483152923
0.130401182489278	0.115016230996086
0.745093514038648	1.35519140820028
0.357431984600362	0.486983127291296
0.293999204173865	0.340275059953891
0.220592866690824	0.301733961606133
0.654720873285037	1.27844583012974
0.238340965977988	0.311177233237431
0.242068084369736	0.214706143561628
0.279659302240486	0.296208724784815
0.349861936023247	0.430726829252348
-0.122525291481748	0.143621748797326
0.201977708628156	0.307603201832832
-0.105739647637518	0.133906288109057
0.277963374992044	0.430691787512299
0.722777479934161	1.55929870066265
-0.0125481024753748	0.0174352513308167
-0.0919894263750459	0.116275979303687
-0.470228716462463	0.809163099154509
0.363789672336931	0.53262870341933
0.403716414774753	0.54061475951903
0.056465845885074	0.0695912033331494
-0.285031249515752	0.481122206619763
0.13572890512317	0.153003268172431
-0.372355812803866	0.430179269474438
0.36898387824349	0.566292535664596
0.297245066207545	0.441437323398123
0.0958625026080037	0.104435646373542
1.09694643064855	1.40788168121966
1.03222171039443	0.911376016037499
0.635481208363628	0.564843479631815
0.399652120253719	0.245289401469063
0.0425334249785803	0.0301383431611813
0.0943696266562909	0.122994379066421
0.232367005804695	0.197795746955841
0.301559549127854	0.368629640694275
0.357282150363339	0.48675530332393
-0.269993273464713	0.373877990344321
0.288129249429585	0.407841084699121
0.282510703690486	0.389536092113004
0.632520526279613	1.11503281751212
-0.0521698923381371	0.0405872207103281
-0.285020674166101	0.18629562430315
0.301390842818779	0.24565835540493
-0.305885980506993	0.282958749947404
0.756225828193229	0.878367710877533
0.116449295067358	0.0987854554624768
0.801539063712799	1.834113389402
-0.00729002534988935	0.00943375184221832
-0.574309062410653	1.43823756166869
0.0873313798125603	0.105773335886449
-0.76022798639688	2.10099852521795
0.168658459876154	0.287489462882112
0.120072892588002	0.180009805014752
0.151420492752267	0.222453679189914
0.31531239547363	0.426740366198219
0.095975217519405	0.104567187948988
0.957437968669607	1.66420951442001
0.242245451866559	0.214907941078725
-0.291295666497311	0.403672479298656
-0.422569782759421	0.609164088421926
0.294308686457748	0.340650113733747
0.909595572294101	1.9496000333461
-0.0272402284793019	0.0328510420341263
0.1687384048604	0.228917550695086
0.176312705485257	0.245190237407558
-0.0554174565386328	0.0747547102813797
-0.241356000926107	0.404985545206801
-0.265527672630038	0.460758598795664
-0.022606693834317	0.0293113322549998
0.129925636404514	0.189252311968715
0.129874306338899	0.189126426164516
0.189919084008953	0.276627116029383
0.538116494371019	1.26993711620525
-0.0231522550970346	0.0289229475384067
0.261787343146574	0.481543718437826
0.116298973022311	0.0986676001651544
0.192557679806252	0.237222846281122
0.239865573400715	0.353104734946278
-0.0946033325355331	0.0957555150577207
-0.32647803275768	0.280075645829889
-0.745460922250921	1.19476897596576
0.0868438475611915	0.105109200125786
0.5950154461515	1.24773642427133
1.15002045869346	0.774163935987156
0.467086384185869	0.567583962551096
-0.0861013973374245	0.082221753454963
-0.107483936228961	0.0822896283358165
-0.0394021869687792	0.0249870624350815
-0.265635006259592	0.194195863617721
0.602410854355225	0.582956863960026
-0.22431100092233	0.149244423954331
0.178488280870952	0.0880114930246788
0.399535611406082	0.245209094708849
-0.579033367168222	0.267270811025254
-0.104674754370764	0.0290881727694566
0.061698863167424	0.023890625298551
-0.579119326010413	0.267387068020036
-0.327230881004658	0.129566059642725
0.512992189538872	0.436681471597661
0.602708413055408	0.784162902416285
0.155616454101431	0.126792038920582
0.635585858470544	0.565049160716253
-0.0887504741294921	0.074013016093887
0.307453520101688	0.261957290849332
-0.00844750902079572	0.00544355644903052
0.250553369184273	0.155126774488292
0.26715914936177	0.265023121350576
0.0329406339832624	0.0325886069998513
0.0596644321951621	0.0540978712315927
0.0958708400412034	0.104444154844722
0.171731109321386	0.272718502812945
0.337211828691283	0.526868441971619
0.167078812716337	0.260494152954398
0.115629713322456	0.133415006901663
-0.290297456110623	0.370578076632067
0.504588960060017	0.449336461527864
-0.648546740048736	0.696381948168372
0.475066718316998	0.528214379713453
-0.325434660681531	0.319997768447978
0.10463021867478	0.0739227104771036
0.674849474080548	0.730999872092666
0.558483718090049	0.62321069963519
0.333231489079372	0.343680285739857
0.0091117151674883	0.00792933233380246
-0.632198664866997	1.27041968971082
0.00117599772340127	0.00126068131684071
0.201446911235527	0.334637694874786
-0.133451109816646	0.194457083618693
0.145755185611338	0.224992129990029
0.201343545775954	0.281260321885605
0.0328454997234624	0.0363683633788475
-0.546536793058206	0.75270456339766
0.221453270454593	0.225763720400548
0.330592336112812	0.493400239375565
0.214062015736232	0.313636121746888
0.225763722831299	0.279648156452244
0.513870138010044	0.7153624959052
0.357429606554088	0.487032384456597
0.460107446535799	0.605433985829487
0.346011532253793	0.403403988543055
0.181445038128079	0.127712516882967
0.898346864870289	0.72334506195932
0.163542982860668	0.108778932354839
-0.084016668246923	0.089775533163593
-0.165392398679364	0.218838167131952
0.0633679513081685	0.0471373608322451
-0.126511508828205	0.11996525272437
0.377250796777924	0.619604837170531
-0.250326147186207	0.371325439670855
-0.0388168285281466	0.0415622737489819
-0.498581052429103	0.913483432743812
0.488048082935941	0.919422534486332
0.340398268757712	0.374228264190126
-0.224309396879475	0.149251198329982
0.0854786109845643	0.0466093321343159
0.892791074309418	1.03905393105524
0.160615804705702	0.17690720462831
0.115143102543917	0.150866751789292
-0.169723703289655	0.216437406525528
-0.212158504027745	0.292594731246595
0.066077300449759	0.0835576914095084
0.156657148986923	0.234812387925764
-0.0636376905995967	0.0772199509700335
0.0105698491181754	0.0125592560171875
0.604083890449094	1.1978163619256
0.404358660915933	0.488205438974438
0.289622466908748	0.325729413214914
0.285005679784755	0.311251957596991
-0.0533793444052817	0.0571494748275786
-0.0390222992866451	0.0352805732672455
0.0629454319814963	0.0626215888946844
0.37396712321762	0.600598365346408
-0.99783412774978	2.54340380931381
0.354149713632309	0.616797853671617
-0.182388568893115	0.241773548309576
-0.00680202718821292	0.00817776011057272
0.000105566846214559	0.00012151518981343
-0.270887042685946	0.498257265902604
-0.274236494583537	0.4902057274415
0.0464940520852893	0.0558178848446027
0.287186894722519	0.464897216016809
0.394629076565677	0.796799791731394
-0.0224386498564113	0.0332422425430534
-0.0304178587068686	0.0408909996674607
0.0708285864147812	0.0952775566203198
0.181469543952147	0.127690733893967
0.345921483639051	0.403322662808606
0.469780296528116	0.555178633161932
-0.309407827711869	0.461742324764007
0.280770799589372	0.5048004976196
-0.524386121743266	1.04729854661189
-1.06762204479347	1.02959898870171
0.184761934729576	0.221529625031709
0.256349521977533	0.403912595551862
0.276609133537466	0.193488659541977
-0.167806752329096	0.0869693039478201
1.17360550750232	1.59769692468552
0.616097084647551	0.95331241885357
0.399821564801639	0.325507804559414
-0.732098500758795	0.732901068709391
0.874692022634661	0.879589807933839
0.399542940036478	0.245217361896434
-0.22428532991342	0.149198968742214
0.0856373726497179	0.0467057526082143
0.128739954381237	0.0571706971446716
0.606811949914098	0.367954213314213
-0.327441044350617	0.12966822779127
0.765221229893607	0.331833236925771
0.387524745750924	0.203731359245904
0.373063689449818	0.176309167899013
-0.0091951964681284	0.00302330471275721
-0.0392502837211436	0.0248857542367108
0.945902239047836	1.35874348213053
0.0183881013557405	0.0123708918463821
-0.0345093187010541	0.024629254832579
-0.176184863160094	0.132126540681321
-0.0284027572203765	0.0222477973730666
0.0533904887687757	0.0433933668925683
0.285085514166529	0.311379798568802
-0.321928906871781	0.231766108461651
-0.0944527482792989	0.0658028264333126
0.276528860013888	0.193418045680985
-1.0442948303691	0.874612671953292
2.41971310937072	2.78476239443942
1.11254430621574	0.937658562049887
0.656233446083565	0.556691460943664
0.170294732040305	0.21451600282732
0.122970779917947	0.119905294362158
0.232282596336135	0.295401158616063
0.301529006139525	0.368588605599382
0.263247872820066	0.327965122680092
0.402369668959567	0.431068894721188
-0.241762214810504	0.267968092042411
-0.766942690932831	0.909744414926345
0.472218512375672	0.541622748707678
0.497282909268182	0.461836849762076
0.396219281155119	0.226374014114269
0.963545976406489	0.737152407988497
0.155162852196121	0.147196896120391
0.528019898257132	0.68196433190103
0.294583424130792	0.229073862185232
-0.383632151494604	0.595034212749559
-0.434289450939959	0.836738018245989
0.0663732947653426	0.0759903984937959
0.231580657819449	0.362827468697709
-0.376629398462051	0.643242016382126
0.236373817829238	0.377889838217033
0.123491111262772	0.165860709114773
0.494864188264011	0.789005989659366
0.403993181828453	0.514368201776044
0.116316582738657	0.0986819578740553
0.348103169412386	0.581655842345032
0.213196892124858	0.210384602655992
0.469883814622828	0.555294964607166
0.399869767272475	0.385318945368857
0.058506856910663	0.0369659911939458
0.765015511027073	0.33174094912973
0.115835650598791	0.133686532720229
0.403007725212865	0.445711989988689
0.182247388355727	0.161295901250118
0.0281789356039433	0.0336697855537709
-0.393871724916362	0.653373825289796
-0.156569567568795	0.183440789700368
-0.637061089607071	1.24619070200026
0.176052004395976	0.244709817198121
0.833386520945998	1.033402805577
0.29451780077967	0.229011585671989
0.490827974489673	0.474115375699646
0.0551047320025854	0.0612757909311729
0.15294391355588	0.211535756362387
0.278450042494163	0.431680458342441
0.226194279398063	0.346828534405377
0.490568937645805	1.2472881887481
-0.344459897206108	0.55107559537696
-0.109503277606107	0.153914447401483
0.25142425691229	0.387697645764287
0.20640959194511	0.235613056392401
-0.529898039231889	0.574715743253154
-0.977815966511226	1.38024276731453
0.401310378925919	0.415671406139586
0.707102417026496	1.38660420201033
-0.436296574480503	0.578348308579961
-0.259893383941896	0.30268666467814
-0.288660041641748	0.430018355306169
-0.011588047506849	0.0123970208072711
0.348515956444855	0.582526956650695
-0.0106981458642674	0.0124007677924151
-0.48042680173479	1.11390470122427
-0.120023490146145	0.186238426197737
-0.112655391608474	0.163820296111197
0.280958898802592	0.50532625269724
0.071117533582408	0.100643219003513
0.197538864581842	0.3224425882358
0.184161594257945	0.28409719760181
0.218465001993137	0.398528500798565
0.104940125060047	0.167474358617816
0.36660082440154	0.73356371326572
0.506657061868139	1.18620729054823
0.722729256702066	1.20766069123544
0.203880033687879	0.19435925509828
0.4723330740322	0.541862515595658
0.323875907528273	0.311185177941214
0.0834213626748523	0.0558700760786796
0.100424185134857	0.0817473883115105
0.277654402000097	0.429941989125505
-0.276473180064718	0.452358370602561
0.0132603227446512	0.0146375170134705
-1.29917429922992	1.4723113078035
0.632869366183208	0.936395443161066
0.123273280778444	0.165524000712838
0.283016128831012	0.390659204371556
0.398797581707142	0.277035673986689
0.130649340064858	0.115278491810329
0.143609805657708	0.131460596707377
-0.433119341845448	0.364416925491842
0.504547822237449	0.449348903948955
0.0585288005378674	0.0369794101178088
-0.413708678497943	0.320841292921872
-1.52277374944472	1.22046649693369
1.72117757807307	1.34636559142612
1.26765710123163	1.3164687002915
0.396132754922445	0.226326677718278
0.365585286629066	0.150188844604602
-0.104530837627992	0.0290497664010843
-1.35563614408753	0.474557097061527
-1.27072298147689	0.885399734353617
-1.27041540395048	0.884913999923827
-0.747092163644139	0.69770729158356
0.221721058948961	0.180716679234721
-0.0783571530224976	0.0604957632471473
0.100335342309907	0.0816703738205183
-0.0947125918300153	0.0659933735364849
-0.584866291351883	0.594862764593561
-0.411404746753856	0.400861346553018
-0.212786082791363	0.172619444560237
0.181182218714402	0.127493819732171
0.533306260837746	0.411205597793101
0.264588433083303	0.174461165469055
0.234209408113983	0.135557017197127
-0.389929969887617	0.276359669549728
1.15006207534415	1.42996081624991
0.584773922216367	0.379896911238035
0.518155492820571	0.70391483564903
0.143548802110804	0.180028512236405
0.18542267648803	0.245853497806818
0.452510418826874	0.655272513896589
0.273896097807249	0.28100612794607
0.511366728014039	1.16572187031365
0.055202595258336	0.0613948484371402
0.143319672200628	0.131144506189937
-0.276596928560287	0.289585311595895
0.333155107793198	0.343576143229456
0.26733483922864	0.265167801534354
0.155433915764669	0.126604538462415
0.399759936614019	0.325466533686847
0.337765458665357	0.528081787144729
0.269536293846288	0.451426267915794
0.769022101961102	1.03908234146855
0.0853181923559417	0.0902256030384159
0.145161705151273	0.208833343428235
0.403609843740555	0.460165426010147
-0.540085827266679	0.680905964529673
0.328846557451027	0.327658253771292
-0.182616501065724	0.24214461574394
0.569193556307629	1.05987119278995
-0.30944382241236	0.461812976030937
0.213098809961286	0.250042802469848
-0.445315834466881	0.765292318946678
-0.577722644509327	1.12682949786488
0.37127072820932	0.582869861500552
0.125475761424484	0.148980376264961
0.278125810129522	0.374416688460428
0.0137249717108613	0.0102212947593164
1.51256029730163	1.2627409392019
0.403765825794991	0.1398030758734
0.522254066330468	0.423767227511228
0.405125583830472	0.596672323080023
0.322767647441607	0.458987789694601
0.628942822181101	1.37196160298473
0.492921459051432	0.802922950436094
0.170496447404174	0.214804063771954
0.337284801126063	0.527014528231178
0.512761756487038	0.436576039484465
0.30154402023457	0.245833358350572
0.750416038035391	2.08627412172731
0.168781960563002	0.228975341491828
0.00889743972115819	0.0092847670600239
-0.34055488514844	0.394293056425457
-0.381314867666226	0.395726806820605
-0.719833789048769	0.767669262259195
0.496769454726702	0.774719755664349
-0.0862316899606579	0.0823452130858867
0.293991065091693	0.340229275841395
0.106197246765957	0.119116612256665
-0.313313418937137	0.434249110517951
-0.222395462548257	0.317838292510604
0.489018226222282	0.885551732144507
-0.442360526664017	0.736228170226617
0.130526318757749	0.190266590569922
0.415004718010376	0.714816030310131
-0.0432620318311137	0.0542312639895058
0.333090592366698	0.609430593001223
0.077660600110653	0.106700976655774
-0.216716033027635	0.373916052615175
0.0526730619949563	0.0736961223567785
0.0665073637041999	0.0802433264871656
0.367656072823175	0.767669779316225
0.518523292451226	0.704689479093305
-0.766467382827036	0.663135102628169
-0.579252630682082	0.475335656833146
0.0290354800723843	0.0172179111621941
-0.233693679359556	0.218180858374099
0.798899033339701	1.34351140857344
0.693918106592749	1.63075098559668
0.0946134380242317	0.123334880282051
0.399401919280144	0.293389116830328
-0.295101528775485	0.325629105294803
0.272750019850368	0.465460182580946
0.183330880451312	0.306213902126557
0.330369317185742	0.492885745161263
0.0423743719128558	0.0300283189520027
-0.0758639628706004	0.0472629593014399
-0.100778664690181	0.0535766312842122
-0.00805803267945492	0.00519311483362489
0.323808407499624	0.311087452670562
0.39933518751255	0.355448468845029
0.512676710615349	0.436447155868463
1.30822273219915	0.797691987551502
0.853127837722916	0.547021736367706
0.387362897339459	0.203602422991271
-0.184617640808077	0.0791844639739394
-0.1677999628795	0.0869603914444103
-0.376097638886974	0.31981980715891
0.0833763555440825	0.0558371249873706
-0.351716490844944	0.276394683687427
0.752062583557657	1.04327967918501
0.155544533364789	0.126723980590743
0.497262814943253	0.461803697327511
0.100491799540395	0.0818023139891417
0.286334355858973	0.211582312059847
-0.326058650470731	0.279785956245357
-0.00664012457361048	0.00370465466943885
-1.22621041681776	1.32060380259632
-0.897559384884254	0.940255157185055
0.250671549096301	0.155227427239656
0.264597924244184	0.174496820223054
-0.0788332563552394	0.0353882174785728
0.398653331140568	0.276880501006235
0.449349171778298	0.712315568980731
0.403658104354566	0.460352685124973
0.489966031862659	0.832436411746466
-0.584872681346515	0.701681104928937
0.744952645155219	1.35487409686334
0.472485821307411	0.541941985343365
0.449536709568227	0.696718695446488
0.418093332101773	0.962755859251764
0.376805596577872	0.61886201255442
-0.554202616298682	0.892871853401618
0.25137647344366	0.23187989327364
-0.395706607950312	0.361347945098586
-0.0889297331668783	0.0741733520717063
0.340338464497027	0.374190042801758
0.155583234898929	0.126758616023013
0.804210548925672	0.712349086565342
0.603602078370053	1.19578732488206
0.269541526436387	0.451397745084936
0.523982787918964	1.03110918401465
0.0332707158327485	0.0329199066218305
0.658610052687935	0.738046823995945
0.457803372860587	0.61756947872427
0.7697048500773	0.713365515733353
0.0727628437777924	0.0682536440350459
0.722890504054776	1.20802400546949
0.0629766365615584	0.0626569648271077
0.289410063845541	0.325324299692368
-0.0174215851461755	0.0177830193713211
0.00660711675181255	0.00612964614045961
0.0665380428324938	0.0802760490575529
-0.061107425649483	0.0620982171548056
0.0213550239928965	0.0229715931051916
0.0959146917274269	0.104498149338204
-0.211975337810426	0.292312308302987
0.400461929227483	0.400393911885425
-0.957716662191766	1.23812382734132
0.735776105052048	0.882182233157828
0.675376721954894	0.907689252476152
0.0453915762216931	0.0463270166763528
-0.171751314321995	0.277122243678835
-0.121046758473733	0.135532826972927
0.520703114130699	1.08160567732152
0.408613796018673	0.644649810101056
0.226093605928793	0.346615566334302
0.38861998644673	0.707953536963451
0.225763722831299	0.279648156452244
0.134640000513549	0.164331133198248
0.242273434119524	0.214920943203559
0.472439834513799	0.541941175122245
0.178394582455224	0.0879597751455033
1.72095928758516	1.34693687200033
1.04445280576643	0.754261634807508
0.852952818714724	0.546952016374648
0.39939753031323	0.309381484962797
0.467286509869724	0.567956730956107
0.318951916073385	0.530292236504748
-0.138987946612216	0.162892651902657
0.232334988731916	0.295569041262156
0.656365460204942	0.556840951197036
0.64047563181075	1.32358809117059
0.579185144651906	0.812452391680388
0.213105558473523	0.250121150787456
0.155039992522015	0.147072603905421
-0.00831647071794103	0.00536026035772822
-0.366804975634313	0.466591195779395
0.351754661017958	0.444597483277344
-0.468861866051413	0.620370204365144
0.302507414412381	0.460149319004647
0.207833014602377	0.297526512856133
0.282588974493225	0.447464721841388
-0.230636737854838	0.318635678344629
0.201033454980312	0.280878245995194
-0.465118706753123	0.749101334008529
-0.339347817245894	0.628701367590079
-0.200363741983114	0.266055860143128
0.239831571085461	0.353001585111787
-0.52473817657519	1.07615469369451
0.269259352370873	0.451007416862167
-0.0223885860920517	0.0290151687827659
0.0370064729931362	0.0472007207024738
0.133548987247712	0.134494983458829
0.165511166009671	0.162374515649863
0.318941355542782	0.295009717398788
1.12407159876521	1.57566971878517
0.31341481832317	0.27855338524384
-0.0285826128134364	0.0223898290309069
0.18202330880317	0.161029125820592
0.343226275775435	0.388791328354804
0.178381233471499	0.230769089499684
-0.296432444161795	0.456792699558722
-0.0636105878624317	0.0771856280999795
-0.510395751096544	0.457976707873332
0.0964302396782629	0.0965123074698879
0.0250814956539427	0.0285085454958272
0.238234657025054	0.310889014367039
0.289622477055799	0.325642943527824
0.588655595562123	0.591917317354838
-0.732036673044235	0.441341043477748
0.234283713697625	0.135588951948784
0.674922185533039	0.730926283215142
-0.699111796551543	0.833258632868648
0.307663275138323	0.262180489483787
-0.00635228232034153	0.00354698853506701
0.564317092367707	0.389632583146479
0.372828104257578	0.176187601416706
0.956226036647493	0.344930752421141
0.128391367175165	0.0569839724059529
-0.579076394161371	0.267343048259156
-0.78318335436655	0.879582055914319
0.974149793621988	1.21105786812092
-0.0286268104219195	0.0224233826960904
-0.265331425625766	0.193898436806191
0.27978215636399	0.296369633437061
0.399345224825531	0.340395318968841
0.143474610104851	0.131382948131218
0.143585045321568	0.131493769227149
-0.746902880388926	0.697414993980128
0.806952808189603	0.875980833095336
0.399517607121712	0.325283423741794
0.141972601536965	0.0888084008407711
1.11267119574035	0.937387568080163
0.533194990916055	0.411068231065921
0.399647793634485	0.245264441983756
0.294542240172284	0.229015266462376
0.292293204185376	0.423486941606168
0.404321264260822	0.568081580701793
0.736432925041944	1.04751487278115
0.0593619570944727	0.0537980486456317
0.199008794212459	0.22072829932501
0.335270123725516	0.624118321006101
0.285917613397079	0.531256635550674
0.235955922503527	0.377134905320625
0.306853981287055	0.477779055521885
-0.0888650631201149	0.0741122478933668
-0.427506851664774	0.542004691467792
-0.120965091024651	0.107610526601172
0.459993180277857	0.605170558308538
0.169434132828181	0.144022413505796
0.402352021554393	0.431017875821108
0.239880447026421	0.353233539013703
0.248267426405775	0.420378163562139
0.306775833450495	0.477624911709255
-0.553196136255865	1.01683570429309
0.668701333091332	1.69149817380264
0.663709122377583	1.70078199631609
0.109807620233911	0.133474582891783
-0.0784065556778672	0.0605415939725262
-0.119625687146688	0.073124812578289
0.0636040756329014	0.0473229491269114
0.588967392269619	0.592068584179007
0.333223681949227	0.343635490699617
0.133516054214896	0.134430366068409
0.642700836377802	0.929857919126862
0.183575688889176	0.191876986150588
0.652872653995158	0.921996822650104
0.449433575370308	0.744489553308241
0.305259979356282	0.383117191582048
0.00690277822939882	0.00640341864458917
0.14070213484975	0.213166973155372
0.0214915056031553	0.0231184928628486
0.278915642115637	0.493474704037262
0.36382511235193	0.532766529456139
0.340387426281887	0.374246315400579
-0.17607245836412	0.132033562000342
-0.00686023551827711	0.00583556579850837
0.21950650406657	0.264709916396098
0.0974451436150096	0.121280137515505
0.0553714937045807	0.0712103780180363
-0.172780674880106	0.211467552274688
0.341286952535757	0.545846162832048
0.273014734678802	0.41351073677175
0.273377069143259	0.414020232494059
0.232282984956413	0.295493798194008
0.161816480205662	0.198338512145837
-0.0437772437948125	0.0489821899836299
0.954576255894564	2.27743811049168
0.76895208372059	1.03840999553931
0.276737715263635	0.193402338417959
0.23410444750179	0.135473731879832
0.116526517821867	0.0682388702802972
0.399362209541895	0.340488220509392
0.181161707247234	0.127465686323971
0.829810712083822	1.64310996433672
0.487718249317691	0.972744492985766
-0.514081257853973	0.739259204139047
-0.0176191278287109	0.0179874785528773
0.58707842010315	1.29634344861286
-0.100475236211123	0.107236623702332
0.510051164295047	0.727064383611952
-1.21639719378092	1.61823835162008
0.0829156549476477	0.0646117249720411
0.0574308532597156	0.0604289362515631
-0.384793281710783	0.46659823323465
-0.504653394549796	0.666771089891038
-0.134092012357949	0.17670766833554
0.306333668816714	0.476471999607452
0.220500427370837	0.363202045332858
0.488362988043992	0.956331486627519
-0.13298879632618	0.181389850050139
0.131167073590171	0.18036698227956
0.135457069696587	0.201288027347492
0.138572409556018	0.195027189975528
-0.330764383307976	0.545110584681947
0.0472418265207589	0.0593421456854846
0.0470578951012381	0.0591095460166221
0.26148752207349	0.480856266574559
0.333193928903174	0.609691073878098
0.145591660714764	0.224700375880688
0.176886413236263	0.206259174109594
-0.26760111182284	0.296047860049897
0.211934111461218	0.113871149144747
0.601887959288584	0.582022058151268
0.333048354681686	0.34340750744921
0.399565232217591	0.309557765449655
0.0553659044234479	0.0649219093246988
-0.361960371206272	0.635556628555918
-0.0145506805352413	0.0181674375082618
1.37896674195917	1.87593779706871
-0.62583303705743	0.932832336038722
-0.0725859175730935	0.0813332998377421
0.589340992162259	1.27918032330703
0.454721437006153	0.88601675353668
0.402219430453748	0.430714338661694
0.38741809871021	0.203620033078419
0.533269183355893	0.41120691108276
-1.81248510073721	1.3132670232214
0.402304805170748	0.430979189813339
0.333116917000473	0.34350785778026
0.769757873763193	0.71343453825599
0.635585858470544	0.565049160716253
1.80569663457174	0.656115285251937
1.3082516470813	0.797772341886517
-0.104360815899979	0.0290077066781166
-0.235224426170279	0.137909137164948
0.399248595251253	0.355362739185054
-0.176706794074151	0.14456684901138
0.242256291761841	0.214882302572284
-0.822878319375258	1.02251095255377
-0.348161267106143	0.320164239877476
-0.17490698269996	0.164675612699616
0.221561976416126	0.180602935362218
0.14027004811163	0.109270843277227
0.399134034293624	0.293226555893517
1.37649887337821	1.70460999132572
0.512739851557972	0.436540967621389
0.796521365237415	0.546317748025171
1.21235821634127	0.971237252051548
0.361419576551228	0.516803320278532
0.564188820939822	1.09291791535373
0.615644553158482	1.15122592721567
0.0989440910440527	0.0901474796732021
-0.843767464363777	0.995381507826143
-0.242703627745758	0.211475629166598
0.19947746093041	0.221353090005981
1.06312729736634	1.85862783397122
0.0137918132745716	0.010270513168344
0.229014206798339	0.240979524150279
0.100312144895036	0.0816481390639939
1.12004705247731	1.25662540740764
0.294579507253193	0.229023788330523
0.196877875634591	0.146022406255427
0.804043307590794	0.71233864047186
0.632168963645606	0.352673317989728
0.328729753623083	0.327385863808647
0.315669095294467	0.513680740600447
0.267264872867906	0.395161868527262
0.366016663254574	0.548646020802915
0.63560784947564	1.57547838692891
0.145522059268834	0.196494637841692
0.165608092979742	0.16245351436517
-0.348194517925959	0.320195720317469
0.111738652640558	0.105425428640734
0.833190957312963	1.03336329103333
0.349836878137367	0.430680688096384
0.178114129309274	0.230323764181857
0.119440234834554	0.149219688875414
0.204204570547399	0.194681688651041
0.175377355570105	0.177730036232457
0.488833868483622	0.921672045849577
0.143637147304364	0.18015850079849
-0.135766856130602	0.144389470585603
0.70698253581531	1.38609153727386
0.603734743341859	1.19688800986544
0.0569455680201975	0.0599100331710138
0.282903813831562	0.390512667953489
0.140299037116114	0.109293407400977
0.250420937303654	0.155011483456893
0.928870064051347	0.54523415602611
0.0834175183910981	0.0558589724174055
0.745240865457576	1.35548489442774
0.12875351218078	0.165236296448277
0.313385838919855	0.278533200072954
0.379370245839213	0.636787011190667
-0.00663908391274597	0.00564842707481161
0.242208519292119	0.270598950684023
0.100449389523839	0.0817644026470462
0.221605537863287	0.180636771759577
0.351829516659533	0.444754697421087
-0.845703467726988	1.35031150952564
-0.218684125768526	0.243096951284253
0.407072572967478	0.627645356377986
-0.149454266841218	0.197413541503731
0.043792601570821	0.047284789525599
0.307063641948546	0.478046943149594
0.213768445755198	0.285035408810719
0.23602211577281	0.377287328013332
0.918011492074582	2.11305240276178
0.0464544112350669	0.0557681442858617
0.128874742512196	0.165408650512163
0.559814159306655	0.841259985808467
0.206575475966871	0.268314496040837
-0.309718269800289	0.540270358685547
0.386703519932952	0.690902880356866
-0.852434235979929	0.785621130114425
0.15492808250183	0.146882150634074
0.282761117740713	0.390283047036471
-0.21201851422833	0.292379516978778
0.0450974320845274	0.0460214483725378
0.181329998139724	0.127609580246442
0.289785980451626	0.325999908385937
0.806732568709337	0.875432965157303
1.31779953055876	0.590281779562666
0.399319746845623	0.37007817755265
0.631941480740873	0.352454317015294
0.631924054382468	0.352475981362613
1.72095928758516	1.34693687200033
-0.217493608406643	0.161114128298981
0.715379835872052	0.720314515791548
0.533401679118865	0.671209403982804
0.40241390618899	0.431113364741305
0.13047366902564	0.115099622104558
-0.533240897989815	0.609956786103822
0.892991025427331	1.03960342014187
-0.992389851141034	1.21850920142598
0.656366764577668	0.556851668428262
0.141810817654396	0.0886626742803951
0.533269183355893	0.41120691108276
0.178315331624704	0.0879190895682354
0.116451858679516	0.0682159522077023
0.0857166974560899	0.0467505479059537
0.522281329542169	0.423797055534019
0.469704306479183	0.555118019400492
0.193626346505288	0.177987836518073
0.416723286027972	0.733034816168341
0.343107972640365	0.737801365481878
0.469590319254787	0.554901760627816
-0.175450117855301	0.154615707291325
-0.218592799028891	0.242976268385648
0.794773625297716	1.19251743969558
0.31875880989445	0.294855187043874
0.155788087267432	0.12691866283356
0.485718269491289	0.487179935438427
0.324048843792397	0.31123304729153
0.798670360813833	1.34327673842394
0.401356793818009	0.415690138445252
0.264732361595383	0.174574594918419
0.250737202542004	0.155249271773575
-0.449291807985751	0.282223037623439
0.399482601711874	0.309510248663981
0.374006163116122	0.600666056425498
0.306644203522073	0.477224144236091
0.0551641432683988	0.0709174939653885
0.185925420148062	0.246826627176529
0.318759104825702	0.529759920418966
0.36681102392352	0.856424148264665
0.364377185033562	0.695606407990422
0.919901292835701	1.79952562068027
0.0105021619424906	0.0124774399332682
0.0772023457471401	0.090948437955373
-0.107483936228961	0.0822896283358165
0.658646377278559	0.738049434180312
-0.0437996256964588	0.0369081094972077
0.769597424068076	1.34652580875181
0.190237267333545	0.277339030847879
0.652895903811339	0.922240800951984
0.301393205278456	0.368313155088854
0.335052927034612	0.623593282216783
0.40714244849755	0.62782693839213
-0.524354709450594	0.874957228685732
0.403708366970316	0.553850553365954
0.334425567910477	0.510890153712695
0.451423865827927	0.797277625598876
-0.0614350319416247	0.062452068287059
0.26242565991028	0.378913219122918
0.814775296872042	1.34301715237365
0.832832557194316	1.19107279182436
0.294153767124947	0.340434949855905
-0.469157471254721	0.620687855407218
0.111435606515653	0.105098714402492
0.0791051460699326	0.08830053839108
0.33362598895703	0.509420426438349
0.595199372360438	0.981273575663303
-0.0312331989974393	0.0318403565592182
0.130381327376149	0.202684303454864
0.272936894101286	0.413349485033221
0.128528866839877	0.164914859988882
0.101041276987998	0.150022705854235
0.138463193897586	0.194857442252619
0.23997100102424	0.390974733003523
0.125487777899398	0.148966773714925
0.0701443618771049	0.0593497294977449
0.312085645565864	0.412157544650675
0.178856030255183	0.270389572433624
-0.39572127450374	0.570584745360365
0.546922656612606	0.399586220370006
0.734950298319361	1.202629993273
0.183253795988133	0.260964772451558
0.244412010962346	0.327439414190664
1.80591828976772	0.656470060574126
0.564414409634204	0.389702848742374
0.564160308367146	0.3894443144624
1.28995666139643	0.361009605400419
-0.260393358324243	0.131430586479957
0.372930405999128	0.176198353336861
0.123703996642159	0.0919178340646103
0.401490024279622	0.415880321087353
-0.253233963274829	0.203545989804676
-0.529674006053861	0.574670642714448
-0.471843212655667	0.328827257946704
-0.585611344755484	0.632411014452634
-0.265503777162	0.194082390085672
-0.00916046307590385	0.0066038351287443
0.533306260837746	0.411205597793101
0.0290386308033832	0.0172194422525343
0.387524745750924	0.203731359245904
0.08359737792427	0.0559836450072054
0.211934111461218	0.113871149144747
0.020218289918056	0.0193788977422037
-0.0047982083247696	0.00534725247334816
0.123483990359762	0.199514156318912
0.218465001993137	0.398528500798565
-0.0307365351921845	0.0398748488485264
0.213161984011965	0.21030530929983
0.34583956720458	0.403200732977343
0.183925956271691	0.192277873264703
0.242140111447066	0.214796641564638
0.116428630807309	0.0987794638918436
-0.039201548233963	0.0248526819043768
0.232190237180697	0.197660148864657
0.264560847393479	0.174447546966387
0.617547651765832	0.573480668506772
-0.202704563552162	0.190113653390526
0.832900371033349	1.19135053444814
0.778177272426985	1.19475328099607
0.242196105170019	0.214827498154626
0.47251620541467	0.541981394763815
0.193638082910966	0.178030044906035
1.23097918803235	1.62828783186218
0.398713891522661	0.276963185861334
0.522413088300921	0.423900372981617
0.750738002359985	0.54623867910786
-0.282341819136526	0.244293089036086
0.123125684396487	0.120092726668835
0.143863100657356	0.180469644758955
0.109578137871708	0.158227425627462
0.0364868830148976	0.0426593388930095
-0.00680202718821292	0.00817776011057272
0.308761331422047	0.569868919976786
0.134137919346579	0.212095462470878
-0.0231115406314638	0.031047296407466
0.22906345550874	0.24107551957458
0.245868300337928	0.370642517201104
0.490642556499389	0.833902524179277
0.584152960019971	1.00307455295976
0.407823404034531	1.06913588839076
-0.0457813115685033	0.0638248502307823
-0.0807914860509728	0.105549561857369
-0.340620774978275	0.394368174331032
-0.165660485373402	0.219249357582569
0.272634438785858	0.412699445384849
-0.267704588309786	0.248900738875309
0.140472430818196	0.109442099649995
0.399626795574352	0.385063449898919
0.52798236859026	0.682129283519949
-0.289293122926987	0.285632070384089
0.538793364758424	0.659120507187747
0.421257154443535	0.78658866455454
-0.61833483374	1.06673282189478
0.152465506493119	0.163210028896464
0.0961143367246062	0.0961829013316831
0.183449147164645	0.261257187861985
0.250540046641692	0.155129683229478
0.319191901591968	0.442999038248515
-0.0458724146566212	0.0466953393072114
0.0897181198371583	0.103096312942554
0.289589824427979	0.325692213884521
0.621545385033566	0.764844965331453
0.323881598263012	0.311202905126171
0.23593031328117	0.255961091075564
0.0593784637934381	0.0538162040211062
-0.0241364573861013	0.020431784400986
0.528808519116069	0.961555155628371
0.44873294495231	0.726516300845639
0.200816555826457	0.280448011898085
-0.00555046821228639	0.00618920483720962
0.0898919148430441	0.103310001378469
-0.231994561169055	0.283867556467345
-0.0116560821144683	0.0124721295997072
0.160395671112141	0.227142348019237
0.302178646429042	0.459632540359717
0.354562008757362	0.617652256215556
0.403814433435891	0.554046538320891
0.250748581842204	0.34463791936004
-0.219179316857901	0.29136993019628
0.144973290719745	0.168097104878889
0.0291718600255703	0.0172948023535087
-0.48658191700495	0.558304109651468
-0.0389991327119375	0.0417638682243874
0.11694440545089	0.124374106890656
1.80569663457174	0.656115285251937
0.116353991523378	0.0681564763741826
0.372583028617614	0.175978797190814
0.0855710855814217	0.0466692685549772
-0.422299294346764	0.236652215203968
1.7210806538876	1.34702122879155
-1.35533182117744	0.474230709506602
0.0855841566218966	0.0466768866551627
0.92864495305129	0.545077172240108
1.0223599558161	1.06642160349613
0.259863303192008	0.248828478288697
-1.08445219983833	1.18435363304479
-0.144298386630888	0.118894449718664
0.264584122052665	0.174447372671049
-0.176734621534475	0.144587099414764
0.163584195930917	0.108799843938814
-0.00655651078964978	0.00365922616789442
0.117166612193457	0.124638473290965
0.337015939254397	0.646790885100134
0.454045913548587	0.946184944982788
0.250561149801212	0.495948585818332
0.130013639363909	0.202152864643199
0.248020641820446	0.285110560687551
0.722134474773481	1.05205535041694
0.163482266268156	0.108711541818958
0.0121215587444358	0.00982924556711913
0.15501164212338	0.147034883568781
0.475202143479179	0.528223614172953
-0.0782238455976706	0.0603860895361352
0.644194835304128	0.745099659930327
0.611816240752314	0.77460261123083
0.259710028551328	0.248683077402391
-0.028579523791075	0.0223861076778404
0.567261381660294	0.612642492327136
-0.0244906405932904	0.0207398729479738
0.34576583397065	0.403013861316758
-0.305726125251496	0.282784949568183
0.213119659062096	0.210285003482928
0.273681850069677	0.280693172360953
-1.9283069073219	2.41085085669087
0.399648453615607	0.34071566823419
0.116126097415367	0.0680078566263147
-0.325145477918989	0.357976395017254
0.154976973880873	0.146991423483389
-0.159038925388138	0.225226777793096
0.125833006207099	0.19229369259577
-0.0638193087130882	0.0860873544892575
0.487538027033466	0.971916699484731
-0.0740522067861645	0.100077268039614
-0.577378361879208	1.12594406486642
0.214149383923762	0.379607434613462
0.228957070943111	0.240886315417652
0.248027653996618	0.419784643241101
0.0201518492258233	0.0245355458360062
0.488052846051064	0.973482234228559
0.232300184847851	0.295512077990906
-0.0464019591605468	0.0647519652500709
0.225843886459004	0.430106059780557
-0.0990424987723288	0.175918137706153
-0.293278284642005	0.556676839470294
-0.513439358022846	1.19272501487022
0.0852510847352515	0.0901556964811744
0.114954711482256	0.169190757479261
0.10957225959157	0.158216625983424
-0.634944633785415	0.797235917916143
0.402965925777583	0.445687657832502
-0.30803089089836	0.321567664434571
0.722102960531697	1.0520455260929
-0.0884440758246721	0.123947500525429
0.0360444565666467	0.0421187161025193
0.538009985209718	0.900322025712799
0.214053893914938	0.285455236708392
0.199255900442744	0.251945504792146
0.399248595251253	0.355362739185054
0.264718600927762	0.174588722278937
2.01456700529414	3.49582746259011
0.893170749717446	1.03960795417372
0.117019209614408	0.124471447612949
0.273930711758781	0.281043407581467
0.192531104234699	0.237205962966098
0.758088263755554	1.69926486917257
0.153479879034773	0.183035502693733
0.488228162123625	0.956201865097698
0.0194164862766434	0.0197231711094558
0.373663094240334	0.599719282216613
0.200281588509541	0.27944433748503
0.55661444234718	1.1620183790816
-0.612907754962082	1.12822421475082
-0.23597909339233	0.372339616606424
0.386780188788082	0.690970692818963
0.12338920952757	0.165708333651168
0.272842403778706	0.413156608630347
0.986265807172181	2.27801141076997
0.524297709445071	1.03148360644922
0.496847076688811	0.774920177906336
1.29790503651697	1.66307642519192
-0.395765550018505	0.502493240507707
0.152374019828178	0.163116333195512
0.671465868796485	0.334774054050095
0.0857428988252296	0.0467687674262433
-0.571518586146758	0.312432773778368
0.398873322187915	0.260949289938167
1.72096739972343	1.34672668451877
-1.32934427758984	0.733020573050618
-0.00855081732767539	0.00281333836665934
0.584705454785635	0.379865393865165
-0.314883095294388	0.18046152778602
-0.852478205765596	0.785785640793822
-0.500400646108841	0.416145831678687
0.313436439673367	0.278576629994173
0.155025821040652	0.147057323092645
-0.00929364229965847	0.00669996117398404
-0.709016629056284	0.80133427153077
-0.207541330988836	0.181930051085867
0.203845534777113	0.194310487427671
-0.0759270521319743	0.0473049630283594
0.294607819320488	0.229068114143061
0.134820945418852	0.228162078075095
0.182109600404562	0.357509182361182
0.0447592808484697	0.071559311203991
0.306951877227915	0.739931807334677
0.343972447934875	0.794083256256131
0.238219447222527	0.310963227816898
0.615703349278163	1.15132501355644
-0.361405678198578	0.500984254322639
0.52716008790304	0.977856004957868
-0.291095295133612	0.403354653948171
0.247601108826257	0.284515820159461
0.566149578784885	0.831482057804525
0.219423880826292	0.264567687033898
0.406215439787953	0.612305172921195
0.0628021578816644	0.0624630500007011
-0.365792886221329	0.585919426248204
-0.585631042376188	0.805014661093272
0.154980146336921	0.147004193553238
0.177068514107633	0.206515269177165
0.647472359548784	1.0961150032431
0.123207312922107	0.120173540864516
-0.133845724029445	0.176337723817081
0.0745891816741081	0.0765371492363247
0.40721836406409	0.6278526420719
-0.408120741394039	0.633577300361603
0.160326003994114	0.227017191657013
-0.0533839701894775	0.057143687211963
0.451810791623468	0.798028004062385
0.109771119731801	0.133427073287175
0.603934543550929	1.19675369873218
0.16217212651302	0.198818547538292
-0.300584065841733	0.432525672826383
0.384546285601133	0.673098915365743
0.311114557954017	0.495438712211686
0.367714622585425	0.819336225482462
-0.138979261089395	0.216376441236136
-0.0791692996687654	0.110846400278842
0.077421448582576	0.106335236991833
0.0280509055900443	0.0335118337972387
0.488073942251476	0.955887539737476
0.0103616895839327	0.0123088343998945
0.483414010096585	1.0455739165938
-0.216705725888018	0.395879104984345
0.307088424160671	0.478190811875334
-0.238816803456749	0.412625331236233
0.236200257723184	0.377615469519982
0.0168888893959631	0.0220764784029473
-0.274527549072487	0.491117067154132
0.525836522579021	0.994831058995981
0.374035917652171	0.600746777089283
-0.246143253695426	0.314445249042477
0.0770875780424244	0.0908068159667662
0.0278247886931141	0.0332265580796182
-0.0228172658285966	0.0207192705752492
0.253093154648411	0.299049904498265
0.381708432171484	0.654243084454522
0.109923219463211	0.133629240097261
0.0109621113328706	0.0135594287786634
0.213292608322953	0.250338363377528
0.238350077679665	0.311192992714878
0.0365007490404226	0.0426764675125463
0.97986354120919	2.62253355656736
0.278159918703901	0.374497613435163
0.241875859400391	0.270172910999377
-0.25315328422318	0.309396302013277
0.404505928855335	0.582007714596631
0.125372563313777	0.148788785755553
0.315610448220841	0.427364270403964
0.524113520325336	1.03137414249596
0.305216005981873	0.382985333725325
0.493068154871869	0.802851985781995
0.186235712745327	0.247312088074616
0.232404605231271	0.295602635177346
-0.0942113828891796	0.0953149296054916
0.169356071484185	0.143939565088681
0.285388190268387	0.311574319919093
0.464839292172804	0.580855143228401
0.623958495288785	0.944029390969147
0.165542555227795	0.162416799617778
0.133589448879991	0.134538648100009
0.343180596250501	0.388707498278313
0.183608285120208	0.191837751722998
0.675403739549457	0.907704938877916
0.579447326007652	0.812751192893632
0.606811949914098	0.367954213314213
0.0834831467970995	0.0559063479499675
0.111517507711004	0.105192267395052
0.522361610077758	0.423873731893028
-0.0244135188733824	0.0206743386268588
-0.028355490602975	0.0222085209331051
0.523049586580169	0.693321711575372
0.19364592999165	0.178007481088447
0.276687851535201	0.193548878671475
0.313385838919855	0.278533200072954
0.806972845941745	0.876009460002654
-0.492754134858268	0.59366927952949
-0.389929969887617	0.276359669549728
-0.358509316483428	0.229953272680103
1.66361053249679	1.51652989007293
0.28629311459722	0.211522605665442
-0.176337785534195	0.132223951721488
0.250671549096301	0.155227427239656
0.602188118792115	0.582715701476752
0.712074114293426	0.546670662650068
-0.579211569978325	0.475305661180453
0.399452026643459	0.340590290552723
0.251188134221582	0.497457326339293
-0.0597941158169228	0.0972435503063247
-0.194983514216669	0.40103317945091
0.223640512850418	0.420078094514129
-0.816384215170421	2.88817237465431
-0.544137078539608	1.42152013058873
0.200393935509809	0.279685451489033
0.20715906144302	0.32204594941448
0.367718699731234	0.788922194010863
0.160935410628381	0.177370025105113
0.279813648232971	0.296399928483282
0.355391775701579	0.472460180985525
-0.139062770154261	0.163018151017008
-0.191511165967679	0.234475615429709
0.135942329736448	0.153260792422875
0.1704197514332	0.214657075752481
-1.23521965026119	2.45250541287819
0.0630077664955478	0.062676613745091
0.0507077611429966	0.0488715238230359
0.191646731558242	0.206488978811382
0.943696025460957	1.95557509592257
0.366087084624284	0.548792170749572
-0.0458523204794934	0.0466660101686119
-0.314277154283179	0.40074371404606
0.152484794968403	0.163239904044751
0.756866049903383	1.35065304431793
-0.237092069324806	0.276728172474101
-0.0518447582127512	0.0498335674560859
-0.12222459030127	0.14327302287779
-0.196607109849859	0.218963195254645
0.244433749255739	0.327477231543764
0.452369490932184	0.655112236137076
-0.0139736081764278	0.0174347700571509
-0.0386404432696568	0.0466882142603935
-0.205697585622941	0.333436020207063
0.301949157863057	0.459167081645396
0.0971784812160864	0.120926724434658
-0.187766532067852	0.239649879360468
-0.249977423415396	0.345763538225278
0.0563247575377834	0.0694005088925585
0.12831307804021	0.164584121136179
0.0651297439668924	0.0903946515361764
0.161427830947753	0.246495090304517
0.104323828962729	0.174970656020683
0.0112793111762311	0.0139556911390184
-0.269139600789231	0.400143147028246
0.564188820939822	1.09291791535373
0.374153985193135	0.600959653776727
0.0826564523884438	0.109582493999091
-0.12922405219694	0.200835631328322
-0.0579506516388157	0.0649025417215348
0.220505353798888	0.30150620899227
0.281509396829652	0.506579306875913
0.263982179472712	0.492945018587399
0.0450999136949333	0.0588734505540144
0.480879804335132	1.07192058871677
0.268304419469816	0.34328019295299
-0.0535477827631979	0.0573210250908515
0.379553247515133	0.637261053497081
-0.410584759101549	0.767468482644799
-0.369990295106152	0.533465374772996
0.330007638727995	0.49223350253921
-0.0902975166928076	0.10570175657812
-0.0389139939583884	0.0416702874635064
0.110408931633391	0.150869302072682
0.261677301132375	0.377692246308454
0.0898852292528821	0.103302920583588
0.632590846515285	1.35589039556978
0.225860388831083	0.279799973496652
0.496919565780556	0.775086220487536
0.305147285263609	0.382961845245299
-0.236944757675742	0.276526048253115
-0.024627620901004	0.0208544331334586
0.165745133618382	0.16261566373855
0.178490230904485	0.230931835516652
0.273437701386899	0.358955947216242
0.909852594427247	1.950445031525
-0.267438125602783	0.295846873883014
0.174952345164154	0.177278282573428
0.248156766277801	0.285226589406222
0.0854457241981349	0.0751057605227102
0.584691164752436	0.379856682356652
0.399451829307227	0.32519272591537
0.675380418094892	0.907605252880174
0.123378570310133	0.0916577354472646
0.399731715671093	0.385221635778962
0.0345803040067631	0.02691891622731
-0.299059469801772	0.237866335471971
0.313335239059769	0.278479859967753
-0.0395911524525097	0.0250978916890972
0.39924277451529	0.293267579091374
-0.0760945859454269	0.0474073772906456
0.399523941949888	0.309549797669524
0.23237254018563	0.197803870097964
0.803996781242706	0.712059316844062
0.968921938807738	0.894444579028665
-0.314859440718046	0.18040570331732
0.504679049136557	0.449416783278785
0.807149420707344	0.875980121988434
0.0649422265477519	0.0901298776850721
0.454593064359611	0.885637339976499
-0.0589302279822056	0.0767357650060134
0.0662090254457361	0.0837193858842832
0.245267886842316	0.369157674398219
0.265699981852407	0.436432435775928
0.0379200079199085	0.0464827756715765
0.653269868129104	1.52757586203022
0.66050094486131	1.26509144637064
0.562075269801662	1.10991123266465
0.572564700010478	1.04547706979713
0.525377718127591	0.993288423686112
0.322488134130838	0.458162059486065
0.594333616598823	0.793319997346037
-0.435057514577203	0.475297799370073
0.0533982932933146	0.0434033132464598
-0.444666752316161	0.511512531021853
0.14324411692368	0.148808281338586
0.318786583022446	0.294881094981907
0.644493596011397	0.746082583506221
-0.267534084089287	0.341639547414685
0.533329167612086	0.671055869446503
0.0134646209105819	0.0100254405845705
0.318825263007079	0.294928782295444
-1.40362410788704	1.92676172546924
-0.340563736085788	0.394277349389138
-0.0772070391474405	0.0783021901287203
0.402346094852607	0.431015237776848
-0.0889679318617947	0.0742041248105845
0.282831538551186	0.390414334928695
0.206218887783303	0.235387605546345
-0.215016159411298	0.251217648932005
-0.00750714643890058	0.00684239701583412
-0.105868364991014	0.100741686511239
0.034436988347462	0.0268245618311781
0.96025394062984	1.81170683880028
-0.479837137207047	0.522484487168793
0.263530910220327	0.328509236293778
-0.553109581696794	0.858894212568398
-0.105683750743449	0.123790282088267
-0.145459009612918	0.240997762930644
0.382042884891405	0.655120052526832
-0.14529898831558	0.205289413152354
-0.255094627520808	0.428606407282056
0.227513432843113	0.388284487702047
-0.0116058052982487	0.0161046267800488
-0.00722054522163122	0.00868270956366769
-0.332993904918963	0.59979927425159
0.31589469832387	0.629062545211908
-0.0786173850416391	0.109954216658732
-0.0382288075385608	0.0532351553671528
0.0468884306875528	0.0643993467687636
0.607068062964916	1.45386161615942
-0.716415565795806	1.31873161063719
0.68392069610513	1.65810505289302
0.0287226770571774	0.0358183103007043
0.106032899642629	0.118913998866721
0.0192567082141542	0.0243671973931779
0.0563638809980217	0.0694442959893302
0.0107811889106523	0.0128101424800808
0.186022695281287	0.246921930256496
0.0956454063159739	0.104155185002167
0.090031119721022	0.10348563094812
0.0869569928640146	0.105268985461904
0.553230765197459	1.19522936807856
-0.354604085512234	0.43090362780136
0.233681935273017	0.335911282475037
0.487081309665274	1.00621419672711
0.340401568635846	0.374282021272746
0.504354826297151	0.449057258173153
0.715355215038476	0.720233940388528
0.40241390618899	0.431113364741305
-0.585199088678498	0.736201684210277
0.525978694557399	0.995449459497772
0.545202356005791	0.874410522465937
0.07450949275516	0.0764492853550399
0.0857690839630121	0.0467755813981377
0.104956741794419	0.0741723016137246
-0.579233535502349	0.475321044301583
0.234119701427991	0.135495466226445
0.398788702445974	0.277022374151166
0.399660064812808	0.245317382260872
0.250434257978222	0.15503656965698
1.06404672032493	1.23833182694019
0.399238423968859	0.340094882854502
0.318747911799468	0.294822820826307
-0.119518275601168	0.0730591665263058
-0.075907813506897	0.0472827433707429
0.769971429656047	0.713245355109725
-0.658788207591116	0.622019672117386
0.276527333024065	0.193404830580203
0.304258257002225	0.542720047947058
0.365694909136372	0.709862472216049
-0.184795074754326	0.271448694973445
0.0261022314470017	0.0337101691854472
0.546025862216525	1.23595976191663
0.454804787469941	0.917616727969041
0.250456434808551	0.344178754953572
-0.489834257871535	0.760289592972451
0.273091235251297	0.358380570890062
-0.586913229937086	0.875995551938355
0.143446598920147	0.131349775656041
0.477870229244446	0.514175404203066
0.472325277426531	0.541753370434557
0.403811598310402	0.473975090282045
-0.625873908047884	0.933099419894389
0.313154450335229	0.278231405055466
0.336992741094583	0.359121032093469
0.404173187389397	0.488011981906854
0.779718874750233	0.876185244053301
0.232079746910433	0.197527988130841
-0.525103121666103	0.53776603344622
-0.294929085857719	0.325421244963825
0.308871053655031	0.397783464904182
-0.854514051382176	1.51729608426655
0.336847733418029	0.358885996476873
0.319148502598215	0.442882317335373
0.297914779647777	0.354527307836768
0.23566925884951	0.255600646199726
-0.533220845574039	0.610073199621281
-0.0521507640260601	0.0405731557966148
0.182296733760837	0.161320179072355
0.276583399332681	0.193444888966908
-0.375990847869845	0.319678207050162
-0.077455693792724	0.0785660525387922
-0.514172207993739	0.739449618462663
0.412578591178476	0.694773308690983
0.779131944891812	2.37455442380703
-0.196344545880411	0.298427987212484
0.0361539636779726	0.0422479234546785
0.184024355060216	0.283808678433568
0.176271123196972	0.245111363274759
0.263348382299454	0.32821223792266
0.737684369214566	1.53548992270153
0.0191944504627639	0.0242847041946792
0.37652648361125	0.618211499035258
0.0661415507509992	0.0797654634941083
0.521075698062574	1.08238298270173
-0.00701706123403703	0.00843738067649664
0.673872540736665	1.68177176884778
0.167028572239941	0.260350321257347
-0.309164667675722	0.461240179584249
-0.0837807495025908	0.0895202119033287
-0.259133344254842	0.397373420580243
0.0763562189632579	0.0945919378179781
-0.0581869738975317	0.0651870300693301
0.391894575164093	0.740769139127174
0.289900395272341	0.326133792125086
0.322673472766761	0.458827772212622
0.298131755448398	0.354834822677516
0.082766257383876	0.064482236330286
0.283254098574186	0.391041566902732
0.185765407651253	0.246463205378103
0.123725364293437	0.0919279554359134
0.323992427507268	0.311310174867273
-0.0344513346498732	0.024583022961795
0.104916523665419	0.0741539664078005
0.125861695096544	0.149437909866069
0.357527559190989	0.487159210847523
0.50445759985372	0.449177651062902
0.79634816214787	0.546154657785757
0.211887954999951	0.113856287486724
1.01591103746029	1.22339368800932
0.211887954999951	0.113856287486724
0.123464934646896	0.0917372677950668
-0.0786392714965295	0.0352944119780959
0.396175686819008	0.226339115191097
0.387443934982169	0.203677658568846
-0.939195825686217	0.734504686788496
0.264778926388733	0.174621340640128
0.399567666730592	0.309608506043698
-0.00851306069175468	0.00548496563254253
-0.224362360916797	0.149289333907045
-0.0344587378778064	0.0245926932621144
-0.172105247829258	0.103115450817621
0.0185208774497838	0.0124621077203627
0.399187088913684	0.293282605618885
0.399710637986493	0.325416869101514
0.0971253728232828	0.120867339257395
0.213886704799997	0.285232359254961
0.131250612509339	0.180528272868571
0.0661488375829559	0.0836327089419698
0.326002885793885	0.564620319948217
0.160267633563155	0.226928632908969
0.442659754353127	1.05440520750287
0.483760654805173	1.04735847449179
0.643598416624628	1.7319467997848
0.488221721843048	0.991111771378785
0.185091722122248	0.221938743325828
-0.218603730856034	0.242991576107889
-0.653537656158345	1.12702755543954
-0.311365530591917	0.36115809525637
-0.690565001404713	0.864027587928604
0.0828049400260108	0.0645181737977956
0.560061346414521	0.841842937105727
0.182091028812518	0.16112106893514
0.617745053337773	0.573829512967194
-0.740254793778541	0.968309720767745
0.688277245477614	0.900693161444227
-0.434694966158732	0.474646134812982
0.0120803480982195	0.00979555145108419
0.143144071142233	0.148654416693541
-0.804214530378175	1.04876192373251
0.133459197519843	0.13437027480536
-0.549152602911712	0.788660588831676
-0.0435960324971126	0.0367316767923223
0.769134161331204	1.03933502905629
0.053291528379985	0.0433156982524556
-0.585683373777345	0.632410282497967
-0.0630031144954321	0.0444577593040867
-0.144342296426494	0.118939532701684
-0.436462830849353	0.578668347376085
-0.689864260389227	1.43027982109191
-0.264143338103055	0.457597351727784
-0.59280367954039	1.42039106797345
-0.0983572454007925	0.137992303885311
0.102991115332028	0.137568194271656
0.306796216109552	0.556930582201865
0.225810269607366	0.346048560160986
-0.211670837027064	0.291773260212753
0.301789261309484	0.368932327897096
-0.316408257338939	0.488399843871801
0.233500983932627	0.335534971505857
0.287547683822358	0.465627380978331
0.589340992162259	1.27918032330703
0.0872346591658694	0.105646271005267
0.0824196559376401	0.109255288131777
0.0650451385321786	0.0902736160416215
0.20798346428897	0.357138349097042
-0.396793557519787	0.761576781387881
-0.420899901118671	0.721879967984916
0.595414768012887	0.981667880074947
-0.189154225274119	0.269144057807027
-0.0106087600377002	0.0122954052070692
-0.232497435271366	0.343990610543565
0.469797391415269	0.554955236561842
0.32297727258615	0.459328831348202
0.0452263895674967	0.0461586645860586
0.40407833662476	0.527918211749599
0.311313196105828	0.495813043338417
0.906572105606335	1.19627033035603
0.403042112273181	0.445789825839553
-0.112306164983344	0.113353662741752
-0.340465325205168	0.394177044688602
0.0702133815667667	0.0594062574051439
1.07093168949402	1.70919538404561
1.04409201173031	0.753962957849965
0.264751383123105	0.174518954342413
0.845913474208575	0.71496687423092
0.399690128000572	0.325433376348187
0.234119701427991	0.135495466226445
-1.24501373386669	1.02209610358304
0.0855449313339043	0.0466444126680162
-1.40186461371808	1.05084714160718
-1.04470164881043	0.875080672215587
-0.173687033340215	0.117497462851281
0.504375390870268	0.449122629618846
-0.207357562861288	0.181769539485242
-0.348194517925959	0.320195720317469
0.399421775048638	0.355505081548686
1.23113272203014	1.62855467235667
0.740538917793061	0.716312897226207
0.297864265847816	0.442437975024951
0.152664784336336	0.196718155663871
0.15231367452831	0.196214589435794
-0.0220473531491722	0.0255934266450296
0.729922047879602	2.10106722412934
0.304182978535969	0.542493068547598
-0.0225003553844267	0.0261349025792841
0.315791745491425	0.427668096580664
0.458020722116626	0.617948018228352
-0.138479052199727	0.154910472334795
0.00674250432280064	0.00625525874054761
0.572430178568901	0.822104408852589
0.481528976921163	0.500650906640199
0.251422793298427	0.231944250221139
0.893864049118723	1.64591897408466
0.155117173966873	0.147153743220385
1.45573592978859	2.09524479105775
-0.107319973536824	0.0821376714710675
0.229047185706048	0.24104284700285
-0.85448907775794	1.51718742560767
0.402965925777583	0.445687657832502
-0.395721324391962	0.361252902325807
0.474907917253927	0.528004929785087
-0.585325876191701	0.770678297863586
0.462452304609978	0.593162546583028
-0.028470583710225	0.0223022449226187
-0.479657270638156	0.522334846793122
-1.01128984454058	1.36434645967255
0.22144645869306	0.180468024897041
-0.176761382978101	0.144532743908247
-0.174752493111322	0.164516765836278
-0.191708735431506	0.234723667229979
0.348600047463715	0.582779801879486
0.190147961614944	0.277190046161935
0.452808860873219	0.833107679963006
-0.0505251433624538	0.0611592065668045
-0.173889674209231	0.246903579168189
-0.120060878558763	0.157876291854882
-0.187578948788913	0.239443845701981
-0.0569011397252888	0.0512415254122579
0.602594438719275	0.783940978148354
0.144886861992433	0.168042064594906
-0.0175642709288419	0.0179150983242531
-0.0588890117291037	0.0766854866166331
0.858193998592893	2.80618174648793
0.449417343792884	0.712337099148276
0.607822151863898	1.18238234136333
-0.837339119045534	2.17586632269146
-0.146723137086369	0.243446253616929
0.138393520905439	0.194731909263764
0.64434020341462	1.55287302263024
-0.0614049962664586	0.0624225130027087
0.356472205956267	0.632705771619043
0.251359578189385	0.387581560921308
0.0627587465449678	0.0624274498841286
0.28506844309373	0.311364586066694
0.876090863092959	1.6429320490537
0.452595706673546	0.655605865862007
0.268199764768251	0.3431015988908
0.535202130433399	0.914497769471823
0.874694274441782	0.87946409221883
0.852778255844793	0.546757450411459
0.455777083363892	0.629934186503641
0.326333313962238	0.475387911247301
0.0137196918970918	0.0102175136829825
0.340310196273273	0.374140289493265
0.459936135167445	0.605059942442307
-0.00731632244295362	0.00576616936091459
0.365900780420747	0.150323570811862
1.51293507506516	1.26330464690653
0.928777867705259	0.545067781172208
0.399718825474951	0.325361456759775
1.89230437179661	1.63181515054755
1.89229099328829	1.63175084687617
-0.18415862804278	0.0789451749084822
-2.93096211520381	2.38513586749647
0.234291393901341	0.135604455620529
1.61921927158841	1.66840432921933
0.294562834620656	0.229049768992594
0.564152751246519	0.389471809180536
-0.358430472278739	0.229872321405079
-1.23442297805832	1.17075819927854
0.209764225756806	0.163333422516228
-0.167761860218221	0.0869497148664064
0.538241251688985	1.27055375918608
-0.207400349914858	0.325900197161309
-0.325917373686864	0.637380405902727
0.450509538136553	0.995525060046339
0.449096387432449	0.743082610435666
0.384554353555168	0.673377772968925
0.589473459073421	0.992083107334603
-0.175999230457335	0.196337853665976
0.675338636280449	0.907610543288604
0.787734328770324	1.03537023472298
0.353732931245385	0.458702565299148
0.901876707927407	1.79523066112591
0.459976959938107	0.605245824632558
0.642438223785692	0.929054318309605
0.130649340064858	0.115278491810329
0.0699613360884218	0.0591799185086637
-0.677281699206422	0.927992471181437
-0.00728533315208613	0.0066396425934564
0.0342338213888451	0.0266531896054237
-0.486754499887185	0.558569066749272
-0.245952313688193	0.314169385271553
-0.199781218237206	0.199190711908967
-0.218659171542549	0.243055722417382
-0.326583337471507	0.397570752857689
0.652618739201384	0.921782598664639
-0.0071062495291996	0.00560242973203396
0.633269827037929	0.937413581771772
0.258236293078516	0.313321006555822
-0.260059392722776	0.302977861384619
-0.0314584479639458	0.0320795579880025
0.554506318606671	0.851987395564061
0.00902957188945801	0.00942512234869995
-0.549053869205012	1.09863929513537
-0.402367394572182	0.70991039066563
0.0466221427373739	0.0559799827854414
-0.120743277151551	0.169991984587892
0.318694421474508	0.529573023903531
0.0563876055320394	0.0694914708339723
0.762715560449803	1.89118441599565
0.301719662773292	0.458636772952705
0.000975629728034028	0.00104650219874671
0.422640841348268	0.804121409973366
0.151277254466528	0.222283403035661
0.483163087954323	1.06210170768734
-0.92556349029801	2.19535155395476
-0.10593441498197	0.139007102835836
-0.0656879748071215	0.0826145028703297
-0.194515490843524	0.314971334365749
0.176504102976402	0.245457328202455
0.220327860262525	0.301244456481231
0.0588647447595399	0.0839491962574747
0.554370720330361	0.851663647265978
0.787964026308377	1.49659193216773
0.451319958688121	0.668892412955856
0.263505326985703	0.328367975978122
0.368752999357777	0.565853013748815
0.206203264781539	0.235368743642086
0.76277246815931	1.19692080759096
0.319079295491829	0.442748524060146
0.259618594982842	0.248574134180328
0.404222188230672	0.501359580552418
0.328713590035896	0.327483934177315
0.210136317891607	0.163582361807807
0.399652120253719	0.245289401469063
0.398751303919128	0.277008501801979
1.89238446807163	1.63184012055658
0.399427771188148	0.340575593841657
0.396089460373207	0.22625207081107
0.242129384266395	0.214778631070566
0.564414409634204	0.389702848742374
-1.83919342866441	1.75959879887226
-0.433250029043962	0.364609037248794
-0.173897970235959	0.117662972860727
-0.0758858858027726	0.0472742031099182
0.387511878551028	0.203703880087379
-0.877149112430242	0.577216000555005
-1.0443084110125	0.874649006739739
-0.449536287830222	0.282477104716803
0.674516238151806	0.730105987160929
-0.131319680632085	0.090236686104291
0.533088084526954	0.410953314616359
-0.981584186560259	0.891361705052936
-0.577160254149805	0.434419892931967
-0.00477816764385727	0.00221449009969904
3.04861955968506	3.70547291003664
0.974169958450303	1.21104012338943
0.278208073576722	0.431195463660848
0.0379549211323205	0.0465278367381181
0.298792286000955	0.513932054775951
0.193651589235472	0.310429225845784
0.38861998644673	0.707953536963451
0.423832460837404	0.862461815251669
0.620723845098142	1.13819954595863
0.207292299970523	0.29641883617408
0.948383421045839	2.1107523726184
-0.23686808240512	0.27637790456199
0.505850790954766	0.737866708559279
0.219756483254922	0.265056840342595
0.312147902172039	0.412214760872874
0.0242644160124812	0.021885671682416
0.499664466088267	0.762213264859942
0.497021829560266	0.775258066756452
-0.0439332194061844	0.0370245652458749
-0.149546386814843	0.141280678961233
-0.444863413738297	0.511682961487698
0.152188674968797	0.162893815838866
0.595201642870319	0.981245234827443
0.152249619127295	0.162953581773465
0.75213505077739	1.04336741870548
-0.121068927438012	0.1077050389726
0.404072658104014	0.527866576168571
-0.295084740828704	0.325685613252943
0.0701028618316801	0.0593083507052028
-0.121652028134815	0.148566205378188
-0.200291749196914	0.295046717534856
0.272755657431662	0.412988288182011
0.200756534726186	0.28039959017443
-0.156567759753624	0.174947041427182
-0.0612842549683053	0.0715642604814057
-0.088148477300867	0.0988117234789829
0.213074816960202	0.250065201740217
0.416627583016118	0.732848079141692
-0.173837895457425	0.246822770800712
0.208310237047619	0.298305492855988
-0.194669338306549	0.227800535172488
0.214254139471464	0.313944764951627
0.0434798102002232	0.0469342617872315
0.62945678686649	1.3729184012676
0.30702674741515	0.477974012563693
0.0129580892971875	0.014300491605097
0.287341679595586	0.465202186266498
-0.361584981051568	0.634664284126507
-0.250293069693281	0.371264418674665
-0.0434672469477663	0.0545055587709529
0.106727566638353	0.13634103106714
0.449841416090636	0.6975502938682
0.27782932856061	0.430298173480119
0.414804810821199	0.714372515392216
0.32646173527125	0.475515687502253
0.451194444616142	0.796749341625429
0.31503543097797	0.512657269177708
0.312005517471073	0.411987222607663
0.233883502867621	0.336272227863933
0.379413433680082	0.636842217971723
0.505956008302508	0.738162319177268
0.405161794645432	0.596761275724858
0.176821460424244	0.206094170352074
0.403936189756695	0.51427382024111
0.403800035475457	0.527409252671843
0.632037639398118	0.352531037221759
-0.14964074690346	0.141401532595738
0.399312132315656	0.370125047693077
0.232345014816247	0.197768620623937
1.23082561282931	1.62746940639961
0.163669198809145	0.108853324515277
0.211857686193715	0.113839275081236
-0.207471680451127	0.181891112921745
-0.100435448908401	0.053405283159304
0.715659067434093	0.720463241052629
0.276662130961792	0.193532353478315
-0.471820019432507	0.328774129457693
0.656419821809539	0.556877278723426
-2.6840172976645	1.94101674114423
1.15466426704745	1.109180653183
0.681018866171829	0.550224724914083
0.740412532926917	0.716052689303468
0.0479747380547107	0.0242080962692441
-0.119386451613774	0.0729635647159714
0.399660064812808	0.245317382260872
0.399745314666342	0.245280454955888
0.388914292079117	0.708557460308468
0.0630824798757993	0.0627553590576154
-1.08056843435529	1.77331076119525
-0.242040247509316	0.268426555181202
0.259533248725117	0.248387739626287
-0.107522092874922	0.0823209484087148
0.401401198528407	0.415767448133829
0.832156180785476	1.34302703066504
-0.126211182728119	0.119632186239249
0.242143562301007	0.270524066655284
0.345503841350921	0.402535094840784
-0.876406572256637	1.13861050970406
0.161082741642241	0.177546859374051
0.206160205495198	0.235243568263441
-0.353554004429837	0.528865722171656
-0.308159520792433	0.321823185554617
-0.00658177919824907	0.00559966932349043
0.404156872168011	0.501354789228089
-0.682943619272362	0.895268894222239
0.504572267759576	0.449327688889568
-0.737669949456965	1.22647850217274
0.29406427623046	0.340357312282903
0.106281076320287	0.135723493636944
-0.456932706470118	0.684445061932798
-0.636441480591218	1.24353967443014
0.278211743045838	0.374589627874594
-0.09136775610488	0.111302827477233
0.232352188862678	0.295587318675716
0.0102183724869209	0.0121351109327106
-0.100424437673328	0.107194905695875
-0.554114940636443	0.892720390013472
-0.175737412469893	0.195960187102851
0.322728157137505	0.458884673261469
0.0335195489720138	0.0371440253976413
-0.210506119116486	0.320522328139447
-0.046142352907129	0.0469964723512385
-0.0877928186438737	0.0983374568711392
-0.313275906532129	0.434205261397179
0.24053475568137	0.354346961766811
-0.300584065841733	0.432525672826383
-0.228294618951881	0.382214694111726
0.128494388242463	0.164865068845175
0.357604951200526	0.487320752635307
0.730234561826374	1.94514103395002
0.602635917480653	0.784033779349983
0.624406425278068	0.945162001723024
0.0628334159054416	0.0625081325434433
-0.0610399088083836	0.0620200553288807
0.0191737222407027	0.0194750498217328
0.455734963229723	0.629705862206
0.40377908245045	0.553993980802914
0.263420910097126	0.328338125005803
0.199597552713136	0.252548910245611
0.462517892292333	0.593387966460002
-0.176701382676573	0.144561083548768
0.0700028470365908	0.0592207766602264
0.221504206323728	0.180549472074024
0.0634739417389823	0.0472242003056847
-0.0946863710699865	0.0659595450455492
0.181445038128079	0.127712516882967
0.467269163683269	0.568102262661088
0.554345900178231	0.851557942753669
1.39007963276426	2.71953008003554
0.69382340823837	0.725384303382005
0.765748574968654	0.332008986763764
0.165531049947824	0.162371194583117
-0.28923173720092	0.285587533236339
0.558826833411611	0.623940197407883
0.398797581707142	0.277035673986689
0.264848775930256	0.1746193409358
0.635542147388228	0.564938315062389
-0.235369770675652	0.138004043591348
0.588701846948977	0.591988568716591
0.128513129788498	0.0570429042556451
0.803945827600581	0.712263366492621
1.18681680405281	1.28124548263608
0.0479668102951513	0.0242035155870716
0.365796592364056	0.150347828566248
0.656233446083565	0.556691460943664
-2.06204877441102	1.69828598703865
-0.167723743572673	0.0869307434564531
0.399484873638208	0.309438569363994
0.51259410340801	0.436238830941826
0.76959729993245	0.713177830099595
0.516415835739472	1.34026967018235
-0.0618398503402394	0.0864129283536028
0.179099999932103	0.270791320733674
0.01315759593006	0.0145265531845829
-0.226245776856354	0.345144415735004
-0.377719737686268	0.565607022869429
0.365857545038076	0.548308673377863
0.292835558778743	0.424714070680028
0.452106630757932	0.815058747979033
0.12697398131205	0.139061840145347
0.72414103005465	1.36757417451193
0.319217714838212	0.442970568800916
0.125378588365036	0.148834618709305
0.36580607346943	0.548166985351423
0.406111448581295	0.612106175023775
-0.428805103633926	0.642068995497184
-0.206291719869222	0.263542423028087
-0.326437097899577	0.434627646536543
-0.280049104894793	0.372897078346995
0.178955632894354	0.270545608168795
0.0133571055587898	0.0147505134860296
0.0851554140107233	0.108169847083096
-0.230393584212635	0.318200366757934
0.115283114654352	0.151047775289407
-0.0391661559925815	0.041946463192947
-0.0515237108374005	0.0495263352124406
-0.776726995999552	1.5207162886818
-0.259005020131388	0.344923979737513
-0.690762463741006	1.19096519449917
0.0250910439866406	0.0285183424048056
0.206833654016476	0.268743062611505
-0.120748952191768	0.170026316252864
-0.430717291089081	0.806953015393443
-0.251325448862111	0.397330373663644
-0.0983954001177859	0.147559155972394
-0.406338918342087	0.738120979577227
0.17843033238197	0.230832296353476
0.153111475515889	0.211817766434306
0.287251348978737	0.465047083552027
0.52707178537763	0.977559716916278
-0.156569567568795	0.183440789700368
0.0682210388200781	0.0739490209305354
-0.138377825429362	0.154855470871983
-0.577529407127601	1.12648029024173
0.199630305012483	0.252601676641941
0.482357297167082	1.05974603673179
0.182695393775928	0.305151247807208
0.331183650251212	0.595436866633583
0.554943679451935	1.17894029111873
0.220052245670363	0.32977087849766
0.644623183685057	1.55443061607561
0.220652330045859	0.301835431553941
0.769470644544145	2.23173818633924
0.394486426291351	0.79615896660003
0.337861615373791	0.649407170809471
0.0411872163519412	0.0580489431032184
0.00576880156245969	0.00759618267969731
0.384797052403483	0.673831808000292
0.30231388322979	0.459821431368421
0.402375642399486	0.431015249449219
0.649236030512682	1.29163502078191
0.0748069836912682	0.0969111523505032
0.652752837329261	0.922303763005922
0.30167044999249	0.368800756782455
-0.211384948717443	0.291138132304673
-0.486643965058458	0.558374722781449
-0.701116199398603	1.1249493158904
0.145094891784128	0.168306201950764
0.0966260511127236	0.120140452087788
0.538114325544599	0.900531767745207
-0.406316138375736	0.539450289123956
0.632385395013393	0.755179596772111
0.0728687661629426	0.0683524531136769
0.28505414332277	0.31134436175223
-0.764256410410488	1.3600753700596
0.169350830231129	0.143924963642975
0.259754236173753	0.248736081770249
0.399053792212464	0.293105730792436
0.671494664560962	0.334807235682389
1.05637106962915	0.549947620800554
-0.173917091531538	0.117682478952323
-0.00636187363498121	0.00355114006922597
1.11266385916294	0.937574051569259
0.396240348787542	0.226360026749263
0.182200622940324	0.161235567462076
-0.298926540829573	0.237755093879406
-0.252969530226262	0.203259462218463
-0.731991747335839	0.732785272210026
0.504523291197945	0.449267702899292
-0.299033287706945	0.23782414723678
0.769863898760568	0.713423555290037
1.66361053249679	1.51652989007293
0.606920023753657	0.368081471821074
0.227698435708709	0.319458570916553
0.322539786649241	0.45831615913774
0.282833610723063	0.390422251133466
0.219501453956159	0.264718596793837
0.340401568635846	0.374282021272746
-0.176706794074151	0.14456684901138
1.00961548577901	1.53058971882436
0.453988592799011	0.642526233238796
0.116658542848389	0.123993753252868
0.282894449336823	0.39051622923132
0.601506931394543	0.97126481927131
0.513764309601554	0.715091271546918
0.523132558566563	0.693423528803754
0.579127795708957	0.812307829761713
-0.198170714935666	0.209250203782491
-0.311625277843797	0.361618480313641
-0.461807277563986	0.584488360794607
0.263510011066208	0.328232284796329
0.518645800958938	0.704518733034329
-0.284762857062986	0.331098376798186
0.183909573987255	0.192282489428667
0.340278651196382	0.374099632936084
0.33710673612871	0.359249560193971
-0.0391441586636708	0.0353999145174989
0.409941554469021	0.661355635625059
-0.156825295819873	0.175260518933357
-0.194851847311529	0.228042092553867
-0.205460598643994	0.293049208222766
-0.138377226119328	0.154836674201951
0.423545026626281	0.834630780524355
0.119511194621102	0.149327088183163
-0.0807936750741227	0.105563565035356
0.267193922027324	0.394967032200423
0.0848323572325239	0.0822049133504921
0.256432546279732	0.361149346343144
0.144947472836713	0.168113650373353
0.126313822743908	0.138290421222468
0.29122771777965	0.481203469202551
0.076099158432727	0.0942574828337059
0.354355882257031	0.617276814827004
-0.730614883118648	1.25828412338833
0.330341876533582	0.492981226184208
-0.277301947897444	0.42633677837128
0.577859213127045	1.33569832469078
0.382115286086329	0.655319959381628
0.287328657780464	0.465215464427509
-0.313524040129121	0.434734245578483
-0.0475738443662396	0.055456295153034
0.440672208148787	1.06108631257824
0.361784829205608	0.517456789348836
0.572407681675222	1.04506540823671
-0.218588478571446	0.290450364397595
0.106494140688924	0.109851244118802
-0.173179780383541	0.212100503226718
-0.524987997250648	0.992184369627342
0.254188453062953	0.445545569905509
0.214373148786705	0.31421717901278
0.256924752835847	0.457828551067389
-0.0387589950501433	0.0468425082445067
0.0761234929497292	0.0942894421151601
0.244336481394961	0.406010803291547
0.462157557711689	0.592609870796366
0.492973449710086	0.803049826656138
0.403743726960053	0.553928691460028
0.405343098883343	0.597029223652029
0.153239812500216	0.182657344928253
0.0629351457494031	0.0626042859251336
0.513918936043615	0.715404703381809
0.277977875347182	0.374096375827023
-0.267726202506224	0.341992748802498
-0.587445038193892	0.945976680745451
0.404090051035143	0.567785241214689
0.241964553027433	0.270283950981321
-0.00657378426981162	0.00559230572671566
-0.00899514261497965	0.00648567161081089
0.0421646382357641	0.0298727417946899
0.551482530407104	0.635737944081156
0.100290929049819	0.0816280404924855
0.723032596013363	1.20816318109387
-0.326674639284539	0.397662999005293
0.267186154211311	0.26502110964711
1.37268683737928	1.53240107921969
-0.0521951787542167	0.0406102894501169
-0.479542087398288	0.522101027527116
0.806752515864546	0.875499634485847
0.632037639398118	0.352531037221759
0.276609133537466	0.193488659541977
0.607107860141163	0.368108325103569
0.497129689418924	0.461653907502155
-0.285211168305487	0.186448644459638
0.398705026911756	0.276915459656852
0.399203917048368	0.26112631616261
0.96365264889692	0.736961016350349
0.00102522387987062	0.00109837597528216
0.502553912967023	0.749914262449619
-0.546285022999147	0.752561823959078
0.9599366634839	1.81012011930343
0.527936687562073	0.68203330357274
0.711384028726048	1.21290888616785
-0.135874817079541	0.144518075086787
0.403987720426633	0.487643986786091
0.411837581003309	0.679362127294625
0.403045818618892	0.44574281438374
1.03827131031488	1.69470426930682
0.5887682567045	0.592057661957152
-0.199567181512564	0.198964712846046
-0.242323750998918	0.268724107477479
0.467269163683269	0.568102262661088
-0.086223096326804	0.0823413953911775
-0.42746669359581	0.541967458573507
0.762559331962398	1.19603594670182
-0.300840953578277	0.366750373916498
0.0989126481417187	0.0901136735917827
-0.174836195263048	0.174812343255516
-0.427263904403039	0.54145305051403
-0.948946709210401	1.39744675391126
-0.924206793577314	1.4162804777056
-0.284646502981492	0.330842883268224
0.186077515639252	0.247073563350103
0.449747530606022	0.69735827013747
-0.0508475329796705	0.0615644493777566
0.178361265498986	0.230732371171332
0.39164691690863	0.740135431172545
-0.105794398666463	0.13397195517976
-0.33040291582774	0.544521656057442
0.192445166079392	0.237091839823031
0.00615085221701302	0.00605529974305088
0.488574937158176	0.902872207094755
0.0193203767695893	0.019627951821338
0.213923352004808	0.285180602796934
-0.242256746853383	0.370794564233067
0.262200564938352	0.378466288578628
-0.15285507186676	0.194637036189233
-0.187570832531299	0.239425454620076
-0.0474772044993682	0.0553423581245334
-0.0928725941409313	0.12158445698149
-0.0458481824203733	0.0466641886767859
-0.235880989128101	0.372090101113911
0.116036465091506	0.1339171699126
-0.149266191930878	0.197126290986918
0.530434193140617	0.944812240451359
0.176517956060948	0.245494109109313
0.161869817261878	0.198405933614526
0.32257929216864	0.45862180061463
0.183020074577974	0.260512231282682
0.268344695045205	0.34332318312684
0.449713021719158	0.745131687031567
-0.25030390066809	0.371254565310102
-0.314134300986216	0.400548219377803
0.493077082881721	0.803341393766251
-0.197960048604806	0.208930976361698
-0.154843358690958	0.189439776016379
0.227684781754276	0.319474019695707
0.423823383059106	0.849123744589451
0.532585148557215	0.929191172247154
0.0824832197922244	0.109343257745266
0.256345151341282	0.361193463680191
0.359363676467993	0.501699760838524
0.035978348595604	0.0420371699353874
-0.0726625886963386	0.0814289133163095
-0.0767973286077273	0.0933478386427753
-0.138579252942033	0.155098112974433
-0.2121235040408	0.292546843613531
0.0131389828646518	0.0145029843576314
0.100280799775046	0.118583910099132
0.191732944000523	0.206600582008971
-0.0359981654464921	0.0347063330825072
0.0961697775612446	0.0962459253379883
-0.554261084556795	0.892878654016153
0.144956481163899	0.168149376004709
0.282664665288835	0.390037680987551
-0.45682831415516	0.684257282134949
0.100449389523839	0.0817644026470462
-0.176767850527243	0.144609313402564
-0.267707235381525	0.248928632520366
0.497209994677897	0.461670038484069
1.37892156277757	1.87599056315317
0.399269061347659	0.370028541895707
0.169544812374686	0.144099691522015
-0.581620786915473	0.516483838943816
0.337144733936666	0.359271084938414
0.518547834711221	0.704765662437186
0.46963530589987	0.554952538253557
0.0478374739349464	0.0241360072493468
-0.115318346707089	0.0956326125643099
0.294735209381305	0.22918377192748
0.5469093255531	0.399618657335497
-0.171807943033785	0.102948482806925
0.211926139913565	0.113876387771514
0.606999733160499	0.368112755368252
-0.573043063375869	0.392116283470683
0.711994689914987	0.546635957220775
0.26331092446127	0.328134600518183
0.46471650000913	0.580647014982158
0.63249877835828	0.755051661055475
0.460205423397447	0.605641847185479
0.979818663195942	1.52143470298435
0.481501343613631	0.500541180283741
0.512970237951791	0.436624773340006
0.467455144133065	0.568166150289138
-0.413881644898003	0.320941666341767
0.86078590205211	1.03466461276878
-0.212778740609281	0.172641686069342
-0.325546674936774	0.320182315152499
0.305186497802163	0.383020371595847
0.169411164241986	0.14399460930233
-0.144337072491456	0.118936189304073
0.402455295086691	0.431039744818376
-0.174692736483626	0.16445827920479
0.467174566407722	0.568037666846869
-0.648222343500637	0.695831553098791
0.204018056239444	0.194505709713693
0.123515650223371	0.0917803540039835
-0.719725389807713	0.76738464964987
-0.0945796297891467	0.0658970940220562
0.0531387423949298	0.0431801737917502
0.0380371269896079	0.0354875685602296
-0.702915924785874	1.37657034413537
-0.165642760220823	0.219244625421331
-0.120506549395074	0.152900998229882
-0.0696603820403324	0.090880981012388
0.419555888670409	0.768157865685997
0.0190093583686416	0.0193010983698052
0.118875933093333	0.148357572827361
-0.152517737995538	0.153018299574398
0.191752415507972	0.206624845966953
-0.0889640151962264	0.0742007099983349
0.184960193592537	0.221758958602954
0.311303597715431	0.495828644516654
0.395035299090079	0.809981532751101
0.253173375931789	0.299159534706499
-0.603152270480196	1.21173626176118
-0.0220473531491722	0.0255934266450296
0.0525348760568224	0.0734894461704799
-0.159296955276434	0.248652246071641
0.364175291718967	0.695089054465568
0.153291988134687	0.212090554388307
0.115690556111861	0.133492957228391
0.138606756086799	0.195091480878903
-0.649568844125453	1.15862259935435
0.717895268102749	0.887322933996892
0.0828997316903301	0.0645845457662677
-0.517714006864713	0.77444936419935
-0.940932075008702	1.72216691921565
0.0962750983469697	0.0963641316442681
0.343383361991444	0.388865106308263
0.285219758738526	0.311488720727692
0.247828988844692	0.284891379883579
0.0093889006746218	0.00817680133521988
0.73033851145762	1.54808603679642
-0.0440594678922359	0.0493094928848018
0.414455543679784	0.713328321889161
0.0662188069064831	0.0798688763485649
1.33527501972938	3.82311171460075
0.423116563525356	0.819549385137383
0.247848309845425	0.284893565727942
-0.0763583924741149	0.0684986202663821
-0.138393965915805	0.154866206715529
-0.384923827211559	0.466764017039494
0.0681784849448638	0.0738941017207971
-0.046037606280534	0.0468823534496911
0.267907286562511	0.342502271374522
-0.0861173509641402	0.0822241968251448
0.0314037568056455	0.0328888446830943
-0.819070755109138	1.4071052541852
-0.100137106501297	0.106838886594748
0.496992058540307	0.775216061640744
0.565698639747011	0.830992742688057
-0.011588047506849	0.0123970208072711
-0.174771005604825	0.174747471531376
-0.486156741616689	0.727671992082017
0.251245082242628	0.231769427225783
-0.174872033412537	0.164576669355852
0.708781194340745	1.05648016855577
0.722928557675624	1.20716838015707
0.632251739715999	0.75512922206726
-0.411337966346351	0.400773003211516
-1.12726658129117	0.724223760675267
-0.146882707871552	0.130071535589107
0.276474328877052	0.193352422934333
1.15495499093729	1.10846279140912
-0.173771987292809	0.117563128560795
0.0135033129876586	0.0100552260866832
0.106753009302711	0.110176918835232
0.29789532598	0.354464311338022
1.05637106962915	0.549947620800554
-0.0755679216615093	0.0470439532756173
-0.0651938173053836	0.0546652615422301
0.401376045424008	0.41578136906161
0.116330839643921	0.0681472868212352
0.396089460373207	0.22625207081107
0.163586759975438	0.108801348504513
0.366007996917728	0.150336513247159
-0.517899147573227	0.179109173088448
0.853140609926255	0.546929797083206
0.606854759600209	0.367937503742949
0.396089831394072	0.226278388755559
0.228981533463865	0.240959703925624
0.0295046120932561	0.0248744417493214
0.30163064991746	0.245915766791506
0.399516263244687	0.38486268277562
1.03848867715114	1.69561458389879
0.116126097415367	0.0680078566263147
0.399558597609167	0.325296123272501
-0.265310825116447	0.193861658240783
0.182315105021749	0.161358544237631
0.403937564118805	0.474260418368052
-0.579315675588001	0.475397408670997
0.63220719913133	0.755060239075761
0.294031749870219	0.340324283807704
0.169505602285456	0.144089788968828
0.806859221296573	0.875729484713166
0.3075330390325	0.262055958899197
0.474954678962776	0.528092071974239
0.398667618958224	0.276904598251902
-0.731985992095004	0.732649433554209
0.974115338856796	1.21036129890697
-0.218770050060817	0.243171197557767
0.475153015376035	0.528190856621104
0.0335803602414094	0.0372136858302713
-0.0221884352618671	0.0287500351010446
0.27342046857702	0.414141994615629
0.618063907957208	1.6119939622696
0.505976278563115	1.18401987903788
0.0248148199011901	0.0281938611025513
0.0194784860711766	0.0246526799966359
-0.0249503551017324	0.0267099345635486
0.284977096384632	0.311229259034507
-0.00917765366808915	0.00661760987460806
1.03851909039195	1.69554956187655
-0.0768410584406219	0.0934075318749052
-0.34974742922106	0.631184205678708
-0.210946713143776	0.258170978542723
-0.383610492117423	0.595108340965219
-0.332477367645245	0.598084544040342
-0.496337925739303	1.1519231611362
-0.286647935192192	0.57320838848656
0.238390456402856	0.433627793865933
-0.216168873772687	0.31921603217597
-0.120743255279587	0.135217542971246
0.055202595258336	0.0613948484371402
0.267649666919277	0.395933299899473
-0.366304883417943	0.358680103751144
0.328781308754763	0.327576891010194
-0.77511194408506	1.10349644824355
0.0828769652944142	0.0645800647846662
0.457808974012268	0.617544402987445
0.326170344107693	0.564994902369848
-0.0514434328259166	0.0494446426805925
-0.0243851180441524	0.020647877085158
-0.289361901078829	0.285655447264876
0.455752131153047	0.629847358354018
0.27820288535027	0.374569986796947
0.168670412393549	0.228788164784736
-0.267761719346419	0.342043013228729
0.152183022308998	0.162882799808641
0.304258257002225	0.542720047947058
0.51451765323582	1.13924239181032
0.219361499872861	0.264456935079196
0.257003542216842	0.457986898616135
0.097280476028893	0.121077913920938
0.160659475697812	0.212443234728802
0.403582297446559	0.460234560062432
0.0627607837390482	0.0624290748036408
-0.00721685027796353	0.00568920141701651
0.301805252501396	0.458813993772718
0.341165494634001	0.545536788744483
-0.0343962206161687	0.0400136592509249
-0.169565791020442	0.216179703982441
0.488998589338649	0.867262631339973
0.341259034219974	0.545771487631397
0.106523760360833	0.136102383714423
0.532448161519937	0.928973634628272
0.0211569814634375	0.0227533225006335
-0.149380966561258	0.141123294546986
0.499418529158383	0.761810679046647
-0.138377825429362	0.154855470871983
0.0963804143434337	0.0964723167365609
0.403813719643369	0.540642220415122
-0.194851847311529	0.228042092553867
0.404241960673048	0.568144340360219
-1.04890910121962	1.78594786384129
0.323942080836994	0.311209621400314
0.804043307590794	0.71233864047186
-1.63519167898621	1.39553890660412
0.399633218063485	0.30958176904239
-0.119491077741782	0.0730364768299565
-0.413960669915903	0.321092009427935
0.211994594277884	0.113897485870755
0.485718269491289	0.487179935438427
-0.0837535755504869	0.0894884834014999
0.100113531552515	0.118379150913485
0.898346864870289	0.72334506195932
0.0454082453671622	0.0397294582600877
0.502548065444161	0.749879321116955
0.0634121577145063	0.0471757124893224
0.929922774575149	1.04610518450702
0.917332660208241	0.884581953780753
-0.358667111251907	0.23008064430689
0.0855710855814217	0.0466692685549772
0.396111062600139	0.226300322457463
0.963370850303374	0.736798442331128
0.403377677871532	0.139736809774786
0.399565232217591	0.309557765449655
0.212002551952134	0.113889673007786
0.635522631800618	0.564955794700488
1.0439984206623	0.753790274969522
-0.391949865486702	0.191579791283879
-0.167792228123067	0.0869736387408147
-0.104530837627992	0.0290497664010843
0.631810563958237	0.352386442821737
0.63229174929066	0.352703851644874
1.61948076831338	1.66799798662545
0.684819395860182	1.06684105543339
0.111812074858433	0.105488970885711
0.878862242708504	1.19225835694846
0.181354727690782	0.127651068600099
0.399523941949888	0.309549797669524
-0.585176260440767	0.667159367080206
-0.0887886704007012	0.0740483788547225
0.847240255034865	1.49219481514258
0.75212728116958	1.04302967023006
0.182229007321072	0.161261251767719
0.399521882306769	0.384833476675079
0.123464934646896	0.0917372677950668
0.169567207901487	0.144132924829991
-0.00900596244225096	0.00649373613634407
0.497236432279839	0.461786244409188
1.08204966224216	1.08373019971202
-0.217410789822541	0.161083572869334
-0.00839913680988944	0.00541197040704757
0.0699408850288515	0.0591433898478392
0.0855370844777038	0.0751841618755295
-0.279738265868628	0.402026364529677
0.276228363239689	0.480215538315644
-0.372010357118572	0.615884644039852
-0.438076401384002	0.704430274801543
-0.55134179343259	0.823887723611703
0.640749298998222	1.32410980266571
0.670925602705897	1.46720026617614
0.559863976494888	0.841387872136227
-0.927903019547163	1.25740964038657
0.401262114006095	0.415543453151495
0.267113657494365	0.264937762505764
-0.16191586582673	0.221833670246012
-0.470235525291113	0.8091385723107
-0.612871040953145	1.12835610617196
0.175938122788934	0.244466086484946
-0.293279951560401	0.480930615800452
-0.309191717042556	0.539380554731942
0.0296265474657454	0.0402554643976128
-0.170115468823047	0.257595991475939
0.193558920900451	0.263664910878045
0.349967773663823	0.430900356864592
0.526194369626101	0.996018817225348
0.119696086012445	0.14957911121037
-0.23350658966386	0.218105105024232
-0.144370506992253	0.118967299099754
-0.492817241912421	0.593849700855308
0.538976405008817	0.659487136801301
0.301725901864094	0.36887409848518
-0.468091397842052	0.779803347132538
0.451284902628581	0.668821052043127
-0.880498959553366	1.30036400963261
0.40292043257163	0.445544385373453
-0.311592925215203	0.361571054606637
-0.126134457776327	0.119506524181844
0.273178929780913	0.358569585274376
0.0664403490339357	0.0801596054533613
0.589508387311208	0.992123492311861
-0.52413817471114	1.01822301088249
0.337284801126063	0.527014528231178
0.11162400697772	0.105303117118563
-0.0539458657332101	0.0677104308234844
-0.406366819121527	0.738000843604008
-0.314171745417917	0.400613241157612
-0.300636362212244	0.366572126782949
0.816351688040914	1.64526104338151
-0.340400408144312	0.394047828861982
-0.436573664151658	0.578827426004134
-0.470318326198433	0.80911667341427
0.0825588435987458	0.109461661167219
0.128338682341418	0.164625862784857
-0.0608770375865613	0.071053753272517
0.0662048641566791	0.0837256415332712
-0.0754521520186053	0.0882083783021075
-0.0578108196343831	0.0647378235783384
0.151942381450173	0.162550493146881
-0.819186657389991	1.40723635091424
-0.340465325205168	0.394177044688602
0.404361343374162	0.488080040512625
0.0193380831038955	0.0196455512723259
-0.284848837406088	0.331231511159026
-0.221896319231366	0.233619440568233
-0.831900149097539	1.37878496998346
0.402461065863204	0.43117982703317
0.196746997365906	0.14594511021234
-1.44889924866045	1.34562417133617
0.6070937235966	0.368145307451031
-0.902174902706043	1.11500377971119
0.635712241634038	0.565136977878951
1.5622616669366	1.98759620842681
0.0572142197057323	0.0602090008318968
-0.105533964601469	0.100431907140985
0.572405716361165	0.822074774025355
0.15583768999704	0.126942410693209
-1.0095768799932	0.719341383679869
-0.85277131203293	0.785855370336872
-0.391481666646295	0.191384943509599
-0.701862955864654	0.471051609861451
0.0615106551227168	0.023806118014709
1.3082516470813	0.797772341886517
-0.327440212159224	0.129629361099382
1.12032416462092	1.25778427019312
0.25061916968494	0.155193208312974
1.03231421993805	0.911417879412006
0.25064583704517	0.155177325214836
0.635376416555739	0.564467813730792
2.45252308571847	1.30201768245603
0.398774442714311	0.277029786852801
0.396068108708119	0.226269963646636
0.128844798984404	0.0572090254928978
1.05626488614213	0.549849792880685
0.0836215618240872	0.0559807317331093
0.264852977933842	0.174604013288426
0.60232470354801	0.582905598832482
0.40403041351894	0.554289717356884
0.263521226250635	0.328355854293992
0.251268286233434	0.231791520224111
0.318714659375747	0.29479091801076
0.0829436615362906	0.0646312697887717
-0.149675306476265	0.141415430829671
-0.797044940123052	1.46534143595524
-0.276294229744515	0.337320588691781
-0.804261969537523	1.04893532349883
0.23575084375383	0.255705638304111
0.359374651144321	0.501754691471525
0.518498658353703	0.704616746186536
0.65276705601296	0.922242984963119
0.221564829713295	0.225955124736654
-0.197967842787372	0.208995017104626
0.343388802797759	0.388731354538304
-0.629273142753579	0.863837448394153
0.143479997443789	0.179924211672863
0.0766576763956406	0.0902473789191465
0.00104760729253476	0.00112433794765238
0.512974693971519	1.15266883218902
-0.680009151200429	1.25230661659655
0.0378564209384453	0.0463993747817077
0.31880812745244	0.529708420962171
0.316423646289533	0.63864983671659
0.160405073044834	0.227192851784239
0.206924808179376	0.268889253198783
-0.438614790337263	0.705773426616679
0.0629101218135214	0.062582349743156
-0.0473560942086259	0.0551900280275033
-0.119074953420488	0.16197408703606
-0.182601517668661	0.242112861951015
0.220207012709582	0.330149928418425
-0.182517548804444	0.241921839039087
0.33813862271616	0.650463850051824
-0.204825344103954	0.342124379795157
0.0973675904404754	0.121181612643824
0.000129463835009158	0.000149773785296853
-0.20009971391909	0.265600985778081
-0.0755649143293684	0.0883523536769223
0.940095321698789	2.27995467886797
0.137318922776519	0.180802073852619
0.488920041395118	0.939964499726763
-0.587480000194054	0.946016134507477
-0.0901888609251473	0.105535163078528
0.337722854304477	0.528015414980669
0.192470421582257	0.237129818659399
-0.441930045354634	0.735201461786607
0.0466221427373739	0.0559799827854414
0.273542064143162	0.359091789756532
0.253148542963821	0.299136579856618
-0.18910263130569	0.269070441875928
0.16939477018698	0.143983052267716
0.27825929944028	0.431078706815953
-0.285447458010599	0.453432257896828
0.250122204733791	0.343532273650827
-0.122837409544602	0.178856425150982
-0.430677011409288	0.806753314083604
0.416515306087803	0.732546593015544
-0.402419000599771	0.709987884627098
-0.313402338055564	0.434514220992764
-0.00694309853446811	0.0089755060324021
-0.230299189077124	0.318036733835848
-0.0771399335803183	0.0937950801726665
0.667216322230495	1.25381116815281
0.675607432543972	1.45274865962622
-0.219171873428318	0.291347466526927
-0.0752001642887119	0.0879066483236639
0.0104273823093284	0.0123874430785631
-0.353386810131022	0.528501403356597
-0.17300097496461	0.211817432276859
0.30185615241532	0.369082321124298
-0.206270441319194	0.263515862323836
0.244433749255739	0.327477231543764
-0.0243993147562099	0.0206615692659795
0.178421164183702	0.230831895640541
-0.0726625886963386	0.0814289133163095
0.14476564323786	0.167880389938054
-0.120812464653343	0.135298860862974
-0.152501157211046	0.153001292838183
0.00656838582615475	0.00646762317027314
0.308798476900963	0.397684889447975
0.351990528739971	0.444997550504882
-1.48796743350288	2.6551769324891
0.477847289929297	0.514116223734218
0.551434241355558	0.63576148092655
0.404428323989629	0.581848683767995
0.352157262199682	0.445205594694772
0.684909234463323	1.0672461729927
0.68245278105222	1.2338649777941
0.279427807206264	0.295803952706578
0.130469958307618	0.115097527904237
0.307809948052431	0.262251822827401
-0.184505553212383	0.0791373504854963
0.89833172185645	0.723268328705126
2.59836788378482	0.565681354882139
0.365902525614416	0.150379543777498
-0.00624131988123011	0.00348367560494832
0.439871247620891	0.120233355559156
-0.578975115762517	0.267390226446819
0.365796592364056	0.150347828566248
0.398964949526781	0.277083124365523
0.396262160673801	0.22638646126689
0.128862234571198	0.0572251923644326
1.34307053574539	1.01506199733172
-0.176011743176159	0.13198505975331
0.232318679941137	0.197724856776619
0.845860264717128	0.715059134269568
0.0423525978050852	0.0300130445212649
0.116489195276326	0.068231887094166
0.116186636806352	0.0680532515196002
1.15461167029424	1.10900921430707
-0.0489937644034561	0.0267199564240236
0.968763405945866	0.894851243166186
0.740388191189061	0.716013820448199
0.0858222138874829	0.0468112400675287
1.12025867081795	1.25758380689059
0.196591788662089	0.145807592365522
0.740407509105251	0.715788035471034
0.399008965873632	0.354990715467322
0.809095391321302	1.03384859375676
0.633196316268404	0.937326674732326
0.0186074566745822	0.0125199585315506
-0.453673268383755	0.547964513230303
-0.498777095803918	0.629975567549174
0.404151812972772	0.474450252422506
-0.631779223050314	0.830339124687948
0.099218102355042	0.0904210878718405
-0.479881314981943	0.522469734058549
0.40388636320504	0.527620311286468
0.0727218761488257	0.0682094122949115
-0.121075536873031	0.107716011611144
-0.107511520290171	0.0823040790182899
0.116266558075149	0.0985925820479845
0.221627343780176	0.18063392665699
-0.461688934538875	0.446956605967701
-0.719812053847761	0.767645000664507
0.247729011116791	0.284693994124136
-0.135696243596982	0.144292521376848
0.0105344738342678	0.0125169232414901
0.395000369741834	0.809992150141833
0.102886499605684	0.137361770645115
-0.064052111609873	0.0864390990642212
-0.0660667491063323	0.083141550723182
0.140939854649792	0.213586746262762
-0.701248887938553	1.57305958271153
0.674636411243695	1.24336149089602
0.169220492343418	0.191906110815838
0.549669176222494	0.863068388489795
0.579978338571395	1.01693040068434
-0.0554234800869619	0.0747626201170763
-0.498997634660052	0.940818533837277
0.176350156837497	0.245251020855452
-0.0359689864691602	0.0346739848317611
0.322840073743105	0.548068718251881
0.339793980482435	0.673363946963328
0.174886490897889	0.307105309235872
-0.145880982292623	0.213082735496001
-0.360227321705591	0.558097930882777
-0.366945986016079	0.466861918433755
0.082489246956115	0.109359860654145
-0.701274667735632	1.57321080632214
-0.0435500592085218	0.048708343061909
0.130504350691809	0.115134097899564
-0.135951495195828	0.144599363280659
-0.276765384894833	0.289838370276692
0.319261110623967	0.443096210530397
0.293632821969865	0.33956002722822
0.0316049984275721	0.0331008955432869
0.213142965578737	0.250174311431064
-0.0861906693128581	0.082312755223813
-0.685275424984104	1.22172090488984
0.563915134442372	1.09186215089647
0.0661379638752937	0.0757029681156664
0.454624378579185	0.932644287056084
0.361601141266124	0.517151788070819
-0.123161291502248	0.179399753930633
0.486413045930521	1.02067618937416
0.0971306234291217	0.120835588941872
0.409642372391546	0.660556236788659
0.386599343915089	0.690620661164349
0.00866780813551938	0.00904217041354273
0.620982870930218	1.1389530769651
0.261592106166586	0.377510462678967
0.454198700739501	0.642854644620078
0.173077686229528	0.25616053694754
0.0437167243883525	0.0472052968341544
-0.047632329905967	0.0555318172852174
-0.0506928046089765	0.0613739135050111
0.337260535040512	0.526974918327368
0.421141416123551	0.786397939597531
-0.120540555323385	0.152956080704633
-0.0173091595974047	0.0176652424932381
0.0314365369687889	0.0329245278159239
0.258198963919696	0.313274159055552
0.134847994950716	0.164621670063435
-0.408399115014175	0.634299119436692
0.692510855060576	1.40885408180467
0.312043036463512	0.412076331666166
0.667527934153405	1.25431115800746
0.408137678063681	0.643237404508387
-0.305991591972231	0.283041778958234
-0.0522395880339394	0.0406461520882526
0.294472717861019	0.228954252983232
0.286438632184769	0.211674618036817
1.45571599104665	2.09534138923645
0.490345241203419	0.833642614980791
0.386859163533849	0.691199123847222
0.633138613482138	0.936713583161336
0.349867530113951	0.430736751526031
0.702281084671409	0.893773917517034
0.196812447404238	0.145987123372345
0.221593297398848	0.225974287280029
-0.00484278533217776	0.00224382481702178
0.123544444385558	0.0917999591205901
0.332987658417352	0.343209352609661
-0.0889190021268754	0.0741427467932851
-0.701824725138337	0.470945497752617
0.853140609926255	0.546929797083206
-1.27016789492353	0.884123175266073
-0.732192865670734	0.441473163114747
-0.788232305482405	0.414275835906919
0.399728693730097	0.24533491213199
-0.105015388977172	0.0291873412061693
1.24599073942208	1.14585313470885
0.301410936946005	0.245698749845167
0.76967609689596	0.713268882191315
0.853033866383466	0.547002647083637
-0.00647290097493442	0.00361346614744142
1.0442650852691	0.754232399790507
0.211964338892854	0.113888136941665
0.264704824340339	0.174556238904536
0.264658266871447	0.174547011346903
-0.322202951136644	0.232055249653008
0.196505607634886	0.145735446962698
0.917572110552993	0.884581595836898
0.845873572645785	0.715100082050027
0.387524745750924	0.203731359245904
0.399082266489205	0.293119180756306
0.234209408113983	0.135557017197127
0.234306721965948	0.135608476227016
0.307395948820457	0.261856794339092
0.399626795574352	0.385063449898919
0.736398419627184	1.04740189202797
0.183795579471432	0.192156515323478
0.644593195666626	0.746276277082862
0.663754222306767	0.91523304499763
-0.754197780513464	1.16322815191047
-1.03377011942518	1.20023567172394
-0.413815629625469	0.320996865707269
-0.395554895660398	0.361177336810966
-0.583621977625527	0.556466569293229
-0.381341308256188	0.395613882848653
0.0120836460584647	0.00979861665275093
0.0290916091214662	0.0172506474117661
-0.539731614013195	0.680431991589007
-0.267595211941205	0.248776617167555
0.0345072570459651	0.0268788786165904
0.717961938121919	0.887349505281334
-1.66349802312687	2.74062759786673
0.130618647166184	0.115248278886045
-0.64822991904631	0.695722518563332
-1.93154458721655	1.94702070986504
-0.461883371590884	0.447343661898793
0.0701478609510518	0.0593521988460137
-0.246055998913013	0.314331561340634
-0.0843553823424261	0.122171812249077
-0.452376039458544	0.849477878730572
0.344660320725473	0.563449848771704
-0.077039315763262	0.093663799407808
0.409823202310585	0.661093293739448
-0.0511700950597394	0.0619681406524864
-0.105640148961276	0.10053073797012
-0.300622521970876	0.366515543478435
-0.536623084329544	0.645476631979884
0.259686415561	0.24866255771371
0.213002227492901	0.249953308252403
-0.211775817384967	0.291952067556523
0.106620813604703	0.136223784585402
-0.0461907592041385	0.0470363925846916
0.0471709547527013	0.0592582197671377
0.518101207825138	1.11232649991173
-0.434475686939178	1.00236978982086
0.207156608026193	0.322094257604076
0.169297808758291	0.192009599540351
0.404113188942581	0.487904916259845
0.0899269154431731	0.103362393190203
0.106163126015215	0.119074181154665
0.541566152713067	0.887002541943729
-0.479542087398288	0.522101027527116
-0.493136832019893	0.594460392034752
-0.381003004610547	0.395202874376108
-0.246125550698322	0.314432838917611
-0.0942113828891796	0.0953149296054916
-0.245856174915152	0.313910085252856
0.11636081516642	0.0987194385848627
-0.406755417564339	0.468948629747612
-0.295134020491745	0.325713536239538
-0.156500225758699	0.174841117314998
0.0452263895674967	0.0461586645860586
0.177098038507495	0.206560796285097
-0.586863207127489	0.875878245290387
-0.047443190906969	0.0553011090913403
0.948343536362795	2.11103919994972
-0.496910027493309	0.856106066981465
0.330522737479331	0.493301974167345
-0.657941480693432	1.3620334165402
0.0193380831038955	0.0196455512723259
0.111574815703531	0.105256553770251
0.348195198687569	0.41726338919651
-0.21870362671496	0.243117216752256
0.191827432291811	0.206677769730019
0.134807187601097	0.164553664884423
-0.0531733863963399	0.0569106006988557
-0.242305871765271	0.370868452101378
-0.173058639469402	0.211854839998533
0.256249184941546	0.403717192025061
0.530510114980975	0.945091309187734
0.312238238216497	0.412266881975548
0.78308277914365	1.34212632058193
0.235652899024631	0.255599786042948
0.353478874215823	0.458262495267416
-0.165418020939652	0.218893574270567
0.404057162431379	0.567761743012157
-0.295288786779686	0.325913993703745
0.123223027262944	0.165431316740904
-0.0682881120308474	0.0654380614085734
-0.290864408105258	0.402841898111247
-0.0888190521081299	0.0740758957915267
-1.06757087432184	1.02960559429657
-0.11944083957987	0.0729885715376702
-0.0628036961608441	0.0443159983603137
0.405125583830472	0.596672323080023
0.252951801947077	0.298776332692618
0.311940657668907	0.411847391707604
-0.92809135332032	1.25766317685632
-0.175541590329491	0.154711971543456
0.481407413473987	0.500509071638863
0.632342202257007	0.755147837329674
-0.518948532562844	0.498977742202598
0.884050269405969	1.49614000974381
0.0634011157485994	0.0471640144121029
0.00674801938429066	0.00625959858448309
0.221778996513906	0.226157113760758
0.165576725399389	0.162432270915435
0.852859024632958	0.546883761518186
0.116321892006772	0.0681330650452862
0.267044861791157	0.264867909464096
-0.302673884854285	0.403057565570662
0.621407588224089	0.764514313832369
0.0635115863446252	0.0472556483106754
-0.00479980150253003	0.00222543899707575
-0.571618661584741	0.312525279780433
1.03223474756332	0.911370242557373
0.439986145529585	0.120240256039653
0.0480737227852809	0.0242527501457159
1.89211770711783	1.63150362162291
0.234134912161859	0.135481632721817
0.671451054414393	0.334664702764609
0.387537631223081	0.203721585062821
0.365797211168257	0.150339977566715
0.372828104257578	0.176187601416706
0.0585479424400123	0.0369907265993461
-0.747095877423647	0.697717017964945
1.9341924904317	2.42765062049622
0.399550257329705	0.245208994329299
-0.00477816764385727	0.00221449009969904
0.84596605132746	0.715188219408872
2.02564616295594	2.69348192979988
0.396089831394072	0.226278388755559
0.085809101416214	0.0468035936787465
-0.351737144610455	0.276443296639625
0.398806889390494	0.260867793545225
0.301890509230764	0.246031853294514
-0.573148582352656	0.392220049465515
-0.731928779514293	0.441051573299806
0.250513390435162	0.155108504066862
0.286630581476719	0.211776907170917
0.804150196357836	0.712431712436207
0.917332660208241	0.884581953780753
0.297753488136449	0.354228963717804
0.467051656639167	0.567759550283662
0.403951761937737	0.47426957057365
0.155550025489984	0.126721588016276
-0.139721466554896	0.105919060593926
-0.0887504741294921	0.074013016093887
-0.00910573543417382	0.00656597976461818
0.221663287178947	0.180690222109719
0.336744238756964	0.358666652136788
0.0421789110010468	0.0298802067646378
0.404123531104715	0.514596223099496
0.294538374539166	0.229025751018913
0.533253366874193	0.670856760682899
0.0699993420363279	0.0592176127780918
0.586578849575061	0.803166236115309
0.273751062501795	0.280819133961437
0.116407993222198	0.0987680366186473
-0.325579457597319	0.32008492439765
-0.139822767383323	0.105999705204428
-0.0946199124419328	0.0659104403750064
-0.0627528379549585	0.0442479712464897
0.0990039754587874	0.0902123213467268
0.748305416120432	1.19953185762935
0.414491000515365	0.713442246829883
0.483863904286712	1.04777475494921
-0.161812824945316	0.221624853031845
0.0552324115570966	0.0710195992726034
0.337412605085019	0.527360351034042
0.123171337349772	0.165351628574031
-0.258881537026744	0.344659259812126
0.0243371183278875	0.0219470368411931
-0.699314754596291	0.833533103494018
-0.634913608440256	0.797222764842826
0.143294088501869	0.148864385168438
-0.184703452873361	0.271265945315692
0.225977363284599	0.279872745856425
0.558460828203541	1.14521050560118
0.261798990103025	0.377910784935477
0.200307210872543	0.27952318903448
0.392642987301605	0.755044429299768
-0.039035796192705	0.0561980077924284
0.288850462110351	0.55304317097713
-0.712210507429284	1.71854511294542
-0.248218902221251	0.260622085692099
-0.156637838130482	0.183530161419467
-0.27975740706963	0.402047113701282
-0.0650832992085447	0.0545603681985408
0.313465413887049	0.278596809695996
0.259662810996989	0.248634973285428
0.13054244969294	0.115175477403237
0.144887283140481	0.168049831385473
-0.43844346940728	0.705577175389831
-0.730467438738359	1.25809224924181
0.00930728173130946	0.00810552020015328
-0.26039691485401	0.303399673309337
-0.222067513820695	0.233838915126725
0.452997853817829	0.833665486984016
0.240360468315817	0.354093308940892
0.213878566939303	0.285219732877656
0.404181408282966	0.501396406266984
-0.365749702778952	0.585771824058029
0.315687019146543	0.427529766497527
-0.237198043316073	0.276828699751803
-0.0766530032023804	0.093154281276969
-0.105757269069093	0.123866764750905
0.0193203767695893	0.019627951821338
0.17520572374236	0.177573018049044
-0.138992574940427	0.162930337280111
-0.444437920285083	0.614680049045377
-0.0769314987450318	0.0935114492124483
0.261987571763893	0.378283499278475
0.152556836673554	0.196558542976621
0.560461120908638	1.12848861764727
0.170357246007657	0.21460136188856
0.0766284940543854	0.0902141200618627
0.326512116971698	0.475558049044062
0.220984502902014	0.302337416429892
0.298101102292128	0.354777005528932
-0.248112360876861	0.26045111313402
-0.00680294666206634	0.00578710995459905
-0.522823273930279	0.842261119660665
0.905553844390957	2.11888940475476
-0.117355166664958	0.124987074341547
-0.434511929393026	0.675355076427948
-0.456732273572218	0.684019500589161
0.347958621439496	0.417046570058983
0.0188064768415768	0.0126529194299799
0.0637325361961794	0.0474153389882653
1.36841370585021	1.36328124103043
0.0585699011891016	0.0370057778942593
0.326321588340434	0.56525700815443
0.459936135167445	0.605059942442307
0.345921483639051	0.403322662808606
0.18202085779071	0.161010938652129
-0.0887847648187836	0.0740452876426121
-0.0489937644034561	0.0267199564240236
-0.199738474715381	0.199165526192445
0.348007561008822	0.417092523725339
0.273999946892532	0.28109462304283
-0.775248890193054	1.10377188120893
0.0293013968276313	0.0247005193719457
-0.585678993316379	0.80515244520506
-0.568481019853327	0.350153375981782
0.806952808189603	0.875980833095336
0.165571100162989	0.162425185744784
0.259618594982842	0.248574134180328
0.182249881624512	0.161295216147335
0.972422145289636	1.05476896214732
-0.389822567124657	0.276209731907798
0.128844798984404	0.0572090254928978
-0.167792228123067	0.0869736387408147
0.449356737420673	0.0873001538306624
0.399369947579222	0.370118671938593
0.84596605132746	0.715188219408872
0.396068108708119	0.226269963646636
0.116293465720791	0.0681174351116925
0.196591788662089	0.145807592365522
0.396154537368834	0.226335141231484
0.963523848954642	0.737003004445714
-0.0083456807373163	0.00274570284113593
0.602390200870709	0.5829182524022
0.0585095755545588	0.0369601105326503
0.631941480740873	0.352454317015294
-1.81237114136569	1.31320997805571
-0.701870683447116	0.471060482975925
2.17513790583725	0.973023061087874
0.25069825731129	0.155248653610278
-0.00655651078964978	0.00365922616789442
0.804043307590794	0.71233864047186
-1.3689739280061	1.62802663308737
-1.63516090488621	1.39539822720117
0.276713566146756	0.193546048520699
1.36209146650402	1.19718453032602
0.522226805164729	0.423715611420525
-0.00471351223080486	0.00218494087160831
0.8982343343581	0.722957228514347
0.116284536468204	0.0681178066573984
0.25077730949292	0.155295680303515
0.564160308367146	0.3894443144624
0.399652120253719	0.245289401469063
0.681111391978709	0.550473937505231
0.968847101935018	0.894781886645523
0.512720494873722	0.436496706680383
0.929602437321611	1.04552597342811
0.6356490617536	0.565110324997158
0.5659854107947	0.831714079544438
-0.585695807444744	0.805313792044846
-0.174769991342547	0.164543781177781
-1.28453413960165	1.61934562126923
-0.176629465002876	0.14449012212866
0.221612631380022	0.180649625956717
-0.0653148385654432	0.0547647346000782
-0.721151170429002	1.0287934017144
-0.288945368199843	0.285131583013781
0.301477486770009	0.245770756270195
-0.0681825864068761	0.0653254104318377
0.235758991992219	0.255747818568144
-0.585043531328292	0.666798161646923
-0.449420320191667	0.407086076013793
0.663650410837807	0.915055596150394
0.918617238920221	1.3535487986697
-0.579189609217717	0.475255109814496
-0.449349156036037	0.406986368246671
-0.584925192207007	0.73608955458622
-0.242040247509316	0.268426555181202
0.379335286953419	0.636664768368044
0.0583553896796713	0.0793653971040549
0.0000297982219837154	0.0000336991007324194
0.336639773649107	0.636923396741249
0.192237849815457	0.23677772874725
-0.259455908604982	0.39809597274909
-0.316451630229951	0.488488682820598
0.711550492495109	1.21302760804537
0.00915989865523393	0.00797239135559561
-0.584948890195393	0.701842876366397
-0.0229034412429684	0.0207974666412828
0.0632916196027895	0.083273330369689
0.331117946069269	0.595317919782825
-0.267571746673559	0.341727340555829
0.311303597715431	0.495828644516654
-0.524632089601928	0.991438873908252
-0.198914587679738	0.372213377641215
0.101349933387771	0.159312765128155
0.0885478386071464	0.13983097222213
-0.12060582688294	0.169775786399409
-0.552777043009901	0.85815581772091
-0.609529926177607	1.15625308213599
-0.360501553007262	0.558722149590523
-0.105526035134986	0.100414324915974
-0.479701450038863	0.522399350329607
0.46019725468193	0.605626510118408
-0.358116115210757	0.393281735685204
-0.354300991323897	0.430434335347247
-0.175524767606263	0.185750357312297
0.0964220153198785	0.0965037486309091
0.404314540824057	0.568249449371783
0.399759277014929	0.385246207258478
1.24324609576359	2.90128515288581
0.288032064107141	0.407620385217239
-0.105750490071845	0.133917701465313
-0.105998995770112	0.129297181924875
-0.194822226747496	0.227959302432544
0.256870076205255	0.457718979605368
0.357352289856557	0.486924600983611
-0.156664397812364	0.183569213191577
-0.13569024227125	0.17231829154813
0.143637147304364	0.18015850079849
0.0201039180000011	0.0192652800385946
0.0730882234101259	0.068554101857672
0.0993266878784862	0.0905206366941579
-0.289224332688574	0.285581594606321
-0.00481864676996135	0.00536859106997413
0.800887837190358	1.49319036952744
-0.395617232682968	0.570453751292732
-0.311049613672105	0.510970734642688
0.206785071178135	0.268674453674624
0.201232529410994	0.281168527203317
-0.043671762455819	0.0488593026018078
-0.582177313619645	1.07086139912893
-0.330905587706682	0.494366187588144
-0.427385329377989	0.541816853256727
0.0726244088372753	0.0681120774086609
0.250533108800124	0.344217198836597
-0.0462551742538289	0.0471153095609432
0.206059830305286	0.235154452628224
0.160180168657075	0.211636290820332
0.40599885324207	0.611817740875266
0.123036005474124	0.119996017816917
0.658450871946659	0.737768234500306
0.399247248114144	0.370042901288195
-0.701923815248982	0.471043419126657
0.497323089950261	0.46184531937003
0.140349626264432	0.109341119868297
0.163521087137834	0.108760112686365
0.326667228938659	0.475956034721857
-0.21267020427943	0.172544540860179
0.0635944760897534	0.0473173541973904
-0.265438197847895	0.194015088063721
-0.289052302635348	0.285338013077219
0.343346126275758	0.388919092226845
0.133361953867382	0.13428248706923
-0.585638768159604	0.805155145655595
-0.115229748822603	0.0955619688228996
0.0449830203115874	0.0393401555029822
0.0478678062535957	0.0241529007811321
-0.139750337277477	0.105936073017397
-0.105737711076268	0.100625579393582
0.258477065006764	0.313769755302486
-0.146799106696426	0.129993445976943
-2.06200452346201	1.69886589485288
-0.876978541060634	0.576712431640606
-1.0095768799932	0.719341383679869
-0.472038605251935	0.328947274704694
-3.48219873584491	0.919655084022901
-0.406260094312188	0.0911374164788629
0.838451251285341	0.876940780207278
-1.63522242686526	1.39559777272768
-0.686906702044741	0.508417242046547
-0.573227757311324	0.392266514424076
-0.174065180927794	0.117772475330616
-1.00962268959251	0.719542660462454
-0.407047340101398	0.0913266870047607
0.0618149550089233	0.0239347187925616
1.12017359416185	1.25723463110226
0.286441304904925	0.211652348109424
0.769785136813603	0.71341704442789
0.485378270470517	0.486534123297927
0.764280160087122	0.331303341451248
0.853033866383466	0.547002647083637
0.0617277318050226	0.0238966037879039
0.387350306201344	0.203615179010527
-1.13149716799652	0.867243890221472
-0.11962432842317	0.0731207776275701
0.116489195276326	0.068231887094166
-0.119466645047769	0.0730195618404143
0.294714603155384	0.229169576232703
0.504568393616827	0.449352796932866
0.399728693730097	0.24533491213199
1.11255166293503	0.937740334633732
0.141893696140023	0.0887394988710327
0.972463366464259	1.05463181039566
0.71559735481078	0.720525053664774
0.372828104257578	0.176187601416706
0.398849230316022	0.277057537590374
0.533362264808942	0.411119416279117
0.401466834278313	0.415878332838252
0.165545354542045	0.162406745907464
-0.325159717250496	0.357981396766839
0.399320357955416	0.29338142861375
-0.992317729039057	1.21826973374442
-1.01142899420268	1.36457225482966
-0.267535448875244	0.295944154717578
-0.381267369719138	0.395555697941991
-0.0976508290500846	0.0872455724599556
-0.461912443461038	0.447401297062778
-0.285145997432869	0.331611352954614
0.502442030154267	0.749683939892881
0.83241882371762	1.34354370639995
0.795205654332496	1.19365501034311
-0.00907787891476096	0.00654587525523139
0.307713997100883	0.262215838994083
0.294476638454516	0.228953020613935
-0.852393270064865	0.785621271260328
0.193672360659283	0.178073720370157
-0.0774974139407275	0.078613743932522
-0.219081124570185	0.291284905033913
0.244304055237396	0.405960565712542
0.351343469297141	0.599620963628169
0.0112793111762311	0.0139556911390184
-0.206194557214339	0.263379554605667
-0.159356963387754	0.225696676034376
-0.464155716482457	0.971439953177277
0.253209604254497	0.299225347913729
0.106084731379993	0.118979693933676
-0.325451931321471	0.319925391686005
0.353627907264727	0.458582990603478
-0.45484769403327	0.878240672014112
0.328803913270633	0.580479781912602
0.295634638280711	0.498877272088354
0.019631753750506	0.0238997800884187
0.195682262417738	0.348126019775235
0.00267312135294441	0.00385012826231841
-0.235534954749227	0.478574072284514
-0.101397925791485	0.161981933271939
0.075018203096112	0.0972038707796974
0.403911353373659	0.527651699774386
-0.0298913558046614	0.0333919546850245
0.255850920399	0.360192491838152
-0.0862072061076054	0.0823258245198459
-0.197788518520622	0.208774646583242
0.206489721749777	0.235695785961032
-0.903413097511614	1.43912121078436
-0.112181374510183	0.113191010069776
-0.267753375649065	0.342027636478881
-0.00409223087062961	0.00418146864802329
0.301695376980346	0.368857302345912
-0.707345606807547	1.09330881383495
0.152349156434675	0.163090976636613
0.0329140503914361	0.0364487967376786
-0.344401387042612	0.550865840448988
-0.0461222569607692	0.0469691555117068
0.263385841371332	0.328283511843711
0.26750777806741	0.395570334854062
0.100949096922702	0.14986632826595
0.45019936499683	0.778186235419689
0.0901090387936967	0.122165527280475
0.339191963851091	0.662534630831977
0.0135134362518429	0.0149251373772451
0.0963056128416832	0.0963964438971313
0.0728278485344023	0.0683196148028299
0.343226275775435	0.388791328354804
-0.105728814777757	0.133886161658491
-0.133454478504991	0.194484379896901
-0.132717527146912	0.181007701431096
-0.263866709229153	0.524719044477296
0.0448193175753327	0.0511277627013859
-0.0547301209774823	0.0737339761975404
0.325927237037292	0.564452242962078
0.220603065697201	0.301760912834053
-0.00718552986189144	0.00654744424330437
-0.169429730462843	0.21589692339676
0.00225061051201573	0.00272014654898781
0.153214662158388	0.211972759896006
-0.105983995903521	0.129275726620042
0.572274910558378	0.821571086422236
-0.196736967633011	0.219147490137842
-0.260120192810099	0.303077069006728
0.0330131363305149	0.0326631731333008
-0.394744595711413	0.432494747449255
0.917196805692908	0.883695327888752
1.58603394906799	1.82452821154107
0.602041489246124	0.582478855872485
0.206687902788488	0.268508879529456
-0.0975312377807545	0.0871067677716238
-0.0437962120060652	0.0369099483066364
-0.0784012276735741	0.0605377761182603
-0.057162353316071	0.0514897241889981
-0.0860690134702713	0.0821848983549987
0.404123531104715	0.514596223099496
-1.35085029924819	1.18232262095185
0.221473475870686	0.225836310581365
-0.677018764301427	0.927656246324498
0.722779133721986	1.20772456576011
-0.267470547097974	0.295893860470176
-0.0945594924773352	0.0658855071300937
-0.167776509342108	0.0869605415634023
0.564257720096497	0.38949350224345
0.399108153609376	0.293188629141589
2.59836788378482	0.565681354882139
0.128853508420719	0.0572225471771537
0.546671833494074	0.399360835909811
-0.847833196182046	0.353207340512575
0.401283428279084	0.415520006006634
0.845926088576779	0.715062270678513
1.08195662259747	1.08406505818642
0.365690195287924	0.15027180821769
0.242373524945058	0.214934898765461
-0.49988598072236	0.415504192669267
-4.18644504007274	1.51023846944914
-0.579047233084989	0.267435837190726
0.155616454101431	0.126792038920582
0.674820693924609	0.730944843671607
0.399567666730592	0.309608506043698
0.181379368412242	0.127665175422185
0.11627031625817	0.0681082454094151
0.12908090057877	0.0573024160242161
0.399279259902007	0.32489092294034
0.211751034985314	0.113747989548702
-1.67012581591828	1.12164825399542
1.51265389322007	1.26303935624358
0.399628368616537	0.309604165886801
-0.32207686699996	0.231934859347299
0.497476292749961	0.461879290766917
0.399005980674987	0.261013769672977
-0.173939041290908	0.117697673411669
0.163606102560209	0.108818672900978
0.546935983958986	0.399525690717015
0.0835075465371211	0.055929965895347
0.52227981971219	0.423783646269679
0.196767667011899	0.145959372103871
0.286646773377071	0.211697140232626
0.398797581707142	0.277035673986689
-0.389823995955751	0.276239675249137
0.7964775407151	0.546436206750712
0.58461467910062	0.379754194113975
0.0854739286861998	0.0751239043260202
-0.144409194336957	0.119004806325173
-0.665458907197563	0.583697557335818
-0.510647245142461	0.458157852066225
-0.265397003950371	0.193973549463885
0.518621414028396	0.704881240152773
-0.326377997409919	0.39716942755822
0.403777138894095	0.553946357692914
0.0991439835194735	0.0903534202372394
0.203990540090217	0.194490385983142
0.213330583230919	0.210484445444714
0.0963498533713634	0.0964336869777822
-0.0783571530224976	0.0604957632471473
1.08436499391376	2.0199974245544
-0.107630746785315	0.0823991627726796
0.0634895538775778	0.0472353794932167
0.399082266489205	0.293119180756306
0.323921833996589	0.311248890468636
0.46963530589987	0.554952538253557
0.0898364736699793	0.10324649884816
0.0536044938080367	0.0750907892618308
0.00608608738298386	0.00801856109666447
0.395308739009804	0.798504216395857
0.0970249305467669	0.13443499885612
0.123838254749533	0.176721932557632
-0.0899521739925149	0.13472127624826
0.169225259323183	0.191920494619666
0.191863706049161	0.206765215870961
0.29451780077967	0.229011585671989
0.549565545487108	0.862796495933266
0.0367156381524605	0.0468295768497224
-0.185110293318762	0.271946223880316
-0.10542680800626	0.12343825523682
-0.194760174295787	0.267998138202041
-0.289397225290984	0.563999088577627
0.479550164938951	1.28345913252587
-0.114164832038508	0.188385566984058
-0.0330468790251492	0.0475742072337775
0.337795824616107	0.528143260090335
-0.326125731323928	0.396739320385083
-0.442303111635902	0.736142465719495
-0.0697299022335306	0.0909791062140315
-0.539991350781653	0.680914840946721
0.0343458631930737	0.0267489928699424
0.253018626179212	0.298940452469981
0.0854772918413435	0.0751329244881602
-0.0210469157032884	0.0203260031373277
-0.155050562973412	0.164523574336839
0.572780084130484	1.04587473385204
0.123044062174837	0.120006613526654
0.235873205157823	0.255895771933585
0.268231962719068	0.343170163626785
0.135027466089837	0.164859188634539
-0.313683128611754	0.434825557412247
0.450067638707086	0.762000802889622
-0.11225622337882	0.113296705830899
-0.0309265937483019	0.0401377142104141
0.35116222959653	0.599156505077582
0.615896284393275	1.15217414696311
-0.145748149598136	0.21293920262949
0.0283033215190011	0.0352763130209768
-0.169595486124001	0.216251124572712
-0.427580359896031	0.542166014418686
0.301695376980346	0.368857302345912
-0.022680957779017	0.0205938604123114
-0.136223184049687	0.173203970919078
0.643223145975716	1.73019642359919
0.189428157504883	0.298116104613511
0.178646271458282	0.269974611899453
0.213748047892569	0.284996631327897
-0.255455007477879	0.429560259522702
0.679074480252442	1.67112196378396
0.0943083901210353	0.122884217996528
0.282772772858313	0.390313472418904
0.225824161748654	0.279748754939916
0.0192951024056818	0.0196003454666063
-0.196522821618817	0.298794796338967
0.413721927985766	0.697214414948946
0.308695193224599	0.397492930365914
0.294007288109323	0.340279522474778
-0.187142541882022	0.238793698873217
0.0571278296456062	0.0601115717450609
-0.395612825062935	0.361222603760321
-1.04463646342788	0.874990427387679
0.75090690912795	0.546464500138251
0.404012968425461	0.541111789516266
-0.126322989855721	0.119755956663969
0.404060427816095	0.474403394570189
-0.0630319128909826	0.0444777819530521
0.0344448216516666	0.0268157210117235
-0.0438137039067813	0.0369234618676996
0.5865160239729	0.803062086092096
-0.672028123727971	0.960424234314509
-0.105566488547882	0.100464502770623
-0.311617432449707	0.36159767102852
-0.78775690953188	0.413628552068713
-0.149486505509347	0.141236785444116
0.059942422554194	0.0543493370992007
0.126461317628203	0.138500675106955
0.401268000753366	0.415490363868071
-1.62745338816197	1.68722396751093
-0.176118532473745	0.132076880870444
2.59830808808347	0.565621890602798
-0.573069444667283	0.392154228921532
0.0836798966654316	0.0560367801362806
2.59836788378482	0.565681354882139
-0.788353018666431	0.414337941238971
0.250856326202682	0.155333043784006
-2.94720125929596	0.646055459499367
0.196550516671539	0.145785143711548
0.141945413134548	0.0887896964119642
-0.877254707096913	0.577167546274364
0.234462773954596	0.135667554956805
0.0289038193280555	0.0171413780587822
-0.56850361312045	0.350137185021699
0.061698863167424	0.023890625298551
0.178236240272615	0.0878720950705939
-1.43558124620898	1.78749851806084
0.104983037818287	0.0742023474051644
0.242212136082557	0.214873447961003
0.232262051186001	0.197726892854407
0.085809101416214	0.0468035936787465
0.141972601536965	0.0888084008407711
0.584675168308242	0.379860425930649
-0.732348425588394	0.441465173551282
-0.167746238435569	0.0869469108163603
0.533162291103262	0.411050483372526
-0.119493837664983	0.0730298441674234
-0.801594818189553	0.847572566910036
-0.732211106486299	0.732994395968385
0.286608635866589	0.211777070579348
0.803936420092104	0.712011663513178
0.963439305415341	0.737033359814109
0.712113288580267	0.546512641902705
0.293999204173865	0.340275059953891
0.403034710603192	0.445802848257953
0.0830650781550408	0.0647205741712665
0.0244270761253268	0.0220322941179139
-0.0761796434419279	0.0474561177777776
0.10492266946547	0.0741526896640413
0.399669612881777	0.325434377115977
0.133451254216879	0.134383042902311
0.402416841930353	0.431135375744097
-0.326210557284519	0.27995518444537
0.0848910630434071	0.0822909793321085
-0.660506993729479	1.06098466777405
-0.818970068391718	1.21177216896919
-0.0681465214357649	0.0652957735870548
0.165571100162989	0.162425185744784
0.522281329542169	0.423797055534019
0.938074904675184	1.20216991940453
0.403641767699874	0.540421062063045
0.0330805784943633	0.032727559890763
0.311458664566751	0.496108373286032
0.189531169548339	0.298290249763517
-0.108986232653336	0.153101570472406
0.207082160858514	0.321941184107454
0.450283970326397	0.682579934117977
0.130725534919508	0.115344743899968
-0.486688970134417	0.558498098482539
0.421076989393709	0.786245544882075
0.0556339701874266	0.0652700432551509
0.315007726516328	0.512573280572914
0.109978010045936	0.133695931966502
-0.621226559859051	1.35225649432393
-0.367700185958485	0.76164354873281
0.198252174293339	0.35772247201464
0.2119171162637	0.336112742894965
-0.393682460836447	0.652636971072739
-0.585340078921385	0.770715452293143
-0.309515813394517	0.461934692934193
-0.280213214608154	0.373175045146944
0.123011493545539	0.119971959793258
-0.683157973177117	0.895936218169302
0.475022393153164	0.528169851288984
0.0702583741896664	0.0594430392429076
0.909603391787765	1.9497353115114
-0.138724365711886	0.155222886897434
-0.861950776076368	1.32454725630751
0.513674713474986	0.714786309954466
0.0423743719128558	0.0300283189520027
0.266937980800597	0.264700898660264
-0.0388594027227541	0.0416079634525652
0.0685036603317182	0.0742694162155678
0.219353943173413	0.264459832484562
0.13383346564511	0.134781504611696
-0.119217431017312	0.162179376765066
-0.0386554456577314	0.0467125893776198
0.560305485931011	1.12799188210288
0.0634377809246407	0.083465061331676
0.0563373284738765	0.0694203161347209
-0.138377825429362	0.154855470871983
-0.131499292714194	0.132314261809618
-0.0361434437753185	0.0348457436950047
0.268128946615338	0.342973513891297
0.160264823303975	0.226953607675323
-0.119570698196489	0.157230094024968
0.00649587841648638	0.00735075299686945
-0.707689504774865	1.54792402700437
-0.603316996962157	1.21211231840212
0.35931935928476	0.650612140867576
-0.15299503038622	0.194888395518469
-0.218900312707731	0.243326450304541
0.199020081966374	0.220751494522176
-0.197869866219781	0.208892426471493
0.460042222562304	0.605355094989757
-0.454698090270421	0.87783066100856
0.528678073232688	0.961139935894964
0.982004678217627	1.6727907532255
0.0330405095490403	0.0326814579842263
0.177100732180163	0.206565942703002
-0.00680294666206634	0.00578710995459905
0.100379761006642	0.0817101339471007
-0.75263914845352	0.939267867914455
-1.52278995090759	1.22112318048924
0.196857180322845	0.146002107202353
0.111967952812551	0.105643886967648
-0.051493293658161	0.0494920220777467
0.221475329703147	0.180512484398038
-0.524870054265236	0.537242751468768
0.0344604020902913	0.0268432799672991
0.736501943462883	1.04762090174277
0.204018056239444	0.194505709713693
-1.68755917895986	0.704253567990808
0.232035602299638	0.197433772912796
-1.08845053335011	1.91465707317397
0.19385941607224	0.178248989631905
0.854686296322082	1.19146443481907
0.221764601243917	0.180751352476747
0.898436685031673	0.723471675074255
1.03207569100603	0.911014000073039
-0.0760120659596625	0.0473565155075544
2.59836788378482	0.565681354882139
0.387524745750924	0.203731359245904
0.141999791938549	0.0888227103233252
-0.104844951344196	0.0291451841025915
-0.265573324357301	0.194117578196852
0.769571520063183	0.713070408413511
0.366006301552243	0.150325676581543
-0.00477816764385727	0.00221449009969904
0.779632252354112	0.876035374220368
0.0479285507635982	0.0241829353640545
0.128984735113373	0.0572744173820523
0.0616553482559604	0.0238703716137645
-0.376071889165895	0.319753127321117
0.399478827298998	0.370271307621627
-0.519071497987648	0.498929852881697
-0.413708678497943	0.320841292921872
0.635607706846829	0.565062488780271
-0.701878331017577	0.470978781688397
1.05637042484898	0.549937742703155
0.740538917793061	0.716312897226207
1.04407762784839	0.753951679336125
0.584743628490391	0.37993126836576
2.8795274721859	2.00181081504949
0.128722661231086	0.0571444794901516
-0.0489937644034561	0.0267199564240236
0.874777087030697	0.879653666456889
-0.824166731286506	0.816592436654914
0.123566366575258	0.0918206157842435
0.399161216342137	0.293259882473176
1.14982383420585	1.42963399279425
0.522387352151361	0.423910040361166
0.572454632972461	0.822112644561399
-0.276670956116106	0.289713470948433
-1.04863531535096	1.78468613970877
-0.260034440700342	0.302948494032408
0.0185872421154951	0.0125071736730892
-0.039201130894331	0.0354529637042722
0.0505721722424266	0.0487303250937522
-0.0976193069687294	0.0872159980914624
-0.12100630383918	0.107646213456083
0.611625321959381	0.774296807605745
0.399720607549941	0.385193537883879
0.403034710603192	0.445802848257953
0.379822617396238	0.637801092754754
0.376827870717716	0.618870370978607
0.652710136397414	0.922133991196602
-0.0224388354330998	0.0203661107831415
-0.133845724029445	0.176337723817081
0.152106493836401	0.195850438870646
0.393672434076752	0.77004263146814
-0.300989345243111	0.43321431960197
-0.252127409231204	0.436859705362314
0.0100112858588469	0.0118830755004835
-0.194394058578011	0.314777690771016
0.525843398053345	0.995042811014955
0.535091060235258	0.914133332228726
-0.486647463747947	0.558431261913136
-0.504376524788683	0.666322834764968
0.134758259828051	0.164494949026765
0.322864866281844	0.459187430713956
0.402346094852607	0.431015237776848
0.355424913469911	0.472444959800129
0.833277918827538	1.0334434765609
-0.295035492858592	0.325614796246254
0.533325879533386	0.671051064374159
-0.218542805928305	0.242926563297726
-0.395851469227842	0.502708157925691
0.11694663038584	0.12438455535904
0.126241338703508	0.138179186073002
-0.586548608182944	0.841188954598556
-0.206200578680341	0.263416696497385
-0.212026700507881	0.292369526533278
-0.0226002570122344	0.0205187307570297
0.754884312661183	1.51432553580425
-0.0229034412429684	0.0207974666412828
-0.0944932242642639	0.0956426011488993
0.00133357378287922	0.00142939865135987
-0.188947840936525	0.268800518726863
-0.249575451827303	0.345118117482673
0.595131334416988	0.9809414586915
-0.105599032454356	0.100492744348293
-0.0774930736847708	0.0786056360514189
0.285348037312733	0.311605737389769
-0.205948410016723	0.263019929061709
-0.369868734977418	0.533153385623454
0.361496782635282	0.516932821286418
0.201313528251221	0.334387093306036
0.419842481848592	0.768909621176445
-0.149078127882027	0.196822325254349
-0.387388342318137	0.536823925738074
0.368710448456183	0.565801738458239
-0.457051670094894	0.684446780118753
-0.058147022776788	0.0651407359771237
-0.486626737318198	0.728386808742265
0.0241750991810962	0.0218029389894192
0.225904689406841	0.279853358091739
-0.846723193548716	1.70634837232213
-0.0772488722782209	0.0783331098229098
0.674573740034285	1.07394649142643
0.130546157249936	0.115176937435607
0.301317940663141	0.245574985053519
0.276715120914925	0.193567071549497
0.328867518918147	0.327661141629256
0.898436685031673	0.723471675074255
0.404281606370488	0.488144872961203
0.0628727848442966	0.0625455713474837
0.0835524868560745	0.0559590557469043
0.328713590035896	0.327483934177315
-0.02250003141509	0.0204207047902941
0.053321903589276	0.0433405584915242
-0.174735017474374	0.164465619445909
-0.121009598511669	0.10763869264634
0.328732100121546	0.327478113659225
-0.422213357816896	0.236552089895206
0.546751032897838	0.399472875834704
-0.0243363940075378	0.0206079034628912
-0.175299911576877	0.154379860180041
0.0345022350046021	0.0268755213813436
-0.449738456594333	0.282686420755686
0.898534056931897	0.723499377018564
-1.04453070585904	0.875000983365389
0.0856373726497179	0.0467057526082143
2.59836788378482	0.565681354882139
-0.104844951344196	0.0291451841025915
-0.732129713916639	0.441387161072424
-0.103877372062926	0.0288628201081387
-0.581686252519767	0.51655310567462
-1.93132393920753	1.94708148483335
0.25069825731129	0.155248653610278
-0.788222961863263	0.414264406349458
0.181486135511974	0.127750720166101
0.250644826012959	0.155163976669908
0.178835485532827	0.0881531101647819
-0.848352883478491	0.353483822010577
-0.358917446055971	0.230186034795405
-0.76649467821567	0.663121538181514
0.398569630004423	0.276758035821271
0.0423166351350637	0.029983456186862
0.96855853422488	0.894416666554646
0.23420176261692	0.135550725555505
2.6782999236002	1.64667749882407
-0.119678716732112	0.073154203987277
1.03211615560474	0.911081852028009
1.05626633094545	0.549797046240232
1.51277650329387	1.26251372952871
0.852846126923184	0.546816711265645
0.128626494876668	0.0571126960744007
0.846110950864864	0.715171097862936
0.365690195287924	0.15027180821769
0.211887954999951	0.113856287486724
0.0855841566218966	0.0466768866551627
-0.510508360746495	0.458157320115953
-0.968160264279937	0.567066206054291
0.0289568043675961	0.0171732158028847
0.656260626852243	0.556695144537498
0.115793525971611	0.133628690212312
0.258450124913864	0.313755389483778
-0.00743258399467758	0.00719976128356386
0.602188118792115	0.582715701476752
0.406119697098474	0.61188877671733
0.00947851219913131	0.00825460687277902
0.0202160931593128	0.0193767621846682
0.161697933597166	0.198142572789848
0.685056168670421	1.06759296221992
0.14355043010416	0.131462345304297
0.0990983102339634	0.0903068460260382
0.736463956752109	1.04752086611082
0.25300719373546	0.298881298762228
0.105678911372718	0.1183989838245
0.00650570365487557	0.00640383372795336
0.1030005071631	0.137571407946569
0.265769738659285	0.436545254570591
-0.75744711319971	1.57039305823743
0.0355122535777834	0.0491392014864306
0.0866093643763896	0.104765226764922
-0.27651063118809	0.452382362352557
0.265549720758295	0.436066218818064
-0.154815448926225	0.189373293757181
0.191671755824161	0.206521112982278
-0.138922376362636	0.162829984705708
-0.309515813394517	0.461934692934193
0.0956015522697297	0.10409226635577
-0.0683076231703153	0.0654579168681622
-0.154885050589829	0.189487867787063
0.0316658447479661	0.0331631151307585
-0.804955819400139	1.23860823052759
-0.351326722157435	0.467289564993663
-0.542961151006003	0.716091957012595
0.73412059589585	1.35984554905427
0.532013890081218	0.927650224076238
0.580212118252246	1.01735905186648
-0.313986818026702	0.400245343503428
0.751542293287889	1.71484689607741
0.675564614393309	1.45255633343741
-0.41498469465048	0.574553750562959
-0.0166167139033917	0.0200043541147571
-0.834568496617795	1.73272987976181
-0.0431924365319512	0.0541352635279917
0.17083070440043	0.215196484836872
-0.24175372261937	0.405879782972923
-0.21096390651905	0.258187362578533
-0.103811301839113	0.116267877636991
0.0958625026080037	0.104435646373542
-0.230443166789877	0.318318581594701
-0.103887306708558	0.116379146294142
0.017564988105125	0.0204340560899087
-0.0578615999198841	0.0647968961047917
0.207886990330197	0.297600589287361
-0.577805667443695	1.12738605223702
-0.146778083665379	0.200577181439729
0.0774027206788227	0.0911925251425619
-0.0681949268791253	0.072925714115744
0.292480783002375	0.423997394815842
0.0555126020489692	0.0617459312939751
-0.0174709030046212	0.0195028987183153
-0.301119561032108	0.509353258327675
0.046545552886438	0.0558854903494537
0.489856947098211	0.851013236380818
-0.0227170585321486	0.0206248604770636
0.278031016105287	0.374193067848803
-0.26770117924627	0.341962827359834
0.492713489522274	0.802241777527446
1.04320756956644	1.54262588498626
-0.510401610216069	0.458013745084803
0.833371803070919	1.03358221731975
0.0186333673940162	0.0125386230495905
0.504523291197945	0.449267702899292
0.474912866396218	0.527929251954115
0.0747741628733237	0.0767092202570675
0.133598855070474	0.13453333310933
0.318902649266097	0.294993250046628
0.586470334591373	0.802981557980568
0.769089807374601	1.03929058895772
0.0136528483379236	0.0101678161494968
0.061698863167424	0.023890625298551
-0.699314754596291	0.833533103494018
0.544833965199005	0.647434087693744
0.318902649266097	0.294993250046628
0.182203066049578	0.161252048623674
0.250684905061533	0.155242539654961
0.512866065740918	0.436662002577441
-2.10727742655476	0.3785967871456
1.11256634242361	0.937710941311817
-0.11965016965936	0.0731244973706263
0.765748574968654	0.332008986763764
-1.00946265936106	0.719458642516027
3.44549632854058	0.961689054878872
0.250671549096301	0.155227427239656
-0.701870683447116	0.471060482975925
-0.731958339276255	0.441230120289073
-0.568412513831888	0.350074832940256
-0.265569379973613	0.194142537482544
-0.939195825686217	0.734504686788496
1.59511601418842	0.855215915166121
1.04427939074659	0.754117796960099
0.399182182318472	0.355277455143884
-0.00625499653367304	0.00349264232361415
-0.0758201313271384	0.0472335094023848
0.617983299821044	0.573858184453902
0.264695320532999	0.174570131584808
-1.32061027118199	1.32511225206066
-0.732036673044235	0.441341043477748
0.681088260233002	0.550461509138893
0.178502584419716	0.0880150507571391
0.632282847428213	0.352728572431533
0.681232496495467	0.550523279279906
0.963507761145778	0.737129368422307
0.250579140813568	0.1551468753094
1.26783883976733	1.31690586529848
-0.100338222506225	0.053341678800295
-0.572911281189244	0.391961099142485
-0.788455095258988	0.414291169728785
0.796693939241456	0.546484210727788
0.286249314715815	0.211493370512956
1.21166095129744	1.45612077282494
0.398765561606098	0.276966640430354
0.286397472197663	0.211642737890306
0.191833081882653	0.206719672141198
0.0294525311144744	0.0248269100143554
0.0344135836876693	0.0268052430780312
0.39987533895805	0.38532006761012
0.0450088284475202	0.0459238097785346
-0.0226199083129546	0.0205355066981154
0.340398268757712	0.374228264190126
0.475024888768812	0.528080960769561
1.04315269283749	1.54198400568998
0.240216063649861	0.391592142891401
0.183006869694137	0.260477272381493
0.216450268504452	0.34999819664036
0.268805607559705	0.449835378323871
-0.171008376094062	0.250606007716769
0.185704832740957	0.246442951963613
0.1781648660282	0.230417270623476
-0.121559188660283	0.142346187511423
0.199045004684647	0.220797408621057
0.119625141356019	0.149483872499969
-0.152571900348695	0.194311312624057
-0.713892707378831	1.06054139591346
-0.387573475859736	0.537126857981819
-0.339670579614531	0.432687643268278
0.0379621310508781	0.0354164091422404
-0.267571746673559	0.341727340555829
0.134978530992597	0.164796527097811
-0.854519338790327	1.51719174193665
-0.196902735637484	0.219345826954079
-0.00766791544910107	0.00698844403597895
0.258331848163081	0.313567043528484
-0.361326341009945	0.500887399209456
0.220271471018503	0.330277122241048
0.0177713910908535	0.0206728747605216
-0.486191702699746	0.727773735349041
0.143893620246973	0.180392484921101
-0.0223854858838632	0.0259998271885337
0.135922230967654	0.15325504339937
-0.330351357871904	0.544396972354858
0.109734618081195	0.133377750212869
0.326435066995322	0.475558459604061
-0.0360768946316785	0.0347812891736173
0.119419746329004	0.149123193591379
0.0853637938209885	0.0902747022393336
0.200454032248006	0.279823454138342
-0.594088592653957	1.32341454527259
0.206912532989694	0.321562073165848
-0.212053509028555	0.292439177652269
-0.0906758398941346	0.110348808374192
0.258338086789858	0.31361489445879
-0.121688531737976	0.148627431347322
0.496876872302173	0.774990803624389
0.152234893530695	0.196092984606779
0.374509007202501	0.601440799859835
0.206721219617489	0.268536982737682
0.738162562484827	1.74177775092532
0.074775809854398	0.0968894443445575
-0.0680647081351668	0.0727841811034699
-0.0462390235079818	0.0470979717806414
0.244525634876796	0.327613742131803
-0.533156607958057	0.610024160118099
-0.152615098701988	0.15311909081348
0.259771913017799	0.248736557618946
0.656207546372014	0.556564105378166
-0.449656806802103	0.282594576641388
0.475155384284156	0.528250930224322
0.485588078313531	0.487005669319959
0.27644858156017	0.19332892779995
0.769180873043068	1.0394635373765
0.528202690212661	0.68247543917857
0.343134917829447	0.388613486464766
0.0451578738974137	0.0460869146207616
0.175197627366677	0.177557936679321
0.0533561944632257	0.0433674909739691
0.469673301739494	0.554991207322152
0.0855968681791669	0.0752261088981178
-0.0651282996182208	0.0546078079620299
0.0452598186496414	0.0395997069810177
-0.901920482780399	1.11497858902513
-0.516625938445608	0.17859542475739
-0.358825047661998	0.230165183940644
-0.115299978272025	0.0956091763132271
0.403803138523017	0.460497192482493
0.576935576244367	0.601373353880898
-0.413982629671486	0.321139429957632
-0.5684886823218	0.350103935453231
-0.788353018666431	0.414337941238971
-1.51116602461278	0.927694205065401
2.17513790583725	0.973023061087874
0.234209408113983	0.135557017197127
-0.104191034118389	0.0289508643830017
0.0288796510816256	0.0171220029416784
0.178329729181954	0.0879236922445928
0.0479972024740841	0.0242164984656391
-1.96398821246931	0.956159377765416
-0.174002099818098	0.117737221509516
-0.00650575303563362	0.00362995040657906
0.178647471174659	0.0880725942603887
0.44013533532887	0.120310143303148
-0.29877351514744	0.237589613695921
0.71214042126202	0.546631460156574
-0.449812502559788	0.2827095155416
-0.413752686764289	0.320915770926325
-0.260422454505934	0.131473076198748
0.264728103566102	0.174545015240786
0.0479285507635982	0.0241829353640545
-0.0786522619879239	0.0353023758590265
-1.14256360095853	1.02057817622063
-0.351692342607298	0.276392188441944
-0.433532350881175	0.364858170486589
0.606746759712527	0.367950501034703
0.607013909009565	0.368113947865685
0.399621764926025	0.24528629890332
-0.573386218971462	0.392297574695439
-0.260579855127371	0.131555960501043
0.294497222084847	0.22898750613545
0.0290900259567636	0.0172511793350693
-1.54105901451563	1.51501499598811
0.286419390851797	0.211652533237129
0.404295860483919	0.5015245530186
0.10022134359659	0.0815551896323589
0.399588083058833	0.385010744640093
0.242395623822048	0.270757815139152
0.153188683981086	0.211883438327446
0.0465728711723776	0.0584562441934587
0.189994400720789	0.27691076061044
0.453631721299426	0.85124262639751
0.138671182629108	0.1951895073306
-0.146882836644151	0.200779505338631
0.361407781296403	0.666454027052653
-0.325554845236959	0.568976354609897
-0.277431907541325	0.426596879703315
-0.077053043554078	0.0781117139654973
0.119354254333035	0.149107456964848
-0.232771045961565	0.344525135620107
0.762882353460444	1.19735223216859
-0.156612766229017	0.174978380952022
-0.387398839270885	0.536664846260757
-0.903356159455	1.43930299722983
0.143269106989731	0.148838003667865
0.722865555448911	1.20800704215112
0.00648067845374289	0.00638092067904328
-0.094548491029133	0.095700057863042
0.708878251777326	1.05691971525227
-0.587023856120031	0.876338476265308
-0.0311635626915831	0.0317613456107616
-0.4173004033926	0.693380218453267
-0.360463276779821	0.558650568483191
0.250511848098033	0.344251455461745
-0.155198435134753	0.189953958804249
-0.586828056005506	0.978969188675813
-0.288641426613567	0.42986857873322
0.0768220492708038	0.0904692600190555
-0.0578890586184988	0.0648208415413024
-0.276074241869774	0.33702663239499
-0.73050487077928	1.25815402620149
-0.0772796385937691	0.078384387622498
-0.10542680800626	0.12343825523682
-0.41764980270654	0.694166937169731
-0.264942963872283	0.45969332164042
-0.162043954089071	0.22205651849855
-0.427742052108223	0.778929346194305
-0.120986873224367	0.153568518701438
-0.337951644536827	0.522858019549648
-0.269487522140893	0.372848735136158
-0.138004151358919	0.16876697009882
0.682372475357634	1.23372079757166
0.343163418268089	0.388686509215278
-0.152615098701988	0.15311909081348
0.545312362843256	0.874601507407555
0.764970972804762	1.50726056684775
0.0744018733629765	0.0763369783863253
0.258516524567969	0.313853622291204
0.49477145751164	0.78878386133402
0.07297427052374	0.0684541218229616
0.0294872743101041	0.0248616407061542
0.328909525709218	0.327604524541892
-0.791922270637053	0.630589539613816
0.602214265983302	0.582821561060711
0.209732425506551	0.163262591155605
0.399293174835511	0.293348093652088
0.696439340297292	1.0617754168427
0.560180076223441	0.841687003630305
0.293860773363615	0.340044530241745
0.206575475966871	0.268314496040837
0.528024921858704	0.681822745827379
0.778288846699316	1.19491330310466
0.193809504901972	0.178202039598151
0.242020559928663	0.270231070153195
-0.0761899997674532	0.0683362898928307
-0.305880813625112	0.28298307275623
-0.366169586343054	0.358545149018996
-0.0947790974683786	0.0660385521849972
-0.422384984558512	0.236709053249403
-0.13125411578234	0.0901920485429825
-0.843847018467008	0.995547367050303
-0.643517019254047	0.730909735640533
0.193706641701815	0.178112839451122
0.178394582455224	0.0879597751455033
0.606826204302058	0.368017845521227
-1.27079948429644	0.885358424086186
1.15002045869346	0.774163935987156
0.387362897339459	0.203602422991271
-0.406536039818103	0.0912270232471427
0.399451829307227	0.32519272591537
-1.44908330646457	1.34635338941921
-0.788464314880281	0.414424326723021
-1.52275930550516	1.22110242110204
-0.235250744723944	0.137920266673397
1.4970983512604	1.42998892106674
0.606920023753657	0.368081471821074
-0.665543837243447	0.583813760351764
-0.119599857211976	0.0731028704874724
0.250763944228594	0.155289556810608
0.116368199676192	0.0681703696479722
-1.6274899973117	1.68742213484738
0.396132754922445	0.226326677718278
0.234306721965948	0.135608476227016
-0.184260968187063	0.0790176636787065
-0.890030541555751	0.758301811363702
0.60223488348175	0.582834974087951
-0.825061670752121	0.599394220982401
-1.40182099425293	1.05074397500167
0.0615975870037284	0.0238440904296656
0.399459997875481	0.245109493784926
0.399690400102612	0.24532046887855
0.497189922321383	0.46169547494513
0.564317092367707	0.389632583146479
-0.314867405965761	0.180451526135702
0.264695320532999	0.174570131584808
0.276501593424179	0.193390335819138
0.398737028107333	0.276969072845267
0.451504933201632	0.669094962545536
-0.176767850527243	0.144609313402564
0.631980444877971	0.754163210254627
-0.0652112906929265	0.0546648180706671
0.0531123010505937	0.0431580536252639
0.213101069630311	0.250079008296872
0.247476378910442	0.284320816816898
0.595280978256804	0.981027679588374
0.421592322020092	0.787083286003209
-0.250524004906701	0.371619454528368
-0.0529606320892585	0.0764005800221753
0.444084567188877	1.045443156356
-0.379149166044091	0.726198631224139
-0.142872750769316	0.229640643450981
0.306859167130932	0.557050335147663
0.16932035867283	0.229766717156103
0.423862920240701	0.849285957942688
-0.232279563666464	0.343505097743196
-0.0119219220861601	0.0127592881853224
-0.131518942732211	0.132344286859058
-0.231866549892899	0.283656636170714
-0.514166781473164	0.739454735539811
0.892281995142748	2.12345462745155
0.549816520615083	0.863287597129844
-0.542871485347094	0.715948626985675
0.165573941184979	0.16245481109191
0.18385257616847	0.192221564709984
-0.0246590729584337	0.0208804643989606
-0.0113612773645773	0.0121502782409264
0.415189520778674	0.715278032326166
0.348254412335823	0.581863561609825
0.315872265755226	0.427686852965504
-0.361601910904754	0.634869310985667
0.0897401480768462	0.121576772484779
-0.177130905166683	0.242978447800334
0.422488590576018	0.803884236665627
0.348600047463715	0.582779801879486
-0.395522180720695	0.570217877647792
-0.554079448644973	0.892578918056747
0.23826500021285	0.311041753157077
-0.267651070582182	0.341750642251472
-0.932608539870523	2.04510850547081
-0.613634619299936	1.47138045805927
0.145198389098643	0.208871486321132
-0.134054155655297	0.17666565604029
0.597575537051973	1.23002380151048
-0.0658513999131442	0.0828475011361753
-0.105753085807451	0.123879761053444
-0.0359608325877734	0.0346689713176048
0.0438078875832204	0.0473062768274506
-0.13836167580597	0.154835415947986
-0.0754725231730479	0.0882559185095296
0.301745205582826	0.368944022811332
0.0332396415186516	0.0368286872869027
0.273569219645469	0.35916631829468
-0.169762808661581	0.216496042203175
-0.105748558829445	0.128929175153406
0.0961046140999842	0.104697812736764
-0.0887730195010114	0.0740121956015232
0.053466875414134	0.043456117110832
-1.14266100878965	1.02075039593394
0.140299037116114	0.109293407400977
-0.0283791282199461	0.022228426598721
0.264848775930256	0.1746193409358
0.712007738259608	0.546620013704936
0.475001476459962	0.52810498001244
0.403758278465614	0.54055676292432
-0.444290702639398	0.61446669822342
0.352046105655479	0.445077735536816
0.350141492588042	0.431191180239837
-0.313364807928885	0.434304035641796
-0.453519123100397	0.547780143822073
0.29807609791682	0.354760085522357
-1.08067723251228	1.77394806866108
0.105222756371412	0.074349458781251
1.1124834169686	0.937505053006876
0.251268286233434	0.231791520224111
0.572332060737679	0.821730393761877
0.402440440905221	0.431147632237091
-0.115187930302016	0.095512148141021
0.399420594920483	0.370196567421156
2.59830808808347	0.565621890602798
0.606999733160499	0.368112755368252
0.178063989321977	0.0877574446225287
-0.433380803591891	0.364749116803
0.399660064812808	0.245317382260872
0.128853508420719	0.0572225471771537
0.398780818069297	0.260842436667706
-0.966896766758881	1.06746029824322
0.366007310144161	0.150389420387711
0.39947267127484	0.340626777725325
-0.510661375735054	0.458257654575307
-0.981770324077439	0.89118068462681
0.128617894345499	0.0571115897629187
-0.413648901134162	0.320717018385143
0.715359282597455	0.72023739610064
-0.00477832280722481	0.00221735527016294
-0.00637557637037879	0.00355970996600095
0.116224017930216	0.0680787722672144
0.399202363897532	0.355292174079647
0.17812834085497	0.0877816639505461
0.250460888210078	0.155057722890291
-0.358509316483428	0.229953272680103
0.963439305415341	0.737033359814109
-0.391716070497778	0.191515317219743
-0.422213357816896	0.236552089895206
-0.00653322317101659	0.0036465042430468
-0.0760751911908723	0.0473951822819531
-0.390008771037508	0.276395178397817
0.276500070262287	0.193354946144982
0.0855841566218966	0.0466768866551627
0.495005098124591	0.789150395991367
0.0745564344259926	0.0764974298200746
0.263708633632093	0.328680477046634
0.0791920970354524	0.088415702622241
0.722840598210114	1.20796009435625
0.170566049561998	0.214899614342166
0.450133957293442	0.682388502262807
0.360888573149349	0.665101001830892
0.278251824839815	0.431302548874667
0.528678073232688	0.961139935894964
0.0565286655995449	0.0696781779217889
0.393672434076752	0.77004263146814
0.106024047584887	0.11890007331514
0.000694455154648894	0.000741114409780372
0.0383247047180471	0.04700016371556
-0.309594597497644	0.462067141014767
0.326154525035208	0.474987360047594
0.287749393758382	0.407118133357184
0.119561695609802	0.149372620240509
0.421128325990321	0.786297240250834
0.278177635799309	0.374516244037818
-0.187248531267914	0.23892276071759
0.106637585492973	0.110038543365111
0.403949446444497	0.567468087011828
0.0192508400640576	0.0195557035346257
-0.428717841629962	0.641957825615567
0.52853944186355	0.960741986029378
-0.00693858147645402	0.00834198900677341
0.422244949014108	0.803277487430651
0.226081376915525	0.346573321895263
0.315021578618083	0.512619442949148
0.384787232995097	0.673904577467377
0.0450941496465467	0.0588658980065884
-0.481444165679444	0.983456531762851
0.360957044534198	0.665386886411365
0.207943753334196	0.297720745558557
-0.105959739698885	0.134205727704088
-0.0146906573042371	0.0190264741788732
0.267912981141939	0.396396728368861
0.152698935842911	0.211059386633688
0.272998096593439	0.413457436362065
-0.71544649525342	1.52517734807858
0.552667389579195	1.19362110821056
0.152514037967303	0.196506265497362
0.311337560842492	0.495896398331664
0.178550111693118	0.230999845453461
-0.169457860300558	0.216034890176665
-0.105358333691096	0.133344887552797
0.135869861963132	0.153193816717072
0.496994627996176	0.775157097831974
0.170524371118661	0.21484598239783
0.452116828523725	0.81531185203539
0.488884228585589	0.885074184309227
-0.230766360520643	0.318760780512849
0.261725993271095	0.377723963731813
0.297939786801886	0.354561218917538
0.0242564097648105	0.0218769138585263
-0.0521275569897462	0.0405545159922933
0.401466834278313	0.415878332838252
0.735776105052048	0.882182233157828
-0.256310389831142	0.253937653359997
0.401377993660331	0.415765433549177
-0.358253093525332	0.393511389765103
0.235563203207206	0.255454044399522
0.35189071551787	0.444852108112317
0.304895853312053	0.382467681226703
0.624194416097407	0.944554129437254
0.34570018249479	0.402754633415512
0.293982870992007	0.340141545390156
0.449520965455041	0.712504966215483
0.134762387099302	0.164477061112376
0.594176028268502	0.793297322431014
-0.0774226450010949	0.0785381650618136
0.16104746602614	0.177513105882342
-0.13108178201676	0.0900649149244417
0.232168303305043	0.197604059628229
-0.518565259318295	0.498375579539774
-0.788695731466628	0.414371031823955
-0.062956351779567	0.0444248436569243
0.399980260427046	0.385316941847795
-0.00813748832274516	0.00524371369408026
0.497149769694944	0.461687035193562
0.67165474986319	0.334887885324188
0.365691013165346	0.150286033986656
-0.0091951964681284	0.00302330471275721
0.196636680755958	0.145858043549155
0.0617424742393982	0.0239084459082885
1.30813599240279	0.797331200154474
-0.327440587999834	0.129669435996948
0.796521365237415	0.546317748025171
-0.0787328393819667	0.0353418953097744
1.3077068367953	1.83280259761787
-0.173668106544808	0.117446459799254
0.512761756487038	0.436576039484465
0.29451780077967	0.229011585671989
0.264491025422571	0.174391433604047
0.399240135763075	0.293323481760192
0.234194106334154	0.135535242488063
-0.41394158326969	0.321121824292564
-0.130864632748321	0.0898728209525726
-0.583682830848365	0.556526594867201
-0.173747093455054	0.117542397067106
-0.472084972467567	0.329086525090447
0.674763150506153	0.730743400851236
-0.732338037528237	0.732778810027301
0.398765561606098	0.276966640430354
0.399542328129567	0.325287038307976
0.0832656367039579	0.0557487774993134
0.584751571128831	0.379962887188801
0.769889638317436	0.713299599299119
0.206290002879091	0.267700663575479
-0.0117647563528885	0.0125895379043921
0.267940882720541	0.396416806404503
0.635857228482718	1.57668028621826
0.60357011620066	1.19626002887304
0.0202556825212043	0.0194152038917734
-0.337111031609011	0.573040490520105
-0.402790798933466	0.859565558311214
0.167414496346226	0.261058682183446
-0.229413336990999	0.384738140270116
0.216795214976334	0.350688460471922
0.0871832738612316	0.105579263240101
-0.054083239882697	0.0679069139960328
0.189967815707439	0.276882968447115
-0.367277824214982	0.664088423952001
0.110201191737283	0.150559526284497
0.125363321119249	0.148828570644236
0.267378808029548	0.395410475783707
0.168806382840108	0.229033833977971
0.565860567341679	1.54431511375879
0.226078514551854	0.346613220311251
0.379292099997947	0.636598066645842
-0.205942398104165	0.262988905051568
-0.285444762579526	0.453170405119417
-0.260175539230815	0.30315222315999
1.18585260384356	2.85554593800581
-0.132992799360563	0.181368941840739
-0.444760571428648	1.00323832053526
-0.171190124456768	0.251047142346059
-0.0236357451053846	0.0317746467556752
-0.121859983588314	0.142797343599689
-0.377409822018842	0.564885708748673
0.109813717165666	0.133486687551035
-0.149335298419598	0.141066114383041
-1.08090541214031	1.77407645084151
-0.395565212274242	0.57036330756611
-0.175048970471088	0.175093309039839
-0.707153749804106	1.09294370168777
-0.175238377903445	0.205224022624243
-0.551342978194939	0.824173990001039
-0.539942555699787	0.680696901557812
0.247556875176107	0.284471965663777
0.182331345893161	0.161282294359617
0.0205394149876935	0.019684371772579
0.155162852196121	0.147196896120391
0.624129522802093	0.944639127727297
0.0314833082616029	0.0329732747291109
-0.0917423453592737	0.115935307728538
-0.361903210201909	0.635370421929272
-0.367167288245092	0.467134565807829
0.183746633654753	0.192095865369065
0.0376845031634837	0.0351420077122741
0.176998698137191	0.206406818673797
0.349831245267258	0.430638977431111
-0.00688767160154387	0.00667225913547676
-0.536433488355551	0.64493616104766
-0.584839849256046	0.735925833945713
-0.0242937906560778	0.0205671735552923
0.572283288279246	0.821596997393359
0.401401198528407	0.415767448133829
0.286504419689958	0.211703732844714
-0.0490205073645901	0.0267280423638009
0.116088690904934	0.0679714760425284
1.23117263487158	1.62855152203801
-0.217562355222036	0.161209704519002
0.297611605895556	0.35391203106833
0.403710284992625	0.553846748213488
-0.0389838621610682	0.0417471444239602
0.504420463654406	0.449147231085128
-0.131016263300777	0.0900113369121823
-0.568382091800531	0.35000896247181
1.05615920010244	0.549561803212589
-0.078745871602922	0.0353461577361168
0.250816180171503	0.155286605087558
0.671538371030747	0.334855559136084
0.67158217394513	0.334848424054662
0.448931724883838	0.0872096407569261
-0.391473290236428	0.191346105669389
0.449482770198073	0.0873321855854351
0.40402043752692	0.139945751112398
0.211880101492958	0.113837225827733
-1.35672844137063	0.47506664569878
1.29035320892594	0.361169722228799
0.632046398741327	0.352597545210657
-0.848554588996423	0.353709685597233
1.31754699712777	0.590324009457586
1.15477006151329	1.10920857535553
0.838406015823902	0.876999052332249
-0.00844750902079572	0.00544355644903052
0.0827329123398763	0.0644524348727109
-0.008889994807064	0.00640885947470369
1.19359650388225	1.76790020774577
1.06384942438567	1.23825867704684
0.974123652558387	1.21091120352223
0.301410936946005	0.245698749845167
-0.17538400532069	0.175413902500762
0.65276705601296	0.922242984963119
-0.0783784632216973	0.0605119548951024
-0.078334533109896	0.0604829341481614
-0.256389526573598	0.254050921496341
0.399202363897532	0.355292174079647
-0.449633490948602	0.282605167831363
0.234306721965948	0.135608476227016
-1.08451759652118	1.1843533689843
1.51248135072682	1.26256584337391
0.333942138040414	0.510155715460362
0.312083106293204	0.412165983060928
0.301721858251826	0.528686268123614
0.250393482640234	0.34401097688067
0.19952735160971	0.252464333595438
0.520613911103322	1.08119923181463
0.153662163794464	0.183282976845676
0.169397891130659	0.229872252876532
0.326657359902272	0.475957720118662
0.41654975265937	0.732626244877128
0.23239559156683	0.295650211023497
0.710151898438891	1.58472926841604
0.505956008302508	0.738162319177268
0.207812508599854	0.297437536824081
0.201701428719547	0.335121987633439
-0.0144557064834623	0.0187156126849905
-0.322744451393369	0.464974324611346
0.0656586922493488	0.0829749531422463
0.313592982354079	0.606681779935363
0.0195134626905342	0.0246974355843602
0.246142773538628	0.371135084550796
-0.053977105336821	0.067764365445156
0.38861998644673	0.707953536963451
0.220348789763672	0.33041534196468
-0.669115975273309	1.30984072627875
0.41943695142465	0.767793719099258
0.0516004494021711	0.068744784203925
0.103644972139036	0.146680708988247
-0.457919182257074	0.908856855862841
-0.119248327667048	0.156665570193574
-0.525445595799116	0.935170119282791
0.000241037867526615	0.000279953580516507
0.176888660009989	0.206260532366222
-0.690724927534124	1.1908282343787
-0.016967071207155	0.0204295963791789
-0.310137395334575	0.572996983989292
-0.251282179443969	0.397232617246137
0.00235394461321364	0.00284475725935953
0.0996392231877865	0.117719744684695
0.0746896562408018	0.0766234330712495
-0.191714860348215	0.234621532290258
0.691389196733366	1.22607886303018
-0.267544170781363	0.295971607105689
-0.126478873186131	0.119929490489172
0.404171623573027	0.567985876956184
-0.259157143032339	0.345134488379393
0.532307330546219	0.928622400325338
-0.146810198214103	0.129998134091091
0.502542129456404	0.74951723489116
-0.340457461984097	0.394154986563928
0.0598606209127692	0.0542776199864965
0.894924099492348	1.95157908208523
0.696529534054271	1.06208868990135
0.308906212210816	0.3978152265582
-0.097601944222164	0.0871927198520808
0.881222755684201	1.95443470535904
0.538262483575449	0.90073473368171
0.213477557922988	0.210594424595237
-1.06317087967814	1.49397571560257
0.289761419892	0.325951747786967
0.350054209523345	0.431071042688644
1.01123596277021	1.37620291515356
-0.394419826057615	0.431927211529709
-0.498916890222994	0.630135047259682
-0.0975247604163394	0.0871126939606909
0.499779056564641	0.762601948322526
-0.131102415469497	0.0900815453227977
-0.395757176978376	0.36138361771335
-0.139692590234455	0.105897572019939
-0.0945333205447328	0.0658544647941624
0.154902976382239	0.146913238100587
0.000946437955950181	0.00101402013429552
0.219834086457673	0.265112757706554
0.493137684840169	0.803400538117502
0.551440172075588	0.635395101707784
0.0451216466957635	0.046046874950164
-0.126044429179715	0.119410837739459
-0.581489923647832	0.516289087537008
0.398788702445974	0.277022374151166
-0.235263910068046	0.137908242010453
-0.391603095504156	0.191462066890932
-0.0788269788881849	0.0353859300459337
-0.413897638138578	0.321047365091402
0.80710453767316	0.876072184225728
0.396089831394072	0.226278388755559
2.70374377365295	2.75438852505688
1.31690798760239	0.590129049397097
2.59830808808347	0.565621890602798
2.04748541642585	1.45280064834541
1.04434466175505	0.754284813205743
-0.579004253227954	0.267391767117248
-0.578902974009509	0.267254122102802
0.234014737217533	0.135404415420104
3.44549632854058	0.961689054878872
0.402989430804172	0.139588222045671
-0.305625795561255	0.282632444629317
0.301497585276184	0.245800297176315
0.196595378439059	0.145823539637778
0.497250131492924	0.461551179274524
0.750813604587608	0.546288457112092
1.51257484205558	1.26286408488973
0.196419420999934	0.145651840404579
0.123458078786281	0.0917309319304603
0.715482528327739	0.720206893065893
0.313458077877411	0.278579187481185
-0.253015253696495	0.203332579914536
-0.2988802591657	0.237699342993491
0.142081375166795	0.0888341645994984
0.606573930730702	0.367747138860669
-0.00648246208559319	0.00361788921927842
-0.701817179947937	0.470741499740947
0.750820935056823	0.546362059972189
0.580142906900451	1.0172949274536
0.693069658930937	1.41113776281468
0.572472843678077	1.04527048931348
0.225719427086568	0.279567398655629
0.319278701104401	0.443178658734003
0.699453655557844	1.39753000935083
0.0742942511462063	0.0762174390463774
-0.194453888288459	0.26762756877906
-0.525193642496485	0.935000719178968
0.420139937966245	0.769571451936677
0.282924427068933	0.448340674460627
0.0280659248473629	0.033531220573127
0.523079601770488	1.04875170009925
0.0842414623785411	0.118139203551601
-0.0432254019213539	0.0541829593442957
0.0709490613936119	0.100382705640222
-0.261433359560477	0.46677945025481
-0.105858107195387	0.138893577860193
0.0851812355065899	0.108191356738674
-0.0540802023045258	0.0679014564525756
-0.264693051101337	0.459100196705529
-0.145153998048903	0.204990306136893
-0.0613028790821445	0.0715904953250956
-0.296630716049093	0.457196016739562
-0.121923847814896	0.142875294959171
-0.00638520410269344	0.00543188316790342
0.412651561022894	0.695058115509338
-0.00766239531307337	0.00698285925569408
-0.00696676957119391	0.00901356642067683
0.115168196785718	0.150916549403583
-0.0252357965817999	0.0270193331581331
0.28781323676386	0.407306600498786
0.133225442133533	0.134108197117397
-0.395486968961108	0.570110045958155
0.343257699601651	0.388827781009869
0.219691562062655	0.264932676148495
0.0244350481941101	0.0220398727539098
-0.197812999912827	0.20881476986549
0.404039374289207	0.527640246307723
0.219788897519686	0.265077564848125
-0.536720341380103	0.645514756341668
-0.504473671740679	0.666445429128414
-0.174692736483626	0.16445827920479
-0.683410215297262	0.896105512007155
0.285071200964711	0.311335551368285
0.403107199205738	0.445897791840976
-0.475422469527857	0.656548300806733
-0.371972369255541	0.429658190642295
0.0434765596575967	0.0469153670310985
-0.469060594604393	0.62087287188007
0.0188783261685041	0.0126995447232862
0.40029522724632	0.400151835855978
0.404017635153656	0.514430277542472
0.27382028430605	0.28091581331344
-0.175065672498439	0.175084868750635
0.565768090594833	0.831249775386594
-0.949050292007755	1.39740855831029
0.833190957312963	1.03336329103333
0.347844404131449	0.416822334497025
0.404318616353504	0.514345460046212
0.692811497913609	1.41019158990987
0.104476951429735	0.0737813682552388
0.0343901880554143	0.0267853198068843
0.688212332685302	0.900609735654237
0.95260211753327	1.51374079663468
-0.585621934872155	0.805011356821046
-0.311390063276937	0.361184750794805
-0.548780888087028	0.78802337456683
0.301800678516924	0.369017400682304
0.176813541072915	0.206160348637986
0.56711774831774	0.61246897341953
1.00548352056647	1.97762197215449
0.404068466657167	0.54118395797014
0.0829050009289711	0.0645975373907651
-0.348271846710444	0.320282737549077
-0.314806633342869	0.180404619625564
-1.68694899077746	0.703952762450668
0.399640462504326	0.245290629353771
0.104650303647759	0.0739362826962896
0.276369801339307	0.193202280240314
1.68395277056014	2.06463754426131
2.59830808808347	0.565621890602798
-0.358615057868531	0.229992454909469
0.764486778123062	0.331447869942357
0.631924054382468	0.352475981362613
1.15002045869346	0.774163935987156
0.681195083204236	0.550500792823466
-2.19242126769198	1.21041099953334
1.31626800442765	0.58951227776968
1.31575925965238	0.589174142486685
1.03207569100603	0.911014000073039
0.644665117920301	0.74629325335144
0.658501500039438	0.737840563009701
0.232273205902477	0.197717023104135
0.083531860600796	0.0559422626006625
-0.992389851141034	1.21850920142598
1.02259788627854	1.0669755162005
-1.28436121827903	1.61975020960029
1.44625476622452	2.42894998512476
-0.00473520578037929	0.00219591531042473
0.225936968130178	0.279914793784809
0.565743074089758	0.831207175092181
0.176816191277928	0.206146885783246
0.185998418269114	0.246947867022223
0.453172146107159	0.834009039018665
0.36870755017203	0.781177761015886
-0.572107355876716	1.20937877282506
-0.326903594828521	0.640115538614221
-0.46432712115344	0.972042870499434
-0.277199100387919	0.426069788767688
-0.276332724580904	0.452054120930028
-0.0659830844613307	0.0830244867934473
0.186933163384829	0.317630087639306
-0.0226672308852245	0.0293926427575225
0.189355630443726	0.297974587791547
-0.309371833695752	0.461665233817618
0.716244869828525	1.57286742492373
-0.106984453356933	0.145309733965061
0.256362058373154	0.403910700993567
0.454523310820592	0.93232152846959
0.23826500021285	0.311041753157077
0.110044921914502	0.133794768351425
0.319218100863	0.443055379753191
0.161913290461515	0.198482683860611
0.153732038594035	0.183358506735922
-0.0537689049431218	0.067469303951836
0.0768872098165155	0.0905450276378197
-0.105477627343383	0.128513819958007
-0.0683048988246663	0.0730480613742709
0.301905975253837	0.369134699249122
-0.00440439925705948	0.00449843954686787
0.0683516826344824	0.0740939410030224
-0.775066292966231	1.10335293561354
0.700954927802328	1.21881645073055
0.0730802897429892	0.0685557746842695
0.0316518288715566	0.0331554988526051
0.0765266834340923	0.0948224057253381
0.117210657296117	0.124663114002005
-0.260095271460996	0.303030963396869
-0.25315577470106	0.309379609727935
0.0990840737744203	0.090285340335101
0.541293600521272	0.886373065147286
0.345970650587547	0.403377676445309
-0.126478873186131	0.119929490489172
0.244714342048991	0.327856270404773
-0.231955175881871	0.283816092439236
0.0240773258849118	0.0217122927358102
-0.146650402770262	0.129798042062882
-0.0523051532215796	0.0406952569687598
0.455746470056664	0.629877988401891
0.0506772915449513	0.0488410494030423
0.800781891369678	1.49289430532931
0.403724049849144	0.460399180817165
0.143619662999387	0.131521989191588
0.096485725546808	0.0965703049833989
0.31922670046824	0.443080796920173
0.405012786507334	0.596408391909879
0.400439288347468	0.400427366996678
0.328711131294805	0.32747423626454
0.68245278105222	1.2338649777941
0.0423237158271014	0.0299922419603051
0.276607594746272	0.193486442141265
0.0596318071815013	0.0540664394067229
0.345774069704993	0.403089234061073
0.27820288535027	0.374569986796947
0.247576179919125	0.284490186443405
-0.525065721243327	0.905572461245638
0.477781135418344	0.514054984054252
0.05075189060253	0.0489133194136115
-0.126421588861747	0.11986827427065
-0.413752686764289	0.320915770926325
-0.487686905437284	0.372851819278413
0.398858126103384	0.277086879421163
1.15025638771776	0.774418861125706
1.15002904169146	0.774161366781223
0.740536361273309	0.71628986382389
0.0289825102637502	0.0171873746132031
0.656338282398745	0.556778539148937
0.440628375497016	0.120463053794555
-0.701969859027272	0.471086554526434
-0.579004253227954	0.267391767117248
-0.517513875524486	0.178911161319999
0.128975937783999	0.0572771124689474
0.0479589629339549	0.0241959289933283
-0.00846262185640431	0.00278126286689462
0.440513946717843	0.120393291309023
0.806952808189603	0.875980833095336
0.60223488348175	0.582834974087951
-0.449333833281535	0.406974819157959
-0.486681976941511	0.558470803795455
-0.747137088914904	0.697800159750851
-0.00833713011532937	0.00537350785301406
0.860814682333386	1.0348402030311
0.546645238199597	0.399353614216114
0.0857035906830453	0.0467362147826808
0.322472982651791	0.458169957161874
0.357286893386531	0.486675166971853
0.26830799646426	0.343068885406614
-0.104206403087588	0.116776481402745
0.449497136599276	0.712450372635736
-0.420812806336202	0.721667416166285
0.0252026061603192	0.0286491724896434
-0.586654773900043	0.978660699484679
0.551042632076197	1.21005253082309
0.76335557205527	1.89601774045948
-0.132573885097473	0.180743206259987
0.31520321647391	0.513055788351687
0.0866011727674057	0.10474273739182
0.00266692734379703	0.00322132600490147
-0.0588254482137109	0.076585455474007
0.226194279398063	0.346828534405377
-0.438431205428268	0.70551694522556
-0.350239185859078	0.578449481511506
-0.00691088323690445	0.00830964724454429
-0.344794699677757	0.55167010499076
-0.525285555746099	1.10579454813854
0.315731312069773	0.427584141820586
-0.269646606725446	0.373206001646651
0.333962092071031	0.510193496038148
-0.00407541742702634	0.00416274715035103
0.2927580849445	0.42459453206258
0.422601249096386	0.803969541139023
-0.13779527269236	0.168425638267949
-0.200649106434062	0.266485364828391
0.136159870094635	0.153478357125474
0.144991296987041	0.16818190321189
-0.0878194797462613	0.0983818704992052
0.0999262963235309	0.118126293925139
0.206091410130613	0.235195844263044
0.488021254214087	0.918954930302202
0.405222228378126	0.596876184679452
-0.468405933235495	0.780239621280865
0.256641371071163	0.361625670080771
0.350135022378065	0.431178428648895
0.0745517173461763	0.0764995983213207
0.315723243397189	0.427556495277305
-0.428821530183609	0.642237857469116
-0.301067553922994	0.433313316354231
0.403851729565128	0.554134008659328
0.0507631148540762	0.0489273527813105
-0.218296071502181	0.242557485999999
-0.238119436301426	0.316762624393268
0.513894540873232	0.715392724799958
-0.276682110955645	0.289570810298423
0.294472717861019	0.228954252983232
0.0135575320902594	0.0100960663087129
-0.174938563954338	0.164705117654176
0.736733333796496	1.0473774051003
0.865252724827595	1.49412929627161
0.518416927940933	0.704510838477585
1.32111037901564	3.29877243518978
0.566623488492988	1.07646338379388
0.0214915056031553	0.0231184928628486
0.161939956480755	0.198504561884655
0.326359989679342	0.475464579222623
0.675628559149848	0.907955495506183
1.12978695989304	1.89335302141397
0.528111291949118	0.682262404346418
0.644305482627663	0.74561228389987
0.403152686849361	0.445902038930171
0.152270875031504	0.196143367211876
0.178163221673492	0.230388115523336
0.601614908781626	0.971387392459419
0.0378704833008429	0.0353245672343688
0.523049586580169	0.693321711575372
0.204108047202007	0.194553148856937
0.0344345181339225	0.0268208499823361
0.373741216554439	0.600034761428912
-0.248014369868928	0.260409412637728
-0.453718908362058	0.548007364789579
0.242168480834844	0.27053902662615
0.232300730347546	0.197757644464907
-0.50459647435863	0.666684221988828
0.161053651376528	0.177502351161246
0.735748581450062	0.882171872302385
0.892991025427331	1.03960342014187
0.399187088913684	0.293282605618885
0.497109606497017	0.461600806705287
1.29059040546749	0.361273728188317
-0.235263910068046	0.137908242010453
0.387443934982169	0.203677658568846
0.128862234571198	0.0572251923644326
0.765221229893607	0.331833236925771
-0.171816972074702	0.102965328684015
0.0616411970429332	0.0238594640581304
1.04417132370979	0.75412450860252
0.86082151390221	1.0348726137943
1.36845289174257	1.36389674047384
0.481490261500959	0.500636344580184
0.11649817235391	0.0682301834161441
0.276581864658763	0.193470468193327
0.546922656612606	0.399586220370006
0.54679022047352	0.399511882423471
0.449320986868812	0.728220037089208
0.522880245568669	1.04792733792448
0.167300912344023	0.242443863264441
0.486380131017277	1.02047995414973
0.516565023573917	1.126750071254
1.15470410724146	3.34843310366054
0.152277691309983	0.196161417968348
-0.0392702422549038	0.050978413824332
0.141360053371154	0.21427475112634
0.0381975776015943	0.0468404557371279
-0.525278748924724	0.964276775550059
0.0435829899752011	0.0470526349416109
0.0970573744197084	0.120768160460159
0.421038474561629	0.786064842645977
-0.553047432162853	1.01618294961313
0.110091807370218	0.150330300792666
0.256070498619162	0.403183597422499
-0.0271820262905881	0.0327715203125221
-0.452541066286852	0.849968327908016
-0.360608391570329	0.558882738952635
0.196448637079913	0.292890017700633
0.0707593414192894	0.0951730391476196
-0.30391802889481	0.483477054260435
-0.393984108038988	0.653609665046792
0.0658579488795183	0.0832492994700295
0.616177958709495	1.15261681321366
0.170607723457482	0.214940079042773
-0.122080253895738	0.14910892636809
0.145262296200103	0.196087234688237
-0.235877518196925	0.372160533438652
0.604412350399221	1.19833145716434
0.00031676552022719	0.000367755037261596
-0.498106898595119	0.88579280288797
0.0464293375306101	0.0557335010194475
0.408722454701938	0.644649801955831
0.319018692311717	0.442595794234867
0.0682635920004692	0.0740014988020785
0.40413197566818	0.567942145756068
0.220593703293502	0.301682871344524
0.406181033410583	0.612075350835323
-0.217833040490411	0.353463399583078
-0.156507583942506	0.183329973424502
0.294031749870219	0.340324283807704
-0.889214350832882	1.63043416497434
-0.135694205304203	0.144295214096647
-0.277640424934991	0.426936208715732
-0.311609641846119	0.361523136035686
-0.25314587350182	0.309368138605886
-0.302648076829905	0.402997343812233
0.406945001292432	0.627365011070275
0.467374723831496	0.568304358103598
-0.658636883801226	0.621899506241714
-0.282231322358852	0.24420145903392
-0.174847242937551	0.164620669962338
0.130672674135441	0.115248372187161
0.152454268804993	0.163201472677282
0.0683821389822126	0.0741308098633378
-0.495133568465188	0.825321241859358
-0.475688456609848	0.657091361167952
0.724073861195211	1.95403362395226
0.161008029672135	0.177454661664702
0.312338131509781	0.412537292532803
0.518384322042451	0.704449412627425
-0.371938176114341	0.429663376766273
-0.144337072491456	0.118936189304073
-0.120971683489157	0.107607810429149
-0.587545514917738	0.911388794961737
0.207128412037442	0.269181592379962
0.169300182840504	0.192006126079553
0.244228255911231	0.327119616486549
-0.256206537643487	0.253805656688212
0.0971689285209777	0.120924760348634
0.492860503380342	0.80281444587086
0.169220492343418	0.191906110815838
0.199347186209221	0.221201862656353
0.0572400189028494	0.0602310285707101
0.313501404639976	0.278516281879808
0.655419861289734	1.08749797157815
0.400478005376388	0.400474625453948
0.632228789153638	0.755093886470174
0.213327795340377	0.250380167890537
0.192409739768106	0.237045107489095
-0.0840939056888093	0.089876925581344
-0.175024366810295	0.17506410975301
-0.112170305760493	0.113196153856154
-0.174632988769248	0.164380502287829
0.099218102355042	0.0904210878718405
0.579969413654797	1.01670621976111
0.846045190403945	0.71521740606195
0.577102272424822	0.601819597590664
0.448931724883838	0.0872096407569261
0.963401097638603	0.736897946780892
-0.184627520138321	0.0791861460962011
0.403632537227691	0.139839884189156
1.05626404211288	0.549767797036242
0.87467245095911	0.879518477267215
0.232267608148299	0.197728601969735
0.97259221490299	1.05490897335387
0.26767005212503	0.395952891247233
0.0683486952706111	0.0740992723131631
0.206791083968548	0.268646828702259
0.491193251566725	0.817254210377109
-0.0986762488609536	0.138495486795546
-0.120712147690362	0.187542586548286
0.189532846505721	0.298291012493043
0.341930548925104	0.716019057951214
-0.429943600026788	0.897744049521657
-0.0842323107607288	0.113975087878404
0.150712240240913	0.236923533900833
0.0114500871439866	0.0141692001938784
0.0589084092199176	0.0801728455515236
-0.120781525880939	0.170077480595162
0.322761751470612	0.547860864437115
0.491475702736909	0.818034393294258
-0.207574453173873	0.326233120136284
-0.133517035607998	0.214368824726935
0.193601917432661	0.263747540705925
-0.134019065803385	0.176584165423272
-0.310749423539634	0.574639905329297
0.757720219992553	2.08326928317015
-0.175125654462987	0.205073653948321
-0.0611849562092921	0.0621871146378908
0.0779855110856484	0.107182565397739
-0.0735640777143421	0.0993711617701565
-0.354155789447102	0.695109591268387
0.393570491547851	0.769705681737058
-0.276041177045728	0.33697719853677
-0.117364529012592	0.125008545821885
0.262103160408807	0.378482491351637
0.0315263725517449	0.0330192792645174
0.45592078694904	0.629940790629712
0.0240938435529297	0.0217281846639768
-0.539791427608301	0.680562443762398
0.225824161748654	0.279748754939916
0.489187259804971	0.867567007054569
0.27799558532761	0.374156025686028
0.798654297698733	1.34353801804319
-0.469227350444256	0.621146095965898
0.0702893882332054	0.0594701005262311
0.366320557551517	0.549181604493401
-0.0613674931280768	0.0623844138867523
0.572348588678704	0.821988143732128
-0.552891953304351	0.85857178843134
-0.428916362846867	0.642428116906337
-0.338286061809919	0.523520393391032
-0.493059640565832	0.594335879893136
0.297628308992036	0.353828529210123
-0.0361474806892528	0.0348505050541212
0.152354770847199	0.163092905295322
0.349917669350839	0.430839895813874
1.26126528236433	2.60503724611905
0.307417917300344	0.26185253407318
0.336985763699637	0.359035431166754
0.143439996748098	0.131348440185014
-0.0636647911916397	0.0772506683071376
0.326587212246997	0.475838114327792
0.167607084534248	0.242946583023976
0.220735448748531	0.331034356206411
-0.276856691787879	0.289954330061824
0.175270959548082	0.177618867200925
0.467128877771384	0.567934319771842
0.475001476459962	0.52810498001244
-1.05062664805787	1.34952866145398
-0.471908196331831	0.485817625793431
-0.00728193382793028	0.00573965384912138
-0.237054742378642	0.276681670450462
0.333227583179846	0.343668482719731
-0.121798048754051	0.148799679894133
-0.0942280353370648	0.0953364087681853
0.333725761575198	0.50960955910659
-0.146857677011961	0.200721424077456
0.298081706226936	0.354775417337413
0.4998539197583	0.76268608105174
-0.0682025158448744	0.0729515536131638
-0.533141925212723	0.609980159126473
0.229210744475064	0.241210273599171
0.504441039030717	0.449212629872115
0.258369198377344	0.313639016178362
0.273412674919706	0.358973698477321
0.404012968425461	0.541111789516266
0.100062761414988	0.11828242467935
-0.0244622485577019	0.0207130934533315
0.361584456279529	0.51716024210313
0.647107175885368	1.09601679332951
0.617892807244264	0.573712512778783
0.301830123669586	0.246003904783706
0.398952751279318	0.261019310889639
2.59836788378482	0.565681354882139
1.29047191149383	0.361322640689658
0.365797211168257	0.150339977566715
0.387524745750924	0.203731359245904
-0.406143088696864	0.0911104868149055
0.765953398420328	0.332013285790487
-0.00887297177040951	0.00291884997088316
0.408171227252072	0.643668292871327
0.359496158414563	0.651140476387855
0.455081125286856	0.91834718329368
0.373829535232722	0.600267669149998
0.0973580270612678	0.121180345178096
-0.0393032786842358	0.0510295723962809
0.168985861704502	0.229305153075891
-0.00437772581192596	0.0044724345154446
0.560772384834777	1.1292354567811
0.231890556466704	0.363328608277731
-0.369680277938177	0.532575261092252
0.261244086860999	0.376588329262394
0.248579783562482	0.420917097204839
0.0746050917713293	0.0966328305690576
-0.554552128175139	0.925267239088451
0.416714354333154	0.733079140337422
0.391889072111908	0.740865980618808
-0.133589610506679	0.194705554756
0.421992007153553	0.802480949950383
0.00246021415620305	0.00297266846264556
0.244336933614259	0.327308944740822
0.35143539100036	0.599840352100161
0.106145416040448	0.119055323580391
0.207192267517585	0.269239917367535
0.282910913397066	0.448309874399025
-0.011715494623452	0.012536723997368
-0.35058674718764	0.5790872968797
0.21376164661576	0.312952001707328
0.115489322420768	0.133218280654358
0.611283376213475	1.16587299482631
0.261088692816323	0.420163319534744
-0.230492759339401	0.318370880597246
0.0438078875832204	0.0473062768274506
-0.0616319063695429	0.071972959466503
0.368795547241392	0.56586137406387
0.134183241102439	0.163600225238116
-0.649587071916363	1.1586212821213
-0.554822740936466	0.957626318600352
0.379084389120062	0.636020498955351
-0.00752111575931811	0.00685347586524554
0.357427218358333	0.487059720251849
-0.135586244250332	0.144141596370335
0.0876604535004641	0.106189837534442
-0.249566095945419	0.344977700924037
-0.97533789098694	1.84120137246842
0.239846459215375	0.353159671546976
-0.499008161744112	0.630300999750561
-0.194489448139404	0.227497079205211
0.708878251777326	1.05691971525227
-0.510421781629362	0.458060416627737
-0.056622516074426	0.0509692863719999
-0.0393365030093654	0.0249446561305499
0.469704306479183	0.555118019400492
-0.242742297278511	0.211515194927251
0.0701478609510518	0.0593521988460137
-0.253225808999323	0.309513834550589
0.408354957750973	0.644098465220807
0.225699372098276	0.279467346928146
-0.358379271334228	0.393572687858973
0.608301900017174	0.961633008484452
0.0728603216989401	0.0683483129699752
0.488126916274856	0.901321421130115
0.344962777977359	0.564179810784635
-0.0901598930042457	0.105522370487762
-0.0722870474269803	0.0809209010394239
0.722805307432254	1.55858592340642
-0.422674377843909	0.609356973288057
0.545412615603048	0.87477152683496
0.144834853448181	0.167967938100617
0.229129094259272	0.241132853697487
0.135877935131715	0.153200657490186
0.404356448784087	0.568167262333165
-0.300831233519667	0.432981032537424
0.403962308743556	0.55423567310863
0.225687150881492	0.279485876647086
-0.206158016341284	0.263352098405498
-0.0226308249609499	0.0205466458845383
-0.0534870542750433	0.0572523664507938
0.0314458905102598	0.0329351597355317
0.464887857679542	0.580884249502298
0.348195147303013	0.41733755820783
0.616010781611861	0.953233554383977
0.47236735982518	0.541888740228849
0.981938605425584	1.67298364291252
-0.174690246864251	0.174533076646066
0.470142800779641	0.555105381473098
0.0597216285002013	0.0541512007865388
0.045274104037916	0.0396153362673942
0.175221743247188	0.177537187842953
0.0852861005850233	0.0826912970886588
0.175083185320554	0.177425136326108
0.403838481201017	0.514060388016541
0.546895990778706	0.399626688998168
1.29019459198889	0.361113808702474
-1.4018007776737	1.0507394544735
2.45179273885027	1.30128540653269
0.162243813691796	0.248180481530086
-0.249643502041763	0.345260062194558
0.24025857145706	0.353935941838909
0.0332407156824958	0.0328858928743156
-0.0441098761221212	0.049378422240973
0.41654975265937	0.732626244877128
-1.17264226824863	3.6867463673308
-0.417500344538885	0.693876030550526
-0.397677671538283	0.679772903812535
-0.308984795744172	0.538768142262386
0.381839122098795	0.654667692232186
-0.158772907271056	0.22475441413949
-0.20019999198629	0.294910173573563
0.267221883199518	0.395080454406544
0.045090213840254	0.0514483898148195
0.199302717839406	0.252101743714383
0.384801062544353	0.673920896443823
-0.283875407385038	0.523093624238469
-0.171538754284205	0.27672928712395
-0.228817617992143	0.383480996583823
0.0285878623658324	0.0356412448621826
-0.0615554996449869	0.0859827203499319
0.717644630403963	1.95945472954505
-0.79700740219653	1.46535529562306
0.488543732155897	0.884384376649009
0.0467660893308404	0.0561624952437388
0.0467000638386915	0.0560795950646495
-0.24969275888826	0.345363206822658
-0.280313596525523	0.373240754649246
-0.377525400965618	0.565072917165308
-0.10057992583578	0.107368639614473
0.206912768684372	0.26883019378705
-0.490294540498242	0.76163715315019
0.176853747776762	0.206195169183452
0.206699936063002	0.268481769550136
0.319044901256368	0.442629989548336
0.033081433636119	0.0366377187061796
-0.330119080092726	0.543828321850871
-0.622617929634608	1.00149638576752
-0.585340078921385	0.770715452293143
-0.19444922307864	0.227439656773342
-0.696065365780934	1.15879253266125
-0.10612046341099	0.129453929505797
-0.311494972615021	0.361351895903675
0.278134669792191	0.374415451195375
0.229153659675194	0.241139660560858
-0.326574161134288	0.434800489877606
-0.314239720055416	0.400678711251224
0.558638574273542	0.623711661084042
-0.175960145942705	0.131918062515117
0.658458199602801	0.737831058575067
0.313422209721872	0.278508852576411
0.213291543357063	0.210463319346692
0.279750661202732	0.296331237293091
-0.631670460664945	0.830125132981521
-0.384557642080625	0.466215826907126
0.285176873579425	0.311499919494419
0.24191475025741	0.270143314318262
-0.0464042216135079	0.0472655830997164
0.143852891249114	0.180440925042333
-0.237048765463276	0.276614591079739
-0.313402338055564	0.434514220992764
-0.461571981249921	0.717429821243233
-0.539822917903951	0.680648202467111
-0.238585794955492	0.317495983595713
-0.237023470825052	0.27660261427415
0.279641986259189	0.296172243830724
-0.29497041263893	0.325517364588875
-0.627265500286952	0.897798022168707
0.261575636967664	0.377436358696756
-0.117465199815586	0.125131041548423
-0.366785415679809	0.466585637227161
0.72433767422245	1.36820988083313
-0.52257158935074	0.841701447520285
0.206113965805249	0.235230572884083
0.0962557028520775	0.0963352926877167
0.624186534543508	0.944785799904601
0.235946687363304	0.255946513635033
-0.021063169235224	0.0203559852119185
-0.175630376301081	0.185904240284818
0.0849578035949277	0.0823715151516077
0.285408053277327	0.31167617884128
0.47784863676675	0.514164778691202
-0.845735827657864	1.350374147057
0.611778057255817	0.774590437996876
0.116319560159118	0.0986901914291856
0.0628666604044188	0.0625428561646145
0.323898865610119	0.311221953017559
0.279687661014933	0.29622974760677
0.682195226252416	1.23307438060247
0.0595334779205987	0.0539669364836155
0.232151565080903	0.197615425433015
1.21220761644946	0.970972622298318
0.250678980573871	0.344541016319506
-0.454888344481265	0.878334877886951
0.235781307874015	0.376710525838837
0.162238072029348	0.248174922681793
0.110548198110514	0.151060548344946
0.386612514879685	0.690676146124073
0.0332396415186516	0.0368286872869027
0.298454504557807	0.355061772014453
0.44943196021025	0.728386235910262
-0.105778596878092	0.128964944683542
0.0551616131939581	0.070923905537784
-0.136220953883157	0.173144209701424
0.420703221490026	0.785080384255772
0.0555003402643995	0.0617374758562152
-0.449817384983446	0.820723648096964
-0.105473919129142	0.138268299106555
-0.0925833344252366	0.121145286238557
-0.524547783419632	0.904133440532675
0.0249794758274365	0.0283867801279488
-0.121844705661953	0.142764142929238
-0.12222459030127	0.14327302287779
-0.0503832413673423	0.0609666485645508
0.316817725636109	0.639706830511295
0.017332814595512	0.0201566422733806
-0.270054486874697	0.373925463543189
-0.71489354189883	1.52364244357551
-0.0577126182507582	0.0646186382316139
-0.0388441242856536	0.0415926978465815
-0.0750357848759677	0.0876821303910075
-0.452361122861626	0.849479556627437
-0.104005867135023	0.116510428497302
-0.182502534286785	0.241963025142519
-0.161627731391423	0.221318386364199
0.451217168623898	0.668577041694521
-0.585572279689	1.0105772710333
-0.323836303674077	0.516949219741941
0.227254916574195	0.3187519595575
-0.0357863795366831	0.0344901661443452
-0.427303958995799	0.541636401907446
0.169328097987999	0.192026596489501
-0.0248891350131351	0.0266428400796629
-0.193799349400071	0.266444706976493
-0.372077410535084	0.429886034936529
0.345675753636931	0.402893203347032
-0.21859823433848	0.24299918440082
0.353689035580286	0.458706627147172
0.0086119769896234	0.00898470035719032
-0.0681670983618502	0.0729059443973191
-0.427621670505712	0.542008536490349
-0.0531640305190995	0.0568991962542133
-0.0251298325472897	0.0269049063592558
0.319053498113144	0.442672343313076
0.538900226001726	0.659431679349122
-0.24257016050431	0.211298083370036
-0.00658177919824907	0.00559966932349043
0.199322236839713	0.221161124304319
0.229137268462453	0.241171286579893
0.594190189739852	0.793365247296665
0.111722116026633	0.105409586752305
-0.48671298209914	0.558414212864371
0.402411034729682	0.43102313257458
0.0988527628797212	0.0900412655189798
0.15501164212338	0.147034883568781
0.206056038732152	0.235147394608937
0.229104520827607	0.24111957835841
0.170308482523018	0.214516077305695
-0.284879325307184	0.331257658471036
0.0378447771375332	0.0463833544081351
-0.395521792781404	0.570257879044172
-0.121560734804077	0.148461798917743
0.0959502114662366	0.104536842758848
-0.149469269568574	0.141189100111429
-0.17574142869237	0.186045675381944
-0.194774124005024	0.227943291108269
-0.585703603019629	0.805286663976249
0.710733775901774	1.58905297680201
0.452408942790148	0.655275827941474
-0.259984138785547	0.373175137387122
-0.284959877126715	0.331383405239364
-0.135775042842913	0.144348225628167
-0.137973355045764	0.168700397165617
-0.112250730393718	0.113289462579228
-0.548498427964722	0.787326523352524
-0.218548289240283	0.242923191511947
0.192340205253365	0.236926355004787
-0.740265830398075	0.968299835530128
0.40232840916315	0.431005596394653
0.684884798519518	1.06717536258936
0.229227318876014	0.241271136286963
0.183681589527222	0.192014496397447
0.123272425302292	0.120228170178073
-0.308159520792433	0.321823185554617
0.611709499205044	0.774439246381708
-0.0762528077505098	0.0683985843395285
0.399615642628973	0.385063168390885
0.258340146722605	0.313604423919166
0.449315085127864	0.712191456488173
0.0192862477724588	0.0195919477113499
1.09213972262559	2.32402403812474
0.228776920525599	0.240664762720168
0.595375023939636	0.981521192210138
2.59830808808347	0.565621890602798
0.399698378494952	0.245331839655781
1.52794721558097	1.06684388833972
0.19058041768273	0.329056737959724
0.331117946069269	0.595317919782825
0.240050329111749	0.353522381392253
0.261387932118497	0.420779411272572
-0.0612672621719048	0.0885833711873471
0.247019060931784	0.475987527441148
-0.0989270339056955	0.138879501303277
0.119232793631502	0.148928585135942
0.243877587152768	0.326440151469346
-0.464480752139919	0.972457050461837
0.193645760697064	0.310395017293446
-0.149400365653547	0.197315773257132
0.494759477451917	0.788823036120816
-0.132705568516544	0.180989081450085
0.491451439504073	0.818027288644095
0.558685215086177	1.14584789225762
0.857130118993588	1.96741929020279
0.568849954252871	1.37170165346732
-0.730479360054082	1.47332339888082
0.860179389656174	2.15015534130652
-0.205617145112886	0.293208179527609
0.065746393549963	0.0831011446927108
-0.00725961607823127	0.00872943177287182
0.193441497618866	0.310056227117493
-0.145541228504259	0.205693259474849
-0.232588629051653	0.34419263804354
0.0114855526848998	0.0142127020421649
-0.376733875315663	0.643388004114492
0.0383650294752026	0.0470485151543674
0.484913160451337	1.03396528984891
-0.402290047329592	0.709442026836927
-0.23683677736733	0.27634654504998
0.403739845920614	0.553833352653046
0.0946802866571766	0.123385779385604
0.422117017603627	0.802887750296571
-0.218715791841409	0.290715567195157
0.0663936510569882	0.0760067466771806
-0.398112444987831	0.68134426597014
0.453196471054732	0.83418167661226
0.670884168912001	1.46875512621953
0.377106990231327	0.619474391494354
0.207755771400278	0.29738400618861
0.261204314408632	0.420453249780795
-0.270140055175203	0.374078825401274
-0.28041079655519	0.373398440155095
-0.0631180047863489	0.0765353983481008
0.273467025916655	0.358960661103891
0.0249603857211155	0.0283659107447299
-0.414912120131756	0.574423446348674
0.368786344186532	0.565941632888109
0.0571532060589243	0.0601284000488586
-0.683057375984061	0.895757981090526
-0.348266438118688	0.320269206180164
-0.967121506232216	1.06781225444113
-0.282223181170317	0.244214739727755
0.481352708575711	0.499970464014719
0.163606102560209	0.108818672900978
0.307769296475893	0.262190575282569
0.481340931915327	0.500441564301998
-0.39601799556521	0.503023281416689
0.4496265052061	0.696976003955503
0.192574072316453	0.237250000865513
0.403720249090374	0.473815420083169
1.02389222780313	2.28767661344985
-0.358270522937153	0.393506086743686
0.919709977984799	1.7989982233178
-0.175282242833005	0.205294268169431
0.261120903125659	0.420203381997289
0.390618969126334	0.72521549488412
0.207588210897924	0.297035050371276
0.541416346483171	0.886967501791534
0.413004381616774	0.69606986324539
-0.189386515256921	0.269546760098684
-0.683226959608802	1.45467071636522
0.449563850086338	0.696926645545858
-0.210868894654834	0.258025499128356
-0.279833332650069	0.372392797474063
0.305111917207864	0.382909361667241
-0.246203946813303	0.314506072309879
0.460091189497226	0.605476805695734
0.15500848484262	0.147034065183315
0.642536373590714	0.928959026765975
-0.469010324772202	0.620731497556776
0.301659150284596	0.368803260361265
0.315409056055546	0.426979978278556
0.213760303672103	0.284998517672973
0.0214132875745974	0.0230364083202933
0.326592151846403	0.475890881244089
0.0852161804341518	0.0901147053181752
0.615829733285424	1.15190889527999
-0.0611824525286948	0.0621846951404846
0.263453564303148	0.328354996743237
0.539034114828292	0.659610795474482
0.0853208797633487	0.0902324332756292
0.13574091389042	0.153026781740319
0.351773956783043	0.444643689324784
0.221704811720421	0.226078751274219
-0.236907422371279	0.276465399037994
3.96462286477017	1.35912085327799
0.478375533884104	1.07930405620628
0.166052053648163	0.27900063896212
-0.0661026221974367	0.0831778318657752
-0.340161780949456	0.630883073769914
-0.0538023157619221	0.0751105838641111
0.481602611152434	1.27601557761731
0.00531931468095546	0.00819341924175763
-0.463726440189664	1.07258434796286
0.30429367992988	0.542796559153782
0.556900901934559	1.16277116809794
0.368149427055766	0.790148233074447
-0.296303232002559	0.546571128138592
-0.301029297723694	0.433229570254536
0.82955321643437	1.64240654220284
0.059778825628557	0.0542034837619139
-0.631916156419895	0.830502237996785
-0.00442613186651558	0.00452124347562917
0.490652498187792	0.834464427487047
0.106745632755841	0.110165603928769
0.0959668804986965	0.104558680336585
-0.211983521381884	0.292316025044386
-0.170909252456181	0.250499141174922
-0.417158442146582	0.693027651208455
-0.0507185619754659	0.0614137285223314
-0.269907759381101	0.454807903987014
0.0552719292996717	0.0614761193372992
-0.26527199736914	0.460373499386307
0.251449393989713	0.387731439492541
0.000193271177898112	0.000223473170281202
0.368147075108487	0.80036982979054
-0.0528397607519299	0.0810663435418029
0.417181341641453	0.733973064986904
0.44908369902669	0.727728905798634
0.403706439266084	0.55382852937651
0.0012119890376502	0.00129963758352784
-0.0234697317199688	0.0293398468835345
-0.0954823496301802	0.129483002047533
0.45234105833239	0.815538202158441
-0.225931698840982	0.344913470129261
-0.26922267822176	0.400235069337295
-0.579728438027977	1.58316714122351
-0.361997915356825	0.731004726625909
-0.215758024118893	0.318476214313296
0.450169502553003	0.761923119318158
-0.296486357041914	0.456899902692452
0.379736212608799	0.637621999733062
-0.11981577646203	0.157576955769847
0.0561179989483485	0.0691207023939686
0.0453311317926734	0.0462670295642348
0.729657116783878	1.54554528201338
0.341279401916971	0.545781973637186
-0.260471625342882	0.303487322262489
-0.0651387637005043	0.0546001586261025
-0.0344297538460939	0.0245700520275098
-0.449551847246755	0.28255524491248
0.0292904176985216	0.0246877606593127
-0.10061457138053	0.053506852680468
0.711928262731637	0.546541091843573
1.37904462089534	1.87494335992604
0.301650759862896	0.245935131982455
0.603599888064774	1.1963277387266
0.189992913969591	0.276922405490279
0.594313107275437	0.793645325715069
0.206736487437865	0.26859639390314
0.368607221375509	0.565318168179278
0.00922422515325895	0.00962946208444339
0.183486191578392	0.261346730667442
0.351202766998797	0.599219846675202
-0.133491148956455	0.175655707122211
-0.0986257960547402	0.138409717423568
-0.0473316203285551	0.0551632056550679
-0.0901997783848832	0.105562070982913
-0.553796290895325	0.986639642332029
-0.187281214069833	0.239020260615052
0.20629899539073	0.235490247512844
0.252957560619719	0.298828683572207
0.0381537467036073	0.0355985599714303
0.289908664589259	0.326114306758259
-0.326515725774496	0.434758804435565
0.00634295380944072	0.00624627097394811
0.14361637426183	0.13150894244693
0.152374019828178	0.163116333195512
0.207524038152831	0.296925931738191
-0.330660029470559	0.493853011266609
0.0663342157211586	0.0759455430075443
0.521720951184629	1.06478886251682
-0.0882788263727014	0.0989628076636282
-0.384066521210941	0.595844903063751
0.0279010919411793	0.0333236581279262
0.0764211632674015	0.094675181316962
0.168815953660653	0.229038378816337
-0.267559954028297	0.295996959976291
0.403214091207382	0.445972605685827
0.104849993135276	0.0741031666810547
0.307482314197295	0.261991389648854
0.0943206394505803	0.12290928940741
0.546278152270431	1.23610310183989
0.285506525005849	0.530333622913104
0.483053630404307	1.61116138812475
-0.297607167589777	0.595970510761295
0.0955847540127386	0.139294430893513
0.0682970385925508	0.0740398960680435
0.243471739326196	0.456313043410314
0.668522223724818	1.85410198651167
0.0630139853784845	0.0626948067752137
0.165770906215486	0.162632020470744
0.032905636535159	0.0325523049618979
0.105954514624345	0.118798937688581
-0.156460208243658	0.174792233174844
-0.156525300278861	0.183375596400301
-0.169644741538887	0.216330877373278
0.312182848271791	0.412243117803207
0.450118354577823	0.682324128860733
-0.0049425283155518	0.00550941989762634
0.452076926329052	0.985355593649172
0.325979093378202	0.564585295790261
0.306818841041938	0.55692006226181
-0.173978294246603	0.247038224453337
0.326090410775549	0.564766793957996
0.166908104401425	0.260173614007711
-0.72272541465404	1.49907709739859
0.524167833224869	1.31566321220775
0.186393918185183	0.316607944307104
-0.417087470024808	0.692792398454286
-0.0518502494487899	0.04984680697103
-0.100201703659044	0.106903297379898
-0.175920059883473	0.196250735361145
-0.0386186754560349	0.0466641503448578
0.0823842702196112	0.109203676788902
0.362388234098574	0.679574438751059
-0.0305826416833243	0.0341988930274318
-0.0386285050184605	0.0413461831375076
0.476327891748725	1.10540851432361
0.0566711601184566	0.0698590148634979
0.106462737880394	0.136008895417361
-0.0725650724715613	0.0813091100043877
0.126608839673297	0.13868751845588
-0.302491599599584	0.402690465997851
-0.30269967690132	0.403060437887004
-0.582030309628282	1.07072963960266
-0.0462270075016874	0.0470814787186131
-0.668694631262448	1.30818582319257
0.106500178390678	0.136071368328548
0.13350812231207	0.134445799630792
0.163436065309358	0.108691569460196
0.399497104185646	0.325254990433101
-0.573056252013549	0.392154337670413
0.0836143359602563	0.0559953690438363
0.286416693814867	0.211645171973911
-0.686670269083675	0.508235697146491
-0.422428119128095	0.236719234912365
0.512657310397779	0.4363802026596
-0.551376357964989	0.824182991503432
0.128615614046072	0.165041477298823
0.361548962130994	0.517047750283103
0.418651378939952	0.751933986934905
0.0901636333624553	0.103632556366274
0.168530184630118	0.228565986010908
0.123248155579011	0.165481849594311
0.394740534980676	0.821154992105481
0.0249508274037395	0.0283528420492396
0.189569989738686	0.298331871715546
-0.106083507498069	0.124283224064096
-0.285331492181568	0.453132079726037
0.0628334159054416	0.0625081325434433
0.84386985127516	1.64145687565983
-0.499053795932466	0.630363889177463
0.069888827927737	0.0591075803198755
-0.621010231254995	1.03580786224951
-0.231850418303563	0.283682598505731
0.594347808124538	0.793505268747566
-0.31409685511652	0.400476306570794
0.31567087964819	0.427482836876018
0.143922555856936	0.180523231169087
0.17843033238197	0.230832296353476
0.368549447611726	0.565417642486867
0.201223618280296	0.281177580179286
-0.350228428385601	0.578325638569377
0.449545058447947	0.696674094366807
-0.0903467762798053	0.105763342904275
0.287393277274072	0.465273856928661
0.153278989682234	0.212061834712254
-0.0510114725991641	0.0489733596037454
-0.752668064984544	0.939104468149232
-0.308328089435097	0.322003520759174
0.658704367552888	0.737930760542805
0.17909322503939	0.270735331094948
0.131481890051706	0.180897139535465
0.270654774354455	0.534773857225744
0.146343040803254	0.307655840722358
0.100048003828428	0.173110456013569
0.420876073462656	0.933608253923509
-0.30062402181239	0.432580344496713
0.266944982855556	0.512845259885012
-0.12585456673661	0.189407427966287
-0.120396763480941	0.13472195969437
-0.41476234098208	0.57408094821573
-0.246152103307225	0.314444301293221
0.279659302240486	0.296208724784815
-0.175342771577238	0.205357120337852
0.14545712196961	0.196397431854969
-0.0472009678497022	0.054993687134286
-0.290235473051907	0.370414762266599
0.2477122330417	0.28470705153461
0.418563139211006	0.751719896247955
0.135389041477458	0.201167098527328
-0.0659950325821918	0.0830438932069982
0.488152372757571	0.937869163787136
-0.187207731342156	0.238818206370704
0.0295625872569223	0.0418614421541001
-0.0793147053513475	0.111067622686496
0.144921283143371	0.168026267555358
0.172949092650418	0.299764931086472
-0.0808792135546676	0.124899292448028
0.115219698070082	0.150991778838749
-0.904989025678754	1.60314872374901
0.085175950838371	0.0900691860168486
-0.763721583282927	1.13260716010756
0.211706125730862	0.335647323555799
-0.151327549425067	0.243384058994971
-0.132461717135284	0.186703234845583
-0.048635628105679	0.0632172818810775
0.00649864303481637	0.00735584869474567
-0.0452255377667227	0.0629894244197194
-0.463754582275396	1.07249773928834
-0.356172423212315	0.606719327368882
-0.0610661624913848	0.0712818728621418
0.020475693116342	0.0196260533264063
-0.441705228314578	0.734399546239434
-0.353484671433215	0.528728130904293
-0.090592309165213	0.106061138264321
0.155225861742338	0.14725441422508
0.453538910156922	0.850830140745179
-0.269411864281741	0.400515307699811
0.523295041061956	0.693817263892211
-0.139699680488765	0.105891230700775
-0.22431100092233	0.149244423954331
-0.579162162837228	0.267406238343768
0.286419390851797	0.211652533237129
0.234096804356181	0.135446566500452
0.234134912161859	0.135481632721817
-0.825232150203982	0.599654790054676
0.399731128811038	0.340773898560234
0.404125190820799	0.567832570589588
0.333086546875779	0.343475782606636
0.152354770847199	0.163092905295322
0.420003322475813	0.943652682286167
0.135725230222888	0.201760219785771
-0.0313520430057368	0.0421902177873031
0.333198213633106	0.60976539154421
-0.0387894296384093	0.0522243891162143
-0.229364651520713	0.384644543539791
0.287430767086856	0.542242149788237
-0.637122792365561	1.24642611427782
-0.0175822974716338	0.019631119619569
0.297431018678693	0.441747626626531
0.408241362882001	0.643857885089529
-0.0245190623350473	0.0207629774748068
0.611583241467571	0.774028260527599
0.404083216375184	0.501148900201876
0.298145340355583	0.354671566700197
-0.284818371672359	0.331189620873207
0.29404807639071	0.340322520898065
0.359250784392806	0.501523721026725
0.345178427404015	0.564655175627968
-0.0919246896619273	0.116188683438521
0.207856258122161	0.297541222026706
0.359424424770132	0.650940513179576
-0.0380029515404763	0.0511133698705948
-0.238857924999101	0.412799862078286
-0.287600019549389	0.515034474517947
0.110163600479498	0.150480034289843
0.332953263804569	0.609019546705457
0.124312545122443	0.214049834863442
0.261471908008402	0.480790924234502
0.191913754949027	0.206805476232428
0.313443803340085	0.278563218740051
0.0701408661947332	0.0593443352584983
0.304537227773098	0.543293355013088
-0.0140267113283692	0.0181490689882139
0.18460700024733	0.367151810349825
0.23481280876703	0.5835621404674
0.273675252468151	0.561483483819208
0.162563752886234	0.248764397679997
0.0669038463965206	0.0807396110997549
-0.438400665424711	0.96264501410562
0.469011590233104	1.14196982885245
0.608166100779792	0.9611295821009
0.221750499391087	0.226124715828079
0.191454836712598	0.206198036189317
0.594267413061651	0.793555521098114
-0.461643994557842	0.584210560426333
0.361340242122439	0.516520040158089
0.220750855450801	0.301953434069433
-0.17574142869237	0.186045675381944
0.0897947885719619	0.103184033133163
0.292407344909428	0.423746301768986
-0.0732889472616885	0.0989311402245948
0.00656637409596296	0.00743314068908909
0.056683717506685	0.0698772026801104
0.348600047463715	0.582779801879486
-0.0164869376564475	0.0221446168597392
-0.119319533396007	0.162351065224953
0.197703266745624	0.322755824471922
-0.241691987824704	0.405772575474529
-0.0402733417974861	0.0598877100843298
-0.017497589985062	0.017862299846327
0.342903637860732	0.388093945901788
0.0628707529741649	0.0625469775772111
0.346085335808256	0.403502506982031
0.167242795368766	0.242284083178771
-0.120753223983133	0.170005696470726
-0.0380153975229566	0.0511342845154343
0.171245081081216	0.271822781492259
-0.0393597907931186	0.0510934966328496
0.0278983511234599	0.0333228190840219
0.0746030689281204	0.0966407186293493
-0.446012616347343	0.931842347924253
0.282859507501667	0.44820482600223
0.326679095155641	0.475962389461494
-0.417657295962544	0.694166380726938
-0.189192943765267	0.269242798181649
-0.550421073851973	1.07195964699814
0.278220601514557	0.374602414963344
0.0465838453600456	0.05593442926732
-0.12183941965891	0.148860887324785
0.00884868418145545	0.00923413101411253
0.286438632184769	0.211674618036817
-0.217452189601796	0.161116070471731
1.24617031205853	1.14619044136978
1.01134455567586	1.37604473683741
0.142052828198632	0.0888586735653421
-0.568541766074588	0.350174119857092
-0.422471245308401	0.236659707893623
0.0827436852381462	0.0644574831998644
-0.253040760419532	0.309202409322853
0.220078087934743	0.329879250012654
0.27280792770293	0.413065692772082
-0.0552775527389619	0.074547898274607
0.724003017209418	1.95360283931265
0.248236538625228	0.420268995287772
0.173387034360624	0.256737032343642
0.019664764394533	0.023941051690261
-0.36246827740245	0.69279059504562
0.661982539405472	1.49995976720948
-0.0955858876293187	0.129630846851126
0.250609380205735	0.34443761241005
0.403710284992625	0.553846748213488
-0.126429571409107	0.119879853188379
-0.305880813625112	0.28298307275623
-0.486339312756769	0.728162909091032
0.885351250241179	1.79349458508948
-0.436351994103213	0.578465995518586
0.0569455680201975	0.0599100331710138
0.0316705424825409	0.0331754629736372
-0.0838851340546681	0.0896463933620392
0.23403774477397	0.336463737838073
-0.524126737888502	1.07417891617733
-0.132478278299551	0.180603164261597
-0.269086541041651	0.400070626991847
0.0226299210883551	0.0301326604744669
0.183668308862348	0.261627718360392
0.0668509072719586	0.0806657496874883
0.00235394461321364	0.00284475725935953
-0.0703418847481182	0.0983972301835105
0.0839184388486798	0.117653208145087
0.0343926776004898	0.0267882380756366
0.306683731100954	0.556522754681623
0.0329331838788408	0.0364724941291719
0.146389056081947	0.24313848606089
-0.00831656558783723	0.0126181570266014
0.7232501160692	1.56047525245286
-0.0388866971129875	0.0416405863628846
0.282818959712004	0.448091518104974
0.0972029246077555	0.120973574869397
-0.365854686434813	0.586003326039068
0.354175414663947	0.616876758811148
0.60364308514627	1.46660286288407
0.415609636673088	0.715968027856867
0.301884026213011	0.4589859038361
-0.524853750356357	0.991993368424981
-0.277158444066267	0.426018811410904
-0.0380934965795396	0.0512463965117233
0.248236957562655	0.420275712558788
0.317923641469698	0.650774586589376
-0.0469248986533495	0.0632373936878652
0.448956288260962	1.00486605486093
-0.119008925228525	0.161819921921134
-0.356141531252508	0.661534654944256
-0.401654634928779	0.792388029521128
-0.577728095355065	1.12719366642292
0.409906987345434	0.660942375259001
-0.061022975441849	0.0712346834512454
0.0564155773441124	0.0695068263539702
-0.407650367250496	0.826766261172815
0.123569374604984	0.165973921014821
0.200497399787325	0.279912763157998
1.07408195844944	2.97447481554431
0.272778290024894	0.46557538578022
0.183358077827749	0.261130415397691
-0.038899337583889	0.0470176675962047
0.310741659070582	0.494358166463835
-0.30269967690132	0.403060437887004
-0.050499374050305	0.0611206603197067
0.214013328302282	0.313433254378016
-0.524865895646548	0.905192432675421
-0.240940162699582	0.345144763310252
0.522795439182641	1.04776280887685
0.0571794077015597	0.060168820372156
-0.120760448188652	0.135236489478723
0.0744066073630149	0.0763448002036574
-0.226594092433537	0.225216233797617
-0.376276327018466	0.319940695177063
1.03415457877783	1.84382167654368
-0.434664238854847	0.474604274343171
0.504695746106167	0.44928259301085
-0.868498614088683	0.967941066059818
0.116136717505966	0.0984936478333092
0.227570028998734	0.319298054758972
0.787867909484907	1.03587856123788
0.403954836095615	0.474248538070038
0.595257626059009	1.24836980111175
-0.0928269573695705	0.121499488355
0.0764915125335137	0.0947699237623273
0.055798562910168	0.0654755269003045
-0.308863098597595	0.460562925323429
-0.182487543822353	0.241934519903332
-0.134146229634642	0.176804691622282
0.420819254203881	0.785501887432608
0.0133571055587898	0.0147505134860296
-0.497886482057646	0.885142139576899
-0.137915102549467	0.168640215497179
0.178470266567992	0.230902186597583
0.660698309591963	1.26571543418461
-0.351126960856325	0.466797169165301
0.106342081595407	0.135838523227527
-0.46160543816353	0.717403120871426
0.161016303389902	0.177468078011221
0.537982870130206	0.899947298937364
0.969538416198364	2.27586215166279
-0.313257199631926	0.434180967983772
-0.0227671448834686	0.0206729498776157
0.106745632755841	0.110165603928769
0.199475873485435	0.252388502230673
-0.434188057647138	0.674223105293353
-0.645733509741743	1.18946329164853
0.0958458329836762	0.104413813356423
0.019407628953352	0.0197153333257886
0.31924390306777	0.443106032656195
0.374164200949658	0.600855214047098
0.183689650916972	0.192026823015503
0.457815146767826	0.617438106217943
-0.461799448850373	0.584435078262715
0.401374170377503	0.415728516627119
0.261228130996952	0.420470166973292
0.317119477016117	0.648644109110163
0.174903225290808	0.17720615253472
-0.0463075485796372	0.0471691699954238
0.374065664389122	0.600772106645342
0.196165489870814	0.292347267417695
-0.240499489220916	0.344409981595246
-0.575393038958552	1.1538136589676
0.106308465670761	0.119208325291854
-0.402173824769071	0.709430912812671
-0.251181903399567	0.396941723176026
0.0471727343351822	0.0648133321510022
0.189149666515734	0.297559761611247
0.354536086622195	0.61759294735726
0.125408147597358	0.191584740182403
0.366932030604511	0.734450744826147
0.318953138912822	0.530264382347445
0.0357807306610076	0.0495409413503465
-0.472306145742925	1.14564327470627
0.110128252276902	0.150415838789662
-0.212670688702796	0.293250771445963
-0.0305266668304903	0.0341294780280802
0.528629135219771	0.961052730421004
-0.0273441138060176	0.0329761379742017
-0.302634300975483	0.543196192080786
0.265207795725998	0.435392513523529
0.120622296705262	0.180968350577669
-0.149242861280301	0.197078221830149
0.0920959177233607	0.140023242276367
-0.204975302636878	0.342430119693793
0.318836969569967	0.529936853433548
0.348368357006865	0.582308637134823
0.246091471816943	0.371031207266211
0.119012401012767	0.148595450860982
-0.293469667798918	0.481052692652598
-0.238578709218509	0.317522247086333
0.361759816105975	0.517358422454362
0.750584708454726	1.92047199676242
0.115247395717379	0.150994041757528
-0.117362173553535	0.125010441705108
0.122840214969645	0.119773186508141
-1.06307986581841	1.49410651093932
1.37269622096408	1.53236133849357
0.279824692363367	0.296355131515965
-0.529583080310145	0.574489087048986
0.838475900564815	0.876659666948719
0.567266989618323	0.612619143600504
0.294645163033528	0.229086086473286
0.201016763927386	0.280760519145162
0.527230882863174	0.97815819595915
0.323987955882478	0.311292972582723
0.305003886622704	0.382710612187673
0.0251686020049634	0.0286085706621069
0.214151310602967	0.31379599496156
0.0662392087923213	0.0798849526859964
-0.231284639302614	0.375935983205518
-0.138013298148388	0.168771939495471
-0.636700151928952	1.24499224850509
0.248236957562655	0.420275712558788
-0.0658353748773977	0.0828107091900683
0.52717960021721	0.977966648139239
0.292700984083647	0.424383699145779
-0.240386218990781	0.343874764167812
-0.0568272689701291	0.0511810879168769
0.00118279805109778	0.00126708011320667
-0.27607640071589	0.337038037100742
0.452738863138385	0.655810696585627
0.0629101218135214	0.062582349743156
0.250185139621368	0.343636338726056
-0.309322244711212	0.461579804159502
-0.105834708213857	0.123986108317718
0.700890223139256	1.21874605884801
0.616054977807471	0.953277796479541
0.0873745685930714	0.105833863060877
0.449701585967325	0.697143754841804
0.569409440766383	1.06064471345322
-0.0347130735730228	0.0403906235759842
0.170176375986141	0.214329491334018
0.315989207116342	0.4277724685163
0.348072843131166	0.417230097156811
0.232217884575208	0.19766706274943
0.27898417430353	0.493642761553851
0.27789913913788	0.430476706626897
0.0136861571570227	0.0151116087659393
-0.269139600789231	0.400143147028246
0.00680985462860423	0.00771014772807725
-0.0142482050176068	0.0177855104347038
0.325839671688	0.564235965533614
0.388324004630603	0.707015661548376
-0.221134821830927	0.348077984131093
0.0658739938194862	0.083281037191596
0.244343940516288	0.405994597099584
-0.134119121603736	0.17676037752751
0.0652929050853691	0.0906294784037964
-0.344193165430116	0.550476675176109
0.263066381340994	0.490811466129438
0.304709913652269	0.543552403628939
-0.391172271739283	0.791934256980493
0.193931534349333	0.310984101723335
-0.279848258709631	0.402243234558131
-0.30257844474961	0.402900515584229
-0.034295126521425	0.0398833737358716
0.371397144285135	0.583151602612609
0.0115210249731005	0.0142560622650818
0.517990560802324	1.11231411497269
0.0744838658396272	0.0764209429974147
-0.0343168082616957	0.0399177594817261
-0.268999460689932	0.399875756374915
0.128796892816109	0.165301117559362
0.295636247870294	0.498919451592261
-0.20019709657885	0.265727137258499
0.0215821995140642	0.0232200064461059
0.153677375780257	0.183279917526168
-0.0478119598542794	0.0557450115075718
0.0727628437777924	0.0682536440350459
0.0635115863446252	0.0472556483106754
0.259931117160152	0.248870586624013
0.100402960718665	0.0817303274157741
-0.20253899457666	0.189902287366432
0.183673472946272	0.191979960153495
0.116915853403517	0.124344439411419
0.0848410232355344	0.0822456547865378
0.301783461500983	0.368823391624274
0.323876343130265	0.311177595444108
0.117091792657499	0.124553712380899
0.407118164980902	0.627749591877999
0.0792236866407841	0.0884337520994749
0.00159911968506656	0.001714923656495
0.0210679428876395	0.0226538956951187
-0.173645740041786	0.246492650162557
0.000292894137578996	0.000339539770986224
0.169302546877723	0.19199501761102
-0.25939139337802	0.397976162895862
0.38217360694157	0.655538662269987
0.7848373853538	1.85725529263619
-0.0902576733756358	0.105627678792321
0.453298281304578	0.834385282902992
-0.486666825323607	0.72850379567051
-0.0251094255756864	0.0268835930707344
0.449261904814602	0.711975145845641
-0.0104396713515441	0.0120910542938589
-0.0838746317991626	0.0896344668981223
-0.836347780764047	2.0292613631224
0.0331005703402995	0.0366624079600384
0.170364330417817	0.214619272214565
-0.314108529925027	0.400325338206861
-0.200075387623923	0.265541421907308
0.26321277353857	0.327864135606891
0.0379871382521367	0.0354408917277152
0.0850336908565573	0.0898955763142121
0.0570233750451191	0.0599949286861507
0.554340140592405	0.851595207658023
-0.309322244711212	0.461579804159502
0.0193633590575099	0.0196720158229136
-0.175154974231698	0.205095806406064
0.353559099063702	0.458442317275035
0.884263381729903	1.49722178476711
0.126461317628203	0.138500675106955
0.330112262251143	0.492511496451074
0.450066597282761	0.682175025721326
0.775920705568718	1.50100349049518
0.48302116904671	1.06204701063808
-0.413339560261554	0.861608333269442
0.522781612975349	1.04777009016398
-0.413287976415212	0.66427755647717
0.0707275934229841	0.100026729332073
0.0746758567969744	0.0967282287029975
0.134320824595464	0.212435703135784
0.393845183403957	0.770450920536423
0.366652408630027	0.723023276579816
0.18447905558085	0.284595031329938
0.184789119667314	0.221551717988143
0.0995793047631132	0.117619639409419
0.719838660353987	1.78030811555179
0.342249322497262	0.707718637335115
0.089734813687509	0.121616273799901
-0.124490077271084	0.199465874647069
0.184368158286643	0.284460388018264
0.319185471963903	0.530787077311216
0.0333552490277447	0.036960887974718
-0.171402287709723	0.251358079561723
0.167237347417926	0.242327184731561
0.00127714991454501	0.00137091258896402
0.0959857373719575	0.10456717747674
0.137326373180871	0.180838850924408
0.0466498905223146	0.0560141579536019
0.00628025477447616	0.00618247769791802
0.0596644321951621	0.0540978712315927
0.283119170848097	0.448703202726668
-0.199844163021992	0.265089780141246
-0.323374399860456	0.515860164060877
-0.258944093551804	0.344802972721257
0.361444602792772	0.516806789347138
0.125636794040976	0.149188115467484
0.30691562645465	0.477835157823129
-0.495091906337253	0.825096270351002
-0.740292897876293	0.968459600960272
0.116092491837117	0.0984440463040431
0.221305028322749	0.225582254680325
-0.302560804873531	0.40276865217801
-0.0226308249609499	0.0205466458845383
0.340418967405775	0.374265768293
-0.585048102979938	0.73623653475469
-0.377797099259553	0.502047626161595
0.449831474472177	0.745278979960539
0.0205131000629735	0.0196608270895157
0.0315067310104122	0.0330012927043201
0.68542336630524	1.83709283042789
0.315337600581333	0.513347256997722
-0.00401019634114095	0.00409424480666104
0.283002855352121	0.448492948264226
-0.170652411789445	0.266855550230774
-0.0044784287623711	0.00457713440751867
-0.175997035241946	0.196350439280797
-0.31189377056917	0.361915253529265
-0.221912224107522	0.233600878023645
-0.0175066965123962	0.0178719219701978
0.225920824934269	0.27989414400173
-0.288468702434308	0.429644722854304
0.031637771235884	0.0331393971046016
0.499928788395638	0.76268853973269
-1.25254080041869	3.02172302603341
-0.184829453492181	0.271513168487958
0.216550541495853	0.389614549754584
-0.36642056602754	0.587282404156347
0.241964553027433	0.270283950981321
-0.00383830714579491	0.00392025930339907
-0.0613877324756933	0.0623650660527519
-0.551594357515492	0.824193664511026
0.584664525445227	1.00444565845727
-0.0569416364028385	0.0512906629076017
0.402996618106564	0.445731256399862
0.098975530665914	0.090178961178882
-0.202673563184374	0.190096114352905
-0.00739624162092366	0.00674122284249444
0.176886413236263	0.206259174109594
0.469590319254787	0.554901760627816
0.879034268507123	1.19277287665804
0.0597542270940607	0.0541792597454769
0.0854316108965841	0.0750912213304872
0.632249157369475	0.754865877976012
0.165556831420311	0.162425025243433
0.538089283097527	0.900565493452979
0.134790928747337	0.164537733315425
0.272500720887657	0.464944628589929
0.227948413524746	0.31959606341108
0.17645690013565	0.245425693586746
-0.0309170603375338	0.0345730958325916
-0.501338035239613	0.998696926093336
0.17290201259024	0.255783172318512
0.0778375587396815	0.106961827562243
0.0175391715267872	0.020403952008619
0.206878348569886	0.321467646878634
-0.37005107377373	0.533587091727705
0.0971933568176244	0.120960319594588
-0.41750784211985	0.693853902044046
0.145327240416413	0.196193742232338
-0.109050677565025	0.15321531109487
0.452898171111281	0.816829825634368
0.214475967432642	0.314354064258659
-0.0919114664659204	0.11617242852138
-0.0842631492487329	0.114043120022895
0.366179704101284	0.548943763150694
-0.109434031932014	0.153818992553702
-0.219041178415967	0.291204305096379
0.311216457636107	0.495641988517966
-0.105810147854884	0.123919114966143
0.145103903913384	0.168318325389492
0.106563039684521	0.109940500124597
-0.194026714343487	0.266810513192026
0.278151356389108	0.431101326412585
-0.169536820616485	0.21617646202049
0.312013149779249	0.412011313615009
-0.358375940685143	0.393659572065618
0.140450807254559	0.109426828636352
-0.11506824477714	0.0953973231161668
0.652535553142602	0.921596746026256
-0.0653458479121594	0.0547966580733254
0.11627535120551	0.0986468835494721
0.343331885938398	0.388934606864781
0.2477122330417	0.28470705153461
0.199715981638115	0.25271350509629
0.584660332318762	1.00416465497809
0.0345281267619808	0.026896908865721
0.00684749438343931	0.00635246030666798
-0.00424237912656248	0.00433240690297302
-0.456776118178536	0.684132437810805
0.0745166199936511	0.0764623852103858
0.330633999688893	0.493460004874916
0.457990012909877	0.617880462225988
-0.764031479463828	1.36013759698516
0.404057321556365	0.474298184214531
-0.36664976915759	0.46629776187745
-0.229790446694531	0.317022520755056
0.106551489023714	0.136145648568729
-0.173722061066952	0.246624520535985
0.357276639149064	0.634844607002661
0.600331602103369	1.47844386632129
0.256296048214178	0.361114504069617
-0.323134078127824	0.465524376652989
0.267677596675258	0.395996296446178
0.130149640961815	0.189669383574812
-0.0661544928256849	0.0832526268583673
0.226182057183696	0.346801181086552
-0.579850720613617	1.09912456357077
0.409990315725608	0.661419230108196
0.0217187010898658	0.0233644242216068
-0.152786695674854	0.153242885927366
0.359424424770132	0.650940513179576
-0.105614905843367	0.133714777381191
-0.0533699908812477	0.0571380626703374
0.135862304126239	0.153104723999614
0.0010612179583614	0.00113734878753791
0.244179852097028	0.327045888338646
-0.194816929283782	0.227994494911773
0.115386350155481	0.133056418318445
-0.250293069693281	0.371264418674665
-0.716563623571198	1.31930308882913
-0.553839256707034	0.89120702953836
0.0963915502758064	0.0964810898588625
-0.139053419133294	0.163010657328556
0.373917850887658	0.600478011081123
0.182156286592536	0.161191707114877
0.152194267646897	0.162887227432057
0.408202857656136	0.643644871868562
0.0897597992437452	0.103149889776574
0.292888579284279	0.424788072237572
0.267920522505328	0.39638679637015
0.128364265090538	0.164644827938476
0.224658912708591	0.376882387824718
0.179065909152478	0.270734151505583
0.183290825733597	0.260943796770121
0.393707850899312	0.770138660515495
0.63606080587899	1.57730568700141
-0.0786689174309539	0.0992248242096322
-0.246091410606846	0.31437557546842
0.489087583549266	0.867508356595949
-0.354014898795782	0.529417368408423
0.000624503996361814	0.000670167852276879
0.26733581587237	0.395329650869654
0.0339722701813785	0.0448484756383042
-0.122279192039461	0.143343866912447
-0.0911341600451208	0.110993252950875
-0.7402743607721	1.78815041274932
0.423260927482926	0.833377920194029
-0.215922991265149	0.318765808668892
0.261308027294761	0.420686653800341
-0.0173407909026849	0.0193585078185377
0.109886719998938	0.133583536492936
0.0553990606877451	0.0712437370138499
0.278089077617848	0.374146795969107
0.184795294058887	0.221548546727171
0.384718080832307	0.673649500963431
-1.02734860790768	2.24660136548109
0.647038848819391	1.09589994973786
-0.68283970642451	0.894808737770354
1.21399917640244	2.41143304652932
0.264658266871447	0.174547011346903
0.232367005804695	0.197795746955841
-0.471735640386382	0.485637097514509
1.36222842060246	1.19685183075257
0.169546173851529	0.144121034705081
-0.39460282515204	0.432323312959583
0.368591996257444	0.565490272739826
-0.218462385726856	0.242814886395993
0.235816098054276	0.255824636256139
0.133670781624656	0.134625602999934
0.28259026370911	0.389897904763485
-0.0315018647074984	0.0321243466089403
-0.436502268512683	0.578444969933364
0.76499524568362	1.50706268573643
-0.173254864713508	0.21218288243092
-0.215343876923161	0.251649308056088
0.123060509591455	0.120017217627927
-0.307941805383494	0.321469052118159
-0.461904717241713	0.584449807609642
0.450108390667529	0.762015874269296
0.315276178560235	0.426621092605155
0.423840795199341	0.889975412669178
-0.135797329246842	0.172543640257485
-0.0885848023570353	0.124158921873182
-0.330170651184023	0.543897494180725
-0.0441503003694263	0.04942698979314
0.644415351430259	1.55328803027108
-0.00691606495842792	0.00831308679190314
-0.181536080778107	0.284044424327642
0.337302558467714	0.638746276145909
0.297068398764542	0.441008207492697
0.00873740268248144	0.00911561607553235
-0.554342412979007	0.924388268568561
0.285085514166529	0.311379798568802
-0.269940188325293	0.373742962441923
0.21281527501727	0.249640987055523
-0.322563576982457	0.464597250721461
0.137396161579229	0.180925240924769
-0.0680722790374396	0.0727976116551798
0.361688813734851	0.517336060799469
0.491232684790715	0.817140025708194
0.0250814956539427	0.0285085454958272
-0.169575929531686	0.21622921807149
0.363816251401834	0.532747830069999
-0.496773177359241	0.855811152966668
0.235726369274887	0.255688693578086
-0.194699020961047	0.227831363829174
0.225695216956856	0.279513771925738
-0.231777201480921	0.283598054901581
0.0450208622587435	0.0459328466871718
0.106633791225783	0.11002131402567
0.494839958631857	0.788976807441637
0.0570147751387229	0.0599875737222407
0.313165094481386	0.605530864943295
-0.347428019243171	0.663360324060855
-0.193643102833155	0.313309114975872
-0.226107870892143	0.436160575117906
-0.285062658997734	0.481235544608561
0.250372652274581	0.343999698580556
-0.875711961690432	1.81522441932899
-0.0578998636701089	0.0648473327624914
0.0706859595794116	0.0950481634719629
-0.185002503143493	0.27174517591475
-0.107361886168178	0.161252375606218
0.000280956075161889	0.000325423996128981
0.131434196397714	0.180800562580852
-0.157531038935917	0.237925830709523
-0.0955898418590811	0.129637685780379
0.278955465019504	0.493482932013734
-0.161979213956274	0.221960839911774
0.0329781398907297	0.0326274906947855
0.145442730969399	0.209180737363804
0.038278217056813	0.0469370868000794
0.558625554481328	1.14563542039798
0.0451611610743205	0.0515304755401166
0.0256583677468426	0.0291741315678788
0.333192497213111	0.60962992856657
-0.361482929860454	0.501188352089074
-0.949033144794221	1.39757367610574
0.523138217171288	0.69342010920136
0.60223488348175	0.582834974087951
0.337072231929033	0.359206819826644
-0.176601606614066	0.144459897099089
0.588955777099006	0.591867508157518
0.740643301565032	0.716404692220104
-0.533244737391929	0.610133803909752
0.0548355382940853	0.0609484846980716
0.248301197903737	0.420446136233124
0.0241262277604765	0.0217585942232041
-0.175680283008227	0.154810893175905
-0.377258020349142	0.564614515261418
0.116041573639126	0.133918774934096
0.261196662612441	0.376552027039327
0.829510739350486	1.6416584853084
0.0899417598328323	0.12194932131943
-0.366639001851226	0.466217697764203
-0.0358216660138889	0.0345279694559717
-0.0861013973374245	0.082221753454963
-0.0567128984199193	0.0510676640601214
-0.422548813696767	0.608966680083713
0.666637702316749	1.48541647041414
0.150213384921713	0.236021574276088
-0.289668772476062	0.564548483692242
-0.204922206849207	0.342382109558348
-0.310191754167544	0.573255697832199
0.115322704861074	0.1511295771884
-0.000345033011816095	0.000478627276941506
-0.612759155516755	1.57365079488743
-0.423801601458931	0.860469351182021
-0.0618398503402394	0.0864129283536028
-0.318212141318382	0.539452665786634
-0.415019832465101	0.574606110906122
-0.326425094731089	0.434499142870751
-0.0071480150772757	0.00692554788781882
0.616085350580282	1.15248143296588
-0.12190256009871	0.142851310465021
0.0469562828147209	0.0589863399821165
0.138709766293331	0.195266756829246
0.220503562621977	0.330686101508651
-0.442076187980366	0.899590116189065
-0.0770626662293842	0.0936962554348067
-0.111738512673897	0.173294650082826
0.00671783050021885	0.00760470488947147
0.102869437453519	0.137376396002828
0.379431909194551	0.636970630115594
0.292391068805501	0.423790850635361
0.055133262126248	0.061312560393121
0.0947141343110731	0.123472933251338
-0.250062138800069	0.370838801439604
0.552987164373775	1.19477049114712
0.0745118786473306	0.0764564084828373
0.2317596953848	0.36316199066158
0.261272297160844	0.420579999436325
-0.0911952649927619	0.111065569311953
0.115817535415278	0.133626616980294
0.192496993574815	0.237158895545125
0.499703105639382	1.39168402487618
-0.406767461625556	0.935174566130266
-0.269946082657699	0.454907302990061
0.0372037211528413	0.0474845220487553
-0.0539504773040895	0.0804728709668439
0.354097937640968	0.616573935984923
-0.573777393363369	1.18170459002227
-0.680280710089454	1.25290120868785
-0.594864260510229	1.29076995393988
0.309041061137531	0.570578994384175
-0.0168245865056205	0.0202585923646598
-0.0695921363314143	0.0907796394722936
0.331149526803165	0.595385367807811
-0.548656264099414	1.12781458505362
0.0446827179681861	0.0582927448504341
0.0827347253930207	0.109696927512123
0.291928602460091	0.482689514390175
-0.442401951383407	0.736205932191851
-0.436825778878992	0.578965450225278
0.226114156803612	0.28010122232972
-0.0682113672605758	0.0729603946690995
-0.316607363322342	0.488828880649952
0.206311277635037	0.26772443245964
-0.0905336556820326	0.105985353007599
0.220503562621977	0.330686101508651
-0.351281819320573	0.467288127952674
0.893993049977386	1.34953533111113
0.533284693425371	0.670872277024431
0.485710913369768	0.487197770356508
-0.256562580929432	0.254186529246946
-0.348138699404693	0.320102371540623
0.0294699139591943	0.0248458352270241
-0.253279772720086	0.203593425277565
-0.024536301818889	0.0207784479264173
-0.206164039112824	0.263326190577825
-0.486116593130998	0.727500504111474
0.65502489337347	1.08660948432492
-0.105493565724164	0.100369933310868
-0.517746884731389	0.774431176717188
-0.509482152472504	0.702950561040884
-0.353456143807649	0.52866533557076
-0.138927003707539	0.162804693278762
-0.0386132165929608	0.0413309072963377
-0.156385176926468	0.174675398510686
0.00643067654858959	0.00633274114728337
-0.889159135535767	1.63025863070387
-0.880571531804184	1.30043733874397
0.0283464846786121	0.0338740435129793
0.287328821451507	0.46514707499763
0.331254483396856	0.595580002248068
-0.033413418459362	0.0418424445049536
-0.447825220869486	0.793544008646094
-0.525165583360759	0.964040727171711
-0.013887830659844	0.0173244848405984
0.335442606582466	0.624575485993832
0.183201001897486	0.260846759355108
-0.37631886262999	0.642420907408069
0.0472017644459682	0.0593050972576931
0.033306550443912	0.0369026598855459
0.454051390657968	0.642421712871575
-0.120769176310395	0.153257109951676
-0.339635249958618	0.432613600473279
-0.0506541040457513	0.0613289904672083
-0.498537502098606	0.913415959808273
-0.00713559034114489	0.00923466663612153
0.304500239588264	0.543268947165295
0.757757155759276	2.08351220394565
0.103964908658164	0.147195002214437
-0.422758324880137	0.609544766594951
0.00687791509457187	0.00638039748512871
-0.044306538847109	0.0496052645937011
-0.0580197223280295	0.0649860712345314
-0.288678695842005	0.429982163853256
0.178617567215421	0.231066904235422
0.305074629406567	0.382841683950611
-0.20032546481913	0.266005503800506
-0.187211878496634	0.238909456343779
-0.581765235657404	1.06977365706148
0.0794291992059872	0.0886850520164983
-0.117355166664958	0.124987074341547
0.716567301591809	1.5736770091085
-0.279837104421391	0.402247287035713
0.268516351848724	0.343483921321481
0.452026539239673	0.985379791329349
-0.026537794842497	0.0381489107483528
-0.613513043553472	1.47116232477444
-0.251830634142716	0.43624848929099
0.143352559399023	0.179714496190711
0.0643747446118647	0.0892476497515372
0.109862403040168	0.1335387946318
-0.207261627895954	0.325596405300415
0.184334233861646	0.28440829142038
-0.19402250579923	0.266871702620247
0.345143980793141	0.564588094477242
0.49122665004515	0.817397051427389
-0.370209035496695	0.53370807482379
0.450449216890494	0.68277781870278
-0.225483626991036	0.28802494373537
0.451942111552248	0.814773845472417
0.232404192354904	0.295656698915143
0.019157305200917	0.0194534422401097
-0.414687442472418	0.573846171272221
-0.586594141819965	0.978468050012171
0.0728117634414514	0.0682950004349335
-0.173251012906668	0.21218562341376
-0.316762173055489	0.489129110370518
0.322907394490643	0.459259284259045
-0.145369752957746	0.205405731662225
-0.423036376833375	0.609808901374214
-0.58527721729545	0.770560727221981
-0.436462830849353	0.578668347376085
0.632250410303507	0.755071497473236
-0.58508041722936	0.770160082806847
-0.175568237900725	0.154717510787486
0.191802435342478	0.206665079920703
-0.0438734571668614	0.0369759607060219
-0.267788876843795	0.342035874235286
-0.083962348511736	0.089740894052046
0.100271637532926	0.118579374145503
-0.175223865857323	0.205216255429207
0.876058631256151	1.64281816402919
-0.0653043353740683	0.054762725886024
-0.450941999236292	0.64952882533917
0.228866932318896	0.24080092186023
0.348138045958804	0.417283302377435
-0.434954304411618	0.475200621372345
0.00953559089464368	0.00830401778456997
-0.308113859730978	0.321757100451012
-0.0765610617143902	0.0686719661948103
-0.175953117704555	0.196283474153235
-0.0071855820675668	0.00696174759117236
0.130389515202222	0.190071544561079
0.176996039102886	0.206422304435293
-0.0918070697135344	0.116026382914352
-0.259172053865172	0.397505626696927
0.298131755448398	0.354834822677516
0.0745891816741081	0.0765371492363247
0.220651448085086	0.301785210937526
-0.49690063182637	0.856194840308426
0.15285360206158	0.211380370185532
0.231753066627168	0.363154907471787
0.394243315963878	0.819237838805667
-0.16495082373953	0.218058857009727
0.131167073590171	0.18036698227956
-0.854533829397504	1.51699440459127
-0.434247173517282	0.67455334105296
-0.13413546413139	0.176772799413818
0.364050114598433	0.53310956486406
0.983138463103597	1.96790399930248
-0.231886655618249	0.283760814278767
0.0729338168748918	0.0684222096572323
0.206194068506977	0.235348332978381
0.403993367755807	0.50104890620609
0.199545275274068	0.252415392311288
0.805019421395037	1.65240959922556
-0.444530817857133	0.614799354145591
0.00944598408303831	0.00822650739700428
0.403727759920783	0.540564716534035
-0.253260832891628	0.309569090717913
0.0683061442345296	0.0740515754635853
-0.0242135923232087	0.0205004361366562
0.203952537805409	0.194449583472266
0.282529428791416	0.38972893133573
-0.42259917918896	0.609136920653371
0.652967109132027	0.92227846605545
0.607525619899664	1.45567149858449
0.138170558348657	0.222095672748833
0.0417799144789535	0.0589272228664485
0.0149788430988663	0.0210019961010112
-0.701171354370829	1.57272024964376
0.0448343293071823	0.0511401019652258
0.0357879075848847	0.0495495920980906
-0.270894550072677	0.49826123141528
0.240011115299801	0.3534321920448
-0.0613408483932484	0.0856539147514545
0.301949157863057	0.459167081645396
-0.182616029063673	0.276839852906012
0.765136087898575	1.50775294932861
0.263608242013654	0.328598002467295
-0.194565477562518	0.267800153176781
-0.230551159870724	0.318484596861138
-0.517714006864713	0.77444936419935
-0.524657707502549	1.01979892807803
-0.0917423453592737	0.115935307728538
-0.755352556080871	1.38972595967568
0.135202788354167	0.165017342796283
0.405153722727723	0.596731434362829
-0.664113294214698	1.02760306139308
0.485785214572687	1.01952854697701
0.618072608332662	1.41594059420287
-0.434470189561205	0.675325108514424
0.565882130294078	1.38233482430025
-0.215781834804479	0.318497931796846
0.125770530459593	0.149337149819362
0.579136052690573	0.812351205594518
-0.584876369892694	0.701704200294794
0.403722117699988	0.540623030395854
0.340303561981791	0.373969793581497
0.0452855091028708	0.0396212714256109
-0.191416938259784	0.23432639597847
0.0793590519887517	0.0886063236291077
0.0571708079759342	0.0601614690039739
0.576026852698463	1.03063777930728
0.206167883237216	0.235320269149503
0.191752415507972	0.206624845966953
0.343440439424053	0.389060418739062
0.47219596316807	0.541577467216474
0.365974583171616	0.548309165270456
0.0850995711101895	0.0825074000259584
0.28992496132959	0.326173430891997
-0.120561408366868	0.134970137934006
-1.32486242449168	2.46280450663433
-0.035964890251475	0.0346739342702351
0.246115078587155	0.37110484479332
-0.046429247434888	0.0625349607768924
0.454861267760019	0.902069914857976
0.460099325928332	0.605446027068722
0.502766004465105	0.750146623370491
-0.486154148559687	0.727644000607686
0.0216404746729332	0.0232837730911723
-0.553034622250933	0.858773849859089
0.354574576510818	0.617547584220964
-0.211444520357566	0.291328309193857
-0.117357492453362	0.124999757072145
0.220731311605881	0.301897432322245
-0.0912553881567213	0.111156799113181
-0.0165504554608276	0.0199188694665359
-0.030369719958667	0.0339505788366019
-0.616092469433	1.09920193008437
0.199597328291515	0.252554726844378
-0.126552233009505	0.119987268055234
-0.395887319810276	0.502693666472647
-0.198203089994224	0.209285895154676
0.0294274339524196	0.0248092656038774
-0.126716051204234	0.120151841647248
0.505709260919595	0.737419388381824
0.143119038323162	0.148606293123372
-0.0514738806612405	0.0494768130550401
-0.112588896091432	0.113642102704057
0.0700028470365908	0.0592207766602264
-0.0976932838412849	0.0872738305121853
-0.0243993147562099	0.0206615692659795
0.204104545325628	0.194579265440301
0.279905022515271	0.296491760628585
0.244218380635158	0.327077831567299
-0.413031500784296	0.663780322446595
0.363686034281536	0.532394592315558
0.00122559024248469	0.00131241169081909
1.20785778137669	3.92490739504749
0.41122604622984	1.03577108230207
0.157412191018168	0.255456345279612
0.0953315356648243	0.138882767788397
0.0738376220563785	0.110872055615787
-0.0181962701995382	0.0252863433192287
0.134800645302509	0.213284846135
0.247642959928447	0.284598531339414
0.0335986544837651	0.0372319485479443
-0.0784244383570378	0.0988795380035179
0.0581665635392198	0.0790543783622436
-0.438137979417654	0.867572720252093
0.51080687887635	1.16424241521269
-0.107188655340852	0.145584404354043
0.0971689285209777	0.120924760348634
0.0175520988177775	0.0204180609148896
0.200865506981559	0.33330758984504
0.454522029845045	0.932360317192533
0.227018587629617	0.31828232616035
-0.200599688431363	0.266425323746345
0.449254403001495	0.712042941920618
-0.016614473202714	0.020001453652316
0.151314118783739	0.222327367332913
-0.29348775290795	0.48134826765155
-0.317836504778653	0.538129864838411
0.0131526491861826	0.0176734729765095
0.134750132407403	0.164489082994839
0.858971086210921	1.640843540313
0.403997447442535	0.474315433920667
-0.0946321150832073	0.0659303489836642
-0.175470646408641	0.154628854370664
-0.981423829021429	0.890966175334784
-0.175426468058515	0.15458422711273
1.12386881286079	1.5745743444562
-0.131574553537849	0.132411202600883
-0.193806862457329	0.31363509777053
-0.0301827708713291	0.0337285658837815
0.530279273158055	0.94442794625655
-0.196626450330519	0.218996773105506
0.178450300360608	0.230869021229929
0.0172296615807033	0.0200138916230412
-0.0475452408633519	0.0554228800780926
-0.444761792526737	0.615134579989678
-0.586767425476832	0.97890766663238
-0.0678492634225942	0.064971016999522
0.14366415766608	0.131554233708881
-0.0565413371343475	0.050889425447564
-0.543084464322224	0.716257138570907
0.706981065589513	1.38604404463593
0.407099927274998	0.627746422728243
0.725623377944512	1.76730047069437
0.0360114046371639	0.04207818549844
-0.0926805778336529	0.121269947018847
0.201452953268406	0.334659271051086
0.28743184211205	0.465417145046074
-0.133769990149411	0.176209085203424
-0.362988427135327	0.810523455228805
0.330661935618702	0.493488712295645
-0.182810256283832	0.295546724695138
0.138568236799965	0.195040284609193
0.315888400692102	0.42775049638075
0.161821414429938	0.198343630347583
0.624390151797727	0.944990209773641
0.390204106789901	0.723914264226312
-0.17512782315321	0.20509447497574
-0.249801435929786	0.3455062204524
-0.13896451581369	0.162887084349432
-0.339707913178247	0.432757471868101
-0.0169181938398507	0.018862099329964
-0.267728330649803	0.341948163533142
-0.0119610233561734	0.0128019878900646
0.0660015819769461	0.0834561341850348
-0.383808549972633	0.59554690444406
0.245747710176394	0.370402395464841
-0.0726763624523501	0.0814428329676485
0.046635350838912	0.0559984902064921
0.377041912108269	0.619300901700852
0.0629392893303899	0.0626181032419087
0.199513316935817	0.252397952680227
0.0316450281513455	0.0331466928214687
0.263465511481369	0.328373949420535
0.155120306498909	0.147137669562505
0.199114013061621	0.220864624781426
0.236027846417364	0.377234010586205
-0.480597709832689	1.22039436416485
-0.126305888622108	0.190197520048113
0.018885147410852	0.0238722343023284
-0.231565001851513	0.376582740778832
-0.499443622473888	1.18661627002759
-0.268599447329863	0.507902921359357
0.0378161198613875	0.0463458523447583
-0.171117003461163	0.250901430698725
-0.233005017328384	0.344841530376727
0.319044901256368	0.442629989548336
0.0448397485196962	0.0511415905415433
-0.105530964598696	0.133588093010887
0.537724084215563	0.899489697276384
-0.0751505735623146	0.0878333696854212
-0.215013839147275	0.251203186574393
-0.23264155201316	0.344303366349137
0.548148957479154	1.22173034263432
-0.660791021861796	1.0612836713811
-0.267594613565598	0.341727385518186
0.349892604097262	0.430793737367846
0.261792888970612	0.377923938126381
-0.457814207384621	0.908479984745701
0.758099161775735	1.69949504471017
-0.212072164763527	0.292418489317537
0.115078403227279	0.150767380914231
0.386677185004256	0.69082707969937
0.556733228201785	1.16237991465506
-0.233391991103515	0.217977203400465
0.30168402944	0.3688251318992
-0.155241510140383	0.164752215096829
0.333376438403424	0.343801572304207
0.183673472946272	0.191979960153495
0.664391321364591	1.08016533035307
-0.155316791958406	0.190088327908889
0.537924427515648	0.900190479625154
0.0791920970354524	0.088415702622241
-0.231994561169055	0.283867556467345
0.456154712394476	0.63051742672651
0.235783480796247	0.255771132797959
-0.00706493515591007	0.00684467839178522
-0.584279439520248	1.04205872096394
0.783653781464753	1.34489264888941
-0.473385280746007	0.865528150709973
0.0507686367823313	0.0489268092639896
0.353597311643319	0.458489814259025
0.14369575382432	0.180229417401263
-0.0697665360956703	0.0910263697874801
0.600216463721188	1.47831523631545
-0.269733578190231	0.454406638177974
-0.43447978455031	0.67535345090092
-0.0770574168413112	0.078126522740582
-0.00411396946149291	0.00420398681777603
0.326364929069259	0.475429672689965
0.245747710176394	0.370402395464841
0.2917152311448	0.482361018841468
0.00894619437891661	0.00933513080538469
0.351213636564431	0.599294610468588
0.0658978679200727	0.0833116958411822
0.524103881354553	1.03144640557703
0.0553860018912276	0.0615709628897246
0.192445166079392	0.237091839823031
0.326258223399077	0.475104744329772
-0.620822244009561	1.03526674654719
-0.0931269961982619	0.121930177531982
-0.29089772403366	0.402963047481934
0.595107514765703	1.24769577145199
0.523189319521286	0.693573619184743
0.0093152479952636	0.00811186591966276
0.160723724152464	0.177087642012515
0.0119699061360138	0.00970519981992942
0.545232544835551	0.874508893484853
0.123133694584511	0.120092677454089
0.451968813522441	0.814908823503658
0.538262483575449	0.90073473368171
0.552361417490668	1.41571652102741
-0.00711688821235085	0.00855842559598707
0.220862678158301	0.30213957085222
-0.242071614491324	0.406515492157717
-0.221591068382992	0.348990611003179
0.595204377739129	1.24833634238689
0.15282917406725	0.19691866426498
-0.302175584460299	0.542343394460023
0.831792660039157	1.80684549788894
0.376713143543942	0.618629212058514
0.341145111733941	0.545498960695875
0.119346738016757	0.149093175729324
-0.138369751794158	0.154846616299096
-0.587193001581425	0.910372195699947
-0.413198831778253	0.664281430545222
-0.16190124879745	0.221837639910585
0.371507248670699	0.583417126483652
0.115116696902395	0.150837125210687
-0.020990614442667	0.0202842784681866
0.12554563338724	0.149073099361812
-0.807563878949744	1.43574203578252
0.134847994950716	0.164621670063435
-0.424387444427012	0.750316816066988
-0.182863653290551	0.295637737289129
-0.457952165341453	0.909016478718923
0.449320986868812	0.728220037089208
0.0630513357997378	0.0627316035409444
-0.289032583742882	0.285011229740194
-0.793492669795756	1.26959898993952
-0.31168212891847	0.361696906424822
-0.175438732544278	0.185629780590619
0.0315263725517449	0.0330192792645174
-0.322361851289211	0.464071369427859
-0.522701865319639	0.842080401762919
-0.420682171834182	0.721138856609168
-0.225595970838964	0.288237954649083
0.403812481934084	0.553986175576294
0.229153440688518	0.241156418298815
0.0204008838112778	0.0195555198233775
-0.754425342492051	1.1634813346483
0.361576116091236	0.517148365250836
0.293974756509265	0.340238723554262
-0.586074473516157	0.839731003533233
0.115732683687293	0.133555664306258
0.278124493727158	0.374378185239932
0.12567936727238	0.14923141709133
-0.240941055875239	0.345133577670629
-0.349889029073087	0.631566676784665
-0.260910776320149	0.426104576885429
0.250136385542835	0.343565176623111
0.572376012066896	1.04485421620356
0.460123819824257	0.605514885243297
0.268132629055243	0.342906630023278
-0.194215823252341	0.267142908125723
-0.290447648029075	0.370809346964056
0.0131821553181283	0.0145501478141391
-0.784348889915588	1.67426136138257
0.0946623658840856	0.123402301704459
-0.138466424994919	0.154968092628173
-0.181884094702219	0.284714665081741
-0.0171416996818504	0.0191309577648313
0.0899390102135244	0.121941364757435
-0.35368040472411	0.528927716912821
0.178726573837606	0.231227133042732
0.122921313499956	0.119825740404571
-0.0119219220861601	0.0127592881853224
-0.0393395613688768	0.0355793966952827
0.258414833610297	0.313691642809696
-0.720919915787899	1.02806112978826
0.22136493649787	0.225690832962821
0.301553903661875	0.368636251595216
0.206249351545315	0.235416898907786
0.339057887596433	0.662243973960519
-0.06719219421383	0.100350142448653
-0.0301035018182197	0.0404447071276539
-0.240318127028309	0.344039939384568
0.214058112413753	0.379417526582101
0.315376080333061	0.627688459704447
0.0087999277528326	0.00918322822059003
-0.137835209577622	0.168506105946367
-0.0396960916371205	0.0515606292868108
-0.0579398115286932	0.0648969060621289
-0.429313493235602	0.896054577580008
0.348763288940087	0.583038921283998
0.283173194485552	0.448757937446258
0.196488580174064	0.292927256863006
0.109375636099987	0.132847732534962
0.0559109124896511	0.0656167458133352
0.418628514300524	0.751868076834843
-0.238161122987549	0.316834740723386
0.0852457316768751	0.0901458988785314
0.220573334620685	0.301707419773985
0.0852359094402965	0.0826384871929843
0.199564797753342	0.252473773735926
-0.0659152099132498	0.0829371029339717
-0.291648105299768	0.404184586933517
0.202259647050234	0.308148796833068
0.422372867769006	0.803613267983091
-0.156448185063543	0.183271015821999
0.31924390306777	0.443106032656195
0.736363916702297	1.04724923431853
-0.387345607459922	0.536653104977642
-0.175040117497148	0.204965169376541
0.184987353156015	0.221825867539428
-0.282079157319211	0.24398031707374
0.798515592518417	1.34320054919399
-0.360413857131566	0.5585547664859
-0.104051405132083	0.11659502464947
0.170294732040305	0.21451600282732
-0.0773104804059279	0.0784157553335308
0.199597328291515	0.252554726844378
-0.0227257337635311	0.0206311769072695
-0.200287195679094	0.265940660471699
-0.205990980978223	0.263084509595416
0.28288508505199	0.390512469389132
-0.156675314078044	0.175082991522057
0.14487868959529	0.168029855743133
-0.417350887748967	0.693527425788476
-0.0905242820344321	0.105944099090918
0.562118269988695	1.10992543590298
0.131354326843831	0.180700700417813
-0.00426411534927865	0.0043552570440857
0.0876090486238513	0.106135846038319
0.250915715196414	0.344825206593607
-0.0774622131528459	0.0785773722521766
0.0559542813544581	0.0656669295142013
-0.473583148585481	0.866033251122462
-0.0271363380272191	0.0327227085900995
0.419931787399521	0.769205789634456
-0.645861004856308	1.18987300487512
0.626629079745012	1.12687034369732
0.450366696624832	0.778722622106856
-0.461460274236642	0.941094426779251
-0.300642313320301	0.43261850442266
0.0660597572026034	0.0755889523546938
0.0770584030295481	0.0907695502520264
0.10259182762529	0.136929249269929
0.066030056085075	0.0755623248815542
0.170287646814122	0.214494194136288
-0.342971077901324	0.357140605425576
0.133451254216879	0.134383042902311
0.117166612193457	0.124638473290965
0.983534956295299	1.96859657397779
0.184734765319101	0.221468993035737
0.050848906136778	0.0490093467369538
0.294308686457748	0.340650113733747
0.6912464001531	1.22577539028248
0.0749152440069413	0.097078003653529
0.0823878199000138	0.109182631449597
0.06670560466568	0.0804975678616068
0.106486311910669	0.136052321291217
0.564650953609347	1.09406332466756
-0.0785152386061098	0.099008746913078
0.280991424307144	0.50526496776519
-0.0329612252946907	0.041249516813889
-0.0235405550423357	0.029430236950254
0.422147337508693	0.802803333080665
-0.336762467351149	0.466852523875015
0.232109369043165	0.295148524795184
-0.120890259878961	0.135372052537132
-0.156698534318103	0.183607865251315
0.315215737601439	0.426449267995582
-0.196769352399251	0.218963975938561
0.488724248780427	0.903212371693971
-0.486411814656675	0.728296600720162
0.184561523342083	0.221189371524397
0.78792659821061	1.49648857995737
0.242168480834844	0.27053902662615
0.322448665086322	0.458225450465464
0.213796976539002	0.285073656213437
-0.182879929943907	0.242535446094295
0.451102389869937	0.668357529905557
-0.194308289096412	0.267383766591406
0.214140476904072	0.313792577616986
-0.0920409385728072	0.116345053977663
0.293811880437025	0.339946179578415
-0.394681959059963	0.432377927239844
0.143257832563305	0.148789764857367
0.00951958613931891	0.00828973173778891
0.541114624095305	0.886459088321259
-0.326437097899577	0.434627646536543
-0.586689565698834	0.978730392857515
0.289826910771675	0.326029415385288
0.449703695183846	0.697296565615001
-0.524252042733607	0.874667907617553
0.0122567448979272	0.00993558263535507
-0.381349153552981	0.395744126207391
-0.585581728101695	0.80497835667814
-0.302639470298531	0.402964161106961
0.404175903551603	0.487955463581597
-0.182659488758743	0.242198640284675
-0.377403785993656	0.564979988410995
0.36878031343933	0.565956070512325
-0.0768542288032022	0.0934064692406173
0.423053485345629	0.818905855336593
0.0254405312422923	0.0289240636062424
-0.231697218477358	0.283491136771316
-0.702634621462293	1.37574544019564
0.774406358058168	1.6761035142962
-0.486643965058458	0.558374722781449
0.403951678104949	0.56746483214328
-0.0393640584111256	0.0356006946529079
0.69263539576585	1.40973911047872
-0.583959459654533	1.04135280389768
0.199715981638115	0.25271350509629
-0.149209336352569	0.197017442041369
0.287624926653169	0.406916034424551
-0.430416105181894	0.805919928242686
0.0332568100548328	0.0368422722745741
0.404718270287938	0.582337075665493
-0.371812085159883	0.61561634985247
-0.00720991430985172	0.00698501807283497
0.343349067289331	0.388965020014553
-0.175111130980514	0.205049775885493
-0.199721308318161	0.199149417883622
0.0742966094203223	0.0762208603125747
0.0992353334488944	0.0904409577082443
0.67533125514457	0.907535557159409
0.116298973022311	0.0986676001651544
0.595234511772541	0.981367861123747
0.267231638949746	0.265097676846063
0.181247958681044	0.127555825979943
0.333280099753017	0.343453679858519
0.174895146490407	0.177202578652734
0.267193544007859	0.265061730887018
0.642809225958513	0.929945972165273
0.220934845962641	0.364178504051799
0.166943259570286	0.260208363291125
-0.0344268366669856	0.0400511822148007
-0.624740910834931	1.32582698933426
0.265309714772973	0.435667662576927
-0.13298481187682	0.181405869390707
-0.635163886229684	1.5622045530264
0.0104273823093284	0.0123874430785631
-0.104033193041787	0.116566438920406
-0.288147823162374	0.428858048700981
0.46017278420164	0.605604942230117
-0.194816929283782	0.227994494911773
-0.722923723216548	1.50013818851409
0.288016815718135	0.407681027183043
-0.0235006132596546	0.0293770583618466
-0.138802755989413	0.216052372975012
0.272918568737252	0.465824695997862
0.454591561621075	0.9325559184839
0.278479714479938	0.374950158389443
0.250386838585162	0.344062553279886
0.14545712196961	0.196397431854969
0.103964908658164	0.147195002214437
-0.123143581300535	0.179352579098399
-0.242037348937093	0.370326659846433
-0.155121760518351	0.189859398821275
0.406902473865542	0.627219630492679
0.285176873579425	0.311499919494419
-1.1090579844576	2.48647978513428
-0.0840395475663961	0.089821852515432
0.0959423782222667	0.095970682206883
0.0990840737744203	0.090285340335101
-0.438651453024477	0.706009107736288
-0.23022039891642	0.317898027841978
-0.249408105069392	0.344815286109211
-0.522666414084239	0.841955154522461
0.15342822533091	0.182960703495986
0.405177943868821	0.596782754735577
0.537924427515648	0.900190479625154
-0.326549932211344	0.434814044501848
0.410129500449017	0.661674155204944
0.569012773591467	1.05910007824927
0.125497046991704	0.149005312825631
-0.0173063008863272	0.0193186709889673
-0.285095932966623	0.331554314099128
-0.0786702847170366	0.0992086224108618
0.00669349906496932	0.00757814360946545
0.367450647573973	0.756899179003299
-0.323439959440608	0.516130178515236
1.02314613974966	2.44830071178815
-0.353492803025042	0.528675416722163
-0.238592463491027	0.317514076439568
-0.131796989684582	0.132655534988245
0.449996835283731	0.681907233030175
0.0202556825212043	0.0194152038917734
-0.377488892057968	0.565181777645155
0.607394145893217	1.18132868687942
0.171549087283844	0.27237935885582
0.151277254466528	0.222283403035661
0.220552141906734	0.363360190576908
0.131179011698194	0.180396918089272
0.193424542153614	0.263423167845733
0.0451216466957635	0.046046874950164
0.16575943776491	0.162641358668834
0.14324411692368	0.148808281338586
-0.00725864881976678	0.00572133299839932
0.00933181824228166	0.00812696060052573
0.691351762122912	1.22596527369842
0.357675057369431	0.487360561583848
0.0628001416154617	0.06246719212842
0.450005465722826	0.682020180802171
0.144644428358543	0.167693876566659
0.565712335792877	0.831055440798455
0.193702732959704	0.178099977209146
0.481346415867066	0.500447712648715
-0.0242166494455414	0.0205001174565394
0.343117744054787	0.388602699214917
0.338712367489053	0.661142926949967
-0.229334392015274	0.38458946124767
-0.0185998414384755	0.025861739988968
-0.0611591099124719	0.0913483876860204
0.123602067039517	0.176314935883527
0.176368150576992	0.245248191733402
0.25304347736514	0.29898373963708
-0.0462390235079818	0.0470979717806414
0.301755638316752	0.458720948933582
-0.276254715156305	0.337245953637477
-0.00419890560113205	0.00428655108735918
0.0507021662672613	0.0488661597949246
0.0194328978151695	0.0197430663098237
0.42399486514549	0.849364332010395
0.282559233680145	0.447471590403989
-0.200394021418048	0.266118740717065
0.0852198745355772	0.108269519145889
-0.152457115633285	0.19414022904225
0.31007922123649	0.581331977950017
0.362693437502774	0.680510301789577
-0.43828440594189	0.705153678850874
0.176368150576992	0.245248191733402
0.000169379677936493	0.000195212656680179
-0.585562853358932	1.01042393734143
0.14310805484097	0.148641798254687
-0.0439151662151201	0.0491496340439737
-0.0387682470649183	0.0415063730593485
0.308692971006816	0.397510749739571
-0.618586542839665	1.06746115066046
0.085529314186408	0.108706028295357
-0.47216742364219	0.838220968451156
-0.674413638802442	1.28107055459562
-0.0681253939609355	0.0728537493805324
-0.0880348531881221	0.0986626464555611
0.44973706647949	0.697342416554682
0.453742253150448	0.641926839239459
0.115732683687293	0.133555664306258
0.353337645182718	0.457986214045411
-0.395591418807267	0.570394973855579
-0.206249161995598	0.263485457788938
-0.022655887043155	0.0205704722335835
-0.31358963372885	0.434769797340127
0.227297717046847	0.318838567318401
0.52160366738204	1.06435171893602
-0.171505088850041	0.276665776035706
0.569603901495489	1.06109865303522
-0.135914166084987	0.144561235933633
0.601361653209253	0.970900873778952
0.885500972247928	1.79415637248043
0.23221338036992	0.295340624053708
0.107109584172526	0.110552429447225
0.403716414774753	0.54061475951903
0.170169286102853	0.214289843638797
0.411768523571714	0.679258304542495
0.0369310389163203	0.0471209143077727
0.278362536147279	0.431509674352071
-0.0589316787912326	0.0767308140247789
0.182996308902048	0.260393974444135
0.348468783827827	0.582521505682685
-0.105634820367224	0.12372752281184
1.00396298966897	2.28120400103879
0.467231114417654	0.567958754084919
0.012014423956696	0.00974240918805961
0.235840593391864	0.255847957831033
0.279767962845864	0.296342403729994
0.328804719282866	0.327590813941534
-0.24284232904051	0.211588531200127
0.0346586205921356	0.0269942475169478
-1.11751830338735	1.76537032951471
0.193843799428151	0.178221650315863
1.09681963450469	1.4076915071428
0.0451407237509047	0.0515022511568007
0.301757291853629	0.528741304196852
-0.226319553387423	0.41385766279649
0.565206823977202	1.82891901637656
-0.113168722153809	0.186516457340596
-0.0848601475236181	0.138986502754158
-0.169713552823356	0.216428157495489
0.228834225925847	0.240757899238184
-0.211180572970455	0.25849429532809
0.220543596305642	0.301629507326405
0.533146247756209	0.670491246799625
0.152022588591437	0.162667855594036
0.451387614881403	0.66894070247527
0.537966164700809	0.900132469272747
0.348301383064105	0.582117745677057
0.23626754179592	0.377747631989704
-0.187281214069833	0.239020260615052
0.0210080230490199	0.0225856251399053
0.233986346791469	0.336470606405297
0.591855371047531	1.64577799729187
0.538114325544599	0.900531767745207
0.0172554211505401	0.0200631874214631
-0.138425215704175	0.215310435621674
0.129799199746865	0.201757270874446
0.776859099780542	2.22719362232076
0.125572930781255	0.14910671392465
0.451209962638641	0.668652532104632
0.256117999425831	0.360784391861123
0.552694785497946	1.1935350652329
-0.57097693137517	1.26966931394218
0.366031901614999	0.721467547521626
-0.154850427800607	0.189458402437868
0.926181271941562	1.95193127111317
0.0682726984579943	0.0740110680306959
-0.353713066655908	0.529148527229704
0.6115528539327	0.774098477196878
-0.144293106914085	0.11887939086347
0.258404454652079	0.313675013199647
0.152451546266968	0.163092969756716
-0.215385939089351	0.251688836621593
0.153808005837815	0.18344366625602
-0.173260608034928	0.21220652834791
0.244407079118518	0.327425648197397
0.251242149023763	0.387346415868178
-0.158021646738967	0.238855642063788
0.298901462209038	0.644450265715469
-0.104242812588478	0.116813822447158
0.123117070736999	0.120038667878468
-0.745854431616234	1.19526560384718
-0.149409380090557	0.141143983674403
-0.461465006848946	0.583843651672379
0.352051765427881	0.445095740730808
-0.451307125354217	0.650163339097334
0.050494032286821	0.0486194775141422
-0.131858108220407	0.132702611072766
0.0332335476523558	0.0368211415786057
-0.21606416618676	0.319005625556784
0.0359013841370747	0.0419406000117127
0.0587807552898739	0.0838260696829224
-0.155121760518351	0.189859398821275
0.326386662453606	0.475496448144441
0.403833039144094	0.540832952976046
-0.175873628065203	0.131848123949477
0.0634397699715975	0.0471980136659353
-0.0888151375945493	0.0740672373967776
-0.307996156525621	0.321484367442381
0.083026372872784	0.0646952794378389
0.474994270713683	0.527978803938001
-0.216040302265843	0.319015205259248
0.14502413403033	0.195540295592376
-0.389254589141951	0.830172361531362
-0.0462018944624078	0.0666269797525027
0.125155531137631	0.191131407778327
0.166481922857096	0.302322225798965
-0.149209336352569	0.197017442041369
0.449634843278983	0.712765179890666
0.374212162798239	0.60094764876754
0.462296762178455	0.592977894424251
-0.469171765830709	0.621067049588712
-0.551231005217705	0.823935260112219
-0.339855224496415	0.43298273262486
-0.0314064340802044	0.0320252159553338
0.0451056723105314	0.0588802418919866
-0.135984785140945	0.144637887430716
-0.354715263418525	0.431017360913385
0.258481257975723	0.313817614634295
-0.121530320745685	0.148404998647924
0.0236872429546527	0.0315857487238607
-0.408086154029617	0.633565857684372
0.0193026743590757	0.0196092996779871
-0.481367203198717	0.983616558419177
-0.132591769060808	0.18692945284664
-0.0633236505802843	0.076815222520669
0.278031016105287	0.374193067848803
0.199358869468408	0.252141574331522
-0.393967304994179	0.653537998187139
-0.344692608037438	0.551480277693798
-0.057850764717652	0.0647890059895946
-0.330738539974656	0.545113910735
0.292966069394768	0.42495795452854
-0.253223334451891	0.309514707027514
-0.685483497178732	1.22232180717718
-0.470883502846068	0.810319723827604
-0.427597123254095	0.54205829140697
0.333086546875779	0.343475782606636
0.579136052690573	0.812351205594518
-0.461334076646903	0.583492798330885
0.0379066037285974	0.0353626781199794
0.192696781725674	0.237294936149997
-0.119519103873326	0.157154626401113
0.390539030128759	0.72512876922108
-0.268727282101677	0.399372423448185
0.499563504441155	1.21388917029496
0.36764222108199	0.788704135010432
-0.0104551483598841	0.0121132242304018
-0.0614375104209041	0.0624568376857652
-0.46179167703498	0.5842727006521
-0.0839018165685639	0.0896704421130018
-1.03817337805911	2.52223097643065
0.192436308216541	0.237086178129015
-0.920495816159066	1.90761580492308
0.11578416758131	0.133622311303441
0.403997670048428	0.527811174585576
-0.231395713436904	0.376209528495119
0.18580372827258	0.246624767169626
-0.347968711597864	0.664549498567759
-0.0070878116257636	0.00852209797887016
-0.891647587004588	2.37351728564154
0.0663732947653426	0.0759903984937959
0.241900949267311	0.270214157009003
-0.0243648333370647	0.0206304988657753
0.154948647256876	0.14696962102722
0.100536227103877	0.0818344636675976
0.045088609257652	0.0394442269348564
0.353671669643353	0.458471034761697
0.178401199732969	0.230802249974441
-0.106707222009218	0.144831520072716
0.184229460568517	0.284221941763368
0.342799143442684	0.727855345616435
0.0576362766261381	0.0856323676939598
0.0877005838370189	0.13830635252772
-0.0175249070643401	0.0178904446109991
0.371678494354415	0.583668117918176
0.30861593217899	0.397354513542332
-0.194546452747016	0.2677485215339
0.308737005369715	0.397435982642324
0.122913367731402	0.119846502402989
-0.31168212891847	0.361696906424822
0.453736488325087	0.641899851151751
0.185735123542551	0.246463755239368
0.185700199070256	0.246249537159058
0.312050661521809	0.412075621989656
-0.0764241140866372	0.0685455864450686
0.106758630167759	0.11017844916845
0.322672516168956	0.547735565601482
0.11720179344506	0.124672611247145
0.41656761592951	0.732657609947069
-0.193970263432401	0.304082367987634
-0.0954796833221265	0.129466966596691
0.589536009294099	1.28007600534776
-0.1214512139891	0.148289685229598
-0.0786046509607644	0.0991364854224419
0.755421305887008	1.51578024268047
0.418564278788707	0.751461827496921
0.0665715634678632	0.0803223205997335
-0.441671242754111	0.734357721361009
0.169220492343418	0.191906110815838
0.0852267292374407	0.0900879338128074
-0.819236648353536	1.40750420051033
0.169045080274493	0.191663357682772
-0.479630410027581	0.522253691509163
0.0294557613628225	0.0248347629366853
-0.384548819209858	0.466102813065142
0.46471650000913	0.580647014982158
-0.493182482962659	0.594493727650565
-0.451064435827568	0.649343871458019
0.173317421374588	0.256620654113122
0.153124346097317	0.211835576807067
-0.0225518573518071	0.0261939467511286
0.000116763471126127	0.000150342803683772
0.210721096277905	0.36750818667676
-0.524617885007355	1.04804241648376
0.11695105023285	0.12439148189999
-0.845393690498442	1.34896973349926
-0.131357492589252	0.13214174116592
0.130645643328611	0.115268719848948
0.371515400823109	0.583341430834589
-0.276828353695302	0.289871370697236
-0.0837785773624006	0.0895108481187713
-0.457001608384024	0.684560315211592
-0.461608402312731	0.717406455578505
-0.344125132871741	0.550297864660374
0.316248648200041	0.638088362897575
0.357145722366375	0.634472799834779
-0.154572000559376	0.188991874275293
0.240286872405992	0.391733584214192
0.251223879484544	0.231728793886911
0.577167134917668	0.601907634327779
0.182315105021749	0.161358544237631
-0.00681991330396306	0.00537483817849715
0.472085312482098	0.541319031259716
0.169688555969711	0.144219206446106
0.0535393640563642	0.0435103797554283
-0.205108639792898	0.292421078476821
-0.17237498473887	0.278315401223712
0.0962410743525526	0.148685187195532
0.0115177200047754	0.014253060666988
-0.396792134341009	0.761504894277848
-0.0987827392096713	0.148224916660197
-0.293638265323065	0.511126530648253
0.00117599772340127	0.00126068131684071
0.0334769513052084	0.0370978530356765
0.0852859845133615	0.0901949369850911
0.530525317445238	0.945000045299736
-0.155266449310214	0.164768690221527
0.449276599748756	0.728045908204956
0.412913049356139	0.695775518083743
0.0452545501296136	0.0461878472103405
0.633032828472442	0.936973587394613
0.451402114083994	0.668772347351318
0.0508072708907812	0.04896997342474
0.125384605987169	0.148857882112024
0.486029426216662	1.02031827899866
-0.155121760518351	0.189859398821275
0.422065250348363	0.80267018606206
-0.624923774503585	0.968317989496681
0.32263494171463	0.547679125399608
0.649653500727894	1.2932574237778
0.544857583461593	0.647449422457771
0.711322732866808	1.21279215257163
-0.175196701734343	0.20519965724583
-0.0462793831016753	0.0471362760383985
-0.138333520766768	0.154790601376032
-0.326699603866909	0.397710323884098
0.607336979661333	1.18083396358085
-0.377382508100677	0.564908157115736
-0.0774471368011182	0.078505762267989
0.0314693142493917	0.0329578745819141
0.133643302996224	0.134504815878121
0.206346680925439	0.235531795037004
0.116878462976494	0.124298923777068
-0.754099353623585	1.16332090464238
-0.436482490677953	0.578658963131496
0.221593297398848	0.225974287280029
0.0745213212477076	0.0764571668275346
0.20622451719381	0.235372279724748
-0.0210982696148462	0.0203905902295242
0.488060450766762	0.955830784386722
0.0162520599261179	0.0212279666011418
-0.0766967385841171	0.0932132931032498
0.00642014951372165	0.00632172053961701
0.403749475869349	0.553878590421034
0.00662057597155852	0.00651865370242375
0.0962806620784005	0.0963669516932069
0.611456484620685	1.16634452260633
-1.04997320290624	2.23159933300084
0.361784829205608	0.517456789348836
0.333833164299432	0.50990917473784
0.394734678507592	0.784923711094721
0.496844508070735	0.774939512069932
0.610827896894925	1.44108216598051
0.178134099806702	0.230367770108077
0.143381469727603	0.179761003306558
0.145070193555406	0.195741117274539
0.123003402601071	0.119953278628643
0.403836356958334	0.527518740649957
0.236069054082733	0.256096694275264
0.554617109513892	0.852133588394913
-0.159158155597181	0.248349247158265
0.267528208145485	0.395719635784863
0.357499757967318	0.487179843186122
0.35377495022604	0.458803782110734
0.450344924252909	0.762564569735854
-0.122248049935011	0.177736477178597
-0.161824677800507	0.221703668436315
0.189928683960943	0.276802890212608
0.211955321899571	0.33611863959202
-0.287666979859729	0.5152570704381
-0.464347489207555	0.972087180173323
0.0584952725250836	0.0795659237800235
0.0788680682273001	0.0880113562642494
0.200583025228701	0.279978232361154
-0.0614837650172837	0.0717934282617378
-0.290928264469516	0.402897234954781
-0.200599688431363	0.266425323746345
-0.285563425735348	0.453689624185176
-0.80608135205533	1.62602261618238
0.250505192904783	0.344236548128295
-0.215629494060253	0.318202788848973
-0.618379160700598	1.06682305045392
0.769066457641215	1.03916078046145
-0.0784732518294557	0.0605934393934769
-0.701931635787829	0.4711048335323
-0.486550872491771	0.558148023753823
-0.34828254464207	0.320235557978869
-0.224416920480156	0.149326489856746
0.0584409984340268	0.036915350809846
0.182291715886996	0.161334795682627
0.227383314768306	0.318980013149841
-0.158076435058174	0.231303580430569
-0.112533453053581	0.113589297152305
0.161913290461515	0.198482683860611
0.11724143753113	0.124714462052617
0.319174699257198	0.442973800973379
0.15342822533091	0.182960703495986
0.0436528590564322	0.0471308149250995
0.153534531780638	0.183096440995284
0.330139708567554	0.492431027602117
-0.509189083000964	0.701598375775183
-0.174766588193331	0.164515836699987
-0.34055488514844	0.394293056425457
-0.339821917771601	0.432886735951882
-0.0582760183638186	0.0652878542267803
0.000169379677936493	0.000195212656680179
0.0974377713879929	0.135059119984013
0.226197159919665	0.346752764095001
0.0871297006500429	0.105490990152646
0.0177326079757374	0.0206333805119474
0.306894597825377	0.557132851641781
-0.0917938485343767	0.116004781816312
0.506323269779311	1.18506846936491
-0.216143015513577	0.372753271474532
-0.663302080523604	1.33590611392399
0.0851383854868119	0.0900238424060125
0.355391775701579	0.472460180985525
-0.200172068422418	0.294830214710084
0.632513038080625	1.35564295894487
0.276091423274591	0.479975518335788
0.156660401477535	0.272318920437083
-0.164945364186317	0.274421096917976
0.870359344738696	2.14077986767107
-0.152686684292349	0.194476133017258
-0.241985565861379	0.370187816700598
0.586989293495862	1.29611067970439
-0.080691932093514	0.10541064184557
-0.15986528176391	0.249724281102433
-0.248065327334268	0.455126084713362
-0.0660428387530909	0.0831126210390061
-0.159802771324364	0.280997508173372
0.711157954222013	1.96505963074443
-0.108299759065651	0.16280287039801
-0.0112244551765762	0.0119995421564774
0.278350831437382	0.374760123313973
-0.0506928046089765	0.0613739135050111
0.200238229316152	0.279367399389984
-0.255127221004472	0.428949382001712
0.589408756352166	0.991883726699996
0.0901148763277211	0.103583392836833
0.394768717575497	0.83271502766186
0.0448436365980503	0.0457354246225512
0.013603654279852	0.0101301539501943
-0.173897970235959	0.117662972860727
0.181375246212359	0.127661746302116
0.0829823307576649	0.0646629147489531
-0.461890996480612	0.447368345255789
0.142158877408837	0.0889187387226178
0.155826753857668	0.126944683823717
-0.433404845741956	0.364699211077833
0.0779173374585703	0.107079476482862
0.240286872405992	0.391733584214192
-0.267736681367833	0.341980327113572
0.0852188331549745	0.0901130601455878
-0.105806191692913	0.12393969216615
-0.28000357105776	0.37278127250349
0.0315909899216807	0.033090626748971
-0.313453837143751	0.434610894674179
0.379666334630228	0.637503277959545
0.289777858383662	0.325991917158812
0.449779686923097	0.68117886716804
1.14896434593006	2.05901686386188
-0.39482374107452	0.432524210420658
0.462485095667153	0.593304732374143
0.302070732165272	0.459426252366608
0.276091423274591	0.479975518335788
0.0839917611712636	0.117768217450053
-0.193400412995404	0.312786263139926
0.61850805535677	1.41768724448592
0.39178405849068	0.740551839230402
-0.361496875673508	0.634476459156706
0.238192767658003	0.43315706524507
-0.0231183486558487	0.0288789372013154
-0.182828683395129	0.277310359285115
0.381974980478151	0.655014613952818
0.297765718770448	0.442359456779968
0.382052507644127	0.655224244769483
0.452620563073471	0.816466441475901
0.416922500597958	0.971296736949245
-0.114225814001547	0.198706828501018
0.186309897003935	0.316422163348246
-0.0222414819438394	0.0258276638217396
0.615896284393275	1.15217414696311
0.857543046422889	1.96831297628405
-0.845501226773932	2.69713721390876
-0.182862667527693	0.277390415226778
0.306555776499861	0.556240565062748
0.176326566694282	0.245209759023329
-0.0105961970672192	0.0122804682989969
0.0244153900168172	0.034000993100274
-0.158242760359373	0.231644178948124
-0.245814776176174	0.400591626997038
-0.322563576982457	0.464597250721461
-0.138449683848734	0.154931747168718
-0.493248916588436	0.794768249984772
-0.0122753560619326	0.013137722449315
0.486025774603259	1.02037937511773
0.193900700590589	0.264194340935925
0.123542792146771	0.165940669217004
0.216837099626239	0.350607361334792
0.153343127463155	0.182832502538331
-0.0652663274115222	0.0547290677007537
-0.0652283197026259	0.0546938587562523
-0.967294616180985	1.06821640467112
0.404127506527453	0.48794253875693
-0.52496466157317	0.53756186875047
-0.366220394319292	0.358661883180603
-1.08430074271318	1.18416297802057
0.15259557417681	0.163350402706525
0.0280809447196599	0.0335443150769976
-0.09163797335612	0.115773664881218
-0.461261945066145	0.716782481088709
-0.155191656927904	0.164706134081034
0.0467277983070139	0.0561101023394467
-0.175847441689947	0.196141581008364
-0.42264224786957	0.609340381831994
0.178195589040229	0.230374727987434
-0.552702050325917	0.857814898122407
0.589623632490977	0.992345333692069
-0.00425918081695023	0.00435177884661141
-0.0393150720351409	0.0355572578150268
0.304892053400364	0.382459251176257
0.037881595133305	0.0353374285950637
-0.132948904231784	0.181349945659866
0.134380148718681	0.212495359714649
-0.285613796980434	0.453812644172907
-0.40662219379281	0.73837789811553
0.644729419425262	1.55451058192454
0.301818464812613	0.528633069656223
-0.119815812398881	0.157575822308025
0.423404665360142	0.83419149940605
0.211978106718685	0.336171316740569
0.394931470231974	0.833390547725379
0.120090187555711	0.180022700304003
0.25135868788264	0.433099404612067
0.161396658422007	0.266362913996483
0.261103623826027	0.479897731053837
0.110479727758529	0.150975263621236
0.143676220694516	0.180208362303547
-0.386231986343537	0.699928788131418
-0.371567038497132	0.615130738197412
-0.133083746175359	0.187768277277978
-0.0614673922653614	0.071789538645834
0.368377451906551	0.770073300526595
0.178852092506358	0.270373364859584
-0.106047544923422	0.139153763485384
-0.0767171817732811	0.0932240531691509
-0.366471901467938	0.587504371827335
0.0550213452404022	0.0707243773476716
0.220514724953595	0.301599268237562
0.455110332626506	0.902540143270289
0.186223495902594	0.247271778545184
-0.199956611075418	0.29446703605763
0.0212152248033117	0.0228161606039558
0.0665703663596927	0.0762173582729521
-0.0272169424671589	0.0328202326337577
0.103244149530519	0.137912010605837
0.379065883624293	0.635928757577489
0.285022769208849	0.31130070283756
-0.0438418823733307	0.0369488782362844
0.1812931413416	0.127584739319995
-0.354412190811375	0.430629890018682
0.20415960206342	0.194605967962244
-0.931631247085185	1.09099529213687
0.274044428696465	0.281118160121926
0.183885197870106	0.192155580720922
0.32652463644204	0.565531206961419
-0.285356660691724	0.453182137068679
0.580194891358501	1.01736166652362
-0.50929590735888	0.702356743536876
0.359235162035026	0.501519476719843
0.233830036651001	0.336208789180725
0.106924448552031	0.110355756768751
-0.135876835373705	0.144520785796365
0.492851895815576	0.802811033317737
0.403851729565128	0.554134008659328
0.406241253700591	0.612343756406322
0.0379425647773699	0.0353912786260746
0.700954927802328	1.21881645073055
-0.524825107419181	0.905076960913282
-0.998168762509955	2.5453532603284
-0.0552835894766974	0.0745528334198626
-0.311726996838342	0.512497685659436
-0.047375173436231	0.055216692224031
0.731627639757252	1.7543612748876
0.0553412642280157	0.0615563727881431
0.0252706038595857	0.0287293786640295
-0.0610147711004288	0.0712320240517932
0.592505705507985	1.26412542455831
0.220671872840416	0.363617591240196
1.04172643826353	2.4536758430933
0.29439346053498	0.603030974492374
0.248486637179901	0.485187440737662
0.394760310937831	0.797204958641803
-0.183274926242719	0.278093485814811
0.0651900016257806	0.0904974315151797
0.319224982106666	0.530810450160756
0.178192338370618	0.230388451547219
-0.764823150811852	1.72036978275656
0.0971689285209777	0.120924760348634
0.315268375329102	0.513198848205927
-0.173087911992682	0.211970800546297
-0.296210815554469	0.45629325023947
0.176415327803932	0.245357000155073
-0.0807958678367222	0.105566628009745
0.125566919892573	0.149098038754831
0.213208790986273	0.250197872254819
0.11699063867134	0.124429141581034
0.0747061013698893	0.0967915077407136
-0.07539373591264	0.0881564857063651
0.102898129803223	0.137391643725983
0.166675640435442	0.259724358964014
-0.347184797187423	0.662688958985474
0.143984023195171	0.180595625626524
0.408592062757266	0.64461131075937
-0.215383618291571	0.25169483411961
0.169155076069736	0.191819437904394
0.153534531780638	0.183096440995284
0.0378510772615751	0.0353083720910632
0.696283912143491	1.06126721474465
0.162005171631291	0.198614960938683
0.231274488485815	0.362130494496746
-0.148869662775296	0.196431395241926
0.597653665087457	1.23029417634819
0.238271095896137	0.311049431458292
-0.175716405322774	0.18600903701334
-0.0389242028016915	0.0351903211419955
0.0847658987164927	0.0821638681516487
-0.26756872745985	0.295978606828763
-0.0389892023561265	0.0352495098840621
-0.156448185063543	0.183271015821999
-0.187044684102719	0.238605292999759
0.348431950510497	0.417550869702613
0.365909015636454	0.548438877634005
0.0315347967547334	0.0330292158333619
-0.349849808339882	0.631283093443131
-0.632475635973161	1.27214277685744
-0.194051143138874	0.266916114935108
-0.156675314078044	0.175082991522057
0.214025365245946	0.285447309131617
-0.232331078284158	0.343647685888939
0.144766081739189	0.167862207856333
-0.554649634174684	0.956971196427036
0.00113320193997379	0.00121526099037702
0.236019815008864	0.377232209801943
0.193986709807688	0.264347383471837
0.422400257728541	0.803687056048467
0.16193502789478	0.198516303701462
0.160815786641977	0.212693261077305
0.483688289413834	1.04723833810873
0.123494515441195	0.176117495112202
0.158411818709936	0.257437871697203
0.213918606762045	0.313326595252009
0.297225531888965	0.441383083211053
-0.322827796574318	0.465100351224932
0.35555150417063	0.472528290676737
0.351971237166328	0.444984621591836
0.554426106155363	0.851794443540966
-0.300310309480852	0.366041062930082
0.152268912464111	0.162995671463646
0.21940398280269	0.264446852557246
0.462206641806739	0.592714517926495
0.0137636862229356	0.0102495003150699
-0.00658177919824907	0.00559966932349043
-0.022680957779017	0.0205938604123114
-0.345703983688527	0.498161733896975
-0.0567696428692363	0.0511043311753067
-0.046428442221825	0.0472885600282583
-0.240767600677122	0.34491341977029
0.679388698375234	1.84196794598062
0.178144903154268	0.230391125681859
-0.0315886935364218	0.0322106821221852
-0.26941402015265	0.372678496346757
0.131266679247389	0.180554719674529
-0.524702750758752	0.904398232236305
0.514589934456143	1.13959321878995
-0.058394174900128	0.0654201106037705
0.451289707878904	0.668739239871541
0.152559376334854	0.163294216326819
-0.793305382818958	1.2689759875726
-0.138482576921821	0.154988152287369
-0.0652318245950692	0.0547004683451055
-0.226671292771026	0.225302719868876
0.652675670976211	0.922144222479853
-0.584940442991553	0.7696248993564
-0.00717874990670356	0.00565938707242033
-0.112059418128277	0.113057700297965
0.607781433164878	1.18240261468973
-0.0726417464320838	0.0814015223174687
-0.398442642144316	0.681976155224485
-0.170982490018042	0.250634148422757
0.412356847189353	1.01620884266864
-0.302500624918496	0.4027618678491
0.404272585951091	0.568156889715338
0.452413115973064	0.65525395940058
-0.117502646631984	0.125180666979284
0.199255557060935	0.221088484333485
0.352021158044298	0.44505730773358
0.213110007160057	0.250123122484941
-0.61298930002636	1.12866057447512
0.572078755319038	1.04390644020491
0.423184299418026	0.819771459266117
0.35143539100036	0.599840352100161
0.331250579598729	0.595449317523188
0.488747057606729	0.921271618862717
0.219393978670368	0.264536965856941
0.029518783973238	0.0248878959371362
0.46477933894763	0.580757387762401
0.472397756354724	0.54181886769788
0.23820020016916	0.433181138165061
0.223508757968304	0.419696936766236
-0.329432432660276	0.679657446700055
0.055798562910168	0.0654755269003045
-0.378199677186976	0.502457934482002
0.45402511112179	0.867908752152624
-0.372020133775842	0.429806092633301
0.0850580050492381	0.0824696103696518
-0.752547858166061	0.938892813978603
0.0992525419898604	0.0904496410055713
0.289843178202025	0.325933786964129
-0.0913289590853783	0.115301543791413
0.0333082395601548	0.0329558143616336
-0.631810783067266	0.8303413664145
0.528168193464658	0.682523427366303
-0.461660762484343	0.584244040193929
0.592091259651308	1.26333115081679
0.263210429920105	0.32790026355016
-0.0684022756201488	0.0731570525911425
0.110415837364263	0.150856991608137
0.0463961957436992	0.0665252083444922
-0.391508805410494	0.730503907540486
-0.246117956560966	0.314358329206341
-0.00400034655285196	0.00408694083290593
0.153552755188452	0.183092264043476
0.0552188238866699	0.0613968656152219
0.525131998991553	1.01326536113969
0.12853776030686	0.164928606260706
0.248026191504854	0.285088114978817
-0.144331811184863	0.118925546263393
0.153479879034773	0.183035502693733
0.312085645565864	0.412157544650675
-0.585511147781483	0.632252207695761
0.400405977613822	0.400365021097014
0.337175752485069	0.359303368321957
-0.340351191818074	0.393970968671819
-0.248235534714846	0.260675100819117
0.0701823662278696	0.0593824592223158
-0.344527951980084	0.551209730596624
-0.269695534735572	0.373330488579296
-0.740550863715456	1.78975586966774
0.326241443600209	0.475199950639844
0.250818288835123	0.431879664184022
-0.414914432417637	0.574396495186168
-0.097787816350891	0.0873698131223599
0.337034233467955	0.359174532683142
-0.207429287129292	0.181831095618268
0.809062193879704	1.03369855316535
0.40262029064895	0.431217807519198
-0.290114892819191	0.3702304241379
0.00953599500122322	0.00830139425793095
0.192263111555925	0.236834125359686
0.161978503879025	0.198574245366989
0.602818900426	0.784243599070808
0.323770772073749	0.311043377735046
-0.00913350155306757	0.00658513951659171
-0.352016229476312	0.276666751267775
0.0701858654765853	0.0593833156011047
1.26036306886166	1.96721146416229
0.453118950266207	0.833996787548981
0.649361534159688	1.29220101641939
0.103804908297863	0.14694093112006
0.451115681973906	0.796494543295788
-0.495335249967326	0.825959908772526
0.178085004912407	0.230291683236678
0.213250723050996	0.250300962986225
-0.174998396479476	0.204861406696804
-0.176137891351735	0.196530020557094
0.0744464118300116	0.0763834055865401
0.256345151341282	0.361193463680191
-0.579921682984081	1.09941204223179
0.219724038036308	0.265008536997656
0.185998418269114	0.246947867022223
-0.0532763636922569	0.0570321059219841
-0.0118523759159433	0.0126833225369208
0.185510354745067	0.246043505658683
-0.253333354974466	0.309665744884531
0.0127131604926535	0.0140216430306392
0.699290671069919	1.39690763268465
0.219256486902092	0.264193678678613
-0.16190124879745	0.221837639910585
-0.667673946711197	0.993584211490395
-0.58743971452373	0.911442061436881
0.18610790548792	0.247102044315479
0.0380564756948707	0.0354979813971478
-0.65354933524756	1.12764621895345
-0.259868410990493	0.302657269888768
-0.0684131985276113	0.0655553604231688
0.696455908788886	1.06183140214113
-0.461298372188013	0.716759275849096
-0.0885672986732452	0.0738232868779015
-0.248039033306667	0.260445956583499
0.199427590439171	0.221296805306595
-0.175111130980514	0.205049775885493
0.289712448035715	0.325848602412151
-0.105427784228924	0.100320758694649
0.0681268235555498	0.0738292769379507
0.15294391355588	0.211535756362387
-0.14567585229267	0.212811377099864
0.552907968951385	1.19452792764266
-0.21600252510551	0.318913499142389
-0.548461667545114	1.18651138691951
-0.100649741618637	0.107445313577627
0.258269564242808	0.313455083816961
0.467171304212201	0.567979966004912
0.813168665658545	1.19219372087577
-0.0653803520391443	0.0548252592246663
-0.586331549464052	0.840603366274049
0.452807243919128	0.655845703898808
0.11168132942163	0.105365323672624
0.0961891004138817	0.0962649703007387
0.213112216633151	0.250108773963073
0.1169180405771	0.124338080815929
-0.422674377843909	0.609356973288057
0.106007628478386	0.118877062115737
0.575571301579844	1.029167252786
0.251289501872468	0.231824361233566
0.136006901969097	0.153324752818564
-1.06293367131125	1.49340480983504
0.203980054755961	0.194453573692017
0.193592059916426	0.177953323460318
0.0553127335599475	0.0615226801636919
0.2136297916731	0.284778340325137
0.150831981664769	0.221387834443633
-0.197087793939203	0.219518774921885
-0.653611888952523	1.12760605284066
0.106833112744777	0.110267131813682
0.15368648531782	0.18330026402844
0.762728284030966	1.19683262961834
-0.658096621826318	1.36260141543294
-0.475608135696695	0.656965053866243
-0.122273170520772	0.143337954769936
-0.106333396697067	0.129751118817993
0.117168834959382	0.124640867317079
-0.046351847682905	0.0472137245785609
0.881394321858058	1.95484763372042
-0.361578972140169	0.50128781830415
0.282997396672122	0.390673883187021
0.160476407005103	0.212157545980527
-0.730404034000903	1.25707771627823
-0.360257604704534	0.558202846511335
-0.72288628540196	1.5000082393084
0.405246459838046	0.596849461771979
0.0194506071747507	0.0197601314451705
0.183811600079808	0.192142164760942
0.404455156680057	0.568361575207855
-0.154975758375583	0.16443580465507
1.10769094150379	2.485327626853
-0.0176889983563787	0.0180581217390947
0.404248412311534	0.581345154257687
0.18382810069931	0.192193541759666
0.219566279480649	0.264760304312822
-0.00753209024707794	0.006865115392353
-0.0211380761473714	0.0204285291814238
0.404540898009	0.582088197389928
-0.616214342716118	1.09944121226384
-0.0228478215268428	0.0207470667694822
0.44907984820094	0.72759552160932
0.0216005294583008	0.0232390515910398
-0.0806576622703561	0.105355560367672
0.421334679057293	0.786774777260105
0.569471885368923	1.06087822875788
-0.047375173436231	0.055216692224031
-0.393846071170513	0.653323980958585
-0.420865880792141	0.721776089042596
-0.469065925395844	0.620834642847105
0.221487716508463	0.225862249223683
-0.0522586493473453	0.0406549497049018
-0.174833173068175	0.164597462738844
-0.381345233228503	0.395692174615247
0.00656838582615475	0.00646762317027314
0.117171047891347	0.124638436914606
0.462550668092115	0.593438404175856
-0.553112006252226	0.858922509509712
0.449997668726947	0.681949881636811
0.2927580849445	0.42459453206258
-0.377537478698812	0.56529127179589
0.134668525562758	0.164362891303562
0.297642240240273	0.353992087063016
0.0744066073630149	0.0763448002036574
-0.39608272049158	0.502756118173981
0.475087675482137	0.528225509908907
0.28765223149207	0.406967349533572
0.403777577919486	0.540734405357194
0.126568809285461	0.13864153321662
0.528421191132401	0.960369843557998
0.189941234040303	0.276817055106599
0.0549171365488441	0.0610415234872693
0.233646958261562	0.33582407847314
0.40499274550694	0.596195834192412
0.170288033976646	0.214398468988778
0.242143562301007	0.270524066655284
0.0746617471260744	0.0766090878785338
0.549636052449762	0.86301391438405
0.664577204833005	1.08063873012094
0.308543371662464	0.397197043034023
-0.231806106202192	0.283594594017044
-0.120977111013238	0.135474598233592
0.184726424360915	0.22146616259323
-0.486119184042652	0.727542264438623
0.0629745715154912	0.0626522146831262
-0.0757245074530201	0.0885495975164413
0.0898643856169047	0.103270917078603
0.707093537592804	1.38650759631796
0.199616277713101	0.252544830617421
0.169005036523745	0.229328518266064
0.298167942386991	0.354857290820148
0.450067638707086	0.762000802889622
-0.395695051518854	0.570503423964052
-0.11220631565997	0.113229011327783
-0.846920755171026	1.70718913117903
0.25627608762246	0.361077904135257
-0.0613649986709568	0.062382257341998
0.145077690652326	0.168296140625277
-0.730361976852995	1.25757093509703
-0.586868559473292	0.875810255882631
1.03844275191629	1.69528801234033
-0.120855885715945	0.135349836267
-0.476116840781095	0.657711548075102
-0.342978079803888	0.357126367483754
0.469697327702855	0.555086542536665
0.116953245295735	0.124387856681366
-0.131499292714194	0.132314261809618
-0.056966238584928	0.0513121459779336
-0.00730484027831417	0.00665650634346711
0.0552298551087917	0.0710219510826394
0.256233630753576	0.403621839163432
0.0196671365989619	0.0239438330683853
-0.300702234434023	0.432766113932028
-0.155061574382205	0.164539782941497
0.351929204578958	0.444814510151892
-0.417321055923688	0.504825055148472
-0.12100300617601	0.10764800936119
0.0701513633078241	0.0593517700896445
-0.282120822680385	0.24405947342474
0.0343066705210707	0.0267106636540775
-1.42768107111819	2.21699943047883
0.40406695977494	0.501213739219109
0.4723408887329	0.541829816448241
-0.0680354568605684	0.0651777441621208
0.451102389869937	0.668357529905557
-0.0386285050184605	0.0413461831375076
-0.00490899616877946	0.00547166539338851
0.256325188969694	0.361150837187499
0.0505721722424266	0.0487303250937522
0.160821275973366	0.177168309506902
-0.0439050352555058	0.0370020405112472
0.328713590035896	0.327483934177315
0.282997396672122	0.390673883187021
-0.451166990527968	0.649907316556248
-0.00758753421638813	0.00691554506233114
-0.58518592362958	0.770414428322054
1.05091212141293	1.38961278663446
0.30232935118822	0.459887127836209
0.00895996975721253	0.00935206719754123
0.0770875780424244	0.0908068159667662
-0.612968913631237	1.12857758004133
0.0294840591786745	0.0248557481203938
-0.289300542264847	0.285664444150953
-0.671864474901125	0.959983238907961
0.0137370865487089	0.0102296691165419
-0.267707235381525	0.248928632520366
0.0289038193280555	0.0171413780587822
-0.933992156297381	0.914003033691674
-0.461815163056534	0.584442656094116
0.123346059733036	0.120300446100022
0.0239461792429467	0.0215834764742376
0.203769527305714	0.194200197026968
-0.342867543952132	0.357017132748085
-0.0649522227282601	0.0544313692631393
-0.339739269747406	0.432756189417749
0.778274581382981	1.19469353061597
0.455802027035949	0.630005062101864
0.301695376980346	0.368857302345912
-0.0174732457295561	0.0178368846646639
-0.16936948938959	0.215898425525574
-0.30257844474961	0.402900515584229
-0.322626093928408	0.464743704207659
0.329973081399469	0.492191709571192
0.0683000226277981	0.0740332376488713
0.63605521370883	1.33831626501271
-0.0683881641252484	0.0655350422136034
-0.0570886071841739	0.0514253840405331
0.318825263007079	0.294928782295444
-0.677007872077472	0.927278983107558
-0.835078640104893	1.18587344452003
0.485457875618465	0.486734259075806
0.485761523643889	0.487230851729143
0.242312111512806	0.214956745449983
-0.690320586784899	0.863899135842536
-0.126319560554615	0.119752112002352
0.204173552522016	0.19465260565479
0.287764652606868	0.407216307420581
-1.06726281745398	2.07198021031875
-0.156491170910768	0.183335886425811
0.660871446235833	1.26590715004817
0.185992314235663	0.246924308341173
-0.486726981643425	0.558520750061606
-0.0242623174859993	0.0205411277578676
0.490662153414123	0.473615030387191
0.328804719282866	0.327590813941534
0.71568355325664	0.720497189814194
0.635498417206654	0.564695124389443
-0.92804432692382	1.25780305657354
0.544878174388385	0.647577425985556
-0.17607245836412	0.132033562000342
0.273892805441256	0.281002244470002
-0.152485323503774	0.152970776441151
0.250087630569173	0.343480889027833
0.0507935573643057	0.0489551471177235
-0.552744405328514	0.858132561607601
0.204014567740931	0.194477423683095
-0.00906158614235764	0.00653325236215841
0.134986662356266	0.164800935029524
0.46469635584286	0.580256534991292
0.165776505881797	0.162632427011339
0.572250497694326	0.821606601172845
0.242140111447066	0.214796641564638
0.340447256651142	0.374337557650727
0.0849578035949277	0.0823715151516077
-0.280031637389267	0.402570412404413
0.220979114233216	0.302299149614874
-0.145715713257224	0.212879630757441
-0.0764183248495671	0.0685470083017924
-0.173791021253973	0.117590988191062
0.140429200540264	0.109404308192657
-0.176729150112713	0.144568132937908
0.398751303919128	0.277008501801979
-0.202708069778646	0.190129588791248
0.937995333154144	1.20206788072969
-0.901820550666186	1.11472818189512
0.267014175253522	0.264829023587088
0.47226060370398	0.541755392347271
0.474866040674107	0.527916284870525
-0.176518873723348	0.144356761814639
-0.0630607056542737	0.0444960203825106
-0.0841000742287785	0.0898834637474046
-0.107555750061736	0.0823470758314727
-0.256496674222165	0.254154815321598
-0.138490649306121	0.154994679272117
0.170085943737485	0.2141826525977
-0.316589624801972	0.488840048927944
-0.344130576015683	0.550157676616971
-0.0472976145018359	0.0551206907595332
-0.0659711378437812	0.0830041936002709
0.256222591071436	0.403693545642903
-0.495126466166607	0.825329526421352
-1.10562235497251	2.34440445161647
0.404144547886769	0.487936812569181
-0.0785678000413616	0.060648176014675
0.485660303991074	0.487144168592243
-0.0566310840016048	0.0509866320729059
-0.207397492840524	0.181694749021957
-0.308113859730978	0.321757100451012
0.558716053886282	0.623821502878752
0.740580175979295	0.716383544036968
-0.690436693000727	0.864526088588019
-0.282034949998739	0.244000895597825
0.343180596250501	0.388707498278313
-0.0533606367809761	0.0571258608509573
0.0851812716152162	0.0900719388192974
0.0745868102053884	0.0765352960095894
-0.0459328603091499	0.046764610692451
0.838253967328347	0.876895031568286
0.644521271014744	0.746198927886119
0.399321690028494	0.293377910100217
1.18719344566436	1.28217187672816
-3.65313569847635	4.19683739369858
0.398952751279318	0.261019310889639
-0.801477639002128	0.847338954046078
-0.653368149567864	0.659746051283924
-0.13108178201676	0.0900649149244417
-1.33891899039257	2.3292755557603
0.000581712011273017	0.000624746389162135
0.00640347860990967	0.00630582984760758
-0.191657065624696	0.234664876753358
-0.144447873219691	0.119038066200256
0.345169477561782	0.564611387525286
0.565966071947862	0.831749259122591
0.624129522802093	0.944639127727297
0.125427175361179	0.148909932723329
0.347958621439496	0.417046570058983
-0.0784399084616426	0.0605682644524867
0.560067012025719	0.841741350786676
0.104763347283701	0.0740364034986795
-0.51899915961496	0.498994091320234
-0.194854482703485	0.228034354361343
0.314895363707585	0.512160404146707
-0.0839289818403815	0.0896927228811141
-0.350366319132593	0.578630235300284
-0.542781852030843	0.715714083847311
0.0853718090379663	0.0750282141312147
0.169356071484185	0.143939565088681
-0.585198593790883	0.595391114624642
1.12417299700696	1.57561389405381
0.533185558195406	0.411110623257971
0.551434241355558	0.63576148092655
0.140392865981144	0.109377863061901
-0.00710778667784649	0.00688683835580284
-0.854197283460138	1.16190821073286
0.787912447581611	1.03597363358319
-0.0091830664720766	0.00662154893381187
-0.0886740817898254	0.0739354471171732
0.235962899578246	0.255990716583131
0.155505840589109	0.126685038363514
0.450176632269567	0.682381630313716
0.322761574217525	0.459005770355012
-0.49905196014764	0.914523543218237
0.0174360090270632	0.0202802567598687
0.530364333841325	0.944596424694994
0.235799769301727	0.255719785778312
0.564085560235481	1.09245610708382
0.253245678572213	0.299203687358436
0.161120099949841	0.177588055434289
-0.370026717502837	0.533512381042756
0.467185431542417	0.567925565138433
0.469852794207046	0.555240113946443
-0.548830916112564	0.788249902970188
0.567288953992258	0.612592337020702
-0.299059469801772	0.237866335471971
1.06380407757543	1.23820336293762
0.60255296288889	0.783721394403245
-0.242626262834734	0.211370847915801
-0.325390482169996	0.319910866397389
-0.449349156036037	0.406986368246671
-0.326290102766521	0.434237916341368
0.334100212086811	0.510451911288643
0.0510039099090418	0.0491654394094423
0.655307617837844	1.08742580931654
0.497442262206223	0.461796425533434
0.264876264531161	0.174632161506993
-0.171998424677568	0.10308111895244
-0.981504005262713	0.891238633380212
0.681171948846945	0.550519576410294
-0.131212887277098	0.0901629643677175
0.123622680996283	0.0918460731870719
-1.36901546018881	1.62818523028013
0.0330556534328429	0.0327049468924779
-0.45086699153848	0.649311284342791
0.238040167560433	0.310619150115744
0.452624645446639	0.655675595347686
0.0991125392203123	0.0903242090191221
0.152268912464111	0.162995671463646
0.169523356495989	0.144067569326533
0.163521087137834	0.108760112686365
-0.00857495942985492	0.00552402401637496
0.405274588112914	0.596961293847657
-0.746759307610776	1.41808135754156
0.449246726178309	0.728092888067696
0.405266514866119	0.59694414089634
0.161891553547253	0.198445914400767
-0.314316884479962	0.400821360751195
-0.456886733411254	0.684244605540919
0.452670422981995	0.655621723833843
0.117016978777557	0.124460526113332
0.0239636197836972	0.0216062666754019
0.302615329003133	0.460378939846184
0.407051356761405	0.627349100550913
0.0957392981811806	0.104260130850309
-0.486127017299925	0.727445094648064
-0.154679493893249	0.163993115727352
-0.408406210882354	0.634335829234697
0.0745915431353618	0.0765361642449939
-0.0521275569897462	0.0405545159922933
-0.00663908391274597	0.00564842707481161
0.0453511611419463	0.0396835687753256
0.458002177214968	0.617875241389142
-0.325529243949702	0.320148310444277
-0.417713348843116	0.505509213228392
-0.197886489903764	0.208900639981262
0.193744835448829	0.178154828775521
-1.02578014745113	1.50559350189003
0.184544849103076	0.221164507920062
0.700519203454769	1.21714569340564
0.530182092275817	0.944062898692349
0.579995561023233	1.01697691308314
-0.745355170801352	1.19457123397653
-0.0859552924856501	0.0820595667687336
0.347877037250324	0.416900698324423
-0.242140752651898	0.268504710483006
0.219831545981081	0.265126550800563
-0.117317712080476	0.12493094723822
-0.0946230329892887	0.0957707295708847
-0.24233793964344	0.268772626782939
0.361663797342322	0.517269024305998
0.252957560619719	0.298828683572207
-0.436648678243519	0.578913621535111
0.352157262199682	0.445205594694772
0.279859334788314	0.296449809912637
0.0848520465506334	0.0822532148300788
-1.05049662770022	1.34894689723225
0.11636081516642	0.0987194385848627
-0.763907037245658	1.13277988960288
0.333376438403424	0.343801572304207
0.160974835993472	0.177431058724997
0.343197751544109	0.388675788494833
0.350190773405557	0.431250311519251
0.854753899032287	1.19161392370034
-0.207494907102347	0.181908604993534
-0.299085707133736	0.237851639722944
0.313544984974865	0.278639538698466
0.26711735358938	0.264966307358642
-0.19790226262898	0.208926042291464
-0.149886276946077	0.141603708338353
0.403183382174554	0.445972935149469
0.203842030478382	0.194307130478641
0.111640391693023	0.105288808290021
-0.156355174852914	0.174610393098231
0.505999910029843	0.738119737893479
-0.625918831646722	0.933154133581501
0.91999461530332	1.79951227476093
-0.0782571865836823	0.0604158205405487
0.273713154734022	0.280761862316127
-0.139945810157123	0.106076499041856
0.506066965858636	0.738385087065548
0.353751871503185	0.458550213068685
-0.0391766364356816	0.0354299987275735
-0.0727876469777472	0.0815706071672443
0.351630100855908	0.600222251845559
0.193545996640699	0.263603680446761
0.0452883819397598	0.0396292518493236
0.262182256642318	0.378609838135655
0.45270569722263	0.655699330222474
0.404312969994054	0.488163524822163
0.15229940452598	0.163029577361064
0.762854491277899	1.1971395882897
0.450101471470114	0.682285076760408
0.72297396617859	1.56000118052501
0.402307819458537	0.43093201061739
-0.340775200901438	0.394597998551588
0.399737330823572	0.385193689112334
0.155644251934201	0.126813367813333
-0.115255650230435	0.0955689696541638
-0.634879084991904	0.79715301838972
0.0292557342012051	0.0246605158800162
-0.222067513820695	0.233838915126725
0.499851625270976	0.762659002540386
0.466960290770639	0.567465100178757
-0.0515486384974277	0.0495494753080587
-0.242770304560747	0.211530055675597
0.143733388841951	0.131613867696544
-0.138345159237266	0.154805373805978
0.133394387348721	0.134317701145082
-0.551187047663426	0.82381064607919
0.213248471877597	0.25028351226264
0.408381638556258	0.64419767705281
-1.27010422801916	2.59616878714249
-0.0762984696403043	0.0684433152661036
-0.618368935502721	1.06678323318898
0.199555435729106	0.252478074112629
-0.0611124343635257	0.0621046964641214
-0.444176560496425	0.614221271153979
0.401424413173297	0.415753651511309
0.460368649477774	0.605795010940304
-0.77511535905544	1.10338446462142
-0.32638472148819	0.4345217247647
0.85137491214904	1.34498960858184
-0.218512376027554	0.242877871120515
1.37894208473248	1.87602540299974
0.273792270059229	0.280850153481165
-0.267665939351317	0.296140801556141
0.400583339660916	0.400591276807683
0.343057821375217	0.388462073171733
0.199305337500803	0.22112459272148
0.0345072570459651	0.0268788786165904
0.221533088559734	0.180579541509493
0.538900226001726	0.659431679349122
0.0834625570280058	0.0558966024436078
0.0828436312721571	0.0645519251223673
0.0992637748531781	0.090459897990577
0.402962223689267	0.445680409933146
-0.514031399830229	0.739227494100736
0.893958763049602	1.34946108692732
-0.937688677838749	1.88618595698781
-0.44450257998104	0.61495462618344
-0.105737711076268	0.100625579393582
-0.155191656927904	0.164706134081034
0.328846557451027	0.327658253771292
-0.658788207591116	0.622019672117386
-0.039467894351048	0.0250286748113181
0.18142044331366	0.127703356871127
0.267055983066231	0.264864361685165
0.408127774712914	0.643552810441575
-0.351176711677203	0.467074493343627
0.00650214145778863	0.00603145884485254
-0.206060848487356	0.263200952654406
-0.0389931210738917	0.0417504286410765
-0.155186179246457	0.164685783719159
0.312375665535558	0.412566761388399
0.0571622096910818	0.0601532253866827
0.117124722287052	0.124573769630317
0.289982176739501	0.326227853635488
-0.156600315557768	0.174977691320292
0.0854457241981349	0.0751057605227102
0.469776805440562	0.555213382013151
0.182182159292772	0.161226947230601
0.0293927256273816	0.0247791101909419
0.26702160007992	0.264796938897427
0.0203634814165642	0.019519787900762
0.460156322453889	0.605397236252348
0.65502489337347	1.08660948432492
0.403252181492697	0.446003414064517
-0.453704699026737	0.547962550346864
-0.340726092728912	0.394495318798767
1.00752478562848	1.8312179813558
-0.453550552507661	0.547822759838481
0.0507077611429966	0.0488715238230359
-0.0884725005907814	0.0992003585911682
0.449520017044134	0.696758294927061
-0.924343732402764	1.41704929696716
-0.372077410535084	0.429886034936529
-0.0532201614372321	0.0569561681874459
-0.0534214830207232	0.0571951798436088
-0.903401785888796	1.4394208760361
-0.105623563739666	0.100520020534928
-0.358207435286309	0.39344370276573
-0.358330287477982	0.393609040515594
-0.498991042221343	0.630352562506224
0.813164984232143	1.19220937725065
-0.801696367752016	0.847822357958661
-0.289083021441783	0.285398898029998
0.155148677729042	0.147184445200027
-0.236872097652879	0.276409583952376
-0.492862901255025	0.593979150232016
-0.146913413667561	0.130113969916227
0.226114156803612	0.28010122232972
0.347917732913488	0.416922255478397
0.402490736230108	0.430973058658753
-0.00722054879063275	0.00569185695502221
0.0959785338507246	0.0960202617518692
0.497063102201755	0.461548138594148
0.399694028346507	0.309716645373078
0.477759569618743	0.514009016838122
0.475066718316998	0.528214379713453
0.0855827664816518	0.0752206875694438
-0.175429561864361	0.154593407368089
-0.017464140430185	0.0178277430588816
0.273751062501795	0.280819133961437
-0.175336601108955	0.205360443675398
0.60157759386245	0.971315657847962
0.133630300959042	0.134577960002413
-0.267592420035122	0.296009216931448
0.684786976889007	1.06659899130764
-0.0944930290534367	0.0658343548273408
0.323921833996589	0.311248890468636
0.399483157243663	0.38476645005174
0.576063374513988	1.03059204816581
0.549596577262761	0.862905010050538
0.798532092758626	1.3430464215927
0.305149206666709	0.382968962181717
-0.68539670259381	1.22220483133517
0.312310762238298	0.412358476266963
0.297970421032274	0.354617952363621
0.253345238046797	0.299391453591526
0.301467855965255	0.368456172582867
0.333124738953948	0.343533144361896
0.538927226045076	0.659506444651676
1.00966567983707	1.53016719955366
0.242256291761841	0.214882302572284
-0.0344587378778064	0.0245926932621144
-0.643550461480804	0.730915650386072
-0.967009087763774	1.06776186767796
0.806965927890308	0.875754372941682
-0.835466203097137	1.18679917205162
0.404064766974225	0.487812439342639
-0.587220124406965	0.876777530563128
0.0121182607867149	0.00982643358141462
0.336882236921312	0.358938862814481
-0.0251664663323575	0.0269449759276751
0.213639633627066	0.210720036163292
-0.0439788860785742	0.0370613001196706
-0.120895854272078	0.107536091816677
0.528629135219771	0.961052730421004
0.885353568801443	1.79355623350916
0.0451513856619093	0.0395023698465799
0.0450893648614502	0.0460116402146407
0.0960002394065392	0.10458271639977
0.000962008490543708	0.00103332794394879
0.17691554448611	0.206321850885062
0.106924448552031	0.110355756768751
0.0136810042317869	0.0101887026862572
0.400622053549678	0.400610756240387
-0.977683526024863	1.38012105229694
0.57713114533081	0.60189347275995
0.196657324790361	0.145866264172984
0.221554871682995	0.180596168149768
0.404090948896756	0.514538181409526
-1.42781038933124	2.21783856153258
0.328916746671993	0.327699391224416
0.251221887971003	0.231740571177969
0.191707887920722	0.206558579679133
0.451709842320494	0.798055143269084
0.319313502012652	0.443208168430686
0.608474105158019	0.962020928201171
0.972424632377022	1.05484399731642
0.874585109278181	0.879300443891358
1.28506059355487	1.4899189792874
1.0442650852691	0.754232399790507
0.0423019477325416	0.0299761365242794
-0.176138766646554	0.132087158591399
-0.00645917082308286	0.00360555572465806
-0.461611537385337	0.584175771926949
-0.752780100959592	0.939378408331054
-0.00456188205044056	0.00466184431531249
-0.231600547083291	0.283318118280118
-0.226562553349009	0.225185413593254
0.0743012956111576	0.0762193522894034
-0.358330287477982	0.393609040515594
0.104936634058545	0.0741646617346708
0.60212808131583	0.582677862661651
0.396132754922445	0.226326677718278
0.875483791451199	1.64115996183234
0.722648643069628	1.20737793159779
0.199175187640881	0.220985698276931
0.20070424919118	0.280254029873771
0.572157075847516	1.36092601335157
0.0451055014187575	0.0460305925380655
-0.0880032601260754	0.0986240911235945
0.357567471042265	0.487268929261835
0.451139850988525	0.66846472358966
-0.135874817079541	0.144518075086787
0.623950235474576	0.94387628620799
0.106710249066985	0.110126333778417
-0.766721470804154	0.909156511770156
-0.218381958985434	0.242692349738728
0.00627191368720477	0.00617474449722147
0.403821624359554	0.54080327026577
0.199125370461929	0.220919519719503
-0.481175415778146	0.692126567991797
-0.0515541493172659	0.0495587626529523
0.287931685595767	0.407504092856291
0.348399303824449	0.417517407137527
0.13585372183437	0.153172567725492
0.403947634797808	0.527709548130636
-0.233453395979838	0.218021874193932
0.489801044718204	0.850846389617691
-0.176067454361925	0.196449767887015
-0.105436513160004	0.100307129473174
-0.586611364664889	0.978500977259523
-0.242045666078818	0.268416867577642
0.664571396144396	1.08054005738572
-0.17661852544982	0.144446147054795
0.40387767150958	0.474137979401492
0.25956847589982	0.2484546479148
0.0507935573643057	0.0489551471177235
0.594358802705345	0.793708439960959
0.00681705279024829	0.00632427398739098
-0.854709949886538	1.51773793474106
-0.175081549422777	0.175126282918183
0.070254877909402	0.0594425210465883
-0.62915048081339	0.863564281581963
-0.152273261197249	0.152732160731676
0.206630074516043	0.268366948158405
0.29298646017568	0.424986765259712
0.119318774835584	0.149054804998385
0.168970188087831	0.191550518683389
0.565754359401696	0.831139929501593
0.169456415548078	0.144029270071716
-0.131302917296805	0.0902033142079328
0.221634409716795	0.180666836299257
0.0345541489945083	0.0269118482120992
0.52798236859026	0.682129283519949
0.400223193015318	0.399969927216048
0.209712239774351	0.16326463549996
0.0570844125536284	0.0600664093563204
0.769448305436166	1.34643441028078
0.160725753813472	0.177077475308131
0.674517976659463	1.07392807861167
0.459830063448392	0.604813938569571
0.155505840589109	0.126685038363514
-0.00917765366808915	0.00661760987460806
0.294669620325618	0.229140922317883
0.67492899486036	0.7310378296845
0.532403785408131	0.928823456176762
0.255741925901272	0.359893304922325
0.0450490580068051	0.0459524306464579
-0.237021442240185	0.276623789401923
0.247742846337775	0.284768103371206
-0.0359295937423315	0.0346382595907823
1.28321748809732	2.30593355981734
0.0958269903775517	0.104386538585385
0.0379371152960915	0.0353911480041938
-0.0580288584406501	0.0650028790054048
0.602742919691665	0.784214526000998
-0.0174709030046212	0.0195028987183153
0.843823795284353	1.64107346702699
-0.194881546393659	0.228061109251031
-0.122209327821529	0.143259992265657
-0.13844768568524	0.169303565330158
0.100251670000105	0.11855434145344
0.125497046991704	0.149005312825631
-0.259929205564585	0.302773229969273
-0.384842349652772	0.466681123158589
0.116803686445164	0.124201654063308
-0.546252721378857	0.752515338672295
-0.493071054948906	0.794088695808239
-0.103981527787018	0.11650126608416
0.0963915502758064	0.0964810898588625
-0.17556945082239	0.185808126149467
0.285188364917942	0.311428087633563
-0.885269959818942	1.46406413635514
0.502581424801686	0.749807732564874
0.696406785290046	1.06150755767777
-0.105623563739666	0.100520020534928
0.350117073866827	0.431146046302217
-0.0684241685016868	0.0655716984676578
0.459960631611535	0.605162446793014
-0.504604263275368	0.666751572496423
-0.354473197836318	0.430667524055647
0.100064430948797	0.118313573033857
-0.587477434231827	0.94595949138599
0.137249119831822	0.180724425513823
0.259798448851452	0.248781431235487
0.449343181128539	0.728283604539489
0.722050869291138	1.05157581573355
0.751986224336738	1.04301124588454
0.328781308754763	0.327576891010194
0.169428199350425	0.144016971661243
-0.0889218938821686	0.0741579498049815
1.19372675470045	1.76836546070695
0.541303935645131	0.886814921535216
0.10697415272104	0.110417288320687
0.242087657260901	0.27045468936063
-0.294871894336475	0.325333807522093
0.289622466908748	0.325729413214914
0.19364592999165	0.178007481088447
0.693776913147562	0.725364716029639
0.562573795554229	1.11147828385118
0.560080527603721	0.841849697982012
0.795054466483924	1.19330313329054
0.323942080836994	0.311209621400314
0.123327839882483	0.0916118316621452
-0.0346178706262051	0.0247078734374804
-0.0946662354950037	0.0659547185870945
0.481518014125293	0.500631312751705
-0.719674781732239	0.767300271531753
-0.0174368197463115	0.017798878126885
-0.237096104747023	0.2767028431974
0.0849578035949277	0.0823715151516077
-0.256389526573598	0.254050921496341
-0.267504026890767	0.248616304618242
-0.874244300398611	1.65620207530559
0.528048370134328	0.68226148000957
0.203914535259565	0.194403201903386
0.247723480278113	0.284731944241907
0.0571016023194142	0.0600872354380153
-0.417371390673875	0.693496415092368
-0.387232956050631	0.536286732641111
-0.0773083148066989	0.0784071451778223
0.183632669321405	0.191953835853648
-0.61659795482557	1.41014305353985
-0.49030284016376	0.762081956404625
-0.371955261520069	0.429696040163365
0.323921833996589	0.311248890468636
-1.43560207821051	1.78747652123599
0.323987154456627	0.31129512814758
0.402278283486287	0.430889821624452
0.0635944760897534	0.0473173541973904
0.602279817140659	0.582897967718392
-0.0343575735985559	0.0245175831835136
-0.394644040144202	0.432357913336673
0.30154402023457	0.245833358350572
-0.212778740609281	0.172641686069342
0.184987353156015	0.221825867539428
0.554345900178231	0.851557942753669
-0.429159172055619	0.642609850534774
0.221442042797736	0.225800217031494
0.403928135433834	0.527531135641564
0.711876100216125	0.546394638638759
-0.0759270521319743	0.0473049630283594
0.264695320532999	0.174570131584808
0.621524443128908	0.76478106881981
0.455857584958321	0.630116360276473
0.328916746671993	0.327699391224416
0.169721962263203	0.144240643409739
0.058487651644296	0.0369500740198118
0.712166577289374	0.54663314479618
1.15014266729831	0.774326861652598
1.21235821634127	0.971237252051548
0.421940232943456	0.802316988703525
0.860929859976868	1.03510641748529
-0.282223181170317	0.244214739727755
-0.0629766782359563	0.0444348386490314
0.0633734730104207	0.0471434643677307
0.141865183765722	0.0887267375760719
0.0992952329982073	0.090491414081915
-0.231916651539192	0.283698152848539
-0.885859837449702	2.1005123951524
-0.372046556464665	0.429847570996158
-0.27629854063373	0.337319995154367
-0.325145477918989	0.357976395017254
0.408500187538047	0.644434849405505
0.0135754417574705	0.0101098692341955
-0.0975910288956103	0.0871811478526604
0.106816386703658	0.110237184457817
0.0279256096868814	0.0333564708558131
-0.189141344445378	0.269159450880245
-0.248039033306667	0.260445956583499
0.10670452478031	0.110092858475131
0.285145497443562	0.311464475339131
0.35536480122684	0.472365076351943
-0.0227420973829816	0.0206491280976645
0.454118472819662	0.642762064182442
0.343454690077813	0.389054843016698
0.116407993222198	0.0987680366186473
0.611880918276854	0.774596659535314
-0.384842349652772	0.466681123158589
-0.175985918182125	0.131965687487415
-0.395475355277615	0.361048969818984
0.340306907473226	0.374127820150125
-0.658533055861675	0.62169931960784
-0.0888611589655263	0.074113757340938
0.347925979406673	0.416967816841049
0.220691404041376	0.30191234394451
-0.173066178963828	0.211936952439988
-0.0772709253558376	0.0783626070939184
0.253123701628745	0.299106864983789
0.204025043532017	0.194529512607807
0.181551804261509	0.127792825572201
1.36834733364942	1.3634932741219
0.178394582455224	0.0879597751455033
0.398811843473839	0.277059701974975
0.163523595034267	0.108757021919746
0.307663275138323	0.262180489483787
0.193783029096414	0.178191540196123
0.259848746317986	0.248738850419908
0.140147275170435	0.109130089206393
0.399720607549941	0.385193537883879
0.968679705784598	0.894791434390984
0.750842858445568	0.546344713229705
0.845834238464192	0.714821367838863
0.918554528193919	1.3525586073927
0.40045015938378	0.40036950591924
-0.0437821205088778	0.0368973783968807
0.155522377567292	0.126666710469529
-0.0943803103510877	0.0657370239083681
-0.44468080180462	0.511546557625062
-0.618231145936291	1.0661936999771
-0.175230046373379	0.205225353633784
-0.745249423968695	1.19414098780574
0.0449846176163555	0.0458963905306244
-0.23720003279916	0.276844870434816
0.406024312935372	0.611540705061153
0.298087251632643	0.354748237963879
0.402958525427613	0.445645391287292
0.20622451719381	0.235372279724748
-0.397815953932952	0.680529691595554
0.206354293119036	0.235554105118371
-0.275788100544978	0.336433948731514
0.0682544862380082	0.0739908712703657
-0.267866113634297	0.342144292446465
-0.0302837370961093	0.0338538329240543
0.31211807774679	0.412229790216421
-0.387541157604875	0.537026978872001
-0.062844101700979	0.0443436364973041
-0.115274050396671	0.0955989679801545
0.100517012950103	0.081815294892428
-0.131574553537849	0.132411202600883
0.143443296546321	0.131352418547527
-0.581772393937408	0.516603728381565
-0.822589807937356	1.02222003348671
0.642760872641496	0.929880302482301
0.474980588205305	0.528002032267542
0.851146355953483	1.34471204748332
-0.723602758763614	1.289681589113
0.522990812770159	1.04843462843952
0.631986292064476	1.3533732506426
0.0569541649114928	0.0599191497470346
-0.00688313688833409	0.0062682694126142
-0.376077386551352	0.319792328705742
0.715182695447538	0.719780686300919
0.711994689914987	0.546635957220775
0.929815994529205	1.04617082712758
0.474907917253927	0.528004929785087
0.403152686849361	0.445902038930171
0.301471203433606	0.245756967648076
-0.449835675409196	0.282698812654352
1.36216788507174	1.197393867706
0.565879602656358	0.831567757912251
-0.175213377891908	0.205218701662181
0.05640158851146	0.069506262110841
-0.104008845538606	0.116541633541171
-0.77646010476523	1.51925314082128
-0.187219999318283	0.238908139384469
-0.624211270266021	0.967301758168127
-0.434582454179935	0.675471171211905
0.489961066275266	0.832624559900431
0.145069092013277	0.168286936464272
0.263568380077926	0.328561352154291
-0.746865697644921	1.418415422941
0.0331281756461986	0.0327782244041192
0.45578270697935	0.629855197565214
0.810938478985977	1.8242690466567
-0.300586583865649	0.36652217284167
0.403924784530953	0.527367592029952
-0.0763013890051514	0.0684322662995794
0.624210943346454	0.94485241076906
0.206162139443934	0.235277286413657
-0.845760482055231	1.35046997335069
-0.25650657953184	0.254076316623486
0.696439340297292	1.0617754168427
1.2269557508827	2.10804195863261
0.403658104354566	0.460352685124973
0.328802229758059	0.327610676262534
-0.198195195252809	0.209266897013615
-0.199644246462065	0.199062030861595
0.0241506672778524	0.0217810073218826
0.449270766777867	0.712049088622277
0.134717451456605	0.16442194333887
0.579891917508243	1.01639386805931
-0.615887127458072	1.09847358059296
-0.40598472164748	0.538763115866101
-0.427442170525677	0.541932361003437
-0.381083647326131	0.39513263254801
0.25972767526674	0.248698846062927
0.48145705699883	0.50059294856156
0.258373363440143	0.313671607605649
0.0186996940277383	0.01258294431161
0.181338272981322	0.127601363220539
-0.00471351223080486	0.00218494087160831
0.301390842818779	0.24565835540493
0.106681836554046	0.136325958195959
-0.187481097864173	0.239309185076856
0.692768999594283	1.41023286331061
0.0663138135651511	0.0759002701634758
0.0659657772238166	0.0834030978511505
0.0663537564015263	0.0759684646388669
0.273464856912725	0.359045315383782
-0.486486895465741	0.728415187739058
-0.381247191543759	0.670738027511548
-0.554458302733927	0.956850612688103
-0.0862964415402946	0.0824180035259722
0.0241017806293605	0.021735693931052
0.35205736327238	0.445060038677538
0.0509346651402756	0.0490868018881036
0.0376900440776968	0.0351468175148757
-0.226853912747177	0.225507590816325
-0.305787650883357	0.282789249906135
-0.0977247913876689	0.0873082489863208
0.0851812716152162	0.0900719388192974
0.403985075932894	0.514384998698258
0.544970922561103	0.647523627970969
-0.197642394264529	0.208556970050107
-0.61861179697664	1.06752923185217
0.00875824448712655	0.00913826957549112
-0.294978315625826	0.325533958566811
0.126388820552642	0.138399305533283
-0.300315766463066	0.366058737637111
-0.275964224986277	0.33683073120702
-0.585754875833011	1.01108066220117
-0.0771344358639092	0.0782170978107045
0.267869976962749	0.396325422327295
0.0204338683154879	0.0195868248767286
0.50614733149357	0.738518233318055
0.00927473680760898	0.00807698919189597
0.143408688284041	0.131311893990274
0.106869174688886	0.110298642107088
0.0378205374250363	0.0352779440516068
0.161707811822231	0.198154465366511
-0.00721314759007378	0.00568626103855828
0.365745237323949	0.547987404734075
0.23217037788665	0.295308691111119
0.162474472646859	0.199166708199127
-0.0234034745833981	0.0292530409079103
0.190135417628002	0.27716094324366
0.0553990606877451	0.0712437370138499
0.0961129579300319	0.104699477842337
-0.175221713058584	0.205223574643697
0.199230654151634	0.221062866526472
-0.36145358291672	0.500907718476344
-0.522753711197276	0.842194294581809
-0.112472463367529	0.11353484558521
0.729823496254133	1.54624659649123
-0.618656109883045	1.06744198370971
-0.156712811399749	0.175131468131733
0.405955457132297	0.611711335490191
0.019303958249695	0.0196084688437739
0.363651929945047	0.532350591905165
-0.248153601053265	0.260584934808828
0.206089492027349	0.235172505007629
0.273022375731382	0.358219363332846
-0.370032858609638	0.533529829250544
-0.0437539595492029	0.0368669676735191
0.143294088501869	0.148864385168438
0.355398022896696	0.472500543796577
0.26804949387153	0.342831741956039
0.106067027412666	0.118950048144537
0.333754915760866	0.50973399187358
0.357314827476962	0.486841561884423
0.632167382310103	1.35428337020761
-0.200176046549337	0.29487492359965
0.313358298694533	0.606069628413933
0.261144742586826	0.420305820633336
0.607589910276487	1.18166825788364
0.09641651513577	0.0965106027839871
0.221413550933508	0.225726518765489
0.105049535557678	0.0742481845089258
0.404160228175595	0.541236264264633
-0.00769286212310478	0.00701087800009649
0.449479400322117	0.712535613282354
0.0011263931361927	0.0012087290458582
0.404197744721552	0.56797643249755
0.407039168471194	0.627611221061958
-0.253040760419532	0.309202409322853
-0.351069149590092	0.466791656797149
0.032905636535159	0.0325523049618979
-0.0946230329892887	0.0957707295708847
0.448824232047845	0.726918473013043
-0.481133702353605	0.691951983432223
-0.498934040357599	0.629922379541633
-0.267660318613673	0.248855752807277
0.122734129221093	0.119645590818932
-0.629261793444329	0.863574214702149
0.652787292560569	0.922250600385855
0.633073591348177	0.937110387783165
-0.90338461368625	1.43942848206497
0.285085514166529	0.311379798568802
-0.539900059042483	0.680790350824037
-0.546236015787346	0.752431194654551
-0.54288837719757	0.71590911318799
-0.0862798717744979	0.0823960368257033
-0.211128979786333	0.258421247745242
-0.175016412092986	0.175052054547952
-0.121106843497235	0.107742526371518
-0.509365859043359	0.702665417362479
-0.211197757659461	0.258487147357081
0.00630098339598406	0.00712792157114438
0.292908964606683	0.424794856608358
0.0683851235793973	0.0741396512326159
0.589438526254568	0.992020760202012
0.47210785140616	0.5413245610176
0.301553903661875	0.368636251595216
-0.302526825603655	0.402759866223319
0.419739690440901	0.76849195774498
0.403985075932894	0.514384998698258
0.308655569107045	0.397444551626186
0.0329355928756123	0.0325801205546422
-0.0608770375865613	0.071053753272517
-0.313505336970981	0.434696661525853
-0.00391337750187784	0.00399614073937101
-0.330768701295052	0.494174659571079
0.206924808179376	0.268889253198783
0.0958791793113913	0.104451026889059
-0.231886655618249	0.283760814278767
0.111812074858433	0.105488970885711
0.0290698740169714	0.024490481015797
-0.199552926571979	0.198956411553066
-0.0535056452341613	0.0572702387676641
0.00646391245482613	0.00599654002824626
-0.308219246822686	0.321897553007215
0.748477123155218	1.20002761067443
-0.58740872706551	0.91135235802848
0.258553884233027	0.313900527831745
-0.090445298526271	0.105876573285243
0.0380426735783707	0.0354940500020205
-0.253080755730847	0.309265762929511
0.175262933535724	0.177629655268023
0.219911675560724	0.265107459806548
-0.0227257337635311	0.0206311769072695
-0.246168540992428	0.314481237283495
-0.225872158341468	0.288631518605027
0.27806386763718	0.430913204796538
0.244525634876796	0.327613742131803
0.6207845256335	1.13838081565135
0.626691651627435	1.12700878432779
0.220573334620685	0.301707419773985
0.237788018763193	0.309965756883183
0.403712193411813	0.553816719026187
0.244196647004452	0.327056713241895
0.0572834272922015	0.0602792584192059
0.0791970233924288	0.0884146847138916
-0.205173603454326	0.292546626245069
-0.225759812345625	0.288493745125892
-0.23042758690175	0.318155773699674
-0.492954216314325	0.594194130903937
-0.0443750905212175	0.049682001744655
0.22891612397041	0.240883595742922
0.532214733620437	0.928353782183884
0.572629858012054	1.04539796116926
0.238110041082577	0.310745911484152
0.616066435504062	0.953339519960964
0.0961947142637812	0.096275394272617
-0.00415049530473676	0.00423781458578804
-0.0358922523941764	0.0346014241217935
-0.020946117849429	0.0202381901383349
0.169178215415421	0.191800672860134
-0.105550617409253	0.100430866561756
0.0328356280911746	0.0324777640821569
-0.326477917730018	0.397431450259853
0.116986242578329	0.124435889808467
0.655567301919203	1.08796710171974
-0.00419397094284491	0.00428355609415179
-0.249742016698822	0.345453868258029
0.115090289366448	0.150799993362667
0.26187808397804	0.378051638320222
0.722740682946719	1.20746563628995
0.403993367755807	0.50104890620609
0.0190877549890215	0.0193824648789048
0.250449347685135	0.344182985884416
-0.225909549994767	0.288635928528415
-0.339703923536132	0.432720341051535
0.312298031887183	0.412488586350561
-0.176124552368261	0.186450195459141
-0.117401990193339	0.125054165143732
0.654720873285037	1.27844583012974
0.716007679838367	1.57176053880426
0.0332822376646957	0.0368766343721768
-0.695737412875195	1.15748139076361
0.250623548193167	0.344378611334108
0.176883337874842	0.206277435943274
0.30876555090539	0.397635559548605
0.0742966094203223	0.0762208603125747
0.253179084151107	0.299187442166145
0.722951943266631	1.2081054209325
0.0570581882182553	0.0600383915724397
0.291754792499849	0.482384032298571
0.186041016870006	0.247014794218699
0.340401568635846	0.374282021272746
0.161838215610469	0.198365931258671
0.615955128578946	0.953099856319482
-0.0359981654464921	0.0347063330825072
0.199180822958796	0.220996664061345
-0.0773214549713772	0.0784151113560521
0.0202952596952933	0.0194520767994672
0.245975019887217	0.370792520906161
0.450055433166575	0.761951625291789
0.273569219645469	0.35916631829468
0.35940063397173	0.501671369303754
0.292888579284279	0.424788072237572
0.984307906012513	2.11970394170922
0.566534511146977	1.07616975137451
0.357354682491369	0.486918223696486
0.293909635505928	0.340108756356844
-0.295166532901996	0.325779471328233
0.0630201176056794	0.0626918754107256
0.319486697625651	0.44347971074389
-0.492996131441189	0.79397198617201
0.711347557589902	1.21282515352313
-0.086166222242966	0.0822852376220224
0.133275618323538	0.134171853745618
0.334109406654324	0.510425903532289
0.106171982525223	0.11908084185285
-0.246048418021081	0.314297307474313
-0.084056208583519	0.0898303070181474
-0.585171712226752	0.770409672318542
0.0626799721224248	0.0623286038307003
0.0451578738974137	0.0460869146207616
0.611456484620685	1.16634452260633
0.0380371269896079	0.0354875685602296
0.247878926400718	0.284949355948286
0.497067130112413	0.775246970352687
0.513739890008984	0.715005520395093
-0.434377118252521	0.675157369280954
-0.977890340142739	1.37971979294716
-0.504628825050237	0.666774429353539
-0.536651110508058	0.64549352043819
-0.152191756464167	0.152622769538539
0.345896888142398	0.403279206910183
0.199305337500803	0.22112459272148
0.297900825284442	0.354398213763939
0.184857971996139	0.22166353699917
0.256039758672898	0.360616425469629
-0.121935867090759	0.142895217506156
0.0505417062072143	0.0486993319218878
0.199415035008906	0.252294791681147
0.348080945601793	0.417217812660193
0.404170414301956	0.487893853470628
0.499741626963503	0.762531182823778
-0.290442444398743	0.370774786215841
-0.39582568212281	0.570438201588158
-0.414949561299545	0.574483828300335
0.586207624930571	0.802099328721327
0.251579956397944	0.387932919483144
-0.817172360518161	1.59885219376187
-0.187448407614597	0.239251139582287
0.287898358029747	0.407454500086288
0.0462588795278577	0.0555027426612029
0.193737166159259	0.310609904114278
0.0825527564270066	0.109443362480962
0.455926617280593	0.630128587933815
0.0202930766075981	0.0194512213234959
0.00905041507464412	0.00944732574721002
0.762959392783233	1.19749810239555
0.1611532794018	0.177602520057165
0.814701716002855	1.34266439021472
-0.242226777893062	0.268644870784432
-0.0243851180441524	0.020647877085158
-0.056966238584928	0.0513121459779336
0.523018232396568	0.69324283720563
0.228973437815295	0.240965735210946
0.345733059359313	0.402992082105718
0.589508657785375	1.27950548571499
-0.0476758760511567	0.0555839444132911
-0.52470936564904	0.991639169838117
0.0331240347532813	0.0366954796698104
0.448887354603517	0.727142761182425
-0.0074961239985625	0.00683131375824194
0.350068213578729	0.431022936623236
0.053321903589276	0.0433405584915242
0.059770788335883	0.0541957833053013
0.193758848856327	0.264005332864133
0.0853471564871206	0.0827328025363362
-0.346168279766813	0.49910452381825
0.123133975069844	0.120062960130294
-0.660783023086377	1.06211101592047
0.231751070643101	0.363110158427157
0.176990689634839	0.206429264352669
-0.294937903629928	0.325442749349134
-0.500168731413286	0.969822258790839
0.162956903088642	0.291625135082187
0.0973038310216747	0.134854022246232
0.313346046806181	0.606073132071286
0.489649777997165	1.24311565942904
0.283080295536736	0.517393021683439
-0.427228967514133	0.777425667786987
0.0453835026281051	0.046319903008853
0.155611002555222	0.126787233913766
-0.408656637598621	0.634722130362973
0.337424814783812	0.527251693146107
0.0831370938035057	0.064768146699759
0.242256291761841	0.214882302572284
0.464702237255973	0.580612600567099
0.0828490166456186	0.0645538027913875
0.624389923007012	0.94493771726865
-0.0240166808241626	0.0203203185759745
-0.215301861328405	0.251544784614152
-0.483898903443438	1.01502587488125
0.268034446738264	0.396566737576027
-0.454686712476518	0.877787302944046
0.0448977901821246	0.0512214364595222
0.477937726336493	0.514250197665901
0.301517681127355	0.245819645773621
0.117276625637515	0.124748604715211
-0.202594041643648	0.189974762638191
0.256019799584084	0.360585800882203
0.0190789007969821	0.0193740678757245
0.259506561794942	0.248392743593742
0.0851917884953246	0.090037323201526
0.794959755060749	1.19329049546186
-0.0228172658285966	0.0207192705752492
0.450281248929115	0.682621295731179
0.560005776419488	0.841750485810099
0.0335195489720138	0.0371440253976413
0.18731444374569	0.31837321307461
0.016870205468772	0.0220519063650979
0.390180300028033	0.723914430596281
0.645309731694068	2.00806192856472
0.139042880482246	0.223627866751393
0.202291809949809	0.308215265369014
-0.0568924557925054	0.0512439035483968
0.594410832184268	0.793393194452407
0.0595664958916795	0.0539967129395796
0.594313107275437	0.793645325715069
0.879000931077504	1.19277600758083
0.100356571013857	0.0816879029241327
0.884194193817001	1.4968104784628
-0.0570560005417592	0.0513965525292354
-0.343047101535124	0.357200425714972
-0.326663749412079	0.397654754909013
0.176470757680383	0.245441857718767
0.218735803321371	0.399175512115845
-0.148869864412991	0.232059216923489
0.0332761462746614	0.0368705816080713
0.351086452275419	0.598831503384816
1.17401273229279	2.68747590645289
0.399669612881777	0.325434377115977
0.232245774514475	0.197644152650528
0.917520350582885	0.884633676821758
0.029518783973238	0.0248878959371362
0.130515483795563	0.115130377850291
0.85099542056589	2.16010845105472
0.256001406024779	0.360374454709272
0.328757907284524	0.327552646466185
0.602625465533807	0.783893490348141
0.165668079463544	0.162543887243982
0.418288841055016	0.750930928840238
-0.0681523945514365	0.0985463280350577
-0.357062727089368	0.814719288152089
0.394783183445479	0.797317587481561
0.894141863906521	1.34989624558195
-0.518738876733916	0.498713230147624
0.353350927128188	0.45793455304564
-0.394498951163793	0.432116154525585
-1.299277607019	1.47254555813649
0.169577724751783	0.144149157984512
1.084316563775	2.01964094708281
0.204135551826356	0.194628692539946
-0.897256724889073	0.93991294095813
0.116414071685535	0.0987577253160608
0.135873108030105	0.202024924568351
-0.107063867402254	0.160731090874502
-0.269769012743612	0.45450328425693
0.102863994434525	0.137378039592027
0.233509204634418	0.335588623647262
0.053325811752799	0.043344607396408
0.399202363897532	0.355292174079647
0.398965812529665	0.261023979914902
0.846124294069892	0.715169985531734
1.08201699621029	1.08405169334965
0.606840474184464	0.368014046586871
0.396197438898127	0.226365511940548
0.898534056931897	0.723499377018564
1.15466426704745	1.109180653183
0.674791919401497	0.730859954990492
-0.152306336384234	0.193904297627215
-0.0509765518547378	0.0617373223302102
0.530586025891078	0.945108374008361
0.533360493953274	0.671113861272974
0.48725406044392	1.0061994089721
0.372817885836604	0.176161081982385
1.31690798760239	0.590129049397097
0.44025009120492	0.120379994939149
0.439871247620891	0.120233355559156
0.956055118653698	0.344844233810228
0.178519367863822	0.230964855759639
0.285687969554912	0.530834834874592
0.0567336438099836	0.0841776756352852
-0.038340173895898	0.0515984452106889
0.0697828004117157	0.103137831705092
0.0190738850534351	0.0241277722392301
0.343064991538499	0.737681938960129
-0.0307932534605502	0.0414022301071559
0.269289684571429	0.450972858725183
-0.291225798888367	0.403568565553097
-0.410207211738987	0.766080152636449
-0.23047237254708	0.318345810357618
-0.819095784173764	1.40714579212686
-0.231580460777403	0.2832328207763
-0.447590322943195	0.793050017507602
0.453927459071476	0.642408987529529
0.213138480931536	0.250141513518557
-0.915961950388182	2.06332347118089
-0.469308961412438	1.00904958686207
0.341362295851314	0.695985419149865
0.0282034204139208	0.033697523283214
-0.48621541285003	1.0463168121526
0.319043789759738	0.670215663698024
-1.0213220183443	1.80161541305958
0.143491301322111	0.149070201022286
-0.0945393578382475	0.0658711107151154
0.328666800003836	0.327405518418645
0.497343176313332	0.461819887770308
0.10031414367177	0.0816482430092078
1.08448779954211	2.02012546072998
0.684827677452455	1.06696851843693
0.769068823866687	1.03929827966856
0.333074822750697	0.343370762938907
0.104789667136975	0.0740535564195607
0.140212086942194	0.109214026574701
-0.0684262962946117	0.0731840618533293
-0.0662701943920521	0.0834085298183657
0.238255888561981	0.311036940727343
0.307139641269244	0.557733884193105
0.074707132941377	0.0967930507176468
0.545010832106634	0.647872841636134
1.03241977236141	0.911176126539993
-0.100711867297307	0.053558502180433
-0.167814701890377	0.0869867978736486
0.250856326202682	0.155333043784006
1.36846594563983	1.36392177573483
0.264755643837087	0.174602748105253
0.0480050835828071	0.0242224684999677
0.339974560905818	0.673882200254129
0.109692784978215	0.158377643124858
0.256299362718117	0.403861905155216
0.250727745591947	0.344609341460052
0.238186016207525	0.31091853051489
0.298584608693306	0.513479926704951
0.145428190376739	0.224396015823646
0.58961378139191	1.2802882114143
-0.791693265448626	2.14578876919208
-0.391610214773558	0.730586743562074
0.0850690438272923	0.0824831271986602
-0.417343389795138	0.693514113479825
-0.0840750739509012	0.0898649716780283
0.0336716682244947	0.0373162431046082
0.562609224220782	1.11161142374562
0.658785001034798	1.71068274062665
0.183366799101563	0.336086225665745
-0.29683292675064	0.547863031843501
-0.439120848866391	0.965186363952071
0.119437469180774	0.189794211375183
-0.284923612916594	0.480834165944822
0.00146286762367354	0.0018338820880348
-0.0387529653145215	0.0414896457929147
0.199255557060935	0.221088484333485
0.289753320327754	0.325960674011133
-1.16250692568332	2.03895979880633
0.460131888394808	0.605423853474958
0.276193065963427	0.574922590205714
0.394874831675216	0.785187418393333
0.0825905893262101	0.109510552803036
0.220039563060777	0.329715692768445
0.477893178751478	0.514216236385754
-0.267795798326504	0.249008674577323
0.273886228748179	0.280947039126555
0.477960678353038	0.514272442150962
0.52803112293389	0.682299481171511
0.352009701551601	0.444902715446493
0.577015687387601	0.601433897064962
0.328825624179127	0.327634912700911
-0.325268199818601	0.358139103006105
-0.353623336280395	0.528989987293752
0.0657756374785202	0.0792607087871363
0.0880984861130769	0.13901396907945
0.326309709430681	0.565243801037949
0.525749259717497	0.9946649594663
-0.0472296134008559	0.0550337866534127
0.0747747651025221	0.0968851452111359
0.115742041462633	0.133562044661148
-0.115026564882264	0.0953645838519397
-0.525113844330855	0.537771216372175
0.58475959722206	0.379934996153133
0.123630860707397	0.0918368252874895
-1.52272863262192	1.2210077243497
1.3084687935218	0.797395144295211
0.321009968437408	0.699891085041307
0.787912447581611	1.03597363358319
0.160939554815085	0.177389728059593
0.0085076900547804	0.0117083329633046
-0.0529667532168292	0.0788880547201463
0.273021974660551	0.465959477448544
0.605376118101308	1.63337517345622
-0.194254969509575	0.31455200948889
0.117239020341067	0.163755560240488
-0.613451418092883	1.47099932302971
0.0650085012923741	0.0902288435496968
-0.2711550928344	0.498890859708251
0.354162564625417	0.61684232502755
0.535173200017071	1.27932339305118
-0.136614032212227	0.173737762801603
0.519623990042996	1.09760908299302
-0.0395095378549453	0.0513062083612035
-0.0588594043138866	0.0766380789412085
0.159724958875974	0.281696197562181
0.0924433762217939	0.148228156697025
-0.350366319132593	0.578630235300284
0.287302782180487	0.465110206357779
0.140622927007033	0.21302242919418
0.0411880679553047	0.0627571513516612
0.244194902242372	0.405624285402513
0.333438949545704	0.610254579593153
0.145078262782541	0.195726743860688
0.177095334237522	0.206547756153423
-0.718163758119136	1.69326325142219
0.109643321413912	0.133223649821407
0.556403757899803	1.16060427523238
0.200877757940019	0.280618948316551
-0.311731110437476	0.361761372720956
-0.442017744058551	0.735435873768972
0.144670655738747	0.167726547849672
-0.218984655623749	0.291027726657999
0.526079672214785	0.99576955183717
0.45254991672355	0.655496277813171
-0.0385028786359934	0.0465164215543002
0.618553515787236	1.4173907061103
0.0114129915952264	0.0141238052276001
0.0744950171261513	0.0964747003745142
-0.00581929619195354	0.00725819402403361
0.238456411368449	0.311243068826038
0.226078514551854	0.346613220311251
-0.498256347034878	0.886104168849574
0.308838134616496	0.397743215064099
0.35006018262375	0.431072337645951
-0.366260526143579	0.358676642174567
-0.35180263882442	0.27651654586003
0.504326149828373	0.448932514578072
0.16541531312372	0.277594440187081
0.0356128092577143	0.0492877130700362
0.207557543366157	0.296982579531071
0.408451778554424	0.644348288000954
0.114918616259767	0.16906801467903
-0.221411549839394	0.348644071393922
0.019805114119292	0.0241155595149599
-0.0221635599393965	0.0257331734790368
-0.342885886018101	0.709395486272303
0.200739837074024	0.28034136698629
-0.18234557766482	0.241708247286184
0.26342568304642	0.328345285927547
-0.0679256255275246	0.0726170710903815
0.250407675742829	0.344108549287954
0.220439110302869	0.330580164873878
-0.149377785916419	0.255135661592266
-0.125014464304535	0.212413470681871
-0.104282325084886	0.161737011152946
0.252645814157117	0.506911665679848
0.0819137334714896	0.120227072768811
0.256414504404948	0.533503408402226
0.69109404280261	1.82937547597124
0.422640841348268	0.804121409973366
0.231210904446853	0.401340971463617
0.580014582974198	1.51627382517749
-0.334517017552606	0.673175374444434
0.18302463519723	0.305907104862326
0.200789531063797	0.367576838139833
-0.126546798214663	0.190612590983209
-0.65335559329081	1.38865869365784
-0.0282155252766366	0.0418566949035766
-0.0675548823339053	0.0975683809375362
0.17542726592607	0.283415876319255
-0.0309818754860788	0.0430884292854002
-0.15831613399045	0.231762088478273
0.0554029967481926	0.0712574657297336
-0.0983008519192421	0.137897368890801
0.0289651276011593	0.0361181823615858
0.0337299241891599	0.0445170649508203
0.340338881652662	0.68398960236617
-0.158245381949308	0.231655553187882
-0.169463040825166	0.29886935949998
0.452915201382836	0.833164931418538
-0.225533103083533	0.344119416570797
-0.131605075370406	0.132446751830548
-0.417322905505584	0.693361179714052
0.0964414715262225	0.0965380004498567
0.403741280242937	0.540653314784922
-0.121828274954891	0.148836473862221
-0.314286395514303	0.400739839542636
-0.23015721340955	0.317723593988564
0.000924021942519366	0.000987693226894239
0.337820874625351	0.649603374824667
0.234082998686418	0.336645869382338
-0.304031527554133	0.484150165023433
0.460164581386473	0.605541392841196
0.123407352794006	0.0916878444239555
-0.224389641716655	0.149312226642465
0.294407038695227	0.22887334771293
0.301271393261946	0.245482575702277
0.602274861749726	0.582783686533087
0.404104341673764	0.487737403291812
0.562014814021865	1.39017174877275
0.0246968340135838	0.0344090460746435
0.125503059524377	0.149016648809819
-0.350147086727389	0.578226283072302
0.179029134249751	0.270689137903522
-0.199677395859702	0.293898045431442
-0.707942096340796	1.54860201166111
0.197709171732473	0.322756623343313
0.419737097174544	0.768734786456139
0.0365895115489019	0.042777279867754
-0.290940294107328	0.403066609542656
0.404351960588728	0.568280869959902
0.0682940664511341	0.0740068893100591
0.499486544164456	0.761942658993443
-0.267822143406531	0.424372082407296
-0.310912998970318	0.574973213344246
0.109883859098752	0.178343212003132
-0.194271274304053	0.324208872607598
0.453805350358962	0.945233650401508
-0.323406892635463	0.51604455055895
0.21410198540346	0.37941667733375
0.442611241497841	1.05438068193944
0.424313392473664	0.877477254509965
-0.194385460157764	0.304858881848379
0.326500272034499	0.475731495024246
0.238146490470209	0.310706902184068
0.245947313697227	0.370784239988852
0.273204867451377	0.413862916813583
0.094844997471558	0.123622129730854
-0.316974274897238	0.569658444563029
0.193509586882948	0.310190757496841
-0.00683485931512172	0.00821688775511989
-0.235872904909842	0.37209819563212
0.339160618556227	0.662418974300828
-0.342807415134268	0.600249954236098
-0.226745466439046	0.403160606706313
-0.689465250207493	1.42872003901686
0.0941530545878354	0.12266608892844
-0.173929172147308	0.24695069253558
0.0567479590073797	0.06995811547089
0.354175414663947	0.616876758811148
0.306670954870498	0.477384527829294
0.123701060909574	0.176498990493377
0.308761331422047	0.569868919976786
0.0234188665980391	0.0312214529873457
-0.240473859400639	0.344356495901059
0.756429319157588	1.90691784866868
-0.260316678829709	0.303299790446314
-0.755674086176661	1.39082838517253
0.449929075471455	0.697707179043493
-0.490042739166623	0.761537353648251
-0.0839790198824256	0.089757087468773
0.711420344406297	1.21257013956374
0.0283794119562448	0.0353691465224641
-0.637240672580435	1.2465453499343
0.319070695165251	0.442731612835766
0.25822398713863	0.313396149017918
0.614599098768728	1.42980023676517
0.160146240244353	0.226663432120858
0.292974216423428	0.424932486855376
0.0854457241981349	0.0751057605227102
0.221497134424246	0.180514718506454
0.44905816517692	0.0872417415102285
-0.500076440477735	0.41585911257642
0.544901785950938	0.647592746279996
0.318808613904479	0.294823602662765
0.0827118270665572	0.0643885535314626
0.35382466626499	0.458888641418681
-0.173672978338935	0.246537118037278
-0.111857065646415	0.173518158228558
-0.860066145936693	1.6811175850306
0.19395124691282	0.264298171549469
0.420115507754644	0.76943254451751
0.00218124348184255	0.00263645835895247
0.182894388068163	0.305578028757429
0.00956494060259919	0.0122463944622574
-0.296100011335434	0.456019383912518
0.236266351662319	0.377739491822331
-0.0772172011905787	0.0938922858312334
-0.0175947758646512	0.0179612695554218
0.326613888138134	0.475921910876492
0.584500531070776	1.31169232963833
0.168772395714409	0.228977305636696
-0.186176267830904	0.328843856040358
-0.38180201044396	0.875392319645826
0.01835869679478	0.0250993363708182
0.186671136415698	0.34737588421265
0.219034177730083	0.399897588187183
0.0736979547887484	0.110642778726689
0.062078154433951	0.0937192229980647
0.232582042390595	0.461280904582542
-0.0196481221098412	0.0281817326995183
0.341173038944148	0.545592345836868
0.251397893560834	0.387652732737391
-1.0272108593306	2.2456216086654
0.549741779035227	0.863189895957857
0.150495730194349	0.236571641136719
0.0660978181479993	0.0797050430578458
0.420031280880885	0.930339495721186
0.272815157072844	0.46565463910438
-0.310324991839427	0.573549676004415
-0.570979969893895	1.23759614555536
-0.19472613342116	0.267972386313788
-0.471930035321992	1.04048947816068
-0.173569427644358	0.246353537425338
0.261434346037478	0.480653928195488
-0.481162490864573	0.982926875817901
0.233751881699364	0.336069205918686
0.0211461566729847	0.022739679684087
-0.731899284344234	1.6438701346739
-0.186775434722507	0.238103300005631
-0.185020429180108	0.271825402803019
-0.0233280036629258	0.0291556051231314
0.200696469999258	0.280280486882813
-0.0235405550423357	0.029430236950254
0.0372037211528413	0.0474845220487553
0.04440647565927	0.0506228569887241
-0.104051405132083	0.11659502464947
0.0090920992812196	0.00949137854105809
-0.0513576526469959	0.0493514353547173
-0.189283268464913	0.2693972479484
0.109547088351013	0.133102223010838
0.45017771086882	0.762178857489546
0.160745852264468	0.212592686805187
0.0331981919521836	0.0328490103917431
-0.554509565744295	0.925166365633823
0.105009278502055	0.0742180631719917
0.177138312026884	0.20660683966821
-0.194215823252341	0.267142908125723
0.0566711601184566	0.0698590148634979
0.0767228255070008	0.0903091265150227
-0.536723648075695	0.64559014377178
-0.175544630901987	0.154704392804524
0.142080020952605	0.0888683874079472
0.713880375809427	2.87063369431242
0.764720891378649	2.37630304672284
0.646990429630952	2.38866874988192
0.569169489984813	1.5373998301869
0.79842368212098	2.90496279297219
-0.517010624683618	0.178709666938849
0.497169847328083	0.46170089558252
0.399608988345412	0.309648467855412
0.449482770198073	0.0873321855854351
