x	y
0.105469328052844	0.932900088783807
-0.042029303881358	0.196085975553181
0.0876080572836512	0.343984368478657
0.115014359484351	0.543184710029174
-0.0026268264850371	0.00714545109554441
0.0322413446444584	0.0810400653598575
-0.124947664129433	0.340341767132847
-0.341289148727478	1.07151111438092
0.0683546159289813	0.130897370711565
-0.113603031123092	0.212647128353188
-0.348011388638959	0.828657322809157
0.0491867760466865	0.0877601173405188
0.283135381324148	0.517601788619968
-0.142613382874812	0.229314899336449
-0.170189401957083	0.257698265141379
-0.0787345443690659	0.0992937769958688
-0.134081260320018	0.176709957118982
-0.300762163963646	0.432857600257301
-0.211905350760897	0.292189176295832
0.451538570445386	0.797496004648071
-0.0116169743106515	0.0124300654293626
-0.520706129596684	0.809152313895572
0.3685434068587	0.56532193916029
0.106318510826525	0.135795903584521
-0.904574131988069	2.35657070745863
0.521759295266914	1.06494446388367
0.244622449729474	0.327733315137483
-0.360394719922382	0.558514942437282
-0.105585890946571	0.123660823281413
-0.028470583710225	0.0223022449226187
0.0218168950600442	0.0234643855724574
0.151992067501394	0.16261893535959
-0.112281189945884	0.113326522382503
-0.348166654079131	0.32017465387777
-0.579233535502349	0.475321044301583
-0.224416920480156	0.149326489856746
-0.0390534093167077	0.0247501996724772
0.968800840708488	0.894865284437944
-0.119546843544292	0.0730678346020511
0.522308594802782	0.423805684617425
0.105089781918678	0.0742665307572533
0.0480050835828071	0.0242224684999677
-0.686656780325162	0.508238057982816
-0.877020695133298	0.576798736351056
1.59563961177111	0.855317024832039
-0.327441044350617	0.12966822779127
-1.35610128709322	0.474818712797072
-1.35610128709322	0.474818712797072
0.402989430804172	0.139588222045671
0.440742619385608	0.120469713008539
0.956881327418798	0.345023297855276
0.373074051711785	0.176294168822822
-0.0083456807373163	0.00274570284113593
-0.18438336931455	0.0790808605857554
0.546737724120211	0.399480929625377
1.06391083798541	1.23852953622882
-0.5684886823218	0.350103935453231
-1.13148172493174	0.867583831883534
1.36219813888498	1.19730010441067
0.751013853753835	0.54655060088885
1.799486198384	1.77577862977117
-0.172058927367155	0.10311081239665
-0.391603095504156	0.191462066890932
-0.889896617486106	0.758357339826199
-0.571731700161253	0.312583492623591
-0.184148497629906	0.0789589941501255
2.87952685196578	2.00184750693075
0.44013533532887	0.120310143303148
-0.517262058968037	0.178864495866734
2.45252308571847	1.30201768245603
-0.314806633342869	0.180404619625564
-2.19317610517767	1.21115236630217
-0.848235856286303	0.353414829103439
-2.19242126769198	1.21041099953334
-1.11355579595234	0.53988363364333
-0.327335550717987	0.129625546394617
-0.104844951344196	0.0291451841025915
-0.0078192213786039	0.00257237113093503
-0.184393374089649	0.0790787932600563
1.31652179801436	0.589470978357053
0.956369823472279	0.34477098044816
-1.68694899077746	0.703952762450668
0.061684264453287	0.0238716146824014
0.963409078782663	0.736933842807329
0.845781080857291	0.714913663492623
-0.517010624683618	0.178709666938849
0.399159908508708	0.293233000552049
0.563950369305681	0.389090444444212
0.211934111461218	0.113871149144747
-0.877318704480512	0.577012560144428
1.11266385916294	0.937574051569259
-0.968033043844823	0.567023112730889
-0.422471245308401	0.236659707893623
-0.87699966280205	0.576773649682754
-0.0508378727886804	0.341459515636464
0.0352398957803264	0.197213440509771
0.0265493127474841	0.142351850647188
-0.182448272000754	1.21360097945647
-0.0329512608230999	0.0988035243656521
0.0927711661594576	0.297908373243891
-0.0265290352062334	0.0590968563273486
-0.0717669058437332	0.162866695520065
-0.293261386948415	0.731285846178506
0.26291076046152	0.661939767552641
-0.186346132292896	0.439486161841041
-0.0142781209520268	0.0204786355482145
-0.194751838790286	0.334770321588099
0.095216210187297	0.138657908261138
-0.490124759887778	1.08291816618575
-0.401590928791075	0.792198614982432
-0.0807925801201302	0.105557947653877
0.269191052247584	0.450863631765853
0.0782815587577037	0.107593177472878
0.127799441592206	0.209817060061998
0.200307210872543	0.27952318903448
-0.0235390472753937	0.029428488023539
-0.0344100978121701	0.0400312332439327
-0.193794637599884	0.313643633675401
0.388453991541182	0.707455572685011
-0.430977058411724	0.807486375957479
0.615525922502982	1.15094365696956
0.496806980861747	0.774838699725514
-0.0763726619693065	0.0685074410696824
-0.0569504265044826	0.051274273744308
-0.90567343297313	1.60526244456839
-0.00770403729012788	0.00702065527098041
0.0700408528914796	0.0592551093674656
0.221663287178947	0.180690222109719
0.163436065309358	0.108691569460196
-0.0790599160932567	0.0354904532922947
-0.801742222533774	0.848030929183181
-0.449649024133895	0.282626986880979
1.12043108103579	1.25766742087765
0.398926616585652	0.260959883765235
0.632037639398118	0.352531037221759
-0.70190117287605	0.471095771394012
-1.67023624124975	1.12131039499451
-0.326973043347337	0.129413106959877
0.765953398420328	0.332013285790487
-0.0789404054704349	0.0354352126325418
-1.12669836517588	0.723532054881941
3.96474583696875	1.35885337105056
0.372828104257578	0.176187601416706
0.796564213761884	0.546476908211474
-0.573293818099177	0.392293154873551
-0.889669369915751	0.7579225607507
0.853046680452927	0.54697101885335
-0.731958339276255	0.441230120289073
-0.327440212159224	0.129629361099382
-1.96249958735219	0.954373964276823
-0.184260968187063	0.0790176636787065
0.396132754922445	0.226326677718278
-1.68718740077762	0.704071354649794
0.632055174789326	0.352583555456159
0.671683450052401	0.334892644976188
-0.517010624683618	0.178709666938849
3.96462286477017	1.35912085327799
-0.167761860218221	0.0869497148664064
-0.951401566537421	0.272432782475208
-0.105015388977172	0.0291873412061693
-1.68657752983501	0.703681756485321
-1.6857313628121	0.703085363193652
0.372705457589149	0.176103244649458
-3.48199261945285	0.919202577093156
0.956055118653698	0.344844233810228
-0.0789466320583325	0.0354412383139809
0.440742619385608	0.120469713008539
0.765015511027073	0.33174094912973
-1.27064632211145	0.885370023376595
-0.00907866149999291	0.00298664964320787
-0.260766091295426	0.131607173198637
0.181375246212359	0.127661746302116
-0.100443178122335	0.0534100513858687
-0.848352883478491	0.353483822010577
0.796455763646197	0.546406595576815
2.41084022820007	2.10887678122205
0.39935513894018	0.244987366717643
0.372695311062578	0.1760365339899
0.606840474184464	0.368014046586871
-0.391611384485079	0.191440763997525
-1.1144886963805	0.541000350984738
-0.00462762409852259	0.00214716140244468
-1.6857313628121	0.703085363193652
-0.10724974264902	0.983998603738156
-0.0142695513859263	0.0798984238158247
-0.0466963744858591	0.188691025118615
0.0856766188316316	0.27782039306394
-0.00182520279148261	0.00441914596908913
0.0649794876562006	0.149190500822858
0.231048155170846	0.712304916683435
0.0445659817694546	0.0848887590554645
-0.181738235778807	0.380216411915429
-0.143430388023627	0.307713703424165
0.0409906245410367	0.0624505344249876
-0.298819760183962	0.599017153392335
-0.133700879547187	0.194925116933329
-0.332350716451569	0.633099365778492
-0.0507185619754659	0.0614137285223314
0.0557896851046365	0.0654675083797536
0.325807375691235	0.563882566569708
-0.810523753327011	1.77812372352247
-0.00736442940657549	0.00885460111279666
0.514688787915738	1.13964288328115
0.135941252796985	0.202138167631254
0.0135237699686603	0.0149361241674744
-0.0317673145007888	0.0442387102069502
0.251325294640123	0.43303422032564
0.220219880918583	0.330166299146953
0.816149393109578	1.64378856946198
0.537820084546454	0.899864773211388
-0.78843296417955	1.07548811476324
-0.197731644737734	0.208692962407846
0.0597462123785396	0.0541741305330503
0.40363953579916	0.553623237988141
-0.0393776134712881	0.024972610225115
0.286271216955869	0.211512826252853
0.0478520729155008	0.0241335358901912
0.0423814853970688	0.0300328030402259
0.54679022047352	0.399511882423471
0.0289825102637502	0.0171873746132031
-0.167754090883061	0.0869546539632337
0.211926139913565	0.113876387771514
0.276581864658763	0.193470468193327
0.632046398741327	0.352597545210657
0.440628375497016	0.120463053794555
0.44025009120492	0.120379994939149
-4.44973933299975	1.84343682746367
2.59836788378482	0.565681354882139
-0.578975115762517	0.267390226446819
-0.571630518863802	0.312363221128435
-0.568511406865005	0.350173903370174
-0.00490723824214601	0.00227607344204021
-0.18438336931455	0.0790808605857554
-0.0787588855722984	0.0353441950334484
-0.391490026470118	0.191378721986921
0.764693051385642	0.33154041613148
0.632282847428213	0.352728572431533
0.0616553482559604	0.0238703716137645
1.05647678982563	0.549758738961787
1.05626633094545	0.549797046240232
0.928767656287062	0.545207466605494
-2.38053634733883	1.46170029835018
-0.849075640655895	0.353944854479088
-4.18692465030888	1.51167343819974
1.31704077902752	0.589986987289273
0.387443934982169	0.203677658568846
-0.184260968187063	0.0790176636787065
-4.67514138901561	2.1942091068554
-1.1144886963805	0.541000350984738
0.671494664560962	0.334807235682389
-0.967913118768585	0.566880494409038
0.765221229893607	0.331833236925771
-0.849075640655895	0.353944854479088
-1.12726658129117	0.724223760675267
0.128739954381237	0.0571706971446716
0.128984735113373	0.0572744173820523
0.128739954381237	0.0571706971446716
-0.260329029925159	0.131417764875266
-0.105329780244259	0.0292757305992616
-0.260486639341066	0.131500765009026
1.92291325210418	2.03874617066586
0.387255709282983	0.203530837713989
0.764809448292814	0.331596623912213
-1.81237477909433	1.31367842447931
0.365795892718222	0.150333644094674
0.211849784137663	0.11382783840282
0.929116274088441	0.545396838220442
0.365797749259746	0.15029510416954
0.0615829893731542	0.0238409326210027
-0.327335550717987	0.129625546394617
0.0401990945003324	0.305256139155521
-0.00962494801041376	0.0455944540514737
0.0744009202212489	0.296942594493389
-0.152983530262559	0.611966995294843
0.205803425626907	0.770306913663869
0.261063011896708	1.00414405438534
0.0709218513683961	0.153213953458229
-0.264968608099727	0.876323347504851
-0.165077904729547	0.453449315118198
-0.307464728201753	0.784299636825453
0.182677139024518	0.385396016499183
-0.0537399805723192	0.0801405240036847
0.0713986624297732	0.101068983001641
0.568395372171492	1.53349777365723
-0.406319049712192	0.738059352118882
-0.0332418270758274	0.0416213182689947
0.0519241232464616	0.069209794753731
0.311715721009089	0.593636014126129
-0.135968865081226	0.204884045417423
0.150236209183523	0.236066422257273
-0.169370814493929	0.330292839606336
0.246903223530989	0.475742094003952
-0.0413008819518552	0.0632760501877313
0.220540687075698	0.363361935310467
0.135873108030105	0.202024924568351
0.186671136415698	0.34737588421265
-0.428786089817651	0.642109523640807
0.235954788510965	0.377146269476861
0.171251067474762	0.271836121330168
0.109634767224981	0.133231959357048
0.0509097153399429	0.0490572598416544
-0.348199925365281	0.320215025577011
-0.325899636515774	0.279529966821589
-1.32058615050085	1.32442575604015
0.307916762956543	0.26228400791197
-0.176601606614066	0.144459897099089
-0.658553811932129	0.621831737478407
0.30746866373384	0.261907614746844
-0.253101716540296	0.203415792054854
-1.11409385166674	0.540651439280993
-0.100377041712671	0.0533394629362397
-0.788232305482405	0.414275835906919
3.96462286477017	1.35912085327799
0.128626494876668	0.0571126960744007
0.449356737420673	0.0873001538306624
-0.824035939998639	0.816375692949902
0.504420463654406	0.449147231085128
1.59459158996049	0.854440007260882
-0.686591528873148	0.508125343240681
-0.578932087841688	0.267346135716811
-0.84751494297264	0.353113627072122
-0.571743456153145	0.312557694105377
-0.358825047661998	0.230165183940644
0.178502584419716	0.0880150507571391
-0.0344444611050654	0.0245802521291419
-1.27040006372588	0.885002340015008
-0.314974334266225	0.180517382779914
-0.18438336931455	0.0790808605857554
0.671567142878356	0.33484663200897
-1.68694899077746	0.703952762450668
2.04762898972722	1.45306199877903
-0.18438336931455	0.0790808605857554
0.671727350711025	0.334885576734114
1.31665444033133	0.59000828848376
-0.516241348529343	0.178330871919979
-0.848554588996423	0.353709685597233
-1.96398821246931	0.956159377765416
0.387362897339459	0.203602422991271
0.396111644177902	0.226268937832337
1.05626633094545	0.549797046240232
0.1161634901573	0.0680366741364742
0.765953398420328	0.332013285790487
2.04751493191061	1.45235907309448
1.0442507952022	0.75417682170438
0.211887954999951	0.113856287486724
0.25069825731129	0.155248653610278
0.0480816714797298	0.0242551139833624
0.607173698188423	0.368135581295034
-1.51140176261422	0.927988291760551
-0.571737584667295	0.312608565413617
-0.10063764793885	0.0535091432232982
0.399629756186755	0.245296505376421
0.178408925233274	0.0879707492156317
0.796499407903853	0.546409161577071
-0.167921349798371	0.0870253071256986
-0.0582219282689641	0.435141299384353
-0.0644687448248823	0.388128861601736
-0.101416852300008	0.355867030537056
0.123247480502856	0.503054092597974
-0.173671184002981	0.480241495393958
0.170203974184339	0.42565495374365
-0.207954753192307	0.579904726315341
-0.383614312927242	1.68777054386019
-0.00225062609342843	0.00447404178761932
-0.231944850102581	0.627138871414039
-0.253362871905718	0.52917516907145
0.422433930401592	0.912062014563822
-0.524756155071095	0.991583734877302
0.363678509322135	0.532406568852317
0.233751881699364	0.336069205918686
-0.196841971996813	0.219262902529695
0.03334071210311	0.032986888458549
-0.246203946813303	0.314506072309879
-0.276702429115641	0.289764721490904
0.0671921543022777	0.111915488647682
0.36092622811738	0.665015578516496
0.274988922061843	0.565107658616634
0.515874183856427	1.50525288913715
-0.0261382399083239	0.0441036880859039
0.252361606285999	0.506205421476961
0.0852304633754955	0.082641211905916
0.221026328604789	0.364338043442884
-0.120751798483154	0.170016957231854
-0.161693833844231	0.221488410175901
-0.242070754749389	0.268463591798792
-0.376031363505098	0.319750089878646
0.0857428988252296	0.0467687674262433
-2.24948200195126	2.72763166770454
0.522226805164729	0.423715611420525
0.0186333673940162	0.0125386230495905
0.635607706846829	0.565062488780271
-1.78588919328092	2.04274165945883
-0.787990233828196	0.414043933099704
4.63403453358779	2.19936622726923
-0.516625938445608	0.17859542475739
0.955911405657352	0.344573880945257
1.29047191149383	0.361322640689658
-0.422427233635055	0.236672878482993
-0.0788332563552394	0.0353882174785728
0.403887011029617	0.139900753756777
-0.184607743758422	0.0791560168022034
0.92910590013713	0.545350618768897
0.449482770198073	0.0873321855854351
0.955883959048738	0.344654176637369
-0.0784777290597165	0.0352127653673877
0.956881327418798	0.345023297855276
0.399045218082428	0.26107791038966
-0.406536039818103	0.0912270232471427
-0.57208742748561	0.312754566699712
-1.35610128709322	0.474818712797072
-2.19279921330255	1.21087324593908
-1.35579670478113	0.474613983393002
0.403122432305779	0.139593949723423
2.17464629440674	0.972270730238166
0.449482770198073	0.0873321855854351
-1.35626224425971	0.474875835650706
1.80543669637378	0.656160870630634
-2.10706742962015	0.378548652882402
-0.406929606498836	0.0912995639757081
0.0617424742393982	0.0239084459082885
-0.578932087841688	0.267346135716811
1.30822273219915	0.797691987551502
-0.327230659220978	0.129567376802136
-0.327335889648938	0.129624283363844
-0.314943947858019	0.180508496860338
-1.12668504630645	0.723641797428308
-0.260407914201451	0.131463826799335
-1.24509458323549	1.02214379691749
-0.701923815248982	0.471043419126657
-0.00469223554792906	0.00217704265702508
-0.848034357080434	0.353432748047731
-4.67591375370472	2.19568401847204
0.750842858445568	0.546344713229705
-0.00488584384338446	0.00226550049600557
-1.32938572253344	0.733074998982863
0.000541140663978536	0.00295902677839655
-0.0181289329715183	0.0754845902126544
-0.0108482579911336	0.0416098736343321
0.0737733550168632	0.238127770236071
-0.390473585464023	1.92484597040227
-0.0358842102252798	0.099245489720679
-0.121935895373888	0.472890155893004
-0.102358265875328	0.302600403478428
-0.208594860681621	0.663603522703897
0.194019798760688	0.468955552034118
0.131563116890935	0.246185871247595
-0.0880603531712419	0.136141646191655
0.108839851590804	0.15693069995619
-0.218027956095173	0.3537517601265
-0.022861174630764	0.0296460827459566
-0.0108909340690066	0.012627479973052
-0.369944740629198	0.533211505210834
0.235690189551565	0.42205722778524
-0.125844036237854	0.278391951257856
0.141179381837091	0.274507250440897
-0.359704179800532	1.0177038460294
0.329254006501124	0.882589659268157
0.227775234676237	0.439646279325649
0.131141041234774	0.232223789009172
-0.29133822126642	0.403788028461037
0.10372493217863	0.146811581824414
-0.434319836076418	1.00161737559588
0.019805114119292	0.0241155595149599
0.23593031328117	0.255961091075564
-0.351537515865624	0.276082723770596
-0.00644961089764576	0.00360056110007621
-0.653206027118313	0.659260258654703
0.617613475615826	0.573627691992938
0.602014617584429	0.582414573007872
-0.413818733619943	0.32086063799791
0.140371237695329	0.109363049298383
0.606920023753657	0.368081471821074
-0.327230659220978	0.129567376802136
-0.104844951344196	0.0291451841025915
0.956881327418798	0.345023297855276
-0.314905683790335	0.180488007236133
-0.579132907592339	0.26744572765706
-0.391481666646295	0.191384943509599
-0.184515486374521	0.0791276552318126
-0.406653408801407	0.0912540543799087
-0.518151592408807	0.17915606425969
0.584713362680071	0.379926319520258
-0.103708004302289	0.0288061650208548
1.26775514367867	1.31681679420971
0.928767656287062	0.545207466605494
0.0616700182489409	0.0238789606093496
-3.48219873584491	0.919655084022901
0.440628375497016	0.120463053794555
-4.44973933299975	1.84343682746367
1.29047191149383	0.361322640689658
-0.406653408801407	0.0912540543799087
-0.952135059882499	0.272770263417896
-2.94720125929596	0.646055459499367
0.956540565542805	0.344960841267334
-0.104844951344196	0.0291451841025915
-1.32945704925353	0.732853759751035
-1.51116602461278	0.927694205065401
2.04762898972722	1.45306199877903
0.0615829893731542	0.0238409326210027
1.8333666502392	1.14033606036781
-0.167746238435569	0.0869469108163603
1.89194487304182	1.63033114630579
-0.260343515581359	0.131418537401997
0.178394582455224	0.0879597751455033
0.365691013165346	0.150286033986656
-0.327335550717987	0.129625546394617
-0.0047138086914673	0.00218770251866513
1.14990698215722	0.773998601930091
-0.1843733468576	0.0790649086662853
-4.67565593169724	2.1954150324594
-3.48219873584491	0.919655084022901
-2.10727742655476	0.3785967871456
-0.0202856777669855	0.126901061526435
0.118203182767638	0.822978161294366
0.0691634009698566	0.330002548957864
-0.095979438894769	0.387575631858061
0.0694583175083974	0.251598002525522
-0.101340523707753	0.395103404247348
0.0963236771238788	0.289521990429132
0.182548830315814	0.585999243644591
-0.384359239055661	1.72125726450522
-0.179282094038654	0.509822731062175
-0.220891200322996	0.709481460255372
0.0937590263773034	0.19888080791746
-0.0976752501369664	0.219520269650294
0.122144359613793	0.273197152269501
0.0967897472439869	0.214469238031231
0.332298653411524	1.17639650098557
-0.163950839008394	0.414316494230657
-0.0558358489426793	0.0976978983384877
-0.174904912300511	0.490113138221365
0.149610397126484	0.351712231817626
-0.0506339564984053	0.0883766499593394
-0.0770674658412507	0.111665996711412
0.0187883834350191	0.0257052176903387
0.117236415813977	0.163768806806074
0.256825586320254	0.404775666630601
-0.402302925626563	0.709711399389847
-0.117715766673957	0.125373589148995
0.343331885938398	0.388934606864781
-0.131233499060858	0.0901795833894835
0.104809778461194	0.0740730848898321
-0.0783678851086653	0.0605111151387337
-0.212684887821288	0.172516390061686
-0.212547434943879	0.172412341051116
1.73181296118929	1.91432648470835
-0.414045673528618	0.321172019975283
0.399587112669457	0.309611469101884
0.564234976882592	0.389578962842842
0.632037639398118	0.352531037221759
0.852939962809722	0.546934303038246
-0.100801533203036	0.0536027369599788
0.372583028617614	0.175978797190814
-0.260343515581359	0.131418537401997
-0.571725802687708	0.312448617253001
-1.4018007776737	1.0507394544735
0.387243002769636	0.203459271620111
-0.260579855127371	0.131555960501043
-0.391360018543522	0.191292687350545
-2.38042444385459	1.46123876220106
-1.51116602461278	0.927694205065401
0.763750033727378	0.330901102695796
1.05626488614213	0.549849792880685
-0.327336309025416	0.12958353525551
-0.0083456807373163	0.00274570284113593
-0.105015388977172	0.0291873412061693
0.631924054382468	0.352475981362613
-0.579018048486102	0.267409454362904
0.439756163615296	0.1201634870976
-0.407047340101398	0.0913266870047607
-0.18438336931455	0.0790808605857554
-0.32722589908764	0.129525375152013
-1.13155047031351	0.86769390868449
-0.00464881905447431	0.0021552090576274
1.37251955191022	1.53139961388408
-0.579018048486102	0.267409454362904
-0.87719241026191	0.577211271023757
0.403244537973636	0.13964937041993
-0.184393374089649	0.0790787932600563
-0.00475680929605525	0.00220672361861251
0.211934111461218	0.113871149144747
-0.571974814230293	0.312696668009941
-0.0789404054704349	0.0354352126325418
-0.391481666646295	0.191384943509599
-0.731943567101129	0.441217944876616
0.44013533532887	0.120310143303148
-1.12714961438317	0.724193919652426
-0.103991150728691	0.904881886826323
0.0125846135232525	0.0520853438943807
-0.047920312680584	0.180864461171035
-0.173123176437025	1.05294927414668
-0.0172375426109526	0.0731519728447896
-0.14903408805907	0.761131355532127
0.00529273275191253	0.0143395593471524
-0.0536253957752637	0.128674834757296
-0.21523019553498	0.635424070681066
-0.161516890851227	0.335124921171153
0.0402614844999605	0.0612670399061388
-0.633300144475263	1.77562044042958
-0.0669327243341046	0.106236827035002
0.100943593358677	0.166949913665137
-0.375302617633285	0.757661603642665
0.0565087672539223	0.0941602684416429
-0.223315675677572	0.645461121287585
-0.0504531375367914	0.0880339734103661
0.102964034068223	0.226937463429521
0.0464120003252922	0.0866753868201224
0.00719287843011708	0.0114322222236308
-0.0709219246660236	0.121794008736886
0.0177970103762882	0.020706669470984
0.238724364118157	0.434360075713161
0.0103787096885165	0.0123214353731263
-0.235982501994078	0.372363902467766
-0.302604662242459	0.402946948924019
-0.433270756414973	0.364627517279049
0.399214271315013	0.293315937795653
-0.581555343950065	0.51639606863397
0.512846796210458	0.436662397859969
0.769701857267027	0.713156019298393
0.522281329542169	0.423797055534019
0.163268417717697	0.108556581939774
0.796649935663657	0.546481330595372
-1.68779819019677	0.704372690601768
1.29047191149383	0.361322640689658
-0.701870683447116	0.471060482975925
-0.0785585849311568	0.0352548515118034
1.83336714157312	1.14010425616772
1.15479585261157	1.10888808105017
-0.579018048486102	0.267409454362904
-0.184495602328439	0.0791280415311326
-0.104844951344196	0.0291451841025915
-0.406536039818103	0.0912270232471427
-0.406260094312188	0.0911374164788629
0.403887011029617	0.139900753756777
-0.00940109644110474	0.00309197435180766
-2.19279921330255	1.21087324593908
-0.517899147573227	0.179109173088448
-1.35656708661147	0.475009288267318
-4.18716485783141	1.51198812883872
-0.327440212159224	0.129629361099382
-0.788101962939554	0.414130609919789
-3.48219873584491	0.919655084022901
-1.32945704925353	0.732853759751035
0.928993059852903	0.545364679729449
-0.701824725138337	0.470945497752617
-0.573069444667283	0.392154228921532
0.128504583636049	0.0570536698492632
-1.40188794871905	1.05028908978993
0.365902946135504	0.150334610547886
-0.791922270637053	0.630589539613816
-0.516877128372687	0.178641872315134
0.928634831032234	0.54488630078218
0.963538022937797	0.737057787372522
-1.11480389157877	0.541093044086259
-1.68633971949454	0.703563702264362
-0.406536039818103	0.0912270232471427
-0.0606205985827393	0.519723433976175
-0.12041614198365	1.02087636985541
0.108158922332597	0.799592844146585
-0.117877193748849	0.876906922518917
-0.00814271686709318	0.0274490820697021
-0.0502136653287331	0.164212355945058
-0.00205812294380793	0.00547769274511772
0.10301505038277	0.3808628874751
-0.0454320334431358	0.124157527595498
0.0479647185508307	0.122709064320151
-0.00828755641590256	0.0189786696015398
-0.191597368067967	0.671977547769717
-0.112765181621624	0.328507652538158
-0.142129580080536	0.476500038798426
0.133931574385407	0.426176067148995
0.183270779243712	0.489571144123337
0.0623989700517707	0.173080228724823
-0.0810882336468683	0.215653215659174
-0.149663105800816	0.346872078278957
0.386407293917194	1.01251406311462
-0.2573542258707	0.599074900828785
-0.128722953466431	0.212620363123625
0.12403880362226	0.200541991687706
0.550725253665891	1.20904586758613
-0.0890227079857396	0.12484458143252
0.161821414429938	0.198343630347583
0.32869019053314	0.327449677862222
-1.29650821235304	2.18382584404427
0.0136423250262855	0.0101595870883682
-0.529654977078733	0.574523382810733
-1.28401050181294	1.61877380619337
0.401333581498127	0.415688108599785
0.286457790440453	0.211646657646458
0.491015780475146	0.474276536183071
0.276501593424179	0.193390335819138
-0.686656780325162	0.508238057982816
-0.0785715154224317	0.0352603267586224
-0.0788269788881849	0.0353859300459337
0.0859146137953314	0.0468559151956241
0.276554597821924	0.193442752888539
0.796499407903853	0.546409161577071
-0.235329933523451	0.137981629173474
-0.701908866845412	0.471042169258016
-0.326973043347337	0.129413106959877
-2.19279921330255	1.21087324593908
-0.184393374089649	0.0790787932600563
-0.788464314880281	0.414424326723021
-1.51140176261422	0.927988291760551
-1.96467671705873	0.956602614744049
-0.327230659220978	0.129567376802136
1.15014266729831	0.774326861652598
1.52760044668779	1.06645806620459
-1.68657752983501	0.703681756485321
-0.571624596727463	0.31249828110112
2.41094543858835	2.11023673789115
-0.422470428841596	0.236720676316415
-0.224152177817575	0.149071758106188
0.68102769657429	0.550378261045452
0.7964775407151	0.546436206750712
1.37269622096408	1.53236133849357
0.845846953081435	0.714973032125146
0.387686875825049	0.203780516144307
0.211857686193715	0.113839275081236
-0.167883164706142	0.0870145895376265
-0.571850481296198	0.312666676322475
-0.571731700161253	0.312583492623591
-0.732300657555277	0.441384704650949
0.0159885397606434	0.0929556223347238
0.0208006409395427	0.109078196065368
-0.0612119128995929	0.330087724908843
-0.176810223878877	0.868948856360157
-0.0276099199531262	0.0784953513675998
-0.00604439200923026	0.0145095844235893
0.0835249450825979	0.237872032016578
-0.168296283516097	0.533740829611559
0.0824394181546581	0.186351250693061
-0.0150512108915293	0.0307368803213736
0.129847738485428	0.312646274461908
0.154612885006566	0.388029111724488
0.416446880063681	1.63444956860368
-0.102400667790409	0.245022703886713
0.257582320906453	0.703800041277053
0.0477513050883831	0.109671324185475
-0.359672480247209	1.23323015615312
0.445801955274022	1.44607574188476
0.115197670998776	0.169603185109987
0.508439049773189	1.52212811926634
-0.376526354921832	0.642974962564898
0.16212355932017	0.247914924035274
0.282989344161675	0.448469018464818
0.413515393266447	0.697119718701094
0.0849522880409916	0.0823661694616702
1.18597274436062	2.08204732076679
0.0136862656565479	0.0101927797055079
0.20989121863137	0.163441636880746
-0.434801886471778	0.474897284570935
0.301451117250442	0.245747616354793
0.0424032487040718	0.0300491191000436
0.497036628687797	0.461468421484053
0.874755232228374	0.879621813051408
-0.571856302171083	0.312667878337296
0.211797232378301	0.113783323335555
0.387712424627645	0.203798195508622
0.234291393901341	0.135604455620529
0.365795892718222	0.150333644094674
0.765015511027073	0.33174094912973
1.29007573135185	0.361162560899904
-1.35626224425971	0.474875835650706
-1.68694899077746	0.703952762450668
-1.67000918546535	1.12155961645345
-1.00942463255137	0.719335114329613
1.15012540900026	0.773859043017742
-1.14889284947374	1.17269849127263
1.3083675193827	0.797791482115468
-0.235462187373492	0.138072780517714
-0.167814701890377	0.0869867978736486
-0.184485633764555	0.0790929662935038
-0.0786522619879239	0.0353023758590265
-0.517899147573227	0.179109173088448
-4.86809599696645	2.52809871961584
-1.35610128709322	0.474818712797072
-0.7322707246791	0.441490978820015
0.0616264557748945	0.0238611614751663
-1.51140176261422	0.927988291760551
0.128609310588168	0.0570988901799906
0.439871247620891	0.120233355559156
0.387524745750924	0.203731359245904
0.764164037484612	0.331138547182105
1.80565862715427	0.656093897862626
1.89191776726685	1.62958451198062
-0.184271044593708	0.0790222441021079
-0.327230659220978	0.129567376802136
0.116284536468204	0.0681178066573984
0.387443934982169	0.203677658568846
0.365901442885752	0.150373308319952
-0.0489937644034561	0.0267199564240236
-3.48240509937676	0.919800644574475
-0.877128198496476	0.577191008258668
0.250460888210078	0.155057722890291
1.52725484321776	1.06495776423866
-1.11469972387002	0.540927932422351
-1.32930273991253	0.732898294853153
-0.571743456153145	0.312557694105377
-0.517262058968037	0.178864495866734
-1.68536053417441	0.70255150305171
-0.107230153740938	1.07389843730177
-0.0227176489793493	0.12375873055934
-0.0416418387895566	0.159077538208632
-0.157694459155937	0.742813919081701
-0.205565052395466	0.82734256269045
-0.217112531829419	0.842939599954777
-0.119943963267119	0.349015872667725
0.0782080046202808	0.16511976172438
0.147691368607057	0.410078853442029
0.11876113239981	0.280706983630304
-0.447445575310505	1.97871582471238
-0.0490693941958465	0.104822000891498
-0.229342364770885	0.708359616112517
0.0676467690266111	0.156784028096591
-0.197110837583065	0.574758869829255
-0.127986804684255	0.341596205640552
-0.018329837525979	0.0334977832898946
-0.00352606797022811	0.00561617616019182
-0.179803808954949	0.367744578675183
-0.0620087249865859	0.086653348723316
-0.301411927490656	0.588403053557451
-0.104088509707737	0.161400407053578
-0.159073898411609	0.225288777560127
-0.231916651539192	0.283698152848539
-0.00652280602804702	0.00554876668544367
-0.819043987294171	1.2120264755551
-0.766832082342005	0.909580986089449
-0.486578428775196	0.558312251145014
0.22144645869306	0.180468024897041
-0.702008068561507	0.470948690948521
1.05099848530611	1.38984399907463
-0.0760120659596625	0.0473565155075544
1.51265389322007	1.26303935624358
-0.260579855127371	0.131555960501043
1.29007573135185	0.361162560899904
-0.391368449200474	0.19130152788782
0.44025009120492	0.120379994939149
-0.848554588996423	0.353709685597233
-0.167776509342108	0.0869605415634023
-0.848756633713589	0.353692019334519
-1.81248510073721	1.3132670232214
0.128975937783999	0.0572771124689474
-0.171975261730541	0.103067661326467
-0.571731700161253	0.312583492623591
0.128513129788498	0.0570429042556451
-0.327440587999834	0.129669435996948
-0.00866762541139504	0.00285038216826518
0.0616264557748945	0.0238611614751663
-0.391603095504156	0.191462066890932
-0.406929606498836	0.0912995639757081
0.40427466411489	0.14004859743002
-0.571862109960018	0.31258660103728
-0.00940109644110474	0.00309197435180766
1.80591828976772	0.656470060574126
1.80569663457174	0.656115285251937
0.128731299422086	0.0571633654848292
0.40427466411489	0.14004859743002
0.44025009120492	0.120379994939149
-0.0081408866142675	0.00267744478079309
0.403377677871532	0.139736809774786
0.79649870309776	0.546379576538645
0.522201044076389	0.42367603867683
-0.260436979275461	0.131458797580532
-0.00460590115827881	0.00213630146959521
0.365902024574029	0.150387445991254
0.128975937783999	0.0572771124689474
-0.825321423367854	0.599706575982585
-0.048928130971809	0.0266820435245928
0.211895891785283	0.113859386997973
-1.68633971949454	0.703563702264362
-1.11459571417205	0.540895302433044
-0.184729636999735	0.0792123581775086
-0.517010624683618	0.178709666938849
-0.571625155419932	0.312331918512082
-1.51116602461278	0.927694205065401
0.0132345667379421	0.086682521728966
-0.00010554950783006	0.000484412476123405
-0.00221564152065729	0.00808486391823945
0.0621659702340185	0.22554890116741
-0.019331107682388	0.0519749103346291
-0.168695025800281	0.540135747894037
0.237454355213267	0.765652912478115
-0.0807011785288272	0.189426973433033
0.0867658055949609	0.20873086287068
0.121408600679858	0.298740976102296
-0.205613649510705	0.556021268406616
0.0511733605509095	0.107071874539552
-0.139701895539343	0.460080443457392
-0.176304214889461	0.578804632681037
0.00959223890733517	0.0222752739013382
0.173915574218659	0.516960338718128
-0.253566807171583	0.755224603642013
-0.141140012627939	0.347003007430609
0.070966221825611	0.11057307889504
-0.0901185027426665	0.170910890751114
-0.270795823815531	0.657870093630492
0.504581063203449	1.53630424813677
0.411661060570651	0.678918131012673
-0.17506492187917	0.164764449558513
0.182273303094911	0.161310099089429
0.33717226786062	0.359280962063334
0.401376045424008	0.41578136906161
0.155085666919306	0.147119154231872
0.601954749701577	0.582221354951767
-0.26777497108102	0.249000565988841
-0.107580208916157	0.0823590013991479
-0.100361481812431	0.0533560155306658
-0.579090117832204	0.267455039000505
-0.327440587999834	0.129669435996948
1.05637106962915	0.549947620800554
0.44013533532887	0.120310143303148
0.955568975584273	0.344510645872178
-1.04454424783783	0.875037302287801
-0.73228569888236	0.441519104636812
-1.1146996213552	0.541121784175122
-0.571850481296198	0.312666676322475
-0.48779604357529	0.372694343275727
-1.94201224975719	1.50463660756525
-0.579162162837228	0.267406238343768
0.365902525614416	0.150379543777498
0.44025009120492	0.120379994939149
-0.406260094312188	0.0911374164788629
-0.104844951344196	0.0291451841025915
-0.95187692509697	0.272670624519378
-0.105500634956843	0.0293179785582308
-0.00898964020268047	0.0029539361524627
-1.32927288054565	0.732650220342582
-2.94720125929596	0.646055459499367
4.63412415384046	2.1998756226371
1.04423652050638	0.75394829804571
-2.81259918367834	2.16580080935946
0.0616700182489409	0.0238789606093496
0.956055118653698	0.344844233810228
-0.579018048486102	0.267409454362904
-0.517262058968037	0.178864495866734
-1.35099453460357	1.18251242155464
0.141919557864797	0.0887687130470317
0.399217015706365	0.261114920942857
0.718083460438949	0.887542647424653
0.71182270436237	0.546419306318742
0.178741445386761	0.0881170521565662
0.617613475615826	0.573627691992938
1.11260056216583	0.937590941216586
-0.00484278533217776	0.00224382481702178
0.128853508420719	0.0572225471771537
-5.03425582674747	2.85052415592409
-0.889859782606406	0.75818922164643
-0.260235539921703	0.131347478886903
0.671567142878356	0.33484663200897
-1.96368093592683	0.955822689151189
-0.00664576264929481	0.0386917589206376
-0.0203937040817141	0.113910635936547
-0.118816391779523	0.641881972195351
-0.0635623520334135	0.22853266026324
-0.0505061980103606	0.145013371598275
-0.175211049758812	0.590038063488268
-0.0213261754989255	0.0506891526742543
-0.0529345479987292	0.134726784895952
-0.258953855662473	0.944694907791982
-0.298830255231186	1.06535625174761
-0.114015300404236	0.300429495707538
-0.0469279420553271	0.134784082088946
-0.116780149645407	0.338340382286421
-0.0583387077306882	0.148136925156938
0.0208914306877775	0.0459277587551779
0.152819463198383	0.422433717256867
-0.0163894158499762	0.0320683655205444
-0.247164434497183	0.466220599291138
-0.18812377352006	0.394044265705845
-0.0298032795681026	0.0455274396858938
-0.394408874111627	0.905864969751804
-0.267676135875438	0.341883358857833
0.0533561944632257	0.0433674909739691
-0.992498347179004	1.21868572613769
-0.653276819191851	0.65967225997152
-0.406849849580257	0.469070108664605
-0.126740663804553	0.120178266228987
0.644482564709576	0.746127570500988
0.14358833962166	0.13149664353669
-0.376011104435768	0.319722607956663
0.852859024632958	0.546883761518186
-0.571371420766181	0.312041178282117
-1.51129189335851	0.927465012449234
-0.952502610189603	0.272824202108595
0.0618437521545455	0.023937914845111
3.44549632854058	0.961689054878872
1.05637106962915	0.549947620800554
-1.51140176261422	0.927988291760551
0.606826204302058	0.368017845521227
-1.81225698285298	1.31305541513534
-0.422449318801549	0.236728116220036
-0.791945482047303	0.630661225316363
0.178142816773624	0.0878120900805318
0.402989430804172	0.139588222045671
-0.732114848484512	0.441422043241892
0.083531860600796	0.0559422626006625
-0.825402940083173	0.599705268512402
-0.877150432874458	0.577051214111517
0.681018866171829	0.550224724914083
0.234388667047457	0.135655805195531
0.898526453765479	0.723531388531303
0.0185670250698239	0.0124939251739128
-1.27066180837054	0.885025373031595
0.606920023753657	0.368081471821074
-0.70199248201606	0.471042122206643
-0.848756633713589	0.353692019334519
-0.104191034118389	0.0289508643830017
-1.35579670478113	0.474613983393002
-1.96299502372977	0.955165401048326
0.671538371030747	0.334855559136084
0.128853508420719	0.0572225471771537
-0.573306969524194	0.392293013381665
-1.32931437217088	0.732704638322614
0.0654764191952497	0.542541091555168
-0.0222643280271373	0.12072966209202
0.111874881772473	0.620645960359424
0.0140955747093463	0.0472685592376795
0.0216099646278816	0.061566597593015
-0.00930563746766856	0.0246963486833094
-0.0814859441607134	0.261665691413981
-0.108273620245159	0.359594832261168
-0.0000138966434065434	0.0000316242147812091
-0.148438144464135	0.508983356205523
-0.0747190735558641	0.266664080365104
-0.0854070255915806	0.250962084164807
-0.149941581280015	0.48729246193506
0.134466593180227	0.379923956396663
-0.503451599357931	2.23434299062379
-0.10991589182971	0.275256698342398
-0.0352717223768064	0.0539439696217111
0.294586886477539	0.758619313043423
0.290944966800344	0.714538721417419
0.271746131131845	0.646519880184675
0.604364506284816	1.19842627128226
0.340355881844364	0.374216211621524
0.769454089393261	1.34640198379063
-0.585997819809383	0.805777874915565
-0.311487073942261	0.361391825777696
0.247606789896515	0.284556524454975
0.708738360858913	1.05660823336923
-0.525059015585317	0.537589431338064
-0.00911651900104046	0.00657353137218064
-0.568442908073705	0.35011647403505
-0.0789528454821435	0.0354404697364153
-0.568648402522952	0.350052188835427
-0.702038544823497	0.470931543491463
0.061698863167424	0.023890625298551
-4.44943194328068	1.84281496770354
-0.568450605056492	0.350111713650879
0.963644674484725	0.736791118669719
-1.66989234257219	1.1213835592074
-4.18692465030888	1.51167343819974
1.31640050781925	0.589791315671906
-1.32941565093715	0.732799399043906
-0.314897752349974	0.180460386792066
0.584721353956748	0.379925831477889
-0.260329029925159	0.131417764875266
-0.184148497629906	0.0789589941501255
-0.433226154948929	0.364534788045887
-0.433270756414973	0.364627517279049
-0.139663708311217	0.105871822947445
0.475019966785392	0.528163753770041
-0.107555750061736	0.0823470758314727
0.71174318182377	0.546254831510538
0.546618628076521	0.39924652057197
0.399320754652263	0.355357113434799
-0.877147305981561	0.576909629894032
0.0289038193280555	0.0171413780587822
0.681018866171829	0.550224724914083
-1.35083692672937	1.18239134984024
-0.96814522350334	0.566902385585879
1.80591828976772	0.656470060574126
-2.10706742962015	0.378548652882402
-0.848034357080434	0.353432748047731
-0.00464881905447431	0.0021552090576274
0.671683450052401	0.334892644976188
0.853209164762305	0.546997639818529
-0.224497167957806	0.149363575120558
-1.11384369426122	0.540061252740227
0.00762784224258524	0.046459348186491
-0.059974521540577	0.457722498558043
0.0842916515107626	0.517416629296699
-0.176543650012445	1.14231353281342
-0.0168870833921612	0.0668014537592992
0.118647916598047	0.669605798996839
0.00764436741394807	0.0262319875506914
-0.0760552004402184	0.322004466271229
-0.0250344914110517	0.0921058648106145
-0.0260400133683828	0.0871232115783482
-0.193341094397431	0.855610912125443
-0.196319630807048	0.830708633062498
-0.111512152259775	0.282997182207213
0.237216001844567	0.663692220300955
0.0100087123760781	0.0190687934304565
-0.0661191195428016	0.104830849614889
-0.103634235190051	0.175281593021589
0.382967060522089	1.05906947734862
-0.17975978616991	0.326365018847599
-0.603377056829796	1.21155075130861
0.783730928704463	1.66687055957446
-0.105877527346054	0.12912961354278
0.153698609599895	0.183299728850306
-0.279988332191613	0.372776569532628
0.0363329514028936	0.0424739912362091
-0.219061150987614	0.291246613207642
-0.451014545307128	0.64971450521788
-0.461847657366373	0.584408312575424
-0.529834652364594	0.57470819897117
-0.52960850183878	0.574512845519563
-0.172012606087547	0.103077547099404
-0.0887847648187836	0.0740452876426121
-0.391376863277363	0.191246763311921
-0.391368449200474	0.19130152788782
-0.0786522619879239	0.0353023758590265
-0.500159334491165	0.4159220710657
-0.449641252180695	0.282629245641421
-0.422299294346764	0.236652215203968
-0.825045854923464	0.599435065359958
0.71214042126202	0.546631460156574
-0.472047704335293	0.329071112036136
-0.358667111251907	0.23008064430689
0.178221803522451	0.087859016655947
0.712179649203918	0.546582268714128
-1.06762204479347	1.02959898870171
-0.0490205073645901	0.0267280423638009
0.584789793668832	0.379972034303177
-0.934014185883018	0.914054579689335
0.693730385123165	0.725275945041031
-0.253383681654072	0.203659884929041
-0.0629524049072091	0.0444238840275183
-0.658684460572583	0.622068107957982
-0.579271811951938	0.475172822923278
-0.852500197789548	0.785757997478442
0.756428542148518	0.878263117741164
-0.933888438208591	0.913869462420194
-0.0395089598661675	0.025056610537209
-0.0489803984799141	0.0267132188815541
0.398737028107333	0.276969072845267
0.853209164762305	0.546997639818529
-0.665650790353591	0.583766575955129
-0.314928996425663	0.180388354738577
2.04758668313644	1.45241575348796
0.740558270925095	0.716353910708763
-1.08430074271318	1.18416297802057
-0.351692342607298	0.276392188441944
0.399049309890461	0.355063475189043
0.504482174981438	0.449280164892039
-0.358772871569101	0.23009838326523
-0.0786392714965295	0.0352944119780959
-0.0227456776262873	0.160183491822896
0.0301444156709607	0.16780617356511
0.0209408500924369	0.0877261704288786
0.137731136986409	0.914043806257267
0.040734046322844	0.182056710927174
0.0244380314198387	0.095996797030158
0.0551710553577902	0.2375180965505
0.103004350731521	0.535010989250795
0.113289143047276	0.446184750670721
-0.0882775536854256	0.309625747976348
0.0446261233007595	0.133611812145247
-0.222575019516868	0.634080125266243
0.187319041763338	0.404189390058074
-0.0561628797266025	0.102643068334263
-0.0404588589648937	0.0601816817972202
-0.329498141465769	0.680161208161153
0.0928615712491792	0.148983155525223
0.456679605505587	1.19874863637258
0.0330881587480634	0.0327395278406576
0.691281525369959	1.22586658990329
-0.15254270369338	0.194256447790699
0.00139873989473675	0.00150079416980663
0.545124991488932	0.87423169007125
-0.0917820036484835	0.115992126455579
0.595117200071721	1.24795908337363
-0.270042199854891	0.373959453347875
-0.222681185028333	0.318330333081762
0.169365571729494	0.192074636531763
-0.0890071214654173	0.0741941609564168
-1.05095860624911	1.34977847178465
-0.510268821300903	0.457810866617401
-0.444557882350444	0.511358954728011
-0.267728058594456	0.248940440758264
-0.824056657166924	0.81638992795693
-1.32061027118199	1.32511225206066
-0.581596720328027	0.51635622255995
-0.00917765366808915	0.00661760987460806
0.181461497683364	0.127719005886034
0.0186996940277383	0.01258294431161
-0.176164638179333	0.132110327925399
0.181268476238753	0.127577741589605
-0.167822568183777	0.0869921519796813
0.399735331760836	0.325480178596874
-0.581576029669709	0.516395757903959
1.51292070183513	1.26323270659872
-0.746965674104659	0.697538837656829
-0.325369943664888	0.319859581698244
0.551434241355558	0.63576148092655
0.085782170446996	0.0467737417272794
-0.139822767383323	0.105999705204428
-0.276811038911656	0.289899392636794
0.632317902485742	0.755154144069383
0.481518014125293	0.500631312751705
-0.699242544539124	0.833297261157084
-0.326087521802737	0.279814883000894
-0.824146040742489	0.816512466993869
-0.176006165815773	0.131975979136295
0.0835487526622134	0.0559518379536002
-0.389876979031048	0.276305805054114
-0.119597131265098	0.0730980839289773
0.656204987181497	0.556596773272788
0.635566301998327	0.564954796623497
-1.52275930550516	1.22110242110204
0.740497611483631	0.716165417630369
0.0183477048231822	0.0123439735232233
0.0584218523132793	0.0369098436699805
0.558589101556029	0.623544540540556
-0.0082475743883231	0.00531553212050281
-0.487685272428646	0.372768928036691
-0.043663550570437	0.339091041571139
-0.0249950142158014	0.148091795383343
0.0209625803485508	0.112028032623932
-0.0206484955386804	0.103204474447781
-0.0211313407526766	0.0890711714355437
-0.0290134936545186	0.12006603457807
0.0394855919558017	0.171201738794829
-0.0124402108595513	0.0388933374337587
0.124631871162491	0.489903644354338
0.0489095289002684	0.14791465478597
0.292245721090685	0.90930059909523
-0.0901936364467161	0.17105688562321
0.039069387793738	0.0728816239459867
0.343432420249498	0.74779876446186
0.108282019155527	0.184355309259674
0.276904255231426	0.583337792046061
-0.245919591968706	0.400800989796689
-0.277442645355611	0.426590060365619
-0.173621203667434	0.246448945529452
-0.0736860774586465	0.099538830687933
-0.403660340099512	0.862164256402021
0.08525854513596	0.108313835475773
-0.175048455620448	0.204976243413901
-0.522840984559893	0.842185473834487
-0.149477637519439	0.197435665254551
-0.276334870126498	0.452038016273678
0.225848388327077	0.279756491484442
-0.300697507052551	0.366467592667204
-0.348343770387924	0.320326348950027
-0.0888533360280532	0.0741048731733318
-0.28237495423449	0.244298422388536
-0.175081549422777	0.175126282918183
-0.00663107586792995	0.00564115180865699
-0.197967842787372	0.208995017104626
-0.584880053940775	0.701675985463438
-0.351626904575088	0.27629723816083
-0.69904414307673	0.833026426386197
-0.801894904116433	0.848116806170659
0.100246521231571	0.0815829812641007
0.399820684888532	0.340749962818615
0.211797232378301	0.113783323335555
0.490965054033907	0.474259629942026
0.693663765834084	0.725153457310923
0.196550516671539	0.145785143711548
-0.0946986488638365	0.0659755435797281
0.123556525970185	0.0917993083693391
-0.173854045087214	0.117638793695144
0.196660861583673	0.145876916455411
0.155649683127863	0.126821854967406
-0.212937868883698	0.172737453612614
-0.658684460572583	0.622068107957982
-0.585191796944953	0.595351044297931
0.399690128000572	0.325433376348187
0.0119072973737285	0.00965458349985702
0.301584228677068	0.245882268110851
-0.792112702279816	0.630685418300134
0.594421869448268	0.79378777136422
0.30749743053463	0.261976438841343
0.0290082101700786	0.0171999121963372
1.06397666018782	1.23864783246621
0.15574405956449	0.126867170589002
0.323854328888175	0.311170851257083
-0.0630387675865418	0.0444783896645598
0.06362759694168	0.0473427267217477
0.301677037940246	0.245928506567238
0.0835524868560745	0.0559590557469043
0.39954580672875	0.309586780212896
-0.581710449135816	0.516499216666256
-0.00928824762954833	0.00669633702181945
0.0586329228416671	0.0370441448141597
0.163457954905026	0.108715810889068
0.0118693829380792	0.009623462930279
-0.0293641509290438	0.209548502754085
0.0214477171922397	0.12779215254695
-0.0473273502150994	0.259184404641197
0.0113085030508297	0.0446661736647237
0.0292644237529087	0.117141467665296
0.0651830587840561	0.291463319693197
-0.0737620058697478	0.243312663349828
0.0163456833042945	0.0435553621072582
-0.141275204750375	0.483528287071847
-0.260437822081706	0.735511390345072
-0.217285183021444	0.418517952345438
-0.00248636874422168	0.00376013071100654
0.304429359128093	0.543139217779579
-0.445853812253095	0.931205540561982
-0.472190205012941	1.04131574492446
0.186199213523801	0.247253301565762
-0.905271225157278	1.60412382224247
0.0661966002255316	0.075777670471118
-0.891642648165891	2.37318433480788
-0.259485260367136	0.372219014396234
-0.296509717618832	0.45695892493627
-0.169379642282141	0.215929491385775
-0.196526973412257	0.218837833517499
0.185949711967612	0.246837633962935
-0.212010334256751	0.292368093410536
-0.104042299563209	0.116581576721874
-0.580256043255389	1.10022074370095
-0.417435424871131	0.505036342243546
0.928005194742156	1.50749715077041
-0.282446773632664	0.244319062790488
-0.585046933435036	0.59527130434275
-0.0840062035550838	0.0897894518056746
-0.0888572498983243	0.074111265897215
-0.26744602132304	0.295850010667233
-0.977653088677001	1.37995969437608
0.0452113235928873	0.0395591033932921
-0.144481318632891	0.119066240651222
-0.176845225070861	0.144674849413883
-0.0650557802283882	0.0545393468422616
0.621501054478404	0.764787196198847
-0.0785839623826055	0.060671524360384
-0.348233186701968	0.320246520010427
-0.479660375222228	0.522277009536782
-0.17607245836412	0.132033562000342
0.906715749085997	1.19619072056088
-0.265659552066275	0.194200980313433
0.313306260074471	0.278449490879995
-0.581882784918509	0.516649683252567
0.294669620325618	0.229140922317883
-0.139547705448441	0.10573655979265
0.892797594185182	1.03927323507825
-0.0392463609295962	0.0248852912712085
-0.144303628994146	0.118902050606113
0.398858126103384	0.277086879421163
-1.08438682576281	1.18431059237427
0.617765549837633	0.573828948863495
-0.957721875300152	1.23815457462586
0.0420850935236781	0.0298099272916693
-1.03374979832969	1.20022282333808
-0.348105387530893	0.320033254099907
-0.322057792347332	0.231825689583965
-0.0345888874345719	0.0246869544626193
-0.139605927636592	0.105807323771808
-0.11540692351594	0.0956883568039258
0.399690128000572	0.325433376348187
0.399288969240364	0.355377886242979
0.399759936614019	0.325466533686847
-1.43547178788772	1.78722922825096
0.3133568651253	0.278502834108035
0.181486135511974	0.127750720166101
-0.992570464749255	1.21879102188578
-0.518760597381306	0.498669808489867
-0.212908892138904	0.172730738669614
-0.0346826229632472	0.0247463043587962
0.042171752524437	0.0298790460230667
0.0463125657454082	0.372401324470602
-0.0489358436415551	0.334533627329468
0.00664003326609625	0.028017185880395
0.0639549314606706	0.321634339364357
-0.0251663040054876	0.108158496816542
0.0123703213064183	0.0372929006533137
0.0617807515668363	0.207187781657811
0.0246638130936053	0.0665536105570845
0.172483871882341	0.435510788507893
0.41070784035718	1.02155083597196
0.11802651634884	0.229354673926293
-0.00655583648366004	0.00847720440814438
0.0689279056570306	0.101771423119804
-0.256816056006156	0.484379724069239
-0.486992779635345	1.04859445769536
0.213023986938152	0.249894187237118
0.00915499768928231	0.00955334837523086
-0.280039660932291	0.402475609944293
-0.77105001699076	2.04298945788867
0.134966258503616	0.164768161387601
-0.238349082056615	0.317176861412658
0.199667756801881	0.252611100241314
0.413034740758172	0.696151838335422
0.0569406665754464	0.0701945131037241
-0.0488401705833999	0.0635052309923774
0.488613445619505	0.86591615544513
-0.260114727158844	0.303063716633535
-0.0515292453537174	0.0495334729822219
-0.314246630038262	0.40072294334205
-0.174942580899865	0.174964491664794
-0.105273195789266	0.100139616073067
-0.00681909956848621	0.00580053297594237
-0.819138517051728	1.21242917919825
0.353788345564341	0.458791013723742
-0.214983372745629	0.25115789316989
-0.372063655835165	0.429828062141229
0.238316651747202	0.311127964333203
-0.199601516931131	0.199001053702263
-0.444649201115495	0.511496716131726
-0.305792966670048	0.282848730438119
-0.0653423435850286	0.0547948111674085
0.00967432704597416	0.00842384959834257
-0.325393580122421	0.31990109543579
-1.02568050396327	1.50507559547987
-0.585408445300363	0.66759655883592
-0.121068927438012	0.1077050389726
1.0111634490008	1.37532648910176
0.337134270779435	0.359238126152425
0.0701823662278696	0.0593824592223158
0.242356178044144	0.214985565263662
-0.115187930302016	0.095512148141021
-0.342729458187049	0.356731180253158
-0.202739064227632	0.190138750925471
-0.285007010964892	0.186314582604357
0.588615245250168	0.591841677947116
0.323831363056556	0.311134069761231
0.874798937057536	0.879642881682537
-0.107517078885987	0.0823153268895267
0.39912458626215	0.261113883283656
-0.326355256045655	0.279964233309662
-0.35184393948654	0.276566025269648
-0.00900057241950286	0.00648992068001476
-0.175919634649486	0.131903962046959
0.485739888112208	0.487224776786363
0.104956741794419	0.0741723016137246
0.294538374539166	0.229025751018913
0.30154402023457	0.245833358350572
1.37883942586699	1.87499578129798
0.693690246392912	0.725252132108966
-0.217579706189392	0.161150359813106
-0.581924052972078	0.51660970150934
0.0185670250698239	0.0124939251739128
0.313306260074471	0.278449490879995
-0.658856639279355	0.622339256267809
0.512657310397779	0.4363802026596
0.324055454552243	0.311339240054013
-0.00825098414165935	0.00531839236576663
-1.0841908394185	1.1839217961835
0.163542982860668	0.108778932354839
0.756327183474673	0.878423350453597
-0.115141129904688	0.0954784510536691
0.0423743719128558	0.0300283189520027
-0.00396205891666439	0.0235019909274023
0.081860358336447	0.593681878555452
-0.0692293008965177	0.384534925407951
-0.0618953904975199	0.32656780742648
-0.11990198149639	0.527166428348911
-0.0384237687809929	0.120501338997476
-0.10397994696973	0.345534683644475
-0.120648920509483	0.265923014416431
-0.44000323026777	1.1105481052774
0.101061891775284	0.19853494350071
-0.354939044770371	0.697279094866101
0.956390473140354	3.962290050581
0.0900740122258032	0.128800537443225
-0.170187844011456	0.25771137023976
0.0851732746182417	0.0900630626408369
0.0791535475911355	0.0883518897599191
0.489369835777336	0.849701040887602
-0.240585321266387	0.344401886764913
0.0941653087365614	0.122686598119425
0.261938856861011	0.378171081145692
-0.0727738733278588	0.0815640234924703
0.032905636535159	0.0325523049618979
0.39292498724822	0.755686758949197
-0.136360893108915	0.173385329488196
-0.31164194731693	0.361612661816235
0.538766412161026	0.658647144394746
-0.17574199273165	0.154852910733863
-0.366304883417943	0.358680103751144
-0.233434099808328	0.218034641630343
-0.252974536526994	0.203287052328415
0.403107199205738	0.445897791840976
-0.752795388627605	0.939411626944587
0.143736680302465	0.131608614525093
0.151992067501394	0.16261893535959
-0.276670956116106	0.289713470948433
-0.0072057301252059	0.00567955617652095
0.242218608798754	0.270548845061946
0.33703773034153	0.359153940963083
-0.175655422612292	0.185936080062462
0.072632436907674	0.0681211844671134
-0.584895265327891	0.594987623652995
0.323865944663762	0.311061251774218
-0.130995623945025	0.0899905529234292
-0.71991329862951	0.767741789537337
1.10686381072456	1.7246079892126
-0.510289006936431	0.457857532003872
-0.665713715910468	0.583821826978918
0.917385739851407	0.884686342578039
-0.638788368006849	0.764126122812867
-1.09726281254122	1.33580254085195
-0.686814392821566	0.508383460359442
-0.175939889037554	0.131914260685591
-0.731812922422094	0.732436549156271
-0.217390097066543	0.161055583465922
-0.889919967188209	0.758268439784129
-0.139736090471981	0.105922417777216
-0.131233499060858	0.0901795833894835
0.496949938369806	0.46130559753837
0.588895225136289	0.592101521289749
0.838229091966295	0.876744684196254
-0.34833836065798	0.320319247753538
0.286353621089143	0.21159382496386
-0.376051625080817	0.319760670481302
0.0829823307576649	0.0646629147489531
0.0835487526622134	0.0559518379536002
-0.217517602207641	0.161171641212651
0.0833557667171139	0.0558227225451886
-0.326159922484406	0.279907201089532
-0.801630220696602	0.847666253689669
0.123414219855483	0.0916913597139219
0.0479747380547107	0.0242080962692441
-2.78160729280607	4.61707310410805
1.76260042327643	2.87138874697866
0.104916523665419	0.0741539664078005
-0.299019203964138	0.237807473659699
-0.107471564398254	0.0822786215010428
-0.433291488543149	0.364623921203193
0.401329717916844	0.415678889326059
-0.732058126746874	0.73286505952673
-0.131098870174411	0.0900513276682991
-0.0731512482936545	0.658360895074138
0.081898245630973	0.608981694922663
0.0555326647754732	0.310727371516361
0.162925988788359	0.8529056464022
0.029650947320875	0.0955597176794448
0.06844693885202	0.21397409199726
-0.0174105367662605	0.0324162523276702
-0.0970521248405753	0.163911201862708
-0.0287114810123551	0.0473550738685872
0.00922953075411459	0.0127143538227348
0.0969060473579467	0.14986280970449
-0.00320219147609033	0.00429299335666184
0.0293149741325053	0.0398157741671465
0.0628687115198425	0.0625460598219173
-0.212279845522899	0.292782316442416
-0.478733536348363	0.952017511781833
0.0766780820769574	0.0902715137543637
0.18356407069492	0.261472395706694
-0.444176560496425	0.614221271153979
0.033225578836078	0.0328705324028048
0.0328331368681828	0.0324760267207183
0.176680085987679	0.245748711977778
0.156898806085634	0.235295621442897
-0.585703603019629	0.805286663976249
-0.325617640348023	0.320282933595071
0.169422958575472	0.144003433406443
-0.174597990470236	0.164323468642774
0.621461787317565	0.764224784964724
0.323915029467132	0.311232218447454
0.340412382966658	0.374188425779875
0.551434241355558	0.63576148092655
0.0449564560037685	0.045864820978103
-0.902352997768842	1.27837990509818
-0.634844558588865	0.797063532308475
0.28506844309373	0.311364586066694
-0.112442000887516	0.11350074193057
-0.960465972654656	1.69823852848876
0.111722116026633	0.105409586752305
-0.471678776899496	0.485247135147402
0.693690246392912	0.725252132108966
-0.461514287529167	0.583867894781971
-0.71960244132303	0.767194512187711
-0.414004594020839	0.321166452093534
0.497389649309095	0.461887550182002
0.803959680966698	0.712177078510325
0.533376076879672	0.411247392753159
-1.15383857033126	1.32467255518057
-0.824232160893451	0.816656260054727
0.0420704478799066	0.0297993041871725
-0.376230236795951	0.319928965342465
0.209804641210926	0.163375302753225
0.399347543067605	0.293399579549052
-0.351692342607298	0.276392188441944
0.276634861834895	0.193514161038662
-0.395562242303531	0.361143873131829
0.39943137726308	0.340538087173694
0.15567214013857	0.126814827412773
-0.389771020667503	0.276159735319747
0.892964489738904	1.03927342214318
-0.173939041290908	0.117697673411669
-0.579378743921397	0.475440639742885
-1.47876692963351	1.64729609475794
-0.100420022756932	0.0533838408407867
0.779638198889274	0.87592168489123
-1.54120277495639	1.51560255027329
0.141919557864797	0.0887687130470317
0.0290370556228624	0.0172206399698484
-0.0947187570420703	0.0659954812826102
-1.15810141023561	1.47534110389057
-0.500183219270712	0.41601862452228
0.674719205439511	0.730809985770197
0.558887964627631	0.624084125492663
0.0856242796901098	0.046691435653039
-0.981265027108978	0.890557154783962
0.399406503553071	0.325100229807191
0.398965812529665	0.261023979914902
-0.653408914392345	0.659917412289735
0.0634664009832107	0.0472068598268135
0.181288988667872	0.127593957665151
-0.0784345608345093	0.0605629423147764
-0.0784345608345093	0.0605629423147764
-0.348172001230589	0.320161359011948
-0.411250093494183	0.400671971163182
0.0255036423690433	0.175475319568741
-0.0607557896589899	0.414605593548
-0.0732046826956034	0.285092987808434
-0.133866247140268	0.62367368962525
-0.0273153445231508	0.0848219240291772
-0.187296864456562	0.501846557266784
0.0649352097894364	0.103250708026382
-0.301786736651084	0.810814514597469
0.0715983978563665	0.101363943185952
0.454312221421557	0.931598204240266
-0.238888995044758	0.412843047826629
0.189358930351444	0.297989161047979
-0.068401020091148	0.07316728252513
0.199181044259508	0.251858831258138
0.0657743649594525	0.0831386648815886
0.201093469235528	0.280962183754556
-0.173228186547803	0.212163983787189
0.050597056803241	0.0487575104393884
-0.492999872037478	0.594280745023269
0.639697447976477	1.10526268500051
-0.381387618754444	0.671140868048824
0.158594225183164	0.257944206282509
0.632495031067766	1.35526472976485
0.143852891249114	0.180440925042333
0.220603065697201	0.301760912834053
1.14907480979344	2.05911116384849
0.273291633108363	0.358785671565709
0.191677320933729	0.206528347133175
-1.07997181945839	2.35659955690094
0.0729093262047376	0.068399150851156
-0.451119704819429	0.649876272351289
0.0246301731824557	0.0222122768195295
-1.08799369788104	1.91381502387909
-0.486440323668037	0.557902930359456
0.458076477481022	0.618014864916647
-0.139044067685691	0.163000873394958
0.285131193343243	0.31144369189687
-0.585256586962066	0.595532228353403
0.251307064750424	0.231731698543509
-0.709193767003646	0.801312605973671
0.0119666082517897	0.00970132315769945
-0.173897970235959	0.117662972860727
-0.0522839918601282	0.04068072043643
0.0136475680593395	0.0101639629126591
-0.536550537207561	0.645347764314413
0.232129581076971	0.1975732704976
1.01135885643922	1.37591811010984
-0.658788207591116	0.622019672117386
-0.0284438567742911	0.0222789956278097
0.0533943885931312	0.0433994765491899
-1.03370397294107	1.20014450289202
1.17365801863663	1.59916179368756
-0.461651899988847	0.58410132300332
-1.40362410788704	1.92676172546924
0.0185670250698239	0.0124939251739128
-0.100629944992226	0.0535126365530659
0.475069194583363	0.528142594560637
0.399427771188148	0.340575593841657
-0.897428804538663	0.940123855262361
-0.981346705680869	0.890885888045407
0.0289310925154956	0.0171575933732068
0.617420418757346	0.573141206657622
-0.175965673055704	0.131949461334819
-0.449523782791997	0.407127494338527
0.163394799247274	0.108667158772753
-0.358719266708361	0.230082368721598
-0.732032135539211	0.732821298651971
0.806965927890308	0.875754372941682
0.155688372465746	0.126852228931337
0.123595155527709	0.0918402169438805
0.193958371512352	0.178331758773897
-0.843847018467008	0.995547367050303
0.399737330823572	0.385193689112334
0.861024502537795	1.03527146379121
-2.05707396714427	3.88628199213954
0.163416673168622	0.108685956637582
0.80703898975451	0.876068893169666
0.130401182489278	0.115016230996086
-0.835116557920523	1.1859861803034
0.242240089394058	0.214899999417407
0.104716883089493	0.0739944009840759
0.0422801964941737	0.0299581726434151
0.0532190512522587	0.0432538511263297
0.0024308249804108	0.0144932196756054
-0.103620382422642	0.576388531774797
-0.0617929104883328	0.276484196291902
0.0770030569688686	0.336458207546137
0.109711032554264	0.302382173485024
0.100404848323525	0.197053178528569
0.0246549053040965	0.0467483747281207
-0.136070761889745	0.238108786140142
0.280869255802413	0.613556723170098
0.249019596009649	0.486429833991639
0.470134439313147	1.13049863068589
0.0551262245716566	0.0708749536016167
-0.00866050945438795	0.0131464418718379
-0.00515904670072449	0.0064279703635983
-0.366280556482516	0.587125856021777
0.183602386614042	0.261507170436524
0.263463142448215	0.328397383602289
-0.794845481237448	1.65024359935144
0.626508044323542	1.12676966375308
-0.226464761904427	0.459071776164703
-0.079332925029669	0.111101273635465
0.240137465785341	0.35372025026939
0.177138312026884	0.20660683966821
-0.587187383935691	0.94532474245989
-0.138438272964732	0.154930033165445
0.312228097528159	0.412405074197757
-0.0225894175090819	0.0205051343998985
0.0122006836945304	0.0098915566793204
-0.854281531068344	1.1617551919941
0.0572576321665369	0.0602545468199368
1.01123596277021	1.37620291515356
0.0570233750451191	0.0599949286861507
-0.414949561299545	0.574483828300335
-0.498685802312371	0.629725536668863
0.186156613807005	0.247194972708366
0.469735322678095	0.555158489607668
0.19659884117293	0.145774630744676
-0.524815453100766	0.537062416627443
0.602597925689724	0.783959924684385
0.140472430818196	0.109442099649995
-0.0626256680063536	0.0441727442420831
0.123617497021085	0.0918583041397737
-0.175827653408998	0.131780919521616
-0.411188677099937	0.400598476018082
-0.0946986488638365	0.0659755435797281
0.0834905932592355	0.0559004261197653
-0.17669593160616	0.144545928734321
0.155727070570055	0.126878282094664
2.95628838638954	4.61100902971357
-0.212713360939679	0.17254553218638
0.533376076879672	0.411247392753159
0.892890698291892	1.0393382533015
-0.21295207709753	0.172746235867332
-0.212691791044861	0.172551277167208
-0.376143684377995	0.319851962038645
-0.435026816407978	0.475269083682507
-0.171710160877072	0.102884135352662
0.181329998139724	0.127609580246442
0.917440096388044	0.88467261828141
0.276474328877052	0.193352422934333
-0.584956260446631	0.701699973721996
-0.933992156297381	0.914003033691674
-0.217562355222036	0.161209704519002
-0.48773985319078	0.372891051623747
0.30760571259343	0.262122423899814
0.602283403180327	0.58274805842323
0.399482601711874	0.309510248663981
0.681125680716043	0.55046354075607
0.104763347283701	0.0740364034986795
-0.0345819119258492	0.024672027812503
0.656206267324745	0.556658827111305
-0.139829863569532	0.105989913354342
-0.653693646118528	0.660172892929773
0.717900669878066	0.887343608944125
1.09677304858327	1.40759607701824
-0.395439424956486	0.360825286987714
0.0853825790246597	0.0750455162396537
-1.28391925970278	1.61798649206722
0.0828769652944142	0.0645800647846662
0.00663147287059601	0.0428528207603715
-0.0608084329502947	0.346211653944048
-0.0214223476713269	0.0994137866532959
-0.0385200506437664	0.139929389050232
-0.0214746715729161	0.0674922839869516
0.00148736465928736	0.00402938220991006
-0.0383189736704711	0.0853609226127354
-0.0134056717102929	0.0303235984176699
0.154678185290726	0.468351715016015
0.0761531426952727	0.195888818855215
-0.0155006352665403	0.0283013108162087
-0.0602287167755462	0.0869579283895196
0.163078433234667	0.249509616442799
-0.309086841718703	0.539089660646061
0.351529902895014	0.599781919772921
0.178583422369907	0.31862861973898
-0.34002531330363	0.666483592955823
0.160176323544454	0.226792129931888
-0.0119219220861601	0.0127592881853224
0.17544296694438	0.177762058983809
0.588595066392203	0.591766024504237
-1.13155047031351	0.86769390868449
-0.260343515581359	0.131418537401997
0.0287705561859204	0.0170587536066852
-1.12691507044464	0.723963263011774
-1.12726658129117	0.724223760675267
-0.235303642562071	0.137970517714117
-1.00952368242225	0.719592912783372
0.365691013165346	0.150286033986656
-1.78580901920584	2.04247781197618
0.398820720900162	0.277025474674033
0.350129370935253	0.431113772961706
-0.645845859614129	1.18978145743179
0.735892214203806	0.882218170110453
-0.0944265821209087	0.0657810629480795
-0.167844965554481	0.0869955704368866
0.398819918961831	0.260856352026993
0.307301334712666	0.261703441795344
0.0344160984411845	0.0268069591828174
-0.35179913556368	0.276493703074878
0.191732944000523	0.206600582008971
-0.433597803918653	0.364884281622447
-0.889849917085526	0.758267834539312
0.67158217394513	0.334848424054662
0.39899192284154	0.260983107314941
0.141946747916864	0.0887830221731782
0.211781317206402	0.113772152167333
0.0615829893731542	0.0238409326210027
-0.877086102697969	0.57703082808025
-0.224389641716655	0.149312226642465
0.181338272981322	0.127601363220539
0.181243722357851	0.127542584831018
-1.22619164385113	1.32045716391472
-0.10061457138053	0.053506852680468
0.0135345716608344	0.0100782611317986
-0.121037621098091	0.107681762119852
-0.29886610370457	0.237647739189563
-0.105566488547882	0.100464502770623
0.399029139110439	0.355034495461065
0.328961058425923	0.327736479111249
0.804052727722994	0.712385443173546
0.718111359650868	0.887483900214155
-0.265631141777677	0.194115321022874
0.644587720862403	0.746231009506604
1.52852506808155	2.31956265086266
-0.56857990501294	0.350166387556922
-0.939143234552252	0.734645723530448
-0.449567449519245	0.282520625046012
-0.0789341657715355	0.0354195064498673
-2.81228031043952	2.16543401183887
-0.579255505788466	0.475298800982053
0.750730708390523	0.546206964542419
0.0583395005806904	0.036852126768332
-0.433312225428805	0.364594980311689
-0.0760095348319967	0.0473545458793008
-0.0790599160932567	0.0354904532922947
-0.0610513624324841	0.525697523152836
-0.00837078439770375	0.0473983277839706
-0.024383628070507	0.098799843159068
-0.0504963725662473	0.180749159849657
-0.0105769035971173	0.0336097256042096
-0.0310214989967711	0.0856540175434342
-0.0610583630689305	0.168271708139791
0.0892895031008725	0.26713052911688
0.0536134877545906	0.133593044504302
0.0659515812323096	0.132638298809984
-0.0470077731265826	0.0700123571013815
-0.053177742553665	0.0767267153541395
-0.170932644042116	0.309652364329576
0.0111288921506448	0.0159547482721509
-0.293747493583413	0.511435763386396
-0.133557487247529	0.194669602619972
-0.145847029427239	0.213048488978361
-0.644426056620212	1.43971862810765
-0.194255207429209	0.267300748408155
-0.233536960383459	0.218126490130705
-0.868254872563462	0.96763483364418
0.399869767272475	0.385318945368857
0.0426783251071346	0.0302219046715068
-0.449641252180695	0.282629245641421
-1.01120058538935	1.04695271671224
-0.366237235090578	0.358627273453693
0.155627475754962	0.126778068115393
-0.4796336062803	0.522299876675784
0.196616031972375	0.145843799490633
0.551501845085119	0.635852734002159
0.667311387198639	1.25395266611713
-0.138414050356656	0.154903448151707
-0.994042185265935	1.51934999798343
-0.107508169849809	0.0822857545200277
0.221605537863287	0.180636771759577
0.635690366690533	0.565096016504913
0.232295194523647	0.197749437782886
-0.120999705628606	0.107644276934055
-0.375919135171039	0.319589844911493
-0.486661421257347	0.558275710413574
-0.253172941659382	0.20349196228865
-0.938906313504456	0.734349776969803
-0.852708246520331	0.785897774579404
-0.57935682061201	0.475352415067981
-0.119571298130348	0.0730913852716358
-0.10062225280412	0.0535115969827204
0.0586959218520654	0.037080909149561
0.0480050835828071	0.0242224684999677
0.0584657231335231	0.036938288303298
0.181268476238753	0.127577741589605
-0.747092163644139	0.69770729158356
-0.176668133923643	0.144531268883594
0.874777087030697	0.879653666456889
0.140421833819028	0.109404273443709
0.155688372465746	0.126852228931337
-0.462122120315238	0.447573061663702
1.30786013929473	1.83319840024763
0.55134535853715	0.635609433994092
-0.529764916448237	0.57476185553824
0.29480077584406	0.229215312049055
0.083531860600796	0.0559422626006625
0.601994664430006	0.582376910401139
1.01587110648226	1.22343588808941
-0.579107606565021	0.475099010712088
-0.285197483829977	0.18640328386474
-0.31484487118018	0.180441066493249
-0.21771397066353	0.161307040651693
-1.8391414122168	1.75880164015421
-2.68369725056309	1.94087167157593
0.533292453228994	0.411220850834707
-0.100540405818408	0.0534632011451723
0.838188159320898	0.876765674012669
-0.171840142126793	0.102971998105413
-0.581686252519767	0.51655310567462
0.0422862666403443	0.333464491469737
-0.145528721591699	1.23105370680773
-0.141749672430337	0.892907300587021
0.0937138066162035	0.480674379794181
-0.107046721561284	0.416218807807419
-0.241999446155027	1.19315966557905
0.173251950407146	0.708773736099173
0.120761527021755	0.403419319206149
0.0946147195290107	0.249249770238471
0.105472554296105	0.195016966046054
-0.114898785496628	0.200069822101298
-0.0746681279839987	0.111652839275667
0.151582748920104	0.275678936013094
-0.120889125443908	0.170243937012065
0.367402571140626	0.838301098999133
-0.332604960015606	0.633926558343286
-0.221380080929655	0.348624614684626
0.160756969209783	0.177143164961233
-0.854357130253329	1.16148235835013
-0.58514057818814	0.59509749638718
0.617897056530973	0.57390482175607
-0.801569263035344	0.847710839351726
0.286208055506217	0.211433815000391
0.0292777797831933	0.017353468544835
-0.487661253003712	0.372817824928706
-0.0759489641588138	0.0473161986698993
0.0186074566745822	0.0125199585315506
0.294665732792582	0.229068242254963
-0.00906705676093323	0.00653787291057647
0.0328281232571005	0.0324691168147105
0.0682788288454255	0.0740133951601523
0.399355379932074	0.355448893685482
0.0836180150286238	0.0560004475283622
1.02257063057321	1.06687882467591
-0.176144415681378	0.132088337614021
-0.876182563710018	1.13814087423673
-0.676958972331787	0.927462486674246
-1.61854149952056	2.28202789788119
0.539083273089282	0.659646925801378
-0.00840262799863025	0.0054152268864909
0.155721600850576	0.12687834443863
-0.686670269083675	0.508235697146491
0.398751303919128	0.277008501801979
-1.04459587610723	0.874882532020824
-0.235316786021102	0.137981180349472
-1.40186565980495	1.48444853822536
0.301398213712181	0.24554766323442
0.196372815387554	0.145589390572037
-0.674845861436495	0.545752345612659
-0.131233499060858	0.0901795833894835
0.972531577166973	1.05481447822713
0.937944648934292	1.20192457289589
0.329007882486462	0.327705615402284
-0.176031979073977	0.132007055143449
0.0345281267619808	0.026896908865721
0.39891354314077	0.260897691895206
0.973904019402844	1.21035798210037
-0.54265065787196	0.715266543954514
0.0290900259567636	0.0172511793350693
0.693690246392912	0.725252132108966
-0.00664012457361048	0.00370465466943885
-0.235607797127112	0.138127518084743
0.116368199676192	0.0681703696479722
-1.52285115919996	1.22094655905409
0.211895891785283	0.113859386997973
1.512841282031	1.26331557456989
-0.939143234552252	0.734645723530448
0.399255404140671	0.340327963958106
-0.658639875683426	0.622045105168558
-0.897366494334249	0.940086363572764
-0.48776714051348	0.372911243742093
-0.0392052054556307	0.0248573231702168
-0.389955764282231	0.276364109155234
-0.0485770969048818	0.383148618294549
0.0247895691585167	0.154396615492999
0.0710000389305612	0.450308712419366
-0.0633157328880872	0.242335472609364
0.16904234375262	0.828775290120911
-0.0324616625909758	0.103252111303418
0.0151383183313664	0.0393373240753311
-0.27057819853485	0.778005496632778
-0.339555195777794	0.755583678495717
-0.40675154687476	0.935131471718203
-0.00591652281900224	0.00737934703174848
-0.0588861165103811	0.0766733934480907
-0.0956186562407216	0.129664040938248
0.340902207798396	0.544905722017843
-0.442322248646274	0.73618200770321
-0.174990045725178	0.204830312534502
-0.500252737842169	0.41594128744578
-0.573135403447075	0.392220170007954
0.584705454785635	0.379865393865165
-0.877277380430432	0.577081252829866
-0.260673005754938	0.131596036501488
-0.571731700161253	0.312583492623591
-0.391481666646295	0.191384943509599
0.211903911998709	0.113847022197123
-1.68657752983501	0.703681756485321
-0.788111377288474	0.414177817025583
0.398751303919128	0.277008501801979
-0.0760095348319967	0.0473545458793008
-0.348260989870027	0.320232184962603
0.169539020520342	0.14411971010244
-0.0393776134712881	0.024972610225115
-0.224413744655321	0.149275705954478
-0.675006245913962	0.545733063723005
-0.358588196149511	0.23002237558786
0.181399908429285	0.127687118867493
0.497369553260182	0.461892949717221
-0.487873057934406	0.372944209434401
0.663867953191417	0.915315495031397
-0.00651948015524466	0.00363872630473713
-0.235224426170279	0.137909137164948
-1.00950067227012	0.71944848988664
-0.968033043844823	0.567023112730889
0.211918251717271	0.113865661807845
-1.40186461371808	1.05084714160718
-0.422428119128095	0.236719234912365
1.11255900834009	0.937756926523111
-0.314837032959884	0.180433066341452
-0.422363725502875	0.236700130314835
-0.358574770830738	0.230008355533989
0.178661665260978	0.0880903270670572
-0.00940109644110474	0.00309197435180766
-0.00657979808016496	0.00367176203867503
0.485841099171652	0.487268525084797
-0.510615110090726	0.458167791550191
-0.41128876973223	0.400747824114552
0.0857166974560899	0.0467505479059537
0.276662130961792	0.193532353478315
0.324010908752083	0.311319890522431
-0.631705417879792	0.829965988325646
1.24620067955331	1.14596412600775
-0.131061153506705	0.0900441324975503
0.546816875156251	0.399566848469562
0.796585173823348	0.546500154315464
0.763957208446354	0.331045765272962
-0.571969057025845	0.312725884763733
2.04741366604644	1.45241530822503
-0.516625938445608	0.17859542475739
1.36213765917752	1.19730352814855
0.128617894345499	0.0571115897629187
0.838117797660903	0.876248977359735
1.15458507968611	1.10902660350339
0.898444264260743	0.723439633854202
0.711874779189576	0.546278728368417
-1.12726154838206	0.724019034618447
-0.939064223681972	0.734584867529678
-0.299019203964138	0.237807473659699
-0.487659615823777	0.372805015575226
-0.0128860465515169	0.0830590313139657
0.00494509680241294	0.0285531263919182
0.0380521353863445	0.14228675872943
-0.000271362362801043	0.000875029819888874
0.0190199843735687	0.062754257046102
-0.461458569710793	3.12646074369229
0.0931456050468845	0.197346335182845
-0.0386055324818235	0.0519630161173353
0.424028309252428	0.877031476576748
0.28577867915675	0.531029110347114
0.454153588680307	0.946636771542588
-0.241624334135454	0.405605095176296
0.185554241685563	0.246096100334232
-0.0910907976896303	0.110929635980948
0.199180822958796	0.220996664061345
-0.00631528212526665	0.00352626021625771
0.751023300013365	0.54650935831214
0.365902024574029	0.150387445991254
0.372950968880263	0.176251163954604
-0.391594789884239	0.191438279351218
-1.11469959880058	0.540907832368884
0.44905816517692	0.0872417415102285
-0.849075640655895	0.353944854479088
0.128739954381237	0.0571706971446716
-1.1144886963805	0.541000350984738
0.853127837722916	0.547021736367706
0.365586141782211	0.150181109261029
0.209865245759409	0.163389501310487
-0.48773985319078	0.372891051623747
0.85283324740414	0.546614527098771
0.264528096877181	0.174410997883395
-1.04445204539498	0.874915515762286
0.606732450583422	0.367923078259537
0.181313675255168	0.127612911033939
-0.235488423181181	0.138083855479216
0.584781816253386	0.379967818774411
-0.115162021042232	0.0955015869388595
0.972446503673662	1.05480356633002
-0.00467057234517247	0.00216620810420213
-0.391246652475677	0.191209210716848
-2.68391057868112	1.94117051950088
-0.314883095294388	0.18046152778602
0.0617424742393982	0.0239084459082885
-0.731879847109571	0.441085742998587
-0.422406829788458	0.236695706877833
-0.327440587999834	0.129669435996948
-0.571737584667295	0.312608565413617
4.63430294481952	2.19996467617937
1.15050176481748	0.774211913438795
0.234209408113983	0.135557017197127
1.34282847999244	1.01447188278909
0.211857686193715	0.113839275081236
0.373053344931518	0.176282869574425
-0.10061457138053	0.053506852680468
-0.314905683790335	0.180488007236133
0.528136710317649	0.682454784705726
-0.326282921574832	0.279983944213401
0.242062700905714	0.214703130207452
-0.348061454900727	0.320015478080447
0.163564873806924	0.108792680582514
0.163501719768619	0.108748360137995
-0.139822767383323	0.105999705204428
0.264718600927762	0.174588722278937
-0.0064125873499607	0.00358029417270733
-0.119599857211976	0.0731028704874724
-1.27063082055851	0.885275144897396
-0.406143088696864	0.0911104868149055
-0.517899147573227	0.179109173088448
1.59491187457724	0.855036907978974
-0.95187692509697	0.272670624519378
-0.184148497629906	0.0789589941501255
0.365901442885752	0.150373308319952
-0.171868434519582	0.102987037446451
-0.305909055347326	0.283015327077871
0.128617894345499	0.0571115897629187
-0.00887297177040951	0.00291884997088316
-0.391724305318784	0.191524028484181
-0.352085446203454	0.276745724130434
0.399080971909257	0.293155310902524
-0.0077931886922603	0.00501977690444753
0.0442120734825858	0.347399479133443
0.0581926429960107	0.324879716393449
0.0833619512091093	0.437397014913002
-0.187414372354944	1.26370444088829
-0.118457079204973	0.516055855958448
0.0729122937357932	0.190761804235358
0.0903720093077454	0.182782458025188
-0.00823248522981641	0.012488556216025
0.19890268946	0.395020572366923
-0.404833615125187	0.97374159433439
0.149088395364342	0.251165003783638
0.26679752404076	0.512363616620284
-0.275371713688162	0.549610383614561
-0.461538520249281	0.717386889650018
-0.518796646532029	0.498836162530179
-0.792066289731086	0.630748823283636
0.631705763938456	0.352168656285739
0.751023300013365	0.54650935831214
-1.27056950611993	0.885278385976038
-0.449843421145938	0.282604485538357
-1.11449125834891	0.540788176297302
-0.686578027159609	0.508127690026033
0.396262160673801	0.22638646126689
0.38745688057007	0.203646525201812
-0.568450605056492	0.350111713650879
0.21178923311276	0.113786657240428
-0.326181664826682	0.279912875467181
-0.406607460473551	0.468635238268246
-1.04470164881043	0.875080672215587
-0.433380803591891	0.364749116803
-0.791982672273346	0.630647826107759
-1.1429488945204	1.02058323614315
0.504588960060017	0.449336461527864
-0.131167945964282	0.0901320351584368
-0.665458907197563	0.583697557335818
-0.149472299433566	0.141228665702496
0.399228404544203	0.355333715609178
0.178582044959992	0.0880558495915799
0.546895990778706	0.399626688998168
-0.184505553212383	0.0791373504854963
-1.00959977615633	0.719347916460793
-0.11949245706525	0.0730428325659769
-0.078745871602922	0.0353461577361168
0.211887954999951	0.113856287486724
0.128600743651893	0.0570689512075919
0.606573930730702	0.367747138860669
0.061698863167424	0.023890625298551
0.58461467910062	0.379754194113975
0.7964775407151	0.546436206750712
1.2460805514049	1.14608745729724
-0.433030285558499	0.364177682386566
0.546948364222488	0.399602425564261
-0.788575520499092	0.414353051058273
-1.04438698797144	0.874823359724042
-0.510268821300903	0.457810866617401
0.251243137786002	0.231759962628182
-0.584838266197566	0.701606642326532
0.0136528483379236	0.0101678161494968
0.0853510015003361	0.0750123595863161
0.063583400431616	0.0473103569520549
-0.0345093187010541	0.024629254832579
-0.267704588309786	0.248900738875309
-0.674845861436495	0.545752345612659
-0.267639499454614	0.248840835074864
-0.510355386012621	0.457967106030025
-0.100361481812431	0.0533560155306658
-0.848034357080434	0.353432748047731
-0.314883095294388	0.18046152778602
-0.327440212159224	0.129629361099382
1.66354590615496	1.51630803906671
0.0615829893731542	0.0238409326210027
0.128382892136535	0.0569893614731727
-0.171854279210956	0.102994903376511
0.307634491053212	0.262156519345128
0.522387352151361	0.423910040361166
0.0617424742393982	0.0239084459082885
-0.449559643029099	0.282553005776485
-0.571358261005284	0.312197163788921
-0.326340721653588	0.280055228883983
0.264500485590941	0.174379741570726
1.38262875964882	2.2128190984883
-0.224444197210169	0.149331124302083
0.0289685489682134	0.170815760353073
-0.0665328904964374	0.433279449027319
-0.0447328734462441	0.229322978629089
-0.104766724356928	0.525322971758652
-0.216545172530762	0.990548272005679
0.0116687846437036	0.0280963394911381
0.563494100611693	2.09017658125961
0.163277179383462	0.332808012805837
0.495067231760825	1.4044169513872
-0.226569341011239	0.44844458633823
0.236195565512785	0.423245305823458
-0.0465262048482798	0.0626717405416812
0.0105354990762231	0.0125180877929643
-0.0344228083995248	0.0245606862576699
-0.21256166538904	0.172413099474905
0.681148814685048	0.550507144497065
0.963538022937797	0.737057787372522
-2.2776150608574	2.09462450594487
-0.449641252180695	0.282629245641421
-0.167715939625543	0.086928424290891
-1.40192841274304	1.05049717063142
0.617420418757346	0.573141206657622
-2.17643373516839	2.52741240739413
0.533376076879672	0.411247392753159
0.398774442714311	0.277029786852801
-0.740151524051465	0.968006332093359
-0.0436873900637739	0.0368132004722377
0.123429301501275	0.0917008205826045
-0.518767764431231	0.498788787929921
-0.119599857211976	0.0731028704874724
-1.52283520394249	1.22073671253041
0.658595775215179	0.737977127415801
-0.282071608922576	0.244040056180918
1.36838646618932	1.36382581239861
-0.690435189013141	0.864457341509932
-0.0485470994971209	0.0264470445813006
-0.0757159147478549	0.0471597621039468
-1.12691507044464	0.723963263011774
-0.788353018666431	0.414337941238971
-0.00479974634476388	0.00222777119469707
-0.376469696191003	0.320016099864074
-0.184617640808077	0.0791844639739394
0.631932759206064	0.352507886935394
0.178408925233274	0.0879707492156317
-0.877128198496476	0.577191008258668
-0.006422163534817	0.00358458688008767
0.211865671605164	0.113835246684773
0.264741881640269	0.174598132091718
-1.51128399880157	0.927879913676698
-0.00471351223080486	0.00218494087160831
0.631924054382468	0.352475981362613
0.250566688022217	0.155113796049089
0.128853508420719	0.0572225471771537
0.803862185711166	0.712043859085995
0.267155448885984	0.265017965560834
0.0185208774497838	0.0124621077203627
0.181486135511974	0.127750720166101
0.140414511070143	0.109385289447129
0.181728037968943	0.127860440710815
0.522120753681488	0.423508384605951
-0.518919634924922	0.498930340259696
1.36220611551615	1.19737223627029
0.846005188660324	0.715091406666411
-0.260329029925159	0.131417764875266
0.0856504615516148	0.0467163223346054
1.15015132121946	0.774176029611433
0.128853508420719	0.0572225471771537
1.30810700637317	0.797487899674034
0.956226036647493	0.344930752421141
1.11249070322188	0.937318472384691
0.212024877600245	0.113897094437295
0.234306721965948	0.135608476227016
0.750820935056823	0.546362059972189
1.04417132370979	0.75412450860252
0.178236240272615	0.0878720950705939
0.085491672280226	0.0466198744971157
0.796542286709821	0.546503907985386
-1.29929973177386	1.47253333977019
-0.107428589902202	0.0822251678269006
-0.0488223758110372	0.0266260448981406
-0.0445010356700159	0.362557308933889
-0.0655168952471996	0.55510754552887
0.0744615669485923	0.449520546342712
-0.0723428841741419	0.256134612043746
0.163347631156272	0.552994604265633
-0.0724899534216323	0.155228355510726
0.075762837536067	0.15844064586452
-0.168603283963725	0.42733117180368
0.0950768072238882	0.209008958722851
0.202939491346333	0.482825435742727
-0.418555383290061	1.22272205354373
0.0779622044529516	0.107138672242883
0.514090018582736	0.715754175617534
0.878867673376079	1.19220313590054
0.264611710694309	0.174500278389277
-0.825232150203982	0.599654790054676
-0.119491077741782	0.0730364768299565
0.564160308367146	0.3894443144624
-1.35092907110827	1.18241295811439
-1.08436610498949	1.18424888419965
0.399720607549941	0.385193537883879
0.399608988345412	0.309648467855412
-0.939077485445265	0.734512322363123
-0.130930117017297	0.0899336139195837
-0.276111628836437	0.337089815806222
-0.290520125365395	0.370891718723111
0.14050139907771	0.109464650606906
-0.0287448781656095	0.0225077758293293
-0.366241562354934	0.358705347511935
0.490719682445065	0.473886451821341
-0.212771354506694	0.172628028249076
0.333120825695068	0.34353096946868
0.130641950768183	0.115252616032138
0.584378527373279	1.00397476522397
-0.173917091531538	0.117682478952323
-0.683054089880669	0.895747535789848
0.276554597821924	0.193442752888539
-0.686656780325162	0.508238057982816
-0.00469172861944419	0.00217379346282996
0.0184342934973097	0.0124034454430685
-1.62759689366151	1.68668928116615
0.504547822237449	0.449348903948955
-1.24527253921091	1.02234010991608
-0.571438507774477	0.312330254718005
1.03223474756332	0.911370242557373
-0.766441749899156	0.663094658546721
0.178408925233274	0.0879707492156317
-0.00644961089764576	0.00360056110007621
0.497303000936201	0.461850728353355
0.318814446262904	0.294855289361311
0.588528638842681	0.59164199609134
-0.0758858858027726	0.0472742031099182
0.259839725351913	0.248800923199526
-0.0245677591686714	0.0208044856398951
0.00635962160380705	0.00626232606181592
0.212890051788179	0.249779931495593
0.315509870867984	0.427137098473077
0.702169042160225	0.893526863581682
0.00663750942338367	0.00615746446202112
0.221501949678954	0.225876901090655
-0.351781995904038	0.276467930110183
0.301424692815613	0.245674668560738
0.3132772866988	0.27840878870001
-0.00831647071794103	0.00536026035772822
0.750716086436444	0.54600503823188
-5.31151285441192	3.42577281037907
-1.12714961438317	0.724193919652426
-0.327335550717987	0.129625546394617
0.116186636806352	0.0680532515196002
0.564519365410335	0.389682043346549
0.105029408368081	0.0742345750140804
-0.324840098648752	0.357376879970207
0.276580329693046	0.19344851355763
-0.732036673044235	0.441341043477748
-1.6700152989722	1.12100199645362
0.234209408113983	0.135557017197127
0.29460400870286	0.229088037995619
-0.500228233640452	0.416045323723521
-0.242747585157916	0.211510526209438
-1.61121888468325	2.85462463652977
-0.638835693953749	0.764127874340039
-0.44440464454092	0.614396258326405
0.037007565399864	0.282818471082041
-0.0338762330300881	0.189406053123182
-0.0754165902326598	0.266071721202901
-0.0686465306326456	0.186439846191152
0.0361628400901955	0.0819308364545282
-0.12560096295801	0.322439374124817
-0.125964616954264	0.315343792615248
0.00990063579745029	0.018164179733452
0.449814160031667	1.58411963820981
-0.362983446994019	1.09711363303996
-0.200665208648425	0.394622532752613
0.832293282216522	1.34360441839714
-0.144293106914085	0.11887939086347
-0.173832089409108	0.117617618957449
-0.674792889721164	0.545690657241514
0.395981927256515	0.226165131273107
0.715466063578997	0.720455500194939
-0.701862955864654	0.471051609861451
0.301564125786756	0.245862910787984
0.399240135763075	0.293323481760192
0.84596605132746	0.715188219408872
1.12396314335536	1.57513214122472
0.0421068927917371	0.0298226618638727
-0.199837025247792	0.294186912482913
0.353880063166626	0.458944355360894
0.50612811744348	0.738373304501505
0.273773456219552	0.280735505633807
0.0834869360630492	0.055915544926037
-0.176103978121184	0.132025929577356
-0.242775650619352	0.211545182117039
-0.631733576184618	0.830246937213061
0.67563962080558	0.907658752861906
0.412073921454758	0.679529371740207
-0.0522183834636923	0.040627987145417
-0.68316126836953	0.896011604803126
0.533376076879672	0.411247392753159
-0.449746215436977	0.282653986067633
-1.94208681819964	1.50470971826261
-0.00714064968876213	0.00562941951296692
1.08186358830873	1.08340105497762
0.533269183355893	0.41120691108276
-0.0786522619879239	0.0353023758590265
0.264611710694309	0.174500278389277
0.656338282398745	0.556778539148937
-0.299059469801772	0.237866335471971
0.250434257978222	0.15503656965698
1.05078181403275	1.38910853536221
0.399187088913684	0.293282605618885
0.399476596121536	0.325211109169342
-0.487820095488423	0.372935503474609
-1.00952368242225	0.719592912783372
-0.411227313964662	0.400655421899776
0.449374394806368	0.712305146980321
-0.175073582051183	0.175117538761644
-0.354559353705932	0.430714133632567
0.584672609012053	1.00438910786856
0.905091287974083	1.50138887209739
0.273889515718973	0.280982722897147
0.502591210523784	0.749952593487884
0.0854457241981349	0.0751057605227102
-0.207315247806422	0.181723288335484
0.313190865291139	0.278198847124698
0.399821564801639	0.325507804559414
0.61769976143884	0.57374309255415
-0.825313591982397	0.599686009158765
0.211926139913565	0.113876387771514
-1.12691507044464	0.723963263011774
-0.510421781629362	0.458060416627737
-0.265618468647607	0.194114942413476
-0.518840114179994	0.498822845592508
0.528105223878696	0.682366276538099
-0.265593879861676	0.194154362331262
-1.931310113807	1.9469943697298
0.396132754922445	0.226326677718278
1.36849204134042	1.36372654826103
0.0856373726497179	0.0467057526082143
-0.406741241107575	0.468959383446376
0.399071356027783	0.261037052212534
-0.822450652435672	1.02149385354682
0.752253479239879	1.04336799468074
0.251359120834135	0.231869298935795
-0.648453406768735	0.696391400359992
-0.29520701972545	0.325818477099499
-0.131630163653462	0.13247575159184
-0.175605338555878	0.185867594376497
-0.47551904338916	0.656550988889011
-0.0496497111940761	0.410344081788884
0.00522724614811214	0.0255175157746142
-0.0936060553687915	0.566244855603442
0.0743387580703257	0.293826853903742
-0.172703885937922	0.785902494387592
0.0424775495785773	0.141359182276322
0.0482603680164799	0.149721420849656
0.186240252152177	0.676127773126706
-0.114587727012891	0.398762381406306
0.00181041277397863	0.00427234976860456
0.367415459430326	0.756994275520745
0.0661172302845153	0.0836097530211798
-0.381429472232431	0.395804484580588
-0.290329815903849	0.370573960129904
-0.354214941205602	0.430246484881895
0.794833283248843	1.19246791152534
-0.196546301617566	0.218884331859183
0.455857584958321	0.630116360276473
-0.245814499032962	0.313901443405134
0.451212374944296	0.668658159388479
0.05314265680127	0.0431861608844416
-0.056720863020803	0.0510780959745906
-0.0227941810828588	0.0366295445643986
0.202230873358991	0.441361355566302
-0.0647851069987133	0.0874945313781088
0.00252033015658826	0.00315795813704925
-0.121645931782158	0.148576881950966
0.0848966552400373	0.0823066377806406
0.220210598742474	0.300923276893361
-0.158354095695305	0.231782439128889
0.263795607199378	0.328676936799583
0.142074289776292	0.247673937650681
-0.513970810885842	0.739006268581487
0.115988240537598	0.133864787081766
0.893924479257787	1.3493279487234
0.0423743719128558	0.0300283189520027
-0.131057556847543	0.0900404611218829
0.0768288517128694	0.0904743402565881
-0.424005351629825	0.438405687569754
-0.212590649418725	0.172458140299365
-0.0284263776586732	0.0222666571770164
0.209651667780121	0.163230716138265
-0.242775650619352	0.211545182117039
-0.64856203600542	0.696454001076441
0.301457385605926	0.24573034423639
-0.462158403949357	0.447570400981473
-0.366810368221537	0.466637387839146
-0.175816550161257	0.186126473296521
1.12967625265067	1.89323881396351
-0.149738266211509	0.141436221816422
-0.046166565546856	0.0470194445496152
-0.138004151358919	0.16876697009882
0.261701578165416	0.377686527029552
-0.366175564104468	0.586918778634676
0.416870018365723	0.733430177300844
-0.225614675349969	0.288265656010211
-0.0384521706338356	0.0411440558200453
0.938930704451879	2.81847979017761
-0.406321588636459	0.539469038361625
0.469845820840639	0.555273026559453
-0.0761614807198172	0.0683050632868627
0.259751258126127	0.248733355538065
0.30749743053463	0.261976438841343
0.286356264003954	0.211592099352807
1.0442507952022	0.75417682170438
0.680990250676709	0.550269762703352
0.0852737530276582	0.0749353725172423
0.221692170254686	0.180706922220074
-0.626110333773614	0.933354247871037
-0.0534121294190509	0.0571829758457259
-1.01114048197009	1.36340409102329
-0.242814321765478	0.211576090456036
0.181490116733293	0.127726388685544
0.116190047631101	0.09853671048299
0.0424686391984549	0.0300861925103111
0.10681829918539	0.110246900796294
-0.0784345608345093	0.0605629423147764
-0.112139858622553	0.113155129820386
-0.377795642096993	0.565681458262667
0.289794186583251	0.325948846863738
-0.314389448336143	0.400898100572862
0.161676201084043	0.198115165797295
-0.313542740531511	0.434745290714767
-0.336695933754491	0.57215935292365
-0.0726555181640116	0.0814197365083627
0.012048408036852	0.0691413065457272
0.0921176264643576	0.538504946188824
-0.0131934181999767	0.0405228327028821
0.00109353541618698	0.00313906809895723
0.0652468305219589	0.221992520393855
0.0353430209498884	0.0958007365979837
0.0876497842682844	0.239809084267332
-0.0665805852854988	0.180387567338785
-0.0783543010679104	0.197354118853623
-0.0271365368113788	0.0390445159882582
-0.165686122101304	0.219309172502268
0.449528420945256	0.728578225205276
-0.280015645216963	0.372794335962314
0.460074824228385	0.605360696732119
0.469693843094332	0.555018119981125
0.404235164682209	0.56807299059321
-0.582001389094472	1.07067257097138
-0.237158747995852	0.276748212010659
-0.196540832609978	0.218856540332647
-0.0765439010843604	0.0686643628973927
0.0790034056732384	0.088181676224896
-0.0761089318359748	0.134122520092432
-0.0260071140772884	0.0373581495267248
0.144812604157818	0.208251161334157
0.233934933028913	0.336406162003584
-0.490207406271191	0.761950862931868
-0.311519449313366	0.361423818348127
0.0870865252748262	0.105440208099356
0.489731455448172	0.85067600847826
-0.322862807849609	0.465152012383252
-0.41023415484496	0.766701413747819
0.244228255911231	0.327119616486549
-0.175872053608021	0.186192253919242
-0.14451657814038	0.119058867514568
-0.0344877163074795	0.0246144600334162
0.400577962862866	0.400577974091742
0.0829770238156423	0.0646541830103316
-0.39460282515204	0.432323312959583
-0.32612344450939	0.279738517208239
0.0136757801104586	0.0101840976211911
-0.719833789048769	0.767669262259195
-0.217824351826323	0.161356757807238
-0.767037786107609	0.91012511760372
0.0185265835061047	0.0124660216036687
0.100223308935728	0.0815607417230417
-0.308141993914434	0.321797804411755
0.0294383918074124	0.0248176812829942
0.644709362036979	0.746245853056653
0.400622053549678	0.400610756240387
-0.0314584479639458	0.0320795579880025
-0.497615566948289	0.884320089988974
0.357209621971168	0.486570703645833
-0.585572725693623	0.804631993623791
-0.126429571409107	0.119879853188379
1.30635637250357	2.80320433668364
0.111894345072497	0.105544376247238
0.116981806838764	0.124423817791071
-0.094758981341416	0.0660269844590962
-0.267332084428359	0.295680271370242
0.832327400278006	1.34320926489582
0.735649331189099	0.881780652483298
-0.144337072491456	0.118936189304073
0.104789667136975	0.0740535564195607
1.3163417096248	2.0021923382519
-0.173709029792348	0.117506469493409
-0.394741287848349	0.432458565466165
-0.351974952412634	0.276683503833317
1.00972939107894	1.53105237820254
0.752177121399996	1.04343261314866
-0.0393816506771032	0.0249713880146857
0.477669093805501	0.513803428964071
-0.518717139325865	0.498710792667444
-0.665396018019651	0.583572903561045
-0.308254333375159	0.32185857115134
0.352193467903816	0.445193189444995
-0.449242328827492	0.406908615644518
0.46272269216204	0.593565635964569
-0.581817251546368	0.516636521761929
-0.0653078399036735	0.0547662098268346
-0.308124489571214	0.321719343903952
-0.340261672642113	0.393775386237816
-0.753887159727967	1.16226218985398
-0.138800681759004	0.162636301406793
-0.0228137046825411	0.126613040802318
-0.0325609039444272	0.160255964343351
0.0193662999796184	0.0768911189877441
-0.0601171355356445	0.279758341092985
0.14712521783329	0.653571955521569
-0.0381139987547028	0.111634164767193
0.165805073104905	0.726581717731169
0.0532239687596003	0.189481537037948
0.201164168355734	0.597623368481776
0.429324740343059	1.37029580687375
0.344693452646289	0.822588769261796
-0.558264765925334	1.42839428926258
0.392357334820144	0.894295891722111
-0.155486052292488	0.258293019320715
-0.171117003461163	0.250901430698725
-0.318218839356331	0.605131394191972
0.454284604469734	0.88440567942471
0.053115287717543	0.0743696732050611
0.162133267125129	0.267972944347271
-0.374796003558967	0.797648225960768
0.271992921059662	0.647525788959144
0.208528865804899	0.474235829163714
0.344787195350842	0.82295426355148
-0.654472538478433	1.68640442977843
-0.0601657844974039	0.0868612399137599
0.0566711601184566	0.0698590148634979
0.22071776370123	0.3636943390172
-0.0647555564029925	0.0874533613768971
-0.524706843686675	0.90472336256711
-0.0049425283155518	0.00550941989762634
0.250358915700734	0.344026035308486
-0.0902975166928076	0.10570175657812
-0.805348036735644	1.24009921756152
-0.1966375453017	0.218988580842889
-0.436271551319978	0.578280775997961
-0.211983521381884	0.292316025044386
-0.456947270240725	0.684301427497695
0.403960696829371	0.501006364794121
-0.197805130855533	0.208796144158761
0.154980146336921	0.147004193553238
0.400539276377806	0.400530750292533
0.242062578817228	0.270432947798741
0.193744835448829	0.178154828775521
0.0453054893639456	0.0396420098717834
0.674769949286776	0.73089510779261
0.558837879992961	0.62364960345791
0.708938252600165	1.05706677566558
0.165465501669799	0.162320484476529
0.169045080274493	0.191663357682772
0.881533466937573	1.95512406425602
0.31549371267556	0.427158958158455
0.403849779910764	0.554086359891929
-0.218326513820528	0.242606596592444
0.0202864684332093	0.019444533571072
0.165622401903499	0.162489829502595
0.359447107189685	0.501835722223477
-0.17556522105828	0.154732315930289
-0.115274050396671	0.0955989679801545
-0.340710255557298	0.394521522876136
0.100511178753862	0.0817972411259819
0.0700753531866104	0.0592879260881558
-0.202632050777103	0.19003280571302
0.477983640648874	0.514275387769644
-0.498962526508697	0.630224770180408
-0.295084740828704	0.325685613252943
0.273744469482446	0.280792814736703
0.193893697602438	0.178283508343965
-0.707259676295196	1.09310387436468
-0.086166222242966	0.0822852376220224
0.663688306216144	0.915148501573133
0.475001476459962	0.52810498001244
0.0241262277604765	0.0217585942232041
0.0242644160124812	0.021885671682416
0.213259996257665	0.210442932039449
-0.434943195355355	0.475100976614937
0.462526089239761	0.593394014131665
-0.120857940087808	0.107495427695879
0.0201808987799628	0.0193423075891588
-0.174902069859696	0.174910913804487
-0.509612905597582	0.70317028658487
-0.138559164728889	0.1550619473092
0.0216005294583008	0.0232390515910398
0.0524180486470818	0.413208183271198
0.0256276721465219	0.158992976353281
-0.00442683550675079	0.0230566682146605
-0.0229835246175176	0.098510161005853
-0.0951053925355777	0.47017149562025
-0.0112751634009364	0.043417493353772
0.010775909483193	0.0427573827538658
-0.0642314244485715	0.187148966628043
0.159031160209793	0.503963007575106
0.267907037425171	0.816107603524906
0.0188775376904871	0.0350551153085008
-0.159145167954051	0.370408315813792
0.159185914506297	0.375137263595587
0.253545075725006	0.665360739614149
0.16763785332087	0.329059075714194
-0.0797756038302544	0.15379447268539
-0.0219469657592127	0.0369684148002788
0.137109333866013	0.290397248495808
-0.216947461409257	0.536658260807937
-0.229111781888836	0.740148372623654
0.136852539813828	0.370921745242056
-0.0537261170044733	0.109925171520506
-0.0797935381342243	0.156978483810738
0.148583985176563	0.26656966883021
0.510397465334083	1.51453676466469
0.0763945866601624	0.141442601340115
-0.247970673580022	0.620356081798062
0.680620643259641	2.62448560824553
-0.278837026760767	0.679357828205546
0.488443696091453	1.25536872891025
-0.101156306962237	0.16159881086776
0.0382898416064875	0.0469536224106854
-0.184818874443128	0.271490256192284
-0.330846914810064	0.494327942592432
-0.472544231510038	1.04244640554864
0.0192391889799503	0.0243434265634637
-0.442028885993994	0.735547566908353
-0.0611301984483028	0.071353003552683
-0.26755074682174	0.341610993682049
0.0202908837515637	0.0194496719930037
-0.288746395645981	0.430134227169787
-0.039263319819534	0.0420466798943331
0.0962196425078546	0.0963027532494863
-0.645539122927449	1.18898972577637
-0.859601543860579	2.13717146253342
0.36836718264624	0.564912500632979
-0.119040590158576	0.161914975320798
-0.181848514469545	0.284697054824048
-0.448648391757673	1.03557016958591
0.301649654634451	0.52853452537425
0.304429359128093	0.543139217779579
0.103140006234417	0.137775465214684
-0.0632885342086546	0.0767583945417677
0.658613498861435	1.70987887223625
-0.0465078002957479	0.0626485946155534
0.152814957671961	0.211310406518394
0.801657218929453	1.83452563922408
0.194080245625267	0.264452188526203
0.0561611688528816	0.0659249894556688
-0.645369050599316	1.18798948448329
0.414939034136486	0.714567039965979
-0.248044933207024	0.26043500420842
-0.156752786028129	0.175179914327767
-0.302639061324768	0.402988863256325
-0.131382601523156	0.132174051846575
0.152500393557247	0.196475705152358
-0.398398747646609	0.681936804549511
-0.31677101837332	0.489209687720627
0.199446899028321	0.221314395866476
0.0684094578604248	0.0741690102128376
-0.165349027501681	0.218776398188315
0.404463277937994	0.581916371876984
0.629008177277313	1.3721591131122
0.326608946597903	0.475842785517813
0.296999601191497	0.44083889962688
-0.149897557152958	0.198020639588949
0.488582504526829	0.902889578953659
-0.0314932655048002	0.0321149419161892
-0.653774836921112	1.1280527097037
-0.00860860947131802	0.0534890760783879
0.0048126796453054	0.0253681734982851
0.0301022788665622	0.126356891768953
0.192853876152738	1.29347796043204
0.0386174138627659	0.168144101998514
0.150351114076386	0.963540733812445
-0.092718764541806	0.299162834824726
0.000265319076013649	0.000597128081269558
-0.114076969046953	0.293857489876568
0.123351761567072	0.278018641063661
-0.121542067619054	0.276902726148543
-0.0715291876758933	0.140193350986468
-0.0458642386840054	0.0815629710909914
-0.277156959145296	0.787349056239604
0.1446789978322	0.301206826294542
-0.0550381746676174	0.106881729790993
-0.125338095630609	0.291344118277272
-0.142928909718533	0.335736494869435
-0.245857949891826	0.903451174591466
-0.0203238984154373	0.0448988312153738
-0.00412139339616754	0.00773640189784089
0.229859671966239	0.60857571748789
0.346067661528714	0.969305690134538
-0.219358824189206	0.484477108162805
-0.242796551762747	0.669631650426021
-0.189563526311009	0.470537709437774
0.0734310571397392	0.120287925078545
-0.195418454049091	0.453765024185093
0.181599032776451	0.328764712881485
0.230403013716675	0.450982718263624
0.0776431030266519	0.106665957620191
-0.00613139445070281	0.00764992462994904
-0.0697944522944653	0.0910515582751813
0.0522242831128613	0.0762376531758306
-0.217262403583313	0.363783356389324
-0.478491091630842	0.951300956685642
0.488562161817696	0.902453664091249
0.074640470606212	0.0966810757412734
-0.636772111854784	1.24530594002005
0.453463950670667	0.850771588033145
0.793107277617278	1.84560918581008
-0.0120493840040313	0.0128968783388295
-0.00516118640656219	0.00575202421792754
0.584599794013118	1.31216537769922
0.131238682691596	0.180511973655683
0.376605252898162	0.618414778426383
-0.0644732890586501	0.0870479267054074
-0.116559012443181	0.186631390459161
0.422388065904257	0.803635280927285
0.505721947064734	1.18288132190547
0.265237403935644	0.502358760442879
-0.146638367709	0.20035613381676
0.145089630332161	0.208725603118677
0.00190573788450143	0.0023872923571858
-0.0578907157349224	0.0648369372649343
-0.22221757797761	0.317503840350515
0.552676546210129	1.19343030573041
0.310237515290078	0.581782341714357
-0.520676722660516	0.809121949660825
-0.187232285531824	0.238940230895093
-0.238390762462853	0.317239857527822
-0.0880832626215374	0.0987179886997325
0.326613888138134	0.475921910876492
0.56699928040093	1.07711831507888
-0.250238349555055	0.371156731564678
-0.171330455940499	0.25127643566049
-0.649708641316769	1.15880081793261
0.0551413819334278	0.0613189323519709
0.523745143208134	1.02995891423954
-0.216245763429523	0.319332937225597
0.310548410546178	0.582597173282006
-0.152578697275281	0.194315143873068
0.178459458923528	0.230843708857357
-0.402806401146762	0.710374285613372
-0.145367570536607	0.205414544340026
0.0111650017048113	0.0138139211289359
-0.175292750501679	0.205318547428114
0.0569717976184108	0.0599377005986866
-0.13235140420104	0.186495404002833
-0.0241966906820519	0.165502047131378
-0.00494496608809878	0.0243520348942479
-0.0432755009949337	0.216035313533813
-0.000307456550376696	0.0013512738444433
0.0240453666240023	0.11769198984119
-0.000689203157656656	0.00173488632893241
-0.288018679854005	1.2268815455125
-0.0178425643115064	0.0354912265375427
0.229243326895418	0.602552066563541
0.245679605268496	0.600582860730789
-0.178831443523207	0.389556778811247
-0.0433125442953053	0.0718215872996832
0.0877250775385909	0.187293583295652
-0.345191113875799	1.00466603437346
-0.241708761006349	0.592763094438498
-0.112576688306134	0.242643833487334
-0.122894896473502	0.302575740008175
0.101792179523245	0.295369862396343
-0.0654458847336736	0.179961585931794
-0.136582524061131	0.362577119035135
0.0936466844569697	0.185569555514399
0.0275783699488655	0.0456235105065453
-0.279082816391381	0.680154794660851
-0.118669303659294	0.283294123444316
0.0124418478943964	0.02349629342185
0.109301583099638	0.204886935818895
0.360492845534688	1.12742662161942
-0.155593566099747	0.302286346581089
0.0966688963061397	0.14937815057792
-0.880787596680413	2.91829941853785
-0.0932022696000792	0.12202974128949
0.13109916363232	0.180275249146288
-0.356863527060144	0.813908674408276
0.0638368573943213	0.0926313681066402
0.18356407069492	0.261472395706694
0.15282917406725	0.19691866426498
0.282794585478715	0.448061424078442
0.420716072117183	0.785099970541506
0.491424070116187	0.817930679909074
0.45483896690134	0.886221636892656
0.786812472334327	2.05160384889167
-0.177306535170368	0.243368192093492
0.361200115135436	0.666073485768976
-0.47235766674318	0.838582066939288
0.0556517110815537	0.0652858532870053
0.00343236145354131	0.00464149974666652
0.152402858830119	0.295889744780311
-0.101562006421062	0.162320355659453
0.239051041562907	0.434926894980639
-0.215757886839677	0.393584346879858
-0.00325592410090409	0.004366807150073
0.419545595618133	0.942089183769961
-0.249585492269353	0.445111351947602
0.0284067708173381	0.0354121105220116
0.0176810720722253	0.020570732175479
0.306479686893579	0.476954695347549
-0.0916908407425083	0.11586262919638
0.106819450989613	0.110227299258193
-0.22184716428175	0.233548535574323
-0.0763583924741149	0.0684986202663821
0.199677120485364	0.252602081507658
0.199804801251014	0.252795670204012
0.105842001338984	0.118636899251461
-0.421272788138805	0.722026087831572
-0.0807637999954612	0.105503806122556
0.0176939004112544	0.0205871826454636
0.755300114423376	1.51570814332271
-0.402469143794936	0.602719764686397
0.71636037951875	1.57333297758549
-0.429036452108493	0.642422851966539
0.0358460853466077	0.0418681530418797
0.12664383757905	0.138732173846373
0.419645193021898	0.768481596375222
0.0873641952544863	0.105792809901475
0.5460342029638	1.23570042110509
-0.215962099702555	0.318870927822938
-0.338450501820952	0.523774077401376
0.0107093136555496	0.0127254101127035
-0.336576259032318	0.571967962182647
-0.270223382903902	0.455357138980577
0.0186411265069629	0.125316812067447
0.0317197762615276	0.212024723946353
-0.0486369992688406	0.340478567705277
-0.0143733358549984	0.0710065407366071
-0.0254642194490613	0.0687609101607893
-0.105463282797054	0.301870902865644
0.0531207983100813	0.11414153153386
0.261363790495693	0.742021399330013
0.0418757597576588	0.0728559819897175
-0.065741254321436	0.12072914770154
-0.0104642375797891	0.0163056647388349
-0.0662599447483484	0.108040864418727
-0.242005064109905	0.615268222240567
0.0652433508526962	0.123521240841758
0.0590504127329169	0.109233814190406
-0.117374083250735	0.253685348155369
0.100133674287023	0.313645868958527
-0.300929426130723	1.45072669214848
-0.0564827343132215	0.132934468317652
-0.180097768909929	0.445517041592534
-0.176418246741968	0.421190534589658
-0.112504802978628	0.224211683732087
-0.102339550388138	0.226938576907654
-0.186094815030742	0.491116118143016
0.0983047008236443	0.18410964281328
-0.00113170577919464	0.00211940249567987
0.195636675263087	0.412693492497087
-0.118281643730523	0.211345371720562
-0.388854087871437	0.829007007475761
-0.0510152583634842	0.0617902917094715
0.33733962332037	0.527157766944951
0.571526744884652	1.95093618626884
-0.310513138498653	0.574087375388136
-0.37341382377624	0.695274066347908
0.418278580219039	0.750992371779383
0.278481559459482	0.492349101244806
0.174845220910693	0.307038096179553
-0.367308651860764	0.66409318606691
0.657495946597757	1.51418376160548
-0.217293197845239	0.363884707732121
0.204145377333879	0.37919904551373
-0.105487062964583	0.133510449516252
-0.0332704852834449	0.0416542613821194
-0.136405578099456	0.205657270076448
-0.175026828126991	0.333846904343993
-0.354562857915978	0.984577576437418
0.185027831779458	0.368110482837632
0.0840123876159697	0.130526788540372
-0.0354582630306684	0.0542461522627679
-0.340130379653382	0.666564515157262
-0.0671839721172159	0.100337648685636
-0.156421222564446	0.324492207422431
-0.0108797539420362	0.012612579288142
0.0967121187740762	0.149528398435656
0.0366802673113365	0.0467794085377459
-0.0847540524109306	0.122820669673256
-0.156421620367236	0.183223789345644
0.700670333794209	1.21815344152177
0.957192364398244	1.66386205074076
0.35179888447553	0.444674687787739
0.451509498097885	0.797616157313776
0.408592062757266	0.64461131075937
-0.274128474404526	0.490133228210379
0.130381434671726	0.202795611589249
0.0894442120454193	0.127784537762518
-0.154895471775644	0.164323502820476
-0.25314587350182	0.309368138605886
0.0507187704957408	0.0488665469504268
0.220797739189674	0.363859054260599
-0.287484595348135	0.514751478046783
-0.225844107829622	0.288583527458058
0.22036936453777	0.362982118689995
0.120483476406752	0.180696517106556
0.256827855257406	0.457554826732977
0.290910447961533	0.48017076126172
-0.344571494397436	0.551294605579966
-0.0844710693726791	0.114351851039155
-0.278044093144519	0.541045862930945
0.0218545415191205	0.149094355764691
-0.0283421370399541	0.182399976930529
0.0768398240198774	0.474287826974218
0.0409987368154411	0.123352543766584
-0.107835674110608	0.333577939569571
0.170286769704175	0.496351532966823
0.0385882442630756	0.0769861581399204
0.0544012097053089	0.11767593279291
0.162227536231835	0.369357470652862
-0.058292143446183	0.11328537767143
0.124459977162341	0.270997712091011
0.0929126911926418	0.189926310472094
0.646185723000032	2.84314237188387
-0.0241621229663692	0.0434899922247851
0.0445796971484793	0.08905786160734
0.0529600111212529	0.142902809555805
0.183505985574772	0.641708099204406
0.28026071586524	1.0574951102361
0.246014698060585	0.675043431290655
0.21669245354723	0.563279812325218
0.00928574888937532	0.0155957937782597
0.207751911457301	0.542806229396161
-0.359302191464006	1.30781454654735
-0.0887070203349625	0.175235052279242
0.138771509014046	0.335703915378312
0.405032420895397	1.10252932153779
-0.167422931103134	0.318689837480688
0.160009025523099	0.282297087864627
0.138601504679699	0.195080135632521
0.115592300937808	0.180872472634369
-0.327255858825778	0.823522603880014
-0.184611566672976	0.31670589632285
-0.189347781618464	0.269496964433589
-0.164534773609568	0.273630716587414
-0.000181170801506839	0.000234227458575605
0.330944682522317	0.59487978207325
0.363040622657098	0.681135730030392
-0.0727668038961933	0.0815497848869722
-0.185106579973152	0.271940492855379
0.154270922520924	0.246594629715398
-0.6247538387879	1.3258776415094
-0.0431936659743326	0.0541338039921875
0.0102082291776874	0.0140736134414941
0.0200634174055243	0.0286033731300575
0.246193265385013	0.53789092007348
0.256162386647712	0.532892012933509
0.250655739111407	0.496035758736698
0.0214276042754769	0.0317393656905157
0.245406219227868	0.466508078888475
-0.116912940121008	0.175878991402982
-0.00323840944790252	0.00463583210105564
-0.00542734044216278	0.0067652457798534
0.196250557892481	0.349292975116588
-0.526576444511987	1.13760024686724
-0.342843889305056	0.600404546264042
0.0849717237654927	0.0823718416370269
0.409920724902324	0.661272565933379
-0.0358175648599567	0.0345261620635412
0.0794193580403152	0.0886761995619231
-0.0767274186157158	0.0932205613858596
0.451444447521016	0.797483361818529
-0.152643895354062	0.194410967099228
-0.266811142895773	0.518313921711328
0.0132953167466237	0.0146779518919371
-0.237166718316708	0.276807204042785
-0.215154413635752	0.251343411787716
0.0898989982964534	0.103329083941207
0.278625264254182	0.431970553934679
0.653305534097947	1.52880644456123
0.289557161664787	0.325638441944301
-0.0343607174312808	0.0399717000645419
0.00712373175947839	0.0080664911402906
0.550936437814451	1.20989728893664
0.28749609724579	0.465513540479454
-0.356211531546242	0.606909874121953
0.138637930153673	0.195153087531782
-0.391606715235752	0.793055460251718
0.0535232580221759	0.457148112674327
0.0530201602242741	0.340100946369431
-0.0159438693980805	0.0486741437355446
-0.0306309363650458	0.0865416079103691
0.0364769657059995	0.0903488111471106
0.103878240996424	0.27348890928295
0.0156278271510208	0.0327947754062661
-0.0908180836266288	0.215013761935921
-0.17696898396542	0.464657582214214
-0.0485074325177223	0.10349325221671
-0.0518398288205282	0.109367275649102
-0.0306317830454322	0.0616252044578951
0.104486149648172	0.2587653458189
0.00443638775540436	0.00940162993222614
-0.14744501666982	0.515603798311292
-0.035496137819922	0.0927491449178922
-0.187718338202158	0.605382064002546
-0.309923361443366	1.09987692651311
-0.0252192331514428	0.0489408886492847
0.0847245739493758	0.183847216139016
0.156063031803344	0.409602185744473
-0.18856237720258	0.512772835784872
-0.109101817215181	0.235016226718945
-0.106069279563756	0.219740916414469
-0.202898687281513	0.427263052208339
0.102969407851518	0.188222772063443
-0.0233634458846161	0.0292021028258277
0.214050787018428	0.379400218947663
-0.103964758545155	0.161168955802664
-0.182340304689703	0.348162084093955
-0.00305706725616345	0.00437537438139418
0.115088637153199	0.169386945970484
0.125479960043144	0.191717493733095
-0.0138520953110743	0.0172811024012738
0.15103214306734	0.221875702813788
-0.251227935504952	0.397154652129402
-0.524817901924581	0.962979752511759
0.622178473281176	1.60283637601402
-0.239280858267418	0.413802371811769
-0.0887611659272898	0.124449230599516
-0.748155930347964	1.76671080193992
-0.0240335251558423	0.0333855162791749
-0.0219591427019386	0.0325036901459818
0.221327652888271	0.456174064608792
0.0487360762000531	0.0790186341108053
0.31671917432601	0.639454605249301
-0.227097563845978	0.449698650303168
-0.038858966018414	0.0541657827327817
-0.500314974528357	1.19006411424865
0.201265621394522	0.368651938948322
0.0532988405868622	0.074642168833395
-0.172753395486386	0.321149678847048
-0.232370740992487	0.343671290285795
0.102892690211263	0.137420394636351
0.386431665982886	0.690196132257716
0.156723367094718	0.234936789958634
0.312233188463827	0.412372284992214
0.592434612400006	1.2645980923374
0.636659900311902	1.34027266044493
0.449782886298573	0.745255505199907
-0.0166178357835371	0.0200050962774375
0.015604722621085	0.0227173182362866
0.160589537855752	0.212342684337576
-0.0387316774934368	0.0414643729727636
-0.249842060572769	0.370381303779118
0.764785620412091	2.07649653381095
0.0824868398538986	0.109361437967741
-0.171330455940499	0.25127643566049
-0.690992797687432	1.19124146835749
0.190135417628002	0.27716094324366
0.136953191782955	0.180243700315869
-0.0390265021378468	0.0544132155011373
0.102965164378944	0.137512131466969
-0.218683474465007	0.354837547866517
-0.23987587446854	0.415066974352424
-0.483900155461478	1.14890173479191
-0.592244155716269	1.41835948646182
0.079819869881754	0.756436367924393
0.00917968432409655	0.0425033956113602
0.0419965606506059	0.182112695850055
0.048793993897213	0.187653077498442
-0.0957033248873923	0.37855013994414
-0.0118152268891758	0.0351461598372466
-0.0735940853640981	0.242625152036203
-0.125498610297351	0.448415159338313
0.0262603361867687	0.0752777090681085
0.0587061307050224	0.189994351358044
0.15570313216583	0.677840491228528
0.0435657608039147	0.146853862731096
-0.257309815640933	1.42541568649987
-0.0145787667980166	0.0441855987581845
-0.0170757443207599	0.0533493762296609
-0.0327470544007108	0.108485156354933
0.127035923363347	0.435953546510384
0.109809386816721	0.330158719859549
-0.245151797622627	0.932670607013045
0.0257983791628207	0.0656222596444481
0.0883550506995776	0.256560012714062
-0.0794720053180408	0.195948767487754
0.175784669186946	0.451361562417613
-0.433017191919009	1.50228767953079
-0.0959972395747294	0.201476513773126
-0.3340151754193	0.95451568882706
0.103321561298211	0.205119052945261
0.0188024895279685	0.0302363008152036
-0.230016428019474	0.601250413906346
0.139918980676111	0.299858552122878
-0.0602115936178849	0.100551250296951
0.0189309026171627	0.0312971629513167
-0.208080958420479	0.399984465851829
-0.0798294733995804	0.147346088219475
-0.0106326377184002	0.0165726040551838
-0.168954008512624	0.297772973727837
0.31967210261344	0.67152778470234
-0.148643060796268	0.253642229994494
-0.285781169888126	0.643349834054148
0.157091469390542	0.273170836383429
-0.165320560349872	0.306964859363619
-0.0170836511082625	0.0273491289128667
0.193935760902321	0.404670686830644
-0.374809861210238	0.797654597147135
-0.484520570828093	1.15089042328945
0.162556808427937	0.268808501784602
-0.0379781163475139	0.0510639881131613
0.171980394142554	0.320834512389417
0.132246310635728	0.247702189753488
0.0925450289435237	0.155679456967897
-0.226092713837099	0.424721057143496
-0.112515342675459	0.163607720706008
0.235904549560915	0.422584382145924
0.167376089372807	0.242579209255071
-0.342915728300763	0.600605465822702
-0.483579985907284	1.01354413183529
-0.112345258355145	0.174403070410443
-0.2056961894022	0.343907196105959
0.123703950002553	0.176510227804549
-0.468617582963578	1.11107895667658
0.392530706415772	0.87211252686775
-0.0533132275809446	0.0818735099526497
-0.0809308881697969	0.105742569089864
0.113540219922481	0.187091657347749
-0.593263120520972	1.48840413742373
-0.18384383267057	0.306461381189141
-0.401568954360054	0.792100841046667
-0.188146846244371	0.341954109681543
0.475804698670333	1.10378447589188
-0.381743312403736	0.834092962701664
-0.286030147414681	0.5715733699163
0.0450941496465467	0.0588658980065884
-0.105849689971222	0.134057976781253
0.0236585499547736	0.166378156479201
-0.0191538036510494	0.113144990988554
0.0272889538937101	0.132961615311078
0.035689125869009	0.159516215082279
-0.0319997961497348	0.129483554368492
-0.100147366694343	0.488628204550496
0.163128155697315	0.949807505712645
0.085083716533921	0.393971414597935
0.00421278113761241	0.0145277188118192
-0.0583697016395282	0.257479327283644
0.0830846828752462	0.4116300184595
-0.00664621249191468	0.0228130552862019
-0.0284328107137286	0.103266086107197
-0.0256309464698413	0.0856244354941282
-0.103662554256435	0.552938395622938
0.111409098208873	0.408725768125207
0.171293207455335	0.650615676844453
-0.0986346781702719	0.301630182843915
-0.431355862327013	2.48231482561095
0.0804413086697477	0.240150242823831
-0.0148722312761695	0.0340608456209456
0.187008263204245	0.485704137778354
-0.116871550613689	0.270274502210822
-0.0426731326184667	0.0865267090982515
0.151419255880191	0.415640501576201
-0.0601469434621526	0.121473741322102
0.0857332455331875	0.164452642054942
-0.162087121240903	0.336783853309198
0.000408672938433596	0.00072519472206052
0.433399183497667	1.34282896253551
0.157479055128888	0.367869007199347
-0.350631319876868	1.08875138649979
-0.371198243413231	1.35825757950485
-0.0313443962892093	0.0566068425521597
0.212899807747821	0.539666213454702
0.0841769302925706	0.137413126277175
-0.320341457459759	0.741498737783867
0.0881432971409294	0.170873471026508
0.107232067392092	0.190728844472217
-0.157734561206162	0.333681609552082
-0.138518037555843	0.273487795060451
0.104165069531035	0.147437797400271
0.189416451542679	0.357114516947448
0.204023765756199	0.37903217961089
0.0472753445286984	0.0678715670769737
0.484985367701482	1.03434951654242
0.0395218036417248	0.0621515384561176
0.310689212873096	0.582923137052887
-0.290361519249802	0.682173463532762
0.134985034211114	0.228502458286189
0.219158847148786	0.4001976614942
0.493422545712471	1.41289175184991
-0.149252165150768	0.254889753151285
-0.142098994083834	0.2748357139306
-0.0702317689388251	0.123445727884935
0.0400685686211947	0.0609486677597435
-0.118441888550836	0.201130280317756
0.259257899442209	0.552671927290304
0.411117600117039	1.02374548956222
-0.216441641991382	0.362074879258175
0.0817926460862745	0.120037645318297
-0.287169403537472	0.632136910980948
0.247466606806609	0.546642467953522
0.568376556312918	1.82512713577467
0.117656350049173	0.164340335446949
-0.119867422786583	0.157658367813089
0.492352220494182	1.57071873939728
-0.308812042304418	0.618666245313036
-0.332607061204886	0.598610460028434
-0.228927369848309	0.383718126218085
0.386613697195752	0.690616515399732
-0.221136178427093	0.348085966009763
-0.0956286658830044	0.147978109208731
-0.0396676797214926	0.290595215043018
-0.00790016425599729	0.0393566660847175
-0.0221487153512888	0.0917483649055643
-0.0917615812583939	0.448227387544566
0.0398096163840934	0.153470740332836
-0.124061164824281	0.576126695231477
0.0300031906721303	0.103288159460232
-0.00661184548862116	0.0206473567765863
0.0231069759538946	0.0805757861156927
-0.0951195795153949	0.436316651577306
-0.0956450602929191	0.400118386858024
0.0381562730496004	0.128916119943338
0.236351989662531	1.18947871109699
0.162062227095216	0.811403006811979
0.104133356892529	0.362557933179661
-0.0376843700336732	0.0995600203642673
-0.148290182101669	0.511670196049758
-0.0239961083718981	0.0561369653073119
-0.327313729480309	1.45823243582385
0.166052870449831	0.503338043611482
-0.170047867312858	0.41834125103206
0.306347149127991	1.00092769249123
-0.203560923555624	0.526254177104738
0.0909051519059582	0.19072378937795
0.0866209236080772	0.178430140993879
-0.417635168607976	1.26207037845149
-0.293358514004662	0.799645807966743
-0.404341918674645	1.157092823908
-0.107944970161872	0.215003963767102
0.106743895420182	0.223152023432999
0.453705976343618	1.56902240415429
0.0126730580103765	0.021543768542006
0.129285304339723	0.276310647410352
0.29500392137774	0.760066741555456
-0.184188635136888	0.394075924724042
0.197534814580519	0.421349682053644
-0.170827648381537	0.340694595592973
-0.128815529031189	0.225085281166373
-0.0168325955937515	0.0249036821449567
0.571176837920898	1.81930720290119
-0.0220090565274066	0.0255472992839138
-0.0234083774509011	0.0314593316224419
-0.0808268826051813	0.105603542721858
-0.847791982081829	2.15498605330046
-0.401942499728381	0.902354947436489
0.00221949518926209	0.00268221781564322
-0.0109943160278229	0.0127482865574478
0.00739692168388343	0.0108225958515773
0.17930150008286	0.29468749696496
0.391059483725899	0.922732558516521
0.368321591758052	0.800856015120299
-0.235595660924516	0.478574841541781
0.134466485732245	0.227420470569776
-0.252249165346663	0.538926347191462
-0.0720653745054841	0.114308705596423
0.0566836099709069	0.0840728589170017
0.116388338758981	0.204016442963965
-0.0684401095939943	0.0990050762495305
-0.0335195371524028	0.0419758485586505
0.389281088094336	0.927953417540371
-0.18513089779952	0.362870869098887
-0.445349873462491	1.21929548304683
0.0967702942152806	0.165205372396045
0.28546455110869	0.530354803125276
0.66650207591191	1.48485208056274
0.082151114783856	0.120611858366956
-0.252394090731424	0.437423606124152
0.224149100596063	0.37597033801632
0.22451738547567	0.376699925614789
-0.330984539402289	0.49459893792605
0.261902367161039	0.378118468984389
-0.379495128378365	0.726758820912829
-0.0562606383854162	0.455946138983113
0.007596699136757	0.0391148807252987
-0.0948663082627893	0.577743299302397
-0.0174826647275352	0.0701074545917892
0.0223387618279768	0.0869290023900119
-0.0447454657538972	0.185247593593601
-0.0516923184010427	0.213593471051162
-0.110262432474258	0.575164144769088
0.0560787003419295	0.239935007832525
0.0708704402322572	0.293598343944849
0.0266844198340998	0.0780580046937118
0.00870746139588523	0.0223710604829
0.0496957530698427	0.180604808373496
-0.0822812940623176	0.27074935228238
0.0000993165467206149	0.000233827741056002
-0.243341129438664	0.945959871165364
-0.277369616776077	1.00558727757429
-0.0296074710847204	0.0645814196208707
-0.179234753747022	0.509635998748965
0.256613178938717	0.534269725677993
-0.130479931624208	0.273269469618295
0.0305189758801784	0.0579095723364647
0.0910590931637433	0.178542847717793
0.413643657762993	1.66525367152807
0.220964570612182	0.59264762185294
0.302271125464703	0.682869340333378
0.0534371180871622	0.10511850137406
0.149679102791578	0.336618701893262
-0.00539901770511841	0.00978802066861199
-0.0331501153560737	0.0611532029149842
0.127547325425588	0.31236673629236
-0.1251407385174	0.27651554948999
0.0126711456684576	0.0215400119725293
0.185043222703604	0.36821169120851
0.143267179821457	0.281780104116097
0.0073216376572922	0.0107127653974934
-0.107360099728032	0.186405062688025
0.187696032373439	0.37816982743272
-0.15170782689911	0.244120754721623
0.575890225578214	1.03036060158043
-0.300780457263661	0.432854990713416
-0.246159686032524	0.314463019703263
0.0976734056590768	0.121579308283352
-0.246038284588634	0.31428030961227
-0.450245700069078	0.82157499095051
-0.138936450965793	0.162822133648114
-0.217422179895317	0.352482299192995
0.261730530748926	0.421369202506593
0.20829882530568	0.357829196645373
-0.0533729120997717	0.0795460095400617
0.244601906359774	0.528408354634197
-0.217828170561239	0.460447765279563
0.0788658185380665	0.147566177566425
-0.0268105604416885	0.0430944333806989
-0.0884321740997597	0.123921323888927
-0.0309312775293814	0.0485553143727262
0.162798139434309	0.249166043490375
0.403930590977887	0.527553000027931
-0.285652896519257	0.453897011525219
-0.235179473628114	0.465965804204242
-0.117152155936191	0.187729102020592
-0.615951320675361	1.75812256335805
0.276234836110358	0.480192887327176
-0.27949431277848	0.401479445185124
-0.286664036685593	0.573336451395594
-0.218317502713216	0.354442218339718
-0.280185902895873	0.373140268612114
0.115038787360244	0.15072012139015
0.288226430626433	0.408001809863998
0.0747081635749605	0.0967921315590563
-0.106219427897355	0.12960163742722
0.0433066461290767	0.3234853973707
0.0501101431526891	0.322077854759256
-0.0230372513188344	0.105281465083896
-0.0894715693474177	0.470065768484377
-0.226279789936625	1.70748110115828
0.0815476623936157	0.400045453634503
0.0824622278045047	0.401537605153795
-0.139622481617566	0.761908443577252
0.0658803763774356	0.258945174487017
-0.099890221412769	0.358630530283158
-0.00584183808303961	0.0142400874375968
-0.0605081244702763	0.214489580270713
0.0125752666041637	0.0309200545139572
0.0477034701031393	0.127417552808406
-0.326711562237428	1.34253657878713
0.196542963714318	0.59346126734892
-0.201907601191581	0.597719360645303
-0.323849130883163	1.13232009187075
-0.479010800656369	1.39368562095285
0.0931888027275011	0.170570079558897
-0.0847883675405827	0.163852457790756
-0.483853224099749	2.00244974748403
0.00501477503848493	0.00954285739364304
0.192521331105183	0.428502640800454
0.0640954101459549	0.10172955854677
0.331512280769318	1.05779489584448
-0.203039859672256	0.481925349501745
-0.112042531561748	0.228277507261311
-0.0379860759856545	0.0715904204732321
0.163899468072229	0.431354701194573
0.0969543019265922	0.201904767681614
0.0306528587206371	0.0527148541925454
0.126601348200881	0.243255398743095
-0.0894482070306369	0.150541399420523
-0.506770656628728	1.50945585075513
-0.140102745466014	0.252054473998869
0.206013711409843	0.424797730172074
0.468186348785155	1.1392735170299
-0.238745817030623	0.317691519322979
-0.55196467057443	1.04480671144842
-0.336660067947725	0.466666169819386
0.162075316940083	0.198709980312702
0.106853677300237	0.110281530031557
0.0872182486932258	0.105624112971998
-0.0612149827771089	0.0622169310130989
0.140731761561399	0.213205690478109
-0.447569978673832	0.7930706985763
0.0658460127963985	0.0832362959427506
0.367724837248631	0.768196704653363
-0.472844052798628	1.49454278195455
0.24303692361722	0.518978732679561
-0.662264045807973	2.44980364843851
-0.0654085101420573	0.114829521351515
-0.216242307842071	0.372966707825554
-0.0857013808778223	0.136337595277154
-0.120675263103651	0.169893797059275
0.0794460244406243	0.0887114535645099
0.261148926933214	0.420139781737166
0.420784031778832	0.93325850594283
-0.517802454428293	1.54261709115854
0.0652502389921434	0.0905892211966891
0.214475967432642	0.314354064258659
-0.0475207524694475	0.0553962693012691
0.149699323181755	0.252453598406687
-1.13763192096303	2.61690812035954
-0.680140256716687	1.2527934747034
0.125238849645047	0.148630233558044
-0.175016412092986	0.175052054547952
-0.0210655309407915	0.0203574128854381
-0.444340508289695	0.614445226732592
0.00797440541489888	0.0481320855533514
-0.0503867896025947	0.323426656311125
-0.0679413486940534	0.36393067620871
0.0446052570209287	0.207099662550079
-0.00246559879948572	0.00905440783926704
-0.117803164758333	0.682903950032462
-0.0221587683770513	0.0839059222484759
-0.0387092869619774	0.139393154984696
0.104195508913231	0.377033643272778
0.109537964852548	0.361396475560063
-0.0515664217242774	0.179840693156503
0.112145696524531	0.355940979734937
0.0566986443609073	0.148484165406929
-0.0348800844023965	0.0852084464914011
0.0209242208677254	0.0476777465555483
0.176569282081014	0.531760466261147
-0.037565728584958	0.0815814157756087
-0.21703882230883	0.407432947210666
-0.0606476500041562	0.111054784480037
0.563908906963427	2.09266356650551
0.290428603673878	0.884982765035727
0.317330185297851	0.994888358320354
-0.380178001865542	1.22675693570279
-0.375366893539022	0.917367198475071
0.311743081979029	0.812131434359418
0.0974107387469432	0.188959346498661
0.0419469192863748	0.0749264951537178
-0.329896459283227	1.01646587148389
0.115773461291022	0.251720833434854
0.0447057674721525	0.085169755758928
0.0766059954822545	0.151506081189838
0.210288044774509	0.444006820535129
-0.150524470610714	0.298165219830268
0.189417200889253	0.386037643772539
0.400910948026541	1.1503586989793
-0.294869598779837	0.665048044472663
-0.193757191974881	0.323128902566282
-0.175624964526969	0.18588733840038
0.0193115251059247	0.0196187566226387
-0.414806736631697	0.574108347085019
0.193401992174468	0.263379565090676
0.417250210673069	0.734145745891051
0.106421132591174	0.135956872900401
-0.121935867090759	0.142895217506156
0.175299988887791	0.283144280524452
0.161076968741454	0.213057527595563
0.244650799451494	0.406585850587619
-0.252290945669181	0.43721078797377
0.209865586347002	0.442873054843868
0.0930201095245772	0.170225890406177
0.200069145405424	0.501184931748643
0.119068400118422	0.242109135350926
-0.159526558669272	0.249103729780272
-0.14070995509583	0.239833865164428
0.0853875478868927	0.108521097217047
-0.470215110840921	0.809005583769031
-0.0306938649847854	0.0412725860738995
0.340155851244668	0.674486438171382
-0.186101907212535	0.328650776902286
-0.335460500885554	0.762766913517742
-0.200169215402556	0.265732119813452
-0.182216610110603	0.241464823583116
-0.301851619351027	0.541601325697277
0.0088278414552563	0.00921158715015273
-0.354245390615343	0.43032381834165
0.206687902788488	0.268508879529456
-0.175352732003875	0.185489104277726
-0.230551159870724	0.318484596861138
0.00535030751380038	0.0311703068187857
0.135664161370052	1.20811885262788
-0.0468983428961884	0.234381710084075
0.0186920914191135	0.0767169223711959
-0.0145859887934178	0.0591530246771574
0.00629401354204719	0.0225357513268434
0.112409830239029	0.524097091226536
0.133441011434474	0.545922657236094
0.0307926412757762	0.0824692139304582
-0.0230976577385196	0.0736703740256158
-0.171681471403171	0.622168406898222
-0.0366115347861702	0.0887791376967327
0.144597590794059	0.447321009884524
0.138100750267525	0.366901637382633
0.16361853848647	0.445802655435034
-0.265619241891868	0.762952473371662
0.160152241846	0.28256481514156
-0.0242197326733835	0.0369362661170398
0.202713819210466	0.446275517904235
-0.369865665055197	1.08566372832197
0.122283745076263	0.293752507079351
0.377203398474094	1.15691821930474
0.238019976603442	0.490379229442472
0.0592130826994127	0.109570166155982
0.184042601638825	0.41742564837306
-0.522695984398582	1.85894822225655
0.0368296188903564	0.0664687296554294
-0.0278378179829726	0.052199113530797
-0.125685274089823	0.277979769729984
0.210506162518254	0.524675596417664
-0.141173221306444	0.272575346676159
0.0116038547263688	0.0166458783728619
-0.208429468469089	0.419781188826368
-0.0814077400232662	0.125823828049061
-0.488376719704475	1.39849990881779
0.488551182219313	1.25568827087306
0.509817217082411	0.726804432219325
1.05603142791991	2.00392663295028
-0.377564792235252	0.565322543903983
0.524404269164415	1.03214759271067
0.117016978777557	0.124460526113332
-0.524245780615253	0.874456742546293
0.711403063227207	1.21297882739873
0.314366162757341	0.616841920156324
-0.55475289653585	0.957530833480931
0.488541998588109	0.939251157223102
0.237941281349489	0.490197774880017
-0.386568977468751	1.02584572143435
-0.0111404056325583	0.0164531471382017
0.0679994973771106	0.125937091324876
-0.19698337600511	0.422988086613131
0.584451635014902	1.65856623433267
0.299759953531433	0.654128183661084
-0.311443521574839	0.512072548291354
0.0999753956697607	0.118195931171875
-0.293042470536787	0.480342757985245
-0.112940555796248	0.164314489500675
0.295086454264766	0.605142840546478
0.0788947397827862	0.0880409930088239
-0.330581808810187	0.493728514781849
-0.457089295644124	0.684561427621432
-0.356073827988644	0.661223303640876
0.192496993574815	0.237158895545125
-0.249820984808768	0.345554285168705
-0.24958483650201	0.345173697981141
-0.00253478589512962	0.0144353525179601
-0.00676920825917016	0.0344689980883986
0.0125260508992246	0.0544340902240017
-0.0556221725359906	0.269806891831022
-0.00836570668529853	0.0310481531667057
-0.0176422167110026	0.0621989842623483
-0.0795815708292772	0.278837572837235
-0.0389695018976272	0.1089888913831
0.0618257835838221	0.22383084198133
-0.00254989580122262	0.00622655580518024
0.0928281685636456	0.26343500929735
0.152446180314718	0.498773221366083
-0.0504033296081671	0.116484750754713
-0.261052115412192	0.830892501958306
-0.120827181181019	0.279935991402801
0.345158656349959	0.824244428695704
0.0229668099776388	0.0363699358707105
0.0648308670544838	0.122648907546738
-0.17652248273542	0.399443034081625
0.147321654269786	0.357407014027817
-0.372094521042181	1.03827837945336
0.0111631766243457	0.0160068310602026
0.235462018876671	0.53156486126882
-0.385606548945405	1.09822173567627
-0.403342922096971	1.31134214539715
-0.00147663248113007	0.00246295488814262
0.165987597891191	0.364259550046895
0.167120221196003	0.348032387729709
-0.206387026326933	0.516926088104995
0.163389272031579	0.313335574064132
-0.172738255155691	0.321076738103098
0.112078292221698	0.193589534180703
-0.199427654203758	0.382586672651631
-0.0920480885570181	0.151101110463792
-0.112375264437529	0.163367491564968
0.700919612950431	1.21882621099587
0.490166489517619	0.833357335478052
-0.169644741538887	0.216330877373278
-0.10582241987884	0.123966884329727
0.288038096993182	0.407707254817121
0.525000664862284	1.01348992963988
0.250379750666137	0.344060347891631
-0.398024639197915	0.681190814110568
0.283220284857972	0.517812111183076
-0.268640175150662	0.399207951501048
-0.396448072424737	0.760606370285272
-0.0155939861673272	0.0243550406815669
-0.121870886345004	0.223329786285947
-0.330422107099415	0.957091819555121
0.310392796796847	0.78642169314965
-0.527783732144236	1.1686857885645
0.0188583200770687	0.0258045065022389
0.168679960209452	0.228765889846966
0.225892676791099	0.2798411333777
0.395224464253591	0.84585192379439
1.00564556121355	3.31461510736042
0.315385328286721	0.619280251667045
-0.276437809265885	0.452287158305359
0.0334708567809518	0.0370920716779189
-0.874253937336684	1.65596892359926
-0.0705642469709103	0.098725380387348
0.450075817271961	0.762027712006107
-0.0212012777698525	0.0204882684329019
-0.0440594678922359	0.0493094928848018
0.0156232497105929	0.0991652067158565
0.0704183472629275	0.504173186675843
0.132273373555944	0.994493852058003
-0.0979618644783436	0.528586913570783
-0.0683348440632786	0.299977407901159
0.151017637759509	0.703228440579753
0.214807864965814	1.07626282062313
0.0789895715505252	0.318911778387742
0.13392101126684	0.515414311392544
0.0795165521812107	0.233798604062314
0.311082242858718	1.40468993009479
0.0519934502099316	0.130337008330056
0.16464684446194	0.495857186286103
-0.110971505613966	0.263503287021111
0.223454356963381	0.46622565896251
-0.0238337130334651	0.0428726603860899
0.215394797194499	0.509966413585543
0.396102836592256	1.42825946793721
0.223625073285446	0.609750234386575
-0.0226274627275935	0.0430454908593911
0.211657270297188	0.451624890209475
-0.30505661040909	0.863224896884094
0.252106743118888	0.650710457486705
-0.230235064567976	0.592444778212275
-0.26131797000555	0.65637876047634
0.116892092903648	0.273971022722122
0.252629630713547	0.73983005498919
-0.199963175563737	0.491208475825866
0.0510574872722479	0.0889297957844344
-0.287094012290584	0.701295581981624
0.0538063433556741	0.0947782303401729
-0.131505877847632	0.235599036966877
0.0923313593158928	0.148010317736761
0.628998681967264	1.74854616881346
0.359077548837968	0.501130222460219
-0.0343962206161687	0.0400136592509249
0.423088283348739	0.819250150434524
0.0966845006571388	0.12020593905955
0.0445634199433398	0.0508140590607188
-0.0269378048943493	0.0324574319005684
0.488686902163573	0.939604983533146
-0.326506348193252	0.639091187869838
0.202360417400793	0.308313085075671
-0.0000141638995955967	0.0000147531341421657
-0.0234676563315238	0.0315374605562335
0.123301291861741	0.233885468457041
-0.219193545170592	0.48400534158928
-0.193491001891276	0.432426646933676
-0.113655044757008	0.227067959174971
0.196852361918256	0.386175179298174
0.221169671642275	0.409439814160299
-0.142487245722316	0.229063995566429
0.126753871091893	0.138855236026201
-0.342918897001678	0.600486766705024
-0.423603909040757	0.929442270853768
0.0245889291803636	0.0342526592536457
-0.169983459428508	0.265552607669308
0.347871460937889	0.580998998202949
0.376546960535744	0.618047306660732
0.264646651186842	0.500790381035436
-0.211905350760897	0.292189176295832
0.0629704120904646	0.062635744762967
-0.354387076954591	0.430574258998021
-0.16971432160898	0.216373600691678
-0.0247423512344308	0.0264787064327249
0.00519965219928508	0.030349418312185
0.0113118101598791	0.0583336990838051
-0.0377492326835567	0.171523048902428
-0.0640139780630414	0.293398793901119
0.0260837121586497	0.0871820561259807
-0.166385997039061	0.746134698830616
0.0712095301562923	0.291896199109989
-0.144367053650003	0.570091543941762
-0.248633847848639	1.14809298463789
-0.114011515707715	0.379328319112371
-0.375677160800223	1.63086568736361
-0.155253304948322	0.472504872583488
0.102102560929852	0.23802875228212
-0.085765314871976	0.158862615423277
-0.203907076431631	0.49274313461613
0.00874208306071978	0.0156863182527221
0.138757326083557	0.335660072102171
-0.0882912191425746	0.184681308481641
-0.158903931836852	0.369676727340927
0.203701846257874	0.449261880899443
0.012118747317443	0.0200738828735679
0.126469369399178	0.254493632997739
-0.0986876395901519	0.218542549754157
-0.0197441315319874	0.0375013559995039
0.0614760277640889	0.127962522038727
-0.158473206950258	0.381235104204718
-0.0614775669631902	0.115093748642128
-0.190292520383948	0.407826863291912
0.346196580186854	0.870589863639913
0.248725496764888	0.624805829406587
0.0408254956135624	0.0598931765984462
-0.0372627374568609	0.0601437027874438
0.451470422797602	0.983720232889004
-0.0437661013119118	0.0489585713797183
0.244240114306048	0.32709337147836
0.693109171572929	1.4105654295289
-0.138393965915805	0.154866206715529
-0.52473752946428	0.962517248668405
0.202153480176923	0.30796924895128
0.403942016210361	0.527722246049594
-0.135926868195727	0.172770321264192
0.056530100576659	0.0696751443126359
-0.0334501178873083	0.0418886926797818
-0.423321074351409	1.04439538397475
0.208533293534937	0.435282031858304
-0.218168975631586	0.451590656030002
-0.109797934183491	0.227546427794548
-0.103624104724408	0.201598067268068
0.134397407029496	0.212551810577102
0.195828782954387	0.348340020389784
-0.119488583043096	0.162569412100443
-0.105781614389333	0.12390391387972
-0.0747099731737963	0.111723453450263
0.142483028718884	0.232913458030082
0.00244184905377115	0.00330151930565034
0.279241364853542	0.494152245618961
0.185609042708128	0.24628022541445
0.152442066653776	0.196391438162556
0.319635973110483	0.679945714404436
0.404535758025246	0.582063935025424
-0.0611499528596083	0.0621464857701539
-0.169262371242437	0.215684520586458
-0.638873471612195	0.764205933098242
-0.231644843476109	0.283400027659558
-0.135550942392151	0.144084446001676
-0.175777476413826	0.186049492120747
-0.0728989242100724	0.0816921178913756
-0.819363499832631	1.21240555766035
-0.00844117887834358	0.0514923247167887
0.0120175629824052	0.0609612869062771
-0.0118127865380345	0.049380253209288
0.0348040498206175	0.136587238437937
-0.07885246793913	0.315244906126704
0.0066624681242806	0.023511440867878
0.090517332629084	0.329213518660008
0.139305714714056	0.5324096869311
-0.167037979490684	0.661621747100996
-0.0330272726607019	0.0839681059538893
-0.240212117240601	0.924064434457416
0.316392031873507	1.23687156543929
-0.0763325421247782	0.131277307074725
0.331003713191323	1.02095478332431
-0.350311907646199	1.08739041334708
0.130379707332401	0.324268259920134
0.00218133910624051	0.0042986764154736
0.110580925481196	0.244049275896653
0.00175242054371176	0.00294100350626676
0.413920407543054	1.46409448217109
-0.228404150844776	0.537323387183273
0.316658303428711	0.979063353709621
-0.0347537006374427	0.065413657390084
0.0627203201198913	0.117454641628744
0.00629195386932052	0.0114099735335134
-0.0528072581673639	0.0984239013346047
0.00686363099533556	0.0109031480441501
-0.0133922221908606	0.0224681584004606
-0.0480891011417594	0.073838566138628
0.667843334418468	2.38231942494497
0.0787841363271525	0.136810605717552
-0.25756578401018	0.48644203410281
0.199546074071252	0.252477846402937
0.123158770485214	0.165325305105179
-0.0581179050423052	0.0651068938122003
-0.581932579222278	1.07045695865304
-0.123387788842446	0.179749555883852
-0.177372665211397	0.243475488961176
0.0572228180135161	0.0602172440051977
-0.0603742999282974	0.0929249946359697
0.259282998163348	0.469467920088693
-0.000883128376212277	0.00114153225143158
0.416649606823996	0.970286724807379
-0.385934264084882	1.06189649455375
0.137997068810318	0.265004343773742
-0.0749592257563838	0.144114231462651
-0.170588995494042	0.384945255539351
0.322993687430343	0.738017280867621
0.366903298875057	0.885974463552676
0.156941965203241	0.235320973818749
-0.0682189370006378	0.0729645083411321
-0.16115768348514	0.259595944449445
0.0260323441686987	0.0377807755157721
0.0121682518864748	0.0180818356361485
0.287605487752814	0.542716266254647
-0.0912987518221133	0.111211945849218
-0.206185320457182	0.26337161750922
-0.255519084967152	0.495036346895129
0.0586102963217549	0.0797405832581351
0.491357289166865	0.817765903065089
0.522884223776507	1.04819179360276
0.682347927800358	1.23337817834757
0.649869407283117	1.29359578760489
-0.586837006136676	0.978879684070309
0.25298238135663	0.298858366918064
-0.428787397164725	0.642108637831446
-0.267798413391653	0.249021347083078
-0.0522935168309952	0.404551777083112
-0.00118298538968625	0.00593614753892991
-0.0707384386554983	0.36429051645779
0.117433333584576	0.629904078591512
0.12761446578806	0.814847301730706
-0.139419699988627	0.605305677625056
-0.139734646631303	0.553755760576007
0.00030266663907245	0.000799223574431544
0.00483883668848648	0.0121553016626356
0.00197547444662578	0.00487403726339498
-0.025974501139113	0.0637597160982162
-0.156516317810251	0.370074957202815
0.186846150474502	0.510308994591265
-0.175974815532718	0.440658766266387
0.116422307187305	0.296062254823072
-0.13914674223899	0.396511291799899
-0.00346044110156129	0.00615439303322576
0.245932958536962	0.601385766950191
-0.127179808356328	0.260618538083929
0.225909136925256	0.579185613694145
0.106887879496727	0.239776547287937
-0.216509285738149	0.59782455148678
-0.147679840725116	0.347792788745303
-0.118361199161987	0.26966228314855
-0.191517244093808	0.418899893373029
0.115490331758456	0.202249643982189
0.514683026887509	1.65959538733238
-0.13247771712009	0.261012295202302
0.0359583827505943	0.0594246748419912
0.115609906839473	0.222121368305258
-0.420325121539672	1.0799644736365
0.278159918703901	0.374497613435163
0.0664718328181605	0.0761084323799301
-0.525457764871837	1.10646667368995
-0.100427063408237	0.107203449044538
-0.171168871564442	0.267828420006485
0.486171148058297	1.02036807695478
0.600687766696011	1.2138588731452
-0.0457337171920705	0.0637570598940877
-0.231561914747594	0.376530428196849
0.0552298551087917	0.0710219510826394
-0.151561128987021	0.266063098654003
-0.039221657736396	0.0664672918254309
0.415269755800912	1.26346967576923
-0.192987923923309	0.431034316400509
-0.26361311262085	0.62655417182498
0.011084466992152	0.015890749148569
0.0123363171289409	0.0183362181242606
-0.0308295579540753	0.0400008771902754
0.0766936615237449	0.0902914789178695
0.0166421767001577	0.0217493395857066
-0.161134227748168	0.28380819422848
0.100215557459169	0.173411783397214
-0.0951587437900239	0.147139167993447
-0.171186644870662	0.251024305798224
-0.649523250857173	1.15828694779709
-0.0465139302276493	0.062657101320414
-0.417870244792338	0.694451349423837
-0.0530847183798653	0.0567935735882672
-0.00443238757994895	0.00493556180464086
0.368333825173427	0.564681044617182
0.119561695609802	0.149372620240509
-0.739982465393168	1.62065289809755
-0.406211094998817	0.539299382705433
-0.618499237390833	1.06731911933661
-0.00459698925688506	0.0279105010842711
-0.0506102794023624	0.312244701423081
-0.0636415013690209	0.331528769596048
0.138655140662155	1.01909255368298
-0.143478240024279	0.709126607148355
-0.0905667457371907	0.344805555817388
0.0285361932616551	0.0860767221325382
0.258857269228897	1.37046880748963
0.0295711690234059	0.0875112610493932
0.125363409677021	0.438058896363206
0.162055972599756	0.422915203451114
-0.0230702957402517	0.0468257685167236
0.0912296365173665	0.223204132153873
-0.00239633042676854	0.00507270428179776
-0.131415173644045	0.368017520597392
-0.21385534275091	0.614697032363394
-0.158085974047077	0.348417120584304
-0.124293216772705	0.293470774315501
0.211884800439369	0.532755584443577
0.161109381798878	0.417611459286388
-0.167699027071196	0.418915905647289
-0.19505932422545	0.517069263245306
-0.123867397076975	0.321489839075508
-0.115288394412828	0.239818767854279
-0.297443029443221	0.656692262857271
-0.11914711829846	0.223305214567363
-0.287173826945127	0.767700671834915
-0.105329456439619	0.187465695128868
-0.0460494159714719	0.083512613589538
-0.0241203138634248	0.0367796510788447
0.0469551654500819	0.0589822804569592
-0.0843168489206004	0.122109190979284
-0.428596602492301	0.963786404032133
0.0559631547185029	0.0656685628641576
-0.069841000297176	0.0910957704821372
0.211789326035434	0.369667208836365
-0.293331903914715	0.481058506545695
0.603662407329983	1.9083600874389
-0.0554723760401009	0.0748261209730264
-0.182431226947178	0.294776102800325
0.182904485526776	0.359521038785412
0.0356736408181362	0.0606119807112174
-0.28948777452454	0.747208562025051
-0.00747333671489879	0.0127700730482573
-0.333629618819247	0.905572418970575
0.172071056790618	0.321033452800338
0.169137365608333	0.288537788426152
0.508284454594096	1.17385491402812
0.330910524575985	0.594762259999389
0.388221794412456	0.956848629060782
0.160285568509048	0.282845115399406
-0.207658252936296	0.398898419579459
-0.0101223894518961	0.0135913619163485
-0.112296810596966	0.174273327007979
0.272405550704443	0.464461468330297
0.138611717537723	0.238151390431214
-0.149500440999999	0.233221355469675
0.17632243961661	0.245188104888101
0.145706007688237	0.196774669896246
0.301562119769698	0.458231122633262
-0.597585197245249	1.26562688469318
-0.784516291290909	1.67477973203946
-0.707220379658953	1.09245500997672
-0.200124180938536	0.294788553738909
0.0403119724868496	0.302234450607477
-0.000712055916703102	0.00369984802466225
0.00213653451397706	0.00956981096085511
0.209883665390605	1.19424787169192
0.0367715520004984	0.117467533296414
0.033056722699709	0.100417944204254
-0.0722976530204221	0.273068349079589
0.0485281700161659	0.166554627466745
-0.0175921182608122	0.047428034055991
0.0638498735617198	0.18545148146121
0.132507336604029	0.396079035219321
0.262316736965883	1.01884787006414
0.453646971929936	1.86747306699341
0.318085365194798	1.03660390406989
0.169068439836909	0.419592787340226
-0.163846091648473	0.395474036325976
-0.11637085679036	0.255972744562055
0.118489744709727	0.250690125003761
0.022624154004845	0.0416496498751634
-0.157643588095114	0.347320484354261
-0.365496851173381	1.14097818440854
-0.0275969524743969	0.049735757200368
-0.0753765686905607	0.138999700888763
-0.081045645544559	0.146464802922577
0.0961862947783123	0.171302248289595
0.0876736940104684	0.175483621974942
-0.510683692700342	1.68076019186035
0.182579198642002	0.43718150876748
0.397113286895428	1.42515059447675
-0.185424619448192	0.404998648841001
0.0587056627785653	0.101970516732992
-0.0479712251194168	0.077691140989714
0.28486452726398	0.783951140295875
-0.11118910392986	0.198082114480901
-0.150937539115008	0.299286276529131
0.0868560176449302	0.178984914119636
0.229585197160384	0.500811369587472
0.175928443157348	0.406027105490933
0.0727269722031952	0.118987037181097
0.427824817254209	1.15505887467946
0.539270710611895	1.74204833123558
0.0850516736031631	0.151423963949468
0.367706125474802	0.819263572473593
0.138082999222241	0.237117902328228
0.14403332136988	0.269300004606552
-0.0402660335490728	0.0598760952421502
-0.160055790623702	0.281421288782021
-0.109034124770262	0.174451886975292
-0.324806901229968	0.686762894233093
-0.0809341524985358	0.125020782912022
0.177667863464726	0.34042767181818
0.304327607098655	0.542894690968581
-0.00714336419196008	0.00924479345806002
0.0804808808411865	0.129521026619792
0.312145388888128	0.594776100686596
0.411056052595416	1.03491236289495
0.0714195783653057	0.111380532298596
-0.194450618158745	0.334091634532538
-0.444283357534215	1.00165709027308
-0.403407406198499	0.861702894348894
0.0208020296017239	0.138600416577625
0.000851477907332575	0.0040982928700223
-0.215292321049352	1.27265556292188
0.129427497550109	0.548457350846502
0.175937334611431	0.801022431618319
-0.0294187098565586	0.0945525232873874
-0.142619074603941	0.645214749930545
-0.1481693180654	0.578338071883409
-0.0358802788786873	0.0938295020051645
-0.294875892392833	1.30043434181758
0.0562858805398877	0.13970918337693
-0.121325995243158	0.322002698043429
-0.0763549205768595	0.164002579943827
-0.126943998888409	0.275798963099635
-0.0146387862931205	0.0290234764618976
-0.137762429147888	0.311988675944789
-0.036865385053447	0.0681374852639034
0.129069186551181	0.298750804832202
-0.0826251183378991	0.183742915531266
-0.172879924162622	0.43890401655624
0.131411620673293	0.283628062120022
0.103166118874611	0.204669962709738
-0.118748323492356	0.237694796929087
0.176820765825234	0.411370950961815
-0.125234288280917	0.251472732759222
-0.202758304499773	0.417983878169058
-0.254550255279931	0.661389646836587
-0.151533572188384	0.369059279241376
0.0387806579344742	0.0773949091869226
-0.413346856998608	1.26826335828172
-0.318370962807023	0.904496079025073
0.649302986227553	2.26328690106708
-0.220019702673552	0.496157729882699
0.0242551914477552	0.0407258195711353
0.331058571550756	1.05607943949554
-0.608759611450829	2.10442321351112
-0.0978784862409242	0.178061593475565
0.229923972142393	0.501891299165486
-0.0489868139699183	0.0814566070728276
0.121960217510516	0.219384699210845
0.224843344554971	0.474358458530722
-0.00307843647870406	0.00412473779390858
-0.00286366000038499	0.00409763029865895
0.423467580306445	1.18499761308495
0.279940147940343	0.604486737799772
-0.0427332239251798	0.0673397627596578
-0.272084976643664	0.570599826910501
-0.190741590578289	0.365046492926806
-0.292776520788118	0.555558190946968
-0.125140521774551	0.200720320785676
0.0880752637634925	0.138996612538764
0.392298153979552	0.905139751212885
-0.108378194382426	0.173234141674073
-0.088577196304709	0.124105781094413
-0.156702840388707	0.28991746608715
-0.205612339801813	0.333246549712195
-0.0680815361214679	0.101795692777373
-0.245609349458032	0.40007854841578
-0.0206096019652207	0.134389958044016
-0.00754040012618392	0.0338480280425518
-0.002395067339447	0.00905682922043019
0.142051521613133	0.854932766627075
0.0569003712528522	0.252527807740587
0.065975885733472	0.309259772372684
0.0943929222388576	0.418436106279588
0.178424725088531	0.713386362770399
0.0482391997690761	0.12769437273471
0.0602859165943573	0.172762487456312
0.0992496766938886	0.324401355203708
0.028576233383815	0.0700699983302649
0.0109880662022644	0.0246914916073114
0.297013111709685	1.12372682983697
-0.20616658670318	0.675526358122752
0.288914086173365	1.09965115533286
0.133601490719324	0.384355090834219
0.104075237462353	0.268749090356019
-0.17627522820671	0.552214404380041
0.3039729823124	1.12972241743905
-0.16051926503387	0.422583593714346
0.3862822364918	1.32505371941172
-0.0246007312925607	0.0476941943347988
-0.114327959785546	0.242360963955417
0.108201700367496	0.228103308633582
0.556981249400906	2.56204744979282
-0.255243773908646	0.675146635943304
0.201896448856898	0.44053017081842
-0.0988383031676522	0.192031592369669
-0.420345394972188	1.0801950874441
0.146654577082791	0.277589187610308
0.224835789885711	0.474384688722783
0.00936722747570094	0.0168305204616714
-0.266984365583012	0.51874482349043
-0.20241868737812	0.417135516576143
-0.0313669275789013	0.0492700868656432
0.223094248656427	0.465179791267427
0.123321870375229	0.245179736565061
0.0402394998333747	0.0654460035085054
0.0959366178241898	0.170793180693326
0.0574261745859513	0.102423259043977
0.147347808262992	0.310197187912399
-0.472693038144542	1.3250821705761
0.215648697495093	0.470794349179548
0.261499082379571	0.564791620812933
-0.122194808496732	0.1776910528434
-0.513692936997657	1.47737403637179
-0.0000390333902718815	0.0000547322593160124
0.117944561470729	0.229166372517088
0.148774068045152	0.266967026220552
0.816233833980895	2.19827828151922
0.0192508738094162	0.0243595873673887
-0.28669627252457	0.573482417950411
0.0870083617459892	0.105334549083909
-0.136041637109111	0.205014252123929
-0.129917109382375	0.202132837170702
-0.136229683024333	0.205371157022822
-0.0242173520253425	0.166366296500008
0.00174450090939248	0.00939003978534504
0.0272993780516584	0.148298582063923
-0.100350638635597	0.684604991233928
0.00869432859133818	0.0398144179305976
0.111850498703593	0.638315931374675
0.0944299528831293	0.365622094609111
0.0261477213841678	0.0776126858885224
-0.243332350747904	1.21924547255514
0.116889086655452	0.447481999837214
0.118833364088107	0.393283832895459
-0.137869914835756	0.419800086893524
-0.10777710670514	0.328225313137199
-0.020354881335999	0.0482790346490871
-0.121330591764137	0.356850416487888
0.0558981341025561	0.155802423405041
0.0314499957018678	0.0803344650568814
0.00869459569042864	0.0205210326730573
-0.124757103299328	0.361510583670623
0.253652305674564	0.918082192831093
-0.191399181319993	0.53567743953562
0.266310167603056	0.94950114028427
-0.080614379314403	0.191807625339235
-0.0582469389008465	0.123459686304512
-0.100073678349082	0.232235593724428
0.00446244062148719	0.00848372857488655
-0.152020493943116	0.346605658564218
0.00727494684116126	0.0115646627752296
0.0649507224355656	0.103271679062259
-0.202896716371155	0.427251204738163
-0.269896317834443	0.654553870813395
0.0401546746323959	0.0653001131698189
0.310922934269818	0.809076663661207
0.0000402557444108901	0.0000637798517200116
-0.162809246570758	0.317050587840385
-0.0756201004663963	0.136375635084479
-0.301743407969788	0.754388677717669
-0.101778849515611	0.206234438506717
0.19603168126325	0.445321097725674
0.0568292729972052	0.107366637003516
-0.0704249809508555	0.126730177571683
-0.0273839238333684	0.0405556968312967
0.142764366658123	0.280569998506914
-0.277696772954702	0.609996796648236
0.155088702001373	0.286034060223822
-0.257107210378797	0.598400663313817
-0.0524624013119995	0.0780529677212568
0.201301464004752	0.334366927529856
0.302048115361184	0.675132996144484
0.138917866413822	0.19555866631501
0.0782873909104329	0.107606323719558
0.307201886226697	0.557883366239996
0.236128273997697	0.377508392077437
-0.0333426379973963	0.0417514163597512
-0.548484459419447	1.12733060092079
0.0570581882182553	0.0600383915724397
-0.63466146857215	0.796500881819781
0.00711077516332461	0.0441945289309439
0.0388816370776996	0.24836661554124
-0.0242946058205724	0.116379979391481
-0.0366295395076821	0.180054542195049
0.0493847625168992	0.213220749046292
-0.0349171072046237	0.110165192861726
0.0504830418200648	0.169141023277187
0.0494251952234338	0.159101716552728
0.162771295758919	0.71918386790331
0.0692934664612889	0.219332600681806
0.0574733982366619	0.159608146136244
-0.0228447411364908	0.0572088757888488
-0.0623724827801112	0.16365282463367
0.0480935296961313	0.1231265742553
0.215753950923709	0.917833182763432
0.0726645387311269	0.21457007019524
0.059503625604084	0.163070145857127
0.0874142373532702	0.252531949514779
-0.0711088259313805	0.163349977997661
-0.00915329406709907	0.0185738982071854
0.0254180259344087	0.0560602060945561
-0.125957070427335	0.354431024675081
-0.14324038215597	0.400860766106658
0.0979539904159621	0.246883622121376
0.162760982740901	0.409292388694627
-0.0126606848307249	0.020245098619549
-0.0222101405301626	0.0356549383248641
0.362791675759055	1.06133746794831
-0.0349562855566977	0.0591992613583745
0.0316502393210821	0.0545110964346237
-0.28165748627325	0.660085335366991
0.189180934514799	0.35675309049084
0.0470248136641199	0.0808143123276999
-0.241467542026795	0.581097386951846
-0.0596547923113486	0.104395969868812
-0.361794039774338	0.971323283107532
0.345438407607702	1.0460499954687
0.0529739810651213	0.0957637910295173
0.152985264221465	0.314939409357745
-0.0125785113878288	0.0201097109920943
-0.371917133862555	1.00195895026453
-0.216590894102807	0.416839177072516
0.50878839387895	1.52363204779797
-0.381730863430931	0.954538885957384
0.154474185205905	0.284707111305845
0.384948450433674	1.02737347266926
0.152496118162272	0.296071499950478
-0.144137641275668	0.252743405224542
0.124045583367415	0.200556540910368
0.306887716675906	0.557156811797645
0.0199357062443928	0.0284128804355436
0.759276455024175	2.63574242490215
-0.217850674260438	0.353466272792734
-0.383292798431936	0.796558915208259
-0.121965385847393	0.149024100845817
-0.690469486759771	0.864453179806545
-0.461701051643042	0.584299764466415
-0.504612107962461	0.666704097788283
-0.643426909851317	0.730733618380338
-0.677067638318713	0.927654472497311
-0.0141860990398103	0.0892430137400229
0.00352650766105613	0.0181814004882374
-0.0557599873247326	0.340115023876466
0.0317251466272741	0.13940980859581
-0.0598096169136001	0.205485469451105
-0.210206064649941	1.08809380840638
-0.0570094532625437	0.183406451563012
-0.0592931448809636	0.197151216018842
0.0492655454079335	0.151344630990987
-0.17878434726314	0.648055263248151
-0.369104880619668	1.84382526966388
-0.189418484711911	0.688663365797947
0.228424595438975	0.948422068928749
-0.0111387612932551	0.0287716126364351
-0.0933022561430508	0.295503562968733
-0.0749782421570556	0.208807356903705
0.108869540747806	0.330663169481262
-0.0589981929461513	0.139143705271628
-0.228757638509769	0.680798028760114
0.0503695739108861	0.114999783184363
0.262257570073479	0.829090968108084
-0.0649985409329014	0.138416625166269
0.344126259504854	1.25100636440386
0.0417202444915225	0.0892012936369468
0.0188853061072094	0.0303742338050389
0.0162490113435077	0.0236812577073759
-0.182819534730994	0.349309601006117
-0.126201001557267	0.237286647921324
-0.634599526361517	2.09885319524745
0.18140397848506	0.32832528506423
0.128572444841562	0.224674724720578
0.310285264972692	0.793040447464353
-0.124711456069861	0.223093045820997
0.168663485853306	0.331655344019888
0.215475444931291	0.470294309244854
-0.438606065319056	1.28774256974339
-0.149559756300516	0.27630299903668
0.143078698558559	0.324822921321476
0.14186089761222	0.291937733102531
0.442608084862668	1.28629171772974
0.27447531027298	0.667010909483647
0.046049881803949	0.0712775286899334
-0.045887238191938	0.0639860858830853
-0.206508974334487	0.376441322152852
0.035688450150731	0.0534802013160328
-0.167588480796643	0.319120596371084
0.0613122947024793	0.103744847645645
-0.120035110213014	0.157878093362731
0.240336110139249	0.354063671166021
-0.129583279872607	0.201468535968044
0.138641097722397	0.19515281501024
0.17331971669972	0.25663741499202
-0.19373424206688	0.323143924381576
-0.109301800513068	0.153605401386717
-0.0174876418981008	0.019526049282393
-0.215126182970936	0.251387331130767
-0.677421623215775	1.47964864936365
0.0451256104153207	0.046046331762379
-0.305764810045803	0.282852403996188
-0.584844707612522	0.594853538029253
-0.708988647364311	0.801273952586243
0.289761419892	0.325951747786967
-0.149517964170804	0.141277039439783
0.242289577884992	0.214923245295078
0.0124209598422596	0.0793305884661937
-0.0201556815395643	0.125361052544952
-0.0146861585397053	0.0636507571691138
-0.0822769806287997	0.353359229483224
-0.013272152304924	0.0425881786645869
0.0540892957627639	0.187184721342538
-0.0429531099030106	0.146662397865181
-0.247657443795323	1.14152539352713
-0.0614163670707465	0.166600842327221
-0.000723524825361225	0.00179815522398223
-0.15462788222074	0.545152671134179
-0.133582174805619	0.426480840302485
-0.0151120404064889	0.0385147306486643
-0.045757184797841	0.122345204981334
0.0208401399901242	0.0496143653731452
-0.0449703462211066	0.105618283351064
0.365310411097283	1.47543032320006
-0.432597222032285	1.64088281052617
0.366189818572585	1.45178042861404
-0.0117441167411129	0.0232268314356941
0.00116779474656385	0.00226042864808718
0.131870359616152	0.340161790389762
-0.190742839741056	0.604983907377449
-0.112445420539604	0.246960651389781
-0.331566398983832	1.00694392163301
-0.185349271187725	0.404771531497473
-0.0710867110893534	0.122125410096855
0.00199023895276377	0.0033407727937319
0.244069883630254	0.590605437476691
0.0539175597056407	0.100789217998041
-0.141632225266639	0.298087375891124
0.480447229822371	1.4605096828139
-0.00165902376335571	0.00276853202639052
0.00702764301071516	0.0111638483892924
-0.184931603793777	0.40358769026562
0.08896185884683	0.147527364804799
-0.0706995657271998	0.130114950547922
0.574149560422817	1.81381375396935
-0.126431516158483	0.248516071993134
0.0766685694278706	0.121575514750095
0.0298022385167712	0.0405032147975348
0.0603332689791007	0.0944523709412131
0.0117784647810851	0.0168973728602075
0.0356772725957251	0.0553494279879032
-0.2042779297251	0.439875583042003
-0.0032185291661892	0.00460711197831647
-0.18640760102362	0.329214561851093
-0.120493991449703	0.187123440548914
0.119285613830918	0.189631767225978
0.107061734641022	0.190373780250248
0.0408873371811118	0.059973829961916
0.250412797779335	0.495602930397076
-0.285666799830706	0.453853795445016
0.0942660838731757	0.12283745666487
-0.0843935752643476	0.122247717937533
-0.235770160082868	0.371920363965367
0.00655005307316405	0.00741434497247597
-0.51408315697389	1.19492507236745
-0.0152097613327954	0.0218433604503499
-0.00691217655579992	0.00831079079641751
0.160557522402146	0.227427943421256
-0.106183936495733	0.129554527705029
0.0452384197805981	0.0461675494238575
-0.29495369677716	0.325482924911692
0.960237879155543	1.81160554157919
-0.411499502586405	0.400887386441171
0.00515081150109654	0.0306950263348983
0.0532704094798264	0.313847186805577
0.0776151435357336	0.354079393672584
-0.312464948434133	2.19950619306566
0.00014341253730494	0.000441244778678831
0.196339155876304	1.06381843860085
0.0790842199194649	0.265436254286406
-0.163918503323333	0.592797076794873
0.0720135064295031	0.216430867850296
0.230918978905561	0.974514784131231
-0.160318694054112	0.556382937737117
0.0797478951875337	0.257084986349329
0.224240724237941	0.956299728230221
-0.357546162033041	1.77148717815663
0.0917722262936477	0.26302010599432
0.160141690673895	0.444215825373195
-0.0765378185782838	0.15903147361471
-0.255094752551636	0.640039827365556
-0.0762632469107272	0.161063455797992
0.274359721362194	0.892454678863598
-0.0990021881656897	0.262839244640361
0.0149823719927828	0.0326133872944079
0.149339589647009	0.379687106432843
-0.0638912785881634	0.127100356587109
-0.080186852197974	0.154679026894754
0.120118598141328	0.24632377811887
0.0200260344527112	0.0331732430605325
-0.148666451716895	0.288151885430073
0.207181172109798	0.503321413880157
0.254714404202986	0.678888320841834
0.0502612323877899	0.0927855166089878
-0.0976260390975643	0.177531024648416
0.0895067740612573	0.161681831578322
-0.57209599171306	1.72021129373901
0.128328490185307	0.224310633490572
0.200484396704471	0.4686007479344
-0.343606282648307	0.834371882072962
0.00323187790970875	0.00506801052013758
0.14000446793207	0.271807714747405
-0.548496367111182	1.49410167714047
-0.174774324383606	0.299318162043914
0.281819163464374	0.622626354237133
-0.191819377966636	0.376100295186775
0.278774005020622	0.594836991811735
-0.0468732205602293	0.0697993947908511
-0.0847699301666141	0.138817426470449
-0.49168399835376	1.2231235357865
0.566279759437645	1.5459297553083
-0.0470002547004108	0.0700021111235138
-0.108617265968456	0.173657867729228
-0.382414064307523	0.794166690610435
-0.182214116208696	0.285299581120191
-0.460006068742752	1.03897394322534
0.126910427805035	0.208131359230342
0.189360368118535	0.326577868196511
-0.173643181723208	0.289052008972072
0.0525544363876183	0.0767723870077602
-0.286227486130384	0.572151028057726
-0.332139433548997	0.632557027270334
-0.218356977949814	0.242644558897574
-0.221708424642516	0.2333333541859
0.258620173961515	0.313871687264634
-0.00736027461131252	0.00670744141569862
-0.0435819333415959	0.0367187769740489
-0.121858554686386	0.148886444725163
0.0300671170042234	0.205470273375735
-0.0666742017739226	0.454563863739534
-0.0984950779859012	0.590774432252602
0.0928851246084834	0.561308935116303
0.0641509179526513	0.361078249176085
0.0249043062668497	0.0913519688431407
-0.0279101103364508	0.0935110849027925
-0.0255366036090707	0.083482432919866
0.110868557270297	0.456248489494644
-0.07482410316595	0.271885027964915
0.0346509428298615	0.132007338219579
-0.0125159017816919	0.0421077485731833
-0.135014249835622	0.549830369927569
-0.0172270052922604	0.046403134864386
0.0666742935859201	0.174857668636848
0.0746346364951335	0.18115374102936
-0.0173688039017455	0.0378278760922695
-0.184669277303871	0.599665717863242
-0.122077730863764	0.3555255587361
-0.0225225596831359	0.0535758542352532
0.164159327397617	0.556820308997339
-0.0732039069191213	0.177129006678564
0.00991050472025427	0.018880234800498
0.244794457381602	0.666116311950231
0.0762779519985571	0.150774474160654
-0.0761727435157061	0.160905980227726
-0.0182882647149544	0.0321432903108805
0.041757247285791	0.078712590466716
0.268385943140395	0.712687836601483
-0.127090986573029	0.260423698907559
0.0389803211245405	0.0651934812040401
0.0656579150166838	0.124376969907896
0.120939856855387	0.237827085369484
-0.350503553269833	0.870387393962357
0.247800688881914	0.616972568642884
-0.180642314489801	0.369908413928362
-0.0452972132594648	0.0788262103268433
0.0314895813106428	0.0481471844334038
0.43057777891635	1.14115049833591
-0.471478625550188	1.39489175583366
0.0894333631074119	0.155127339595539
0.137784998141908	0.236477974649727
0.128735407006005	0.25009824478649
0.050395431139694	0.0791905313706803
0.00266423401009716	0.00360134165717439
0.278818497593711	0.493257866804435
0.0690660415154906	0.10197798168079
0.0602464371773539	0.0943025570828511
-0.318484582554613	0.605969514857788
0.135082155996835	0.200572577549155
-0.229486227054991	0.384852474282476
0.283220284857972	0.517812111183076
-0.205319888304437	0.292790932139322
0.0464147693173193	0.0557126380653723
0.184335736716431	0.284411851868416
0.451293758615455	0.797055099696127
0.356819538056158	0.633701697370025
-0.376474830804118	0.642806242038406
-0.367345196241612	0.664264271590728
-0.360099752915066	0.557760629843078
-0.0331369764837755	0.0414841272878407
-0.323626987384069	0.516549233835998
-0.00729029032555907	0.00706330340072918
-0.0681670983618502	0.0729059443973191
-0.78297809836905	1.29989945545851
0.633049107695026	0.937081442351767
0.0120490337915763	0.0097706071486734
0.143436699633516	0.131337707524541
0.203773034519432	0.194204720415538
-0.23364764422741	0.218208193597693
-0.376057136712122	0.319747927093719
0.00875582122417957	0.0554651149955908
-0.0362412611449391	0.245583568505506
-0.0100205317004166	0.0543644736780501
-0.0171284090461017	0.0864814870375528
-0.00682927233134543	0.0228650399767573
-0.0838092457360153	0.328797729191943
-0.0675838740898147	0.290432424444648
0.0684082835203724	0.263281116215181
0.0239939041222341	0.0761016200280796
0.125037359986875	0.624287043529219
-0.304415344418304	2.21159479478794
0.00675550247178102	0.019800711049593
0.137653417543783	0.501951026364597
0.0391087145749056	0.0988587154365717
-0.140082498225268	0.423892931019182
-0.140463522812466	0.455769017078369
-0.0947019853465873	0.274816274896881
-0.0240773323692519	0.0598904201304562
-0.297484894308812	1.22848630088155
0.0489001241894024	0.139972861833277
-0.0635876129896203	0.179828639622351
-0.00162100659422334	0.00357541155116291
0.291987353356642	1.04143156524939
0.132074774439177	0.340744384947524
0.0324675713792464	0.0658266529751864
0.332952233720778	1.21885368131502
-0.162055034390778	0.432798532023648
-0.0756795945855456	0.154288445577964
-0.0635869086148394	0.126431507718019
-0.153399712887537	0.391122611563997
0.0190959213847708	0.0332218499770592
-0.115567263038049	0.211388800571566
0.00633303833916079	0.00976973737405512
0.0961426866153492	0.163991919480556
0.00724988641219077	0.0106063013455199
-0.12651208794842	0.24866749598802
0.0152141518033698	0.0213350883318551
-0.0258980877329242	0.043686722281899
0.160095256797477	0.360723925342261
0.49585485536256	1.84279727390601
0.298910058333894	0.644293317912144
-0.059842891616699	0.0892346265977078
-0.16872297769345	0.297324310401166
0.107705339696464	0.183115636050115
-0.201251175921128	0.404990873015252
0.146934894886498	0.244152491049627
0.096128557771142	0.156358220020122
-0.226178570932415	0.447344241036949
0.120170796054664	0.225124341491764
-0.235651335618378	0.443088954851726
0.17966309758006	0.295365139247977
0.367341469097026	0.848154914509242
0.0891119220822397	0.147834862987767
0.151492372348863	0.27547928490969
-0.0746747281934698	0.111667323239903
-0.124543022115693	0.211413775025866
-0.291134649244321	0.40338797849609
-0.154787898678075	0.189343031989807
-0.42436624347739	0.750300813264232
0.584473515831557	1.51182052325992
0.0278738340536116	0.0332921847905193
0.136100833979565	0.202398717065375
-0.739132970652577	1.44783344871047
-0.0734188463846825	0.0991251337142655
0.494586251993316	0.788419907220679
-0.06122751274201	0.0622243814175259
-0.313458446013019	0.434547522727166
-0.0839018165685639	0.0896704421130018
-0.0200217591897448	0.136229224911441
-0.00631162062733729	0.035589515113708
-0.0867671763879396	0.574345598776144
0.143672505356062	0.794725300519447
-0.0243541566984349	0.0816478763738533
0.0234036545652561	0.0784369450590924
-0.10719328858487	0.448756962795584
-0.146141335350382	0.662976732480347
0.0499352956975804	0.194502030101147
-0.0271928528996338	0.0936042362247766
-0.107857595131436	0.406355172911835
0.046317475352326	0.137511138485606
-0.073126615094821	0.201507410465902
0.289966226177391	1.20800798719799
0.340741338725763	1.56203112141133
0.176511216642142	0.623165883921757
-0.486461701253353	2.5844747478876
0.120405023934034	0.347686435207811
-0.0697372362504399	0.191064289197974
-0.211897030324343	0.66812419632579
-0.168878540774287	0.482504211836394
-0.255160719333793	0.674879637520902
-0.0214836210463972	0.0415541084579672
-0.0584939177646805	0.111648932687132
0.125035589868528	0.272525446339049
-0.0322552311877149	0.0593749539772532
0.483148298607326	1.87675970499053
0.00937697532853423	0.0168472311172334
-0.361707152295913	1.05923639224922
-0.00587822417202784	0.0091459849136493
0.345739196053043	1.00781730089965
-0.0653418879142176	0.109221797589934
0.446062294270352	1.44794076247243
0.692837155431801	2.11740431113101
0.10785180470089	0.209559529102727
0.0437968251745704	0.0743293535618189
0.206902227491648	0.389873370092913
-0.215452446075035	0.392758762931049
0.123655133564795	0.245964657269421
0.242705825176388	0.518020129106198
0.162102821570568	0.289665573053989
0.206364296899225	0.425667275883499
0.0309565045346695	0.0456635742830497
0.151826672071405	0.276142733842318
-0.0977186767360786	0.146338895823192
-0.0244908459223426	0.0340474836775545
-0.309055659656192	0.538972611607717
0.104422845716393	0.175183103636995
0.482739826875973	1.06077890904671
0.156974305718149	0.235413135391114
-0.305405798232916	0.627762988105538
-0.207330991624335	0.325752910377607
-0.385877223870526	0.699025400867667
-0.460937801488399	0.939411600007516
-0.430630305485367	0.806712206480393
0.173353958157987	0.256695397564713
0.00878624648983886	0.0112373531523769
-0.0790360147135613	0.110626935368602
0.0338874410088991	0.0447337939329375
-0.434118688903718	0.674419505626211
-0.649596184023064	1.15859216622293
0.038012136898737	0.0354646103183691
-0.280100773149668	0.372996871087963
-0.966987020309279	1.53681769853002
-0.504458042101383	0.6664733904449
0.00413514962087656	0.0245758129790411
-0.00121670020555062	0.00593791716998768
0.0237510933973055	0.0904753049577129
0.0114281564399173	0.0374677909751736
0.0835927470715334	0.339557997276722
0.0709568601574135	0.270653289125864
0.0320239655601873	0.10939231984349
-0.0155749625019067	0.0557867302767387
-0.173057887025556	0.937943562248312
-0.00458830436848371	0.0136460227692052
-0.0689414847703876	0.23237398023156
-0.0353970999205137	0.0903335358817951
0.237386246863267	0.884801379651816
-0.284317583488722	1.14396540090987
-0.013518533323577	0.0305887505991517
0.21050349327047	0.810086214466078
0.383791360977958	1.72747141502449
0.063037794066811	0.16941727055312
-0.087881871628761	0.207725590651081
-0.0436191118970594	0.0841259077998819
-0.00357989544869797	0.00584723704151741
0.0662933553258152	0.137038188909985
0.194400915827106	0.501422720746086
0.0156787188005023	0.0293690731511381
0.0298701856729228	0.0538948825965492
-0.451461795517478	1.80678106796516
0.0386537152123816	0.0664628243255156
-0.299550645027677	0.762533967192035
-0.626790470973667	2.50396622062488
-0.109461962692471	0.213673720886724
0.0014108412090298	0.00230714329534041
0.0814647205268906	0.137322279156563
0.155023405313825	0.304649198839806
-0.141006950642626	0.272177070269649
-0.12559352231975	0.225016940721264
-0.181735145613227	0.338811773689228
-0.340391376310407	0.757896526510457
0.0785909847762813	0.119999402051534
0.151960039310714	0.27645825281946
-0.0603754171667137	0.0956474709310242
-0.0397257810131067	0.0572530702063698
-0.273406334585603	0.559299850176812
0.00614815780034997	0.00809932469608683
0.0406286851325875	0.0547295944282468
-0.0740464023438076	0.100072719577424
0.367867860951754	0.778875070150642
-0.0959430010192674	0.148550497187348
-0.254922881049304	0.428396258646754
0.0776547730803822	0.106690733501509
0.288131124464053	0.551032712369923
-0.472305455911667	0.838558454627555
-0.05352902702174	0.0772955597731665
-0.0508346680577182	0.0615578327577876
0.359287889793637	0.650504272846123
-0.349753918665699	0.631213366495705
0.70828867274579	1.80283795187813
-0.121329504331331	0.148110006530728
-0.105948504567865	0.129228639747324
-0.0223973471180616	0.026014773317219
0.00889036878798771	0.009278870751919
-0.232525293841502	0.344071361536484
-0.260141091823393	0.373429053300775
0.0851824214346814	0.0748472581690533
0.0118940780193271	0.00964151995933294
0.0190700407611572	0.120517183366133
0.0330588267969675	0.1941563061974
-0.00766459192847997	0.0324826515473412
0.0116842784987867	0.0444910565545077
-0.0305632432364541	0.132727471075944
0.109150056674386	0.640114384637032
0.000636654669029931	0.0027541281930117
0.0200136654254948	0.0887526034981683
0.137432499408738	0.765201478700035
-0.0050385296159149	0.0162846994022924
-0.0526241264588212	0.167073422127032
0.00771099002190897	0.0186028076847033
0.022753410800021	0.0600627335164019
-0.0595571690779669	0.172142695692514
-0.0518270961541073	0.151037719294555
0.00399431811729847	0.00934143866259488
-0.0896840479174588	0.25448777117476
-0.000875563395024907	0.00163946849219808
0.045777130839714	0.0939054891597634
-0.280940840223769	0.7362293706601
0.47363745243831	1.48559195757475
0.0965019445798185	0.206810486946251
-0.466940989825859	1.63777258190124
-0.25905146658635	0.57900388897956
-0.0796157889550179	0.153429876114204
-0.0557248394682665	0.0996580052021942
-0.0151189371693092	0.0247979996163444
-0.0487342882885608	0.0906312523869178
-0.22726200108024	0.513709227594693
-0.0898605454811701	0.170339072457131
0.220381707118291	0.587114277570048
0.101517893391062	0.207797213814421
0.224786062790626	0.522124833238724
0.231173415761672	0.509818896418641
-0.12880156281226	0.212843794663331
-0.339683219910131	0.62972632028877
0.189554123569005	0.326909635482024
0.281209262585195	0.620737780075668
-0.484970358182398	1.36214420101093
0.0466034322221374	0.0668479243431728
-0.0889435033318308	0.124724618659409
0.691267958260387	1.83025480063317
0.416492039214332	0.969423831995134
0.0900466153840062	0.122105134395365
0.246091471816943	0.371031207266211
-0.0271363380272191	0.0327227085900995
-0.147022613321049	0.201001189280981
-0.137944226010275	0.168676408276182
0.176284983659109	0.245141072376441
-0.338179582299811	0.523332016530364
-0.187660563939606	0.239532875924895
0.0970603564371608	0.134487242910673
0.236058648587829	0.377372331674972
0.306862216977943	0.477772489924016
0.130855900726516	0.179822377299721
-0.251697451710112	0.435876561357654
0.516247641327069	1.12582340557089
-0.0343937749969285	0.0400116661207519
-0.0462108714015117	0.0470681677836288
0.26339059829567	0.328276353466028
-0.135768888332378	0.144387787253343
-0.175382284594946	0.154534299751699
-0.0628878644895312	0.044360246358824
0.0702478956105504	0.0594323979885823
0.00657570313260756	0.0403551461711702
-0.0806375409266903	0.615114538723983
0.0418331847238253	0.212619876691363
-0.0441533699422734	0.241884976456946
0.0576408413054398	0.331246981490559
0.0892010411413352	0.61993007739358
-0.0428586354701533	0.201360920443545
0.0781859188123278	0.351366076229867
0.0215734753855487	0.0732362029522097
0.0665762873351586	0.220171605009237
0.0684401842644796	0.189935923650507
-0.0913581427800709	0.272607332361686
-0.0355445064126324	0.0928911304543156
-0.0769330422388184	0.226656971958122
-0.167842933960587	0.626022415717335
-0.0483615201922779	0.117789236640808
-0.0932684938136852	0.188406221457016
-0.414396433191461	1.41077039409176
0.0553873644674276	0.0950350437785275
-0.218676832158216	0.4629170745497
-0.083892436040403	0.161894736910541
0.328797909108526	0.895474626626584
0.465405789363619	1.354671178646
0.206164428724764	0.53779490472059
0.346560584442835	0.979641515562231
0.418575005266567	1.23373087582097
-0.478386205857374	1.70638068429891
-0.0184063745827957	0.0355254896935574
-0.24759479834116	0.641009146461312
0.0189932284273967	0.0386220487490154
0.0936170501916541	0.198551844400377
0.12831923353689	0.249069041939424
0.241065099497078	0.571456537672326
-0.0672475972802043	0.103669891914129
-0.182894726630681	0.295693951632865
0.239913807393675	0.500412305758306
0.00731446845274012	0.0107016167871429
-0.111186811836534	0.212473377607826
0.109425885675093	0.177502884131577
0.0194609249866042	0.0246259457096478
0.0708253661526669	0.0952755832784004
-0.366821613019561	1.00385771329763
0.162638040122379	0.248897595403149
-0.139301082143004	0.216980944654275
0.14145120812772	0.214398305090884
-0.289155889507917	0.430778670495127
0.524904150102625	1.01313995588578
-0.170292466170754	0.257879342737556
-0.40260021131077	0.60306378634343
-0.105757269069093	0.123866764750905
-0.579843208562989	1.09917733088307
-0.159038925388138	0.225226777793096
-0.177666054353332	0.313571590164127
0.153376291764106	0.262686389791321
-0.469296452118295	1.11316036776319
-0.0926701844033945	0.121285286454745
-0.428925220685562	0.642444393390725
-0.199678591786728	0.199081938189419
-0.713314659927012	1.05925773849776
-0.175521015452709	0.154687651961999
-0.0627782419331492	0.0442876741446585
-0.719833789048769	0.767669262259195
0.0345256255596464	0.0268948341119332
-0.224389641716655	0.149312226642465
-0.305697912692534	0.282758633179638
-0.822806187928571	1.02259290000407
-0.0286119390561493	0.194843350342791
0.00757094785137831	0.0396055322779948
-0.0693225051298597	0.453490445165023
-0.117777298067162	0.831118737547986
-0.046535738301692	0.241407925522257
-0.0318353718885557	0.13173272439566
0.054871753269825	0.210194379272581
-0.00505315142247469	0.0149226331541602
-0.177915100953519	0.710123026322794
0.176014028435602	0.592517034193134
0.22729970889153	0.854477838489635
-0.0548788699093439	0.141232368842514
-0.0387153641699505	0.0940935319748218
-0.349379528508209	1.48024732842044
0.0372297614776298	0.0902381087788722
0.328826795634573	0.865372747977318
-0.00775089707842171	0.0143366931362554
0.176107128789503	0.359044597359698
-0.432269541070703	1.11309370364699
-0.429334925256725	1.14946822073138
0.215027428101935	0.426852703818503
0.0578705250339232	0.0966550813710047
0.108016751581244	0.209928918369512
0.0153537762124284	0.0250710459701724
0.126124845998306	0.230204974063106
-0.0344659411247158	0.0583068701885296
0.14317081415444	0.310470938934085
-0.133252213735543	0.284763407236363
-0.453570355994515	1.4948951949535
0.135691724173068	0.284938265850576
-0.0865800146722141	0.152999271436549
-0.430696217635883	1.21896024774046
-0.375974912917032	0.759835518011968
-0.194282488732695	0.304693892189961
0.00825391600711475	0.0124849139149406
0.0514106461717701	0.0780263847049553
-0.109714908672714	0.214262943728846
-0.0031318206343445	0.00448268041661689
0.18310115588749	0.30602793867558
-0.145712747203873	0.212881357399101
0.145391816904617	0.22427519533289
0.17906993839663	0.270664333241706
-0.508336081532088	1.12451127854777
-0.511109236450929	1.1593516138672
0.143519076620218	0.179979234760747
0.246036074053906	0.370970717424887
-0.309358241874843	0.461637360485384
0.14353861296564	0.180002871546397
0.193809368296551	0.264062330427546
-0.422929355053499	0.60969206716312
-0.196516649465877	0.298715694732587
-0.125057069122941	0.200567952142101
0.172758539544396	0.299382490052442
0.339660189345744	0.663482981325717
0.0660793112428076	0.0756190728293309
-0.205344204172807	0.292859860051992
0.153662163794464	0.183282976845676
-0.634944633785415	0.797235917916143
-0.53980876271202	0.680605270681626
-0.107522092874922	0.0823209484087148
-0.0947528461649672	0.0660066799660536
0.0828329756514571	0.0645368635258884
0.301750835875583	0.368930657652095
-0.342798506952803	0.356892617215083
0.20989121863137	0.163441636880746
-0.93180479874251	1.09131519015588
-0.423963678572447	0.438292832917724
-0.0124512382645726	0.0800757466989063
-0.00645031713160572	0.0347987167365651
-0.115763599295059	0.824802111069325
0.121217072907025	0.834006072804845
0.00387340727645457	0.0141916978733011
-0.117369317226811	0.519069799906302
-0.0510224367337263	0.166220342863367
-0.139849076461943	0.471152902843838
0.230781954693359	0.918284434243846
0.187039322111869	0.753790622900797
-0.291519714895744	1.28232022610876
-0.0330972630695001	0.0828154922760878
-0.145532196768476	0.486046452816288
-0.0659706939940625	0.1857662317319
-0.195694009262299	0.653500644998512
0.0835685814246637	0.202330338600167
0.279325759594094	0.854365560530475
-0.0668591111992398	0.133019040496988
-0.0784113746283814	0.173619003997059
0.285917170155278	0.805093151870578
0.0760568401520952	0.163385273529735
-0.088308570577103	0.18130879555994
0.527413783226087	2.13907165448055
0.0679869933722242	0.125898314525178
0.117992700514648	0.239550337009736
0.106171424420367	0.221729396722685
0.0595290467842214	0.103573707760671
-0.094851977583397	0.164197223369085
0.233752449547029	0.575768154716049
-0.0389448070013452	0.064535496360897
0.405773832893332	1.09465519928805
0.366721562090531	0.885404959449678
0.237217569212935	0.545712298269876
0.0217937867337199	0.0333949003709423
-0.0659970929593417	0.10757323565796
-0.0911996707542879	0.149487352942744
0.128624891347873	0.237661656996098
0.494548215827167	1.2293143644468
0.00565932185186793	0.00797920097307546
-0.28900778863016	0.562960628262582
0.120543762003186	0.180836994010026
-0.0534119467458277	0.0771147146554074
-0.348722490233943	0.739216140592106
0.281044166652399	0.505525444663407
0.317035863124183	0.648372086267765
0.220563575562599	0.363337446559509
0.367587673149332	0.808825547941842
0.310592217543764	0.582641057021988
0.100541712734112	0.149169549960674
-0.0687062352022599	0.0994069726338916
0.240001549045672	0.35345704803166
0.0356824317139686	0.0493990093948637
-0.215602962118041	0.318146822854151
0.307166429630171	0.557816462700126
0.160597066618878	0.227497799125226
-0.0173151876370172	0.019326832506654
0.0788028795863744	0.0879193041297893
0.0281789356039433	0.0336697855537709
-0.43806431878788	0.867393083784716
0.126641312724421	0.138729871835457
-0.709055262630482	0.801367041113006
-0.406695589439256	0.468901815242271
0.0725754685115513	0.0680613198180048
-0.38467152808199	0.466429912340546
0.238064496016094	0.31066741984043
-0.554158780265653	0.892818471859412
-0.831632763062585	1.37807705458526
0.0033128312024463	0.0199543058957107
-0.0293745033129143	0.17804976663333
0.0248345389248812	0.125871243993803
-0.0113438254925103	0.0445827813767113
0.0571123385492397	0.22053385286152
-0.193653878558664	0.978495493680099
0.165196128980591	0.6583242550581
-0.0369326246742735	0.0958913593083293
0.0100277322216098	0.0231328190231309
-0.15701800738282	0.518826490411485
0.00983743760069559	0.0231089194581626
-0.258617304990606	1.05942426282372
-0.275644622365689	1.10061603062912
0.0163011168143276	0.0322866563196338
-0.159609822674937	0.414590006365266
0.216534578098699	0.51741457851662
-0.211997193650451	0.532324573883725
0.0608153014067542	0.119864679758011
0.104073838969999	0.223294539833618
-0.149854598089442	0.309939883069224
0.33082838549982	1.03424551476795
-0.0807992325188162	0.146000469320199
0.228141067327633	0.594755337880211
0.168411182550756	0.394916472342764
0.33057565918407	0.997947517191609
0.0705681088300437	0.136468190867205
0.0200196188663274	0.0348863655727352
0.184494551219012	0.448738168480446
0.0124322496704552	0.018482190640607
-0.0699831953081978	0.122940701406757
0.009303816911169	0.0128183479997833
0.0918937954054891	0.139680650188722
-0.118970341891258	0.212786296765196
-0.365908041524745	0.930085548717993
0.182293730979507	0.358094870099438
0.199596074420075	0.396655651974119
-0.318217636027158	0.705665688901295
0.102863994434525	0.137378039592027
-0.111933914862104	0.173656477184809
-0.310422110321188	0.573866600901648
0.204909830865865	0.34621512220012
-0.175187968796369	0.300247632137094
0.250901515414315	0.344784727364593
-0.0167924861714919	0.0202188072845467
-0.423903364438682	0.749084002889292
-0.225839471130414	0.344776980378994
0.35928499002527	0.650514667684169
-0.241997836900553	0.370194639745632
-0.72491724834849	1.66885767629483
0.00575577788443554	0.00811600383476337
-0.461252213101928	0.94060656313134
-0.524838785352544	1.01989566427245
0.0175907652681316	0.0204653796041091
0.193331050582191	0.263269587091903
0.0202204768171574	0.0193803502303878
-0.00741570809188677	0.0067582717519894
-0.475829377597483	0.65746746802329
0.00925020685344859	0.00805555822595457
-0.396012642189208	0.50300171911408
-0.028579523791075	0.0223861076778404
-0.14465020813488	0.119174684691225
-0.0888915345539004	0.0741402455997
0.0598444686737435	0.0542528412127396
-0.174755916939228	0.164522453662264
0.259774849302597	0.248760927301079
0.00157629245933854	0.00895246932494233
-0.00619829870473688	0.0309953186590933
0.105084065622422	0.615796078521329
-0.0387818823429963	0.144674593779039
-0.00707881467289901	0.0216471895406053
-0.0366698941823066	0.107144800720095
0.0290710501520702	0.0761595424062116
-0.00404126985186978	0.00936694753767487
-0.142918895795729	0.453707696800904
0.18360380767285	0.626763797194335
-0.202444117755649	0.667633142704472
-0.109984963924887	0.298329157543482
-0.249051864450685	0.689153836485892
-0.00554380067780995	0.0100556326525811
0.154841134234605	0.285510885199609
0.0818302663324805	0.160174541180217
0.206826986045852	0.465523083355141
-0.283356899435523	0.717156815322632
0.103473911920521	0.189263411124707
0.161614824068995	0.365221063135454
-0.191859914769273	0.419983128282367
-0.162126404654994	0.315459757812931
0.0728426832737777	0.13315498491761
-0.109902270257931	0.249067698596995
-0.0402607161944814	0.0698547271942549
0.177737887403649	0.41412114574585
-0.189359857375156	0.463055617982899
-0.314558913897713	0.758435598442034
0.365470747558028	0.956175206074848
-0.205571142597718	0.364220150251869
-0.0303258369256031	0.0407621177669333
-0.101343734625764	0.161942240696004
0.0314528670283079	0.049696309147304
0.275753027578184	0.682646302948409
0.0884812383032271	0.13969524601555
0.516213551598866	1.12574862674952
0.265040402096242	0.501859144425687
0.0313156358258651	0.0462128555369778
0.184445105950681	0.284530576916786
-0.339922065510559	0.66617655191767
0.240212120158179	0.39155574391947
-0.0656999113283522	0.082632091013516
0.488789314502277	0.939777868583952
-0.149497993319282	0.197475068461777
0.611380564287247	1.16628912179818
0.184968539105137	0.221749253490784
0.115181398151442	0.150934173697399
0.560504515515168	1.12858690137543
-0.0234621582003223	0.0293214061736315
0.184365134155934	0.284421939123351
-0.489566808980181	1.08093163204529
0.648863885882774	1.54099503527601
0.541190575480428	0.886700248639147
0.404099075375372	0.541229254681908
0.33342244030319	0.343750809956514
0.496809551941544	0.774837596937506
0.241739346750726	0.269946048161529
-0.782726391864074	1.29904309930249
0.481418339882618	0.500560347866536
-0.686762524177882	0.508259419397331
-0.028718268869776	0.02249144487446
-0.0436841567042478	0.326638057061333
-0.0336670240354271	0.195888589095463
0.0247013397561011	0.101971497481732
0.0707685638307105	0.310622189378847
0.124572223390946	0.520560999267425
0.125011143767801	0.462352461519181
-0.0873390462203942	0.283056498418115
0.0515406450182051	0.149177544293864
-0.0853725084122036	0.275736732137987
-0.105424452049362	0.329916986196724
0.086056848843995	0.254149722951018
0.19833791077479	0.551597248862078
0.343780608033456	1.20029341156633
0.0659851008607242	0.125022776511946
0.0894507234093145	0.180651439708552
-0.0417682711485658	0.074182307735839
-0.211417587851377	0.529963266330299
0.139744733328461	0.29936498819635
-0.00689576628987477	0.0120348698129159
0.0151730418590926	0.0260553848176447
0.0195241565314849	0.0323179451193337
0.0710438820583643	0.133125759248257
-0.120058276817772	0.250183651299281
0.0912986368798619	0.191741280667709
0.00589006788541308	0.0106734065928268
0.168812414424702	0.395948213041065
-0.307137507614627	0.67906753029734
-0.132895168225891	0.273032821147967
0.604212837186959	1.91161587803337
0.0563439960638184	0.0868743975256068
-0.0745078063180529	0.111387731671703
-0.266423586118504	0.517265601576544
-0.0320537290225332	0.0516333898967906
0.320858103089983	0.699600850154994
-0.430382179975336	0.96950656866953
0.295427958213487	0.498374060229766
0.38797712465641	0.966710332908846
-0.171867779420861	0.277393512449785
0.30715091467003	0.557678228146674
-0.292549138284325	0.554968099962714
-0.420701211322164	0.721361661805348
0.0362025866623468	0.0423140216681043
0.357136514145115	0.63458523171255
0.41336944901204	0.69660449940554
-0.524920869120755	0.992117898619293
0.186253864815263	0.247255459537015
0.193480456391104	0.263524592372949
-0.0385016722905401	0.0536323224305071
0.0405132578796041	0.0545524152121682
0.0712391275463605	0.0958456999734807
0.184030136403269	0.283716436629481
-0.161849740660214	0.221757296778647
-0.326440522601716	0.434615045965071
-0.12071745354814	0.13517413047832
0.494848033536838	0.789004780947987
-0.690576275157476	0.864468192234261
-0.381182956621301	0.395568616073946
-0.267712316768068	0.248880599658532
0.399715905368462	0.309723545765256
-0.890007197187889	0.758124032531201
0.0202152693288421	0.129647974252564
-0.0278895905862288	0.165286921815557
-0.0295539642188422	0.142520528920701
-0.0626829870336858	0.274138103272458
0.039376615944013	0.140242710537632
-0.0769681340587825	0.311615908183072
0.0471348022612308	0.167930244578669
-0.025759207486134	0.0897775337212348
-0.102041687218173	0.398563402321447
-0.0826515894835659	0.304580304789865
-0.0529575042558192	0.13728783326226
-0.197992460649832	0.637691059445306
0.007509515512549	0.0141738785827592
-0.166143955096948	0.394571523080104
-0.132994648444524	0.30039241279228
0.117567703156646	0.284517673044807
-0.305467706883435	0.849402274394132
-0.221363683306325	0.604269320589194
0.0498184986270284	0.0968425080727691
0.115900843018506	0.26977594223673
0.0239559285922902	0.0487960547999351
0.0837370501297053	0.206977485681365
0.264503908195184	0.857336871426887
0.188697345428616	0.54401729985036
-0.39260627195675	1.49949628233567
-0.0758147964624101	0.151790304128054
-0.281514205853306	0.738460783746418
-0.0314478596727026	0.0494052134031476
0.115308167058575	0.201863336415912
-0.0397923697068269	0.0722225399997127
-0.263859908382576	0.627424581714405
0.0408680383985448	0.0622431246266948
0.325460620412679	0.785094841101495
-0.0227228910188567	0.030505386070703
-0.397406319231012	0.826720498793145
-0.117694568692433	0.199724556654796
-0.269771982548378	0.454519739172154
-0.159708253121734	0.249436462948557
0.142190392533885	0.232341883846493
0.0130258217519425	0.0143747977707686
-0.353895652708859	0.694097836086887
-0.391439234380306	0.730332173906561
0.419969699157823	0.769266650281249
0.295706007008994	0.499067028149976
-0.280040000098383	0.37288549422232
0.749881796458175	1.91848715376324
0.480839432116433	1.07162320616586
0.470094809633506	1.13087843847348
0.638062634203963	1.73464832560765
-0.133591270925077	0.194723429335705
0.566574373483674	1.07622738556387
-0.105963511587566	0.129243653669763
-0.0175431146971245	0.0179080221226249
0.305072704500763	0.38281843786098
0.0240773258849118	0.0217122927358102
-0.653472051343278	1.12730614632357
-0.479748766380914	0.522429797614951
-0.51053446509302	0.458154101091437
-0.176678876023807	0.14452532449589
-0.928088570161152	1.25765595429069
-0.149461207902027	0.141185759163432
-0.174661151186857	0.164418545608646
0.00139948399194224	0.00831392471695985
-0.0421115084649374	0.259886775238819
0.0317013642348762	0.137539126317563
0.00863047137026824	0.0298173317521065
-0.0743031686630811	0.335642885788958
-0.0227592276619881	0.0805506751652691
-0.0950527158866135	0.434913411873305
-0.022969529266369	0.0767931566152072
0.0133858456594432	0.0427314489487845
-0.026103981200177	0.0651241006597155
-0.0722056842565879	0.180595935752427
0.147484259944908	0.420012327804026
0.122997217787882	0.313706385077556
-0.31868015344614	1.11141631971248
-0.310894711389431	1.09099238669856
-0.259049321666585	0.773889896099515
0.0295500548183019	0.0652930445342931
-0.055967814552101	0.121993659627388
0.181202373349296	0.479878363282998
-0.0807513017119663	0.206119082769386
-0.132811141767843	0.368185924632095
0.0469933509977643	0.109353578433979
0.153481400790323	0.504842125456478
-0.0973473319429495	0.255392238363802
0.344076892691083	1.21588979304454
0.156307725184195	0.410363644236388
0.0328153754656628	0.0598622606692011
-0.047715185169179	0.0752748171253574
-0.539601377789947	1.89422929439545
0.486560356449269	1.8707203229843
-0.280860217206039	0.847855833248
-0.469849756757532	1.46061165055758
0.062614928061768	0.0945909428910608
-0.347699514084452	0.700836661683621
0.46164747878537	1.53409832120911
-0.184608214015899	0.361637458486342
0.0581491138612053	0.0828241618784143
0.4056876878029	1.09433117137255
-0.259494597012944	0.398144123462615
-0.496024484970279	1.15042458884834
0.0468523914832462	0.058847661786202
-0.200020445609194	0.294588905537053
-0.0467188776814468	0.0629441012766049
-0.0305826416833243	0.0341988930274318
0.423263226237165	0.833565440993946
-0.487275182061799	1.29046967806268
-0.0957992652588832	0.161442190704252
-0.0244537629358784	0.0339945249169827
0.276274926115883	0.575121422220875
0.123299843511377	0.165561094657958
-0.120499909316115	0.134812560732703
0.229022611086083	0.241023310308979
0.74840360542699	1.19960245523226
-0.354381721247719	0.430578296918223
-0.819303709765362	1.21263237100206
-0.0974116823712906	0.0869229104424783
-0.510548702755507	0.458105248700294
-0.265438197847895	0.194015088063721
-0.880530609108823	1.30049005460688
-0.175138731189726	0.175185142603209
-0.943533596861782	1.55648251634971
0.0297059911512057	0.208158076682399
-0.0600129380588059	0.398729995378391
-0.0780065429201344	0.409149066617865
0.0369379704664867	0.165472561980464
0.00860694618377517	0.0330515624195047
0.000493029249813162	0.00189063580673928
-0.0949099644594286	0.455099478597619
-0.0126494214002347	0.0442670059449275
-0.211144225993762	0.855083408226412
-0.090758922472335	0.25319399912021
-0.077259045144028	0.187850045566591
-0.0676773831048169	0.159021314496247
0.121920623945562	0.346671235401286
-0.00170400458370197	0.00351996521395976
-0.15733873407709	0.402094968769875
-0.269981678660525	0.954770619811486
0.0338615075055502	0.0749695478117469
-0.0893978596867595	0.219849471902278
0.163463353550227	0.529772200407393
-0.0669126837561376	0.178169118149898
-0.0928255387866682	0.254971629955944
0.00524965748378169	0.0121285293299237
0.0530883684157937	0.137086303342635
-0.0317432472095097	0.0648912879476685
0.185763604818264	0.506228216737435
-0.24862736985446	0.676851147183038
0.0729669911402677	0.119398475685886
0.0164137599064622	0.0282472762241797
-0.223129491650488	0.553350528912494
0.084153811343315	0.171616929866676
0.00428235390873694	0.00691044746217508
0.192889288768073	0.338074375972694
0.0959885735627007	0.139921928062229
0.201568075935805	0.439570926727417
-0.712670502818324	2.41834619147271
-0.142431578299969	0.228948676319337
0.258848873770116	0.468358490409118
0.41783550803616	0.961906746957632
0.0769954683326138	0.111046517934969
0.0194045481163783	0.0245580359114565
-0.145433855745443	0.212380098638419
-0.240750826787095	0.344825670621715
1.0054553293614	2.44381917211168
0.710506120754946	1.58837527877251
-0.355882382474199	0.774625375981874
0.118555100046897	0.210370952081885
-0.143074743720855	0.230162559168483
0.32884040247851	0.580553680712207
-0.524376450595142	1.04731362292002
-0.218406948499606	0.242733604719497
0.0378760701582914	0.0353328334969411
-0.657129306893612	1.09498305156858
-0.394716582240987	0.432436559728418
-0.358404188884998	0.39364342441622
-0.252974536526994	0.203287052328415
0.399616091882099	0.370368938846726
-0.00814076699264282	0.00524748175727083
0.403903488296415	0.500882386617798
-0.121365644102057	0.107928531075301
-0.0568598520915846	0.0512135823028023
-1.62148679616653	1.98321598705199
0.047760067407173	0.368107541718885
-0.00935228934108124	0.0502627261458029
0.00360878928269907	0.0177097248998939
0.0439570621320426	0.236283861850881
0.0502259766348988	0.28799864194016
0.116343124568601	0.684137549295969
-0.075929982305349	0.389662634525526
0.00309277539779628	0.00910894846608961
-0.168691525091968	0.681756982736794
-0.138612962880635	0.444819710713624
0.10877064631238	0.315205050135929
0.190265565780836	0.671558829085959
-0.0982662574871488	0.271543603865454
0.173863935814878	0.516761582324112
0.316868515702507	1.26171491662776
-0.0878629584679468	0.230718058433726
0.275543510068551	0.995933398551755
0.0425142270259307	0.108939205977778
0.0947076173662143	0.274819603600034
0.086530427279282	0.239235104521497
-0.189690746025539	0.680288105564926
-0.140576105995535	0.437378685452272
0.0933811342609146	0.215352911461797
0.311468628916396	1.11332932117388
0.364636774238524	0.989166907661324
0.0535425522302012	0.088145816130624
-0.387188839652631	1.21594127435407
0.00601689322525041	0.0104626026855704
-0.109963946084785	0.214824716161208
0.112224666648586	0.222584186996711
-0.300363414735904	0.648638551968946
0.256670349509288	0.457208744467627
0.305264172474303	0.720388709492532
-0.0259994492734845	0.0373467687204665
-0.205848801806466	0.364906618718767
-0.0866136396082495	0.13802029517381
0.0299819346825055	0.0424918751925119
0.102840745780993	0.137343842091972
-0.0750202149723236	0.0876582575898178
0.214154002872271	0.313812243780397
0.558736416749952	1.14606306697565
-0.269932061538931	0.373780354786899
0.231541885085462	0.362702356433453
-0.369716901469587	0.727325832279726
0.223854542004635	0.420608444892176
-0.636107550826532	1.52653998512607
0.272572907957304	0.465131501165103
-0.417556352936561	0.693799038410312
0.117058832601509	0.124521157524117
0.04501690328832	0.0459316147486169
-0.701669248378761	1.12640434834155
0.875935834548949	1.643237653701
0.642623795510044	0.929717116730616
-0.536647806621522	0.645404768528972
-0.825313591982397	0.599686009158765
-0.298946691877838	0.237766403306769
-0.499022417462243	0.630371708527026
-0.198170714935666	0.209250203782491
-0.519078688248974	0.499013523084759
-0.322202951136644	0.232055249653008
-0.232640134774984	0.344268528371946
-0.490250819397829	0.762020661913689
-0.26768448601209	0.341915520176581
-0.276491436658668	0.28933232484494
-0.0107377239368996	0.0652344037387893
-0.0697663832633055	0.529450281380113
0.0599400501954523	0.341440850658102
0.00468389828755555	0.0200034210390235
-0.0192994014062897	0.0709078839601335
-0.00304789889958404	0.0110162652564291
-0.0904999351459249	0.352910783442341
0.0722052313221489	0.22357111712774
0.0165609183250889	0.0375902620794053
0.0261181007927116	0.0620755709696785
0.114475708128725	0.340080854511197
-0.402615182707774	1.95673780715479
-0.300068550486331	1.05904281458398
0.0677164732833144	0.168191457989198
-0.067325156485599	0.163908263054645
0.164366760146988	0.480461594038207
-0.0310580914541184	0.0702349569320214
0.309522799488676	1.24647280193058
-0.126524729598137	0.348922711976139
0.0429327527358301	0.101099513749301
-0.220541000605062	0.700402486727504
0.168012708819995	0.413911520422887
-0.0348075003112597	0.0690232234632847
0.132154829482423	0.309213403911373
0.181788450845157	0.407989811680276
0.00652412926176161	0.0115988000880835
-0.0236679221013049	0.0389344104308254
-0.321626282866105	0.883418505007368
0.162572637197176	0.349849088398364
-0.385284936761037	0.758981367677681
-0.0182869208842735	0.0254161884082181
-0.0952898683247301	0.147379628396491
-0.381618333578476	0.791417411260554
-0.39714724868842	0.82592252157144
0.103222347863798	0.145962357008559
0.361303951067593	0.666290342889176
0.364420385009759	0.695536109789344
-0.119673891077938	0.157395335770231
0.244239142893267	0.405770951135539
-0.300276967661808	0.43178758150002
-0.296499545065279	0.456905821501914
-0.259784199872551	0.372782705848753
-0.193624794175734	0.31329895573151
0.291520367236463	0.481922168048491
0.528747390013693	0.961310806874015
0.00904333538303648	0.00944016377016822
0.126356314812145	0.138340425600734
-0.120857940087808	0.107495427695879
0.161589277727132	0.197974459534339
-0.354401592085554	0.43051771297708
-0.819120821635592	1.40712225704012
0.12298697380633	0.119945045644836
-0.486837523861143	0.558533772033316
-0.299059469801772	0.237866335471971
-0.0392257806238344	0.024871844928722
0.533363779507018	0.671140274357295
-0.242040247509316	0.268426555181202
-0.176245553030565	0.132136577788048
-0.325523002325715	0.3201322802917
-0.149426633564816	0.141177441649199
-0.242780958197465	0.211546092539593
-0.325593993894128	0.320257371091464
-0.267709811256425	0.248921683147222
0.100447377410256	0.0817675762381931
-0.044013859810581	0.037089152709732
-0.472071844273604	0.837999584644364
-0.169379642282141	0.215929491385775
-0.119622291089815	0.157317020057259
0.376877528362384	0.61903838577747
-0.413376331734742	0.664467696648747
0.0797217261613437	0.0890084143135769
-0.387651175362142	0.537152296703254
-0.104014976890422	0.11653092294936
0.078896257401423	0.73992848070661
-0.00476809419468238	0.0253835061793675
-0.00522820503483406	0.0241653841511224
-0.0128103046949001	0.0481237702406229
-0.0601771415504709	0.284756502088449
0.0274832066465804	0.0938574509893376
-0.0439703812233036	0.129535908648402
-0.185976930312444	0.694502303295049
-0.164917255341148	0.584487550368304
-0.037820434843347	0.104276849604643
-0.300791675268028	1.34226101395691
-0.288355409579528	1.11406116095485
-0.308879174702239	1.28478217170821
-0.0694281634542671	0.175043040339569
-0.208955222421633	0.672152397307706
-0.277471900067304	1.13729004780451
-0.0482084210037389	0.114974934354281
0.0743498498218448	0.183761336673551
0.236235472924757	0.872229491942623
0.166882994392231	0.522892773541293
0.403172702159979	1.57632862435414
0.251477634186087	0.79490127322116
-0.188891404377343	0.461573188930486
-0.0710976981668843	0.141866944745373
0.300370134450711	0.861301335180838
0.195705697432129	0.44437116163189
0.264935127667386	0.679468480502958
0.157359924491093	0.293880693128521
0.156448979245994	0.271861388221822
0.412824701093246	1.01762830941061
0.174773622236854	0.330410321087422
0.0884769616540047	0.146656369548193
-0.430777163744665	1.04008818184196
-0.271350679041911	0.568420092361604
-0.309365987959977	0.539780596128233
-0.410791838105473	1.01132652062163
0.552207981123386	1.41532740724271
-0.147014573089474	0.221985651959274
0.0450314197050642	0.0587761885929181
-0.676186971113247	1.74389779856666
0.424416663267906	0.890962614125025
0.0286886386494938	0.0357750108107979
-0.205350603033519	0.332574696340875
0.354265753005839	0.617043162795714
-0.0488771659818766	0.0635551022622793
-0.00506351947979354	0.00564470740449085
-0.249781127821562	0.345506574196217
0.151946987870194	0.195586678604789
-0.37735519665567	0.564881578649545
-0.0120102798954336	0.0128544908980598
0.282403067943911	0.38937793668622
0.267052272188292	0.264880672319329
-0.0975105998955335	0.0871047128034748
-0.394775897295786	0.432467546364196
-0.300567250807539	0.366445267487479
-0.135766856130602	0.144389470585603
-0.481835425975045	0.693393160136889
-0.835321107331087	1.18667143671101
0.467314861567148	0.568188602224724
-0.354851518365537	0.431125617865567
-0.424120006799618	0.438546427160986
-0.131635619759126	0.132476685575298
-0.342656921991628	0.356584049751049
-0.284651825630763	0.330896632541357
0.0901427862794218	0.103600521212723
0.0138610779416906	0.0153113134850055
-0.875039738824813	1.97183179731944
-0.0577617184187386	0.0646791968266598
0.0130958094062501	0.0144554164279144
-0.0167162444710293	0.0201230719956124
0.744167052726009	1.72635537668706
0.450641082378933	0.779418228822864
-0.176063124755047	0.196432125041754
-0.421030551087921	0.721988231980136
0.023981433587996	0.16228865708102
-0.0221559020747423	0.119115447949756
-0.0343895371489842	0.143313113187949
0.0375918189918525	0.166939007968571
-0.132686784195296	0.612198148494204
0.0827587302273187	0.270487089831632
0.188026629390349	0.720740674169853
0.0853893925644353	0.257223755077972
0.210716007703247	0.83167472383906
0.075449634341256	0.225384152158079
0.194374336968757	0.66477277044347
0.117332288934333	0.352909582314023
-0.158486738627929	0.48377068639306
-0.174751478440236	0.562475413447949
-0.0832672298385285	0.238265938757228
-0.284928800049148	1.1744251049426
-0.0350282106070587	0.0813959387247549
0.120473773131543	0.347936000673421
-0.0853395578828558	0.232424246309687
0.382436787245407	1.37483987050708
-0.138253271171699	0.333948628410551
-0.00354641906550331	0.00630816760564595
0.0686640318736795	0.119324493175873
0.0507552841201806	0.0988365530811646
-0.261734771048363	0.657913617595978
0.218671555683191	0.531856326653515
-0.105411965598725	0.187651380324243
0.00194789739770844	0.00280374474549275
0.149889250483617	0.252843760785633
0.00430320117619295	0.00642068623654957
0.592300459639668	1.64725811552035
0.343110264944919	0.746831452877888
0.0509433300077892	0.0772699948476275
0.182932758056814	0.305718695127073
0.193084497639728	0.338474206969696
0.0957166911004652	0.139514236621319
-0.316888391635307	0.569549345326706
0.0856841744377145	0.108926259537566
0.193406590532064	0.309919427215388
0.408403368627868	0.644236154528322
0.484986765988596	1.03439934788559
0.145018836174276	0.208606225957358
-0.00506351947979354	0.00564470740449085
0.0708253661526669	0.0952755832784004
-0.238328241815208	0.317138509679261
-0.26758215602148	0.341555415526129
0.934338191908919	1.65614238795742
-0.210929077304361	0.258096959106883
0.13358145235954	0.134534467238697
0.28307696972127	0.390707625915394
-0.144264953092572	0.118860325726088
0.313602951066786	0.278625519811423
0.313161449195731	0.27812310300322
-0.14695151628768	0.13014571170348
0.462435989274251	0.593263558100248
-0.384850233060376	0.46666367391309
-0.381024897089183	0.395222769109412
-0.38132268553249	0.395732994742536
0.403768523022628	0.460464052578499
-0.514387682754696	0.739687481520064
-0.120847288245398	0.135339380320536
-0.31409917020593	0.400482340436024
-0.15263958942526	0.153149840941964
0.0993266878784862	0.0905206366941579
0.085491403717636	0.0751458182371651
0.00668164924878238	0.00619900037072306
-0.0173790309119904	0.0177377578857074
-0.585698647956576	1.01098503084378
-0.267774291984178	0.424266600928012
-0.0344475332606738	0.040074036219001
-0.00016167404299441	0.000187355724161605
-0.0510023606517323	0.0617714929890401
0.0667027670380796	0.0804647720962335
-0.554397109086194	0.924823346282853
0.145043303014845	0.168243103809143
-0.175075629151511	0.205016326437969
-0.247719788633127	0.25991913685863
-0.267638478604787	0.341829797675969
-0.106404385823124	0.129836944996216
0.000696108405625864	0.00396687847805725
-0.0283576993015193	0.167983020857757
-0.0560340662616007	0.369143682554091
-0.109073439008408	0.604220892519234
-0.0396012286191744	0.142070510796764
0.0847052562968251	0.283969727937484
-0.0339553602358357	0.0971071697716333
0.044726934957866	0.136701097941975
0.0633265934338283	0.19212766034063
0.192929339877453	0.740377759507468
0.0559025492611158	0.154262305619229
-0.0137241487764198	0.0341422171240625
0.182380149267625	0.585110016255663
-0.0113995258962735	0.026682951076776
-0.0446053270583804	0.114409727731205
0.10867496117689	0.329906117911794
-0.172981083831455	0.566125410070181
-0.179091440022719	0.584115178616414
-0.398326227987658	1.55844476738373
0.0481436872854037	0.0996491705181154
0.177404501861908	0.459258668087295
0.289057161875903	0.857040159467335
-0.312166453621312	0.941504457676457
0.181872251855517	0.408241694168167
0.0238534388544351	0.0451562444677321
-0.101512396483672	0.189056814286202
-0.131828771616652	0.224002773263426
0.0406305094917389	0.0595865992495734
-0.0721959373005987	0.117876977523412
-0.236384174435643	0.444835787308171
-0.018797389166423	0.0261426733179431
-0.38107029348718	0.872923278580857
0.216380974757565	0.349833255787634
-0.326682602538234	0.639461062509275
0.047130952048339	0.0592143956220735
-0.550027565933611	1.25159589121334
0.183300325717351	0.306428496354478
-0.288695038402829	0.430083650691218
0.157146835154609	0.235710583347744
-0.125751097486343	0.201827813843031
0.00937807226510436	0.0129210291343444
-0.146606143783	0.221232130586747
0.178717035820595	0.270117588567326
0.208219220379176	0.298164882196251
0.057110199190715	0.0600963545315784
0.322700812739257	0.458895899501914
-0.22565681889236	0.288340450451974
-0.121847415564323	0.148856071868637
0.0848716151085845	0.0822812162392081
0.0829489881491049	0.0646381842100399
-0.226671292771026	0.225302719868876
0.140284335441089	0.109271514096217
-0.0284499895894071	0.0222850203112748
0.192036154454266	0.206933831488125
-0.152558128517095	0.15306157739106
-0.0783678851086653	0.0605111151387337
-0.202739064227632	0.190138750925471
-0.326138163374194	0.279879812063682
-0.819138517051728	1.21242917919825
-0.197054278423927	0.219467184748715
-0.384590021834153	0.466294019633985
-0.536588456543113	0.645397608068824
0.279950711417206	0.296525342588844
-0.226731070714117	0.225391390494334
-0.256275774949015	0.253899324093573
-0.149486505509347	0.141236785444116
-0.509421348661623	0.702809174695091
-0.366378867840191	0.358734063764625
0.0136528483379236	0.0101678161494968
-0.22680825954302	0.225463449638918
-0.345742499471789	0.498298777317662
-0.231597427663644	0.283300717025693
0.119939024553707	0.149883223163471
0.0971620384858503	0.134660189024109
0.488959579590024	0.903754263002299
-0.0345266065492885	0.0401698515079838
0.0447128684668693	0.0509980969374267
0.220671868159134	0.301876300205876
1.10797741413669	2.48722157281096
-0.121908568097732	0.142865553036489
-0.314312299477023	0.40076357993024
-0.173433780128359	0.212410908577454
0.0268536397977811	0.188013554881252
0.00516608115867365	0.0276467982324653
-0.0618960330213671	0.28564813115815
0.00104782112470847	0.00342164093326388
0.0633928804708027	0.208127596353863
0.0106679119215109	0.0288668780377853
0.0236832906971555	0.0688003505109972
0.0809939722806017	0.272096753673497
0.167315657558409	0.612052687683169
-0.36616837294311	1.97628324289886
0.173103136873137	0.638948997669122
-0.165710143339247	0.574728981951767
-0.153811049956346	0.534431690138319
-0.002062215801414	0.00480309332527771
-0.156722898627092	0.533901992325888
-0.0332623606923603	0.0865963411926367
0.0806787916619262	0.232857145769648
0.0444381621325186	0.10537365925793
0.0312101452211219	0.0663931331597993
-0.248097555533304	0.726263772689852
0.104412607991822	0.216078759551558
-0.436981800915658	1.64072502647744
-0.0414795356539699	0.0813743949685535
0.0359432604971014	0.0695903717513349
-0.348151430950243	1.09582904267633
0.0860034726995528	0.159324162322075
-0.418023305371577	1.11662584764604
0.263854337664475	0.670484965377102
-0.200757799994087	0.394884966541261
-0.032384995910099	0.052204928727678
0.0407194556585078	0.0641847517798661
0.238390456402856	0.433627793865933
0.261887325223425	0.481760881879328
-0.438028874198989	0.867232876403771
-0.0484550822707127	0.0629549981043801
-0.227122310355306	0.392057676259415
0.207732495226478	0.297330487841984
0.15017647393801	0.235980953683706
-0.03876106773137	0.0540220922874326
0.219322960214046	0.446554788064941
-0.111940854723747	0.173672654745879
0.146179071801064	0.242665286286314
0.291471487724298	0.481849721957033
0.170253052710521	0.214442468961088
-0.554491342158685	0.925115281809319
0.39295653570877	0.755877246812561
0.0999462622877106	0.11814968980469
1.02306825351639	2.44856351351226
-0.627362576949707	0.897886638635151
0.100356571013857	0.0816879029241327
-0.308201737308947	0.321835259765536
0.282686858166153	0.390047453498945
-0.199430188908875	0.198788010472988
0.00638681450834322	0.00628960500219894
-0.469202233198416	0.621086382156257
-0.0207681873475795	0.0200607560468717
-0.46950526281527	0.621358292772433
0.558743910902164	0.623946656537059
-0.587302629311784	0.94559989968253
-0.131457980303287	0.132251046136981
-0.284818371672359	0.331189620873207
-0.394754501809705	0.432436887003546
0.155117173966873	0.147153743220385
-0.299019203964138	0.237807473659699
0.0568849602180868	0.0598387309698242
0.192384480365748	0.237014546371217
0.109892817143216	0.133593400921674
0.328807194247528	0.580438826861951
0.0464029063788621	0.0557009732355339
-0.105635977543691	0.138469316388908
0.319405789592722	0.531126843382531
-0.0782833593094737	0.0986717717324447
0.136608939314901	0.203151043401955
0.199812429614878	0.252813228709657
-0.810472999983311	1.77782709631714
-0.585034067225491	0.736197985768307
0.106101155873481	0.118976670242978
-0.0543267412773997	0.0682238253689427
-0.0591764824845581	0.0770617763996566
-0.00510282151919914	0.0314416521631486
0.0280680513001229	0.152429682455034
-0.0198307797513247	0.0831136720718546
-0.00935503200403832	0.0298223264815213
-0.0936572394918047	0.383430578069157
-0.0610975459866304	0.226898353432072
-0.0208316068645737	0.0656649106788946
-0.0879580802178564	0.328938969134189
0.0654168467386783	0.210610524504118
0.104034091424516	0.358263044985667
-0.0773703804871762	0.237726778780048
-0.101955820710536	0.339774582075742
-0.348257760166856	1.66530689553106
-0.0725712195733008	0.201493190426759
0.382255802431431	1.77687274100953
0.0195125953959164	0.0447276334201192
0.211453956682769	0.696421452321872
0.0131997589228391	0.0274401511668075
-0.16400834927189	0.427224811620377
-0.147342125026487	0.369027204803422
0.15475156728098	0.431229658221793
-0.00377956017105031	0.00742482421100189
-0.00754984116995966	0.0129029242958625
-0.0518951063136342	0.0927244025955999
-0.0613949873219616	0.11253956642865
-0.0115886798749577	0.0203079413379041
0.346728035269161	0.939568177994917
0.223101290536625	0.512686296281355
0.0310803307802924	0.0505979021455821
-0.122206439682276	0.224071671948121
0.280578788621726	0.612725009457734
0.407531116662856	1.06813835134556
0.0577801636090576	0.0964934666988342
0.155577367710383	0.269903235788766
-0.263464309439986	0.53827761731262
-0.0262381096114136	0.0376967320629583
0.197092417929457	0.386834520415114
0.029641353870967	0.0402735103930305
-0.670785853720563	1.88569945783087
-0.455471294234042	1.00302662676612
-0.185446472126524	0.318611419654171
-0.205979391228852	0.365073508313925
-0.169644741538887	0.216330877373278
-0.172275134598921	0.278137752963747
-0.133630031028197	0.194806329298329
0.423962252483617	0.849436913588795
0.244223320224805	0.327127112920594
0.23239559156683	0.295650211023497
-0.5044334608602	0.66645048411366
-0.156473460071647	0.18330165420984
0.626480938230375	1.1264355754909
-0.104136525456693	0.116689802264598
-0.132880113561869	0.187455237470515
0.302372160950196	0.459988459898705
-0.238321165202076	0.317121611074327
-0.147137252334842	0.20113105432887
-0.0943910270381356	0.0954846715285351
0.722964672450089	1.56005524942627
-0.456819959469558	0.684213116298498
-0.486479178204405	0.72823858409907
0.0381537467036073	0.0355985599714303
-0.10396331116372	0.116465759653143
0.408284818347487	0.643922073919704
-0.105427784228924	0.100320758694649
-0.211584476034471	0.291589463306341
0.128780212139081	0.165253180761437
0.160928903636451	0.21285876551007
-0.187219999318283	0.238908139384469
-0.1214512139891	0.148289685229598
0.298754510855323	0.513795297060142
-0.218686670002896	0.290663043241287
0.11958966528756	0.149433227909576
0.287612324572095	0.465710956433662
0.391923343638261	0.740928046578247
-0.216129778471892	0.319167319384851
-0.344285723241604	0.550593699781856
0.291639027453988	0.482192475287226
0.0747383563050098	0.0968258408858116
-0.12053783859835	0.169661880295683
-0.159441856269032	0.248932987115577
-0.293710593974951	0.51134186972419
-0.023240671060052	0.157945094211889
-0.0163993006614579	0.0930831977518646
-0.0335762677459289	0.141968350891465
-0.0690615836251792	0.335163438680658
-0.0304304095154384	0.123460720433281
-0.0434266553153194	0.181105149568273
0.0494191189005674	0.199313650154123
-0.144991218318748	0.651019473469444
-0.328631882995666	2.28057726165017
0.0951826716679303	0.354048321638647
0.0208232302678295	0.0579792177697452
0.103199010182479	0.296569888908678
-0.0270232663114235	0.0615411333741472
-0.152170600846144	0.409057566915442
0.0345338128235872	0.073072195597856
0.0780927404562804	0.202435001068694
0.111744644563628	0.255428232776475
0.0862298596515365	0.219217511395581
-0.154761798211279	0.470574618541014
-0.4212474873529	1.6473951733047
0.302324758414927	0.887395559992486
-0.256694425514213	0.596981280396768
0.14659367828237	0.308323295145003
-0.06266122944739	0.122146378639882
0.0536779616466821	0.10029210948293
0.407036193382609	1.07742772931365
-0.211773864795398	0.457112480957338
0.0893126836316204	0.167479020392166
0.070468722641246	0.131921804153713
0.0402346031363426	0.065441325383966
0.206144261124484	0.388219443913058
-0.299552213351545	0.762262782941962
-0.0615724477078761	0.11527409106739
0.421327839072527	1.21125335216225
0.284470504121476	0.776584169340175
-0.297330753665707	0.595205484071601
-0.10591301501042	0.129179929488836
-0.149763343493863	0.197841125827316
-0.0541509561195595	0.0679972184167162
0.206872432215891	0.321444851467316
-0.236430661358328	0.457239264079951
0.144275520404521	0.26975606063344
-0.0687276649304463	0.0994548760524395
0.100533947629012	0.149156278538068
-0.311438216272663	0.511733719020725
-0.702842731481933	1.77403197237539
0.0568121976977928	0.0700379891898389
-0.212193505518344	0.292638549720305
-0.0302762348320006	0.0338452330620077
-0.175282242833005	0.205294268169431
-0.398068541545106	0.681280321771387
-0.524132454345649	1.04630395188163
-0.0470405100605566	0.0547949327084372
-0.169320997341359	0.215819984678513
-0.173773840909155	0.246717091652931
-0.138861529473383	0.162736030116941
-0.177691396921208	0.244005158488112
-0.152306336384234	0.193904297627215
-0.494973535455194	0.824722786126422
-0.165271163044245	0.218647809823358
-0.496605833835311	0.85527694300103
-0.422677109415704	0.60940476602168
-0.420366455706627	0.720276395278611
0.189596354102654	0.276116223420415
-0.242547245085037	0.371188376960633
0.45373764341178	0.960627290103973
-0.461177078278501	0.940304909804903
-0.663741405507682	1.55955787270905
0.544942511632773	0.873509527756253
0.191752415507972	0.206624845966953
0.404538333291998	0.582088785047785
0.117025842326237	0.124476199386303
0.0962002671627279	0.0962756350579199
-0.325102804372115	0.357841414693532
0.451352575995753	0.668914007043814
-0.419391888415292	0.828913957097519
0.154416152191083	0.246828791451327
0.241046829914233	0.445076933783156
0.0350715973717263	0.0485106231431533
0.366395403441206	0.733069735300973
-0.063507755966315	0.0770560846895723
0.115246096830321	0.151028907885319
0.0250039396258961	0.0284174776343327
-0.156710345201323	0.175119149077691
-0.197869866219781	0.208892426471493
-0.0358528714864487	0.0345618358472707
-0.277445465723016	0.42661391951781
-0.218626743398442	0.290548303167468
0.0312363583263708	0.225045656314963
-0.0215028044895391	0.117358846756996
-0.0850584432277285	0.60844346629502
-0.0163689392086671	0.0826951667746695
0.0555066789223922	0.323064477468631
-0.0347590263885251	0.152110431116656
-0.0160984799075839	0.0582804013515234
0.192168029172731	1.20878083618357
-0.0568318377416236	0.197605432866205
-0.0152612296327861	0.0445656984186035
-0.170043274497464	0.627943545566835
-0.109389486973935	0.336621184218992
-0.0912324675152425	0.254836485592811
-0.356439072797896	1.69252954621444
-0.278792586086073	1.23840832956251
0.20383517632393	0.555943778839452
-0.0618454401062403	0.148035334692678
-0.0178961492668077	0.0422844198030947
0.0409267999867189	0.0916334588108668
0.0910081179946491	0.196490145024462
-0.0805017922404979	0.148768748897599
-0.00876507573164836	0.0159342103416475
-0.262591704741943	0.648532345923757
-0.166860741565685	0.361884856253626
-0.226787336485214	0.48129131720354
-0.147334231386155	0.32329424753669
0.141337429771042	0.303468665900517
-0.170581627818905	0.384865021623598
-0.580403431821822	1.58603970733216
0.0315353888655427	0.0498316218450714
-0.0538059744145885	0.0895415828645854
0.0559350325568283	0.0862325170104411
-0.226118634866343	0.489731363764294
-0.0385369337342031	0.0536946691961363
0.0131526491861826	0.0176734729765095
0.000716879199992541	0.000767415822838228
0.152724706357911	0.211131887483973
-0.145714229420813	0.212883297573405
-0.447392046778715	0.792630715314316
-0.236085216962365	0.372541688278244
-0.175374799976497	0.300670189126894
0.599970240620818	1.47742933289544
0.105697889602641	0.159647594521235
0.312078654625677	0.594557434501737
-0.133745655295265	0.176139677973692
-0.230357584624925	0.318149454082789
-0.520563900975313	0.808771133960654
-0.49323020868299	0.794745141039353
-0.300356864991197	0.431996432649819
-0.17317089494238	0.212036541247012
-0.15529595486728	0.190049823792829
0.0565035403372609	0.0696457699527861
-0.121946246751071	0.149002476611651
0.452929955429935	0.833483874607461
0.185537447188872	0.246144150587103
0.240070647937225	0.391148219746236
-0.531913857456825	1.23817262440724
0.0968873209742089	0.120491730433757
0.0958896901975736	0.104463007311687
-0.73028252358319	1.25749248480374
0.311980679878472	0.41188299665091
0.225755653179056	0.27963027184017
0.00936435759592308	0.0081553518319226
0.406206472017853	0.612210384011834
0.353719568170758	0.458736765212348
0.115653129821047	0.133455144913647
0.012939478460726	0.0142791993876944
-0.438235930514757	0.868013952245851
-0.137995015800655	0.168738206802689
-0.922710957242495	2.61987743581717
0.413168670781416	0.696342198215393
-0.0462551742538289	0.0471153095609432
0.0468866543901883	0.058893345162424
0.106120150404432	0.119017353064953
0.0330831156406525	0.0327326672431298
-0.302621865258267	0.402980622452516
-0.191626550052445	0.234591726844576
0.722796050305313	1.55922264182029
-0.155428060333044	0.190236070874624
-0.00506995467017876	0.0310281156616992
0.00241861810226129	0.013405682529704
-0.0253965857831925	0.138472926474857
-0.0240759397785601	0.118479916913861
0.0413836235645527	0.176615172683379
-0.0415642281550304	0.159475682371499
0.0430996718162061	0.164397839475864
0.0614603895115757	0.206961654056735
-0.188085851741314	0.879073504998063
0.217062623977422	0.90807224016278
0.0592694547062682	0.16232433750696
-0.0650831679886145	0.171398128392588
0.0388324111021882	0.095890716187852
0.160183444950948	0.521465366061101
0.0946595289378437	0.20792850384724
-0.106235297507143	0.274993091568843
0.0749209378719845	0.191612013652057
-0.12164669524912	0.330363749537286
0.372351695242795	1.24839867517493
0.0988763987276424	0.178133786347018
0.082655766333075	0.151222660258993
0.0558482391581403	0.102096306063984
0.137685399979303	0.292011496924923
0.100560529220225	0.166250332826971
0.506271212322977	1.52833963288279
0.153558584878695	0.316317803225326
0.255367062293078	0.525428154876722
0.320549487097853	0.706276132993473
0.0537030937225569	0.088432177461269
0.201567771772483	0.439591427261945
0.211818097677433	0.4521538185567
-0.234710046746289	0.476270730271238
-0.146796847531841	0.264287757777321
0.3367769981191	0.637449280599936
-0.10671079780466	0.130213105207155
0.103013662275433	0.137543913520764
-0.0582668866547459	0.0652691795073408
-0.311278561156758	0.511663270679663
-0.0146596852600593	0.0189893279086055
0.000300398927081987	0.000387078134944793
0.0713986624297732	0.101068983001641
0.0768940245529682	0.0905610017082101
-0.0956252137027443	0.129685530188514
0.0330208658142472	0.0365755842169884
0.575589550013145	1.0291451470107
-0.249574688040006	0.34512548835114
-0.389230970727787	0.624868060349069
-0.336633507667928	0.466654282588933
-0.182791813892883	0.277246353943548
-0.072738895146349	0.0815052682484064
0.0205745882097723	0.0197160071811878
-0.522727124972604	0.842121476957065
-0.232435482516119	0.343819306433181
-0.219161027009806	0.291397300064802
-0.0684351525393684	0.0731970464031807
-0.554312524875852	0.956298162200474
-0.279631430669433	0.401814209807485
0.678968321336748	1.67081020879792
-0.0883371696916039	0.0990342949418884
-0.218603730856034	0.242991576107889
-0.196891752435523	0.219283896377116
0.337771570656671	0.528032541733826
-0.424228300530925	0.75002991963198
-0.304227191639465	0.484522943232215
0.10613786648819	0.119024911204642
-0.0173364779793933	0.017691961454777
-0.0174884825399	0.0178524309492018
-0.260014997215368	0.302895960375189
-0.453701706228786	0.547974870697397
-0.131579995741414	0.132414450077334
0.804568759853661	1.65041410080777
-0.322695691722392	0.464885676569784
-0.465039663321304	0.748540805499042
-0.0884725005907814	0.0992003585911682
-0.175075629151511	0.205016326437969
-0.0928439499673407	0.12154401468362
-0.0772711080606671	0.0939502571648053
-0.0728572414774549	0.0816541074994505
0.83576584655603	1.98178903217561
-0.280031637389267	0.402570412404413
-0.121859983588314	0.142797343599689
-0.383523124267232	0.594833261385203
-0.215346185576741	0.251658199662051
0.0063324460139167	0.00623418095159707
0.0684550006091316	0.0742113728985961
-0.0159285412315534	0.102694589357387
-0.00846098579839422	0.0473393060722763
0.0976962590848229	0.726020724007906
0.101000985691506	0.57670260175771
0.00956666614163735	0.0327673140391042
-0.0479581882538621	0.188172626922635
0.0326227654202063	0.10382476016636
-0.208797916638306	1.04368796489208
0.0694478151947383	0.20448728131439
-0.00528095175458607	0.0127671044434208
0.07822182449546	0.192726896116322
0.0377561465771332	0.0907699427469046
-0.00231383826404208	0.00525567509897855
0.18065149171033	0.498758806086848
-0.241374698698892	0.811892980649867
0.104906406783539	0.298576681281552
-0.0811698826133089	0.213563364805755
-0.00943742581031811	0.0168314352597029
-0.135738310984322	0.249956178408485
-0.104124452400153	0.202786701552146
-0.105611877449166	0.201453235631823
-0.264637663405537	0.758825688532476
0.151759663394928	0.276062580460953
-0.0405087154218827	0.0703258601245947
-0.108716508806255	0.2118824330423
-0.540717915392042	1.56145951640339
-0.467576463373762	1.3576054625587
0.496782752953547	1.56206189988492
-0.105609445790628	0.201440216689629
-0.555394368552246	2.01732720353979
0.03043090956784	0.0479826421686131
0.00885091610174098	0.0134035755200438
-0.422304041949281	1.04059767329848
0.404688457447612	0.582277879641631
-0.709552971009825	1.34748755030308
-0.889258656057334	1.95071759489749
-0.158859786700067	0.224920738853326
0.558404192894665	1.14473041549508
-0.21615051983863	0.372762441984321
0.0118453358357474	0.0158788024285072
0.35994805215115	0.65180858035469
0.530092303255403	1.30009786746711
0.607348439654768	1.45533373541995
-0.0249380648635187	0.0266960124348551
0.0556260658271936	0.0652378049016434
0.123845590624279	0.176743734657295
-0.138647779133896	0.155167384947015
-0.293216331615546	0.480777260226205
-0.119284179194241	0.162299977508575
-0.105761889686297	0.133928039043493
-0.169733109000174	0.216450064088282
-0.0727042743150024	0.0814805197109478
0.110130122163986	0.133900139116617
0.45078967575237	0.779429378355211
0.287871253326927	0.550209798225932
0.301375768382506	0.527857421701589
0.0553943250050263	0.0616060542125074
-0.6892821152473	1.42819476815679
-0.0305621496927765	0.0341718711072887
-0.145578701275462	0.205745731933569
-0.279749411202458	0.402074080905343
0.206348606087827	0.235542878846857
-0.524825107419181	0.905076960913282
-0.310288963327955	0.57346020910348
0.365952248487328	0.72122233241505
-0.106994600265481	0.160608068505062
-0.165374654793227	0.218819389515855
0.0557207036777028	0.0653783220874891
0.315626584635562	0.427427920682592
-0.453673268383755	0.547964513230303
-0.0516953333728407	0.0496987352840282
0.15211402574948	0.162774123107702
-0.0612599825369096	0.0622679042263217
0.40402616079184	0.540786451680361
0.106110006475371	0.118996009612855
0.0565175366611902	0.0696553258892211
-0.135943267830443	0.17277417869345
0.553163706258114	1.19524442635032
-0.112770496945477	0.164043668973346
-0.2679099145841	0.424546209044072
0.0449053004051105	0.0512284774068506
-0.0783364641826085	0.0987357056119957
0.564152357222299	1.0928178109723
0.096192306372056	0.104796085953519
-0.412854761368693	0.663262757105325
-0.175884842365915	0.196198713953495
-0.644502698268397	1.44085045257436
0.0405903453008192	0.311810010620325
0.049937526884248	0.336691023655435
-0.00762569370764025	0.0294927843897719
-0.0079226620160084	0.0280982474999285
0.00461481860935526	0.015721158873482
-0.376185386857904	2.81117396402053
-0.180181945499202	0.882220505756652
0.0771982155637748	0.256855334467631
-0.258025435658379	1.23533457658926
-0.214468680027613	0.854336061217688
-0.0392676321780178	0.107745900516903
-0.155332858914789	0.503804102830313
0.0742287125427468	0.180003886566922
-0.292920409676505	1.05159906469095
0.304539536615073	1.26821730420039
-0.00779194458386717	0.0167862488665022
0.0728290399484745	0.169097665691526
-0.100118710678618	0.214532244893597
-0.093766265059361	0.181774735283252
0.115925499905359	0.252093256589721
0.0616610682404158	0.111525831329597
0.126042173471528	0.230021048713334
-0.183372115665831	0.391976663478249
0.132196674550431	0.260149334919482
0.0909704912268151	0.17832631129747
-0.0299747629763362	0.0458013572589178
0.18698957983477	0.403360763110371
0.050556059616891	0.0766300332376113
-0.119144582280318	0.213142135650555
-0.519291184621783	1.41101567893595
0.298718775894593	0.636655037109294
0.317462452089252	0.649432726625126
0.0551211696904104	0.0708639086836298
0.236124772402133	0.377454949195459
-0.0789120835156135	0.0995428210914397
0.638986959744118	1.73901105337613
0.0586345959346986	0.0835867891791304
0.287486499591485	0.542410361026002
0.00204252577455538	0.00246899656246509
0.328944394502111	0.580752334047165
0.0635366653827001	0.083605295443197
-0.119078939967709	0.161980167388364
-0.0611197307462012	0.071366752761053
0.00668723622777403	0.00620412214104584
-0.117724971925976	0.125434561570585
-0.344431366983188	0.550864130710131
-0.481054975453879	0.982627147296491
-1.2878615434552	3.02235642980503
-0.0225650798793204	0.0262107574286129
0.226041830897242	0.346531110977959
0.357492514419514	0.487133764564167
-0.00403193694094734	0.00411712818617785
0.62086295878194	1.13832446504299
-0.0173920589057579	0.0194149875097487
0.775947694936845	1.50082039796552
0.584362373408078	1.00386059120075
-0.551342978194939	0.824173990001039
0.72517094883823	1.76499004513656
0.109341444042017	0.132798175293692
-0.183036879061606	0.242740363135377
0.654824441701633	1.27834031513249
-0.267340012098691	0.295653180291902
-0.773387990420697	1.33070839181423
0.251267280379203	0.387322687330521
0.523614450516522	1.02978308415629
-0.0249299476458352	0.0266879085519373
-0.524152711459258	0.874213149929751
-0.165798494446594	0.219472800341252
0.126931363400012	0.13903152193729
0.288044120278824	0.407721838513706
-0.620830439498683	1.0352026732247
-0.200108223390783	0.294719003609016
-0.169665056776074	0.21632777946556
-0.546325203969705	0.752414300763523
-0.280204111694761	0.373169141048971
0.0745445661509933	0.076481869172582
0.184822458202666	0.221616483990697
0.297333396554251	0.4416277745444
0.0898014764231203	0.103197729290336
0.0553688894987683	0.071211835979447
-0.0068033340172547	0.00817954725554809
-0.300713071945833	0.432741689870687
-0.31690996208178	0.489445213124299
-0.389307781195364	0.624784079800119
-0.413444369954793	0.664741169552363
-0.0308873354265217	0.218372916002863
0.00485813983841038	0.0251677864362879
0.00642529562633282	0.0302796192311289
-0.0256876254216411	0.131311920058585
0.0928826879211958	0.487316783119328
0.0260450059344189	0.106816534903068
-0.0175391814356594	0.0611241442857783
0.110151470172719	0.505519159154611
0.185507249060167	0.887032439647916
-0.0264586642743047	0.0830898253389058
-0.0242047084081457	0.0756451291860616
0.291559229126602	1.23191681385363
-0.104732147961764	0.33001767093101
-0.0499431255309903	0.134351143294533
-0.000649791901263395	0.00158202911764787
0.0163993158767446	0.0354542384477056
-0.0984707660542886	0.22157907002113
-0.187505243673209	0.450133433476393
0.316001737907481	0.950050205818852
0.0726591129122018	0.154293383626952
0.189808409161085	0.446702927186861
0.0356043163375626	0.0656393506812634
0.383016244492934	1.06929794309187
0.19202636323652	0.427140253342622
0.0271679347874346	0.0449141383840361
0.0282357600060499	0.0467456629304763
0.042882036100971	0.0747306442372838
-0.279000189279971	0.679734548122117
-0.0543887562550161	0.0860414545586933
0.0264742108850249	0.0398453539761632
-0.316546356482215	0.651312103973739
-0.373487336362335	0.695335565564839
-0.36769668142683	0.664999937434327
0.295496746887247	0.498578440466693
0.367538591567369	0.808720230258135
0.0973979872081962	0.150683314449097
0.0643331021126132	0.0891743813575246
-0.267901941678325	0.424564003690654
-0.251600263229535	0.435693041751209
0.453944045251376	0.945876070582855
0.336559868194313	0.636684741993541
-0.0439637737576024	0.0492085325665914
0.206275933455355	0.235460690946936
-0.58689893214436	0.875797186912043
-0.174937853960975	0.204742884341304
-0.187309739166013	0.239054625812454
0.123480027580487	0.165829964986894
-0.133858146476138	0.195178844343924
-0.311909521254466	0.361941906556663
-0.044257122630123	0.0495491016824395
0.153543643047254	0.183095993477492
0.152034535767088	0.195758042104569
0.00114680223447647	0.00122807971788476
0.0107103690156544	0.0127265596928984
0.250303484487783	0.343816809785258
-0.326461330539695	0.434635278492682
0.556692803187641	1.16228188637091
-0.246214021347868	0.314299143304173
0.0201478808614566	0.0193088101587884
-0.395409532054823	0.569930762194206
0.489898589486803	0.851110491493676
-0.188754325231223	0.268334178727227
0.0131121611326491	0.0144687528074803
-0.0534308360102745	0.0572065933354233
-0.0171850699573875	0.0191806831424019
0.450307179804552	0.778476994811222
0.388493149748285	0.707481529613238
-0.122139462030619	0.143173138794694
0.492808509428551	0.802635510501983
-0.0460962622448245	0.0469415009495891
0.724366769495072	1.36821176407481
-0.495189447689859	0.825215629184783
0.421283088889663	0.786695614582518
0.297294330759293	0.44152697636745
0.45359424150982	0.851203390319548
-0.0735623953153694	0.0993665532967998
-0.311382109553585	0.511847039752789
-0.172715453274299	0.211375166591384
0.250880684997196	0.344779362788167
-0.0576834958144858	0.064579674249075
-0.339670579614531	0.432687643268278
-0.00755242922006958	0.0470146523333551
0.0580404159605548	0.398765474208984
-0.0662876040681905	0.427640348901167
0.0354839912577498	0.156466096878117
-0.133277126085106	0.797127590945979
-0.0501534549742648	0.180701201447649
-0.0135390578444981	0.039896007154375
-0.0387272982097993	0.110999434447035
0.176160695360586	0.730387064005869
-0.0212906404841588	0.0617508381828413
-0.357470486321897	1.58714784542854
-0.081954207956641	0.241385915985062
0.184899554044254	0.724460959073615
0.0661173845271514	0.190243648436841
0.0835861915509742	0.206539217933476
0.0880006173104832	0.176236261086934
-0.100444572392504	0.211339668169935
-0.396512907942733	1.39661486062219
0.322766651519971	1.2013647329718
-0.38585233490093	1.06158137118877
0.0788842467277703	0.162236634695318
-0.176333916919871	0.420891375212507
-0.124480919138043	0.265333502937364
0.395936576392869	1.2105275926751
0.0583425133337004	0.113836657233546
-0.054089540632896	0.102971546792098
-0.579921542703331	2.41250317285585
0.261191418404135	0.736306877396949
-0.274650271923283	0.718943095443455
0.296166200130819	0.615242277312639
0.152464416503167	0.196430876540221
0.131358474841139	0.180673740421866
0.0970818159446435	0.120806458978314
0.216187460826044	0.388755124647302
0.122809113360463	0.221108196771807
0.0613467267849814	0.0924629259813522
-0.0258021929162623	0.0435075569378543
-0.0224855046399868	0.0291458484342442
-0.381395774920281	0.832870101545881
0.313875506733958	0.607330405177836
0.389121010451967	0.708853555609423
-0.454870469125935	0.878248541360773
0.484880534982525	1.03402590128101
-0.330273925700422	0.544226332834926
-0.0961496636588439	0.148915582357911
-0.378972043479958	0.72568403670845
-0.105834028098044	0.133972661287297
-0.0803435577912676	0.104849216963377
0.0369603706639012	0.0471649701918982
-0.105618771310497	0.133731570645678
-0.210930536936567	0.321292932749615
0.207812508599854	0.297437536824081
-0.157580341646506	0.230302782469282
0.246091471816943	0.371031207266211
-0.147075645407267	0.201079886800274
0.287743372818096	0.407168530649882
0.273411496472066	0.414031121868274
0.225832235117803	0.279756544369646
-0.137984175002003	0.168739024543718
0.575975225992956	1.03055774668455
-0.0582160915416318	0.0652196838503025
-0.438276839658295	0.868124948328418
0.145470648323342	0.196425097058895
0.00653928184944826	0.00740246653404581
0.581123242720144	1.32371499907221
0.0824502560967809	0.109304084745815
0.591951148319532	1.26275970734307
0.297697863755171	0.354114626048461
0.357436710539944	0.486815569273523
0.116384841202827	0.134278111950962
0.357644848423675	0.487355159347985
-0.73028252358319	1.25749248480374
0.161155374487169	0.177617908536554
0.130496473656847	0.203006622517279
0.376877528362384	0.61903838577747
0.216661336974594	0.350378279079591
-0.371355612043134	0.614549702508404
-0.133015433855257	0.187679473093691
-0.0394627812314233	0.0512475937752615
-0.29377732615048	0.481783803008494
-0.226576683436879	0.225210552907401
-0.238328241815208	0.317138509679261
0.199649030440823	0.252615185682963
-0.47577406843969	0.657360646414185
0.0476765940200599	0.38215839653674
-0.000952268373970046	0.00508274964620944
0.0708344311172925	0.38975225708783
-0.0578097495215101	0.292015452392189
0.0165118694754065	0.059232384946924
-0.10339798059046	0.495837288223576
-0.00247221294777287	0.00758995789658691
-0.115484665273994	0.503310664857797
-0.137174069572853	0.586117961617852
0.0449159207846054	0.120982730629346
0.0152881778143581	0.0373311391322806
-0.0902330670556342	0.258066236334997
0.0877062924063355	0.266947207182606
0.0739519840110492	0.197064345657797
-0.12399392565624	0.321906403703807
-0.150266535191307	0.371717573732044
0.112798211829246	0.251293754304419
0.0432177074115174	0.0878062307949372
0.106629793068256	0.239078817440756
0.0156194717244744	0.0286846410982422
-0.193413513780071	0.432109490141579
0.359858940462778	1.15673499989421
0.107916755376544	0.18362177317862
-0.225127529585893	0.578527392355271
0.0918741237009	0.174230685428379
0.416000710847439	1.25565598728041
0.273976663013008	0.665251050275393
-0.243880683730508	0.508191800135051
-0.227004723741298	0.460424524606319
-0.395634839603984	0.866166749792098
0.417616377713531	0.973560375437284
0.02683785702018	0.0404097610066335
-0.0466832698704068	0.0628972875997547
-0.227440400363518	0.450289979084649
0.455190772560126	0.918580938721585
-0.0539706815760412	0.0753686514851071
-0.0475547671427673	0.0554375254957828
0.212017745940411	0.336326794801123
0.115088637153199	0.169386945970484
0.361801510948305	0.517469865604792
-0.311609641846119	0.361523136035686
0.348187069032843	0.417371852933264
-0.786817291303918	1.49372769560706
0.227104183564806	0.318479754203646
-0.152781111251674	0.194526824008371
0.359414962733416	0.501799049954468
-0.0660349397224857	0.0830900449688951
0.489544058367962	0.849986339444303
0.982030019872043	1.67307951722182
-0.294929085857719	0.325421244963825
0.0451256104153207	0.046046331762379
0.330028925765583	0.492167947868983
0.674306277983378	1.07338037594544
-0.100467257720182	0.107250610140166
0.199349509792309	0.252145851306147
0.448948192171701	0.72731083306747
0.21322222086785	0.250238728661663
-0.13901601017098	0.162957617087811
-0.0612174683510888	0.0622228173010783
0.28506844309373	0.311364586066694
-0.509612905597582	0.70317028658487
0.809472501096271	2.01627454528653
-0.0459690832075963	0.0468052626722829
0.00149115230590235	0.00159805617412122
0.528523054863578	0.960571529247846
0.328557448626231	0.57975493937029
-0.260842473809294	0.425941895433592
-0.0461687153661597	0.0470211735619187
0.239948411573352	0.353365043665791
-0.0791997298858329	0.110880029990594
-0.441968327324791	0.735225288369201
0.031544152933775	0.0330376085907434
0.419707512650382	0.768419624988218
-0.0921585899857267	0.116485016279942
-0.279875381989589	0.402306060672598
-0.146618088624782	0.221251611750532
-0.145366480760943	0.205410445757601
-0.241985565861379	0.370187816700598
0.0762669239298935	0.0944865601937892
0.0432942800299357	0.0466967500086136
-0.291046712166683	0.403220508856819
0.00605543220717118	0.036916426675788
0.0000544917436651961	0.000276596914804456
-0.0575725533290055	0.341805331968093
0.0157076304904873	0.057969463590606
-0.146588099168508	0.852287872207085
0.0799105746092733	0.320981776784525
-0.0543827210534517	0.194138042037215
0.0565035535730786	0.200821056586894
0.141619580942602	0.474779696709287
-0.235359734060108	1.00264127812161
-0.185644015765518	0.739725129449513
0.10446848622553	0.341528038733688
-0.162825491336112	0.541299017033645
-0.145029327655881	0.36781535193807
-0.166340251339634	0.427645896318308
-0.11873339986831	0.28350287799936
0.130681927664501	0.315228469407759
0.406483588318544	1.33809092569479
0.0476932271145438	0.0918632714779766
-0.054558715554463	0.105836265802482
-0.144284263872458	0.297877068261923
-0.148667477063031	0.28815934270525
0.078127719092418	0.169286055472712
0.244337895030261	0.527679764114153
-0.0748854996451028	0.134849983161595
0.117944561470729	0.229166372517088
0.17762174187644	0.390339739987078
-0.264908665495332	0.527883642912256
-0.158854439264532	0.22488041409732
-0.268882412422665	0.399660730969754
0.624259853590703	1.75315995003017
0.184022905750295	0.283811937978413
0.103707655632664	0.146783574094987
-0.259060100538991	0.475770717574558
-0.0642170713470363	0.0866830373344392
-0.0488598741461655	0.0634512844621382
0.0280291650155168	0.0334825417524125
-0.18497087445663	0.271737939427664
0.200868852558369	0.280595957908973
-0.231779958191239	0.283619477283211
-0.0726834313588946	0.081455248627675
-0.269870853864531	0.373634421570571
-0.0910918043017102	0.110907268723812
-0.0440733709894321	0.0493340283845425
0.17500143341894	0.177332559550104
0.12529345401639	0.148730526656282
-0.218689672549925	0.243067843857217
0.494646686285744	0.788580913482448
-0.120665438137509	0.135108931054223
-0.13383495011096	0.176319186590074
-0.290302682406535	0.370596768254824
0.115470615930565	0.133183428146837
-0.00437278667468219	0.00446869817990226
-0.0462704829340536	0.0471167260111935
-0.191337951612206	0.234176533759602
0.278038555625474	0.374244740617048
-0.0770948247026336	0.0781723747304776
0.123370588885284	0.120318763860063
-0.245838444948628	0.313804556509468
-0.00425918081695023	0.00435177884661141
-0.360238469678519	0.558155039978914
-0.389244562824365	0.624998159642637
-0.293013832757105	0.480243337350081
-0.290407497169522	0.370745481395643
-0.121859983588314	0.142797343599689
0.0445484202902508	0.0507994164851194
-0.360783788168088	0.559087794233787
0.0313522683932927	0.0328317537158776
-0.0883154360189229	0.0990030351476071
-0.499281921266891	0.941643071201661
-0.493056990673527	0.7942249442456
0.451795470864842	0.798153582979247
0.161881687270198	0.198411543594535
-0.0432583864454509	0.0542270619700923
-0.15928807572606	0.22561148745582
-0.121554047581675	0.148428140260294
-0.175984067726262	0.196256600835132
-0.138133156587135	0.168932570020088
-0.0807958678367222	0.105566628009745
-0.581794957265191	1.06992927104936
-0.369783614444469	0.532932514709307
0.0424091884224248	0.321652369943903
0.0455334571216004	0.287544995747203
-0.0969085849122473	0.514383629124659
-0.0292437192560547	0.116547819618445
-0.0480486261533547	0.181896638794935
-0.11311822620946	0.509449985511797
0.0928292688277199	0.38834588169182
0.0543524453429134	0.15055463835015
0.0103434461615038	0.026365008404278
-0.158474039963589	0.631993190094744
0.176673044376194	0.745195639157095
-0.0273847695360126	0.0661824644717443
-0.101843045271186	0.243439953007153
0.236934016457033	0.714200222052613
-0.242976970422122	0.71921826405896
0.192830946642401	0.545825505915608
0.142681065510883	0.323769619214273
0.0105033874069313	0.0200284960886674
0.000675009279673144	0.00110453494621951
0.0819248070010013	0.155100711465736
-0.458560670812332	1.60481808819037
-0.0144872810752694	0.0254087916337233
-0.0970935300362829	0.18072016914955
-0.0185429601754998	0.0326051559263161
-0.131493184777805	0.258605197747909
0.173710678673651	0.349949670999919
-0.0218530335924249	0.03233220075432
-0.0330661370235684	0.0413906049995653
-0.237044555988803	0.434200092280553
0.257094398638118	0.458179333204821
0.499043131032751	1.21175734279987
-0.113845577779362	0.187810327585072
0.141323426913027	0.260914555045106
0.011478955813458	0.0142048329837901
-0.332751846142916	0.599177400140822
0.343161323215272	0.728809137594128
-0.182862667527693	0.277390415226778
0.196181557208369	0.292366141489898
0.177100732180163	0.206565942703002
-0.42907190178641	0.642593944893159
-0.138191387378557	0.169015617389463
0.450275987682039	0.682586571691502
-0.0884942287710442	0.0992262702288974
0.128226344565129	0.16445014267544
0.0792405021312103	0.0884722592032775
0.169197220809796	0.191824708505888
0.160823368812859	0.17719829640323
-0.300771305674587	0.432889538804058
-0.451169465647614	0.649816520495516
-0.106062473834339	0.129386647446562
-0.377616588182981	0.501664113254739
0.18580367023122	0.246576832678298
-0.905205402951733	1.6042794430495
0.100064430948797	0.118313573033857
-0.0175492531413681	0.0179155448198656
-0.46886867170029	0.620429263963087
0.106838744497459	0.110271452721207
-0.138543025790656	0.155055870861589
0.176931176889199	0.206297611025157
-0.0682025158448744	0.0729515536131638
-0.0226670067842006	0.0205749271224258
-0.291359497842385	0.403836898508729
0.244087983291046	0.326867484794254
0.0549252684074323	0.0610594709229148
0.152565059832612	0.163318658163508
-0.230400375254511	0.318239537931235
-0.701377907978604	1.5733586934774
0.197600338560349	0.322555843005453
0.256354323310762	0.361156044543734
-0.170008345221506	0.216792433104037
-0.381442044766094	0.671364676130146
-0.0532482981450464	0.0569954976620695
-0.0633236505802843	0.076815222520669
-0.0789511888684861	0.0995957641566133
-0.0389783460521192	0.0471060677994209
-0.200443441421763	0.26619587858826
0.00345003754675813	0.0206890359016454
0.0534930048103989	0.367176354397064
0.0293999197696095	0.153218910426529
-0.0330613368792514	0.150536149519302
0.019265042442036	0.0798232828325991
0.0730808518560593	0.335935468450561
-0.0822880903675278	0.288459895758259
0.00807943708445744	0.0222487420987208
0.0768033858602293	0.246801551490573
-0.0641405773252229	0.215359353526018
-0.090842622061807	0.304791066955724
-0.0271132539372278	0.0649149454071622
-0.0901378797409791	0.216113117149449
-0.217087914303786	0.60811921241446
0.187236410874976	0.556689658501732
-0.430145405941337	1.61159982806977
0.0908090103882598	0.222050937279463
-0.01520364989876	0.027743976516972
0.361815959032902	1.09966871103392
0.0270933031471131	0.0483426874102481
0.0313590736944805	0.0595959108839569
0.617758800921301	2.51817854356647
0.163478758969094	0.372997021190585
0.0412837205856012	0.0736785563473825
0.083274864610132	0.129263682623009
-0.0015948041398345	0.00247855123706033
-0.0468867644486213	0.0718795426530783
-0.0991988202564098	0.148930136287497
-0.436146394654714	1.07794295804047
-0.0873859692358061	0.134920959071083
0.405284036625935	1.09222391963887
-0.235803562461821	0.455714831218107
-0.171479808787605	0.276636189081652
-0.573662646346105	1.1816117342098
-0.126433775290554	0.190412874518251
0.143470621021527	0.179886664348947
-0.461636146019604	0.584220729026537
0.152212523719711	0.196038597187699
-0.267534084089287	0.341639547414685
-0.326550579756575	0.434798720413786
-0.0839039337820139	0.0896416993024011
-0.063402152343429	0.0769195295644988
0.450857131640557	0.795795533230915
-0.260070104916578	0.37331439427859
-0.291487139215271	0.404002869339512
0.652770076326594	0.92234577781416
0.403708366970316	0.553850553365954
0.251445967614312	0.231966311182712
0.490420346816253	0.834020264713537
-0.136075021324254	0.172993119031833
0.450098758672679	0.682307976792885
0.268339295285435	0.343325365233656
-0.438508681303316	0.705506513942255
0.0730067132359365	0.0684770130916031
-0.730540030242637	1.25822849742709
0.235701473258535	0.255545662278727
-0.117514365750359	0.125179377896033
-0.242251902507313	0.268652000511019
0.235897707040024	0.255919100591904
-0.078334533109896	0.0604829341481614
-0.291444596251558	0.40397236281704
-0.481426438449863	0.692914908484328
0.673702981204616	1.68098105611248
0.42361463151132	0.834810348225542
-0.4394488752415	1.03844728388884
-0.0603403261572703	0.0871422521629068
-0.457915563584954	0.908878464660054
-0.571221956923251	1.27003416984045
-0.106037968844694	0.139157197141629
0.326613888138134	0.475921910876492
-0.709767905617721	1.34881792972677
-0.139184454108319	0.16315720312364
-0.0222045224096086	0.0257813544908091
0.0113082922102463	0.0139938651943416
-0.0453089714054891	0.356354822502112
-0.015524669861588	0.0857568321224758
0.0644766223212602	0.361900575481654
0.0886678097618893	0.520832558888229
-0.0329720431468522	0.126751409200422
0.00681762999432238	0.0202427421703176
-0.0919441387075854	0.310813176525434
-0.0815093669271262	0.256889366316145
-0.0534433175197901	0.171580127377409
-0.073022564717226	0.22999619216917
0.151128766540314	0.49156797040528
0.303815417344732	1.12893174251003
-0.0270579117552033	0.0524713319698302
0.0604778904775207	0.13646444267658
0.031643328716871	0.0724430412447981
-0.103392827123692	0.25408042928006
0.369421854696995	1.32358765599368
-0.167305846490056	0.384035666627613
0.222082261337776	0.505741578895113
0.0920066667859694	0.193479629435951
0.220331249581406	0.541176906058451
0.00749016423073696	0.0109609508555756
-0.132421751041671	0.249492942337749
0.221709199224025	0.410801064361236
-0.0468747760802684	0.0718576250016073
-0.0611370414035268	0.114377815350141
-0.527481939547789	1.52052808779996
0.324673187600438	0.766866348846792
-0.123037242355046	0.23630761268219
0.444240593062352	1.04609143647425
0.118868416166377	0.148315951836758
0.000946437955950181	0.00101402013429552
0.362939943394126	0.681130049199749
-0.14926329830656	0.197049401980505
-0.246030716977743	0.314294420957459
-0.46884351904066	0.620347638904096
-0.126273903512991	0.119696030676792
0.736467432977047	1.04758817660235
-0.548805897859933	0.788151379735206
0.452408942790148	0.655275827941474
-0.00759877901592154	0.00692445734374703
0.333380342099384	0.343791936919676
0.117019209614408	0.124471447612949
-0.548478708636803	0.787135805891519
1.09691270807462	1.40741237437167
-0.342819033408245	0.356854075647194
0.328799809469925	0.327579866639354
0.0243132973194799	0.0219290794030009
0.524103881354553	1.03144640557703
0.106225146947653	0.11907800549084
-0.247967915452603	0.260338444644162
-0.609686163891754	1.15690914548946
-0.053604016777403	0.0573918604890396
0.0599343654070003	0.0543387041545601
0.469700815534377	0.55511947710379
-0.0355914356155523	0.0342797373040549
-0.276670956116106	0.289713470948433
0.621430941648619	0.764626392618366
-0.0092386276454675	0.00665987834862507
0.0193899178434621	0.0196988144455351
0.337449094074792	0.527447358966984
-0.147228063514131	0.20130236633954
-0.24608794639029	0.476437493722325
0.0899785457345913	0.122000174159639
-0.356200230883246	0.606957112644009
0.109686938809258	0.158379547588723
0.51820406105198	1.11279620110012
0.453879419821053	0.960962768075014
-0.406618454639443	0.468775875328681
1.16167142585618	2.52405958863662
0.199302717839406	0.252101743714383
-0.360318189865503	0.558275912003246
0.0203486298872771	0.133590840767165
-0.0231110738539913	0.130663879243753
-0.051962793767256	0.288787494044733
-0.0184093655507244	0.0735789615979149
-0.14743569156799	0.667634017748059
0.150334322836901	0.603462767496767
-0.0431234987836969	0.119900032677209
0.037386749932925	0.11842122164924
0.0883280977557405	0.323245586173216
0.00300183201063548	0.00737864034803044
0.200549199927904	0.708862583175108
-0.189819136773547	0.523657213142913
0.0907414458066823	0.231011969984043
-0.192676649479147	0.642112526103894
0.159957620283046	0.428927244754666
-0.358688194329441	1.14850864629239
-0.124625890562873	0.260078610631786
0.0238400729103501	0.0400071797066956
0.113639579763244	0.253549474218912
0.0942162027342288	0.18692614495965
0.345651922439949	0.902074045177532
-0.0128250201227835	0.0194686888865726
0.134855394802236	0.242322998811213
0.32108556822086	0.708306152573056
0.0343397092473441	0.0598063507260689
-0.349347718301915	0.951830873860542
0.291442724992003	0.716143734108636
-0.0657373761381691	0.115459997936964
-0.0730624674821314	0.116097594471731
-0.0237808762684668	0.0297320906377629
0.960657863187481	2.45054020607548
0.311070993276428	0.495344528618282
-0.323693146143535	0.516686581007928
-0.149642351436693	0.197683743095919
-0.58741303595612	0.911117827064718
-0.492999872037478	0.594280745023269
0.551438121234637	0.6356512782245
-0.0531551514905613	0.0568784877951575
-0.00769286212310478	0.00701087800009649
0.117452498817548	0.124876927235804
1.10700011772705	1.72523438546862
0.0852833051917029	0.0901898666047392
1.35848543618867	3.50277574472701
-0.175766849573535	0.131750546526914
0.658537797033408	0.737977904459406
0.072632436907674	0.0681211844671134
-0.805037678494349	1.23903972607319
0.192704296868572	0.237379892716784
0.322649165221011	0.458782005951893
0.451324779984715	0.668840784148305
-0.361499622690191	0.501224680652601
0.830481830140662	1.49152902850266
0.455710074971137	0.62969640027231
0.165479773533358	0.162327771988699
0.111451697348201	0.105092494311613
-0.0944668878349929	0.0658011875361635
0.307612553950244	0.262135027154151
0.034436988347462	0.0268245618311781
-0.174875404742267	0.164640960581505
0.0853776503324187	0.0827473845276238
-0.493263000795201	0.794772468333118
-0.0458363769344119	0.0638723173696642
0.551078044815895	1.21005693355349
0.0869509786854005	0.129879896025032
0.0589780273720224	0.084125407742865
-0.149498477381193	0.255406307014339
-0.121203431097707	0.188421925494206
-0.0249584693468924	0.0267190473567867
-0.138898945357482	0.162789060243357
0.464993521279621	0.581007605891702
0.49938112584802	0.76166610291444
-0.0487338844284837	0.0633565484037042
-0.277299134920057	0.426303344063117
-0.144075217472286	0.252588317954948
0.0429727528535896	0.336630658347551
0.0839754108873573	0.681633766271852
0.0055228530889229	0.0218187315300602
-0.0169327609167349	0.0559399029218982
-0.0948273023714917	0.339637768548405
0.225361037671022	0.992028491961914
-0.0174243677716374	0.0529543109270551
0.0130213800493525	0.0400863155454522
0.147265687308985	0.583316213735849
0.270517312357577	1.22462863324655
-0.264686649667623	0.951759709005336
-0.27935058876501	0.982971334619069
-0.15594564981671	0.526846335084857
-0.0077941402814562	0.0164051089128674
-0.179418399018238	0.48487420536027
0.412561470957107	1.48718612315682
-0.212801119075406	0.478504715169989
0.165806243800407	0.404625965629722
0.346725696030579	0.964112706027025
0.17966750033619	0.348486794389344
0.00155435786059457	0.00236109016515182
-0.177023073376928	0.312163511402855
0.040060157887728	0.0651357275664459
0.0517469899614716	0.0986779249173067
0.0568423269656028	0.107435597676766
-0.025222946527747	0.0424848110456161
-0.0536535681483141	0.0870475954432444
-0.100652510034101	0.160663328119567
0.275959163720899	0.479578810152388
0.0132357599669425	0.0146145989490432
0.0686829379098297	0.0744350141444767
-0.18939938403317	0.269568236634324
-0.369999402282705	0.533489727759445
-0.207338461846841	0.181745240326525
-0.394571496453047	0.432250949907689
-0.0628729009368754	0.0443670404114468
0.213220007372113	0.25025779516367
-0.444581193759755	0.615003545628662
0.135704681402268	0.152982782241242
0.1555004072061	0.126675016010122
-0.396023411243632	0.502969837021825
0.404197724432638	0.501357889235194
0.1161634901573	0.0680366741364742
0.567040356854508	0.612292980220718
0.809095391321302	1.03384859375676
0.403877112512975	0.540914700559642
0.351965588257542	0.444977130296169
0.40241390618899	0.431113364741305
-0.372191962074909	0.430019375581563
-0.377552712815712	0.565241258166978
-0.314026591202555	0.400333512714681
0.00671208719723005	0.00622724962285416
0.221427800615268	0.225769015279901
0.0119352929542832	0.00967719876547575
0.141972601536965	0.0888084008407711
-0.376204428712321	0.319882435630065
-0.29896684560065	0.237764756905772
-0.276796867668822	0.289860264249828
0.26819708137433	0.343110670951226
0.449154995854874	1.00553741696332
0.147667565413891	0.264503620520092
-0.324045314262903	0.684133096275297
-0.15186415711718	0.266735268272575
0.186349275986951	0.316437693235097
0.239292087141581	0.498736894825214
0.0551252301394785	0.0848637918511644
0.0437167243883525	0.0472052968341544
-0.475527808325759	0.656800996911074
-0.207452479342452	0.181839529097934
-0.387463443274885	0.536962792612734
-0.300613590833037	0.586196066463165
-0.0788994952931236	0.0995289209615667
-0.11446966413143	0.199245283098816
0.0639344426143372	0.559069861056627
-0.0177351431826337	0.0907365693752792
-0.0798565245605972	0.368235080496297
-0.0697951346663114	0.26987180085287
-0.0760759232788444	0.256006176585779
0.0250028057871417	0.0907443714021685
0.0378252403019641	0.134218811753069
-0.00123091002058867	0.00346819832185643
-0.135644333686542	0.486099239033057
-0.224752920686512	0.805290365089145
0.221532976580721	0.77340748022566
-0.118119618453798	0.395053183524528
-0.251191920925362	0.902326959762065
-0.152234897510645	0.424154597204713
0.101069902768741	0.240880725142291
0.219062255238555	0.618180216947883
0.0237898613176394	0.0467871101793317
-0.171621103649638	0.429137400810627
0.0277579267166089	0.0446194649994652
-0.0321360154370506	0.0517780372473384
0.170030562785692	0.337755560688028
-0.125859504911324	0.236577238548675
-0.369755173885898	1.1184995858385
0.0191705254823849	0.0333524071091664
0.281700107870071	0.74334023104524
-0.0304453511457139	0.051463946760056
-0.132393166643884	0.237603685559674
0.130183171234104	0.18970662880351
-0.377361229871487	0.564827764438099
0.330174758191028	0.49266849053783
0.137195165597556	0.180654722617858
0.737749493526072	1.53564280737072
-0.539622967219516	0.680099307776063
-0.510421781629362	0.458060416627737
-0.281962986580382	0.243908276266517
0.0855034081048283	0.0904211802735492
0.457828421019148	0.617616489316148
0.75705125358378	1.35072844938796
-0.690388877877857	0.864374641713518
0.135773197403075	0.153069228385453
-0.0387742531655006	0.0415143897454709
-2.06190348189717	1.6979288278745
0.267124757676498	0.264977334748802
0.251177466349941	0.231677834859479
0.0572400189028494	0.0602310285707101
-0.33674605002991	0.466862324786939
0.206243698776205	0.235421659864447
0.259642206259711	0.248601723425495
0.0596890093518146	0.0541207932166667
0.0898364736699793	0.10324649884816
0.594221720060497	0.793439517543477
-1.0379771309177	1.64542025114398
-0.627607060812395	0.898472016770757
-0.212619627852442	0.172495534098922
0.0423019477325416	0.0299761365242794
-0.732257363679289	0.732954210068507
0.457985778793343	0.617644119107537
-0.196502124934244	0.218783909119339
-0.21050936568026	0.320594429074462
-0.121891864656389	0.201404518073732
0.127824243654685	0.209917567746275
0.0692195547784013	0.102247790578797
0.110761644145574	0.170349793339169
0.0877588742488033	0.131214481734753
0.237230269870801	0.48818892015181
0.584455122301841	1.00410073099656
0.464656554491708	0.580498177845379
-0.627265500286952	0.897798022168707
-0.226390754680764	0.224920862864866
0.477444643195325	1.09332014087662
-0.464531925708534	1.07539453137414
-0.488338653092695	1.49898783269171
0.0231012846543143	0.152968158382026
-0.0316149676212033	0.181777842862581
-0.05042438066915	0.287335753910298
0.00832201151811987	0.0379103559539487
-0.000413750946535583	0.0019686700531848
0.0961412648458115	0.635839293334303
0.0522050970141609	0.205268923850179
-0.204128663397016	1.02129219752664
0.0253831984844335	0.0759935518431641
0.0560087873915074	0.196583696793947
-0.00580527099687889	0.0162958684481336
-0.196620138851873	0.846284295812301
-0.225719516174874	1.04922333576809
0.0216507968441222	0.0537114986952809
0.13647308536395	0.406671486876933
0.00549925685150377	0.012477126782778
-0.195967598835775	0.666011272240305
-0.186951102268053	0.591068870224352
-0.0777249395432352	0.184492887306342
0.0804021603200104	0.171349473932232
-0.332815685855645	1.01209352288145
0.161893079128624	0.40436698108501
-0.01448479685291	0.0254034432229704
-0.0797835388581169	0.150557713318989
0.32993500736935	0.892524696813981
0.283619597117303	0.773620439817497
-0.16220550368095	0.293045108368413
0.125167971675706	0.191150802037386
-0.277754046090504	0.540310933484846
-0.182785412364493	0.295492645758945
0.419119341364361	0.940358134608757
0.100202568081424	0.11849278111111
0.492955881613863	0.803116143670852
0.115826291911084	0.133678078612972
0.0969186935208937	0.134269500490809
0.256286855459152	0.361066490357408
0.488774009665785	0.921635813696899
0.621147154310173	1.13910089127565
-0.75557806007028	1.39064131619178
0.00905041507464412	0.00944732574721002
0.0851442516745484	0.0825595129130506
0.361636635224298	0.517253519788838
0.682699927710684	1.2340846110027
-0.21184357177742	0.292024013812482
-0.386175066065682	0.699807014720553
0.0659972352030826	0.0795693469613523
-0.0387440051142693	0.0468235935785718
0.532588998813904	0.929249502286276
0.49160634152442	0.818288147733875
-0.172979239026601	0.211771585292423
0.0661966002255316	0.075777670471118
-0.218537695444649	0.290370821267432
0.0572138223263869	0.0601887398646012
0.0294100910733106	0.0247956939250115
0.259598002012198	0.248532699865639
-0.39558281025339	0.570356511638716
-0.182049132769062	0.285015769097466
-0.251927767785987	0.436440432407392
-0.0809498713932775	0.125042445357108
0.390475280721724	0.724949640792061
0.0230204169404776	0.0306735639373244
-0.396591240353706	0.761011280098135
-0.171479808787605	0.276636189081652
-0.038087269884012	0.0512362410961247
-0.106191434570931	0.129559439596117
-0.095062631573117	0.128794122739576
-0.17407921374226	0.247164786688992
-0.366611913428691	0.587625079760305
-0.524422998118523	1.04721373476626
0.573164870710901	1.53236627905958
0.109339757377294	0.157828385834154
-0.397614416975953	0.827325246155292
-0.000732647763652023	0.00101568883036202
0.0419071776253377	0.0615620946246828
0.0136987444094356	0.021062663581294
-0.0886819172727265	0.124325629367728
-0.104008845538606	0.116541633541171
-0.0296884656191243	0.212533990624413
-0.00310860598543603	0.0167759890971265
0.0586880958015358	0.35593155533493
-0.0355675002070001	0.202310843267738
-0.0606223400282405	0.321753403185739
0.166024778253339	0.886617613718579
0.0770354153128698	0.290257518401173
0.0117555570609475	0.0327111482015457
-0.310570351236604	1.70406161772696
-0.0860846013240185	0.313594583212445
-0.276871485737807	1.35965001742663
-0.0952007523342481	0.287723093416675
-0.0404204615071755	0.094549324594841
0.0257116290037761	0.0567384513052327
0.0215590610231355	0.0498023664621565
-0.233296354249818	0.763639266973538
-0.193443536470868	0.497614865509781
-0.0138993128530914	0.0258085443106676
0.150186984529695	0.322047740331685
0.358865324137855	1.16025139932409
0.267526164086874	0.814512824007612
-0.255240592930961	0.675131335343759
-0.20685668275626	0.526213762886222
-0.206762020124346	0.473074936818958
0.0475170523338712	0.0817061935631014
0.283986712504942	0.519344425603434
0.0411417582850964	0.0554315434353831
-0.121367841731558	0.200447678592132
0.394617573789436	0.832486169999782
0.0336995986903698	0.0444743721801007
0.0960607710297017	0.104642932967852
0.111771364437988	0.105461392677525
0.0450572161609247	0.0394136599868354
-0.467884197810968	0.77922477068051
-0.627688542963027	0.89855561630988
-0.0920659912223948	0.116371466975932
0.0572834272922015	0.0602792584192059
-0.237162714211089	0.276803033575263
-0.277521187974645	0.426736636127262
-0.529674006053861	0.574670642714448
0.559894639278598	0.841495876539013
0.884378342398744	1.49764651849179
-1.10551227699732	2.34374826269702
-0.232668012161807	0.344332630230339
1.00490264894792	2.43926484633408
0.192064644908875	0.236476403469023
-0.423876251837539	0.749021132385978
-0.6097132686675	1.15688590862511
0.169185418966782	0.191865568344673
-0.23026319776595	0.317955599697285
0.49154558366141	0.818203600348495
0.509847914534777	0.726908377448257
-0.358284633076889	0.393549971536337
0.221393389663044	0.22571715003815
0.451716704025427	0.7980339352419
0.0364217032358054	0.0425815379481212
-0.0788352141904661	0.0994453400465104
-0.137471663752266	0.22763557658862
-0.179344956972122	0.325444023123904
0.271703204957511	0.543855483848769
-0.318129829917509	0.656026638823542
0.0603129114883741	0.0944060033824562
-0.0225329134443695	0.0333855022413883
0.200774321873814	0.280417186788486
0.371556184395383	0.583489335762473
-0.75539638327044	1.39002985818256
0.628877464750346	1.37173954394074
0.0640679905654447	0.0930038854378184
0.166943259570286	0.260208363291125
-0.0745315299378792	0.100741457781744
0.0172982513163289	0.0226134820811119
-0.128637114868828	0.212461004654475
0.277473829054591	0.59093092208458
-0.242200068486391	0.538645187380316
-0.0461110245949027	0.0664856481382617
0.124072150056849	0.20059020476546
-0.934113592227214	2.59663532558951
-0.138107878264828	0.154455049123411
-0.629184876754266	0.863426460571392
-0.0220345319940704	0.150659630530744
0.0137132258693673	0.079073640426099
0.0457066094104493	0.275749567786022
-0.036184510632502	0.160727744271198
0.0405660080314432	0.1351843069251
-0.105259612546029	0.383647117977077
0.107420868222658	0.383277585539746
-0.119337839194536	0.457952386292277
-0.113503332589463	0.403361408926126
0.0113706025091535	0.0302752799533278
-0.0132135735250065	0.0325888200401657
-0.122687804790316	0.351080528424149
0.0779035145606456	0.210697778971459
-0.0767974063438867	0.206984336173104
0.0772020600687936	0.208496776644686
0.190672718869298	0.61871268529133
0.0522599680236629	0.114032967328167
0.124660798509977	0.302227201702297
-0.199849772903341	0.531057850003575
0.148388665898964	0.298678512811807
0.630467660635567	2.51105965390572
-0.115190980675272	0.225458638014315
0.442277525726315	1.28504277337745
-0.309620764995368	0.834256785077143
0.150210703712744	0.288274172383764
-0.149575934655907	0.276360252725439
0.0126982988423813	0.0170560995097102
0.322986203920124	0.745668115012476
0.083871918009847	0.130303332408953
-0.0305116609408245	0.0341177264796642
0.277996876730679	0.430772389976598
0.287509138513591	0.465569606102494
0.144989564443592	0.208543074308733
-0.467922470423157	0.779516721145962
-0.0386677044887162	0.046727738651781
-0.19403098346107	0.314118324791869
0.109862403040168	0.1335387946318
-0.270154065972798	0.455265537242898
-0.13912835335055	0.16310535020114
0.0064523921808488	0.00598396854424538
-0.0167217505507598	0.0201331607323646
-0.594159320986458	1.32356952956268
-0.00697528147804938	0.00838721406881172
-0.0551074453805145	0.0743046262710408
-0.430531669363493	0.80635487777151
-0.0442682723638975	0.0495604450971735
-0.139175105126114	0.163154309587088
-0.119324429328993	0.16229687124241
-0.231884515104161	0.283729331262641
0.278574060045072	0.431885373223971
0.214245618177411	0.285769246756217
0.256494043751075	0.361413185471281
-0.218944692356204	0.291024568575051
0.15110712143281	0.221976978455992
1.10806115534078	3.86033504018389
0.130197517318105	0.202483489645446
0.367344372089573	0.808061845626762
0.195869372160026	0.348526229124323
-0.354685552667799	0.696571907997795
0.321158429576352	0.700459562749307
-0.0307091100801	0.0412979377084006
0.136875942932654	0.180108153747683
-0.106840402854103	0.145053348408054
0.134778662559932	0.164527704270598
-0.500874205883331	0.998274312733217
0.26315042871273	0.491024098503745
-0.373307592388098	0.694973575478055
0.00554828149370196	0.00782176931810578
0.162534848669482	0.268767966016224
0.0963177942131847	0.148833383698953
0.154370792504518	0.246794131586616
-0.63372676647178	1.667842446494
-0.510595901060181	1.15716441610041
0.290107724289186	0.563365017616645
0.038029295380572	0.0466058593702342
0.0363190796853564	0.0424578290368137
-0.0613219655703106	0.085624541819876
-0.194233375504972	0.32392438691514
-0.0934098403596123	0.135492811797696
-0.259713993520754	0.398491772505953
-0.33299534895087	0.599811804849454
-0.41327378742502	0.861373872019357
-0.560187388785202	1.46522400393884
-0.283710476862999	0.581398862009356
-0.0464955551467847	0.0626292335426904
-0.624392367566157	1.32472725673917
-0.0887725823103553	0.871500800322056
-0.0811968729427376	0.653064133633854
-0.0204256047829236	0.083604753737729
0.181234420646952	0.857066498272358
-0.250635388791776	1.37613019687756
-0.0761860490659705	0.253580206789785
0.0853804463737411	0.31051236813888
0.0539549369151945	0.149287309118823
0.0542053503172295	0.165200312575866
0.0263806627357549	0.0732280581404411
0.0366146387567088	0.0935021288476695
-0.161096359122458	0.525541550480144
0.244813081710343	0.877510197070897
-0.224662638388434	0.707549473916787
-0.093160665797569	0.260596410547323
-0.188587638943062	0.578569256757072
0.261897412010028	0.832306452736515
-0.13058988298331	0.299318831940527
-0.139841455526502	0.251527382069489
0.12631036072089	0.254056000524861
-0.0855420929372867	0.154689109918283
0.162191907183835	0.289883205440372
-0.390785691148661	1.13440565930304
-0.0159444877188437	0.0261820747009252
0.425322262443439	1.1811126088068
0.0671098761076297	0.103024807561407
-0.507397835024196	1.26434407378366
-0.0912532435954808	0.136901540505639
-0.119384524476927	0.162435865743517
0.261383694438807	0.420837101630608
-0.170213956436679	0.257714203215301
0.151346706942909	0.222385933531687
-0.170981291876254	0.250644878089218
-0.0658752940301284	0.0828764041710535
-0.0659711378437812	0.0830041936002709
-0.0658793700885712	0.082886937718703
0.134338121016326	0.163787273442331
-0.232394427801739	0.343809460384151
-0.16521892062102	0.218549753516449
-0.119686792046752	0.157414345484334
-0.571894289106445	1.2081052031494
0.159981485382365	0.226385373107539
-0.293568945437979	0.511002380075256
-0.0550344206060539	0.0741952988240185
-0.332992462333048	0.599767667325059
0.000116763471126127	0.000150342803683772
0.119438068561588	0.149141952779247
-0.106340888156372	0.129760175528059
-0.0783490287096292	0.0987595290850771
-0.0226165822554068	0.0262693868304764
-0.119179072490057	0.162141062463913
0.166375693248318	0.259087745695931
-0.146978775292957	0.221887019281655
0.3762386951328	0.617123471722591
0.1450176040178	0.208592010998956
-0.0591000643828816	0.076982924126881
0.519563401707588	1.09752010104671
-0.248972197491215	0.443693080502459
-0.342987516283993	0.600727465329008
0.176114245960276	0.24482511999094
0.123056800485216	0.165124516047497
0.423054495719961	0.901030192052595
-0.0591736594041454	0.0770733510019328
-0.0318372214306885	0.0443432772065504
-0.699538019334212	1.80695973677163
0.586809269691284	1.29550096344059
0.236094040100993	0.377440927385208
0.271456349218771	0.543092096735074
0.281241580747705	0.505936148984781
0.138673310563476	0.195210910525569
-0.0917938485343767	0.116004781816312
0.362529806670836	0.679956597205333
0.598036018638669	1.23151102896537
-0.672010794098451	1.50474499476378
0.0710739046870198	0.100563163571086
-0.19764331819327	0.359914774696911
0.140658470477595	0.21306030683837
-0.236366284006984	0.444933753848838
-0.120807252132711	0.153321651718509
-0.375654570328866	0.800240907472619
0.184334233861646	0.28440829142038
0.0743517386094145	0.111739443878362
-0.119826547893799	0.185849352902029
-0.36762490019647	0.66486543224534
0.0525249393349854	0.429033851498958
0.0425847222728012	0.233957237197165
-0.0353640909630703	0.130301560259996
-0.0732213446367457	0.271792505874526
0.0817016647185407	0.298921474220958
-0.0361582622961939	0.114366062634167
-0.142486494183943	0.581172705573425
-0.188993875757573	0.835899137297306
0.0896049750527163	0.301481635053279
0.175155080632764	0.628272197856655
-0.0270762048586743	0.0642291357019291
0.141739574929734	0.45952982042707
-0.0277987764126076	0.0633980068645019
-0.195828241821039	0.654229185211823
-0.178635994842916	0.501773056982493
0.35550111231601	1.281023157947
0.0320545562672184	0.0597132541309052
-0.0256521105373475	0.0470982632029686
0.135924892658652	0.31257060167618
-0.330127206626466	0.863438302305878
0.192786474575296	0.429303160619541
0.235207958185823	0.530850277273258
-0.58519831978111	1.70002448121671
-0.453352775459063	1.07260997708007
0.0767579136208747	0.110670110075003
-0.145524957122331	0.241128923734855
-0.311404022616024	0.511976574696383
0.169126144905427	0.229483740282911
0.00656623858308504	0.00646254101919929
-0.156492744840087	0.174836041621693
0.233700475936832	0.335969827492404
-0.476877392323197	0.922936810029351
-0.524477411155549	1.04768697670822
-0.417556352936561	0.693799038410312
0.00656359735650263	0.00743004327191813
0.17817403670914	0.230444770446501
-0.175163324241865	0.205123312328754
0.221564829713295	0.225955124736654
0.199485233867001	0.252397399822128
-0.38947411871812	0.625454223103446
0.0567102917355517	0.0699011015933942
0.261334447940877	0.480407289449657
0.603786724752543	1.19688206625886
0.348025933848228	0.58144769405869
-0.408204086938215	0.633570792458322
-0.0612174683510888	0.0622228173010783
-0.0902295068460248	0.105583612540291
0.256019799584084	0.360585800882203
-0.4986586217385	0.913652173081879
-0.280204111694761	0.373169141048971
-1.61132676695277	2.85482976970026
-0.158073744428077	0.231342597763786
0.189839342364047	0.276639509880974
-0.0258026332440596	0.0359333435945361
0.342772669333151	0.754320948113852
0.366810831314844	0.904661155304587
-0.226139862868389	0.424857458084617
0.00881920901875849	0.0121430030193095
-0.168505355640337	0.296852392421354
-0.354953458422197	0.73506803878578
-0.524351868550953	1.04713149009888
-0.0635591726767363	0.077121931124298
0.261605929928988	0.377420657903952
-0.177625848703089	0.243881809470829
0.1101702618165	0.150494339911835
0.576593159366194	1.52479976904382
-0.317041456829012	0.701930902321923
-0.487022666332263	1.04869626731723
-0.0468218523124692	0.0630973687879928
-0.0809536434303435	0.124992347030029
-0.161142648219943	0.259561196990566
-0.265247980723321	0.460361938866989
0.492418822450444	1.23738519679958
0.451995492985206	0.814889004896547
-0.420157907910157	0.967393558180603
0.49001886975234	1.24478743288425
0.550794947514534	1.20937570903771
0.128909209121378	0.16545404974792
-0.133962089870766	0.176515157987926
-0.331279332780585	0.495012979644372
-0.0471047097236836	0.0701661386608739
-0.247925155804829	0.454848157100451
0.089420003571323	0.127755796767989
-0.0803463790259325	0.123990676304517
-0.177702828871504	0.244009289149566
-0.215924330116316	0.318815813948822
-0.621621839226806	1.35297069567766
0.0792361798963216	0.699223966637265
0.0558798570494666	0.358724762568474
0.126126731069063	0.843429897165565
-0.131210187670002	0.862850259117526
0.0829021855698696	0.454972602124713
0.0742376561293525	0.364830801275227
0.0849846865849893	0.407615508987697
-0.0818430646565463	0.359081566106441
-0.138937032372301	0.592444114501648
0.154378219780733	0.647570072742405
-0.291077981583475	1.42503876291841
0.0161673811214432	0.0422073617862657
-0.402217820371649	2.12294020082912
-0.211374950905545	0.767842553237597
-0.192829147962375	0.642833487468693
0.0885591259749465	0.223559499221307
-0.0895904981773902	0.206402153967297
-0.165289925368575	0.436787254557605
-0.0580511958056421	0.121132393583871
-0.151614458941566	0.407138033779978
-0.00366565251499648	0.00687535225388078
0.240545257654343	0.565468691439928
0.147976289073486	0.265176754422231
-0.0118023852695758	0.0163830703691525
-0.387809413996605	0.868666403615652
0.412904135010826	1.00573993785002
0.0897831929616427	0.128326961747939
-0.138022457547318	0.16875346175352
-0.194177885743431	0.304508112707818
-0.288189894493986	0.516430155711318
-0.582207020351412	1.07112193827007
-0.471855945699866	0.837432296659508
0.423183541416381	0.901481117841393
-0.0106353189239914	0.0123260669029188
0.0172038238964849	0.0200005298195775
-0.15522766799436	0.164730924197773
-0.326497544428276	0.397413213794186
-0.126511508828205	0.11996525272437
0.168558858035731	0.228593860800252
0.272141783739635	0.411424098097767
0.278061072043102	0.430780192230495
-0.100534472268089	0.10731960352404
0.413308478072125	0.69678913031451
-0.553014583309873	1.01657459673313
0.362768325458517	0.6808105599751
0.815070843742232	1.49179105429293
0.0201039180000011	0.0192652800385946
0.404066518688258	0.514515185970497
-0.175124627594655	0.164830238520155
-0.366085133425593	0.358473035022751
0.239638244664181	0.352695632635121
0.0944336424459348	0.123086980303382
0.0508397050769837	0.0770997245712828
0.054499373368943	0.0869085169115746
0.117987877497054	0.197529685066778
0.163108303364432	0.33241265308228
-0.145814397784246	0.241704996522745
-0.227131576906083	0.415667719461504
0.152236755753646	0.295459656731578
-0.477053093318309	0.923160918683451
0.363600108089075	0.532205087641414
-0.311918275376607	0.36190460384133
-0.336911399701538	0.572654674790653
0.368700371728642	0.770714108699989
-0.204856618492938	0.342237177943522
0.366156568838205	0.72176820817061
0.339185988886256	0.662480263777434
0.157012485698768	0.272979037625834
0.0405094965420288	0.061665810349584
0.106530792829252	0.189188461149014
0.0073180535998716	0.0107072399024039
-0.107865665977012	0.16210798402865
-0.00751202042956643	0.00972495711980628
-0.259213822537096	0.579582089535145
0.596191637711036	1.64171300449528
0.0852844003407405	0.108363195726508
-0.517678860865256	0.774382537209369
-0.137885984390328	0.168591765639262
-0.620827697393322	1.03527884966892
-0.525225129757801	0.964017208855527
0.109695335914848	0.133274459587789
-0.177702236434097	0.24399919046093
-0.122586972956228	0.178405615693909
-0.227517882992096	0.392924987148304
-0.473462263322196	0.865752843987504
0.033614777348054	0.0443552520289504
0.021129758245089	0.146978222980663
0.0593276916581614	0.438501929379101
-0.035664715628614	0.199250300642452
-0.00445608722838098	0.0198584088803283
0.0927683015394523	0.560162547717051
0.0538774212354707	0.251171263146119
-0.164916654425457	1.09453803171057
-0.00723150244044659	0.0236306417560349
-0.0336132037886541	0.110315097817828
-0.289723112754769	1.57933603495329
-0.231503585463854	1.01960197821326
-0.400372171541796	1.95781456633082
-0.00655003983409681	0.0153648524939617
-0.173492374216721	0.573071236293638
-0.0127011379256648	0.0284175093824611
0.168336989346916	0.583035882494941
-0.132361002488232	0.40838489994034
0.0863369275762691	0.216036838977487
0.0333552505038632	0.0748293038767134
-0.026096995413022	0.0514911705015318
-0.418720511529442	1.22398328319587
0.327577699253859	0.838560674985553
0.135445623499948	0.284289594717914
-0.466685240714157	1.4262660618247
0.241291897052306	0.509167825157041
-0.204915950732065	0.342359551144927
-0.280195007811553	0.373157561758158
0.534891276439503	0.9137985516834
-0.0547240905815087	0.0737290184778012
-0.157776409001929	0.238404176484245
-0.185057345167903	0.31779572446605
0.206903522130434	0.2688479686046
0.193521199691178	0.310218457335341
0.776784605813028	2.22653582211591
0.00977178190653612	0.00850481244335381
-0.586954278905721	0.875942634228133
-0.587220124406965	0.876777530563128
0.341742562403649	0.546669543160704
-0.442330254770085	0.736110106587141
0.516495489739083	1.12665450945041
-0.211983521381884	0.292316025044386
0.240143980167923	0.3914185261337
-0.285460046034461	0.453465838540383
-0.145684790689699	0.212786291685176
-0.15676808128368	0.183688927783355
0.554462333817512	0.851604416796199
0.680701191542012	1.43717548860682
0.343254770034234	0.388823711633959
-0.295035492858592	0.325614796246254
0.336974571027374	0.526194302631975
0.0519123678944505	0.0691957555518364
-0.0149522420583142	0.0214674024527806
-0.275693746378562	0.709251025318871
-0.166749320696113	0.3398842598432
0.174435908090952	0.329697323063091
0.0925555882548741	0.162611187588553
0.131825044319246	0.246740439271796
-0.426118860677869	1.18204469983393
-0.597863573015722	1.26641925871886
-0.369704628723691	0.727344085154559
0.492860503380342	0.80281444587086
1.04332552368004	2.9766356254429
-0.133379594222984	0.227242870786401
0.255449935677287	0.525608487787903
0.0918868419899891	0.139669199661536
-0.204753463548677	0.341980031168044
0.343963113204642	0.785316780512764
-0.128413705745932	0.246733764740964
-0.00307470724603574	0.00501890331498749
0.0848249403928547	0.162430269339883
0.324717979980591	0.774795531850051
0.586937611444139	1.29595781696185
0.124718723789496	0.214828461924175
0.49103606192591	1.418316213902
0.262011830996985	0.378257896047944
0.219353943173413	0.264459832484562
-0.0905430544482514	0.106002821478307
-0.509845625825771	0.703291001421997
0.211877542405032	0.336034284285109
-0.177281154622747	0.2433227594586
-0.499265493455142	0.941267280392521
-0.259791687383553	0.372833808898111
-0.0842149802770018	0.0900043811964256
-0.0700534463570305	0.0979479427446342
-0.147002619775848	0.221966151564702
0.313556197408089	0.606590317876294
-0.23047237254708	0.318345810357618
-0.265021291607881	0.528215467545296
-0.00910984167666198	0.0583262428401828
0.0497941361328829	0.322246542461943
-0.0932417584862935	0.600902524907002
-0.0370752312768449	0.175894504153733
-0.00406806784036991	0.0157069406748181
0.0832365711753606	0.426685317315556
-0.114154562006935	0.577866373716432
-0.0508321611052795	0.183378310198068
0.0327796319918912	0.0920291211333
0.424743095043159	2.61196362007036
-0.0694381247569284	0.187204915717773
0.143378438716546	0.476584933657706
0.200254729603132	0.663463379884621
-0.108163359308613	0.304831696845623
-0.074548475992748	0.202291922345815
-0.134445804255568	0.422798135164342
0.0445207957638105	0.106990103505943
-0.303085320686269	1.03501823730971
-0.0180173765550481	0.0335874166950741
0.121101366481009	0.248773722227195
0.597177103274806	1.9205606232418
-0.190785360151914	0.409055517271322
-0.407560730021803	1.08663876090034
0.0195395694732579	0.0267571235143671
0.0710347095923295	0.0955768696055419
0.161475694892442	0.197767145130906
-0.0727530313436476	0.0815387501267574
0.234963705547736	0.420066249278877
0.419788500060306	0.768876987902434
0.0960362001562731	0.140013895003201
0.564152357222299	1.0928178109723
0.0011165178759168	0.00139882194559709
0.0816937925483233	0.119873287289229
0.0963056128416832	0.0963964438971313
0.674555954636881	1.24361544774827
-0.461562343611574	0.584021458684854
0.0438291765374134	0.0473292293304698
0.0999861889752464	0.118191603426552
0.087436275135407	0.105895673030375
-0.188870448851951	0.268644601291716
-0.138013298148388	0.168771939495471
-0.236019000096856	0.372404128588481
-0.381338480881016	0.671095112741291
0.595232222981527	0.981325626901821
-0.481650715741026	0.693326574950471
0.0629392893303899	0.0626181032419087
0.135571798682194	0.152773797690117
-0.745824043967721	1.19532321763535
0.0371745171557413	0.0474421871435967
0.213952210955271	0.379188693971209
0.00263999359582945	0.00357012740520591
0.323191722232366	0.738469599433493
-0.217324838082943	0.429090706837487
0.0609820369303994	0.103141958255812
-0.0223922327726394	0.0331583807197738
0.203597842050966	0.41461929164066
-0.0803463790259325	0.123990676304517
0.140872460448194	0.21347324036026
-0.446683488446584	0.79007567136335
-0.54839957658272	1.18711895565586
-0.285307873876323	0.481814791022617
0.0971202856939133	0.150212787079973
0.175892258452594	0.28431302189971
-0.0678933225129496	0.0981109412164784
-0.463754582275396	1.07249773928834
0.446760493436336	1.25321312303622
0.307869092161089	0.749917738425267
0.402841479570115	1.11513785099713
0.00130726999584523	0.00198634242690974
0.406094904792893	1.08496431073204
0.328662429573603	0.580080213293815
-0.554867612692518	1.6053837690007
0.345564015482759	0.851400071115003
0.0901982521518506	0.10369068737264
-0.723091180940838	1.50025931399755
-0.40257391126318	0.710277239300955
-0.240802108920853	0.344969210117801
-0.285536917764825	0.453646688868143
-0.0642553542425011	0.0867175692845848
-0.6961418026699	1.40342859108945
-0.784489258236656	1.67408786043184
-0.218568498755586	0.29042430928935
-0.300544113692415	0.432445869377923
-0.0918585732922358	0.11609396446573
-0.016611119051595	0.0199934962831943
0.473986802458161	1.1132239458009
0.0280291650155168	0.0334825417524125
0.0254105985276452	0.176701555959401
-0.00165861300008664	0.009299928501459
0.0611376099015718	0.363918236073915
0.0378922758181213	0.192863045661813
-0.1063395114133	0.653803570402262
-0.0910334026296979	0.405736203393522
-0.0923210004226546	0.400940352309895
-0.161724930771369	0.714653554665859
-0.090611487187455	0.320626757870565
0.0152508891674331	0.04180785331867
-0.280759037372681	1.39876686718605
-0.271882010591059	1.16779357080888
0.0831699931231081	0.226814171037527
0.0111450366699328	0.0233299401651232
-0.17990897422394	0.512193281758682
0.248791500286187	0.762992270947592
-0.398960678118915	1.56240048777191
-0.106801999065869	0.252765134819875
-0.420709556808673	1.4729974376044
0.0682990705099036	0.142462942660119
0.0686718900290469	0.110734234800934
-0.066126883197141	0.104845375985085
0.0126145035820155	0.016941098419039
0.615487755804486	1.76355364260524
-0.125625595799042	0.188972728178546
-0.088755208745675	0.124436971811793
-0.126271008794902	0.190143065664105
0.203048823184405	0.376721647215111
-0.0468216581644133	0.0675717035025263
0.0464425527009572	0.0557488198204427
0.0998955103537438	0.118079354336026
-0.606512723437659	1.18487528338963
-0.269862728043615	0.373663083929015
-0.269850452728661	0.373575107914151
0.00855653639434139	0.00892296380796585
0.282964965769726	0.448391991990315
0.200921132171939	0.280687890796603
0.0243439975231937	0.0276248284422081
0.357677491474434	0.487387181867777
0.201102390947269	0.280992037998789
0.128606718495574	0.165030416472082
-0.402367458078267	0.709871324005967
-0.0175947758646512	0.0179612695554218
-0.169221719310304	0.215584705484147
0.315570500151635	0.513797186310108
0.490986446657157	0.834687380236263
0.411275916087092	0.67802784714814
-0.159145854856416	0.248339286482985
-0.11964808958002	0.157349470175783
-0.225823947383156	0.457270298305486
-0.182515782523531	0.294928830320708
-0.185356030098781	0.318422686087798
-0.046716141897351	0.0695109481915696
-0.0640580137403726	0.0864473224246034
-0.13697879101916	0.226653246650851
-0.0596316389661082	0.0916803916545863
0.293271019335291	0.585886740403397
-0.473594610115708	0.866044974096984
0.392640494065928	0.755010116641479
0.394206283100552	0.819249766045055
0.287196722268983	0.541665410784034
-0.317536634306247	0.654452378524126
0.848564727598483	2.79891330947156
-0.356310874769674	0.662078714891834
-0.354306340010342	0.695572740146748
-0.142634548380239	0.229329117764505
0.110131571886947	0.150445877994547
0.168845674515899	0.310675540437873
-0.117156617781302	0.198616433309173
-0.613446117567952	1.47036582566209
0.129148096165093	0.238792905208929
0.022133926495501	0.0339359349011952
0.315281040317705	0.61918027985578
0.0772795572217641	0.106108565370615
-0.774116604567114	1.69685841670956
0.904734081591259	2.11764364528942
-0.0768512600908511	0.0934186362742094
0.0518739529888367	0.0691156243697676
0.097232921150622	0.134760211035666
0.673839650860101	1.68167971767392
-0.0578324891688326	0.0647522630640977
-0.120921720812088	0.170295242393142
-0.22280521149294	0.318533025417067
0.0462582407811015	0.0634564207954413
0.450619786232802	0.995446530291873
0.0776935630571354	0.112113848820025
0.013471249545248	0.0860265317783794
0.00841972354493848	0.0435530784357137
-0.0869235961560211	0.573765084679037
-0.00720879449847914	0.031397608499341
0.00149127214347387	0.00474089685981547
0.0263366036819262	0.0951934453284846
0.0602818758289177	0.227778656124883
-0.181279904470202	0.882697935872325
-0.216413813546094	1.09249812024941
-0.0349334871410397	0.104636213572492
0.0698856985559277	0.212307828395696
0.127586713805193	0.394476195210646
0.117322337947556	0.283795151809292
-0.0799297691243388	0.163381354509695
-0.0991734824116394	0.215988465727123
0.238474272425431	0.728112988778682
0.354858917132363	1.48283199443555
-0.122801510605354	0.28900705484939
-0.140851828515165	0.3358251956318
-0.124140518341617	0.249005859728712
0.225305709662604	0.428727068261412
0.198177171137453	0.357640901307881
0.457134837084408	1.20018913712946
-0.309635635605753	0.621314828101365
-0.235971772437992	0.443923907642479
0.146125300458671	0.242648194118763
-0.0862951705128192	0.137449504355247
0.216377906260016	0.349856240432435
-0.475822183134284	1.07570128096526
-0.0731706039060276	0.082006285927628
0.803259644008067	2.37148743971371
-0.0336268877443636	0.0421046436947856
0.386729851285128	0.690932523401921
0.565386994919288	1.54256920651493
-0.476641863637145	0.92204867486047
-0.366375085639696	0.587301125359961
0.51597229866956	1.12468883561548
0.24429346170671	0.327250051603686
-0.136293183526115	0.173289139787319
0.531808030054698	0.926566473629542
-0.575546439336815	1.15420991279111
-0.249801435929786	0.3455062204524
0.232421397676321	0.295653301473949
-0.419250096842877	0.828335262827488
-0.232422260131394	0.343816002786786
-0.356240075858793	0.661928332320256
-0.178065373279998	0.31439625579517
0.0361669366369214	0.0500955345971953
0.0759304779743715	0.12029682428878
0.468815794545288	1.14142977289826
0.13462589757128	0.227763454547597
0.22776834844861	0.388743007901991
0.341727318621327	0.706045623592785
0.291544797206519	0.481915588666773
-0.103867783231531	0.160997143242327
0.31769483498161	0.658192399689748
-0.52432835738657	1.07511381428136
-0.474970935687487	1.25699693699522
-0.12861344719071	0.212453966120865
-0.548953658406983	1.21839505136499
0.157071207999986	0.235591113547446
0.0757470976888479	0.119970190427024
0.333375367330963	0.610089021850742
-0.12093738369031	0.187938317264711
-0.36935879785749	0.726244855179217
0.17331971669972	0.25663741499202
0.0822649344829209	0.120804242225712
-0.0458945198093544	0.0639990644135436
-0.0467249918088438	0.0629557690112836
-0.375213485481058	0.839191485514456
0.293737466962075	0.594302864290301
0.28704571688437	0.541336631860544
-0.276368111609073	0.45213618808566
-0.0329568456947827	0.0474385615758331
0.0467003214230979	0.0669972438435468
-0.379112157890631	0.726089219402703
-0.159079212984045	0.225274673209466
0.0941285435065854	0.122620584014615
0.0587132133764727	0.079874753286917
-0.0223642649723071	0.0289871367333965
0.145289360120498	0.196139902799851
-0.667295063286898	1.53068291146549
-0.261549143020751	0.466997418192108
0.036235729286436	0.054342499915294
0.0179520278168271	0.120851058349112
-0.00672199122243078	0.0367941627683577
0.0634882024332773	0.373523215842293
0.109478674011409	0.538124534947181
-0.194446006199072	1.20027157940594
-0.0868245676316121	0.376898732597128
-0.0690156944523076	0.247905606428853
0.0234546233946514	0.0664928924670909
0.0675177173898574	0.201159930406389
0.0020993908068402	0.00456675408272995
-0.0532504952538293	0.138134752562916
0.224427959424048	0.82977423699187
0.075826746014921	0.181572458869612
0.310397538594979	1.26746284469795
-0.141610357455455	0.400246055145713
-0.0351529991223219	0.076195490464784
0.0744418575943571	0.127362297198033
0.155612698533501	0.306073984417978
0.283411353327515	0.633626664455242
-0.235818599836882	0.467677224626791
0.216306464151471	0.388971979051155
0.206693921950968	0.26851831782156
-0.0769955868478314	0.0936098560795679
0.0791486201736046	0.0883606738823077
0.36742276792383	0.746439167280598
-0.20746822374849	0.326024290904786
0.393874704508377	0.770297190271147
-0.309171463151685	0.461280514132556
-0.165271163044245	0.218647809823358
0.574833757671034	1.34745387865414
0.509928559482665	0.727039782873638
-0.326475383574512	0.434654977651294
-0.621045100007625	1.03588318056679
0.0279473712814966	0.033379800492934
0.212020568198752	0.33632734886832
-0.59510170136309	1.29232304991436
-0.314171745417917	0.400613241157612
0.384238392970334	0.672553112125844
-0.251279964582906	0.39723940881019
0.0943356734801593	0.122891853170741
-0.170628100306123	0.249824118151683
-0.414832646052316	0.574203284022734
-0.456671726654687	0.683820897176075
-0.854174729305592	1.16184365422158
-0.372289911757528	0.429944262831742
0.0106031558673921	0.0125987348908063
0.654688278879227	2.00094115763105
-0.125508788385417	0.224828878176947
0.00937257838288927	0.0142038737092341
0.000210883717800904	0.000323018447631599
-0.773077751574765	2.81449894519365
-0.125567715818105	0.213526166690474
-0.303457336807791	0.74442910925547
-0.0353721865638652	0.0541066229039968
0.0293001575850124	0.039794019021753
0.167133461633789	0.242124152694533
0.340823751290837	0.544682974120732
0.0997773517656473	0.117919671253579
0.0107099851168428	0.0153470944227251
-0.27481074664988	0.491703331282963
0.178853969753579	0.319225102122095
-0.227076040609216	0.403877394430758
-0.0732176079300067	0.112829067205846
0.321144729933045	0.708425598055027
0.449110697208394	1.23653687677336
-0.275043736652359	0.630643875762146
-0.0798685931696995	0.127120723594537
0.0582764509675472	0.0792471356318607
0.222941272357374	0.464802504815648
0.0349212694237712	0.0592742157085767
0.109965820568149	0.133690264347822
-0.135874817079541	0.144518075086787
-0.105190504492035	0.133061763177578
0.530172935695479	0.943734668546094
-0.382093337368765	0.793122933524236
0.422183953391205	0.803086098072424
-0.207472665375015	0.326038645359783
0.0765720827013901	0.0901175034281497
-0.270083006627284	0.374008102422842
0.39378451363011	0.769983519658735
0.342353533659149	0.726266710868484
-0.098804566996878	0.148269152841959
-0.325892323941303	0.689866552877169
-0.18482364703942	0.271406301041084
0.0428581185279033	0.337321711550694
-0.0121931621510222	0.0623237948012329
0.0806791280468316	0.397377841732635
-0.0392729325178067	0.168448251008676
0.0114604164774991	0.0396935535025879
0.00314302996413271	0.00991802993247386
0.0934497750835944	0.381396405730562
-0.000472641012927036	0.00130557162623173
-0.00637028919298509	0.0168138095430263
0.221274759574853	0.879653990438435
0.0913362129839475	0.241660260568061
-0.024036725249614	0.0480739016527728
0.32232171642553	1.16934935841731
-0.119878143533753	0.335376898812448
0.0681053822275177	0.15796051888402
-0.399504687070215	1.31650973494946
-0.00276200462798631	0.00500329817232098
-0.305375636030681	0.792927965629119
0.0682712762792175	0.130721269974772
-0.129067305546036	0.225575587550751
-0.189296177732818	0.26941717197517
0.318069577636685	0.659381115617602
0.393528657102959	0.864042858359447
-0.722924882737975	2.20507061465308
0.270529791171732	0.534405280092013
0.133794365474856	0.211351666287102
0.231644999235201	0.362858462953227
-0.136138690888027	0.205209210695719
-0.193764164022296	0.313576893935973
0.278898462338483	0.493445015146376
0.115037470976681	0.150702791988193
0.510921173513644	1.16447460716342
-0.183137480065922	0.277905232082051
-0.2594172149838	0.398019694768026
0.143430734127403	0.179845533885981
0.0876872085779181	0.106233080955312
0.245789280825785	0.370489053708588
-0.49916549376906	0.941395165073218
-0.249486316453961	0.344959428041994
-0.0580088827484329	0.0649793175717532
-0.59306821311407	1.35380394935741
-0.23264155201316	0.344303366349137
0.0942933601164951	0.122880923560134
0.0661864116309619	0.0757576645701017
0.174529805424326	0.329916230853383
0.124080756405958	0.213490124745491
0.365153141866883	0.945647203770369
0.258379107018045	0.544825426048864
0.476310889750221	1.30076525479203
0.235863978667923	0.479569324713108
-0.367948750335126	0.762372404825551
-0.301313969919992	0.58815092185946
0.583275483826821	1.93362297143706
0.181704356413456	0.328992669050177
-0.401587163141231	0.901538349212673
0.120428647190041	0.180654596411689
-0.173319587591573	0.288360304291963
-0.281400836893961	0.590685149279323
0.210396865912948	0.406882041124046
0.386035649528312	0.990505005603842
-0.151645511364079	0.244042973334287
0.366922849663955	0.826719620681617
-0.325598683307633	0.689111557399345
0.204646005513223	0.345573436708585
-0.256475529624217	0.497463825695439
0.00669199119110463	0.00944140766999102
-0.055830237301363	0.0753321281668062
0.253435789315633	0.51465987268513
-0.0243066539221584	0.0370736685088886
0.215837616416552	0.38785413064449
0.326473598220479	0.475673467179116
-0.105827459083799	0.134021880155774
-0.109084525830589	0.153268899629934
-0.106964487019175	0.160554303801567
-0.513926095755579	1.19429996004965
-0.0643084013321185	0.0868125734935745
0.0360999710671641	0.0421824184236386
-0.442045562385022	0.899511500589979
0.0856454535295764	0.108881421089518
0.131589793820715	0.180977562953812
0.154954856742143	0.247906748668609
-0.106161676756449	0.174799316784033
-0.112460372649582	0.163513096686515
-0.00151559161909445	0.00883236755804387
-0.00214897156093486	0.0114427477138437
-0.0229266291084789	0.130361472699669
-0.0636924946038287	0.308252720246704
0.0161475913635783	0.0594418795703069
0.0198340773228047	0.0750318851488533
0.0800374902165236	0.312708962857244
-0.117080736982395	0.44377964167498
0.145614587665063	0.542958375292517
-0.068903660735875	0.175392199190829
-0.518441283436958	2.66816931143477
-0.309842652945498	1.24698330502496
-0.00926149383481549	0.0208441330310275
-0.00208934956196053	0.00474333936188326
-0.189329350991875	0.49315245234205
-0.141291467752131	0.34744090914093
0.0432198780905684	0.0733052593694477
0.163140549643079	0.372058603310356
0.472703691230967	1.31533171209135
-0.159390223124229	0.302446111076011
0.548915862590448	1.42260165530909
0.105735663463317	0.15975821135888
-0.299710192753836	0.646655961664962
-0.38782556495659	0.86867934370394
0.0401669818636775	0.0611119666235661
0.259637654651993	0.470183660217089
0.802276058813167	2.03085073612136
0.0449514299324257	0.0586655658087684
0.0750192910530932	0.0972105398687447
-0.106880641217668	0.145138382868147
-0.302016605349097	0.54198980792637
0.257209245042417	0.458291819285004
0.256183454656133	0.403594371793625
-0.0868954029055841	0.138525588565243
-0.553509212817947	0.985883775603092
0.454734076117233	0.917296913445129
0.162403751104843	0.248478160891992
-0.00570750490785318	0.00711338851907939
-0.0920277115773674	0.116327432234611
-0.033414743249619	0.0418442224674736
-0.401672327361629	0.792466462001941
0.362486513122794	0.679945195164939
0.152241706372957	0.196105448439022
0.384518308018149	1.02542183597722
0.0277480891432542	0.0445864778010927
0.124424433944594	0.214282226807253
0.277847299336651	0.592198981988588
-0.309695660592647	0.668832857483464
0.387181070082829	0.974127333841185
0.431540424472159	1.13248065572191
0.184126207744792	0.337979940639726
0.0809244353751094	0.130280695138432
-0.0176444469904213	0.0261279912028277
0.481722641211543	1.27668265298214
0.0406410264973242	0.0547462531898487
-0.302273616079198	0.63688778287806
0.305782580539807	0.722092149208953
0.152924466962809	0.261720509728724
-0.457713452721369	1.18363525936892
0.0866995461142611	0.129466665673202
0.196265048783513	0.292526392215166
0.041793846684305	0.0589465048178336
0.103650721056683	0.146686091605408
0.288444748680981	0.551962039765851
0.0159600013549394	0.0232487965978371
0.550588826386507	1.20819294068701
0.0820200394539655	0.120395061661261
0.151730570246959	0.294092553817535
-0.215469990542865	0.371164479379792
-0.106114289116821	0.139265527676137
-0.349581771133695	0.742296104587949
0.167324147324398	0.242485502142725
0.179679111833475	0.295433492351707
0.0583183999041434	0.0792907810734111
0.723621430551458	1.94997171582376
-0.0634049179511488	0.0769180066096334
0.120494938355471	0.180752573245724
-0.0222551658027568	0.0288381572703374
1.0050622159039	3.15364346101657
-0.819940719016805	2.22523573065188
-0.0536058093634301	0.0774145993963561
0.120259400098801	0.180347205906695
-0.197198743503534	0.358952444714749
-0.00931019993710567	0.0596874944860061
-0.00460414351675544	0.0245010161349134
0.0098756993232155	0.0350985003176935
-0.155660790126714	0.839139967118867
-0.0850690931305761	0.372106669955054
-0.147905566089318	0.624884535486907
0.0131446053635543	0.0363717680707049
-0.144316219045311	0.545587875714997
-0.175768879332829	0.606253659486831
-0.32305913159078	1.43418375789632
0.131149520581052	0.412347540124012
-0.0360514403739893	0.0856663814272482
0.185083083211477	0.601743053995445
0.0120773887065351	0.024304389817837
-0.263536850287317	0.81029897593992
0.0510545531188233	0.102160042416616
-0.211520865454119	0.456497870779407
-0.516426573127067	1.6478575097971
-0.155282527050207	0.280445704428525
-0.324413347588116	0.600352223551527
0.0969465129189387	0.134307287125553
-0.170666498701615	0.309037201390388
-0.0595733314777335	0.0942623145841935
-0.164179071174915	0.272989654790573
0.365428841476006	0.709145668771808
-0.216483438905314	0.395396243276626
0.100294810738165	0.165737326437266
-0.171532458712022	0.276699253343795
0.552831849877543	1.19429255710715
0.636424607495715	1.33972357340928
0.287480325584876	0.542421721649221
0.204393071893611	0.345055161187211
-0.108877527360459	0.17416760421952
0.340101643417132	0.674302941820748
0.441851302449623	1.06502890585695
-0.347117835973286	0.662494300295328
0.215761111096033	0.387707119815362
0.189379897052497	0.297852490539912
0.0194583981633774	0.0236802630880977
0.0238176455896874	0.0317658655892497
0.454976879720883	0.902458619065715
0.0296661011346539	0.0403038164748192
-0.275371713688162	0.549610383614561
-0.107229216760858	0.200132008995651
-0.171019917892333	0.309842523540133
-0.0599576276534192	0.097550172624999
0.205670703491028	0.423876776145694
0.115869011636171	0.203026432790267
0.000621278878854898	0.000802064824135032
0.251888645524711	0.504841521973571
0.36662300228668	0.865652902769822
0.140872439566487	0.259834116662518
-0.116218954708054	0.174688217780114
0.115270696213592	0.169720661254103
-0.395413090985015	0.865464344936691
0.548424810711373	1.22293582857924
0.142761892507177	0.233433365327811
0.0108758523164914	0.015589360016415
0.023940373388973	0.0319307434129632
-0.333070441547336	0.599833600085448
0.341170946029616	0.695307913049987
-0.0745011848315485	0.111378542328038
0.20171036150026	0.405879211248241
-0.0308086988967719	0.0414368578436917
-0.255386711693638	0.429441265656109
0.189772655128922	0.298623772708963
-0.095984605101816	0.148629425940523
0.569032628958774	1.37252544696862
0.236164844655253	0.377562580678452
0.123712579384012	0.176432975760803
0.251780817392588	0.433966439871708
-0.0588166745187566	0.076573121550272
-0.974734492363059	3.65150113293995
0.226142508853741	0.34673487306042
0.265454297651073	0.435998376570437
-0.145580815238662	0.205720759557927
-0.0919762013674526	0.116259721106564
-0.353574405864781	0.528913627440943
-0.0693354078055285	0.0967901659269101
-0.0507830275392789	0.0614808868070194
-0.225698963709425	0.288404428393742
0.0355090258962154	0.24349611253801
-0.0389548756359161	0.248702177136088
0.0653751186228305	0.380071310340593
0.152872140818275	1.19478206226842
-0.180238747451588	1.05541003058475
-0.040198542514908	0.132250765882986
-0.224117559027224	1.02912388681996
0.315072774137501	1.20112769746873
-0.0565285747944613	0.128310371909646
0.0991920007320851	0.245326986945833
-0.0934443465583506	0.246794683932406
0.102345761710727	0.28384452715046
0.202159899873442	0.574717171441345
0.0587545082978056	0.131594139587118
0.346231094714506	0.929195325649435
0.0251397096812446	0.0477049580668355
0.0648343542852605	0.111161510203705
0.184491247930968	0.338795920067954
0.146416069959198	0.243217896341349
0.293703119641411	0.594155033122963
0.516380412576691	1.33888531700804
-0.0368464516086079	0.0579824923315688
0.315757635922235	0.628719965434707
0.367643931045882	0.757695939040921
-0.0206379376317993	0.0296545753758201
0.317091452413823	0.640321627771898
-0.125939115944197	0.189563879681152
-0.194192628759805	0.267096879368353
0.14551294003793	0.224554150403412
-0.0984662869744872	0.138158122602574
0.268949441100524	0.450227494814077
-0.194282488732695	0.304693892189961
-0.170143100897211	0.257570310248696
0.446702852878108	1.02635489508647
-0.162204833211894	0.2615331466005
-0.0913332527302236	0.111258066574563
-0.173803749515926	0.246679576201938
0.173532188823514	0.256944675969659
0.179710178315353	0.295524337968379
0.17310638831955	0.25618843884698
0.0705485106598768	0.0948466286194499
0.346462638347869	0.921980710530888
0.0545783256293316	0.0870470947148628
0.157428302674961	0.294030511038534
-0.039887468023692	0.0592711499663407
-0.227134981068525	0.392050998347119
-0.116724014716633	0.186922743395837
-0.151963262493636	0.244650037965583
-0.489827967834847	1.08192415912272
0.438389863786029	1.08000811319796
-0.0551864779112675	0.0744201772404111
0.0774836477219839	0.106423193961073
-0.182896656542905	0.27746582749706
0.102598078491483	0.136957125254724
-0.0169295970812741	0.0203855069089782
-0.293499620150462	0.510861786022944
-0.00956491387274715	0.0128349055869889
0.230914742535565	0.400803970200098
-0.158313533363414	0.231760798484596
-0.0233002937154059	0.0291177713195152
-0.44976444443501	0.820616259769441
-0.0074198712684462	0.00960517990245047
-0.107090606625264	0.145469326190987
0.265449139736636	0.502860703683736
-0.396446589189312	0.760594868443096
0.207905719510183	0.396631132785597
-0.237548869060147	0.422815661181786
0.384242473322621	0.672420217479932
0.0177326079757374	0.0206333805119474
-0.31657766001419	0.568760279785137
-0.325601967251632	0.603099461832915
0.160636613284674	0.227552492044063
-0.30425224085072	0.484603747316804
-0.496684040245749	0.855420202855267
-0.361781135529313	0.635281587593263
-0.119583586954613	0.157249518648193
-0.182773454332076	0.242370371561977
0.0340935385983913	0.0450132985970413
-0.193181665616571	0.321707963963981
-0.210648767009139	0.320857732218491
0.054503684416982	0.469175971913895
-0.00161272656967619	0.00825769067804585
-0.0403010830019967	0.225918413305374
-0.114606036894257	0.612819366757423
-0.153716127564809	0.749173571640777
-0.176366703624959	0.728129211622544
0.0691430598980286	0.180561714792405
0.128086737863002	0.343149417160453
-0.173987071978897	0.532587328590948
-0.0289119854489277	0.0687204736913466
-0.0899668061694427	0.259590952626123
-0.402288898005472	1.7087312525631
0.0221832276282777	0.047727360738863
-0.0420845074580243	0.0795521719663901
0.346061539339015	0.985297305716408
-0.0279799975475613	0.0483407304497508
-0.00266613332465174	0.00381349958437068
-0.235057539276042	0.488726498329476
0.117467065273311	0.196524607402265
0.0606519784119657	0.0949364471241885
-0.464774309842004	1.25137477544611
-0.51623539135115	1.37378983744082
-0.518921776794267	1.40953230725789
0.335542515006907	0.624878015839031
-0.594790367576108	1.55977070732606
-0.221558281941171	0.348908424328415
-0.0844627073469843	0.122354131130152
-0.133283279289329	0.227055238164838
-0.0966015867633285	0.163047902338401
-0.101253898375022	0.161776913939961
0.494800323797429	1.40316913568372
0.0767579136208747	0.110670110075003
0.14070213484975	0.213166973155372
0.0474896805269369	0.0681930281458232
-0.227206522750915	0.392239124638295
0.0744636497173193	0.0964291859649577
0.0359342057202563	0.0497596800085051
0.0842249794996094	0.130895089483444
-0.194248868326989	0.314538618950783
0.524571953914934	1.31715816283665
-0.0602038736065874	0.0926526000348547
0.144471394020934	0.270274933961933
-0.0347866371643262	0.0516969320233232
-0.211769739765244	0.457162745550559
0.0868743627570787	0.129764802801852
-0.128638842449351	0.224709030080183
0.342367495724313	0.726418404722225
-0.149513906439492	0.255441850417134
-0.160257031959553	0.281995959064829
0.412512869825739	1.01704916190011
0.12372293185102	0.166195249798709
-0.134489225332542	0.216143384243877
-0.0341125830478581	0.0506633211485681
-0.651379384003341	1.86628982495602
-0.0960012663575147	0.148648351783382
-0.0612603234743147	0.0885775010864141
0.181681052879477	0.32894225358783
-0.188228851066502	0.342157216744855
-0.0122615888377948	0.0170318923841232
-0.177023073376928	0.312163511402855
0.350926904225682	0.598402570928043
-0.449892501884978	0.820771425550759
-0.0536203862352649	0.0748241944339411
-0.12877795321625	0.21280507994605
-0.226580719072623	0.470091729071248
-0.0687348156011285	0.0994683508870541
0.0895894758751887	0.128034896050384
-0.00996206785034688	0.0133739493349869
-0.170962045225817	0.275368422832341
0.250428538498676	0.49560594239834
0.423406906960778	0.847537920809004
0.22108344027746	0.364446042941911
0.0953315356648243	0.138882767788397
-0.0121315263700332	0.0168451617404564
0.126943259463416	0.208221063804498
-0.186274938358819	0.329075356832526
-0.0849730478886861	0.139155735149118
-0.209093288402812	0.402370735946467
-0.142809226734866	0.229685299458687
-0.2046063641909	0.351895352003927
-0.316962378789703	0.569679025619816
0.0213606059391539	0.146177236619786
-0.00247811278575442	0.0130595773862238
-0.0904293145288142	0.482898118821706
0.0695358202006947	0.289795472041287
-0.151522466850552	0.693655748121123
0.12028426826903	0.360292425698578
0.0721871243818984	0.179683809740724
-0.103913823697951	0.302517680027868
0.000139299075318537	0.0003209611138238
-0.114465545751446	0.359962940028683
-0.0216292811137238	0.0499795197335877
-0.175029539073617	0.589228542178372
0.0402041310744933	0.0734220187136838
0.116721006660118	0.255578346404569
0.0888952083386311	0.166604518959461
0.0522201537375668	0.0885109586653459
-0.0597018651287376	0.0970896280836494
0.0966776479829904	0.165034867987679
0.0919438455296432	0.147298153217449
0.366159783582973	0.902541663786424
0.30822401142312	0.750801686020445
0.491396756782896	1.41971182112108
0.30867702234064	0.569431485473788
-0.174910923829061	0.299582241936988
0.271012361197076	0.541867633439833
0.051507090137804	0.0781810414862292
0.212958079991262	0.417464185475984
-0.0531008415054769	0.0766215024326333
-0.182268304854417	0.294449462154215
-0.185362842378644	0.318428924031979
-0.211940343274363	0.292252656994565
0.0195699624194626	0.0247715558343596
0.141988460408483	0.231935662727039
0.368046271200615	0.769096663279299
-0.368271168367138	0.763411069857798
0.100996443772009	0.167037196191412
-0.116740406226301	0.186967983755322
0.0586043032917499	0.0797333524890089
-0.367960399401426	0.762228756340277
0.0323035725685549	0.0510844819823351
0.107905169996762	0.183585117017175
0.135102631390571	0.242789297023199
0.142719994294167	0.233307588413437
-0.513725622341034	1.19409437758158
-0.00691778363187472	0.00894690627087329
-0.874426250624329	2.94788320755872
-0.268630228981277	0.588956627874323
-0.325909870667208	0.637351506419678
-0.46483151054543	1.32567528037913
0.114656978016214	0.168663492860174
-0.244508727428965	0.497587510933541
0.165778687786154	0.300730620194117
-0.000292419243694882	0.000404604046899214
0.178615331694264	0.318635387182983
0.453635405750078	1.21439133852678
0.671872481589131	2.25424821863337
-0.228963605721632	0.383841828428736
-0.548327535864217	1.1868740859573
-0.193929796927666	0.303968642216696
-0.316788594791652	0.569311009304511
0.00906930860380229	0.0116046906261773
0.455291208736252	0.903396525965513
0.0450941496465467	0.0588658980065884
0.171054038099246	0.340443748102793
-0.195540124403439	0.345841048769559
0.162306535762595	0.248303676822074
-0.0991439810550775	0.14880336567818
0.140634795070463	0.213046513319906
0.443644597199509	1.0440690483598
-0.158981655252268	0.225111433816964
-0.0305621496927765	0.0341718711072887
0.240423187491833	0.392008192133217
0.0194549459682637	0.0236761615564961
-0.278899130185289	0.484610681449843
0.508232092124543	1.17368878355885
-0.00999721968231906	0.0134190939727397
0.413048818754191	1.01862660574677
0.120271642660018	0.180382471155167
0.190012018325561	0.328014704538784
-0.205788804228476	0.3336324998909
-0.321613342062126	0.646186153083314
-0.371157339725377	0.614121718097857
0.0594577458927351	0.505227121567582
0.0914276911038309	0.73063422596875
-0.0530839358590222	0.27181231542482
0.00257779448401723	0.0085022615679776
-0.134400330127012	0.449565038587823
0.0775706824056443	0.218512258113371
-0.0738536481533688	0.200140436653689
0.207363917710851	0.881200047207029
-0.0181465542834818	0.0517637781613422
-0.139325652131275	0.510714209118067
-0.191935805101157	0.746163379378282
0.0217105662101081	0.0445652844546619
-0.165728394026781	0.407025489314064
-0.248532219388982	0.708005170734643
-0.435824437499855	1.47377379863594
0.10040392998514	0.197053311809009
0.0486521629347269	0.0917375697559647
0.060428253921461	0.0946144433529131
-0.113355821752747	0.21210399254421
0.210343971818591	0.524117533015025
0.00480341648530474	0.00814883815836052
-0.453442794679824	1.0729791584627
-0.0661230006948453	0.104838655502743
-0.0959472615051348	0.178272599156461
0.152982446985671	0.261866587231089
-0.054284876395327	0.0947183199341768
0.0772665373542594	0.128365756977958
0.0092569404850416	0.0118481014830878
-0.23761836658902	0.422952468426367
-0.129337941096186	0.201054933593612
-0.0460004231356393	0.0641582168070439
-0.302102054157661	0.542170314546137
0.0866014011811566	0.129297488188484
-0.206093728733644	0.334196509169728
-0.0705621660929225	0.124090506369203
0.121458315944891	0.25977046036759
-0.208891528862636	0.401826181829406
0.0555537664416662	0.0953493756301115
0.130030745704757	0.27833597868341
0.679414155741356	2.7369830169825
-0.448877988789506	1.25249710777764
-0.120785773161266	0.170077809094165
-0.0590675114170737	0.0769349338334832
0.0189144767393743	0.0258763270318646
0.394460722675486	0.83196357534577
-0.159943772279368	0.249864440885307
0.562141109504484	1.39052635175617
0.0899137021814915	0.168734048258922
-0.0917880272888509	0.150597359497455
0.141357568145725	0.290619920772696
-0.212965508067306	0.479076375764514
-0.120558591881372	0.187222333377311
0.533802156541989	1.45786147757083
-0.775900855838847	2.23884095260415
-0.286408577340033	0.572704478604238
0.0902223864378463	0.122346979496964
0.526845905378405	0.976801300929204
-0.230164004341846	0.317783144769128
-0.344289808593474	0.550609757578612
0.0451740235105933	0.0589752300859729
0.016635939994581	0.0217408886251814
-0.286114314241322	0.454581531800173
0.155092423812686	0.286049856006108
0.0609086361090561	0.110039287411695
0.0605938065270978	0.0948920369282297
-0.0602825586080038	0.0927721226577766
-0.444082950197913	1.1448585667014
-0.039085841986134	0.0526184966264152
0.117231190559904	0.163744463425142
0.304396962632748	0.543053254896432
0.298127610720195	0.635088150140765
-0.387510898745301	0.909744544950189
0.268878694581248	0.450049955605638
-0.158211313572021	0.231597209039291
0.365268528589232	0.708640879096686
-0.166146971369739	0.284419474801984
0.294149516581467	0.595432769033328
0.0650573122848094	0.0902794816225206
-0.129033270006606	0.200462920200343
-0.382097364803965	0.834776966777989
-0.0500871620234474	0.410528693336937
0.0143068604431681	0.084180853894037
-0.0123644091187945	0.0528357820886427
0.0515233311833007	0.188273005823804
-0.086024944919303	0.309430807922097
-0.089173987488824	0.328426657140433
-0.125505987719295	0.555770883500832
0.206377881054908	1.22697883824652
-0.0990972620591161	0.352099651572887
-0.0461537921076351	0.148317943848477
-0.0331173778807693	0.0775913658494769
-0.252868056622518	0.892976550497019
-0.276398069534261	0.899351265034963
0.0459897195962789	0.0982525670366635
-0.202383914348044	0.479799272612403
-0.203343256146815	0.565489575872447
0.0218602116793047	0.0393267461942987
-0.16779756905389	0.385489670640859
0.0632493605808275	0.129368989059047
-0.0671795276387672	0.133780073154866
-0.0264726919323582	0.0446913193746634
0.467378464028281	1.33566886349362
-0.04787651392502	0.0755559318214887
0.00259048051051647	0.00373124528746454
0.28585162868367	0.810314997442347
-0.0376019750078002	0.0607285804173855
-0.181175240736527	0.337586035201627
0.427813549450849	1.15483863125
0.0623446648964156	0.0941338500615358
0.205502325814936	0.386692707769633
-0.0935753371203351	0.149259849457715
-0.0225340042394611	0.0292132350771213
-0.248995097655013	0.443708788958689
0.0963107373223804	0.164331615703427
-0.198891737109001	0.444791885454444
0.324331572654086	0.757981032979957
-0.192958256129919	0.387343059579093
-0.0180303451415068	0.0316653880618928
-0.24269757847822	0.516719707879865
0.023207828501641	0.03991469504011
0.101039425186179	0.167116886569469
0.2137004139561	0.378558110426772
0.125130594594277	0.191063009145889
-0.0903597149402073	0.152278481190816
-0.0465200650756905	0.0626648195141108
-0.226097369840511	0.479260101988744
-0.152562695560085	0.28915056010164
-0.149672576556306	0.290292911761467
0.482020534818944	1.45290631527581
-0.135127631938853	0.260549626575271
0.0608872112001507	0.0953878267942054
0.276200620727437	0.574932675297764
-0.30062064122944	0.586212064338469
-0.120461048890708	0.198631866968958
-0.0790299256812643	0.110621703332032
0.333274786327223	0.609688774111548
-0.58224611789697	1.07104498887866
-0.0794116758228796	0.111222257855111
-0.496735403252103	1.15329214397242
0.0736726625088017	0.110603552017022
0.267042837778049	0.513092107065724
-0.170745256485194	0.309212423606567
0.0728266153831297	0.119171374754379
0.197568375106803	0.322424124171536
0.160233727882586	0.211704249777433
0.0957597454304776	0.139553535841322
0.156834142331841	0.235164046038977
-0.193995737287702	0.304047182405329
0.15287943690266	0.211424769120283
0.393232092031663	0.756198465688299
-0.236050973758543	0.372489364381442
0.178925535803953	0.270514476682574
-0.259414280596787	0.372074069559042
-0.000325637953235766	0.000421813824616959
0.174960235709267	0.307290042899748
0.279144182663705	0.493983977316741
0.268097800380644	0.396662650560404
0.138479519626452	0.222700619379309
-0.596086855805089	1.59783803703942
-0.0238470018571841	0.164358272803014
0.0110806201720118	0.0623914516638835
-0.0782344239166087	0.35277378043753
-0.0929432979714098	0.389255224552347
-0.0405297617089323	0.150625673241118
0.0871647827607827	0.392525476686633
-0.0805561645308977	0.39435607955008
-0.121715359881749	0.541210237998884
0.0879252431419637	0.381816677533845
0.000494239454928964	0.00115927028404385
0.0613092420746693	0.155374348927158
-0.212558184966654	0.685322620875058
-0.157399771322011	0.520354750893008
-0.0445788009177148	0.102355653394367
-0.0987432335062316	0.244739731230581
-0.0403307758325888	0.0817555497203826
-0.0237179182243015	0.0473949829882514
0.143312373594311	0.354779330167157
0.130625518974381	0.343935281135011
0.063062176708518	0.121911043500116
0.448593214773109	1.43557988437351
-0.0116694182237813	0.0212400446255156
-0.0256653371628454	0.0452647625195609
0.0519047111563671	0.0936350289942931
-0.120768618377507	0.199272077179847
0.28925795788853	0.696294145291017
-0.301438374870158	0.695239729436924
0.234028334966096	0.412899594470547
0.272057154048076	0.544687282604301
-0.278832776115393	0.598262247346791
-0.41539968102461	0.934045174738342
0.0112289880968999	0.0161015848011242
-0.157334745078502	0.291424522673994
0.187503529332692	0.433713447407592
-0.0987376372846651	0.162269014716497
0.0397047950234238	0.0724430106742535
0.0449590011526271	0.0812516940370173
0.313643259611664	0.860367541326647
-0.166544591624119	0.316551640148335
0.441209673308243	1.06269031563423
0.140884301762154	0.213485841091559
0.227240624265678	0.38764623560432
0.36782487336285	0.75812329530833
-0.0538114628945964	0.0751023543720739
0.0823862034637035	0.121001463292513
-0.275373104195983	0.708074184531215
0.525450425960951	1.62891877347138
-0.216533071748902	0.535239942034666
-0.0568982036747694	0.104104892903485
-0.0408369902136114	0.0607752852557806
0.693115352162019	2.11856048530973
-0.453886325243058	1.07422540520396
-0.129748796675914	0.201817144923537
0.415777708018371	0.979529199444883
0.873223674800015	2.50229620964156
-0.237096104747023	0.2767028431974
-0.221481056816267	0.348763976034861
-0.387744924078809	0.868001777552122
-0.0640963406384551	0.0864836398579893
-0.296989446168722	0.548214768115133
0.0162490113435077	0.0236812577073759
-0.0977092918191926	0.177705083476714
0.197290657484108	0.387318326043004
-0.209180097840524	0.402539842409988
0.649137931628828	2.26206047496702
0.13014478563587	0.189663014352119
0.0631543586284492	0.0830802336401923
-0.00331923618767945	0.0044513277935129
0.524821505148256	1.47529363063679
0.24417491352351	0.327030049968025
0.047130952048339	0.0592143956220735
-0.369905167762216	0.533268148261096
-0.475457483245835	0.894956595366271
0.134684678244654	0.227894834706092
0.149822408815382	0.252642609541549
0.394904389764351	0.821647810236931
-0.325654887439005	0.569241102072315
-0.553455505806617	1.32215121724069
0.04050237788818	0.302742474705769
0.0477657448087438	0.269226655129338
0.00820455842400213	0.031875048203554
0.0961782408333791	0.518984870953555
-0.0813937725594778	0.414930325086304
-0.0573829180834073	0.277459307368109
-0.0755520819899591	0.291663975578664
0.0187707257751051	0.0606597904470293
0.0279337902061844	0.0696754300456202
0.020946441170223	0.0483152178551321
-0.0104642296092821	0.0209720146233057
0.0107199779427458	0.0208170573189495
0.0928340407800155	0.189725683375246
0.0127392919212824	0.0221724565105578
0.415693313192366	1.45355268543347
-0.12919414402798	0.2857777345289
0.00945332831314277	0.016632181885108
0.0764952968617812	0.146547125430526
-0.30585476561763	0.736188679571365
-0.373482900217065	1.07903885862851
-0.0717668704558368	0.117104995287332
-0.444497408534904	1.07530090367418
0.138443455772519	0.252288735394669
0.172574198132984	0.298825234532552
0.321860651213897	0.710609790800918
0.00386297202322079	0.00522735675094634
-0.128377934152108	0.211984321704705
0.0353538602882337	0.0509726772667854
-0.0119589593537826	0.0166039190963044
0.0411846604172737	0.0604458451750306
-0.142823318207751	0.229697857487622
0.250299244437857	0.495318234167152
-0.306549987381726	0.676966745179242
-0.361047905118265	0.728189735521319
-0.207907331154556	0.389733442117936
0.455329208395965	1.40364816988608
0.155548846677174	0.323931065240024
-0.152937558794206	0.309857270609568
-0.234092768561168	0.540600457662406
0.123346295244548	0.222225017186858
0.0160752649957972	0.0234209637584666
0.785913003019777	2.77227355735657
-0.310964641283138	0.672902570870926
-0.353878790584741	0.861164036994031
-0.233791253820608	0.528872356190764
-0.506932363057039	1.26305487101358
-0.216276561139835	0.384064485619642
0.192598839675419	0.368486342828426
0.306779267860697	0.739362649261068
-0.144087674102972	0.25267546858766
-0.406881730698577	0.93549929176991
0.127684105751909	0.20963143105096
-0.247042525294741	0.452557681863783
-0.217019012558011	0.417922368180609
-0.254813153337072	0.428124229003785
0.171087185020478	0.271507219112096
-0.165564631332676	0.307412507931689
0.340796185216423	0.694482192000446
-0.368012057832916	0.8018921501684
-0.0833555417329438	0.140045224209173
-0.0236135545643415	0.0317437537416002
0.750925676955901	2.08993753418465
0.109748875647372	0.158500499963077
0.123376651467481	0.165686219846061
-0.0303564632989519	0.0408030726328533
-0.0551436697835283	0.0743309796970589
0.487780354278102	0.989980556282102
-0.120873075810105	0.135364860957065
-0.447626945155982	0.793045695320709
-0.427716841227833	0.778929139123466
-0.0913500577150536	0.111263233558135
-0.159212202671045	0.248477480572947
0.0968023357871808	0.14968577096321
-0.222361919772597	0.317782115689739
0.489897096994544	1.24473816049026
0.361093928179463	0.665825269213556
-0.487536928237632	1.18472867608261
-0.0237371087962104	0.159413162909159
-0.00524215647711536	0.0274747358281394
0.000112453580938754	0.000522592550736652
0.0315667898856763	0.152700878164323
0.0166712800180372	0.0717436840832383
-0.078062976702702	0.27668296650959
-0.035549325144801	0.105995515247099
0.0891908833517707	0.245610694389851
-0.133383797273215	0.397393155829838
-0.0657037602069246	0.142235047408845
-0.307708974736876	0.785252608423767
-0.462298785878934	1.14577638308951
0.2744234411959	0.563674199636024
0.210759902270361	0.525485086717577
-0.0212152271400755	0.0356852262437705
0.088921695584963	0.160513845519915
-0.10284989697468	0.149395728552958
0.288874159590145	0.688734023017647
-0.0530239743459329	0.0765073102579958
0.604100162823869	1.19770197837
0.488450996783262	0.938912244784121
-0.0983806452582055	0.13802665223204
0.31949608204372	0.679429436863114
0.325450654869539	0.785054198405152
-0.24691629339985	0.465646902638201
0.219242371035655	0.400385446865278
-0.00316573984204356	0.00424550686395379
-0.234503603308693	0.509467202972888
0.220769101761951	0.363850534217482
0.226051196406312	0.346524924609895
0.261595245812922	0.481114253543219
0.12853776030686	0.164928606260706
-0.351394297909537	0.467461143685889
-0.199570096377166	0.198972618642285
-0.259236557469621	0.397649208257849
-0.00439579123525382	0.0062977612344252
0.035507335013165	0.0603197281808756
-0.160622299648241	0.405726341037015
-0.0408966363200026	0.0757761181723057
0.130193863844149	0.278755143694929
0.121188577561455	0.248989834662106
0.244069883630254	0.590605437476691
0.0680858898414134	0.130268630082343
-0.0236422659459791	0.029558997395789
-0.0387617248809017	0.0468341052148409
0.192246707779593	0.236779260474738
-0.0588846709138697	0.0766644816129942
-0.208997747169891	0.411966567970054
-0.158044621648579	0.29300312915889
0.135117936648285	0.228660495202156
0.390589253239251	0.921803828522673
0.096742880447785	0.165151388390076
-0.129412803842072	0.249202964385362
-0.0245720211006835	0.0442565372642882
0.0933728163063573	0.184968910991685
-0.125696264651531	0.246700121051873
0.235889202402835	0.422536274572129
0.0313445045584722	0.0462558441811263
-0.717368798210883	2.31317775172987
-0.300371036061604	0.366161528723262
-0.17574142869237	0.186045675381944
0.502618733048971	0.749921957270488
0.450299391233659	0.682660166858821
0.153098712643662	0.211753273157438
0.145511226935039	0.196492388285758
-0.277421148878242	0.426505040285409
0.0242888604769343	0.0219076181920745
-0.222198288724753	0.2339569734336
0.524992373483153	1.01334014525252
-0.316312647570938	0.488097171179144
-0.525110916434576	1.10488263983282
-0.675025558300069	1.28215894594774
-0.0899143538945137	0.105187333794554
-0.15799753001272	0.231202543030409
0.548390638664452	1.22284061642436
0.056284240157034	0.0693473564311939
-0.472883738117143	1.1478962747708
0.0222320330650668	0.153649269079438
0.00680468636040341	0.0367480694294811
-0.096847063172414	0.598255542369411
0.114460066592302	0.692058794944772
0.0162559109188646	0.0511320833373062
-0.00855428581016524	0.0239323114998937
-0.231009293255215	0.961520868536846
-0.132341523993882	0.393249116578181
-0.216428348346936	0.692578221789687
0.0509178578839471	0.0941169048561859
-0.111792482604984	0.19939869601632
-0.566037296973998	1.57758389390639
-0.072065820877117	0.149222232043854
0.000621132869452865	0.000988090683099142
0.228497629950756	0.542003470472148
-0.0538496882853701	0.0777561952491956
0.229928038170446	0.501883530223238
-0.293273606572284	0.799334930692503
-0.121740580268164	0.148716903563989
-0.316749935318968	0.569242482993301
0.0946501361417356	0.123387625753692
-0.0597711181078987	0.0919154001008643
0.0483654948558856	0.0808794177850897
0.0544034293879747	0.0867444802667152
-0.21578252909749	0.393686747372303
0.199373618188194	0.396246013469483
0.271439846113479	0.543053809308732
0.445619226773365	1.26138906287443
-0.676732772916271	1.74629380586944
-0.0984868011008402	0.147715122958877
0.160508615093265	0.227359675839379
-0.152378326226587	0.194019117912037
-0.285065457455865	0.331526910644396
0.299459057268602	0.653153273655298
-0.193898556958319	0.389836034917583
-0.307707772158517	0.913173823903053
-0.0947444229826006	0.20923695807336
-0.0968478648958129	0.199696921975566
-0.204673693897277	0.54516910752927
-0.210770168495928	0.454239363463216
-0.00314929293961609	0.00559831077348899
0.237545283616086	0.605892480665247
0.0719103862307211	0.112220159453126
-0.196520349392703	0.298789219541169
-0.187440286897375	0.239257716110997
0.200635312134958	0.280156617913147
-0.226961378327662	0.49217256608685
-0.0211247263502014	0.033076978692085
0.254672952822415	0.593826663074262
-0.290084716844826	0.565639732978858
-0.00671013644936161	0.0104502687840843
-0.166445959521197	0.360752574500829
0.0129991204141951	0.0221089388082659
0.237451434475816	0.605477231060106
-0.0811470706409832	0.14319624654453
-0.237511953127738	0.422672057390517
0.0929036711138902	0.156357399659621
0.0805172892137451	0.135432688406697
0.17702287702923	0.206460522977304
-0.238571627065775	0.317499210195109
0.079267165771478	0.0884965662316734
0.0684185651145498	0.0741796426878081
0.100242497647272	0.118537957436955
-0.135993192075789	0.204929974833854
0.15124606355806	0.222208032371841
-0.280067311969838	0.37290324940951
0.192297231716108	0.236875695947815
0.854150017482025	2.34223197985436
0.244377883684474	0.406082766525739
0.0827689173024597	0.109746455641448
0.290584863002695	0.563934345707136
0.532032636619239	0.927617764029411
-0.391335692807724	0.792443381818318
-0.179472375976049	0.325519506801811
-0.232510664012335	0.344033240303217
-0.576556332800095	1.82838559733298
0.0251009594471258	0.177272863453179
-0.0734835687576752	0.545564202842768
-0.0708783040483381	0.440432183768738
-0.111258662560447	0.491408753664885
-0.00445169197655419	0.0135367198214808
-0.16240445854517	0.556886051135128
-0.0164646606932078	0.0407912920584362
0.147432708326857	0.452099717985964
0.00968977004765839	0.0166746320603727
-0.132421751041671	0.249492942337749
0.327828067908672	0.839427661198484
-0.13842924554042	0.353835803494747
-0.088552416681758	0.174872529173509
0.245502818927682	0.668770688616213
-0.218651829911715	0.442618273049099
-0.429243583992688	1.14904775779868
-0.0747135245343448	0.140623514027736
0.35128118800306	0.599400318076403
-0.592335480381034	1.41867998608751
0.122548603107899	0.232115242899939
-0.101359251047465	0.205206742489927
-0.32722266794102	0.870506222907705
0.364975350829555	0.990785377030239
-0.121727843403435	0.212333525452718
0.27337874584052	0.554549131782433
0.184163242310022	0.392475382502785
0.0710146049636357	0.100483538298085
-0.00324247124220981	0.00434860149255541
-0.184759699506222	0.271384687983218
0.207018670362237	0.321778285259295
0.256592263124556	0.361567610269133
-0.361326341009945	0.500887399209456
-0.0606951968059996	0.0906141643009676
-0.227508453054779	0.514406642181374
0.0759429061958021	0.15450665447354
-0.283256623032259	0.81977877066396
-0.0294015778399982	0.051933958453967
-0.135071997926848	0.300166125846411
-0.0340591402972287	0.0603328909567189
-0.192904601600584	0.430791772808373
-0.0708718990410065	0.138744685134738
-0.0804128902396931	0.124104320339894
0.166908104401425	0.260173614007711
-0.377209433365953	0.564445061099345
0.575386065844982	1.34994327872714
-0.444421743850242	1.14640366996847
0.126267384492665	0.242515619127774
-0.392428312052427	0.982669534287231
-0.0725913482524392	0.115250741007674
-0.0386170049247811	0.0639422016152276
0.123185034309564	0.265998279761928
-0.353210577788593	1.0815299635351
0.300338859157761	0.848862510771855
-0.210723378736388	0.444966591065373
0.240320958549235	0.39181113596702
0.501556365977822	1.53765456109169
0.223112955421012	0.46530008351334
-0.5538745120387	0.98707453181078
0.0380731881925644	0.0355221102344832
0.679071273233088	1.67124930757953
0.549704410424854	0.863107188003562
-0.340303493531296	0.631161978590122
0.361023172458088	0.665608880270595
-0.285407003177533	0.453212364225278
-0.149441121338929	0.197355184312742
-0.941962432508325	2.17756717039528
-0.0750785792401799	0.0877437494179688
-0.107178262745612	0.160937523077929
0.453947572732479	0.852109746019727
0.189659173931423	0.276261843025068
0.176279413910505	0.245024131782852
0.270447322895561	0.534258947323927
0.314597033156852	0.617476814749874
-0.368317458303327	0.802987219374628
0.0351091907016921	0.258640379236794
-0.0512321424363296	0.348025803758299
-0.00275988222514679	0.00971237197333839
-0.170576714925633	1.0035772295565
0.0102635659219953	0.0266852825043897
-0.0436998439930021	0.118243338273612
-0.161443203125516	0.508613908707563
-0.342765349698806	1.06025051347598
0.111412900211877	0.2376037913071
-0.0232385913845844	0.0442576088219558
0.0879295263050489	0.187811445798328
-0.481731882302961	1.74375861946418
0.459466816496076	1.69497159500712
-0.324474389207083	0.784708227700931
-0.114531811362994	0.22382064627265
-0.234123124237953	0.530061371615077
-0.171664380924445	0.311238925535951
-0.142848379594213	0.276470323542206
0.289698387127571	0.703889854830723
0.015462961240426	0.0259203438578281
-0.227011045942556	0.50275283848313
-0.135908754691176	0.250329306509619
0.34488096614251	0.823301652938198
0.19745194623981	0.387695117899755
0.170961330732701	0.340189047227898
0.14096355361755	0.213623423257359
0.411301137146526	1.02452475149057
-0.197003365002703	0.358490065674141
0.0635715942887062	0.092212601100944
0.345040617882857	0.564329254279769
-0.0116857853316762	0.0125048318376926
0.704244925643603	2.86360146968583
0.210026023951285	0.443274239468558
-0.154491797236573	0.333016458922639
-0.0339853526134405	0.0638626037774191
-0.056301616115189	0.100772925703391
-0.434886128471035	1.36322404487037
0.237560457561783	0.489125193784312
0.0920374087374729	0.174592449322228
0.094833326606679	0.195635731394178
0.41310183675607	1.0189017850488
0.618999020063093	1.75397114463575
0.486911541666933	1.00545936020718
-0.0846925606800742	0.122736080074242
-0.699975360767719	2.25390784678014
-0.036067960637982	0.0566836614827802
-0.144295068164682	0.253147275393211
0.0850493041643471	0.151399489461268
0.0444178693765323	0.0709625832588028
0.0756162208716304	0.119715272163125
0.103094781088369	0.180695220925537
-0.243213510955957	0.529990556336588
-0.092209598511604	0.151398821708942
0.150267044128546	0.236154671881288
-0.501620450431102	1.33175817792362
0.194097687238566	0.436398340817091
-0.266671280214621	0.517906128463511
-0.309250252276964	0.461445035763989
0.250532679151236	0.344262725968892
-0.00680464203683328	0.00818114494856004
0.0968247096272506	0.120438071039333
0.167396943582129	0.261046771931802
0.261695189575091	0.481343448618629
0.0064336864265704	0.00728155930191606
0.261792888970612	0.377923938126381
-0.170920011780046	0.267386012553252
-0.332400068170107	0.63329192887965
0.261244260522392	0.420552912745353
0.253762825283894	0.444539227583759
0.661810923797432	1.49924265114423
0.255183803594648	0.524920123338077
-0.264484983331487	0.458476469306411
-0.0308236834007776	0.22129458605871
-0.0623953454292065	0.382310958407984
-0.0733877898778364	0.446706285728173
0.0545493061377225	0.195280550547304
0.0058227297883702	0.0166988739256205
0.133705913701569	0.478594525565838
-0.0313106004284637	0.073217251292169
0.215788852707902	0.669176359446149
-0.301041740626756	1.09719381141576
0.0300134982334341	0.0682576306556247
-0.0127892242259853	0.0260688096430043
-0.0226068608838653	0.047746655628434
0.166749495866612	0.387477021946372
-0.0926449207139166	0.194295141934629
0.37656194141843	1.19031712001875
0.178624321796714	0.393151622701175
0.219174672705501	0.53350079738818
-0.302348526092498	0.881720214379401
0.0732273305171358	0.155667120431876
-0.14171717812329	0.298345747172486
-0.000702003111613084	0.00119743464778274
-0.0760301585378012	0.134002460466144
-0.100134390337945	0.190589880591289
0.063732474295695	0.112400754313705
0.0885686331426733	0.153425061649571
-0.0814554733739791	0.147311903826296
0.0539667162037774	0.095096384336007
0.0243182558186845	0.0397146890010274
-0.177740400959521	0.313774618270748
-0.0605837776209328	0.09328765655037
0.0536812034803579	0.100292103741718
-0.00274792420790686	0.00448414415881602
-0.161838253223445	0.370397920384848
0.0500282741551985	0.0893974036424716
0.242264027135921	0.516741439065671
0.117602715094429	0.248453718104128
-0.103061306495498	0.174137811632275
-0.00109356902403662	0.00169832181317419
-0.198486902210269	0.435513379132275
0.0276605164930634	0.0457653226041736
-0.0245693739969974	0.0374863499722842
0.265449139736636	0.502860703683736
0.122127567911794	0.21974837806247
-0.149642293544546	0.255664463550054
0.0354787259984283	0.0491048259912445
-0.2988176539215	0.703057738841321
-0.0112368231999002	0.0165970606264985
-0.422947766539489	1.04314542229352
-0.00286812066498418	0.00384529115600849
0.312212125148851	0.594952924529872
-0.00378199538619684	0.00541664171166537
0.209862671288711	0.442876763524368
-0.326491391589528	0.63899911864009
-0.136235780403675	0.205375098507543
0.302091130274419	0.682254208829763
0.234629053639542	0.471537543701556
-0.303405251797981	0.640098152848126
0.0529091996734391	0.0740618500526766
0.391995236919657	0.741138244617483
-0.526400723952967	1.13678311369852
-0.339866438808488	0.630031355776168
-0.0225522739774338	0.0292326058413445
-0.339866438808488	0.630031355776168
0.25380423016664	0.444632806819008
-0.0539063122519275	0.0676656942560764
0.420922220708674	0.785766930088602
0.365698276417731	0.709741647262304
0.172235931403849	0.298258919356048
-0.20443153974708	0.341043454655241
-0.468935295144117	1.11207254623839
-0.544729051507908	1.6310960966009
-0.25124412145938	0.39710653742524
0.0367156381524605	0.0468295768497224
0.030975227071338	0.229022888073596
-0.0237916007360483	0.151183893745306
-0.123676690230012	0.58385490035544
-0.157794155310759	0.743474798122139
-0.00913363352368872	0.0240949629295853
0.0192161027251193	0.0484148235774599
0.0624308517951611	0.1631753492916
0.106062762334261	0.318223138540948
-0.00872382971567988	0.0190213369805741
-0.0249997990473118	0.0529024789738238
-0.271234859870325	0.940317289257202
0.161251319821575	0.450256702576111
-0.159078980363897	0.369940146624012
0.0160639993259247	0.0301106563963103
-0.196477305475367	0.529122528965907
-0.308963134086164	0.887799426577194
0.331066316354503	1.03521179684034
-0.0793680897509814	0.173407938684502
0.397198545691242	1.19618079791631
-0.364114790079812	1.04818541285969
-0.0449217514465931	0.0764056195443334
0.078944443942744	0.147744616847778
-0.127667233348895	0.261846599982853
-0.054885370090195	0.0979805040009401
-0.0888500841642825	0.15355893407758
0.190812094588082	0.392861940144951
-0.209144130532005	0.505931379682286
0.298675371226641	0.823744556050962
-0.463981823110545	1.4648087242485
-0.24854133870327	0.62229439289449
-0.0758616731664694	0.133666822457458
-0.304578171764134	0.688517968209649
-0.0276736064552047	0.0410128293043082
-0.23450724476053	0.509518462578246
0.26679284210925	0.602921031560888
0.0920039379436962	0.147430408351351
-0.29527028447	0.60674536728455
0.073355666189519	0.120157577308098
0.00445946313543527	0.00665458677019721
0.290275658083425	0.563797907293097
-0.0540050542146207	0.0876868978392735
-0.0920029533146848	0.166997421979962
-0.339635702298227	0.665271290855748
-0.293453902648223	0.481210827957348
-0.417449301580332	1.00586266648784
-0.133886365561428	0.176407250841835
0.304469374051003	0.543122074506394
0.145562632315492	0.196569758251992
0.110166936323832	0.150504890759957
0.368021529904673	0.789825579045502
0.105416191360646	0.168351779449236
-0.269946082657699	0.454907302990061
-0.060807772036232	0.0878723504029872
0.0696679500965298	0.112515985530764
0.364971454642432	0.990672715162169
0.124329153213247	0.201045716663445
0.394665805737134	0.844421547710621
-0.125676968808201	0.201685734039032
0.36764693925009	0.839157530017295
0.28544630187994	0.530288929966693
0.12378205406909	0.200068458183053
0.191824074629106	0.335644422959712
-0.149228953442652	0.254870316900695
-0.0552715211018937	0.0745419562164505
0.0369249626935776	0.0471170294094541
0.106626394176624	0.136232372874176
-0.193625324857631	0.322827654573944
-0.361111854113279	0.72839758162861
-0.381195402879063	0.670510849192579
-0.279473290314591	0.401438112996529
-0.237094082230978	0.276721453625784
0.00898788387860341	0.00938036340504397
-0.0305105940442788	0.0395597110309042
-0.248268197114209	0.455558665857181
-0.067565583940682	0.57914095584623
0.00266260578550021	0.0118018833368565
0.0445050894351064	0.188653487937154
-0.18369644054699	1.00865620420727
-0.152245122082058	0.7075495830285
-0.117997557884049	0.417351288244356
-0.159036296108745	0.647718483616353
0.0474739992547327	0.125418015456224
-0.16715947703227	0.585435061235934
-0.132048724515526	0.440511962347927
-0.0829764250530306	0.235200010056396
-0.201167282042847	0.63671084341278
0.0176424710353074	0.0367679697487921
0.106304740287074	0.283397078999065
0.297570057274072	1.14189203482611
0.219859375876662	0.699374562019078
0.015681516905085	0.0299423710069797
0.0730775885157671	0.151289027338623
0.0498573739461389	0.101573203334316
0.0990507776247012	0.200633362604556
0.120766004403991	0.247781181971727
-0.212907611420469	0.54377516364769
0.0634758416740406	0.12277679162884
0.615795693514678	2.02957696671789
-0.242591721904435	0.551179556206881
-0.0869843830801696	0.187982545664643
0.182256453600614	0.436223681989811
0.0987624814050722	0.226601269517852
-0.166118872787511	0.408265097137247
-0.0945032261974649	0.183420985996031
0.275619105065838	0.573361586476931
0.529801406198518	1.29811157440791
0.206062364752683	0.388063454402767
0.548748172200414	1.42203251007204
0.445077295147348	1.03500135254242
0.00200372974999179	0.00251158841565465
0.317336312879439	0.649244985106541
0.267258553708681	0.609899702406024
0.26912964815589	0.621361192616253
-0.138106981716945	0.272535828611313
-0.148885537162407	0.320207484589269
0.118585055784916	0.188294413606817
0.109584010946268	0.158236117058204
-0.142955835121869	0.229904243153094
-0.616601639538542	1.41012662094765
-0.301294243274875	0.509788916723803
0.16220928336143	0.248094769274706
0.226198796523872	0.280209730603206
-0.212104870075517	0.292484126339429
0.367059829675495	0.745448036747336
-0.132768928485845	0.187279834394167
-0.0846081949514126	0.114541657868575
0.546705868397145	1.7250980935493
-0.171330158334556	0.341936055364662
-0.126514291175138	0.248704214325674
0.278076769024028	0.592552550664653
0.0303189737250157	0.0446755631311311
-0.368884867148315	0.765332337482118
0.231579163503159	0.36282160805814
-0.159586704600148	0.249188561826862
0.0338328413416899	0.0446498647316958
0.343173312731638	0.738021424025727
-0.240733094733728	0.34485302935352
0.453556766834413	0.851086031477554
0.423359110520387	0.820277690239273
0.50009845831889	1.37571593977573
-0.457950965642687	0.909003097021441
-0.0608584381328762	0.0710351512696391
0.0897529433832279	0.128297802496279
-0.461212501912058	0.94044372990048
-0.326227592780165	0.434132459686752
-0.242126365928526	0.26853483846903
-0.549087830238398	1.21876835905029
0.0471078121409063	0.386070797086921
0.0623202661808985	0.494877907935024
0.0155900582446927	0.077317961455611
-0.0422144965779799	0.215971956665697
-0.00122517279828	0.00384868206390669
-0.0781061329423121	0.317867685590876
-0.0430333715296727	0.161863006536946
-0.0848798773140282	0.333742650472857
0.0612381402939641	0.213883527488942
-0.0179744531971308	0.0558294245056377
-0.0847838673905355	0.299998488369679
-0.00281477842802472	0.00750279348780648
-0.102299160956008	0.316711155486658
0.330985046660652	1.65782952106351
0.0809760673951273	0.233859623006792
-0.114217913926253	0.330313301647547
0.00363611590055117	0.00710372061806483
0.12402930748176	0.334043397794508
-0.0659358472807996	0.152954217340329
0.0823328985895144	0.190373753888199
0.0398743140912556	0.0816314961995843
-0.320402498700873	1.18066503613617
0.162183732705357	0.405151793561525
-0.349850128311076	1.08502171944788
-0.168992506326839	0.394938455414571
-0.00486702643955676	0.00831725488262362
0.0555455013479543	0.113128939963538
0.282667048912975	0.758508035512876
-0.0527131047231984	0.0982091286029719
-0.0404923924102095	0.0619399035396343
-0.0223521345571087	0.0289710018104496
0.00641814310193798	0.00845909964820116
-0.0959513161792347	0.14856992443995
0.11044396305289	0.169781450656111
0.208528433725353	0.358274228047754
-0.271306829335959	0.499209847569845
0.0957043468172634	0.13948708694347
0.368195851893422	0.779974080198785
0.0868120433014587	0.129651555296856
-0.0989944623975528	0.148589506819153
0.0855551453458181	0.108756499746404
0.130794278934353	0.217897123126328
-0.146450830886185	0.242952625298154
0.145093351300599	0.208719695975401
0.213915901289801	0.313257003630627
-0.225736366292857	0.288442845070975
-0.434550306182949	0.675447445870697
0.522884223776507	1.04819179360276
0.245593774656794	0.370043562308228
-0.105552644253149	0.133639697210583
-0.0842201233250896	0.113958244928162
0.089565238681013	0.127993067532169
0.216900986781464	0.390267254503382
-0.624766766208757	1.32591014533544
0.0268091370487157	0.0346599425048325
-0.265412387675877	0.460692388212858
-0.0936815233721544	0.135928259109211
0.103433104142673	0.146275047594099
-0.715152762140213	1.52459861873979
-0.0397369650534802	0.0516190423146544
0.23838652964335	0.311200642264589
-0.0386922248813866	0.0467565020027125
0.0629141538151345	0.0625700710223858
0.0763453991155539	0.094592155087918
-0.429471114401778	0.896537826260992
0.0331605400543349	0.0367378166359124
-0.136352707106573	0.173389459644401
0.527110813783791	0.97780276646966
0.297334068402267	0.441310143612468
-0.0576527030945281	0.0645407009788841
0.489926538029424	0.851133582966936
-0.015157916108706	0.0196374251778758
0.00530537317248438	0.0340397111875939
0.0362274196827043	0.237867489183836
0.0382963945647053	0.206705655572609
-0.0674923082825555	0.295645598111039
-0.192572338056466	1.22480944282482
0.0396839431104048	0.151443120231173
0.0994891896332049	0.433891631486291
0.0216071421807402	0.0687830420632074
-0.0705812175367303	0.259485880067164
-0.0466866743044816	0.147332456425214
-0.00632524957356852	0.017782339887181
-0.0906919556257996	0.2823565256856
0.0942047380245914	0.314038203034034
-0.25720986943998	1.21051043448745
-0.0735117634638594	0.205810585836374
-0.0145408658532341	0.034230149530309
-0.106622622711626	0.316668166729027
0.115700527367113	0.285852860371904
-0.00424427762407673	0.00857380144882085
0.369595827083477	1.3085558252468
0.140681982237854	0.366637266325154
0.20279962787609	0.549077245086146
0.0929760987669084	0.214238528713273
0.0290715939975213	0.0535705100015287
0.182285499947737	0.409388421157231
0.44997129192341	1.42969243999296
0.268198787286394	0.71200661453679
0.249062190099722	0.62580596581873
0.039638938680572	0.0644070681500005
-0.184604709251519	0.316717708201105
0.579715514691222	1.51465381846448
0.0967053859474991	0.149517904618752
0.171330038512896	0.271989362927209
-0.0402341171652505	0.0580207070492606
0.287761653324479	0.543037384804913
-0.196108047398391	0.337553386585273
0.142119539208579	0.247872277562589
-0.336676021136553	0.572187668704225
0.501199819494139	1.20211006406323
0.488198761707521	0.938098532530134
-0.265077534878603	0.459972283249226
0.422150021242893	0.911518602872024
0.186759777936083	0.317316621153937
-0.215554356108785	0.371403167686644
-0.0702697955467435	0.0982882054203374
-0.173877396444926	0.246880238898179
0.0088278414552563	0.00921158715015273
0.074408959201078	0.0763445998157669
0.0853611298322976	0.0902757646392717
0.618112201713449	1.41605076085393
0.210926995938847	0.36798776504068
-0.499181841362393	0.941356556594443
0.14484678310235	0.208315609273835
-0.067948521143305	0.0982157294729278
0.340947733285181	0.685894347216092
0.0372423096868291	0.0475323080265728
0.287045110216463	0.464540500136743
0.325927237037292	0.564452242962078
-0.189192910909038	0.269166737692727
-0.413032272210743	0.663798374137891
-0.802735371085295	1.94598344998938
-0.21494125239651	0.25108187979655
-0.134311197929344	0.176958894607732
-0.230321585838499	0.318094107697075
0.537899400608112	0.899969779885536
-0.175188360609133	0.205185436822752
-0.177603590627511	0.243871395857724
-0.232665169925378	0.34423502580671
0.213796976539002	0.285073656213437
-0.0756728868576896	0.0884983652091814
-0.22266082737613	0.3183133027655
0.0269227754645165	0.194917061212308
-0.00874903647645806	0.044353483176357
-0.00322432653039332	0.0107751167031631
-0.0559098160870358	0.229164799407432
0.00783970431799309	0.0268791150655079
0.0544552159778114	0.207428592393712
0.0469899930791671	0.165691064500605
-0.135005077551972	0.616710158064324
0.0211771322448143	0.0626181976128849
0.025869253784137	0.0753704741225889
-0.0459492656279287	0.132546895696663
-0.0976566886014823	0.325513350540956
0.0494380560202774	0.149960049294483
0.0559251060896182	0.155896454815973
-0.0413704045435691	0.101882840095091
-0.000319852497961882	0.000697838219389669
-0.338150622742574	1.20397022464122
-0.0315732524099466	0.0681406270733918
0.0841615453847441	0.187095789358585
0.177673762474563	0.45999677350694
-0.188968465154842	0.461828398175836
0.182038445233962	0.485293708988842
-0.0313051839813295	0.0588215729762545
-0.203223153771893	0.48246054982847
-0.109547988998031	0.213878862930257
-0.318237608251563	0.798972368127732
-0.0657407597422602	0.112752166964301
0.344667326549581	0.787466864136884
0.272032549607761	0.54463217109287
0.183949246486199	0.283623826213035
-0.12055550022224	0.152981496925464
0.584430769176878	1.51121768255081
0.22049506424445	0.363115180770942
-0.0611629091737324	0.071419395028719
-0.0686029550113601	0.0992269676397196
0.356981207705627	0.634214249344944
-0.30129538003377	0.509788172558143
-0.0734948705262895	0.0992645269851744
0.133670781624656	0.134625602999934
-0.0333072373280944	0.0417052753952212
0.0782366117291017	0.107538715927483
-0.922254729303243	2.61879793918504
-0.0902193221800912	0.105592680252178
0.00627410015288509	0.0061782978638557
0.0194151923369829	0.0197249321768897
-0.461331831143689	0.71695430644219
0.00902957188945801	0.00942512234869995
0.545342547266572	0.874729876732384
0.038134009225663	0.046759631989091
0.301933165596627	0.528938887128728
-0.487800970160729	1.18581507050452
0.552971908181586	1.19473733430879
-0.836951978855302	2.17465900611766
-0.133134425011834	0.2136164718557
-0.350317730724913	0.578616106974989
0.518100084214009	1.11247701499778
-0.2765771874649	0.452546463382152
-0.0332418270758274	0.0416213182689947
-0.053604016777403	0.0573918604890396
0.716603750164649	1.5739116053112
0.57564719623265	1.02950727548905
-0.0475452408633519	0.0554228800780926
-0.549015123320729	1.09852709134612
-0.336599372852319	0.466552827364813
-0.360413857131566	0.5585547664859
0.0330178999859	0.23631757246337
-0.0582387674488191	0.433358840660994
-0.019733768145577	0.109799039135536
-0.10793227129422	0.730714600963168
-0.170777870105543	1.37388243551156
-0.0249628325969421	0.104586813343795
0.082374488103502	0.461980905803355
-0.284274204017011	2.07390168194992
0.0156069793734179	0.0493925444633043
-0.197250507703774	0.957925951070297
-0.0987500766725076	0.401623348959076
0.119627516775164	0.454948782816185
-0.108532827890046	0.341372374712609
0.0521747282465096	0.13084128444875
-0.12433641735251	0.352904175970557
-0.0776161209817864	0.18176792429882
-0.0949061117181645	0.222307490399338
0.122233195866683	0.318403574799392
-0.0443036405791908	0.0869840143006922
0.15748099040761	0.348868824565285
0.198015953456667	0.454375136265479
-0.179247211272358	0.484363198629461
-0.0451675987260906	0.0768719899974369
0.082256178679957	0.161151919631592
0.146335101003219	0.307519912593603
0.208886389614865	0.398682448052369
0.114899723316208	0.169089970778152
0.106309761660097	0.119242853143581
-0.104233711493363	0.116806932827725
-0.172899223994632	0.211678127138637
-0.402302925626563	0.709711399389847
0.232092586374501	0.295133536899312
-0.175353288135272	0.205392088739234
-0.0108797539420362	0.012612579288142
0.0552285749335603	0.0710205297885477
-0.170871241244448	0.267307277198586
0.162215051839115	0.248117896669116
0.244649112688868	0.327725692268146
0.258665972568307	0.314000889455695
0.0568501398795236	0.0597953021085091
-0.46144037826862	0.583798668960372
0.632934632731635	0.936735264624574
0.229341968420162	0.24137248961141
1.04302474526528	1.54212588633028
-0.276685150950783	0.28971354715021
-0.543027335584533	0.716147617374164
0.258373363440143	0.313671607605649
0.25601816411909	0.360476419810502
0.416455321182924	0.732315306012845
0.23620143243593	0.377589635955689
-0.0330320960717721	0.041344730145037
-0.185111235413453	0.271933359470103
0.50811995326991	1.17321088003006
0.450916313071031	0.779945693706679
-0.0839978625819697	0.0897780935285566
0.117549965183611	0.164218861261382
0.492817118002387	0.802620477511673
-0.133964876707614	0.176530170605884
0.491305650936136	0.817611632839764
-0.0944269321975383	0.0955507915570385
-0.0682202176225473	0.0729682296479527
-0.182702477435895	0.242244504929983
-0.46192927065065	0.58453772340988
-0.0440657244980824	0.34929389461335
0.00504441326873267	0.0295468998451624
0.0882943335099493	0.577230757025636
-0.0372247401345907	0.190735861125752
-0.0535720628065731	0.247670232151924
0.0489437069403518	0.219013944594835
0.0349806066875646	0.113210091546364
-0.0685137905212314	0.236335792166543
0.067573432210101	0.236678340663481
-0.0273239548533328	0.0825960935712276
-0.0964116544112212	0.342769015926756
0.0868340752344642	0.237062522492622
-0.246443359310291	0.80544566794638
-0.0780578828847292	0.196473244678327
-0.0237061710260257	0.0473781274562443
-0.191490562185411	0.507233684450254
-0.189361146046008	0.463053751125151
0.195430178717259	0.473499574949157
-0.0291663187807226	0.0536568904058392
0.165616904266223	0.423069566618577
0.024193247776383	0.0493045585035854
0.211882521367441	0.532753060887964
-0.0164037695833118	0.0310781238241016
0.019355901053336	0.0320296445846755
0.154270922520924	0.246594629715398
-0.475276714372706	0.894463164504019
0.261920679978956	0.378095623929483
-0.100322307146948	0.107078164444079
-0.156637838130482	0.183530161419467
0.584334254408211	1.00383256894114
0.30513026308557	0.382912488094256
-0.122504018343722	0.143601964526373
0.53539879386077	1.28006384739693
0.758533063000801	1.70096206200964
0.449692290936877	1.00716214229242
0.244342451977208	0.406020877070411
0.0331956721191615	0.0328465028960801
-0.481351666391543	0.6926760025722
0.0447838365672693	0.0510851676666131
0.469704306479183	0.555118019400492
-0.00714064968876213	0.00562941951296692
0.0455309932425831	0.0398330116819739
0.40047260836567	0.400475947613813
-0.880568439922688	1.30053762555948
0.111861366843617	0.105546092784039
-0.782465012344292	1.2985338544136
0.213220007372113	0.25025779516367
0.258151387312321	0.31325492623752
-0.477132869537964	0.923523446605227
0.02538214932974	0.0288588139533567
-0.211827179810794	0.292056401666761
0.226130285229195	0.346712352743232
-0.0344294339368774	0.0400342496275975
0.287776691728117	0.407082441131222
0.499640730674747	0.762366057590221
0.0330320180932748	0.0365837206612971
-0.0901802367174501	0.105530120280743
-0.0357408378356608	0.0344447754143579
-0.154704423055191	0.164038731344605
-1.49799823854628	2.93653325446878
-0.383768605610481	0.59544587574485
0.0409945267586952	0.327357762665691
-0.0334042566517678	0.197751032946247
0.0657785917763029	0.439766893496139
0.0370866684599484	0.176470066162855
-0.150493613362242	1.06707734983115
0.081191317403391	0.321155859656821
-0.0556614121176438	0.192815453086415
0.104711519209563	0.429783908357376
0.00681228271145491	0.0202296343142508
0.210460636414533	1.04300214860903
-0.384409139463828	2.01782170085223
-0.0511178556612892	0.126198206436118
-0.137802321263609	0.396486224978968
-0.194398955451267	0.544501353197178
-0.159801550972161	0.463569487779762
-0.186956332061627	0.500590846995137
0.343750383225724	1.16421805999186
0.153584891624882	0.333518714240686
0.00884839672725481	0.0152082362242764
0.0111218758092462	0.0223358220627253
0.0985392433513866	0.213160766140282
-0.021113245457312	0.0394281586692652
-0.552847529793007	1.97703123504889
-0.093512898811654	0.135664265696363
-0.184870905605319	0.271585264148828
0.387053110760219	0.691509538347836
0.135696611205114	0.152970910239171
0.371450140767669	0.583244422559474
0.231970951143893	0.294915922880193
-0.336599372852319	0.466552827364813
0.236011937407152	0.256043725306753
-0.147281073390229	0.201373331696252
-0.323978807280659	0.517115114017203
0.0840234177033174	0.117777369575144
-0.0842955367202663	0.114095689394831
-0.135837486465307	0.144472972658147
0.301639919048068	0.368775746210165
-0.031449850477195	0.0320706030842213
0.278143530495341	0.374406933345566
0.00946248301590603	0.00824000632082207
-1.02582035949102	1.50571713467448
-0.0783678851086653	0.0605111151387337
-0.212843988562935	0.172598022018266
0.905179744135185	1.50160808432911
1.29258111105564	2.47461052746238
0.312050661521809	0.412075621989656
0.0331331529776301	0.032777219436231
0.0971250636404093	0.134608080755365
0.558512009646396	1.14539582781252
0.227659517912094	0.388581662912143
-0.165573753187212	0.219138484922228
-0.0614725258239619	0.0624910738139588
-0.456819959469558	0.684213116298498
-0.28868461023498	0.429885265626235
-0.0312503951654037	0.0318586985382708
-0.289342350193105	0.285666722291466
-0.428717841629962	0.641957825615567
0.0232917937150665	0.164691119382044
-0.104726799972564	0.925811234941751
0.0802772490161946	0.472559146643456
0.0266691544575024	0.114081450686343
-0.148173522576172	0.755658757219341
0.168494114175827	0.898440850494825
-0.026806548157814	0.0812753392100747
-0.172684108726956	0.836511528351493
-0.022080884974031	0.0650341520623396
-0.0178070205188744	0.0468240332221189
-0.0180728812245751	0.0465605565049055
0.151884883954825	0.515348725497332
-0.00554926482855211	0.0122950185399082
-0.0676188448932566	0.16281537584201
-0.0822288685145754	0.203234536797038
-0.0354973923637486	0.0788254165588792
0.164891294119595	0.436846140375176
0.20941068239725	0.624180470503802
0.146160332554849	0.337631867921016
-0.374940376153526	0.915973930106353
-0.0223482394890599	0.0331036568777121
-0.160976323707764	0.348263255470603
-0.0479555492765772	0.0756848151485402
-0.124773651696806	0.200026239671512
-0.476653838156806	0.922147559953587
0.033070285947622	0.0366316217519681
0.0367510156834051	0.0468792948326262
0.683841475795373	1.65761021917552
-0.169123934888204	0.215475526901506
-0.173584406729017	0.24636176594826
0.452185575888454	0.985711809535776
0.302658136906143	0.460414891262064
-0.524385394211148	1.0191920661595
-0.0107246999793419	0.0124320519146942
-0.547913109059772	1.15535057918967
0.153516311620144	0.183087965664006
0.287555065726473	0.406753382098831
0.496847076688811	0.774920177906336
0.451401639282748	0.797404778677929
-0.493370624742016	0.794919735197444
0.315626584635562	0.427427920682592
-0.0752293634438763	0.0879388237450023
-0.408162849554848	0.633680871119783
-0.126503536107891	0.119949291462384
0.106084731379993	0.118979693933676
-0.0225036547105054	0.0291737474302062
-0.00433425812831279	0.00442688695762983
-0.267397917865517	0.295715278190091
0.319081277122177	0.53056551200945
0.328839302214589	0.580558005762539
0.189917607174651	0.276758788134911
0.450275987682039	0.682586571691502
-0.58650765401345	0.977999935506891
-0.122011758701291	0.14296432764054
-0.336598074727446	0.466534457441975
-0.325065493083807	0.357732725267709
0.0450945875276361	0.348977021939358
0.00857198833241953	0.0467585845941614
0.0102088332914949	0.0500762874515575
-0.136051967287372	0.735435664043247
0.0452867073155084	0.173855751010905
0.0112537382486039	0.0358653739805875
-0.0657073203007981	0.269362011319807
0.0141970410898886	0.0442552859213498
0.131769233457849	0.502538962141284
-0.399224988614269	2.11500301826287
0.080803497102184	0.227404968136606
0.191393686480179	0.624336635349849
-0.0925227310542951	0.239039387592231
0.0867524237626775	0.224915397857838
-0.194383762438734	0.579247892042478
0.18344719586999	0.514067076135889
-0.16377568230499	0.426511908407452
-0.117244631595999	0.271290593378844
-0.30024259498469	0.820259054014056
0.0593656314027817	0.103233255439829
0.0619879161091187	0.104967744872719
-0.234426021046526	0.509261876096318
0.233288849707945	0.41137250147274
-0.386209214629336	0.699906569879097
-0.259817201603236	0.398571081731073
0.328663502347945	0.580119324765215
-0.00683876015701106	0.00822255509599824
-0.52079139014386	0.809313567991375
-0.445272659944447	0.765256300519343
0.607242213843417	1.4548067477095
0.489363793124463	0.868066239724784
0.265733205621519	0.436558906455451
0.055226010441436	0.071012561506401
0.572888702656953	1.04597988740653
-0.461219382979514	0.71661190706217
0.0282212536535466	0.0337173970121451
0.371111700074272	0.582451510825079
0.134134317023208	0.163512659553198
-0.366755031436446	0.466530913094986
0.342966475352273	0.388220396838824
-0.117577535997814	0.125273885807731
0.0794242809710655	0.0886870412358703
-0.0359710492280705	0.0346721649968708
0.186466906736104	0.247639782260521
-0.75810622622754	1.57348748017621
-0.0441391539521003	0.0494120649487229
-0.155316791958406	0.190088327908889
-0.23979766603918	0.414918633144257
0.186041016870006	0.247014794218699
0.607434876040045	1.18141410975034
-0.0464526420698804	0.0473054774536688
-0.552894395252847	0.858555834739903
-0.0504219562150409	0.0610216212697938
-0.191453353689468	0.234356813999462
0.0406710946177267	0.313039972528215
-0.00454136154014284	0.0260012752470536
-0.0127718344725047	0.0469184694592749
0.0923108124944694	0.415818668518094
-0.0363066250256983	0.127931270322092
-0.0856378596412371	0.376100040104308
-0.0086708934546044	0.027860042193778
-0.181731601363176	0.775940585672482
-0.152197556780244	0.54648000611532
-0.0385104019513244	0.101150340720436
0.0483074436747265	0.12229276000046
-0.138328156725344	0.401990897204662
-0.174924560918882	0.536502171573022
0.280386375233341	0.973848442838744
-0.359229909268678	1.15122726585108
-0.0586873902045683	0.126329920550892
-0.183576728063425	0.523706211783906
0.441018216171811	1.6289214103909
-0.0655552924718467	0.11775517363813
0.19269910153336	0.429071081786245
0.366795198361961	0.895100736553457
0.00170575560340961	0.0021380762568822
0.0900480050045963	0.122103566136364
0.550968682088706	1.20999331128042
-0.0342620580107734	0.0398452851783747
0.0944976553021781	0.123177775601606
-0.349751319255501	0.631263027491418
0.173388194696634	0.256749557333194
0.792420977266698	2.21907813626586
0.391992994739179	0.741080639345323
-0.205586954955024	0.333123671354421
0.123375198030027	0.165675296521606
-0.240646369725712	0.344680892542184
0.319278701104401	0.443178658734003
0.202157697805606	0.307890740818634
0.337473336939358	0.527368004781021
-0.300340662255952	0.366109917969767
0.117016978777557	0.124460526113332
-0.371913503874744	0.429594320787527
0.404074634786485	0.514511594061364
0.143735677200254	0.180291284631002
-0.253218415614507	0.309477180600021
-0.402122218603714	0.709277953700122
-0.230285587971316	0.318034396008073
0.100013669823943	0.118229092856062
0.0682970385925508	0.0740398960680435
0.227520389000111	0.319181686688616
-0.49030284016376	0.762081956404625
-0.369923378158176	0.53327491253784
0.278011992650811	0.374124431583525
-0.122064217759145	0.149155146265372
-0.288476891220769	0.42964103816672
-0.126265677299433	0.119692407332684
-0.270103410066356	0.374023972916036
-0.290337616168279	0.370656178706326
-0.0757448739713254	0.0885902920478184
-0.061252488659715	0.0622596797565774
-0.377580025436905	0.565357603663339
-0.436468266766703	0.578598908420162
-0.0881774556783268	0.866524170486628
-0.0643333905903983	0.343176143454121
0.00389435626981094	0.0136272407997034
-0.160736549705263	0.989370003379241
0.000223979767775015	0.00078107740995538
-0.101979665363704	0.486309599894958
-0.0255632061756712	0.0707392555162852
0.0230684984360695	0.0585617936917518
-0.0513989877717799	0.139547683344969
-0.330937029268552	1.45635290162152
-0.34936491134815	1.36351603502677
-0.290715496484337	0.96466165153259
-0.293055527993132	0.995770950087534
0.0205138673943469	0.039895272471261
0.0536000176197377	0.10830479045966
0.0824725378536766	0.190818866712018
-0.0666970303229144	0.127818020240799
-0.120065322660084	0.250244733486975
0.236652171541493	0.539746168841182
0.454947817100236	1.20589484830433
0.0334708567809518	0.0370920716779189
0.0957831430023509	0.10432523173144
-0.175680477488297	0.185963071195799
0.355646950607139	0.472904088745635
-0.314026591202555	0.400333512714681
-0.729982934182365	1.25532173748712
0.554605537044495	0.852123034743574
-0.47841928114501	0.951128304531563
0.523929553195298	1.03077981447911
0.149509457557962	0.252050877384351
0.446679797067615	1.02633257654074
-0.0903764888926016	0.105793678951519
-0.339773551857125	0.432412478461199
0.153531531898821	0.18310684830126
0.690883692878111	1.22380358638568
0.884139962363756	1.49611450232741
0.0344579067344897	0.0268407714275058
0.100202118860287	0.0815349246585088
0.399698611219441	0.385168891994439
-0.34297458065117	0.357144824888456
-0.111984458980229	0.112960181123323
-0.429003631352846	0.642506446676289
0.125691386986284	0.149247255931102
-0.0791875427178183	0.11087111949897
0.625305924688395	1.38707836489055
-0.10716249863177	0.145558460733237
0.178272229807458	0.23058804026867
0.330592336112812	0.493400239375565
-0.191574885076841	0.234516786543729
-0.138325449897699	0.154784072829426
-0.267218143512785	0.295486636304605
0.0700028470365908	0.0592207766602264
-0.115409509100734	0.0956963453833784
-0.207471680451127	0.181891112921745
-0.256424142428724	0.254089257808811
0.558272941727451	1.14445360854207
-0.0394451622627997	0.0356618478455172
-0.0315966035315616	0.23679373080846
-0.0191557981334598	0.12517200637401
0.0143335132770121	0.0727260661960536
-0.00221316704931031	0.0100440134350387
-0.063747799034315	0.342483621365508
0.115059211913539	0.545966761914748
-0.0978775161281298	0.38009977022368
-0.316152794726138	1.94720584134175
0.0143083321757571	0.0390465607026089
0.175109861046294	0.677834391623371
-0.0107682642545546	0.0260667164651136
-0.26985488855548	1.21226359218366
0.132156880861701	0.341064612040018
-0.4457487022747	1.95207818124119
-0.0156046366150725	0.0331295095132587
0.0428642758502879	0.088682469814258
-0.0593846430184441	0.119705996108281
0.242685410441747	0.649533234185144
-0.0177840829440088	0.0299060307669973
-0.340127347545874	0.842399558054997
-0.571065779117869	1.3333127143503
0.265487564287769	0.436120222434683
-0.0049425283155518	0.00550941989762634
-0.0267200015496841	0.0321942141455254
-0.0473996420010739	0.0552463292514395
-0.112466407889446	0.163517798680157
-0.536793220498059	1.31022395969191
-0.402444757301024	0.709894423862056
0.0941898139045782	0.122723226933318
-0.225914750307989	0.344915731242022
-0.121881271987361	0.142825315395964
0.306584579227764	0.477219129895931
0.12853776030686	0.164928606260706
-0.632821618309753	1.27323078684668
-0.618325963458346	1.06666070477548
0.615893738204112	0.952886740173943
-0.0388587767478211	0.035113554181795
0.0095766902500099	0.00833931608322415
0.109935414091726	0.133646716316842
-0.626029764107486	0.933344611684419
0.272980275459082	0.413453008378728
0.421940232943456	0.802316988703525
0.0450618713531242	0.045973042622831
0.420007615014846	0.769259864244561
0.423540248484014	0.83447334022265
0.225859212426976	0.346109977492524
0.196356838496707	0.292734916960182
0.406432019279734	0.61257531817016
0.452915201382836	0.833164931418538
0.0868356527129694	0.105092867494742
-0.175171671930053	0.205147345292692
-0.120933768740912	0.107573567020667
-0.302587451752535	0.402887221990464
-0.0359628566388228	0.0346720725590491
0.213145192874489	0.250175607069238
0.000926023815180941	0.000994455183655205
-0.242180412774924	0.370642857479077
-0.339853227834822	0.432984509270991
-0.384834521898127	0.466624707338772
0.00869534234771521	0.0563339652026809
-0.0322802399401135	0.189280044690722
-0.122521658572793	0.964122244414284
0.00994002398673556	0.041589734236218
-0.0698858526657985	0.295806243157144
-0.0539064355308786	0.188423210601672
0.144472062410654	0.640705114007541
-0.138058437441844	0.543328750239795
0.0231787789119844	0.0630433579959286
-0.151215995203489	0.538547851967275
-0.0480897880535374	0.128028273410238
0.23366025856852	0.881614557967033
-0.110411869486856	0.309255328379715
0.10865577765635	0.273616712719635
-0.0620142802274014	0.120699814067656
0.0583760837023457	0.117087741330988
-0.154435769143985	0.382790151814873
0.145532215518724	0.289481371500848
0.155365757718837	0.305495204052504
-0.415787403711112	0.935086927523298
-0.0588550308370029	0.0766371259953386
-0.126180292650563	0.189996067421334
0.225621011033527	0.345556636680292
-0.211940343274363	0.292252656994565
0.110205649996875	0.150546400057417
-0.0507959523046108	0.0615121819121503
-0.095593809339607	0.129614908269682
-0.00482153662751907	0.00537380861128753
0.269298556979958	0.45101009515692
-0.0787080234880038	0.0992736988616948
0.295599829615828	0.498691631911119
0.00225061051201573	0.00272014654898781
0.0851553883375458	0.108170205042098
0.12529345401639	0.148730526656282
-0.169939537411312	0.216714293260846
0.655351460471843	1.08772244336184
-0.253455802384631	0.3096310561383
-0.709729490403027	1.34865277460788
0.161773010794676	0.198274412129906
0.408775822308411	0.644887195713357
-0.445159493876014	0.765036003704958
-0.136083207806497	0.173006460051681
0.315650803009666	0.427460369538827
0.0251345944547109	0.0285676328553115
-0.269781116713192	0.3734578744076
-0.16586751278639	0.21956760932979
-0.920356577959648	1.90675905982273
-0.0314150300152435	0.0320337284311607
-0.322486894235038	0.464425652186275
-0.23709006595169	0.276722900272315
-0.10050481484079	0.10729155157404
-0.707557184665645	1.54742971447691
-0.284863192838226	0.331171593684794
-0.674336909073888	1.28101210960043
-0.326549932211344	0.434814044501848
-0.309329040472529	0.461599010523466
0.403895488703601	0.514193528610114
-0.131599657791357	0.13243687775718
-0.290402318586044	0.370665475676252
-0.389129781989849	0.62473321220876
-0.169791784187592	0.216497057067374
-0.00753766911861228	0.00686998379586298
-0.75411626284623	1.16321561566654
0.0360199472329401	0.261899584228028
0.0351737813987302	0.228156693295726
0.0360317972906705	0.1909636285209
0.0748949999087484	0.30816382337937
0.11679379846709	0.44700914350829
-0.112543581685888	0.410714102729361
-0.251131269144393	1.12220087472652
0.0971157885863577	0.276389816446319
0.0569121477594617	0.147356272782768
-0.0512669962116308	0.129078774998397
0.0661172070029289	0.155273232438233
0.261678363840302	0.831135583931776
-0.0664014163482478	0.166794511578822
-0.149616891999788	0.406280279068838
-0.00400965827893318	0.00809643913755314
-0.131710439343817	0.286808204476458
-0.355382251142893	0.772854778071368
0.0180162292311315	0.0209651883564255
0.273899392708689	0.280994606386624
-0.0861582612681586	0.082280738752013
0.528767768192596	0.961413200476783
-0.982745780046622	1.67628108258295
0.624292306731437	0.944360808423975
0.533536680501104	0.671257568517439
0.3946654440061	0.784784631633145
-0.169565791020442	0.216179703982441
0.138599342356348	0.222923281907056
-0.449563183687794	1.18513772027575
-0.351244323834072	0.467214642148749
-0.218346104332991	0.242620510934051
-0.285817969612114	0.454081168897313
0.0312165012490977	0.0326758345516984
0.232239089087857	0.197657152924779
-0.139772117374668	0.105960867449711
-1.03385659856149	1.20019023313274
0.169431459428891	0.143961523488659
0.155099829519264	0.147123754190936
0.11638738249249	0.0987512717652454
0.0295612551787316	0.0249214482631952
0.126636231837458	0.138709968641506
-0.554970273889069	1.35732112358548
0.348180404349052	0.581853531686119
-0.419666113600264	0.829675903742659
0.367661186599792	0.77833471164261
0.363946476965516	0.532962375708893
-0.120812464653343	0.135298860862974
0.199456477263391	0.252350011840461
-0.139020629999557	0.1629528255305
-0.653678798147092	1.12789620709144
-0.540188087780119	0.680901773490847
0.106564925872202	0.10994653054542
-0.083964476793614	0.0897188150937663
-0.259934716492925	0.302746948298368
-0.546203686258579	0.752442309624972
-0.260341572489841	0.303345863099957
0.242140111447066	0.214796641564638
0.399427529686834	0.355501012739803
0.523295041061956	0.693817263892211
-0.200253790206989	0.265742219348555
-0.422859621535386	0.609698113621598
-0.219101099063742	0.291319162393382
-0.791945482047303	0.630661225316363
0.00156445411387102	0.00928255895013805
0.06145522334451	0.432472247113903
-0.0393042139744514	0.158932261236835
0.160473856630945	0.738720617729753
-0.00546693672374265	0.016288812658879
0.00327943320869478	0.00860987041322806
0.0164507085632508	0.0429838640844667
-0.166614925266294	0.587034976902811
-0.0411095256849293	0.112337481047088
-0.108084799222776	0.283453868769056
0.146933029124594	0.450043120361015
0.0406023911991192	0.0985889035209202
-0.0874121860413612	0.219566668647369
-0.101529348627458	0.242504169605755
0.344269987308857	1.23085986142993
-0.414958112131492	1.19147885002349
0.0654073982398064	0.0908182674054805
-0.0314584479639458	0.0320795579880025
-0.0943634482407753	0.0954933739910323
-0.456966105948804	0.684505974627355
0.644814241589254	1.30780750418468
-0.00732784561407144	0.00709940083519827
0.734503498496395	1.36101326582116
0.291579116374497	0.574335838690077
-0.093450558517291	0.13550256902152
-0.148901133115903	0.232122001824734
-0.00704736455990819	0.00847473680889762
0.282821620240492	0.448102458545834
0.184194048780514	0.284151654969288
0.415295841379095	0.715461758944122
-0.471552397828019	0.83563434223077
0.506011486564552	0.738283285932617
-1.09728788805208	1.33606114583743
0.140190466083026	0.109193454007723
0.337137755215201	0.359271087807326
0.152423721489355	0.163156243474061
-0.498700067724373	0.62978863241854
-0.197894348914175	0.208926816132965
-0.175161182248258	0.205145147667151
-0.470591550727455	0.809909621158717
-0.105293142947815	0.133241641130773
-0.47578368823243	1.0755509426515
0.251228960830132	0.387303752116706
0.00900165402688784	0.00939635105368043
-0.211119959745558	0.258424913298631
-0.205252123611043	0.292696515783253
0.0213042695535451	0.022915355677413
-0.35120928004412	0.467156614907777
-0.325022744401513	0.357771299038293
-0.450904496070143	0.649425987766903
-0.663522469390891	1.33660416785357
0.22603362834677	0.280042530311525
-0.275968560735596	0.33684411947968
-0.020915692573365	0.0202099529132115
0.133589448879991	0.134538648100009
-0.0888072947167252	0.0740379113539712
-0.233494837142122	0.218053798520944
-0.302474807931632	0.402662192312286
0.41307734656236	0.696272675989033
-0.061402499520534	0.0624212701061629
-0.205568938770035	0.333159489580981
-0.289086714989233	0.285400727833041
-0.395576489051555	0.361195213429557
-0.0447375151002123	0.342568472825586
-0.0733666050707755	0.517021203116658
0.0692380645366184	0.332870891674207
-0.000323189054227509	0.00116939164082895
-0.0135537842035183	0.0473590691769568
0.0613877258663145	0.215765915441394
0.0555288816327657	0.182119667531984
0.0475856021170072	0.140924661038139
0.196565995935888	0.736587722269472
-0.0816844319970658	0.247634021836279
-0.155889421458941	0.569796596490806
0.0104468673090154	0.0231692758146813
0.0280083514438355	0.0648629176196829
-0.257295729083022	0.808082142312888
-0.054061048409385	0.0900095262974503
0.0264854136347521	0.0411984627876207
0.628863315237705	1.37164407259567
-0.0902388680058411	0.105621954883207
0.185704832740957	0.246442951963613
0.20722618691219	0.322227838651879
-0.120419440480968	0.152787229671513
-0.550255626890424	1.0715659260718
-0.420495779453107	0.968636290464147
0.201943386287389	0.307528349973257
0.205410475525451	0.423138435462354
0.087324747584093	0.130488129327547
0.0315909899216807	0.033090626748971
0.449769984264448	0.761169056566516
0.157111382177742	0.235659846661618
0.0830477370457583	0.116236417387031
0.403959729424275	0.554275551940195
0.229104520827607	0.24111957835841
0.10022134359659	0.0815551896323589
-0.17489290406696	0.164664611707939
-0.45109695010154	0.649657256282688
-0.444617603712095	0.511426388228751
0.245682538503245	0.370260458810628
-0.338093612770616	0.523153347211003
0.115683224786107	0.181023311727201
0.513175919569119	1.15353990408659
-0.0682435358037504	0.0986919310353034
-0.301409842679799	0.540230926189003
0.256427806358364	0.404124427824293
-0.0610497552443969	0.071277774369422
-0.396592705901806	0.760935290279972
0.0171703112924286	0.0224464541534727
-0.080687475539813	0.105401612875401
0.0975035494534907	0.121373856782724
0.406033266330459	0.611894681818528
0.449937419051845	0.697711062570547
-0.105998461585319	0.139101240635389
-0.336771326495532	0.466886206425659
0.0244595115810601	0.0220618387924143
0.0964053312447787	0.0964934002301945
-0.231721450405209	0.28352616525682
0.497242717958524	0.461750565008162
0.0293329110374756	0.0247286547476582
0.273324993019729	0.358803954272614
0.055169900299003	0.0613453761925567
0.00849362487995119	0.00885892967396985
-0.597710772744917	1.26611667717416
-0.395331323693633	0.569782130639181
-0.638720520043525	0.763962576400208
-0.0447063849299791	0.347776165398084
0.0131572902355412	0.0724188752801188
-0.0952113530653984	0.717806703102102
0.0241783576275855	0.121638961719021
0.0329294005787169	0.136191025783795
-0.0710771567976287	0.300863088728353
-0.164697932473681	0.856125325378446
-0.0611428696402259	0.196226952052855
0.0643954309670455	0.213941854677245
0.0213858211395257	0.0569733887998448
0.309414744302641	1.25538388716233
0.0647978322567979	0.159316750610676
-0.0474682866607693	0.106792175975372
-0.398693137103293	1.27455004714943
0.110411412660986	0.216921835451494
0.578210862610156	1.81264865075728
-0.0466829124724125	0.0651592176656091
0.00463945046543532	0.00692527203070701
-0.0531546604860405	0.0767067811703632
-0.469389098428426	1.2906882124132
0.0217919126559926	0.0333919549830567
0.293794192172135	0.594387405878756
0.204650395839084	0.345592139001171
0.131302469043664	0.180616946458131
0.0763453991155539	0.094592155087918
-0.0307243718610664	0.0413212995252853
-0.00641110272964598	0.00799749613650306
0.220038358038011	0.362167186358874
0.482631595025904	1.06082827568753
0.189529490744231	0.298281466037019
0.333627544644778	0.509244942768437
0.199616277713101	0.252544830617421
0.40506514738678	0.596544733175323
0.452740966989779	0.655761936825317
0.26342568304642	0.328345285927547
0.261756393610247	0.377846719439422
0.367181009514546	0.756184256053981
-0.373307592388098	0.694973575478055
-0.105662676399478	0.133797484691929
0.240217375216143	0.391581931697581
-0.0434696038203884	0.05451079502434
-0.457772656761207	0.908157571155088
-0.0783476121528865	0.0987678003625426
0.276091423274591	0.479975518335788
-0.483546051598835	1.0135191223062
-0.155525152843027	0.190326395503011
0.192427451253158	0.23707646401366
-0.135996850466161	0.172873454297812
-0.194323253793937	0.26740163417912
-0.132628495194188	0.187024145652418
-0.23052195485263	0.318450654099441
0.541311270023674	0.886858554267319
0.639257460382486	1.1041010210517
0.245878046933158	0.370667303608248
-0.326558010973671	0.434816578010454
0.30876777904329	0.397618347811989
-0.0247096529480652	0.0264427628934179
0.0330894166719791	0.0366548643955439
-0.212166676601925	0.292615806604867
-0.173228186547803	0.212163983787189
0.769664808596078	1.34726680277047
-0.0773522342060036	0.0784637181319359
-0.395626218758442	0.570382337955989
-0.67736975794073	0.928056316659165
-0.236990217974306	0.27649151203403
-0.551411715749585	0.824172935854555
0.0771557022382943	0.760349872494463
-0.00164588463679008	0.0092159824160751
-0.00254459112617518	0.0121340360674734
-0.152854817466429	0.96303425813945
-0.0648597279175149	0.279942278970034
-0.174514471334156	0.940081170054063
-0.1123526346865	0.438730621878276
-0.0940525060440418	0.35267111875611
-0.0612612965028371	0.181294043476558
-0.0393798381719293	0.0899379376975506
0.335135635954048	1.33832280412439
0.00392578336142844	0.0080014892509648
0.00314313030157833	0.00563867948067971
-0.0226355778894025	0.0459119220053357
-0.152098695267383	0.301966198839416
-0.132149340083644	0.260248434687579
0.0486455092752235	0.0788541962603347
-0.335298676257012	0.762614888630195
0.0217184298294269	0.0321822961084434
0.540556555809901	1.59145548520687
0.0886647699193209	0.147013135297483
0.00967403983463938	0.0123847838107127
-0.149343458700695	0.197246162549209
-0.0987205303961691	0.148120483871191
0.220118210097132	0.362367645879125
0.240718834106789	0.444437767249904
0.0148887776199597	0.0208732367518173
0.367860534749058	0.799526654442422
0.0899077260318323	0.121896006737882
-0.221313254147936	0.348468931775438
0.306983557669391	0.477950317856863
0.0942265627990856	0.122767332399398
-0.461304507217773	0.716920150407319
-0.402478499932431	0.602770475780659
0.152041350098648	0.195786468405679
-0.0885966974063349	0.124188564859412
0.527188475676331	0.978061323931898
-0.106090479429789	0.129406967040497
0.319029776081274	0.530474462922244
-0.497301290704134	1.15468295176646
-0.350369157010937	0.578728462683961
0.193429882973584	0.310028527423131
0.0010612179583614	0.00113734878753791
0.336851221281844	0.637684043208769
0.272764557196541	0.412995419140656
0.421412214871859	0.786688578465768
0.0282062167776898	0.0337037560190409
0.0662988790153578	0.0799502891266006
0.256325961986344	0.403896920312131
-0.0842233207906087	0.090014424926773
-0.19159014560872	0.234588875428319
-0.383877618268654	0.595660595266278
0.226061790477272	0.280048009555118
0.18484747965682	0.221624844393131
0.0875658570434327	0.106080394773547
0.357705188097086	0.487218393709227
0.70693961289802	1.38576632858542
0.205985282479656	0.235034767039598
-0.774873585015596	1.69884020486493
0.514065604350833	0.715742182625172
-0.295117282580643	0.325729747666558
-0.061252488659715	0.0622596797565774
-0.353080942357725	0.527530078298317
0.541009541594405	0.886155485052154
-0.453627627316428	0.547909975500408
-0.152105957311894	0.193577437480006
-0.00602970172776574	0.0386927774517658
-0.0606668456678294	0.437891650444896
-0.110733852832971	0.638666475205374
0.112467484008834	0.579325059661606
-0.134303409586276	0.668761270249775
0.194106102874731	0.921622863704844
-0.167514810664987	0.739341636390781
-0.120152810255295	0.433751734524262
0.0598652182753527	0.154599229603317
0.0390480749760447	0.0953475190360593
-0.0940172553814774	0.237753131458398
0.209867111751585	0.560805571684298
0.0294889534583728	0.059165365764656
-0.283768392572166	0.718514997300559
-0.00386590116598407	0.00585951895943752
0.132030790757923	0.259771603076223
-0.19346910956554	0.388743694429399
-0.310378504327252	0.670977019763616
-0.0243832344588576	0.0371959903187639
-0.195173567045701	0.344949346101594
-0.361913497253078	0.730800683456334
-0.0535811806174005	0.0747862442567054
0.0666083962176359	0.102180826516808
0.0647668951496456	0.0898598305166957
0.205066413876122	0.34652566178778
-0.579198172817356	1.55014852613847
-0.185251949780414	0.318209513784021
-0.147276253586028	0.222396507333504
-1.04451136972281	2.78760782374608
0.49021489883304	0.83349942171033
0.213398155927863	0.25044759782266
0.49695452446419	0.775170848399207
-0.33653867682736	0.466419822760143
-0.173606228611366	0.246405903312979
-0.148947960353839	0.232210087970836
0.482918228663887	1.06175264639504
-0.381338480881016	0.671095112741291
0.124055266406038	0.177061956662425
-0.226960181215045	0.391675968734041
-0.295845040608714	0.545151345692098
-0.0472880683656174	0.0551082141630664
-0.11973839766726	0.157471654259077
-0.22696348806894	0.403657119629259
0.367090329126364	0.776439386586852
0.578313093138073	1.33731562761485
0.423578030084374	0.834715401569898
-0.172267400695926	0.278131754885158
-0.133152078015062	0.187843853545641
0.904804197324058	2.11798400850584
0.449009430434477	0.727392664696326
-0.117612658598174	0.125309390310806
0.206633288019191	0.268339681978114
0.29417020692731	0.340508115236772
-0.414764645471805	0.574094700301436
-0.313594239269894	0.434819934601133
0.510009211124912	0.727133427035813
-0.587402365594728	0.94578670070959
-0.549260322590481	1.0994028020755
-0.623979377523878	1.32172495801476
0.352212841793823	0.445252257001323
-0.0765626740091237	0.0930188311894462
-0.500246949687934	0.970352507130601
-0.451052042356713	0.649794353404238
0.024477650723776	0.160211728718018
0.0985140882873362	0.883813671397753
-0.0805932485571993	0.511424326312551
0.0181865210639504	0.0801969475572968
-0.0678057005481297	0.281113103006739
-0.30782419977431	2.20835331471551
0.157853424164475	0.703418495556843
-0.0717577374991371	0.198823216176259
-0.0285477765114917	0.0703682305940866
-0.0485418248865336	0.117074412900182
-0.0269195443078638	0.0539531701020888
-0.126405812108758	0.303306785790777
-0.17462738117039	0.364216023390384
0.469443102171329	1.33040014179932
0.221050317668785	0.455422675209715
0.298299049161254	0.635586057700126
-0.148619785368838	0.253593640981272
0.138291810995701	0.237546346422127
-0.464139895436361	1.07406465028139
0.216264072327745	0.388959343823618
0.0515327950590504	0.0686409393399593
0.0355261739399851	0.0512341612039249
0.171634116674058	0.272540956588282
0.045108214162121	0.0588788732321148
-0.0643143217454624	0.0868172484741842
-0.0825881224664992	0.123664980837548
-0.0954863592400444	0.129482247891801
-0.249516022226619	0.345039137073178
-0.923469893400937	1.58012234451696
0.308545602203579	0.397211978306956
0.0312258537963608	0.0326846892418502
-0.383710359934673	0.595338636542607
0.10624907681666	0.11917568617667
-0.14890319965519	0.196477543250919
-0.232447328101038	0.343920063044007
0.208165203272287	0.298081621090323
0.562415543041377	1.39145478434593
-0.66356114265828	1.55944873858025
0.201266998825301	0.281231618042597
-0.267621807894193	0.341836713457876
-0.165340154723061	0.218764954712472
-0.573547914426182	1.18122666471553
-0.326588176205571	0.434859881059043
0.0379083670341965	0.0464667543296845
0.736487032221372	1.93600666982409
-0.454639528667112	0.87741455127148
0.220026588485499	0.329767292108381
0.556381854627052	1.16120449133692
-0.173465268271561	0.212421253220435
0.529085791759586	0.962051129454817
-0.290452893128413	0.370779764549543
-0.0213205972513802	0.0206039019284679
0.122726034638706	0.119628826993843
0.715311719348802	1.37691183260971
-0.0730035012458741	0.0818295764523973
-0.221880641998821	0.233506579336655
-0.51400648327169	0.739172669576687
-0.103993596787164	0.116505002198058
-0.131655260589283	0.132501419641515
-0.354573611995594	0.430862695280612
-0.587369202974569	0.911303889008132
-0.174847242937551	0.164620669962338
-0.513760567336681	0.738529572423346
0.0268070496985763	0.193205015545975
0.0238722279950919	0.149704082169417
-0.0114965276330868	0.0565945599296109
0.0478729466365275	0.205821011634361
-0.0128902186553828	0.0456967659861679
0.0411888628612199	0.147252387815181
-0.101403778032989	0.327238527010235
-0.132954334863085	0.447207120178339
-0.160585554752335	0.500720585834375
-0.201574137027329	0.596360328810608
0.029895782498614	0.0661025245045271
-0.317460002731941	1.02876632018254
0.051093773170369	0.0944779274203809
0.315739378791604	0.895321202506203
-0.0361082444189585	0.0654345093747843
-0.166689605838538	0.36139467241468
-0.218048849964981	0.470791180458652
-0.42958792873863	0.967396194946946
-0.205413584136333	0.363842352996556
0.322148980943176	0.719636407699361
0.240649359080267	0.4441600011805
-0.152372033777045	0.245390599042506
0.0473723744733017	0.0680172428012412
-0.134301747554087	0.215816035007404
-0.196254267242957	0.347502732307735
0.224569941586274	0.3766924302793
-0.0476758760511567	0.0555839444132911
-0.0727880315376077	0.0815589281191013
0.156932664118497	0.235353252174272
-0.154982562233994	0.189657241356267
0.363903520772452	0.53285866037528
-0.136274538019522	0.173282611689361
-0.133734649509433	0.194981920488757
-0.473803997649642	0.866340300136023
-0.376460178429811	0.642850625814934
-0.264942963872283	0.45969332164042
0.248145022026326	0.420088139463162
-0.663600938307592	1.33688274738996
0.046635350838912	0.0559984902064921
0.227927849814092	0.388851136718654
-0.216646645227498	0.362571476168898
0.298510421152109	0.513209247856211
0.131354326843831	0.180700700417813
0.114515379609976	0.178940008611005
-0.0385001114505143	0.0465088828557979
0.357020772802896	0.634340172277342
0.096238900587646	0.0963092150678472
0.0852843581413599	0.108367065678733
-0.100469906657917	0.107249790037166
-0.55355831186498	0.986148522637943
-0.922730699799818	1.74520643645777
0.110330929215908	0.134134764012897
-0.457917975006542	0.908896039268996
0.330439396915102	0.493073857407196
0.525506133629747	0.993938012893211
-0.10554507772625	0.123604384518456
0.282824247369002	0.39041133234418
-0.174910705148501	0.204733128049837
-1.04221954178565	2.08881768037751
0.143273586422942	0.179591909476706
0.322530671244208	0.458348443753584
-0.338250567714311	0.523465070221913
-0.0111085200886586	0.0733260372683015
-0.0205780398668231	0.114236088605496
-0.0568582463100271	0.256764078147898
0.0432707187068312	0.16716340988615
-0.0939015128481673	0.380296668352161
-0.15077628030326	0.601134490769258
0.15974879535111	0.611291137063056
-0.0397744574328159	0.102990657328695
0.140085908502943	0.3853051716892
-0.0499499520730127	0.112606309187158
-0.0936587705908524	0.213262197602299
-0.140141903529499	0.282285226320299
0.209011604875636	0.516238901815231
0.476883780735723	1.47241633337008
0.201203040166226	0.404628867363296
0.148225931707993	0.298367317511112
0.193519411399785	0.403574113377981
-0.163020685650815	0.294902053335067
0.0356721325588916	0.0514581974885181
0.145491325930852	0.241302322151108
0.198334636730848	0.357964124555947
-0.412784985330674	0.859932045470816
0.173667108199693	0.30107825364169
-0.340070271173109	0.630687580063429
-0.264841763952181	0.527712131354747
-0.301943042028742	0.541804676862109
-0.13816226970384	0.168980421182877
0.156977409424907	0.235371690857897
-0.21791871727848	0.353642021514602
-0.0532061636288324	0.0569482720182904
-0.161799604576136	0.221621022533373
-0.185356030098781	0.318422686087798
0.253950787775448	0.445017577070705
-0.350130696393709	0.578009855212482
0.36815719181283	0.779783806345225
-0.107285116388602	0.16112364487587
-0.070504580024282	0.0986438069707838
-0.600240899520131	1.23856109397768
0.276126862500975	0.480046614595685
0.0957228560427917	0.139525139463717
0.619661342363872	1.75781333861373
0.250880353948696	0.386543496279928
-0.461079523026502	0.939943828798602
-0.0792480812134019	0.110969499319944
-0.050731481228936	0.0614308221121979
-0.269328763664223	0.400425638045716
0.106672116173079	0.13630279035611
-0.716642070373316	1.31927608032221
-0.0681506782178314	0.0728915876332484
-0.00695751277443866	0.00674031330155759
-0.0441159681757441	0.0493799847807541
0.0248583686310274	0.0282451831335457
-0.259586259903895	0.372360751072748
-1.00915104005805	1.96378451883502
-0.493127204975285	0.794471361409323
0.000053702902282232	0.0000619549529591814
0.00638463701283373	0.0062857783599586
-0.149420725838499	0.197362438232282
-0.422639508341929	0.609310801692119
-0.46144037826862	0.583798668960372
-0.713681451798228	1.060396685606
-0.218933843083911	0.291075765076497
0.00332687798357468	0.020070035792507
0.120156135607036	0.968746784602515
-0.0498920784078318	0.238196558623043
0.0492297230537923	0.209314683066902
-0.0215913111003033	0.0681586172767485
-0.162209861542949	0.704619878406456
-0.108049657050032	0.358648653070324
0.0405449963982619	0.101981951382133
-0.169464871667297	0.54787228587757
0.397595018054076	1.42763246279468
0.288181527378508	0.836583797299919
0.221188135905103	0.59360272090279
0.0422949794587781	0.073643591768886
0.310695651730521	0.794413393329199
0.689091093785048	2.62218850942238
-0.432478298998259	1.28987281851723
-0.160851845675629	0.283255546327834
-0.0396111226939353	0.0570736681878343
-0.0532597669914965	0.0793667940065171
0.178575438959502	0.318617321934929
0.535536758469274	1.28093837025998
-0.00821369378980666	0.0117606025193167
0.496224554601503	1.21813392890935
-0.0384119703398379	0.0516997859315856
0.162723818801545	0.249038879653986
-0.122166763346686	0.143198161195988
-0.34978412991058	0.63133055198715
0.0449128039097268	0.0512321598318651
0.176443042589808	0.245406173181423
-0.184899201724283	0.271633776528992
-0.0983165025138554	0.137855301515534
0.25385385698475	0.444790472415147
0.0969415589444434	0.120567622471321
-0.0344954875969271	0.0512578314476356
0.0293149741325053	0.0398157741671465
-0.750462982268681	1.94370014896358
-0.628314099679727	1.29861361679635
0.160136795157243	0.226718711021279
0.0196556049159938	0.0248816584705215
0.600802460151845	1.21422317650099
0.328701020925817	0.580230780216191
0.201171312264869	0.281089489134888
-0.221377450996343	0.348594196424749
-0.0640462147790632	0.0864297200749713
-0.667901227099447	0.994177509644416
-0.00515097944393699	0.00574174299240515
-0.218597618366085	0.290497555419491
-0.225722403654682	0.288403594020366
-0.300564089239366	0.432488878436339
-0.00739503928966619	0.0071636755939397
0.339197933829644	0.662579048486398
-0.061399712473872	0.0716868116990543
-0.104042299563209	0.116581576721874
0.220613247515588	0.301738848697822
0.603825733607741	1.19715083720138
-0.377719737686268	0.565607022869429
-0.290547312939058	0.370793443773821
-0.422714709367002	0.60948830790249
-0.156525300278861	0.183375596400301
-0.422750243816732	0.609550696329547
-0.983241650994005	1.67851617424988
-0.0840583974124183	0.0898461883310007
-0.0985034673488254	0.935957125570645
-0.0113408509143905	0.0617290880933132
-0.0101286831190449	0.0458611198478108
-0.258048129639211	1.82498949625887
0.0521835082853505	0.204582636222271
0.0534577933613909	0.18148261289153
-0.30111895145437	1.39950106628978
0.0264001955972684	0.0614879762414239
-0.297957475698522	0.905816313005963
0.150400392558244	0.354013202666738
0.110329154932994	0.216721986947548
-0.0151743229555474	0.023680027008841
0.0348805831836477	0.0575309933399859
-0.400416148337344	1.16568819549842
0.12307434237265	0.244571801074443
-0.0843709315406589	0.179234603783693
-0.171381641848149	0.310624988035218
0.147711927811144	0.264517763691421
-0.446085971884863	0.932132765194086
-0.206811756439917	0.377155314761941
-0.0310313004774423	0.0431596765839725
-0.207870441181497	0.389669836751082
0.0250379407397163	0.0284573993902709
0.353930644823357	0.616149860212536
-0.280228467821653	0.373189441886275
0.0196282097185337	0.0238940747537749
0.326289850763525	0.475317142273191
0.359267332278236	0.501598729569955
0.315422320109439	0.513385017196353
-0.911055953614905	2.64042028965951
0.0914062484533807	0.138827513470933
-0.277604306211577	0.426820700236453
-0.12344950239068	0.179808875994666
0.613390775669802	1.61800066114611
-0.66882204397495	1.30895886016747
0.744073298250863	2.09519181412484
-0.498967693779935	0.940711699102682
0.0251590513917974	0.0285992005200212
0.311473369314672	0.496087311855295
-0.449661409101482	0.820233748723077
0.0997773517656473	0.117919671253579
-0.20526846229606	0.292678431220249
0.267571203691972	0.395792864135871
0.0999137782119279	0.118033381820412
-0.007392422316477	0.00716065168625051
0.337138851445454	0.526685125560952
0.355829562180531	0.473062471416521
0.910039193826283	1.95104324002348
-0.104145631461874	0.116704944856384
-0.861614346326997	1.99183184398311
-0.172957502635633	0.211722693039839
0.0659409170752392	0.0754497201740636
0.161908358974338	0.198471930487941
-0.689646158170953	1.42977838131818
-0.117619648570285	0.125319521746754
0.0201698044550159	0.019323401558373
-0.548664675574453	0.787859961438221
-0.00718614363938085	0.00566473695673302
-1.55011321441335	4.25430013908025
-0.175073582051183	0.175117538761644
-0.248128951393391	0.260548403440712
0.00827296730904918	0.051083001263472
0.0674038315007587	0.502416898402344
-0.128803916025528	0.787553418798753
-0.0878385973122288	0.454606011779755
-0.091451042518931	0.397447375931261
-0.135368371938099	0.491041138757309
-0.249010202946873	1.00398750190234
-0.269304129909175	0.819551919133772
-0.116128846982848	0.241851303084456
-0.482525030136694	1.90716118813917
-0.00852611815647962	0.0136183361185768
0.207836840716601	0.433485761092326
0.190740140618711	0.420264022246356
-0.241250539671514	0.6124900669375
0.199955098335234	0.43155663090335
-0.0709975704557928	0.121951843343749
-0.166417104221088	0.339021602283914
0.344688233093095	0.805307397209246
0.219276667803033	0.400420766380217
0.0165178614240269	0.0240817045589092
0.192666177745	0.337478911866135
0.00184567128591438	0.00231356461603885
0.365924051827607	0.548461955324757
0.179026449601419	0.270675353544997
-0.371479586698966	0.614972952535846
-0.0106715862091205	0.0123680786827906
0.517956298269125	1.1121947478717
-0.105574867378768	0.133661783044683
-0.09836424057002	0.161564300444384
-0.0264786219956324	0.038067865726554
0.0467837745624489	0.0671235067535563
-0.580250534682334	1.58608057777845
-0.48399579947907	1.25564227093601
-0.0843663643948726	0.114200881082354
0.109578137871708	0.158227425627462
0.0747414738524772	0.0968419342684782
-0.336687997063289	0.572188708203647
-0.0508991569740261	0.061646043080484
0.00197277800825207	0.00247183514107519
-0.232407652816792	0.343843534056
-0.250051309183726	0.370799006975866
-0.274835411541075	0.491802747139113
-0.0912987518221133	0.111211945849218
-0.14901107604372	0.196708047708249
0.160640929380882	0.2124193159529
0.28788911902155	0.407370729911165
0.125481772381235	0.148985105501788
0.3574598818705	0.487123274259919
-0.210581213397962	0.320734931528083
0.160215855251734	0.226850018792031
0.0838887362291621	0.117603231822618
-0.0441805909171495	0.0494594877929075
1.12846258941577	2.98583396441007
0.289622466908748	0.325729413214914
-0.427474501497555	0.541983211966977
-0.146909709470453	0.130110654845208
0.0506579560414423	0.0488160011136134
-0.436418319489477	0.578364175472989
-0.582226568949348	1.07109243142187
0.0793541311840874	0.0886067030751143
-0.288450102343021	0.42950455930926
-0.55383296343374	0.986662652263806
-0.748994579734841	1.59824665928962
0.0154745455696097	0.102622919371356
-0.0241269219814974	0.149845685258138
-0.00822614252054506	0.0425892880760434
0.0579478786270213	0.275244384788418
-0.133706429522317	0.511984511101661
-0.178432639938538	0.602826382410668
0.271827610977791	0.641112346744024
0.0988789915856675	0.185343627175913
0.0994740478096156	0.20164592384936
-0.132231216705069	0.260438479972199
0.0178127325158831	0.0269037512606251
-0.406287896156617	1.12352627454212
-0.125465588046023	0.31384769944588
-0.0181144867206241	0.0318202380330881
-0.227413022629719	0.649569690560143
-0.169192192794317	0.447827544660959
0.19531495128971	0.347272365974627
0.138502673117899	0.194906875910645
0.452308451622004	1.22263330161451
-0.207554865042593	0.398652110960065
0.220155532027397	0.330037940382591
0.273464856912725	0.359045315383782
-0.0650592688975598	0.0545399748693868
0.169262720415377	0.191965073247236
0.160902166881938	0.212828502127617
0.279155625558728	0.493996483289657
-0.137836890533815	0.168509811122736
0.0711299569032625	0.100654896573562
0.153148763371375	0.315378053466207
0.344392297404965	0.786554442769577
-0.132162368780087	0.248900569119637
0.0188832223008926	0.0303730221432642
0.0584374385161112	0.0832817929623829
-0.368870421960554	0.765197556922492
-0.249547462206631	0.445013080184452
0.115349732358654	0.169848675322041
0.519217549729889	1.33320802942356
0.486230770263923	1.02051499182841
0.532474200468811	0.928970802074122
0.0761884427653861	0.0943783989054255
0.162340964752368	0.2483265662363
0.299036603531436	0.514283915778299
0.106275644969819	0.119201201537392
0.0788947397827862	0.0880409930088239
0.251009754103938	0.386860347605354
0.809134124408212	1.03391353166124
-0.120861232065216	0.10749523331897
-0.171218585553204	0.251012059749309
-0.0602038736065874	0.0926526000348547
0.210674706799356	0.367380799123367
-0.0844710693726791	0.114351851039155
0.0851410536123053	0.0900282095337994
-0.358344406422282	0.393620998668636
0.165388451195985	0.162216235149154
-0.12653615684743	0.119988426771989
-0.58504841714077	0.701903507936594
-0.207382873502609	0.181800627702439
-0.318212581891103	0.605063962742423
-0.332959947889005	0.59973197388213
0.0883536378413112	0.910584042839477
0.0349398469110021	0.239190331346063
-0.0581300500618532	0.271032638252815
0.10819998173614	0.39466911234173
-0.0399685160331174	0.0924115263415602
0.28154361995148	0.742937012593612
0.0447157199063249	0.080778090464058
0.11039365828887	0.198897740766337
-0.0496623814206838	0.0826425581904961
-0.0335525894228711	0.0554420200005193
0.145023658224315	0.256434771726343
0.139012211654078	0.336426490464387
-0.113499167742093	0.226552210974893
0.119835653552041	0.274747584862533
-0.0677370706377377	0.139782379433057
0.0285810075938317	0.0356379724887782
0.246449447388531	0.474420582265683
0.19192787218897	0.395933628115218
-0.268089472371668	0.424947178407408
-0.689837469164888	1.43015512520803
-0.0175583593441542	0.0179251689517856
0.404074634786485	0.514511594061364
0.176886004192734	0.206272998255081
0.311318318869434	0.495773171680966
0.2136297916731	0.284778340325137
0.530245880278339	0.944097263815015
-0.641156509718681	1.21765555311759
-0.267731964340835	0.699048424996584
0.134916502902651	0.255804158732175
0.144823860210251	0.255961092786564
0.0934666854232585	0.185191743496633
-0.336180932236852	0.711492969142474
-0.261570749882749	0.467033735663312
-0.194182358200761	0.31441516758957
-0.280222771156895	0.530710677422394
0.00900926514310871	0.0115273764634512
0.0445517224624483	0.0581045602248866
-0.0175460684303686	0.0179014727512594
0.032915562894552	0.0325529480901939
-0.0769243915017882	0.111436200216989
-0.963948030912201	2.57000365156469
0.19943375410614	0.252316789448401
0.350271620637799	0.431325632858765
0.176480496539304	0.245459015588282
-0.0522395880339394	0.0406461520882526
-0.149903547196386	0.141614844095752
-0.0787709356389302	0.0993601314501501
0.101225718811119	0.159110589532305
0.28544630187994	0.530288929966693
-0.362070187025468	0.691506744405547
0.162031836776715	0.198639557782221
-0.643349672245812	0.730575376207787
-0.0679494482798802	0.0650800508281342
-0.105297796718941	0.100159067072312
-0.767132637800061	0.910025962739561
0.267307828272504	0.265145605026718
-1.01122278980938	1.36404557595975
-0.730540030242637	1.25822849742709
0.0760450021595325	0.0941772664859497
-0.247825802174192	0.260090335703376
-0.0164100232604525	0.0197452767636923
-0.00992737761121936	0.0133269727274643
-0.0108112200488028	0.0689458250405898
0.0214632316636583	0.113322014072343
-0.154075712060261	0.769198105790948
-0.147000490612475	0.510346586662792
0.0628297317934047	0.117684704478795
-0.136828196087815	0.298739326398819
-0.121826925101364	0.249105327542829
-0.307313529217696	0.841215078770525
0.258931587004827	0.627814952654053
0.246654929710182	0.475089432668332
0.120156597306932	0.32519979625775
-0.0490680684761525	0.0967537548330523
0.0896946078630928	0.226974904638816
0.297682004708062	1.14279509823212
0.00582691244228301	0.00767356275330865
-0.0331723857903483	0.0415302601962388
-0.159759503419618	0.303338852036444
-0.0749258869117961	0.112071240053298
-0.417128466640097	0.692563294213469
0.135575733922187	0.15279000064569
0.0137813666535432	0.0102614612000186
0.059770788335883	0.0541957833053013
0.135015187772885	0.164818117732843
0.213923352004808	0.285180602796934
-0.0727809487236433	0.0815670143658545
-0.326973022814178	0.640123459025118
-0.280650899254021	0.748845765488726
-0.186916576297364	0.38298625019877
-0.390123345627012	1.13132471871026
0.0527142624882583	0.0893752471361803
0.120664273902622	0.181048692184362
-0.389281616938753	0.830346946346093
0.0712079902914985	0.100775453142353
0.010758780170586	0.0154155986650878
0.393670993274512	0.77002285952886
0.282705298269072	0.447802907654273
0.537811741273505	0.899812228973466
-0.0768512600908511	0.0934186362742094
-0.102777477933105	0.149276559123094
-0.0659510609951432	0.082979072238072
0.160866927593167	0.177296942065446
-0.495474431910818	0.826261184288966
0.326338257045501	0.47541597041101
-0.176006165815773	0.131975979136295
0.809206052505137	1.03404268379246
0.128528866839877	0.164914859988882
-0.120704984621276	0.187526649559219
-0.130050144111833	0.215210505845776
-0.0598312474694453	0.0920240370980151
0.611675224874822	0.774321589339778
-0.120820026193261	0.107451537464188
-0.788370816624904	1.07497909400234
-0.120965091024651	0.107610526601172
0.323830022049872	0.311081891610482
0.621477674719124	0.764762828715291
-0.638788368006849	0.764126122812867
-0.383888445799228	0.595642099936405
0.0192951024056818	0.0196003454666063
-1.07235789506043	1.63414842541519
-0.051775570290344	0.0497775319788485
0.0379603144240218	0.0465329725014541
-0.424156106584295	0.438297933097339
-0.885912087775714	2.10104672858485
0.393556646552888	0.886467623592698
-0.425529815171425	1.00347522208797
-0.0827194345628728	0.123899405340552
-0.613011119543878	1.57472884820929
-0.0251989738174023	0.175347118544539
-0.087243640673982	0.627860115733299
-0.18085126590994	1.37465286542963
-0.0945678210448726	0.344996409944887
0.0692862516437414	0.226661963513848
-0.0139292032318715	0.0391546361163904
-0.0394552795409459	0.102078292382344
0.117901219424714	0.37268314362256
-0.0855127599764734	0.25133220599849
0.0749382728146505	0.243104733463436
0.391245644887462	1.87083764063715
0.00488243998998588	0.0113578825860768
0.0628971752673905	0.160447814501741
-0.313308656001759	0.931068669962985
-0.0841012492504458	0.172294166648969
0.28502503391213	0.936092385243814
-0.144859320334062	0.34585482222151
-0.0508155810030761	0.0906394281523216
0.411047489284526	1.03509915834846
-0.267762332136887	0.424227325491899
-0.168287617459797	0.296335203308436
-0.472344849456346	1.32365234674727
-0.00662297325000879	0.00919537907773851
0.25672507676387	0.534669626183813
0.0159610115594032	0.0267812622893472
-0.0922581826574149	0.193369705528184
-0.281920221472011	0.739915448255579
-0.149295559717474	0.321339044804587
0.212382353314945	0.534302916425859
0.402445077265886	1.13562571966204
0.129615460807606	0.201410636979138
-0.281766142823674	0.591805481916498
-0.461641183371537	1.21909772706629
0.0675659764898292	0.103784474577097
-0.0112578512807289	0.0166219212885504
0.337552425828693	0.527560943643926
0.36798671806691	0.799623804767143
0.271884292340692	0.544321191188485
0.0570707057400074	0.0847109761966065
0.648753185379486	1.72593377018956
-0.308987660174206	0.538705115967989
-0.235900641612024	0.455966131527889
-0.205927124026589	0.262981997156835
0.545964719454385	1.23545632597922
-0.347721615837706	0.700890547795588
0.192813649667376	0.368946476449894
-0.195750607603946	0.34605646409855
0.221399691948702	0.456335291050304
0.193680383016268	0.263878692891784
0.0191990051016965	0.0195017671993201
-0.00762367639581861	0.00694756702627623
-0.0303267279993532	0.0339026745634141
0.467083190346377	0.56781383021804
-0.00766791544910107	0.00698844403597895
-0.554357136373674	0.893031146082788
-0.570318783337194	1.2985608045854
0.143489344115033	0.179916437936726
-0.119973212485141	0.152087342319952
-0.3002908789774	0.365997121581905
0.0508987360380071	0.0490627773388451
-0.489749118583934	1.08163617875613
-0.268916426625207	0.399742189107047
-0.394183206486768	0.653989592284344
-0.396683007810995	0.760868170663608
-0.204782002198539	0.352353188508466
-0.0632122157802356	0.553222616744293
0.0109838616344054	0.059463435798002
0.101008842650712	0.509756312257618
0.0029359747126039	0.00969372002759817
0.0719055796888102	0.31346617630423
-0.0467691185007038	0.149088370455029
-0.10016780100662	0.369246381448822
-0.135165244426901	0.582998397158135
0.223966510256408	1.1256039201063
0.0589891512604058	0.168112408221083
-0.0350835129754096	0.0880181291402687
-0.0698312249650477	0.183112880932419
0.143154240483674	0.389027463136794
-0.0948263221293012	0.225435346774401
-0.0482260434219634	0.118527812526572
-0.229288215443398	0.756133797025168
-0.249005185466602	0.720103719900007
0.280718605637013	0.739728615300374
0.56065786872814	1.69652516802695
-0.0255750786197456	0.0450965748011602
-0.350777465815637	1.03999643917073
-0.40756956750234	0.937666231295101
0.085758374375029	0.158803111590983
0.0536747293790273	0.10028929918495
0.215725416383715	0.510851604802348
0.0826561042279962	0.151204207197338
-0.0351164000827378	0.063527101652663
0.204657377884422	0.491834183640892
0.549104057816949	1.71817701108035
0.495395290163562	1.23150904980701
0.0337480602793999	0.0445361009918261
0.464917857359488	1.15743557512367
-0.173453739887158	0.288655124179186
-0.194807540111034	0.334922936316421
0.522511274963143	1.04610818600009
-0.388698528345023	0.828591733201346
-0.0178995331767748	0.0248612515948985
-0.0738054396991139	0.0997229747330851
-0.0863478534539384	0.137508692642397
-0.269785150471055	0.578275053832228
-0.429803836613091	0.968026424983317
-0.0839102066302143	0.113465836035679
-0.084178846594614	0.12189092075906
-0.632995698838017	1.77419348278837
0.234307231947429	0.470655567806536
-0.0320316472433554	0.04462452224217
0.118486982391555	0.198411577873567
0.00224917437190411	0.00271846175077722
0.0365381965325542	0.0427188833841744
-0.0382712909532021	0.0462114335416998
0.328802817411552	0.580457313893887
0.453206098832776	0.834139027879035
0.273256126600015	0.358715003370094
-0.663658957468214	1.33694443395022
-0.0174709030046212	0.0195028987183153
0.252144188164706	0.505684456446389
0.208075557465889	0.35732479474422
0.509049962721131	1.17628305454512
0.453770021985245	0.851391362373828
-0.145224854931647	0.205140239897813
-0.615333272904472	1.68791604960528
-0.452294403812217	0.84902209723446
-0.116433580755758	0.175062357240801
-0.236050973758543	0.372489364381442
-0.330778101341688	0.494174752534288
-0.145369752957746	0.205405731662225
-0.0224165210239878	0.157593723754863
0.0035246597532039	0.0176026627681251
-0.125862195661465	0.89327794174078
-0.11170899714849	0.811111392697729
-0.0194342951705584	0.0677720807832147
0.0551008662107847	0.231896420004355
-0.0378978282461874	0.158505645904391
0.0316402149369228	0.103306393824432
-0.0861953832186605	0.251595463051519
0.0336771174897827	0.0766778531904583
0.0626544892768577	0.150101626763476
-0.179129993236056	0.556954436621862
-0.0383051263431314	0.0903437682351798
0.0203810687120951	0.047930627341671
0.0530452229566441	0.135332718053399
0.0517561633627481	0.132848864633956
-0.224653991084995	0.761113975856917
-0.196967572733686	0.574127354478702
0.343838134916942	1.20748596856291
-0.102910575697368	0.228548889439962
-0.288225609818111	0.757278538531377
0.245048105126715	0.662618206488407
-0.413833059895509	1.64876631686373
-0.154655436795473	0.333496497352752
-0.516070925433858	1.22772240165533
0.365621683224625	0.928772368576109
0.217600517268057	0.43773634641088
0.14251812676878	0.279889094717712
-0.00599133275325536	0.0083124223584095
0.166192493206421	0.279229698548461
0.409636165212876	1.04172587496691
0.065017852692626	0.103391205660045
-0.308788722907315	0.618693051421292
0.160401516105951	0.303580715191041
0.10443914907897	0.175232206764059
-0.141771773396974	0.261085790611068
0.115435897549915	0.202116625932112
0.208936920512419	0.475366999745449
0.0690004291954825	0.119978617327574
-0.0913892723397181	0.149866092560979
0.563840974224061	1.69131778270397
-0.137846037071136	0.283526678697793
0.278545697418864	0.600130740748099
-0.308987660174206	0.538705115967989
-0.11982868246253	0.157603253933374
-0.581981195326659	1.6244654050622
-0.00322903145361612	0.0043302301849802
0.283238147776355	0.517799290479014
-0.249662271541261	0.445291699593899
-0.215501857867858	0.382238480914094
-0.000821570927055995	0.00106269953459597
0.0697759227775366	0.103122291892754
0.337594407306362	0.648856881060442
0.134471675729739	0.212680076017406
-0.163558463186669	0.271672799778061
0.0311765997043775	0.0442543678527796
-0.16615518221073	0.284437088210152
0.0191653009151678	0.0242481987637939
0.0922762379309576	0.155158733270427
-0.0588550308370029	0.0766371259953386
0.134302578759491	0.227100756179346
-0.427204026460608	1.07618313811214
-0.868774335649097	1.48849450533512
-0.117795209945322	0.125496348631001
-0.649501951263834	1.15812953566628
-0.0570966825768805	0.0514268083269126
-0.340367980063258	0.393950814322891
-0.230607539777383	0.318561810286755
0.00243053612701753	0.0146549735488496
-0.0272984251446318	0.159943932964726
-0.00566893802383385	0.0264423717374072
0.201263955707744	1.34665444068451
0.0565158684016347	0.248974308541151
0.0742878669469903	0.363230187818765
-0.00878768467657098	0.0243407184311661
-0.0709683312229182	0.193300874085239
-0.302129289486479	0.946543828563422
0.244804621501494	0.725949844839135
-0.275516828148168	1.06430337389796
-0.168303240781631	0.518234845994448
0.115013223346667	0.311816135384606
0.234821089515338	0.858304711079075
0.110288884175318	0.32687830770646
-0.24806230176443	1.00619120003944
-0.107867266015423	0.312713268650846
-0.221146071925898	0.754718556328782
-0.0925200396215187	0.216627780187911
-0.13860097246593	0.273711663418518
-0.0513856683856166	0.108321072048239
0.0437891868759456	0.0943937692956927
0.256845979484868	0.457664238271699
0.019433685637504	0.0245945414558881
0.109785929203471	0.178165998861668
-0.349856199707649	0.631510029941857
-0.0160171176252787	0.0214995087859148
-0.0534186603992334	0.0771257978603127
-0.459145660044819	1.1131387035234
0.158296559608772	0.257355472507743
-0.0764078013327559	0.110601090860919
0.00331747647561239	0.00448897181812428
-0.0996361607386168	0.177133828599444
0.238749882949503	0.497119810329562
-0.0309158891886964	0.0415873538149673
0.125611186141139	0.191940598018677
-0.29974446755791	0.706180627613399
0.178665605595263	0.318819271726119
-0.070160621743906	0.0981030782562733
0.116862696400261	0.216085316300787
0.0160866395036689	0.0262967331682625
0.104281747083463	0.174895439769541
-0.158953016293166	0.225011515869373
-0.344537467536045	0.551223748012795
0.391675864172658	0.739881667340201
0.11530118159725	0.201824759141207
0.101192330251772	0.159048749779304
0.0023986452836868	0.00345387108314651
-0.101156306962237	0.16159881086776
0.12195234508958	0.219358865558694
0.305003324151183	0.719426331764281
-0.162573861175099	0.293911919598476
0.0929822018541803	0.141463896682786
0.419710099300543	0.768665244201285
0.362696147953568	0.68061746809398
-0.0778526745898144	0.127109182279125
0.245122072157181	0.465857187726753
0.110542513893468	0.16995512199083
0.0366352467960767	0.0428319563114603
-0.088779068422626	0.124475700541539
0.18452142841285	0.338878141408946
-0.0920395330642571	0.116326883042721
-0.00738881130852414	0.00582237644540926
0.0828769652944142	0.0645800647846662
-0.381159087175222	0.395516759686594
-0.115250615190203	0.0955787615016026
-0.00643587924542967	0.00359301632558093
0.0830543504088036	0.0647153958136992
-0.237054742378642	0.276681670450462
-0.0375086426875073	0.276559856517635
0.0306095903251313	0.184570211059728
0.00900322871851193	0.0342990751667914
-0.12255004757641	0.694189132466366
-0.0650853835283452	0.30782150160287
-0.0237843438511705	0.0733128188692379
-0.0717785983628476	0.202357435373379
0.256868772406888	0.779549926899003
-0.0334832166790459	0.0714317471438159
-0.0590060933392175	0.145541742448928
-0.00667902687483393	0.0138730953387001
0.0568885245405062	0.137600446633916
0.130418462926321	0.352441337161169
0.112062465026236	0.305662414234218
-0.191816008706156	0.673008071217881
-0.217920743458839	0.755953453000386
-0.297478177941933	1.1146187490046
0.296064063689806	0.976379415037906
0.187176082530724	0.376932896204694
0.183253851549295	0.489502425551522
0.061774487313137	0.131827446510157
0.277764525119879	0.591927835780373
-0.356273962660397	0.66199743153157
-0.030809827093344	0.039976788130414
0.523711178019789	1.02970401499104
-0.255074808071716	0.493698602331473
0.308888930638465	0.767246942353136
0.124689539204502	0.214835515668324
0.207715017546459	0.356539215632683
0.226767199276069	0.386497554695184
-0.468489056457909	1.00716062073616
-0.0900647316387472	0.151743428874386
0.198926998649287	0.395068417414331
0.409585906157025	1.04058996513638
-0.24234550948735	0.407008118568848
-0.429676121554911	1.15074681901436
0.437462764586695	1.08980929160089
-0.379218385967369	0.726346908242197
-0.0247325610310126	0.0407622070770608
0.0494110540040594	0.0801824372052639
-0.0189289388808836	0.026324780833788
-0.0913589035749833	0.111286893567027
-0.575476318436723	1.15388394118531
0.267591592540434	0.395798468503402
-0.247813114546974	0.45453943857989
-0.20117384541869	0.404965073213631
0.606387103050297	1.76987213186149
-0.108526930951006	0.173499025682326
-0.120904186342816	0.199546294033901
-0.196163379675095	0.347301230996315
-0.495004869722754	1.25891115626088
0.00485477054793102	0.00683698059008484
-0.106983268686417	0.145307556942916
-0.138024128823289	0.168792643650919
-0.260594724922147	0.425431109891869
-0.301766137610741	0.541382651891883
0.643459004335263	1.7313707054437
-0.495425668743262	0.826177989436723
-0.503477519951366	1.22561346770848
0.17123908969838	0.271805723727643
-0.090762584572301	0.110479817219274
-0.0516399717258896	0.0496444280724844
0.053207318499499	0.0432370037809537
-0.354214941205602	0.430246484881895
-0.783306010579182	0.879552427593375
0.0354779419490588	0.265107634789584
-0.000341015715432468	0.00162830852906782
-0.0232762889527749	0.122634420079738
-0.041038128363806	0.227592879445902
-0.0463959611569506	0.188587323674725
0.197772295066003	0.916472630306196
0.304932223162239	1.2805588079536
-0.05513488785882	0.14586952547102
0.228265218808005	0.972557051475686
0.155118977793622	0.525030724881438
0.190519698963069	0.672688057528644
0.0494245029875891	0.130144369863008
0.0913401178680178	0.272290501436121
-0.0253053982484312	0.0650538468629933
0.244429510510659	0.956291245985495
-0.214181872979056	0.760449099516788
-0.228845692095957	0.714546952489976
-0.0440867356217113	0.0802030851276131
0.125644018082075	0.295755028349293
-0.0276971372063392	0.0563553783592065
-0.0218842030376946	0.0323906344137852
-0.204806636928579	0.341991664197702
0.367108376887082	0.837352850306281
0.339848117211825	0.673621488349852
-0.0367476610970276	0.0578100109146945
-0.150356900276485	0.27812850063155
0.0924659907646453	0.148280387597805
0.188743167257777	0.325191786208909
0.171245081081216	0.271822781492259
-0.0221095906269834	0.0286434496287344
0.419402748862727	1.23699826869452
0.285599213924387	0.659367726217341
0.0461330119342276	0.0688448754343614
-0.00340381158745081	0.00487339172682646
0.0499219062794549	0.0784046326310095
0.464900283897614	1.35291490362296
0.163232001016319	0.292196372617101
0.457111279519989	1.39807811502413
-0.121196769485966	0.211188082321871
-0.687494639856715	2.01316837527519
-0.427691630226185	0.778887038983146
0.334089447143667	0.51036027612219
-0.0769416746070729	0.0935354188416672
-0.293900993673488	0.661820339810199
0.0760003277457474	0.120420775120133
0.413379034339729	1.00801971467425
-0.0403624563980218	0.0600291107474401
-0.0536823714345948	0.0824904902849374
0.120722535968377	0.204886414925171
-0.129273910579035	0.226020700512585
-0.0281327184429981	0.0417280619936987
0.0224004968100279	0.0298135632011116
-0.196460912439307	0.347946194578054
-0.0591666305578717	0.0770698719032673
-0.301680646911499	0.541147947582633
0.241716452830824	0.446468915268614
-0.0119117678093834	0.0127491121692073
-0.200191995304879	0.294862695021528
-0.339901313672053	0.665839590832601
0.36593460862659	0.71038191390505
-0.1978374889411	0.208849162483095
-0.00907787891476096	0.00654587525523139
-0.643583894717906	0.730901247199573
-0.625540924493567	0.932193343805565
0.169384288174696	0.143954913171166
