x	y
1.08490511114447	11.6009996972034
1.1508068762769	13.5591786578421
1.48745814622039	14.4623878956699
1.51973827064427	12.6973517808148
1.15750277554911	8.29049945644921
1.31951983808647	10.2084514712477
0.863732499552337	5.61833358517827
1.34986911237237	12.0858840946806
1.417999110973	12.4864040425334
1.94192776424103	15.0387125743409
1.66876669091006	15.4188190593401
1.11181349719046	7.24404575823429
0.975559422234305	6.62779504778611
1.38931303089925	14.5378672804936
1.10399514137965	7.22033561477263
0.927424700910978	6.23583235280545
1.0849050943452	6.78851577658508
1.62806034592649	14.085751663802
0.978101747703716	5.37825023927041
1.3413640055963	9.91983188091802
1.61872446498141	15.8162920577656
1.3294751982648	9.98689532020097
1.48790595009018	9.54266751392492
1.56547763673871	10.9702428385258
1.39693830072258	9.03098823738239
1.38142351275782	11.4800587842913
1.22929306819812	8.48072342990377
1.63387261526915	14.4319718604932
0.891393290159698	4.82130317582583
1.12164877602357	6.65941085956228
1.05069087975666	7.24719035223186
1.31003437915817	10.424085694167
1.40995390409517	9.23018767050441
1.36310796198924	10.2874869745796
1.18003538510142	6.71260675506867
1.05207235726941	5.56447991729877
1.16107317793349	6.78130544541859
1.27474991719232	6.56511679033648
1.75535472211128	10.2139197741393
1.35557732852166	6.93505315839613
0.962945805628253	4.35725403953509
0.741323336751212	2.24203423234053
1.13959957505834	4.51464147134717
2.19635361445157	11.2040106714051
1.71439956806937	7.65926063588938
1.52340876316324	5.14332744193869
1.30811085683399	3.79803163618102
1.18563262675939	2.85506839888828
0.82053631948622	1.81310326130734
1.35547030658956	7.08839404004426
1.70460321466087	9.50007859929527
1.6379444702929	7.10893969693545
1.19112783119163	5.19562192538723
0.990590037071626	5.04189790041102
1.68294829195912	13.3097493247106
1.55114176861202	10.1140104926851
0.937913162209637	3.9362974310087
0.94613091239376	3.9423572122553
1.40907653078406	7.2417241002731
0.897067014387872	2.8184817850359
1.63406461129259	8.56965855509709
1.63747235259668	9.10293982899043
1.54241921487338	8.95285069566523
1.35210751389048	10.1026006845047
0.951336774688429	4.9532221082277
1.9388787551762	17.8686380922123
1.46033251550518	12.0694360878298
1.00886561854692	5.45507807637767
1.56150958478509	12.3405869027723
0.94699916663575	7.06918804044833
1.05625416562226	11.8098553541448
1.24827188303958	16.6625280298369
1.35974093474625	11.7534479134478
1.28627146655758	9.38906275032029
0.855477920884285	4.62790328732205
1.30633242025444	9.07652272310241
1.43367384707158	12.1922987986626
1.38725632598853	10.5571678080927
1.21268296101595	9.90606887380593
1.05610260556629	6.32699019083308
1.16006411164978	7.55971202972271
1.05480694452204	7.38150718374182
1.26119771158889	10.9179112655229
1.21412969473904	9.41782636255073
1.65472516341386	16.6717668765085
1.0521514732792	5.5637325232865
1.21751143261928	10.2955631520292
1.03315909799869	6.48534298534649
1.06876109969358	6.49034667179916
1.41866935133216	12.5090845506576
1.18776695022197	9.65367259331405
1.24032615610545	8.65609992170118
0.956092779869982	3.96152819219138
1.13950737254802	4.51387318196992
0.733033244142411	2.50382331158239
1.79440981873655	16.7342001594451
1.61514012526981	15.9355618809615
1.27121101358744	10.0902736641468
1.39515094755992	12.8877548361155
1.30557261041025	8.80085330497005
1.1587918982428	9.14274267456622
1.39442534715157	13.0192683353714
0.856091607985975	3.94477517824194
1.3302761295713	9.72934990305302
0.5369207649835	1.88107359316972
0.81695646502938	4.21938594803278
1.38245024992743	11.2133811048338
0.993422491456217	5.4193646524299
1.26397114701699	6.82390138016437
1.32931051977478	8.8982519430622
1.91810447811353	17.0366631658546
1.48677281347917	7.62583083243094
1.46451456554869	5.07882314413518
0.755109462297509	1.51532516240828
1.02600058377122	2.13684367095341
1.49665296093684	4.53680806736278
1.09416419108434	2.80275230507874
1.31167822522784	2.96621592480449
1.50337783600859	4.18533965505242
1.29034565709087	4.53198391920586
1.0420345205515	4.8964719736085
1.75471354718611	15.0159240488624
1.20969763044027	5.96120665900631
1.37510211987762	6.20203125263191
1.30438229186152	6.4942411221088
1.38115136135469	9.10375754760244
1.3707695978851	7.89175666271205
1.37150694426962	7.74725990524063
1.45488444699995	9.40404902707793
1.4978285151374	10.8105075130097
1.1816762516462	4.8815399683346
1.61715737187402	7.62548478908115
1.74543705921395	8.89353607160027
1.49080824544537	8.45318313211748
1.40541626733855	7.70246534003014
1.30836593968274	9.75965507357844
1.33005662661109	9.59501909684079
1.03334141809201	7.06526064228413
1.44374022344562	10.2578983475971
1.73580536500455	14.0884196220812
1.3932995230344	11.2655579088166
1.12291154453391	12.9281943760269
0.987504189544174	6.22194128983503
1.45000574171173	12.8415561773358
1.40874359781366	14.0373105477716
1.75431834236341	15.8276149656237
1.37417790044152	13.7895148236227
1.30304978211832	11.1547097214401
1.29448170610777	11.1101242169961
1.20894927945864	8.39037453975614
1.67432828207767	15.303487463368
1.40468371680741	11.3287093261813
1.00447113991087	7.62768588288648
1.0716625104157	7.55863044227291
1.5912591892293	15.1819221165982
1.4823273453366	13.1823056699273
1.48723912508036	16.0690593576034
1.3493023410223	12.4640846706014
1.30870140830697	9.89257425435029
1.01437745667574	6.99633652487956
1.49402369133509	16.4026785855995
1.14404507387482	8.35324684246453
1.63031448734018	10.9298885679833
1.53009628620564	11.5645739628269
1.36885364890293	8.77232068444134
1.61398845036336	15.4920892696219
1.62062610752412	16.273368011173
1.14691157981761	8.48870442861943
1.38926083710694	10.1485142118974
0.953571267363322	4.59427822578069
1.72605636974747	20.3516399355272
1.50368308139782	12.7462845159552
0.788070826681816	3.84721520878749
1.52230725170961	12.566155039625
0.98526214534041	5.39575021202411
1.38490221934305	10.8177470187852
1.41903924422081	9.85525230918483
0.81066180715652	3.76210859865642
1.34265512011295	8.81206278571719
1.2133241788151	8.02154855534668
1.31925782489755	9.81301597135534
1.40322187015665	8.00229301775906
1.78878141412435	8.81922063178097
1.92234275411222	8.2919163039987
1.17978990140102	2.38555347095751
1.24438423504037	4.31244786719709
0.875552544677399	1.64162466149783
1.17993760769487	2.38566568824199
1.66027499306891	5.51819208265207
2.06318762043711	9.02798336185465
1.26982628513733	8.51516397613925
0.887927828564959	5.14582908361331
1.41392296909809	8.79945536698207
1.46447235183427	8.83330902244624
1.17781509741305	7.10146751904321
0.946090349306101	4.20118669875498
1.3840888386411	8.53532528721961
1.65406143446466	9.33330291310271
1.19953328895022	6.07682638794009
1.40687946235208	7.55137097768607
0.917163407201987	3.51373637255165
0.900831832699636	2.65731544152647
1.07863798222447	3.83163244189337
0.807483838196169	2.78091244597339
1.20243682445052	6.22166598864852
1.02654731540384	6.46675729723376
1.16041097340241	8.42778575127088
1.17140194617679	7.72573103281063
1.0309614819204	5.6320124410859
1.01972695369663	5.35822834780458
1.31785246943286	9.12672569700186
1.09566712306234	12.909594728063
1.13002426185947	12.4565187245342
1.43866119312876	18.9216359346959
1.38550137026672	12.9652448370425
1.52005507117321	15.3864853809777
1.52968819605773	17.4993233463344
1.36634746023118	13.9847900106652
1.56797769973163	17.2741776388677
0.819588637454611	4.55024734624587
1.29715600562191	9.69724185749484
1.33143888702727	11.583874021598
1.27671016561224	10.8823338720973
1.48023881079659	12.4518579164002
1.25051138107256	9.72524814433119
1.32083904284995	10.8733149269593
1.25484272354925	11.8571225591803
1.36487051278971	10.0341482389228
0.929482300187059	5.25380089037709
1.42752507398804	12.6850354259914
1.46680343413937	16.1713482812218
1.74549957305795	20.6719471176043
1.23023934009155	13.1009326997824
1.36398260197976	10.2998839204251
1.64773862009143	9.99940621528424
1.24803003401818	5.75823812222251
0.517544285137791	1.49610939148366
1.09636086268884	4.44029640423751
0.831674549116612	2.79338092769098
1.23845531261589	5.28505034425037
1.28357330942992	5.99076391427915
1.69355729372137	14.0127714380729
0.992556129319063	4.92218067661185
1.18036358055922	5.31716106703421
1.4622955518269	8.98151778022271
1.82313369743719	12.8275695175098
1.44628072911541	12.1254076372309
1.19266639528618	5.77770597634931
1.08587596344345	5.25537330168038
1.36388991626082	10.1622829727818
1.63227055134957	13.5020933492544
1.537634831555	11.3027410257914
1.35279385253211	5.66241804719989
0.901174483289712	3.631487937373
1.06081286278324	4.66311850018306
1.59878270619934	11.7565843855416
1.41707753402199	8.35179460353943
1.16252597609398	6.39057112244666
1.25663901651837	7.22879079313429
1.20634704735981	5.80926877582854
0.9220565206203	4.28856601780155
1.51199842586253	9.32506587094453
0.675735879820916	1.45295738654385
1.08616089085337	3.51366983703962
1.29998615871286	6.02841288285025
1.60557793988949	6.05444325007728
0.880920856142613	2.66245230414924
0.676431191642564	2.12380994239627
0.945924033505376	4.45489792535737
1.0617600812029	5.59110351400429
1.23257255297484	5.72380401257304
1.55777920612091	13.0684431202429
1.34093378479676	11.3799471624375
1.95604076780863	13.808172346054
1.45247465316756	7.03749614785776
0.455482355382479	0.903791610074927
1.12846792638965	3.70450116760478
1.63783696940771	7.10726286346062
1.39079231847024	5.19132784462448
1.27095864754043	6.25916463826368
1.39567314720824	6.08036647774126
1.09808191202847	13.4243457175302
1.20057327312776	13.5472148331914
1.19533307484919	12.7289849589129
1.31097180249016	14.7770933197118
0.990104618900477	6.45407171062497
0.965176019196392	5.8076383550119
0.938825791302771	6.17282401059128
1.46766223322221	13.3673540989955
1.27188249237171	8.79097474962148
1.31944399409696	10.07943455493
1.60889575894066	12.5961441659614
1.15506317943604	8.15815693290186
1.01266754317672	7.10297981364945
1.43490871772589	12.0608701499435
1.31098324808823	10.5586827491548
1.14148382656961	8.22187716413001
1.10422712997893	7.22350502876082
1.75465123967259	14.1898447195635
1.40280221996758	10.0662665568307
0.876874342694924	5.11702171907967
1.07952395892359	7.83578738177482
1.39051768187778	11.8007822355802
1.51377928388137	15.7479196300575
1.23999164562641	7.72464407475546
1.03173534485368	4.47763856828986
1.79132715604509	11.9748760656172
1.76130915059429	10.5973963927856
1.1889680677592	5.62505612121809
1.48621984187689	7.61835482920844
1.37447590038073	5.87075526066344
0.930161946527846	4.42666454822997
1.04590684556402	4.77146848272552
1.24803003401818	5.75823812222251
1.39471970799903	6.40636761778295
1.47466869537246	7.09750240333526
1.16986490815926	5.85891724584266
1.69035536980732	12.6972183343865
0.989836570226468	3.73746384191401
1.58263323655301	11.0451103502688
0.99101775975099	4.40781727841582
1.72990716751939	12.8986615092003
0.732402068339222	2.50111575112006
1.18040519532116	4.41767059603385
1.48374685521297	7.78053637083977
1.2638138072529	5.79083234208289
1.54375900972102	8.12119629307597
1.45054537416584	7.19782039434773
0.543910869374207	1.24933200355488
1.47922886607006	9.04412821040378
1.28601441507576	5.05311700948219
1.30003755109601	6.02805379888848
1.39563094366135	5.73966211461779
1.28304595565113	3.78246316021616
1.33321306311411	4.56950877702456
0.892402548580956	2.30688406200366
1.48951010823787	6.07708073906737
1.23879030950561	4.65310306650014
0.871712235704244	2.95009983556251
1.12506454930844	5.47939069364774
1.29681942895509	5.71347546125284
1.39362657640814	6.7260946257678
1.14463420509492	7.24616762175411
1.09624486709986	5.80974094311021
2.04161746374591	12.8186047492635
1.71471195447025	7.65966491546735
1.52055674963706	5.53999769923059
1.60320632943749	7.22869275948283
1.61488019784734	6.87045963020769
0.977824665743331	12.4113620474057
1.0746879527587	12.4469807969829
1.46012052037774	14.9389483286063
0.733564571608084	3.44942471387944
1.25471446493322	11.119874659509
0.888486565191608	6.43000315203901
1.25649033502183	10.3905135446828
1.6502176965651	16.3428800606523
1.17767139357605	6.15793628109507
1.57624082929518	14.6475379385122
1.08970779502933	7.99618703298237
1.50151686590635	13.5847302019337
0.922575031426191	5.11612297949088
0.941236442532145	5.51122463628996
1.3304416057465	10.796582371332
0.591531383798794	1.49298258101474
1.1659894726005	4.85189814202964
0.81230914165483	4.21494842286527
1.34346382990465	14.5590400795998
1.32938132588465	14.4470367167911
1.03264971856603	8.08521702710659
1.07810730312745	4.55667717075173
1.13908665689527	3.88428136194323
1.50396661777169	6.8260028933475
0.769186502674807	2.23004174946128
1.20652347924333	3.554922939446
1.44051308657567	5.43981612662809
0.914666840164437	2.2915293085251
1.82955261897327	10.6653620665588
1.2882568317548	7.89978150203694
0.94705481210835	3.95007576901002
0.921926383260097	2.65131043051364
1.31128565788195	5.42308487767799
1.4167976636404	6.29324088819011
1.09208903426071	7.05411808527739
1.04482738230486	3.15704637496731
0.835901866900473	2.92355292989873
0.866747812302503	3.83667104167038
1.08947974296853	7.99392082156346
1.02119228758659	6.68015076965993
1.34194206376288	8.52497169986569
1.28900338633801	5.21994069690582
1.46288710872546	10.049642922494
1.20879122948414	8.38788220668907
0.652481218996988	2.51039280744881
1.00290702199151	5.31706905370136
1.4554751159691	6.88291589436004
1.00561394044301	2.44545481279325
1.10358353383699	4.31174772560341
1.57067021971413	6.20455549973305
0.751571263878449	1.71483265952036
1.48386510465535	3.31043098705576
1.41688822505549	6.2932835153064
1.25077446814933	3.57997984729108
1.14452406524758	3.71238307629995
0.938827903122297	2.81804974264105
1.52248292669564	9.68026341057717
1.23024377141725	7.81936714649598
0.879468388152172	3.73222010401011
1.2107200365445	7.87318142477885
1.24920688658428	8.56257035375712
1.46614939123686	5.66598533551095
2.15396769413702	10.6329289541718
1.19173645034582	11.6769679999857
1.32649074887049	13.3245085801147
1.04177914209468	7.89880442905506
0.925562394964396	7.19896826368022
1.15715663941472	8.65333155256059
1.30337851573394	11.1623336927994
1.70888604625237	14.5796892442638
0.967533022877982	6.26852561431637
1.3178926667248	12.8922480604703
1.32663146598238	13.3261695742485
1.31888560629135	9.93979187726656
1.40495568429124	12.9599419538333
1.06241386312112	8.66823074786271
1.53015549911177	9.39407270469592
0.837379851758639	3.18739381051995
1.08226043966644	7.95838980164301
1.09165042047774	9.49006737016786
0.869835854198888	6.15424361349908
1.23050120923981	12.0491067670007
1.68527142277424	11.3350092510435
1.41392468426781	6.61159328656571
1.11019578685156	4.46386396008351
1.48315296451863	7.77605129527148
1.1870760705667	5.04016180522361
1.25869974150038	5.47785591389775
1.14232574408721	4.95251835813139
1.54682156848782	8.79984163793727
1.37496791957542	10.3522504335183
1.39974122631704	8.43813256119934
1.75395718406823	12.5037098182803
1.23782284570408	6.02652680637029
1.78572153685383	12.4764172325881
1.40777133319199	11.081648923247
1.67860158910036	10.460990600615
1.00984898318068	4.43336230011786
1.5178379782628	12.1049722593267
1.2684131084567	9.69098535801327
1.30769148375413	9.49033258024567
1.1299325259503	5.62679977772103
1.3558632632827	8.43284525922071
0.952997564137223	4.71616947142018
1.22231401723874	7.25522254770193
1.14682222658681	6.20914004751728
1.60380962575689	11.6248488373278
1.62272351186927	9.39327212839617
1.52028806367181	5.53809707703935
1.35529562837472	7.08604091417853
1.65100913278065	6.72952524084639
1.13278627778716	3.52921846839061
0.890756779330792	2.66100983538782
0.743484211896331	1.92955773364848
1.48563734316273	6.43395493741696
1.09775545270524	3.68910077011853
1.25558530964397	5.31741781414872
1.55345954998053	11.3829109210452
1.11509762579067	6.11894544311793
1.38627780206034	8.09682529271318
1.52602116628404	12.44350595224
1.07130103887908	11.0954821651012
1.05912055832346	9.64506770296242
1.49691744120475	16.9532159468071
1.29714956320029	11.7485053137928
0.905059444701677	7.01467657470352
1.36697107369661	12.8398804626052
1.09831622795495	9.07565211195664
1.18359910458214	11.0531646987959
1.41745478185471	14.096309940509
1.35756201875141	14.6640820189602
1.22629490867297	12.726524006726
1.42963635175588	13.7831656545788
1.20247551411084	11.6355945133125
1.49381516702235	16.3984267044117
1.4059177640488	12.8316376789282
1.458573087805	14.1249411640002
1.60979632895147	17.6200856502651
1.29997461250142	12.1507463190921
1.40226464119168	11.7339092100149
1.47471710683071	12.0055133327192
1.44150669426147	12.5093433437559
0.954619237304807	5.55117940411605
1.34036498119113	10.5806014420606
1.41820139039104	11.2715643938964
1.1634345261576	7.31200010929137
1.26136197795899	8.74922707742749
1.3691052444117	8.77420608812719
1.4710656855462	9.47112734277465
1.35496070099297	8.56983430116695
1.30573680201097	8.9371196909716
0.863985541933282	4.06828986929139
1.54975605837923	11.5170894793635
0.923460494403021	4.65780868762533
1.4018627383723	10.2068360053269
1.56138044096421	11.1093910420123
1.14140026195476	5.65303991180987
1.20410979134777	7.45483333542385
1.08078912360497	5.63597735657945
1.59917427540836	9.98471338001831
1.20341243809976	4.60677245670562
2.14205355061771	6.93447312612472
1.21400313647378	4.93800861035497
0.965986182347208	2.98264248824636
1.21688534805225	4.11032844241954
1.39498776757402	3.71023724417677
0.896500340374788	2.81642726750354
0.98318913458719	5.50612961112752
1.27059833562378	7.40718865384386
1.11722440562096	4.62354570132645
1.28659118197663	6.29781898846549
1.33714120240665	6.42318055897247
1.04921667454744	4.64012917069672
0.969545149019633	3.43875788410952
1.28936824004298	6.60206398677522
1.20322454459116	5.6568381597541
1.26183709612649	5.63940533701671
0.88088279014996	2.95443904027171
0.636416990853319	1.3395614297118
1.11059877393919	4.46810054525524
1.71738241610657	10.7893070757723
1.0160489790083	8.76350107189184
1.21961780452209	12.1002868699859
1.51298930245582	14.3576675042311
1.22927902464275	11.9235382787629
1.58745078775672	19.0931333864508
1.70099659183701	18.5087177022343
1.46414839810425	15.5006757061874
1.57832955143694	16.8008012213143
0.928653557320907	6.57327664697203
1.3718233112445	15.3910927559047
1.63402962333146	14.4342082774991
1.2405151393423	13.0558807414786
1.47091612152292	14.8868952637846
1.18147589079407	10.0995840339227
1.2428188900392	9.80878489905763
0.928682565494	6.35831221223779
1.33187894744198	11.7138960269611
1.05754239610154	5.70706518075166
1.38589090132626	10.689355471992
1.00927904686804	6.17156380516104
1.44191285337645	12.517436052755
1.05581760623469	5.44448088620737
1.23374883207881	8.0971713596928
1.56530092521969	12.2077854932752
1.29385264526939	8.75087158625593
1.52834323540823	10.9511952657441
1.31658477447206	8.83924370505292
1.18332250680903	7.38167857551548
1.488181713993	13.6399720657165
1.21953095025319	7.78064197103611
1.07722426854711	6.01627136133126
1.22229653347339	8.70545514905735
1.21888165377853	8.4347185547495
1.27196609122458	8.79189676324781
1.4916937859227	11.071739144549
1.04291246915584	6.16040340368961
1.17494768094151	5.59110008743504
0.720989534299442	2.24253995440653
1.3947357318217	6.40712934508022
1.43052523383177	3.92093269240473
1.49187716990169	5.6999479628604
1.07321906469893	3.3365869365993
1.95890654351759	10.3094793234287
1.0040836780531	2.2815421270036
1.2700653408132	5.18658274850913
0.848123922891783	3.32084006230079
1.21577777642585	7.50365082535912
1.48326887324342	7.77717456762674
1.23217757881774	5.72064857941399
1.22177734064674	6.56054831662962
1.53430632486541	9.24903960315835
1.15843211483015	6.24465344157784
1.40886339557054	7.23926302348504
1.20313166889806	6.2287070358524
1.37490153203982	6.20077001129095
1.31396242488005	7.99159374443181
1.44491425621047	7.49176185272793
1.31750089137969	6.06777075051292
1.31134104184773	7.5480852713694
1.76558653537412	15.2500720432234
1.31264289566241	13.5867538686099
1.00640120454424	7.84489626922566
1.40492631871237	14.9130385341089
1.14762473558328	10.8289456366577
1.34062466817431	12.2820612160516
1.25011519937808	12.0691789641715
1.11514957264426	8.57113818882695
1.08282178505404	10.3245486576279
1.21564043840023	12.7587466905151
1.37648198736959	12.7743999176579
1.24408596304607	12.1448225151224
1.42201307425471	14.9153068038296
1.42734348478461	14.1687366296016
1.06423216631458	8.34045674864581
1.11004066110886	9.13459743708366
1.35058305006879	13.8681054571345
1.44484296076907	13.3536682710858
1.35941963046913	12.0141577118186
1.35927268287237	11.7456062885451
1.47961396662626	15.085356307588
1.07599114930521	7.4695173950207
1.43083379017422	12.450109683165
1.29712924562013	9.57037257728961
1.14184190119827	7.11135288672394
0.923229981954044	4.77379786724916
1.3535988366907	9.55934474192277
1.40622374804021	9.65032830543116
1.00005657533723	6.25635628502345
1.30004385762179	10.2375403610115
1.29751138805889	9.43847824380629
1.232639519334	9.63483403219403
1.41095491261927	10.6777881619937
1.33020575977802	9.73162188446384
1.51217748969115	11.6233873172313
1.2617281941578	7.6648731748514
1.07222605365195	5.87611802532004
0.986609495739958	4.65075986866999
0.756950689349027	2.37358735695164
0.564578044675678	1.09402399653488
1.13299402908391	4.35597158063997
0.52888999637663	0.961594373751531
0.586873442109094	1.29574051388849
1.083145976503	3.67981566903766
1.62293578616421	8.1847624473088
0.562475517010578	1.55106685395805
1.31396091612617	7.99125879153449
1.24348859325672	6.33465028443996
1.14158590586474	5.65504180005887
0.965185705298636	4.10648092308189
0.504072815491056	1.19520734594111
1.57387792169715	11.3227345766217
1.77613053861676	12.6060798532615
1.27584020934272	7.85408267581123
1.02844739894988	4.99581854193614
1.71396147899233	11.806170718334
1.14557825464624	5.79815515649529
1.42108476663644	7.90051597203924
1.21724835025586	5.68662309598701
1.61343882503588	12.4633325716066
1.05055547833947	11.9667731657565
1.38137692371677	14.3488574041206
1.3859392601212	12.837390259509
1.61519101165322	18.9263909113233
1.28410222895317	12.0464203884094
1.12521705442265	9.32728796146471
1.50634528242563	16.2293098184066
1.12721747558857	10.2540114214096
1.68692245478787	21.8408369407936
1.17513428404172	11.2301977194141
1.01309940229795	7.4423670940345
1.30733579825185	13.7953829829766
1.2628318054626	11.1725045440729
1.68922309209596	15.4022008998817
1.13397367621702	10.063891990151
1.18386240254046	10.6997649112179
1.39644512469594	12.6372223035762
1.33099470881727	11.3227175936647
1.11094737779431	5.97771024037687
1.78778821640078	17.9679020407447
1.5764403757027	14.647583022073
1.18773115238934	6.59638763772646
1.50816547798524	13.1912213072997
1.05300032761104	6.43848841159095
1.37554444090441	10.3621136517957
0.972786716383889	5.12155363834479
1.35286583737894	9.83397030386382
1.5184045162575	13.4064509570285
1.44344058028097	12.3879250573447
1.16202271469761	7.68824945087558
1.25548504954498	9.24186125081459
1.14738815834863	7.75841132729818
1.16801060686661	7.96779016339597
1.53000437348133	11.5613747266287
1.2371408760375	8.37792017089324
0.994256799916424	6.24456010300533
1.34054344163107	7.93149313291964
1.50817822000808	7.68599419148843
1.53969733714997	6.35037487432636
0.983977972571933	2.11826004632269
1.3943221652852	5.55967443973246
1.66608024076073	7.93402555349102
2.14330806793946	8.95061272356541
1.23569400337191	4.12251579116283
0.719890346219104	1.78040090076574
1.05367465209198	5.82263118042411
0.881033475175961	4.3379152125447
1.85933511713093	12.8126271721054
1.24142860516204	7.03601811931727
0.872278018047344	3.72439894821082
1.59903278003015	11.759696488082
1.14565182745012	5.79871702372057
0.677044967784359	2.50598793397455
1.5988751763365	11.7586509632318
1.48440030721696	8.7456908312861
0.989236532288768	5.16476442484907
0.636494230643679	2.01577367748787
1.65949599868458	12.3787105154377
1.32559938134442	7.5949534441799
1.6034752895714	11.6179630310521
1.08921575804334	11.4304706912869
1.11839386069204	11.5237137060318
1.23231795849769	12.187343426606
1.08428407555578	9.78676326125839
1.39611621826491	15.0979004409684
1.18232318984144	11.3837029703706
1.19894831450184	12.6393065383758
1.56202320031721	21.5829725255997
1.52691908649108	19.0537435755516
1.24590026368084	10.0836312196325
1.3432815975966	14.5530733919858
1.05876255272729	9.09306870131092
1.20144934805545	9.60274214574212
1.22072509563855	10.5592425931171
1.23693666284987	13.259958800229
0.825239339182876	5.20300984152193
1.16159145383194	8.06593620929738
1.41252756382478	10.5437099540632
1.4238655095641	10.7440030494138
1.46416187066545	13.6193152751164
1.53598923923223	15.762776956773
1.5059801417233	16.2203721567566
1.28026806717496	10.0063950620487
1.53621178304252	14.5188691953412
0.948964533204741	6.31319008486174
1.46645827470352	12.5218510503891
1.16521688130405	7.83117964310991
0.948670280411615	5.41988499428201
1.70179573870243	16.4109193552312
1.45610278867113	13.2875070781683
1.46419258839076	13.6187900943219
1.00837926262843	7.30228799746629
1.31733616903422	8.85005785095844
1.14151311691865	7.48674531412905
1.16152899080563	8.91533860527148
0.937637469437499	4.31320187007678
1.01769807975166	3.47721428911966
1.5844278561764	7.72481391403956
0.979946318228085	1.52198997772345
1.07383285683386	2.97339812975074
2.00532770329466	7.11038743150299
0.870166555224867	1.7940892732467
1.32576060916724	3.4686168177987
1.12324543989086	3.87028200051829
1.62832529980088	10.4297442369362
0.904533751392547	4.96639317123701
0.911190682246159	3.77276576438335
1.63210693895004	9.7707086322582
1.2251791472865	8.96843458108768
1.02270154626463	5.98233845266359
0.867853218525893	4.31113554064969
0.882586303192185	4.45996130139132
1.95138361736249	17.0715664984507
0.962466053761754	4.48541556692798
1.20520891129531	6.36218239281775
2.00303165312116	13.4481186373986
0.790710923848558	3.02698146008346
1.81286896041352	14.178729112187
1.44080349148161	7.80112950418886
1.62621271065261	13.1510117691171
1.53530687013471	12.0485816452075
0.864619026190139	8.40177612341703
1.14732590096752	10.8244253841794
1.10466508220224	13.0764377421989
1.16009720646428	13.1148253014845
1.09148249759856	9.92956171900107
0.970474373827606	9.45463933193012
1.28263610947157	14.8935417087409
1.13473047936916	9.82746163743151
0.967876314283726	9.14204884138706
1.08230265168677	10.3171784905512
1.31214009227178	11.0824629114241
1.3178133204652	14.9519711383765
1.25671306806697	15.5570985743598
1.22410623474664	10.2149449856459
1.33997181763882	7.1980431585167
1.02894292781617	4.99979192625795
1.16221738943976	5.97935114528161
1.43441934073316	14.4867691893982
1.32494866496666	12.8118262733594
1.13770796139053	11.1050483290849
1.06785234883381	9.47252380461094
1.26091472649308	10.9158607707238
1.34979472998774	13.4878264396509
1.35001542552555	11.9524800695319
0.976561504016735	6.51972821295146
1.19114300084452	7.80550279406861
1.33959269403529	11.355825940756
0.978016029391385	7.08143998136468
1.22502541772047	10.9459027166618
1.43836588313275	13.9818896375788
1.33982693200515	7.34530737760067
1.45791253154918	10.3230301126833
1.13849499407931	7.35161787240655
1.21927038188933	6.41367357600844
1.22659860870451	3.93091350746074
1.22755944722928	3.56415404401316
1.18590804919204	2.08124338791515
0.549783393073289	0.86320361350349
1.30203057396778	3.61846915952895
0.551457402925424	0.635808622255375
0.674871439343272	0.730956829875266
1.98700359995077	8.18512599335783
1.36735461012054	9.19594407439045
1.81279313133479	18.3099245281078
2.15126244224956	16.7090013787213
1.41578938752578	8.50047372444683
1.26216262993119	8.88170964028019
1.11817237000558	7.51144914288151
1.20000487055707	7.18123944903026
0.957742595421499	5.08595845220402
1.38821264679989	10.282622552208
1.25785792136936	6.37243232605438
1.06331114295813	4.25106854501702
1.72790214198184	6.64791657298195
1.59035505327092	8.94682223158099
1.48280766874435	6.60241807973519
1.14814509478485	5.10930750251835
1.15460355842216	8.14972953908189
1.35147936830753	10.7788880638037
1.30922130639171	10.1563404608284
1.32088844809114	10.875025583114
1.23080014699858	9.49236279937708
1.35209249644652	10.2424551842193
0.901683041654301	7.61330105974226
1.30632181943678	13.6657347511107
1.11255932122902	13.1479335988648
1.12330619843978	11.3347494027905
0.913138372280104	7.14626369372461
1.27408167327338	11.6146483973516
1.31921893453735	13.273713609546
1.67801013846774	24.5944143592754
1.30016463856558	18.0524739298895
1.1543597476222	10.2946832546893
1.35591399748835	7.54704216381738
2.03794224818341	13.1968291439111
1.41366682797928	8.79789761140971
1.08527307362327	8.08339657741612
1.13853213403897	10.8840320204937
1.20418170395289	11.7637496117535
1.18875956917623	10.6140099451575
1.15853192750537	10.2022007351029
1.42914690960328	16.631201929486
1.03874060911659	8.99203218593586
1.22092331778372	9.32657337285575
0.935017287698086	5.3780605599178
1.4841957595033	11.4829631356694
1.28220689689616	11.7858226412705
0.94327346706071	6.40452324438869
1.56445332719934	17.3699154628622
1.10283647539306	5.15681838197454
1.07582462215837	7.23122890694309
1.74467964610564	17.1785902874414
1.40085391459752	8.29431962844907
1.31197102270249	2.96644169681875
2.00427846364739	6.68332622565071
2.35165679128658	4.48365607559843
0.663645350073863	0.915044075190026
1.18590028851474	2.08171586143302
1.9623743191171	4.43738583056341
1.27246004890232	2.13718904285594
1.10790071275019	2.48699855775513
1.17064655941942	7.2096445789485
1.05374002772731	7.95108284748436
1.66281533029916	10.2160775254958
1.50724185745746	6.65502092465429
1.37284383342718	10.8914405764475
1.29093928493843	10.4457331272829
1.25716672477063	8.32618500770234
1.50392640478149	11.2890423795514
1.5898885841616	12.0295137443435
1.3548017239695	6.46126448487775
1.14961735237669	2.99632969848162
0.632497098280521	1.11501962313214
1.28302478322931	3.78225018837671
1.63128158753268	7.28845046685849
1.22386497054751	5.99690238695575
1.38293262943859	11.2170874401251
1.61281030098709	17.4931704264619
1.07308152577551	8.26576575765707
1.14878851157497	8.60651122410221
1.09855999851957	8.37995995688389
1.30471337106087	11.4258117586905
1.55706868932779	17.1859556769303
1.67580449876466	13.9041314979435
1.55624931483342	8.49581063207244
0.777985777466817	8.3538007256658
1.02773087980133	13.5440261808345
0.76797529613613	6.63092145857695
1.18926628187638	13.0165697771042
1.07909782333508	11.466713951622
1.23385414621862	12.3150189152833
0.886976678247227	8.04417142479414
0.947452860465105	9.32383803614381
1.32024323914532	10.609044990798
1.03632020875567	5.77389716086657
1.24099462397916	11.8752591176994
1.66237362466747	20.8791884709069
1.56744124141269	20.0965523173818
1.10165863331624	8.74839801080015
1.43467337877982	13.140875079723
1.34905441324456	12.5755305906805
1.15065476298734	10.0460398815236
1.08575186914597	8.78368684241079
1.00807372480976	6.97112847311704
0.872673476315232	4.20461545607127
1.26102146996434	8.74593553713474
1.0003013982569	7.05271228140461
1.459928727017	13.9996068203448
1.66535750995111	12.731404951783
1.18307416012469	7.89533680282241
1.25775865545747	10.523887412186
1.4977493623883	10.8106359938137
1.99565088221376	11.240543799199
1.7474366452365	7.72834054758115
1.55472359726519	3.04335896969184
1.28933054938009	3.26797094917558
1.43060090189742	4.09829016881598
1.55201660625617	4.07348849158488
0.752138942258201	1.04341443020244
1.46458608097385	5.07975606522279
1.10562176197065	6.09213853848767
1.2739394051035	9.06869405160504
1.06772596910496	4.81261384823886
1.03827284895135	4.61963575424232
1.51593860227809	9.9707710004933
1.43331786833302	9.91819325220975
1.29659655265661	5.71100393077097
1.36852987528781	9.06196717709615
1.23254380789683	7.96501410766053
1.59045519278789	8.2587542995859
1.15586098142602	3.89714137129656
1.61555009935603	5.65803112481507
1.17907174288095	3.72714743530271
1.13275621921364	4.04442630693059
0.965580726099473	3.97311493253472
1.16210548485648	7.68964844114879
0.897171154885233	4.83176165692746
1.5266646285375	15.0158447540481
1.0790444288289	8.06228945820499
1.13536215056507	7.94634700739725
1.52131758139267	13.2848430123024
1.34025892646125	11.503712884572
1.37620765532795	10.2276634317459
1.45782476931461	14.1110960436141
1.40673583447981	9.65730772409001
1.01408175759004	15.718504533634
1.0589427223889	11.0129646825982
1.00518185581514	9.44958590255172
0.889165811317634	5.3667954619242
1.28136724730624	11.6568424494192
1.36947474103671	11.6715869631503
1.12895907856395	9.22903514577084
1.45318889336751	12.5841328339699
1.07934028766149	7.36241567107542
1.27401909578539	9.06952265073241
1.16622141373422	8.33112357229824
1.37040891924363	11.5511232218523
1.32972176258025	9.59063637321589
1.03865042627924	6.02963637134162
1.18823627059351	6.60174802588114
1.51975624865421	10.6076057469219
1.35339994647146	9.69941902277267
1.24289657686422	9.81470990997032
1.09749309387362	6.69923230033198
1.43013163988509	11.3376579237776
1.34172645384742	8.23616997168574
1.27780367194842	6.86208357991134
1.39575448278487	5.91083470285099
1.46300653601558	4.68720610182075
2.26733790858316	15.193832197168
1.46475339338449	6.03510096750877
1.07386976859955	2.97344889970053
1.04153192370425	2.79406465659033
0.945439420560326	3.1315759120338
1.19628822535458	5.92889984992904
1.30753064032571	9.48920385318816
1.5066251148602	8.66639387136251
1.61588481593966	8.34049826424072
1.6085151501649	11.4826979887448
1.35613488001207	7.69763089848762
1.63918436067458	9.62604762294851
1.43930078504244	7.96403813334673
1.4243222926372	7.59790915780228
0.947146861165551	3.5511981721762
1.33425781781472	5.79205392002457
1.17486841643858	3.36002254910928
1.55966090994357	7.66048693653425
1.91767373125647	15.9833948702313
1.57308302420004	12.5546526773982
1.70328063773582	15.9561979695895
1.04654567480222	5.42346821112168
0.994421193985721	4.79957460318479
1.69044725779115	12.6992795322153
1.18884343128798	7.66581853335848
1.16171407661683	5.97728959794999
1.20461327034753	7.46235276311846
1.13757523651962	6.58135797335761
1.47345856014751	11.2831700910703
1.72152631928802	11.6696095701642
1.78202476324938	11.2166619220292
1.50038127954321	10.6676897175903
1.07148089706871	14.4230563224616
1.19897936943441	11.3763558955697
1.19729600948031	10.3076913795738
1.19563530591531	9.20450630917077
0.788538340625985	5.0099800860122
1.2950707803816	9.15883820595806
1.2026098411761	6.77963486680081
0.902230346556475	4.49753424638941
1.12114443118588	6.00581635388484
1.75935415409158	13.7179248175396
1.38109356154199	9.25700435479009
1.27265291254685	8.92824496177645
1.11551669835747	6.1243285469304
1.44353437204408	7.65795796362069
0.946549070178627	4.33256344618143
1.69475062357004	10.174269560429
1.23827517928878	6.03034189163296
1.76319534722281	13.2345308590087
1.35543559498953	8.13676552602066
1.49741119864013	10.8063073554337
0.92906531349882	4.17091675221326
2.07322993993214	13.3425954708119
1.26572732925528	6.97122086829294
2.41588382141823	10.2510318393313
0.868617419623011	1.95974958038134
0.955566898664962	2.6376745241417
1.41433852645733	5.21716850293152
1.41746977178943	5.59393679261765
1.88078555067295	8.20710111795131
1.35563729443777	7.54368405436185
1.1998924395065	6.63607067555611
1.41565563440502	6.45654029925759
1.5704246676853	6.2023375767039
1.94048704791597	10.4530527895159
1.35151620239713	5.49211284894933
0.545925183566318	1.23564384557627
1.52888814553079	6.88201700210746
1.26250624356997	4.85179202599088
0.957976120605324	3.28606845996473
1.3949845858228	6.24017383061552
1.49114963975776	5.89294632747621
1.01784161694988	3.47793829738549
1.02684697077257	4.19364372666556
1.69980798237275	11.5750313337495
1.47475301096349	10.2464640223776
1.76667356555304	10.9769891984539
1.81554175217081	9.48614251149641
1.44365758341104	7.65880124355568
1.42602538593889	7.44429987583115
1.06599523697398	4.53554016960718
1.15482597033869	4.5352047711267
1.05868793842922	4.38525319365527
2.04996818033819	13.845909406428
1.80225531190526	8.66290857103338
1.09983615024225	10.9676090456992
1.14248390426453	11.6840432731009
1.27804242040497	11.1341142107305
0.928235800986392	6.46271025800994
1.23275856088807	9.63708502979246
1.31912504512414	10.2025836234495
0.907032636313689	5.85282715747195
1.20679457547195	9.997679482444
1.34021432573614	11.7629381637823
1.20883132278461	9.01944544242596
1.15623775676522	9.00872749444499
1.52845868214316	12.3039614584426
1.22825221941609	9.23590632698414
1.44877677977311	12.9723389079475
1.23168286009547	8.74460510631194
1.07241219805348	6.62142813836948
0.869927491690445	4.9853506586556
1.51103849056672	14.4889915240341
1.47789072705587	11.0117485104062
1.67170370568227	10.6067745630699
2.05714259839322	13.0746951770674
1.6443053619079	5.90014499557579
0.592035533180745	1.49526211659171
1.72773769256857	6.64649904744578
0.74520564911417	1.35548398215382
1.3984733483603	4.06398175029146
0.615501539795397	1.76361303567425
1.23165233535748	9.50872779436972
2.15615108984379	21.1574798790616
1.19608985598171	5.92719821786737
1.57890659417461	10.551493517275
1.54917140006161	9.4648689101183
1.4711472596508	7.24989515093455
1.22612981958589	5.41407932257387
0.966666417012497	3.84191408711862
1.37241658607643	7.44776989748717
1.01774652479762	4.5842396308262
0.968296117434365	3.57244456516448
1.11723166145087	4.62357828972657
1.57900276169043	10.5535694294824
0.946794143952579	3.94843026695755
0.957301010650605	5.20418470415086
1.5774355316718	14.073104125614
1.08986343105154	6.42974043022298
1.58470617751133	13.8234782693254
1.29476729470591	9.02624817167769
0.908128354659825	4.38768418786972
1.33005123867579	9.5947858991963
0.922771435941154	4.53353001278388
1.01448819089638	5.22398618031887
1.41756799160124	12.6350346881134
1.14215256688848	13.7033177118809
1.20381379150462	9.24328509074015
1.11215183563702	7.85445474794446
1.05389284217529	7.14345211000072
1.19691345721532	9.81855716866746
1.1689245230211	10.4938349996579
1.12002872768905	9.0697656736615
1.44218919575212	11.3964561258267
1.52241917717511	11.2283047486976
1.14447473055182	7.24527687627062
1.59041027143388	14.1456382337708
1.0956065105207	8.48852273873411
0.92725624800205	6.12499234228236
1.53469091324301	15.9106025229367
0.902954457876906	5.94806257897781
1.67811853364679	11.4706593389133
0.967190126561093	3.84484760751477
0.950433555106898	2.81715895987177
1.4296714910452	7.13727919411596
1.06740445610654	4.81165840497051
1.43771868021369	5.0524319942536
1.294365225034	5.55092435678385
1.22924342624384	6.29532107984437
1.42322805262646	11.9913887164708
1.42173891095146	12.1144187300004
1.16045323197964	7.16976020989845
0.916022686614869	4.75492069771038
0.733875527109783	2.24011378500523
1.37199203222164	7.28729911771273
1.37492589107838	6.200636717056
1.06544712100892	4.53170907497941
0.7149356084304	2.24411327641499
1.69836991119287	12.0727377513956
1.31227058386814	7.82828013780092
1.62230080218756	10.5667517580338
1.19969387450174	6.07853672400996
1.24600009143847	7.33305286013019
1.06070921191995	6.70284860680518
1.57302422222144	14.771877785648
1.38804960118845	10.2805581341639
1.22405022863012	8.84072597670142
1.3845179289248	8.38578801727204
1.17353456426707	6.42198048918692
1.30400068716117	8.51789462711421
1.13800469881412	7.34451693716321
0.898819293144136	5.06421266443782
1.24772359745046	7.47517108245926
1.59895594250107	11.7599256654001
1.61381025543321	11.3491038069377
1.0751099424052	12.145443021832
1.20093180679887	10.5681458891138
1.173185102509	9.57794755698037
1.62506363638552	12.6811441538618
1.20223093274716	7.32151070798723
1.0489077828466	5.68616056047967
1.42557626222654	10.6084982664637
1.24193127590489	7.04122954932615
1.37074728341087	8.19322873847667
0.961225869639461	4.60548282999701
0.859105206484908	3.81810805617237
1.22988366574688	10.7355219164661
1.72752132764377	15.4945626871396
1.19677415360365	6.48547669927596
1.38051207697286	9.24811578954532
1.37537575412698	10.2106779448118
1.00569166055885	7.96196175364419
1.641154817486	10.1463993163266
1.30392151245445	8.51677160786866
0.97057768051972	5.93847169344821
1.18295740384967	11.3957823288265
1.24252183870605	9.80672350850493
1.17945265810634	6.70556989324148
1.46907852964895	9.62122617282037
0.985817107962041	4.78301147597192
1.3132756887523	7.84493123985361
1.25589733103465	8.1883110228448
0.928997515509252	5.36436669844006
1.51051383713844	6.4842946415511
1.70199383845488	10.5541287341461
1.55003325842455	12.1263805631558
0.679694680444527	1.84350499312435
1.02829973405486	3.63563422890647
0.322531579705055	0.547438461804907
1.53557457345174	7.59532820612345
1.28886066313159	5.21914098832472
1.57056814206032	7.3354481587086
1.59575687466295	11.2663146118419
0.884037848072925	4.68814636861398
1.36509460735993	9.89149308396889
1.14460325410613	7.62478478618753
1.17867791812063	8.13309048556949
1.64826515428843	13.1220280890085
1.39398156400604	6.56649776511223
0.771957001217676	2.0688360736643
1.44115069379811	5.81318188060332
1.56047444562825	4.99326612726581
1.08839611576664	3.33844465090631
1.28591220307411	5.0527842956545
1.4116910066627	6.93198588205663
1.554675312509	6.93935499198291
1.28919101834787	5.22167358695582
1.3986880577096	10.6155261460602
1.88773370258292	17.363952081117
1.37230404659863	7.44629123064379
1.49373051761187	9.25207898928125
1.51192275423974	9.32505782276531
0.960963360988429	9.10600292927757
1.2647357872013	10.4304434210714
1.21406899333267	13.0802133858336
1.6786394798699	11.4801756676164
1.52641565509258	9.53874777179046
1.52268605057826	10.4664650927302
1.03797000744404	5.01571006121237
1.22904328167231	6.29272357565789
1.77713145273533	8.98687694604687
1.13461257568073	5.08154945945959
1.54059946394176	9.75098130801915
1.27986839914226	10.0074622041935
1.57841103093121	10.5451956665745
1.78500031076653	13.3395478666786
1.59906807065918	9.9807413992029
1.56942871788765	9.5408144950306
1.21472181583621	9.42459705600214
1.91090259529037	11.9125252043911
0.972331195746666	4.37609808556998
1.38381321369258	8.68504863321233
1.16742641290336	8.82599475730313
1.53608163933016	12.6457440898548
0.9632881243095	4.36004427119047
1.11435839362212	5.17963875726857
0.976243574685726	3.84743695949711
1.38271470113683	8.82459436947556
1.35499145696262	8.27547324091263
1.69768720118809	12.5700582173335
1.41126279156207	6.92681609682695
1.56730625408461	6.39808400089527
0.947825962778699	3.55399820622408
0.622490225776866	1.60423827468787
0.357532414666908	0.487232639618492
1.57859055429692	8.56513018771926
1.37271329391694	5.52708546051699
1.3346624061846	5.79295339982964
1.35411892580183	5.83152088908752
1.05113785795887	4.23465153372195
1.15776900142619	7.03697595732953
1.31451489488571	8.1351489454469
1.27683532226276	7.99750131408007
1.93880297047805	17.8687930315431
1.00432863268271	5.68705555390803
1.29203131695823	5.38801595009367
1.58482314418759	7.72878804265716
0.943100267177095	2.97910965329678
0.935769193432305	2.46335328591832
0.954250362291689	2.27689310151886
1.40025423014907	4.24470684948863
1.3931031767921	5.37752042113324
1.18953291247881	4.26096382165735
1.41587556842258	8.50186444651536
1.45781236096138	6.72238873169867
1.19939466169556	11.8440982190319
0.928687548940388	8.43099682985262
1.35021956255702	11.2990000295725
0.879621363426713	4.21903706095235
1.11184944683351	5.71479410675286
1.17560029402934	6.96691099512096
1.03534525613441	4.34770156373858
1.55666980709718	10.6148965741661
1.07355682508149	4.95766426226093
1.54688255852136	10.2559328115904
1.23749980503704	9.28035051935784
0.970523919449514	4.6275109845608
1.72711413144707	12.0371958118443
1.2686326415954	8.37478379362628
1.15850988185989	6.24436381731012
1.33018441774287	10.0000967807474
1.13678865335946	5.50480699839983
1.43132445513933	10.0551750425002
1.30712082099119	9.35135935133718
1.6061591146969	15.7280256211309
1.54297525131231	12.3920669434898
0.946584256210954	4.07699133474541
1.44334253509484	9.06099960406764
1.30599372548624	9.07214677983254
1.40151898501253	10.1999673490714
1.28310421719417	8.84156172089186
1.44092148447039	10.5354941427247
1.64625183157312	11.6645669317006
1.17695682524011	4.72541936955658
1.08613326786792	5.25571118366612
1.06739129996363	4.81181760309693
0.824544639391986	2.18998489223853
1.17206507214647	3.90475822075495
1.30686622845096	6.80248988117844
1.44117716748144	7.80859343864508
1.74528413510647	10.3597861046383
1.25065048563144	6.78646456271704
1.0121691497088	5.70960079139233
1.27485370258246	9.20364772243643
1.05770587079192	5.7083596237682
1.30647930518001	9.21187146757771
1.11960878179964	7.88310721599671
0.958157257973122	3.28601919225136
1.15731894408865	4.23145457668424
1.27664503610835	5.51669516882021
1.51590644136911	6.12015952327645
2.05541338958379	11.2292361485163
1.41633526429487	6.28856652159186
1.41064554413259	7.08868350098745
1.17580471115976	5.15881163699496
1.35394933123238	5.83116696235022
1.49998290955481	10.6624214204596
1.4620282432265	6.386416673928
1.19177464529736	8.93922189795326
1.49485347685435	10.9461477769483
1.44484057036062	8.90883773084354
1.10204953723071	5.42523243300884
1.50636907995639	8.66284409249702
1.48290977521265	6.6043780466165
1.9787052931956	7.27845109799958
0.967100420854791	9.43760991595508
1.27634380312166	16.2912620933869
1.34167710436773	9.64777191715813
1.28550906386413	7.60603388814246
1.21052349407789	7.21254805557985
1.11551359065156	6.12376589361113
1.08419001966995	4.42790082999543
1.01340696884997	4.31318237627702
1.24553709950935	6.4815738458645
1.5819564963312	11.6759012306707
1.34022610104421	11.2427027950742
1.21748446382729	7.6404977592872
1.07085318358591	5.61053398947614
1.6046333602591	9.83657142336229
1.00379472651226	4.81948068286979
0.751828508000646	3.79767138188726
1.39517554437083	6.40939799756677
1.43583332489087	8.2659705725633
1.23182437797395	7.14857548753399
1.0789706689556	8.06099401148869
1.09465501632504	7.42398918685064
1.12089341569753	6.00252387907682
0.82793190419842	2.51474231215525
1.2090733945047	7.74230923760101
1.12358631027388	6.40738879224028
1.80078744120008	15.1303538970684
1.1219770411026	6.66207044659732
0.659785234259115	1.99857548908711
1.18161015952591	4.08665608642209
1.76584581076859	10.0628011374955
1.03156192747575	3.32603248090447
0.81840260543294	2.00782080412072
1.24387000178136	4.31110700489418
1.35530259383935	6.77737352694072
1.67787402571077	8.33868097983456
1.26658317968635	5.02057620393032
1.41983118419136	8.0548818570934
1.37916257373019	9.67817479461911
1.17247223292048	8.23153385218297
1.1471883940999	7.37849763422063
1.12371484932288	7.046310026986
0.956133220645661	5.32132765839054
1.73576584917486	10.5021383492815
1.11748774313334	4.02929530207612
0.954258251561052	2.27708493038286
0.601579576370575	0.97137342742483
1.02434056068624	2.61929869333227
0.967673852193763	2.6317203883955
0.48833350478478	0.956572766003097
1.09388261474445	3.85038250123361
1.38453810987266	4.80624445987046
0.986854615878865	4.65344766452858
1.38922538302528	7.49907677271939
1.3871231637602	10.4150714990818
0.733398313144096	3.4480580053333
1.38807105486607	7.64599394901502
1.69953990705846	11.5694166981126
1.22716171496972	6.85711838130446
1.35305997590752	3.16834535117952
1.49411601446296	4.91486059157986
0.895592855898695	7.68578913604193
1.13346466685823	12.9048921167583
1.1954118832681	10.1745920264642
0.750594810794433	4.10328248686368
1.5063872936157	11.8925535357849
1.29465518140106	8.88877414466951
1.0237926165081	6.21577624076905
1.15567435658209	7.78856823735841
1.68829596681432	15.8569261515927
1.13860297560022	8.08626369036347
1.04828665208809	6.53754251847005
1.4970732298553	9.11095235624471
0.805517251141614	2.90825587824027
0.680930861041736	2.50228337079399
0.904319250330331	3.8904499953826
1.19547169086571	8.08016768181824
1.24864698454914	8.42912063194354
1.45684312231488	14.2454117543678
1.38445870493446	10.9568746752022
1.2103593299582	7.20990525371349
1.2697490142517	8.51444979492072
1.59707218649971	8.10894030935426
1.38757475208515	7.79876769595347
1.00747166073836	4.03101942767939
1.02509533836471	3.77451772101826
1.03822954195033	3.79244512605259
0.84078698512426	3.5619301373175
1.91652135666548	14.902564893105
1.72422335369743	12.5257364557622
1.59267618203208	10.7740848870878
1.09699866453661	4.7276659190783
1.92848999690017	8.74459451742219
0.911462696233788	2.65716580802102
1.44119231524719	5.63035367422229
1.12371918392201	4.7786641144267
0.871455215173634	3.34055445597
1.65342867134431	7.52854642598843
1.25459620297574	7.08063864924124
1.83959402359645	11.8167071443246
0.751289876288423	2.50365806666057
1.40278705419265	10.0660095866893
1.89958324593382	18.9555378668667
1.26983124666571	8.51544244222738
1.17909958157714	5.74480555136615
1.84815899514243	12.9449671697721
1.15691393750276	4.23045016423972
0.861777439047966	2.66260780181918
1.02252685743393	3.91673830209787
0.839985423738666	2.79621242162035
1.52235261618844	10.4621534813403
1.26158232920463	6.66809482756003
1.65861864267964	11.8820514780725
1.45761281771497	9.27055886754456
1.30204015476845	8.09086015065279
1.19319689889201	6.33696552065048
1.16592681751432	5.71147502644522
1.34216288430878	8.80954876485578
1.26881790049584	6.10442841768642
1.38396916344866	4.80143152810393
1.51642533024237	7.37297907536509
1.06288020578409	9.44643007476834
1.17580974013364	9.34705946500576
0.713322285946347	3.43052635774304
1.28172176173188	10.3978395182527
1.38958949477219	11.9259789843721
1.15971596600418	7.55731862110217
1.33001071176131	10.3965059502064
0.656858166713725	2.62607869614125
1.10629572305252	7.59268753859386
1.45647104415714	12.3254181021514
1.67851589059095	9.41158313461599
1.68652609893142	10.3198888519993
1.12486828435496	4.49109587102137
1.33666179459691	6.26914027168032
1.27636430841202	9.47152734726609
1.76641571710502	14.4286644115988
1.08323336381793	7.25799658858391
1.5122571958073	11.6251150427048
0.85638404010862	4.29437783922285
1.41641112156963	10.1321352961896
1.60415299444036	7.95684166338155
1.48292973960263	7.77246167469722
1.51838438224607	8.21151281947726
1.15181923676375	5.24833082460297
1.49347438191583	8.29382256913457
0.975539180107504	3.9863269007968
1.48508196131865	10.5985839118867
1.63090009483698	10.9373201599878
1.40926497294014	7.24265126757675
1.39529569854345	6.24478485291518
1.67879691943764	9.41477523722031
1.3251845968956	5.10652871569088
1.43698449091447	6.50211636211064
1.04165606558182	3.64849493899956
1.3351477731607	5.95217439948039
1.46551451893092	5.85177953778908
1.40840874209285	7.39602401682555
1.41020215316987	9.23229604917385
1.16567169147846	5.70782083788786
1.02843905591144	5.75569528332403
1.20610565675156	8.23285815911579
1.12268273149128	7.03894318987722
0.890332435924184	3.99408105441455
1.48800851250653	10.4639458408333
0.844454772050742	3.19011183278373
1.24832830971285	5.75978772766918
1.36991708057841	8.33696486247465
1.09700626968532	4.72720391717647
1.45576417169334	8.1771216481157
1.3201091007953	6.38354985355394
1.87559648079664	16.4279757455054
1.01617413035231	6.54048086546642
1.98246586623379	14.6904195637735
1.23479519586029	5.12534179502924
1.50029731108787	7.98826668733753
1.36902035431802	8.77449227014984
1.27974246625985	7.01553838744028
1.37518186832565	6.36187276401086
0.786671759301318	2.05107160760355
1.52872254250949	6.88138986309331
0.848280838648843	4.50271554471572
1.50140028203219	12.1608199378984
1.10676436775944	8.18767618067684
1.02262179315894	5.98200345440519
0.676065414564247	2.74074306550487
1.10978821916637	6.23766213564898
1.35209553382954	10.2417405782878
1.41787675121621	11.26948220866
1.55739432895024	17.1928436102952
1.22664404834637	6.85047368316255
0.937854161194969	4.43886918528608
1.34202329615712	8.52388000387602
1.47380713806647	9.33189261600449
1.24334138162109	8.92955686973484
1.14174508195301	7.11054403214785
1.44579746093338	13.2240659187397
1.37628996381853	10.0794439121422
1.62462529706556	14.6719983798441
1.35453363210698	9.42765659366411
1.25934178624512	5.48258347594974
1.05278377700581	4.91862605476701
1.14435364990826	5.38361808440132
1.46911766973426	7.41139405726537
1.02814689155175	3.63438513220329
1.19353023568877	6.34026010104651
1.67149896036719	12.6008475255407
1.5117376271021	9.32409010772178
1.42622936614193	7.4473022610778
1.31876954268331	6.22620739124754
1.2829921412909	5.98876539281335
1.33793121890314	6.58194146845219
0.994456841551253	4.14766600105374
0.744411324579376	1.72763916218368
1.39548925074947	6.24660705876466
1.08409237318707	4.42750877824007
1.32585618738795	7.59792280191243
1.32043196846752	6.53354114728111
1.03192598085586	5.26369808461451
1.40236405440071	10.211032847816
1.55215960452996	15.0586076192214
0.815481983028316	3.1680981703766
1.35555763992239	7.2425057364961
1.34224772946856	8.66899225412128
1.92864198472363	14.0551123587669
1.39047466344699	7.1874527317856
1.08532440673572	4.98429887640786
0.927868822204267	3.66220528181109
1.30217785896753	8.22748817393757
1.29081856162058	6.75276332276974
1.31725961418222	8.98454045382949
1.35240997376542	10.2462730002593
1.13201602675333	7.07291534645085
1.52273330093345	9.68194291114067
1.57907403633173	9.90330411272122
1.7196412216819	10.265863088963
1.15323084073982	5.26060619924242
1.74547724540551	8.89208625917628
1.3530500141375	5.66300952103969
1.41637330982385	5.41013156584383
1.76069842717005	9.68769455188116
1.51563186609198	6.12103789016541
1.01603825823764	9.61159258725909
1.08228144574462	7.72239772260663
1.3179153163233	8.98955428951756
1.24000561925526	7.72438963479448
0.960495929779488	4.72893154417862
0.981954431849159	5.0183389032522
1.1459037551334	5.79984506620571
1.36959850396249	8.48335673418287
1.31778725090086	9.39339365832094
0.981237263358682	6.64797090188134
0.783188030659756	3.1412094168077
1.3298032323838	9.59187646982939
1.27787526430309	8.13850752599181
1.43444612761586	9.77308757734646
1.28066598485077	10.2588512897175
0.688739857773867	2.74605328893987
1.29524249389512	9.1626713724658
1.43867061745008	12.7656608275749
1.38964217916369	10.0011946593985
1.0352031202648	5.14291669697942
1.60686483944319	9.17160400583085
0.779149985100265	2.37466272498611
0.869491786807396	3.59566561546243
1.34010459527638	7.49532276141491
1.37382209859909	6.83154227126922
1.02793728670483	5.75062020562955
1.44042508685321	10.5366397072481
1.53091975058574	8.58201763570919
1.16593498565876	5.28349711060061
0.901157323387434	3.63130757362513
1.2178144279094	5.09290531220381
1.02286041575154	3.91816223361283
1.07363916900337	4.95803375659225
1.82381181308266	11.5600641983288
1.56679676900205	8.19120382639652
1.35560781690713	8.13911298467555
1.39891394400269	8.58806350124709
0.965672932028502	3.97381643059486
1.23006714131672	7.81458040036454
1.50437707228724	12.7517978467518
1.35360119654251	9.55950218973468
1.23821165345047	6.03018994294074
0.989632637627702	3.73621133701938
1.50044323026163	6.99105414146999
1.70581587684506	8.96291638962074
2.29183648200489	14.4276867873322
1.13333855153693	4.35584037428714
1.21433636565511	4.45625360511503
1.10400741139249	4.31515467764009
1.13195513412554	5.35604449114984
1.11945318607687	6.90287111303605
0.985819421901405	4.00042056725948
1.31588812425115	8.56089233658959
1.35572159599642	7.84413199321247
1.39685278193838	9.02882478314405
1.8373078585276	13.0720293089945
1.28678671224736	6.29890799355985
1.56518893516852	7.50141206358921
1.31315693539912	5.58724207565991
1.72759501252397	6.64663687822567
1.25263656431301	8.96384731646362
1.09970702341165	6.46430599060797
1.06302248916825	5.8508427459989
1.55108044581387	13.9042951607284
0.915098743435674	4.39846068570449
1.22329604820674	8.05781289415054
1.70480717932945	15.5023618790655
1.27470578243897	11.7410542801894
0.936413835923242	5.15638458066054
0.960912833299633	4.73278409821884
1.14023239153597	6.32597604524641
1.30820635135758	9.75803693640907
0.990551354003997	6.45832710858486
1.00382416073744	5.32276255587622
1.19082407233197	7.80145189774205
1.38973525208149	11.9290869213028
1.38628759055158	12.7066837814243
1.22660887018152	8.33154724672147
1.27282351710521	6.41332483678792
1.25623874750936	5.32315064472046
1.31438125933772	7.99316174028778
0.988716082805166	4.52999048627032
1.04179607419261	4.8936027124769
1.34162555480605	9.08698697186614
1.23957058182346	7.71912291404348
1.79930604203791	12.7168629813899
1.09081353438262	4.85593985012742
1.00322678459348	3.6104648093738
0.6936893868829	1.98242382099216
1.10278610759937	4.01397196247665
1.33664000197305	6.26852792797445
1.92183966770319	10.1986363359655
1.35131240927388	5.49046670004042
1.25285174155038	5.16065226062015
1.32922446276059	8.7587906249551
1.54121059245785	9.75695623642739
0.993334131361542	5.41847422749614
0.991335386634083	5.53352139248749
1.75742641553776	16.1641264909548
1.65765029491873	10.8869473659504
1.47723743376759	6.93337917941183
1.31873401303615	6.22533334829653
1.04413910051088	3.49433293695388
1.43381247417563	6.82790864535357
1.14145703203735	4.21264712935708
1.41187373802281	6.93337496289655
0.957992323079633	3.42626891970588
1.53914908414063	8.27555882224556
1.28291849008145	7.31368128498521
1.38692921823874	10.5578459044044
1.66511535705099	12.7258467125301
1.36918764772906	8.62800915320964
0.874076233586643	3.07938402271297
1.99114403644797	16.0391395609404
1.46055665703571	7.87036431747585
1.54496543284476	5.96765290521313
1.63114284331202	7.28728549920184
1.13591300212629	7.59042773925139
1.46296914776034	12.7835291855157
1.19588462447845	9.2056358493054
1.40535717786419	12.8224821104216
1.15908979612511	9.14716980800349
1.1981050667843	11.2599857119302
1.59691703575394	13.4499388718685
1.3754560200036	10.3610066253307
1.05534769634021	6.31868353590815
1.12416431413103	6.40867469604138
1.25113285690028	10.6097292666007
0.883575453241	4.57648649340825
1.45319230834622	13.5413087317878
1.25783073975668	8.33359349153574
1.25273204374962	7.90284460227588
1.03872382567905	4.62367776863442
1.21454461851883	4.45713615008713
1.21831395134417	5.0978321602371
1.56155530279352	8.34676162485501
1.44155120312793	7.81304513618418
1.10323346746398	4.8791087231027
1.41198181826986	8.93660360725572
1.14419291292709	7.61761018814131
1.49111309203141	12.6727872592612
0.94697651736909	3.94950844638458
1.59439994819846	9.46281874261365
1.31890510316413	6.22661722029737
1.6107511410025	7.79624325368172
1.51643335151748	7.37345927899284
1.55366489715232	7.8098854821505
1.01900490550879	4.04820987852586
1.85209423627236	11.6795556296705
0.902985878363478	3.76255103740146
1.09707246498529	5.00835768877323
1.01606185704758	4.1806875609117
1.34064359997124	10.9845746417026
1.3776356585831	9.95242514623042
1.48967086279003	11.2182138335328
1.18952352408437	6.18381123876434
1.3131925388181	7.84462173232353
1.52623916929748	8.73196496743828
1.29208729595578	5.38926079120023
1.63263411884875	9.77510538968625
1.16215663025703	5.98118151840902
1.2161026720456	6.26299729082162
1.13221117100235	6.03805338491834
1.18840997768896	6.60263175971963
1.10023060281073	7.08381624835255
1.6344979254244	11.9320450706657
0.877587859754752	3.21791158601578
1.56105264857232	11.1036431960103
1.75148562203869	10.7415958848579
1.59582631882598	8.79183726637431
1.41626746412784	5.40874167315172
1.77674530561948	8.98580527538894
1.00096828659362	7.05950719441525
1.38581249876402	10.6881158724946
1.23568529752365	10.6425700584218
1.47346788060678	13.818481441296
1.12809915515152	11.5915890718902
0.971134987764006	7.16215376954601
1.22231179702958	12.3501066627294
1.38043823452307	11.7414841478438
1.37194157852348	11.157667394478
1.52028719946646	15.386265676394
1.09026104663297	7.52398912217524
1.31174307760816	10.9532523894489
1.30623247653227	11.937482353492
0.830510317552704	5.1041308136359
1.80673707172143	17.3066814563803
1.15370247939981	5.68411440597657
0.772024256742961	2.06900517394172
1.23783191603559	3.75481069561738
1.61972777169235	8.87240287686479
1.88658479522646	10.091170437289
1.03116437193307	3.15691967493604
1.04392942657578	3.4942981203495
1.10116656598272	3.51998892729987
0.775945797516125	4.04268664586595
0.923006505320439	6.01256051571057
1.33992015068612	7.63212653120683
1.50917962067849	10.248059611636
1.27201130191028	7.55282914575918
1.29896715377096	7.65357045542415
1.30526289138314	6.64578260139166
1.3184517992464	6.22267170753627
1.35534016472908	6.62435059969434
1.10285152145542	4.87637852536796
1.0741670768294	3.98169264952589
0.902968381607651	2.48504897295847
1.55984260563562	9.8307261317622
0.841963213050311	4.15131847200753
1.34116291301288	8.08540686962301
1.11066574656666	6.87597710500883
1.15547562835459	6.8973187619899
1.27289885778894	8.93182689651497
1.24797224556926	7.47843747641145
0.916408312212749	4.64342042328237
1.13377235572082	6.43904109919075
1.45744729274179	9.26919716158745
1.26471141195996	7.95114626205484
1.00639376244195	5.56850205739306
1.4634992364918	10.9363921068153
1.14122739776407	5.65148754579839
0.876700517963275	3.60069274138014
1.35501082247861	6.1549206319625
0.367809833980939	0.789168684505992
1.45328388537618	8.32422724597476
1.71440084098902	7.65942789650274
1.47719625060325	6.93386588119497
1.91188713418857	12.2955516660085
1.65201528299378	8.79999799324381
1.3924643847483	6.87854926219545
1.1271465105305	11.7981210966055
0.970973057164177	8.12759636129362
1.02443069760806	10.0786264637979
1.03662003929766	10.1519499976594
1.14892035071963	8.61374039600906
1.28664433149689	11.1916017580041
1.31307044987964	11.5946775712377
1.12170467562962	7.65255500757314
1.31647279635457	12.5078979348323
1.41697133097064	12.7688682079031
1.3584640581504	12.7857317731295
1.15438609571806	8.88392072151271
1.1688269104757	6.6768704001886
0.816552478314042	3.77168525697503
1.80577911564478	8.05856119443452
0.946611846493706	3.94707660245382
1.48190529776241	8.89769413721834
1.45959661099988	6.55459485734396
1.42410789446767	7.59258041149715
1.29499430378185	7.20459565780321
1.03299864114246	6.48219302466043
1.84197722518503	17.5451542126789
1.52588224662828	10.3223043740753
1.18696052264803	6.04213514871358
1.15800846576791	5.83280125581822
1.41445365035131	6.6170006719885
0.946109686823	4.20198868709116
1.72481161212089	12.5367603335415
1.48254702593598	9.82975455466742
1.40060590886955	8.44964933648594
1.31534539765043	8.41382212645688
1.05631673132799	4.79065330749067
0.998297604847317	4.54911779289168
1.37756477030652	9.95223658403022
1.04491360206281	6.64354202220229
1.26553061370572	9.28857749765723
1.19120842824473	6.7459418814422
1.10834474733506	6.489701797926
1.38271525554555	8.82461541997882
1.17784444834258	6.15973343422674
1.42325530431059	9.4329548729564
1.41398459213673	10.4096827511511
1.55037252969349	12.1301046004147
1.05632225876696	5.44958906870329
1.45550494663543	11.4768412580664
1.89374436131037	15.1414955354648
1.22229066327931	6.56257249796077
1.46322882961477	7.71848155420223
1.35571572605344	7.99249399858042
1.27145302195725	7.41856110767077
1.61323812226275	9.02337375213592
1.02419950681755	10.0714051063648
1.00726649666987	7.4168459469666
1.09184869076808	8.81409526294774
1.08588648934991	8.32689043108794
0.910819810485959	6.81438488225063
1.10584206431473	9.68301071940941
1.45800854637716	14.1167596739734
1.47592626207234	16.2540073563478
1.33326426505207	12.9949693707913
1.01911614257141	7.80047851629535
1.31017336916011	10.5532616427997
0.778836270415641	2.89678452486671
1.14239738197969	6.05808991641328
1.57413101228848	11.3254703039078
0.844657148426719	3.19180874771261
1.67125324028322	10.6040402135573
1.36817605962413	9.05782035084325
1.22935423150917	7.68602260607349
0.923675076956009	4.53892151593943
1.03323791711206	6.48652752804064
1.16997196590216	8.09696206303779
1.22708261066214	6.85628496165692
1.02473592910629	4.3304418992374
1.01933480433849	4.97917408168806
1.13426020547276	5.77233723003344
1.41522861172638	6.4512373057426
1.35433137643717	9.28503593414914
1.10170671583632	6.84403066107828
1.25731065529965	6.36551900317427
0.901084998861262	4.37462513167336
1.584789284367	13.8227553747428
1.21449276875904	9.42380031701786
0.997702813478749	6.02325122122819
0.943261249918923	5.17333637822538
0.675854638735883	2.49787654250534
1.86023941685449	15.1275616840297
1.09109566385076	5.39966883857939
1.53340125346992	9.23598046072256
1.50083903284887	11.4190533169343
1.58980211569959	12.0283875897974
0.979551299075372	5.26235553089978
0.997539865163031	6.02152120906957
1.34153480121561	9.08275635070619
1.34062634368444	10.3164205287181
1.1313040475197	6.69097747155258
1.05367291109493	5.82244607783518
1.27086046486459	7.41405466724071
0.959848505698987	6.34668644133124
1.3137361300107	11.6061148817701
0.632145322357433	3.37738685252451
0.952510882712848	5.77034270961251
1.71838930512165	26.0152623295724
1.25985399394825	10.7851081199626
0.746666907085535	4.72251409618563
1.50610739214048	17.0323898486158
0.980116856820852	6.75522019022402
1.39640022481935	10.8787698200481
1.75140782891024	10.7416176436433
1.16637943549866	5.71520128298068
1.46446167985379	9.90342803987743
1.52264233413198	8.88424417916476
1.50658194775713	10.3956882967856
1.06792279096463	5.99062383530564
0.95183050924048	4.95730712216362
1.51165684787622	12.3599782739406
1.87484422981174	16.0802037707629
1.17554536280483	5.59563838554077
1.4360131351479	8.26726316465528
1.50608263991383	8.65746369741613
1.65366584291339	9.3298428273087
1.39283018985065	5.37729926141659
0.687091552783921	2.11892460374465
0.627461995918289	2.01867795991948
1.39975671659855	8.59464186476268
1.43708477632291	10.8096626893006
1.28269493114265	8.83700269288358
0.967877582099535	5.5875014908075
1.47654250598545	13.5615079494215
0.957890486408258	5.2107030477362
1.00894952957592	5.45596562833766
1.57911917235174	9.24690738639274
1.16960477790656	6.27426802005977
1.54410311374972	8.12615169779588
1.5332328269173	10.042356936394
1.01254009451608	4.83593813398062
1.65194923665596	11.526771090946
1.21329597205731	7.36004621463559
1.01737722927265	5.84472362430423
1.16504824906216	8.6929626156719
0.916313294333515	5.10123288332433
1.29199302023751	8.46899417746275
1.66531192539662	11.750747579693
1.85199640121891	11.6792816971945
1.5223695069113	8.88182339370735
1.291426410327	14.3856689720695
1.12621609970213	12.433743016929
1.21091089348399	14.8243613237025
1.11713757987049	12.1457050993855
1.38440457705803	16.9665755852939
1.37733508968555	17.6109152089198
1.21864622953448	13.9130172458189
1.43010529754813	16.5138078462467
1.65874256318229	15.6515505878685
1.40202446100328	10.208507988756
1.43181805702116	6.98494316933126
1.34115786785364	7.94173766436263
1.11952407181719	5.32710139805249
1.28919660458521	5.22160362486036
1.61561856893677	8.33758129420085
1.27551111413555	7.85286442072134
1.08588338245093	8.32609146094143
1.93545399957718	24.7701270188065
1.32971185870619	10.2581692379479
1.36366238273325	10.2997832094176
1.3556914216305	8.43292011563331
1.04971112269824	5.9336077061255
1.44777197998092	8.77148747406498
1.0634751417677	6.10103818281686
1.26350283776391	7.81090236916601
1.21960936330246	7.78167126026737
1.22198234267891	7.25120985352927
0.903528406763561	3.10667493491812
1.12738416059545	5.88800920954682
1.34117406199899	10.0528205335477
1.46014932084685	13.9977856440493
0.895821267235051	5.49657154787437
1.44438501355838	13.3521262709249
0.887919078600929	5.14674117737045
1.06125658295865	5.58616392137265
1.137700629597	6.96214652295822
1.20895541512093	8.38877798769356
1.03962762769786	5.65903019971304
1.35078541289067	10.7698567242547
1.88028496784799	21.5641758184445
1.45450487632785	12.4480268349475
1.55816015597488	11.8662103010911
1.35554064403256	8.72225438733928
1.08082354013887	6.39954598234388
1.05244730133695	7.49138770284111
1.5618279821311	12.9409801418422
1.42213217527078	9.57737641863105
1.97917246448206	15.7896202932763
1.04450809876815	10.1949783054728
0.926687016371554	8.7208357432499
1.352081326295	15.7147119962624
0.767173024984688	5.86171353711747
1.33794684671083	19.6540908242179
0.961549703971542	8.49854855162644
1.04383461631752	8.68641898726678
0.995399798101273	6.1288409399317
1.42784076905368	7.29177300767372
1.65391253323415	13.9390677345154
0.946759796512634	3.94785230216139
1.43365287315919	6.82705339660047
1.18284257659519	5.89313142599486
1.25656223003223	8.19401251032962
1.12911785343195	9.23147763177198
1.15358871132499	9.23105147624404
1.07989447681632	7.36608142059813
1.6953192480475	15.2859099429526
1.24494819127735	8.14325072838013
1.25775194632674	8.33261757347645
1.4051513974871	7.69926014368735
1.21222924027081	6.67334533910528
1.25656234895213	7.22837481453751
1.23350174427463	7.28703851729747
1.1114547556918	5.98227595755957
1.41316670948155	8.79127391548283
1.28101318575673	8.56051414276612
0.962178924517864	6.13730160163006
1.33184414480952	11.9742569540951
1.15615262326475	7.79389362172312
1.64233482390684	17.0136682848015
1.22662134650216	7.54096485694108
1.27181644484924	8.79213975648507
1.0481321583282	5.03918833673265
1.31803829483386	9.53133360799089
1.03217724655819	6.25100074988106
1.57636704090569	14.6500920959293
0.825255024316509	4.34948340925026
1.15805424585728	7.91761547862727
1.35570102958208	7.84119485192258
0.912031249244171	5.76059680930217
1.46162288308079	11.0753672164596
1.32971070270007	9.72535375382264
1.70589802290083	13.7565934740904
1.48538850345711	9.68698269329496
1.22186684942381	13.8066112190306
1.06483325710214	10.4288102948498
0.983499308622842	9.02231375715151
1.15585014141711	13.084951701895
1.66605728677556	23.3979994759827
1.21098704819682	14.0700313248569
1.40351872473068	15.1544457459824
1.46420059413704	13.6200111824764
1.24862603792176	6.63761134408936
1.40760427628322	9.51307731268366
1.0501266167625	5.93869331247826
0.785442079514547	2.76981965413199
1.26012061723992	6.52544766453927
1.08391232075934	7.02147474665711
1.04434426380591	7.22673331231867
1.29224824526611	10.7110002624463
0.785664179549073	3.61872982816512
1.33030056307631	9.45837041407128
1.40176487391646	10.2037474987354
1.32619995058024	7.74325757830765
1.63952608065982	11.7865520505243
1.24503846669936	8.14734323766296
1.10521109146732	6.0926213609335
0.951807801237204	4.83108023848307
0.978029494293077	5.37891769691949
1.61399740930748	10.207996273894
1.44407247230492	10.2606403796944
1.21758148003077	9.05916214085849
0.905038923213865	5.29905937842499
1.30752623319129	9.48896416754103
1.29365716062296	8.87935249701298
0.781139867870109	3.49707519640644
1.8911246927416	14.4070871828887
1.32684208920587	7.89199768759974
1.46195855986964	11.0779306650356
1.59887299215138	13.9067636396714
1.61660276473835	11.8454835235859
1.77798457314102	14.6598564915011
1.36096876508765	11.0929320672679
1.41124426799094	9.08539900941166
1.15761020155883	7.03479856982597
1.09750844802158	6.70075669597128
1.52868880178757	10.956592007187
1.50358399063274	11.2828762471791
1.32826511448353	8.1869331877669
1.53448623696744	9.24891027549958
1.20712820452966	15.6322781314216
1.3125287205585	16.5231858885985
1.02356712969815	10.5832355596444
0.98272900378966	9.91699239361682
1.24239537684353	15.5170972323235
1.18174605247119	10.9253821599549
1.26164529869209	7.66377042548574
0.955096478888583	4.08609105952433
1.14240922142195	3.16872471773217
1.59225720698104	10.769233079752
1.67802055167765	9.92365371952497
1.41416913964505	5.21744650616406
1.29010006601735	4.53007495636718
0.906721454620057	3.37430958516964
1.10334378664571	8.0521528596457
1.27256223244969	12.4585374402974
1.60568731470824	13.1961988473741
1.3038267572305	8.51549714533901
1.57506796101278	13.6166754876624
1.14966615638322	8.25714580348632
1.24553631464252	8.15052300964661
1.31824150088338	9.26627685843102
1.01700263231419	5.4746514201015
1.29360898077754	8.75045016033688
0.84047052901753	3.05789800959955
1.27378675730301	5.35510490913918
1.43125219979175	8.71213423281693
1.55396428366457	11.9955835562646
1.18124785050326	7.24862815737332
1.19886849185282	10.4347197489811
1.00277980271064	6.15610402870816
1.17389215716085	9.21927196391074
1.14705100154896	8.12545679693276
1.56467346865634	16.2659609821808
1.29987136940992	10.2395809419136
1.20256466214959	8.60019897865101
1.63188215717044	15.9078541405921
1.68091615062974	17.3131810555708
1.45143833010544	11.7339618827045
1.14791963804916	6.61366333061088
1.0750292830713	5.23069752425927
1.31628918622103	5.90964980217349
1.22165140235139	7.92227419656847
1.41613224942274	8.50480247882074
1.04729912532657	5.42849597133081
1.79490082812318	14.4213829814559
1.22676575677388	16.8586492147262
1.3495314459899	21.0579265143019
0.928149293343807	9.11734107308721
0.930534112090502	9.6146027545834
1.03104862118938	11.3302619147803
1.5331885070349	18.593227996179
1.26769799340197	8.23764114157643
1.30374912432268	8.51503358241048
1.65328680272998	7.52797877225089
1.1296848001313	5.62575183224465
1.35582726654101	6.78320917240265
1.15554852825249	3.89594257283578
1.70075725967941	7.22922024715859
1.22920955047235	6.99947456501766
1.18310778706219	10.2223076208317
1.06631111145443	8.22672838170463
0.713012564418927	3.42809207204841
1.10383024337636	6.34330210046577
1.58144982371871	13.9509922429505
1.20143617865745	7.84584929072438
1.35389734235508	9.70306809922143
1.14444133383659	7.62309264460596
1.24191281634304	8.79355750914889
1.02111682455054	6.67943962916583
1.22670579673498	7.54180823962893
1.323309663786	7.13943996901134
1.31345983944843	7.98452003998658
1.00945815230722	5.46030748509675
0.951102179045046	5.07514168051208
1.27177841955947	13.2841987358851
1.19327949101884	10.0407193827174
1.50203094332819	13.5877071956725
1.299782556617	10.3641485591666
1.00083523855149	6.26593121034592
1.18755352433303	9.16368221891997
1.35991257889025	11.7528628579134
1.69239909953352	16.1910737806025
1.19714623381328	9.82307398257348
1.63688738701897	16.2440705889703
1.56977941732184	12.0762559036724
1.49007667684728	8.44287164693423
1.7867410103112	14.5375657292228
1.37926133661234	11.9984566264465
1.34169295499114	9.50773341536052
1.319019529414	9.67796761335694
1.22172943110016	7.92285559709367
1.604839577367	14.2467193385603
1.8388803632511	15.0062428664083
0.990369117945806	9.87023515616298
1.21601115670549	14.5473871289004
1.23758866513856	14.9443568642441
0.939735232568413	8.88492659849315
1.11901012966445	12.8981697493212
1.07943484767014	11.6703370427021
1.27060999653088	16.1320974975265
1.31797110320706	14.9534653303252
1.28259592696387	12.8899344603343
1.19295947542944	5.77914742013239
1.20344207745749	7.98478738031383
1.73029794421679	15.0374672904075
1.61397709271724	11.3520214931545
1.2863906827763	9.51702581299702
1.02112842355399	7.02458192917726
1.32303992735591	11.9184524242369
1.00450926937214	7.17805200335323
1.41931148771417	11.1399408340921
1.86550555229179	16.5238843753095
1.63829556177427	13.8499901823173
1.61074670504976	9.69557005551755
1.25280012324638	6.9347495390711
1.27268005990496	7.56339445250162
1.17032489283899	5.86321297517658
1.08107262612436	6.40305857402659
1.53122029955012	14.7687395344629
1.36597762651864	9.61422281274203
1.08616924148861	6.04075061715083
1.21724467998739	8.30021702103594
1.23789896753046	11.5095632608558
1.11714837268417	7.75688558405962
1.19717316585395	8.20972594002057
1.50696358847389	8.66534916111696
1.48254484471373	9.82953547896589
1.08060280429167	5.37434250563476
1.32921134269967	8.75563086189253
1.44948403667078	9.84187332436921
1.23338778596134	8.88234244562413
1.67315754952581	15.7509631218538
1.71765426055711	17.2611248740079
1.3410548366135	7.93948074794401
1.23897662208704	9.41726727168144
1.6942280764922	15.2629103073885
1.39232930646791	9.58247217430189
1.24073496095339	8.65949788594936
1.32975392310694	16.9106073424927
1.2173271115852	14.2280404057829
1.27056284194191	14.7755017694346
1.15743336974928	12.3405275883464
1.09777439573954	9.75085207163601
1.2915971736198	15.4286341917228
1.13259882822501	12.3720148655271
1.18858534877923	16.2574864235276
0.787825176461569	6.4104273274791
1.21138653867831	10.3812367845275
1.19067862574872	10.7442699434265
1.27634930990284	11.9969625912176
1.06351095275372	8.10981222123915
1.11255957155534	9.49237452515902
1.13579078138953	9.26536091447006
0.902036896314568	4.71433899418559
0.947024403985146	3.81772975253861
1.50116255818307	12.1584057748704
0.930352596683764	4.79015649153352
1.23172451447486	5.71458937473698
1.23496343916041	5.12659033072876
1.34097288781871	8.22593458695819
1.11407577533971	5.17636718472271
1.20854097216298	6.51693401388905
1.40135061062519	10.1957808737073
1.34944121169936	12.208568781572
1.34156503226113	12.9291972295582
1.15804888016748	8.29583922842296
1.40516221324073	14.7855202166917
1.18019473262774	11.943625703549
1.21865498490598	6.40848275573264
0.886176294490146	3.22318874705929
1.02540427929795	3.77764358608922
1.63755375110514	7.8608039900726
1.23868866651055	4.65313628432943
1.0255887441019	3.77906142176929
1.65388059359638	9.3322906328631
1.40656544929734	7.54707018217162
1.02601469710229	3.78157012552354
1.02429588383599	6.22349619448285
1.15848212440217	6.64399439441243
1.31233852378088	11.3345848166479
1.31943695458036	9.94715593478586
1.05062627137941	13.1163427395624
1.0394112306732	13.299246550458
1.30000358316244	15.0329863921523
0.876185643931468	8.08605502196206
1.04750035079577	11.8389411225797
1.36732852876134	12.7127080663658
0.727881706649133	4.49083489426979
1.39557029043508	15.2182568111698
1.18456038984597	9.87823064284846
1.46397085177063	14.5675739006003
1.18451889310679	11.5205139048966
1.27289031019524	8.93092434701798
1.81611404802294	16.058399245661
1.07245060214384	6.37582340652661
1.45521533752931	12.4574791227263
1.23590942096663	5.87761888650307
0.598474674589915	1.77950619767037
1.23241180159154	6.4496102272849
1.22963147354026	7.00368246691268
1.38953761324326	7.34031701613524
1.22002185115083	7.78531512335088
1.16323778286249	8.18869939367551
1.25122467533175	8.70549014896303
1.59013252440578	14.7359298430682
1.26469550537009	12.284982754689
1.14467576979965	10.356379120444
0.9017230830019	4.49332304652993
1.08416971741385	4.70053388760227
0.786569626015106	2.37218654825832
1.29625357086309	5.70971217037832
1.69332988998385	11.2073980467946
1.54501676240257	5.96722638686579
1.30785770125508	6.95436160620464
1.26644893943525	8.09653514926489
1.06537773755589	3.82223381629714
1.67498258619211	14.3732760870354
1.39988368907738	10.4838061171068
1.25303227854354	8.97111409510554
1.61019653165352	13.0651762716324
1.75515757641921	14.2010104120751
1.60081185756678	11.1305087715151
1.92199290039353	10.1996242427904
1.16790155227255	17.3873510954081
1.19833198828451	18.6815949028477
1.085305738818	8.31588021298004
1.61896545669853	18.2526911647057
1.38498348480711	16.6115694913879
1.28639967133691	13.5171339052113
0.803961419463635	5.7658543568046
1.00685697257941	9.25107996061656
1.59075059760275	15.7638715470049
1.34046067837523	10.4480905313844
1.22225438350629	10.6891935431132
1.08791462402972	7.16096454163971
1.43172458373936	8.55056928381982
1.48254195114202	9.82796487588812
1.78193834660525	12.1088500977121
1.4172491131546	8.35478786793988
0.77709308975111	3.25895301393396
1.04754070980345	7.12433578092978
1.45160188357184	14.7421289939125
1.44648926400836	13.083160761553
1.28826743603053	11.4526534727605
1.3347890871462	13.5050965636532
1.40414556466019	17.1401986892387
1.73717107094878	14.9146565682846
1.66399712352239	10.742328875567
1.15810334906116	5.83362410116422
1.22543771825096	5.40835165457339
1.53526821625438	7.59274942647415
1.21767343526289	5.68989951527104
1.61056433193969	9.69472764093795
1.35526761544926	7.68840832356094
1.41881639122083	8.20897530236073
1.07660810545908	6.75883983786566
1.40287436148795	10.0678379017369
1.3502823825731	11.3006268773575
0.922137875007369	5.67445434722543
1.44433267334665	10.2630633169045
1.13998279833809	6.32329779130476
1.61888751501892	12.3336511616194
1.79378263409123	7.60966562476969
1.91299475362057	6.31869313579906
1.14779035304553	10.8317548246897
1.01598812008383	4.18035804273031
1.42352877726859	11.9945686443487
0.908635910891254	4.5070871210607
1.03882252616579	4.21424558091951
1.20611820084433	6.92944354882106
1.26014321855895	8.60909675948045
1.58791955553192	19.0914042457012
1.25845840301968	11.5168034606744
1.3029128865349	11.0307443657926
1.20737151546558	8.89011373327782
1.34040159288043	11.3758816488305
0.971783993013938	5.24246845069319
1.09378144234101	7.89659766589651
0.896339966466886	4.60274495037473
0.578957103940805	2.19402322999595
1.1784945159576	7.62378882513326
1.14412605154108	8.35391030332998
0.871285121215179	4.5513520228261
1.12193255285516	7.65509887419893
1.20948348526605	7.74546176266205
1.27957598756929	10.1149364205259
1.44464499703999	13.3541913811879
1.07199385524635	6.85747510994514
1.38318463239582	11.081507454939
0.814722471878296	4.32606790998593
1.42640556864583	10.4630752067223
1.11724394584107	7.14572759256577
1.10704621608661	6.73872765957664
1.24742959548622	10.3306241019747
0.83141412735216	4.13884774812062
1.55106638012258	10.1158503573354
1.27448978485669	6.5634118977714
1.50366112112121	11.2835468029025
1.27228186820025	6.40684316360242
1.56597221409245	10.9723680681491
1.35305449395867	9.97468528422506
1.62522607425427	12.683115105867
1.48995232116907	11.9440500087917
1.50510181702478	9.61318479583734
1.56280330313215	9.01607127990192
1.91327693461835	13.0534491132453
0.91757679511322	7.3678282078286
1.22162971394112	10.0662169815595
1.09044858038649	4.85248212585589
1.35597144476632	7.99403296906418
1.04839196897979	5.04111258862391
1.32459093936439	7.29913200672849
1.25012573369602	6.78083461962326
1.16537500833949	6.53234726114938
1.06568940242121	7.77256038448603
1.1426456482831	11.1226070477808
1.00941206387877	5.82014743163411
1.25350613108321	8.97612236328222
1.10653160485115	6.73210392426251
1.23640742915563	9.15283153794303
1.23181140403576	10.2563333633133
1.39830844718208	10.751984345015
1.59308397114644	17.7591747486405
0.998059561489894	6.82428492726438
1.27313967570096	8.93315551468876
1.51911112006672	9.82563189680415
1.5571458736489	13.0594736784031
1.17755824518261	7.0966606972104
0.922820770480108	5.11937891136607
1.27994997973155	11.3970361557775
1.42468447860782	13.0843013938918
1.22875818480814	9.99128950721711
1.0053288746234	6.39431308758792
1.11547992201851	7.38588505902882
1.58702828532364	14.2807500312557
1.63479754254224	17.2487106365136
1.51078761857473	14.4817708059999
0.93986397167174	5.72971358867089
1.09288099921554	6.81269545842122
1.35532973194798	6.31397840837559
1.50653392850383	8.66538788325341
0.886403967228355	2.81380564598459
1.24993641642629	7.62315182473815
1.35399681398337	9.27916131018543
1.48809618653873	12.0854081497592
1.23174381773563	7.14841999093468
1.39916428924815	8.59133650515563
2.2794561590621	20.625998546924
1.08136145835089	6.15429288200464
1.38602484272979	10.540475888544
1.37985949848832	9.3895621314156
1.42909363393084	8.85303763208683
1.20295050029832	6.78299443136921
1.8086744713408	14.9974292284193
0.91291682557407	7.14514475080918
0.841133548939868	5.23707005453872
1.72412066886781	11.1638606679426
1.39196894082661	9.73368230861442
1.23399652889613	7.29339911682859
1.37076515133342	7.89140705228202
1.27887664492623	5.67516817333578
1.19947962397467	7.17559592392166
1.15743891153097	11.1178052760319
1.44468938692906	15.6099251704699
1.38299425889019	11.2197914248467
0.641662567974281	2.51461181174725
0.917341298024222	5.44675037835424
1.42269380909749	13.339410362034
0.769269583092007	4.55764525032674
1.37514875592693	13.5399005184271
1.10602647296927	8.41995074734077
1.29172168833467	10.5819696484387
0.898923084713168	5.17330307079964
1.70790331676595	13.2814010740874
0.972234987841351	4.37551507961568
1.21804655607172	9.06542223935782
1.45417582356729	10.6027735705797
1.06861422180402	8.70154367056499
1.35032389850355	12.3440001464907
1.53437840927914	15.9069220115845
1.0268737519716	7.04178272813331
1.39410413770631	11.133058803661
1.35982465858733	11.6208359304658
1.49711719597103	13.8318525708189
1.22678223292527	10.4727420153345
1.61012405060192	14.5697613597914
1.24470442931527	8.14169635654574
1.5119538186724	7.52725277517182
0.938029777856725	4.06518665435478
1.10195575464418	5.42387110242264
1.38830341706164	10.2851344534306
0.814847565111604	3.88652993560652
1.12755591624428	6.54901973908144
1.50401956905019	12.0301216491205
0.888236114988304	5.14821881277423
1.20857909996904	7.73387328939573
1.2419384566538	7.04232873470334
1.50064506489482	10.6731739350065
1.2535741722626	7.91108732514359
1.25946921015895	8.59815362721178
1.21601292780878	6.26233772551786
1.30874968475832	7.10370066820797
1.31410084780124	8.12891614879794
1.57427370377186	10.6932939297671
1.12354196907258	14.2420884352268
1.48223248899887	18.2400193624561
1.23512178815725	11.2494964714285
1.67913341822175	10.9769818059717
0.92214342162232	4.28928756000491
1.14592176640251	5.80210768040623
1.22662377991763	6.14725640888254
1.5498277307244	7.10723489133763
1.36893800430521	8.77368257888118
1.22671314436637	11.0798074069724
1.17488283772387	10.8783223078517
1.09661111109575	6.94692978464734
1.13367264526008	8.18810012021254
1.43223530742733	14.730063741628
1.40998688286267	13.7847460795857
0.918308293178422	6.42390960892352
1.25985687779575	12.4936745736506
1.39581933171702	12.7667054748492
1.34017367211791	10.7122211745552
1.09172909207025	7.29636559425773
1.32719438022837	8.03602580975839
1.67531815104175	14.3819676546934
0.721025460988466	3.43629145951181
1.51398639671383	12.2119197022935
1.33271140371081	12.2312562765771
1.20560262230405	9.37537839476808
1.24557491704041	10.08123678403
1.20112169659506	7.84318637054563
0.980654387473736	6.19687781315324
1.02677688007041	6.46936559364979
1.35925948146904	12.1441355422253
1.23165931665811	10.2515003135117
1.45629478116366	13.2922560107526
1.40736195494653	9.51025597755728
1.04378622975857	3.49260732153123
1.43956178350462	7.96704599583112
1.7794970392792	13.830525061565
1.26552238502122	9.29094665013686
1.35344423466097	9.84141366527114
0.994892538217848	5.78259684517547
1.36447520642306	10.1703406391723
1.35256912900498	10.2471283088938
1.06481158574408	6.59898667347343
1.70464923691579	15.4988927503162
1.12518052957654	6.79754853560333
1.2322118224631	7.96054677765962
1.25464731450849	8.05029651064248
1.32879159948368	9.15706165907355
1.37093669923788	7.89359043318992
1.68783048201986	13.6506404208291
1.31552051802472	8.28179774729876
1.61661480945963	10.7102737896921
1.61683236798992	19.3632049914315
1.48552611478451	13.7552564699964
0.693208004211183	1.98075555860876
1.20792131915692	7.06770826168857
1.32603273897478	7.59909768615253
0.980130744724176	3.58906041150417
0.861789058180351	2.94013521243314
1.47879989870357	9.03933467632791
1.34964466556076	12.9825184127239
1.30013845049882	13.7406474696445
1.12244882808736	8.01333509493317
1.3777065728654	9.94955032022176
1.06751725575276	8.46905642759267
1.2621759813571	10.0440181293973
1.1731356915434	9.5769676827892
1.43305086163483	13.4119721587709
0.861791671210904	5.81656457750958
1.38095792363567	11.4696279156415
1.3827135955586	8.82430508822584
0.709022651795466	2.24517804440446
1.34052831811134	7.7899413277098
0.518904861320938	1.64774970483616
1.37654049133951	10.0849153066998
1.16298227801409	9.39497319363814
0.99668794282423	6.9312981722733
1.43697424375089	14.1003035370511
1.47442251062233	13.6781740386682
1.6302013621192	16.9258361323937
1.2526822702351	10.8653772487489
1.60326855045999	13.7902866541888
1.78438123712528	16.5035547729161
1.42030733669384	12.3849758057683
1.66418221987184	10.7451506231328
1.37411936373138	6.83250363572395
1.4596642924337	9.12456070721723
1.24407554138454	4.31227955531707
1.18278212185452	6.85184019988908
1.15123133929885	6.35861758552564
1.07202550567048	6.36969048790607
1.21699292021475	6.9556089098082
1.02230371442259	5.23632445178064
1.28509308972517	7.60117476741868
1.26200937263189	8.88000758222371
1.36534784882289	9.8950469811179
1.37125402641631	7.74360347623187
1.17865615099589	7.10925720666747
1.05911237259351	6.20663920567151
1.43900401644748	9.33157657305018
1.36785050580665	9.20216691656201
1.56951495464568	9.5402770671896
1.41503629856291	10.270565752288
1.18107210910442	10.9140849914896
1.06020263432246	6.92776523036596
1.23893214626747	4.65337606042291
1.17603789018099	7.99201353835536
1.26370965381836	6.82030565231872
1.52243473915754	8.88126613487794
1.38922988241613	7.49892081067898
1.10679631354923	5.56652654769181
0.987621702409399	7.66146010905779
0.807867557281434	6.47005376995842
1.63814698719209	14.2962310404532
1.14691284080394	7.75317002594787
0.929060889125768	6.99901140363367
1.37588857339615	13.030412921151
1.11535451003928	9.39110731724551
1.16328934320083	10.4662321691665
1.30145879739116	12.5329858689281
1.18265067614234	8.88179689781367
0.99247170264157	4.92133480117576
1.65714037839588	10.8814502149277
1.286706819299	7.75056687173582
1.11379845212182	6.37810872201973
1.10111945390647	6.8346901316733
1.40931520689531	13.9109094698785
1.43932520538227	15.0378027013525
1.20282012203196	10.2186954453278
0.758805812911727	4.53941905286581
1.18705673032868	10.4834697814236
1.13355337638445	9.13881403522182
0.597545692258841	2.85252138960965
1.66375341786254	15.9918644773573
1.72304478324682	17.1411222049928
1.17874428855817	7.62709590803664
1.42301243508736	7.75581590337322
1.65062657897274	11.021574114491
1.39538827315492	6.2456546396619
1.06890789224315	6.73334516388826
1.04839451816554	5.68067334504038
1.3827994754595	8.82576467229082
1.41397570259531	10.4089973738297
1.23423361760128	9.77047531807356
1.52841885006727	13.6152026447149
1.49546114708997	12.4047394749731
1.31222302495353	11.2108417243305
1.27709196871216	7.99909850462746
1.55384687810584	12.6008240927484
1.49818030302322	11.5555775830274
1.18773313917692	6.59659584551397
1.36851247762678	8.91613034978835
1.67839748971033	11.9794552241034
1.45145809073978	10.7248612794344
1.50383619510299	11.2873752375605
1.54849173260988	10.8930123215932
1.02825064511867	13.4564250481081
1.35904756913825	12.14123911376
1.40391877998245	13.0794785533918
1.54962739410951	7.1061033063317
1.42606170501406	9.14517204137228
1.01319379568856	3.76442721468044
1.70572417203443	8.96122388906643
0.83271870678161	2.17917689849474
1.09108266809568	5.66426281875238
1.19815841362287	8.84378268443346
1.22235578609357	9.45471492626407
1.01836513234278	7.45816976754225
0.984670755128293	7.43360254478254
0.991183509758236	7.35355823310393
1.34103318989288	12.1600041970958
1.17561979853322	10.5367486336352
0.912130130593348	5.97406446305885
1.11472941554729	7.01695999234781
1.46403789704815	8.829052599703
0.994343393481602	4.14702091536935
1.35478437682264	9.14702536915
1.29211925626812	8.59939865928961
1.45955042133686	15.9901321439327
1.32382852850496	12.1778160960983
0.784915539409923	5.10784545521285
0.785181965551313	4.89455384224609
1.49613284986422	14.6594194065462
1.17599846694416	10.1822101896011
1.19375189547552	10.5244463325072
1.13178750858945	9.36197963173928
1.38510907400303	12.9581332754935
1.01512141945186	5.59745750505947
1.31379605731485	7.98998047610365
1.82951546342755	10.6657582960045
1.8394786521325	11.815359689195
1.37655203922268	10.0851709153087
1.02608774238035	5.87040682463925
1.23756376054135	9.28355628220241
1.28687819485079	7.75400346277208
1.01949306167486	4.97954309585235
1.13774463086661	6.58266117705526
1.25842150673061	7.37468181858775
1.0725040177908	6.62354187538952
1.14724035862638	6.21323284963705
1.05927931306926	6.2089924754057
1.66400066225324	14.6150413512887
1.47503227879979	12.0106401125583
1.46016398130488	10.1865432123736
1.37017434679633	8.33956212531947
1.54523032085037	11.0334234614358
1.46014606896758	10.182834267788
1.04342963679953	10.6073424972956
1.09949767316394	10.3087573864622
1.57427370377186	10.6932939297671
1.26996736776287	9.95327270214392
1.34106607947272	9.77786788056026
1.30847290012836	7.10070393508799
1.42153502465031	7.90812348106975
1.01448030814737	6.30814151355702
1.27959526581147	11.395672109495
1.17834285598449	9.48184157325974
1.13328343855948	9.13441063965799
1.32183318780663	11.6461516811615
1.19200031121956	10.3968249910185
1.02459782364604	7.14654981749942
1.05095851686513	5.94212231487259
1.36132167246351	11.0980730694885
1.04198322661747	6.75275833012562
1.27302858159589	10.3539519729693
0.924147231935501	6.76988199973801
1.12095798303608	9.65205874807403
1.27032468820319	9.95830509326741
1.00541590759065	6.73108148884154
1.36872975085376	12.2027340122445
1.11375325439787	8.21802408876915
0.686663637210868	3.39321167305258
0.978838731741958	6.30015539789443
1.26698737645554	10.6990631803068
1.69331352096634	14.0111681978866
1.57334831281168	11.9426057720074
1.31443244681704	8.13435745594463
1.45786529153751	9.27151566802374
2.04371923464573	19.6381324613815
0.825267078997692	3.04919725166104
1.05994036024247	5.32567211179474
1.4040440454856	9.93119355672549
0.806794116907177	3.28382138794474
1.07606162467364	5.75384980626196
1.20520412901572	6.92249593439064
0.993995417048223	4.79534822800972
1.32679760065913	7.74767159324875
1.43512150175889	8.25358666008723
1.70409442909863	12.4325315757703
1.60836566187085	10.3496043973497
0.983434225863491	7.65015768759249
1.34121291025431	16.7980270874733
1.48352838354862	19.8844984034504
1.02140720172872	8.0334982952801
1.08439408862503	10.2201286502837
1.0037898226662	8.60099896129144
1.35796916278767	14.9171621187777
1.3149724841415	11.9954193394516
1.13771612634078	10.5443338414808
1.14746221813613	10.8275088533272
1.50356499429211	18.7025417252601
1.55154020171469	18.0938123119048
1.0836303399499	8.42734207743724
1.05335930823212	6.91106749570239
1.44080878963327	12.6436769054176
1.87664839554942	16.7766966097413
1.4239526648633	10.7450420234854
1.16857209656929	8.46402894089812
1.27812118175506	9.74043338506149
1.63126179914531	15.4663571657602
1.51973232424106	12.7000970710051
1.26817441964844	9.68883304679032
1.24731999116706	9.33161796552313
1.5208715703296	13.2722000964767
1.47113038701908	11.4181238391961
1.24176684526561	7.0406764981454
1.38833474556347	7.64886802335582
1.51174211486969	9.32441391856032
0.778717751402504	2.89492623701923
1.33858919299811	6.88849544424644
1.63653795453683	10.7946654166367
1.33225942998217	12.2311209859851
1.26852710434305	12.7926382644002
1.20425903866295	11.7650300958567
1.16473283846932	8.68792496714483
0.929392777308916	5.36787174366888
0.951291772478476	7.08040938830421
1.21111770052788	10.858155825993
1.13355198215664	8.18639189473655
1.12923913149899	6.94070292254956
1.30441705840534	8.51955363239448
1.17640437404773	7.49096245439746
1.39060969285623	14.1659924805742
1.21248115082013	8.65767446700744
1.2361043171603	8.24544132403649
1.78812896959634	13.70408296701
1.06242573014741	5.84474022962886
1.18813598785838	8.175903794451
1.36568715251592	9.89761380392406
1.4205565753463	8.06143526105134
1.37392967535541	6.83185516085473
1.35539201377644	7.54126405643479
1.23198335320418	6.44559751407215
1.16593628281661	4.85152487626346
2.01385788993677	11.5099124378403
1.56501403053293	7.50084354897098
1.02101044448512	7.02340451873677
1.02023463454696	7.01312121571036
0.745206902332411	4.92443070400563
1.18050053766569	9.61525288181354
1.44421912001011	11.2710603579123
1.07593405223222	7.46853383089829
1.16151982273308	8.06469963576052
0.840209440294022	3.79891839478967
1.27710904479162	11.0061118962973
1.01407685307485	6.65160010544289
1.10736750642675	8.76730101932008
1.02112032635577	6.6792896801444
1.16533412364945	8.69511410619186
1.16614861075358	8.32963749989633
0.933482148050355	5.93288395674304
1.3768631111643	10.0868241056356
1.52830382179391	13.6139673117404
1.36439848128488	10.3040314431022
1.43124954173718	10.0527979283635
1.30425911507124	8.65263858881155
1.47767422764499	10.1143725989241
1.7337552944624	14.5618155324826
1.39619336124813	9.02340608656691
1.42760324026574	9.00114781099978
1.45538393364712	9.41241625021305
1.32254790279429	6.84664871524924
1.19915866352527	10.9133471257969
1.34010336669002	11.107447964056
1.09884533290253	8.38481356657974
1.18074821762803	7.24379121950496
1.51751430991737	12.1013313243286
1.38115697185957	14.4764189785519
1.06870834113255	7.43950285670425
1.44909918124814	13.916318833358
1.00511361028603	6.39052774060699
1.32336446502895	12.1723913564163
1.41760840769198	12.6377278092658
1.24424342168518	9.94832155928309
1.29878652739718	9.97476813022049
1.44041487712015	10.5352429680019
1.26341569821807	7.81005401932784
1.79472335530764	14.4213945791073
1.17383757096225	7.86090736472758
1.45145210722424	9.70020849449963
1.42590985945748	11.7311727460343
1.48782376470113	9.54195730904053
1.46212101432293	8.98097149742352
1.41754292530476	9.99179743402774
1.69438299499156	13.5290191193249
1.52260168449971	10.4658716672754
1.42919010743117	8.85629747732782
1.22173472349687	7.9232408258919
1.25625305681257	10.3872523456462
1.37482095694657	10.4940787691628
0.878313372320818	5.33129876887429
1.5462640404988	15.2944983004467
1.39523868185046	11.0072059195005
1.19720300581195	10.3060182776448
1.00079945600551	7.50307251619837
1.31486274217189	11.9941826452146
1.08516283472758	8.54396354641713
1.31845428933232	9.53916048000091
1.26479727408692	10.4322273299008
1.68880061492097	18.4144629848496
1.45176097022248	11.7388043392478
1.80683739054574	14.6567546359201
1.62743594553881	11.5771191431939
1.60187617546514	12.246482486744
1.36876860009294	8.76816449927327
1.23188058416132	6.44422642356488
1.1727040409652	11.4426501523236
1.22408685911272	12.0066267413447
1.44481985945661	18.0178350324478
1.41161980286491	17.2185049283415
1.40689797086112	16.4363316590684
1.35823500046801	12.5203337468598
1.0925210505153	8.3578451235207
1.20118353005635	7.84408232842908
1.34122149610149	8.23055548841406
1.35417003950469	9.28231521279548
1.50445396876914	7.84124476984555
1.73486873649069	9.05263764269698
1.48010696540591	6.77137804184021
1.34635457353571	5.13552767400664
1.87298811846111	8.83480975208914
1.07945952628302	8.52496535177692
1.41646809916789	11.3976422059116
1.21621112760163	9.55615651407244
1.15495364413989	10.3013956819435
1.27715684217891	11.0073524330421
1.27197382197573	14.1133310190215
0.92455831709752	7.0838024181679
1.39458513835041	15.5840840319676
1.36841971510739	12.199667362453
1.42817636963947	14.045037453788
1.21554631914718	9.54792399072308
1.17022067864264	9.79987862367272
1.48031127069937	13.3084403328635
1.17059688377432	11.3123725863789
1.29342109844576	12.3562024659218
1.76226829291028	11.4982782856005
1.37133412214541	7.74551312813973
1.31770203765693	9.39163921245309
1.35570887603496	6.31606713718298
1.35543945675206	6.62548007281343
0.64781472304638	4.00286280588638
1.22937357400943	11.3341393699803
1.36643669621326	13.3529638886815
1.69395049806036	20.7745502540488
1.33651689346	17.4299246451561
1.18720676767577	11.307547988386
1.07223165298301	9.27235950205755
1.11007809688346	9.13542547572218
1.19776064014535	10.7855961073208
1.19056760853877	10.7421228117938
1.53939820002566	16.9018990599278
1.39995511688385	16.2535169815741
1.45522158544496	9.41119301841422
1.51447545753625	8.3631463743394
1.51745008164674	8.20524255169558
1.73805803136078	11.3918784795563
1.59442000927325	11.8936587115188
1.69631097442054	14.8241977140935
1.51637925711599	10.7450022430543
1.59052975688454	13.1105230015183
1.12180640899779	10.2247845756245
1.07950751458704	9.97859072748341
1.05820472439184	7.5082989872031
1.14343092473024	10.5750988065674
1.09769675783558	11.0649091079289
1.02792176981904	9.78703707555825
1.24076306795381	14.2023870689983
1.07851230651824	10.5111905699469
1.30424398831072	11.4198102734712
1.41183578707894	11.9210626444624
1.59643862941398	14.4836167172553
1.62681609484271	15.5804787963045
1.46201494934194	11.9347350812369
1.82297795169127	8.91725465375473
1.73184709578825	16.619722844728
1.57359783381456	11.9457006171627
1.1424971272378	10.2301865919596
1.01736090708865	5.84320623889616
1.49468320345893	10.9438275760109
1.72078319446569	19.2740279436963
1.13769581950423	9.97228307929897
1.02563565008489	6.81139498208234
1.21706260047337	11.3755010967776
1.62076441887922	6.68458543902584
1.57278547397697	8.04194539443064
1.47158099429192	8.38603217315167
1.11963583730108	6.90630524592938
1.11964776219042	6.26652999404914
0.933844395108733	5.8245240227195
0.916819012414871	4.877940315298
0.964405555883474	5.92043328501188
1.00087434099347	8.8992248938583
0.913415732534302	10.3197715654336
1.66075106068823	8.65024887475347
1.29879390182187	7.65219589544607
1.49062523614692	8.45180351540087
1.29378120570239	8.7502158674759
1.00690229628093	5.57547171903932
1.20520671884352	6.92171942276851
1.15016191684615	10.0421309744096
1.14646455344916	8.84299377756296
1.16063355821624	9.97896034638177
1.25535122181767	11.1277780512082
1.22961167489554	10.7326584803424
0.947586815362133	6.85678717353371
1.20119373887952	10.5696892099008
1.05934843811708	7.7485612361599
