x	y
-0.536730252742494	0.645608717507399
-0.342933066423448	0.357089664738761
-0.52958083483578	0.574398613796631
-2.38053634733883	1.46170029835018
0.178344142351158	0.0879130866885018
-0.422363725502875	0.236700130314835
0.209963238616044	0.163479795303781
-0.747009695727971	0.697540867601289
-2.10706742962015	0.378548652882402
-0.732348425588394	0.441465173551282
-0.968033043844823	0.567023112730889
1.15455847432042	1.10877688420549
-0.171854279210956	0.102994903376511
-0.314913534863782	0.18049000784073
-0.939222282586451	0.734669327956872
-0.260407914201451	0.131463826799335
-0.119625687146688	0.073124812578289
-0.449730708473686	0.282688698372418
0.0615396189200832	0.0238160009844623
1.80591828976772	0.656470060574126
1.15037020306817	0.774437355317741
0.512951075410827	0.436721582636296
-0.787990233828196	0.414043933099704
-0.626035045866617	0.933408070838786
-0.226671292771026	0.225302719868876
-0.788654071680585	1.07600259679399
-0.391481666646295	0.191384943509599
0.178755600198499	0.0881263357965595
-0.00473520578037929	0.00219591531042473
-0.10061457138053	0.053506852680468
-0.92797371641975	1.25776081764772
0.545055061377072	0.647929221054805
-1.83072294792417	2.9785994514312
-1.68633971949454	0.703563702264362
-1.3294270748627	0.733061521380134
1.05637042484898	0.549937742703155
0.898413882526757	0.723276956405637
-1.11459571417205	0.540895302433044
-0.422363725502875	0.236700130314835
-1.27064632211145	0.885370023376595
-0.585428649628552	0.632158940536327
-0.325776944974205	0.320395690170316
-0.395583863149427	0.361209150275205
-0.00887297177040951	0.00291884997088316
-0.103877372062926	0.0288628201081387
0.632055174789326	0.352583555456159
0.671610898104777	0.334894991105506
-0.968160264279937	0.567066206054291
-0.967905450376505	0.566570214515686
-0.686591528873148	0.508125343240681
-0.50001086788531	0.415771722946453
-0.406481833171478	0.539660998050962
-0.282201713292424	0.244176349026713
-0.510441955718791	0.45807955105784
-0.348238574854348	0.320251230294046
-0.406260094312188	0.0911374164788629
-0.571618661584741	0.312525279780433
0.402345342397214	0.139296846935855
-0.84751494297264	0.353113627072122
1.29059040546749	0.361273728188317
-0.184627520138321	0.0791861460962011
0.128504583636049	0.0570536698492632
-0.44972297108106	0.282664634540686
-0.56851911765476	0.350145609039403
0.546843514987056	0.39952635801972
-1.83905344754945	1.75855253484573
-0.449501899405118	0.407156451405089
-0.389875558702191	0.27626357840334
-0.298906392453111	0.237731703124378
-0.638737757211556	0.763977742221021
-1.99525983043134	2.60149646134026
-0.105329780244259	0.0292757305992616
-0.406143088696864	0.0911104868149055
0.440628375497016	0.120463053794555
0.765748574968654	0.332008986763764
0.403887011029617	0.139900753756777
0.128496054262865	0.0570471936487537
-0.517010624683618	0.178709666938849
0.40427466411489	0.14004859743002
-0.516877128372687	0.178641872315134
-0.788343745757691	0.414362328106443
-2.54164604234959	1.70690389932735
-2.68380504525343	1.94089329311578
0.365691013165346	0.150286033986656
-1.27064632211145	0.885370023376595
1.8331563644153	1.1399795081543
-2.94698077954152	0.645760131429668
0.449356737420673	0.0873001538306624
-2.10727742655476	0.3785967871456
-2.94720125929596	0.646055459499367
-0.951768045880078	0.27264192625531
-0.951510131474032	0.272461351367526
-0.406536039818103	0.0912270232471427
-0.487581032377036	0.372727958048912
-0.877020695133298	0.576798736351056
0.178300949641365	0.0878996403275426
-0.581617415924886	0.51626524041166
-1.0094931847238	0.719548716819513
0.440628375497016	0.120463053794555
-2.38057347701196	1.46158705263183
-2.10706742962015	0.378548652882402
-2.10727742655476	0.3785967871456
0.955883959048738	0.344654176637369
1.29059040546749	0.361273728188317
-3.48240509937676	0.919800644574475
-0.951768045880078	0.27264192625531
1.31729408016793	0.590203599966043
-2.19317610517767	1.21115236630217
-3.48199261945285	0.919202577093156
-2.10727742655476	0.3785967871456
-2.94742201638341	0.645982057725913
-0.103877372062926	0.0288628201081387
3.96468442127274	1.35922276844108
-3.48199261945285	0.919202577093156
2.59830808808347	0.565621890602798
3.44549632854058	0.961689054878872
-2.10706742962015	0.378548652882402
-0.217607155601996	0.161234760783561
-0.389849774073474	0.276267896625035
0.210171143262264	0.163541652325962
0.140262691662791	0.109261739662915
-0.585285575147905	0.595550969236613
0.674820693924609	0.730944843671607
-0.284946743038968	0.186258778585444
0.0584218523132793	0.0369098436699805
0.142131685932888	0.0889044303481582
0.546552739173602	0.399172839439096
0.956369823472279	0.34477098044816
0.396240348787542	0.226360026749263
-0.848235856286303	0.353414829103439
-1.96467671705873	0.956602614744049
-0.951768045880078	0.27264192625531
3.44549632854058	0.961689054878872
-0.406260094312188	0.0911374164788629
-1.11409385166674	0.540651439280993
0.44025009120492	0.120379994939149
-0.406143088696864	0.0911104868149055
-1.96299502372977	0.955165401048326
1.29007573135185	0.361162560899904
0.764603041122565	0.331368587604412
-1.96299502372977	0.955165401048326
-0.422449318801549	0.236728116220036
-0.224177831521075	0.149123008506547
-0.260687678894057	0.131570425690877
-0.57208742748561	0.312754566699712
-0.0683881641252484	0.0655350422136034
-0.587375356693742	0.876817895501645
-0.30051516533303	0.366157944225481
-0.804329830166962	1.04906238465438
0.206434415031585	0.235641971569247
-0.325117021500453	0.357906926325565
0.567045928137025	0.612310526763477
0.469735322678095	0.555158489607668
-0.32506840310441	0.357848976286615
-0.868346108144841	0.967803357473854
-0.235488423181181	0.138083855479216
-0.471769125742699	0.485698272084757
0.365691013165346	0.150286033986656
-1.94217785162884	1.50556750778932
-1.96398821246931	0.956159377765416
-0.848034357080434	0.353432748047731
3.44549632854058	0.961689054878872
-0.327546345457555	0.129698049658362
-0.847314325335099	0.352888726716764
-0.406143088696864	0.0911104868149055
-0.406536039818103	0.0912270232471427
-0.00475680929605525	0.00220672361861251
-0.579018048486102	0.267409454362904
-0.391724305318784	0.191524028484181
-1.00955415243895	0.719594277702576
-0.939209052150764	0.734638357608288
-0.877041638085802	0.576786214582943
-0.265635006259592	0.194195863617721
-0.579167653221855	0.475166879787806
0.25069825731129	0.155248653610278
-0.791968693252402	0.630667165648645
-1.54133698076619	1.51463382773428
-0.967920770914226	0.56691647468837
0.0595493196366141	0.0539505407892885
0.228842324487195	0.240749592844777
-0.371986635682242	0.429729808594261
-0.852497218741647	0.785707725980518
0.251131091974994	0.231599974720076
0.709169576199261	1.05702150172785
-0.805519408857102	1.24035606033706
-0.449333833281535	0.406974819157959
-0.285211168305487	0.186448644459638
-1.70874436175736	1.86243966057601
-2.19279921330255	1.21087324593908
4.86841061293439	2.6336846944528
1.29019459198889	0.361113808702474
0.448931724883838	0.0872096407569261
0.372705457589149	0.176103244649458
-0.0083456807373163	0.00274570284113593
-0.952135059882499	0.272770263417896
0.44013533532887	0.120310143303148
1.29007573135185	0.361162560899904
-4.18740533469694	1.51210068214824
-0.260170783678341	0.131299457961473
-0.391246652475677	0.191209210716848
-0.825321423367854	0.599706575982585
1.04427939074659	0.754117796960099
0.804126930245297	0.712400573859308
0.264741881640269	0.174598132091718
-0.658746694522627	0.622188073930247
0.490784078728096	0.474064764345796
0.196857180322845	0.146002107202353
0.711782202648258	0.546205431700173
-0.939077485445265	0.734512322363123
0.211880101492958	0.113837225827733
-4.44973933299975	1.84343682746367
-0.199493019043264	0.198875021384782
0.00668943834832033	0.00658527228071308
-0.112422564030452	0.113477921939666
0.247915097710838	0.284983456046779
-0.381211989489509	0.395617357267644
-0.6314596694689	0.829262578928057
-0.105631596256536	0.100516620183056
0.798556031843905	1.34287488777799
0.675521678668279	0.907931257718215
0.0584409984340268	0.036915350809846
-0.375898860066537	0.319579248516025
-0.968264784999388	0.567000612677095
0.92910590013713	0.545350618768897
1.31690798760239	0.590129049397097
-0.104360815899979	0.0290077066781166
-3.48199261945285	0.919202577093156
-1.35563614408753	0.474557097061527
-0.788092531306192	0.413882409633952
-0.848873389158817	0.353718585819526
0.38745688057007	0.203646525201812
1.80580755289182	0.656394825107787
-0.9676881851453	0.566449087740737
0.250723826116666	0.155210950494773
-0.938764913121438	0.733582265905031
0.128617894345499	0.0571115897629187
-0.167806752329096	0.0869693039478201
-1.27056950611993	0.885278385976038
0.23410444750179	0.135473731879832
1.10679762239455	1.7244556829199
-0.0489670362588258	0.0267049448325151
0.693710317076415	0.725279210160063
0.860669281101696	1.03393509779888
0.286246677290265	0.21143983910713
0.0616553482559604	0.0238703716137645
-1.32938572253344	0.733074998982863
-0.460973242207164	0.93956216608076
-0.0613699978973829	0.0623843958441635
-0.248079676141038	0.260450904566781
0.353511285403248	0.458246107794961
0.235709990967675	0.255682194539081
0.533255746177956	0.670859086901984
-0.046081904640494	0.046930859435489
0.258402349264196	0.313632006726965
-0.279637593831344	0.40182801323027
0.621384243464177	0.764371718118909
-0.173980160570205	0.117722034894432
-0.0284675080641426	0.0222989197425117
-1.11394961846196	0.540358650867839
0.403632537227691	0.139839884189156
1.29035320892594	0.361169722228799
0.372828104257578	0.176187601416706
0.0616264557748945	0.0238611614751663
-0.104191034118389	0.0289508643830017
-0.877171466206336	0.577150150243609
1.59563961177111	0.855317024832039
0.387243734014382	0.203457679643031
-0.407047340101398	0.0913266870047607
-0.968040626027814	0.567014988604947
-0.119491077741782	0.0730364768299565
0.972361424054703	1.05466978524651
-0.732036673044235	0.441341043477748
0.656206267324745	0.556658827111305
0.617851817463887	0.573856535275848
-0.119439450446503	0.0730048395536886
0.469586828631133	0.554851492953447
-0.0347986293503025	0.0248317494120982
-0.173539152355847	0.117351984705764
-0.235475303257102	0.138083428952403
0.301584228677068	0.245882268110851
-0.957716662191766	1.23812382734132
-0.39467866293839	0.432416548989307
-0.149489571256347	0.141245681785236
-0.471763944533699	0.485706100559051
-0.25314518634837	0.203447879773994
-0.853997191527263	1.16164925104674
-0.868386907017763	0.967841950693089
-0.105346149785346	0.100229947918744
0.477916138507761	0.514238493010907
0.403072802912255	0.44586068843442
-0.212648600695035	0.172525653603284
1.45561625559099	2.09449896584158
-0.149580891301816	0.141345279274508
0.0988812019616848	0.0900774563664579
-0.348482212792986	0.32034397202245
0.75090690912795	0.546464500138251
0.5769791123065	0.601616966334165
-1.11480389157877	0.541093044086259
0.365901442885752	0.150373308319952
1.31640050781925	0.589791315671906
-0.517513875524486	0.178911161319999
-3.87503061007077	1.20658143667459
-0.104360815899979	0.0290077066781166
-0.406536039818103	0.0912270232471427
-1.51162895510891	0.92774969099266
0.365795892718222	0.150333644094674
-1.27066180837054	0.885025373031595
0.631810563958237	0.352386442821737
-0.877042886893742	0.577005310114962
-0.732207785471608	0.441468073086455
0.632160133035675	0.352652701983811
-0.184505553212383	0.0791373504854963
-0.00492887996229905	0.00228362051027467
-2.46835919753526	2.50538425002943
-0.395829308237891	0.361372507200145
-0.253297253647567	0.203553145486106
-1.81214638498018	1.31346636503693
-0.115430370932	0.0957063525927462
-0.115253167729569	0.0955799432249785
-0.486623411233567	0.558280126576542
-0.174043252186182	0.117757297093509
-0.411448615759866	0.400788789047934
0.400555465229224	0.40052760637289
-0.690408989494951	0.864271663655486
-0.584948890195393	0.701842876366397
0.56711774831774	0.61246897341953
-0.207473708246234	0.181879734086638
-0.0626307324162304	0.0441847473161206
-0.568481019853327	0.350153375981782
0.504572267759576	0.449327688889568
-0.525075217091072	0.53774919315144
-1.12703758998166	0.724067663560919
0.387524745750924	0.203731359245904
0.671538371030747	0.334855559136084
-0.00486435955028876	0.00225474722485634
1.04462665687915	0.754213263592527
0.128853508420719	0.0572225471771537
1.21233708646883	0.971304917656255
0.606826204302058	0.368017845521227
-0.00473520578037929	0.00219591531042473
0.76959729993245	0.713177830099595
0.234045106137132	0.135412255558396
0.564414409634204	0.389702848742374
-0.173580087793681	0.117399147714015
0.0480050835828071	0.0242224684999677
0.656258050770637	0.556657931195888
-0.131147323350631	0.0901154101141619
0.0289038193280555	0.0171413780587822
-0.825305771267545	0.599583968274633
-1.40178047258965	1.05066848132629
-0.788343745757691	0.414362328106443
-0.284970053545889	0.186273402942853
-1.14248004024407	1.02033130172564
-0.175497391498157	0.154667314936894
0.307616640652261	0.262075558803921
0.318609490109589	0.294628255852159
-1.06759645658401	1.02968138226897
-0.175626828008738	0.154760578431202
-0.38995717249119	0.276378670243734
0.163564873806924	0.108792680582514
0.838426513183818	0.876968530518498
-0.265569379973613	0.194142537482544
0.736505419742925	1.04765643793505
0.232168303305043	0.197604059628229
-0.0945333205447328	0.0658544647941624
0.276530386752355	0.193383473806482
0.10494279492139	0.0741722381789076
-0.571725802687708	0.312448617253001
-0.571844647387589	0.312554069991271
-1.66989852421153	1.12091319161198
-0.96814522350334	0.566902385585879
0.750967604056486	0.546403961082126
0.365796592364056	0.150347828566248
-1.52285856569018	1.22115975486306
0.928532535536287	0.544905767686774
0.396241213616493	0.226364630623662
0.39957560183844	0.245169058147594
0.181050668703463	0.127353378388975
0.750937243272865	0.546463920727753
-0.0787328393819667	0.0353418953097744
-0.471829186744988	0.328742750980923
0.141865183765722	0.0887267375760719
-0.413856609751681	0.32103831463558
-0.0759901648345779	0.0473452882734231
-0.825410747725923	0.59972581114889
-0.791945482047303	0.630661225316363
-0.391611384485079	0.191440763997525
-0.314913534863782	0.18049000784073
0.0480816714797298	0.0242551139833624
-0.285043981003217	0.18633542576247
-0.0245647266183806	0.0208007779658769
-0.0946461025916477	0.065946218902393
-0.299019203964138	0.237807473659699
-0.0244277304168689	0.0206862083448529
1.38087261381308	2.04408606013167
-0.449610193685513	0.407184559772415
-0.0977563022251636	0.0873402439588866
-0.176634875245985	0.14449758843972
0.717923254286656	0.887223799528974
-0.518717139325865	0.498710792667444
0.30755045483439	0.262024263109055
0.577174785470866	0.601768931023731
0.318825263007079	0.294928782295444
0.301557864876519	0.245828147918985
-0.701862955864654	0.471051609861451
-0.0344081561738779	0.0245554787313122
-0.391716070497778	0.191515317219743
0.448931724883838	0.0872096407569261
-0.952135059882499	0.272770263417896
0.44025009120492	0.120379994939149
-1.40186758403383	1.05008025477091
0.0615829893731542	0.0238409326210027
1.59438689881841	0.85426078517963
-0.571737584667295	0.312608565413617
-1.27081507817581	0.885146462492235
-0.18438336931455	0.0790808605857554
-0.0786392714965295	0.0352944119780959
0.234119701427991	0.135495466226445
1.34308347816206	1.01515253512817
-1.83903631835913	1.75922356403428
0.211956415974128	0.113885749261243
0.128504583636049	0.0570536698492632
-0.00636187363498121	0.00355114006922597
0.399384560053957	0.370248260620243
-0.00831647071794103	0.00536026035772822
-1.34499261287306	1.77072987649953
-0.449641252180695	0.282629245641421
-0.788111377288474	0.414177817025583
-0.391603095504156	0.191462066890932
-0.701908866845412	0.471042169258016
-0.467655343686365	0.778662557129813
-0.138183976387484	0.168909235719479
-0.126380301727521	0.119817187861195
-0.606881261620836	1.18513339673593
-0.267495080599765	0.295928836402637
0.213107787798651	0.250127188793267
0.126648856471803	0.138721197760835
0.449053805163823	0.727352693579497
0.657547442160325	1.51440243789274
0.134570670902393	0.164228474543391
-0.671889160490179	0.960079886209888
-0.191450392417646	0.234375717025195
-0.238516198616848	0.317407191038422
-0.481351666391543	0.6926760025722
-0.801742222533774	0.848030929183181
-0.0838329416618428	0.0895841960585359
0.17843765751352	0.0879488879768174
-1.27055405837643	0.88524530962507
-0.314867405965761	0.180451526135702
0.387699641114235	0.203810552040452
1.36213765917752	1.19730352814855
0.211835479388691	0.113803455060704
0.0856635463965309	0.0467239502969187
-0.235250744723944	0.137920266673397
-1.14266100878965	1.02075039593394
-0.167738302724452	0.0869260433210468
-0.039467894351048	0.0250286748113181
-0.581862158281974	0.516614888864662
-0.028358552867553	0.0222115702221516
-0.902053585569526	1.11485253797527
-0.444512221084531	0.511272407967683
-0.284909796442049	0.186208505440676
-0.175405927550633	0.154565767241377
-0.6348686088222	0.796982333009138
0.0848410232355344	0.0822456547865378
0.128693467655309	0.165151680401625
-0.167852880383599	0.0870058064419345
-0.394675363729754	0.432427119141594
0.11641099929971	0.0987695099534259
-1.09750628137667	1.33629196450453
-0.258627620963011	0.344142882497526
-0.269932061538931	0.373780354786899
-0.490198798901728	0.761934987320386
0.691283824177373	1.22588896837358
0.125390617668387	0.148858612233451
-0.0576127690050295	0.0644847123288493
0.351965588257542	0.444977130296169
-0.552863832720784	1.01614885257696
-0.337779693518307	0.522382788568886
0.161913290461515	0.198482683860611
-0.551765573027205	1.04463806384278
-0.0578416209318382	0.0647750221140273
-0.600239423361945	1.23796584630768
0.517819198591437	1.11153044640595
0.305292608814405	0.383151924882929
0.644327826989989	0.745550244733414
0.10681829918539	0.110246900796294
-0.322202951136644	0.232055249653008
0.083531860600796	0.0559422626006625
0.75104417444328	0.546490588732559
0.0617424742393982	0.0239084459082885
0.398737028107333	0.276969072845267
-0.314837032959884	0.180433066341452
0.142051476455936	0.0888577884553235
1.11255900834009	0.937756926523111
0.181510684378831	0.127754602640539
-0.579211569978325	0.475305661180453
0.0634066163191769	0.0471713633851058
-0.326456254468798	0.280010401133843
-0.00906705676093323	0.00653787291057647
-0.176138766646554	0.132087158591399
-0.732037943741207	0.732767940869475
0.832991774472414	1.19153089976538
0.323921833996589	0.311248890468636
-0.498794222969217	0.629921677275416
-0.520743726408643	0.809269142993147
-0.45093954716879	0.649520421249657
-0.643488760766357	0.730937039839339
-0.572990344273574	0.39206853349588
-0.50009704051959	0.41591664999723
-0.348128006348256	0.32012388407235
-0.0345383023126104	0.0246510283115759
-0.202632050777103	0.19003280571302
-0.311648021473252	0.512457545247324
-0.287338427854066	0.514364651337103
0.106705429867678	0.136345381418584
-0.173810666155339	0.246760610945457
-0.173129164036228	0.211995734364633
0.407048286141985	0.627632204002236
-0.091546833749063	0.115626509730577
0.586301865958224	0.802501173846995
0.207910257155758	0.297664057613859
0.59762881742068	1.2301825322153
0.292358420723597	0.423667567402566
0.199635004279941	0.252521862995165
-0.0342422735583774	0.0398262199785781
-0.377382508100677	0.564908157115736
-0.536692331978457	0.645588497414068
0.250449347685135	0.344182985884416
-0.487608320482119	0.37274814708529
0.178329729181954	0.0879236922445928
-0.0083456807373163	0.00274570284113593
-0.0786522619879239	0.0353023758590265
-0.0787197888754788	0.035331436723466
0.928655092758678	0.545035913914066
-0.701939376185849	0.471077472243728
-0.314867405965761	0.180451526135702
0.972740336117006	1.05431301026764
-0.35163034874885	0.276243935357327
-0.35217164115711	0.276786992238833
-0.0782905181298599	0.0604439777307736
-0.325082646771607	0.357849177755183
0.0829050009289711	0.0645975373907651
0.469731837912993	0.555107190156447
-0.546285022999147	0.752561823959078
0.0293360886173838	0.0247287395276162
0.305402584509067	0.383255706959213
0.450190071252955	0.778121563336878
-0.641214800038776	1.21761715819401
-0.87719241026191	0.577211271023757
-0.487712563830129	0.372844245573686
-0.701870683447116	0.471060482975925
-0.235567724001161	0.138125157356038
0.0993266878784862	0.0905206366941579
-0.176557549672564	0.144409641583328
-0.377981858643594	0.502347317040083
-0.524987097843681	0.537438246991101
-0.33691043840638	0.467067278728373
-0.19814624223525	0.209227430327853
0.161821236962122	0.247344014036276
0.45790921358168	0.617764212807196
0.505850790954766	0.737866708559279
0.667467606544006	1.25437586590097
-0.176428279496891	0.196784362350192
-0.339811942425733	0.432856072094167
0.12318390354993	0.165375827398424
0.115625063082441	0.133405779344678
-0.848657871974248	1.86175634717521
0.273257182787993	0.413961982923985
0.14343575150172	0.149016720940314
-0.21859823433848	0.24299918440082
0.0333917529280219	0.0370023367140881
-1.09719687863719	1.33559767521875
-0.217366086087978	0.161042824286404
-0.577072804635144	0.434142311342807
-0.285211168305487	0.186448644459638
-0.235303642562071	0.137970517714117
-0.00820965874590202	0.00529124301994387
0.838253967328347	0.876895031568286
0.635544469288338	0.564969109409345
-0.0943198425164706	0.0656938857589814
0.504592859831749	0.449371582331686
-0.994480818641097	1.52009657206708
-1.29574978795976	2.88162499104866
-0.540040189860458	0.680851242606138
0.0455338589576528	0.0398420066568863
-0.415090121464161	0.57465596984152
-0.144198058944121	0.118782391931099
-0.553144642744072	0.85887102104797
-0.586306403238765	0.840447918403309
0.145060494571149	0.168275014491558
-0.653575307873913	1.12727703585259
-0.217521006706289	0.161161575860771
-0.0945393578382475	0.0658711107151154
0.28639475084546	0.211604828749654
0.693690246392912	0.725252132108966
0.285313920678304	0.311619870506208
-0.112342174072971	0.113386915801691
-0.435240630027946	0.475308630194875
-0.30578036416148	0.282830355897316
-0.311714505805536	0.36171946692192
-0.256410906918295	0.253966680501366
-0.276719729734128	0.289771148219468
0.343146217668583	0.388610832508256
-0.486588881772866	0.558170690674122
-0.149472299433566	0.141228665702496
-0.713550504984819	1.06009534154101
0.663792164841472	0.915211217675302
0.184594895015262	0.221192489285916
-0.199581443909921	0.198962913102601
0.204028542108721	0.194525660613006
0.608127825374914	0.960631066576381
0.579217945696974	0.812532689029543
0.0700338458734566	0.0592491508453951
0.330321041878759	0.492919706216302
0.450498637754427	0.682745395264291
-0.231632276996725	0.28335847616499
-0.259923755131656	0.302760122527655
-0.196651340307546	0.21902252614759
0.251401539121696	0.231933849669412
0.0345724338131598	0.0269316463838555
0.523258163715269	0.69315685722257
-1.06303553022315	1.49402232321609
0.152374019828178	0.163116333195512
0.152343481947252	0.163071693803968
-0.131544054312404	0.132369968710425
-0.381242377759065	0.395640385513689
-0.967109818554727	1.53733832184257
0.206666621251894	0.268476434234498
1.2374832838533	3.75348331991034
0.0451656608089422	0.0395168142648287
-0.138430201108677	0.154923505658991
0.535012636052253	0.914132921885157
-0.585785264878826	0.805511132915167
0.312410641021105	0.412604103145373
-0.465467998033366	0.749769240022527
-0.311820301854339	0.361871083913979
-0.146695896902759	0.129877654314141
-0.69032838389013	0.864263935767638
0.0991469353347903	0.0903320697944815
-0.267381169600918	0.295759114038977
0.0727628437777924	0.0682536440350459
-0.377834482684126	0.502126992881179
0.116390430932924	0.0987448133202568
0.879039640646283	1.19290786952374
0.779785323019797	0.876278188632412
0.181679124594761	0.127843392650007
-0.062793400981063	0.044307277190996
-0.00809606215599304	0.00521823035909339
0.123643013424784	0.0918693581809042
0.328914270718477	0.327719589639278
0.082766257383876	0.064482236330286
0.403689431200038	0.460380473735373
0.242101401876759	0.214753590753008
-0.992447794891016	1.21858226446361
0.116319560159118	0.0986901914291856
-0.517678860865256	0.774382537209369
-0.225525767675714	0.288099925107598
0.343286205731352	0.388881509543331
0.376648055114511	0.618512743248736
-0.0388514060195364	0.0351117390809273
-0.028629851710184	0.0224251140133646
0.038067679388171	0.0355177773718331
-0.267682341673505	0.341918280618113
0.143758158899719	0.131597818004584
0.744842701780513	1.35432239208742
0.133532573280451	0.134478520582244
0.0377760472868744	0.0352302094298019
-0.31332740169515	0.434334736232326
1.0232501365266	2.44863437563752
0.403917010159899	0.527677959397332
0.116116093389939	0.0984744017648024
0.528171225607499	0.68248492927211
-0.107211354580312	0.0820348917937373
-0.11195397762239	0.11292290440574
-0.841495203858718	1.54495366069353
-0.417574397997682	0.505302971687114
0.0828382842492208	0.0645463187224026
-0.493031419914927	0.594334281844082
-0.241868116644297	0.268126123987196
-0.149626549623537	0.141390840854631
-0.0563530176977259	0.0506919148480235
0.301739514385999	0.368914770193223
-0.314103830045973	0.400440553783552
-0.625732525804553	0.932826871403199
0.0596563697132791	0.0540880788338949
-0.26784270656002	0.249056396724072
-0.306014619729646	0.283081303853055
-0.325750196785397	0.320386445558132
0.181465589387316	0.127734472251748
0.221634409716795	0.180666836299257
0.399049309890461	0.355063475189043
-0.50003147918059	0.415829258616164
0.182364460409313	0.161368835238726
0.313523379142889	0.278605580006012
0.551478690835413	0.635805604810437
-0.0284233206902766	0.0222639979160976
0.544969606727964	0.647703702183657
0.398806439101742	0.276876592690764
0.14480905397867	0.167948647716758
0.404164636382497	0.527995990949297
0.253129362605538	0.299107642070423
-0.100572019960465	0.107362126747286
-0.0244591838694114	0.0207132985531638
-0.0227977324342328	0.0206998705584718
0.155085666919306	0.147119154231872
-0.17494620421234	0.204773964473132
0.0379175161924282	0.0353634402371837
0.769597424068076	1.34652580875181
-0.117727298159161	0.125436922760173
-0.585862511876257	1.01111606230535
-0.0944683867202581	0.0956146592373811
0.192254257327891	0.236816479406932
-0.490181196050202	0.761813920890907
-0.0613575764506074	0.0623623650431608
-0.513970810885842	0.739006268581487
-0.00664715085146398	0.00565512035856975
-0.131630163653462	0.13247575159184
-0.199721308318161	0.199149417883622
-0.175585784078955	0.154751236625784
0.663681752760132	0.915011562788748
-0.326427940620193	0.397324807650631
0.0683152504722817	0.0740622048333598
0.0205064676927763	0.0196554979578993
-0.366375085639696	0.587301125359961
-0.35443200692997	0.430620563936841
-0.131538713976818	0.132341609112363
0.160835718368526	0.177230591541453
-1.0109037146347	1.04650903893007
-0.0757789679966719	0.047205567072054
-0.00936556809769411	0.00675048134408274
0.163268417717697	0.108556581939774
-0.50003147918059	0.415829258616164
0.0422441790039478	0.0299334660534715
-0.658725945119197	0.622191717871612
0.286375548943213	0.211623257913393
-0.51073387046623	0.458248731218395
0.399974711302707	0.385294994109702
0.0635115863446252	0.0472556483106754
-0.719631313860675	0.767280487249456
-0.581748259413829	0.516422142093552
-0.126421588861747	0.11986827427065
0.496914406657292	0.775091634799325
0.0702098924257791	0.0593980589393441
0.26820243761234	0.343078430529239
0.250945055275666	0.386705383356298
0.206218887783303	0.235387605546345
0.30213584023874	0.459522333514617
0.406241253700591	0.612343756406322
0.155485810263204	0.147433950104072
-0.475829377597483	0.65746746802329
-0.135694205304203	0.144295214096647
0.0899685994925782	0.103416003498308
0.183649038485702	0.191961127024651
0.297864739427711	0.354433766297359
-0.218617808283154	0.242990742314684
0.404175903551603	0.487955463581597
-0.0225642988488395	0.0204830800103684
0.0185814936605457	0.0124989318523775
1.32114355159438	3.29851765438316
-0.372109297554285	0.429899281571422
0.0119006822511641	0.00964901121876244
-0.358210767389555	0.393352268418523
-0.138307540527474	0.154748999353291
0.755057485839971	1.51513700591815
-0.105761213087134	0.123869992427871
-0.00384322530274778	0.0039241524055978
-0.81921242689783	1.21255138011587
-0.0211310387434616	0.0204219048114408
-0.0212129778620645	0.0204998843335787
-0.0860690134702713	0.0821848983549987
-0.58515546023233	0.595470236004007
-1.23201166482093	2.59808212646618
-0.039353128958727	0.024952962953098
-0.11946387788313	0.0730093339062995
0.264778926388733	0.174621340640128
0.71524843134726	0.720001626855283
0.838212991807193	0.876753983698396
1.37284025651849	1.53241045230602
1.15006207534415	1.42996081624991
0.0583587733453041	0.0368674418310713
-0.0945918926252424	0.065880606993547
0.0534707766400014	0.043459775606092
0.756406737360942	0.878384832764653
0.644659644138063	0.74623819424696
0.250763944228594	0.155289556810608
0.169523210471413	0.14409718531117
0.681171948846945	0.550519576410294
0.165602497905067	0.162471945620828
0.123239879152468	0.120203639694046
-1.10643563775539	1.48343306154168
-0.396204189323553	0.503270968539542
-0.175990508268753	0.196340608898209
0.219466472223635	0.264661858011241
0.116801483359705	0.124196889428085
-0.068184809595728	0.0729308276937806
-0.377871864510522	0.502197438554773
0.160794304257567	0.177197189652383
-0.524335514857542	0.87489192333701
-0.326437097899577	0.434627646536543
-0.198155045861894	0.209147390683391
0.682240479952059	1.23287441625647
0.502548065444161	0.749879321116955
-0.276762278838592	0.289829439158008
-0.713493468271828	1.05994286054213
-0.586634638331467	0.841268250466534
-0.34293656941904	0.357107672171709
-0.308027795907979	0.321609526427422
0.133467086330826	0.134339730618793
0.140479786292581	0.109445523682401
0.0533336421695785	0.0433461365524016
-0.174401179276468	0.164063040640843
0.031488022229316	0.0329804603545193
-0.290369952086652	0.370684670283589
-0.205617678609742	0.29327935971924
0.621936125292974	1.40285503829141
-0.149489571256347	0.141245681785236
0.355395950393926	0.472508217593994
0.238350077679665	0.311192992714878
0.0502649696183635	0.0483962435368749
-0.115003130560323	0.0953373952296142
-0.0522142735899536	0.0406217653306196
-0.0682325754408052	0.0653828733798677
-0.52264115953345	0.841930010653111
-0.657941480693432	1.3620334165402
-1.09724236809706	1.33591396738743
-0.0787328393819667	0.0353418953097744
-0.648373842169701	0.696240291814015
-0.253224680769402	0.203534183342816
0.276528860013888	0.193418045680985
0.140588337456283	0.109508355907666
-0.658705200469273	0.622151746026057
-1.033571727523	1.19984085753893
-0.889956812825115	0.758402852078309
0.276742392332249	0.193575720989176
0.251177466349941	0.231677834859479
0.123403855233965	0.0916692614383473
0.242062700905714	0.214703130207452
0.221453541794974	0.180496855805387
0.104962917704732	0.0741887431566488
-1.37788010886726	2.06406976614442
0.538923537020575	0.659432210727589
-0.231707503337245	0.28350328265449
-0.146947812552076	0.130146676148514
0.0570495913628384	0.0600292731677234
0.137171865992123	0.180607120427521
0.0628374735830076	0.0625050057987728
0.192523573903725	0.237150465403794
0.322738308863903	0.547849606078729
0.0333856531352076	0.036993551514889
-0.191398725687062	0.234290409241059
-0.452247906878637	0.849069955172245
0.238274112515449	0.311040924802728
-0.586013433464463	0.805839771806839
-1.033400531824	2.38334498344725
-0.12100300617601	0.10764800936119
-0.0522395880339394	0.0406461520882526
-0.35459873716566	0.430876676024362
-0.0941864878244783	0.0952912925835217
0.403889027300912	0.554208761782271
0.11641099929971	0.0987695099534259
-0.325532264710238	0.320088995973353
0.221670413554863	0.180676095604618
-0.0285384101348518	0.022355558457073
-0.552781904869683	0.858261675044621
-0.0682521072469896	0.0654016699388364
0.29252971586207	0.424123024127793
0.421128325990321	0.786297240250834
-0.353996586286963	0.429731327822663
0.00929117978614139	0.00809003027856484
-0.198138358877783	0.209204638653488
-0.0461222569607692	0.0469691555117068
-0.58508281718516	0.701891441244817
-0.107445266925151	0.0822548647762746
-1.51343454531392	2.24535913118744
-0.325552868235619	0.320166048256853
-0.658942737126193	0.622376934191527
-0.176118532473745	0.132076880870444
0.301344370799203	0.245617339214261
-0.413708678497943	0.320841292921872
0.402478841315873	0.431107068291911
-0.653144784697796	0.659332134041213
-0.417779342656162	0.505564194409535
0.481528976921163	0.500650906640199
0.0833312993184489	0.0557999793428451
0.477804100387475	0.514095834691757
0.155826753857668	0.126944683823717
-0.498697253832874	0.629650120723863
0.154868279498215	0.14684288040119
-0.31169099994732	0.36160480795683
-0.0534167539635796	0.0571874381980858
-0.481422197464695	0.692734464269722
-0.112461555273103	0.113496097834687
-0.245944735125902	0.314120177552068
0.00676736210462246	0.00627839585697503
-0.00744616587458028	0.00678654156169382
0.213397055732631	0.210597782116857
0.0600161634938006	0.0544064257406469
0.175156566072582	0.177509829446533
0.351699122470197	0.444486530413093
-0.713411789489313	1.05961438901302
-0.17556522105828	0.154732315930289
0.154994319302334	0.147022744189295
-0.634975645985218	0.797133521578463
0.851220455843531	1.34496730981054
0.298081706226936	0.354775417337413
0.696447653630919	1.06187902594032
0.464656554491708	0.580498177845379
0.452593614893536	0.655649447622096
-0.105541950703149	0.100437221823902
0.00909917516227709	0.00949803258615126
-0.222010449872577	0.233770248727523
-0.21508411751773	0.251286650323935
0.184893491716794	0.221691197504268
0.494485464048313	0.787811490189898
-0.880464215676047	1.30023019862239
-0.579104644310624	0.475066626403946
-0.966942797217092	1.0675801720725
-0.176662703246214	0.144519924105875
-0.176745445455702	0.144596744730324
-0.0522607623645552	0.0406620575498937
0.491066507690182	0.474268099677738
0.083026372872784	0.0646952794378389
-0.752524321040079	0.938727350182839
0.0632853962710059	0.0470457256385718
0.143698772047199	0.131585653408423
-0.533283013651565	0.610161842760859
-0.207338461846841	0.181745240326525
-0.933970131292149	0.913864241707956
0.221550584680624	0.225928480566865
-0.0682825987048047	0.0654343991945493
0.0453225741953226	0.0396500628165642
0.05075189060253	0.0489133194136115
-0.0357843162929406	0.0344906091610794
-0.00763195010103806	0.0069545941837859
-0.905130102994638	1.60382691374053
0.319036305424956	0.442579061647204
-0.197918839240581	0.208955470032641
-0.26726692912202	0.341082500757326
0.45131509599715	0.668822047200386
-0.0905532053729933	0.106011971564392
-0.0360314702410881	0.0347352614297533
-0.0612675693426292	0.0622564445156899
-0.775371732688995	1.10395252695408
0.242068084369736	0.214706143561628
-0.277039291953064	0.290113445660433
-0.175491147349855	0.15463255562425
0.0727873074657286	0.0682751169894347
-0.729624583263754	0.997280925151946
0.182203066049578	0.161252048623674
-0.524898082073661	0.537398996487884
0.111946305870654	0.105613370037569
-0.548720089895177	0.788005340248259
-0.342788027165726	0.356872805307476
-0.0247177845530855	0.0264478228178244
0.403956345126513	0.487543415711004
-0.245900471819685	0.314077081801048
-0.175605338555878	0.185867594376497
-0.326232293617476	0.279952586454806
-0.17589938277555	0.131887732440733
0.874713866550428	0.879621645016318
-0.217452189601796	0.161116070471731
-0.801808408102043	0.848128932209231
0.40044470479921	0.400412287506984
0.403004019130799	0.445745493762929
0.576993849334294	0.601527251969097
0.313255655919604	0.278386516754363
0.567371898426783	0.61264059583272
-1.06757087432184	1.02960559429657
0.485718269491289	0.487179935438427
0.301703111321862	0.368740252331893
-0.422610148683054	0.609241351534384
0.140378615686368	0.10935982475722
-0.339643367063462	0.432419996272009
0.649660660570547	1.29321052362724
-0.236986135387282	0.276560750345818
-0.587220124406965	0.876777530563128
0.161115915800153	0.177558029908218
0.642652465007454	0.929670623641075
-0.387605824958992	0.537154567924313
0.0451982519241385	0.0461224317045822
-0.23178997119151	0.283611441033644
0.455857584958321	0.630116360276473
-0.450941999236292	0.64952882533917
-0.276111628836437	0.337089815806222
0.40394430324059	0.514226455873141
0.58631898918866	0.802467232877364
-0.176712165728201	0.144563040925018
-0.0863532955422492	0.0824727306193257
0.902065333230474	1.7959749420301
0.140291664257484	0.109292144434577
-1.16017018836095	1.62090482522725
0.229227318876014	0.241271136286963
-0.0974507743033797	0.0870440016954568
0.116295953547251	0.09866707543367
0.153516311620144	0.183087965664006
0.538210315146584	0.900697749816187
-0.122288427794748	0.143325772691139
-0.626105125001665	0.933024571386067
-0.31173897881743	0.361768491707138
-0.298900419989747	0.237697708205345
-0.471825593430279	0.485707341360136
-0.282264446232312	0.244213971743914
0.497303000936201	0.461850728353355
0.577319126138756	0.602022114044393
0.0699613360884218	0.0591799185086637
-0.708993917812883	0.801172532030009
-0.325661830920564	0.320331062538335
-0.0627578962701626	0.0442776535301888
0.0508377804545474	0.049002754793217
-0.217538298780978	0.161175577133584
1.58002848720949	2.71283110433857
-0.85258218567443	0.785881930049397
-0.267421503275559	0.295797199747365
0.258406550071765	0.313704780589077
0.0853825790246597	0.0750455162396537
-0.645517866818857	1.18893075074114
-0.0910395422203787	0.110861181941922
-0.344435402908817	0.55096643319784
-0.137866006232892	0.16856609758351
0.233865005046704	0.336279772910958
-0.08833222922634	0.099037834202978
0.298106735161127	0.354809361104926
0.357242305873667	0.48666915374527
-0.0685602014079132	0.0656994314056668
-0.156787802253257	0.175220225962183
0.154980146336921	0.147004193553238
0.35189071551787	0.444852108112317
-0.804346915549636	1.04881487571837
0.45783404700162	0.617622971370515
-0.854221206186145	1.1619396888872
0.152379657901812	0.163125402762248
0.0853859311831757	0.0750479204611578
0.140421833819028	0.109404273443709
0.0855827664816518	0.0752206875694438
0.0853228032493503	0.0749916405292871
0.960351288293467	1.81133965614679
-0.0437787426834425	0.0368917808736364
-0.152452173228559	0.15292753831809
-0.0902584157648229	0.105649896173608
0.0332656544131755	0.0329134752442275
-0.0119610233561734	0.0128019878900646
-0.0632993275499008	0.0767844165646418
-0.308387807356298	0.322047272841801
-0.267658051838821	0.29611848717669
-0.371955261520069	0.429696040163365
-0.218592799028891	0.242976268385648
-0.131816654665166	0.132664437248914
-0.175090314581425	0.175092704968556
0.122815714838535	0.119746304081984
-0.17538400532069	0.175413902500762
-0.348243923224651	0.32023172341103
0.0242808327064609	0.0218978760208708
0.34578224704223	0.40311196700241
0.133500135963903	0.134445276872337
0.404107776213359	0.501231489639087
-0.490164348983365	0.761742623387707
0.117166612193457	0.124638473290965
-0.325342332595687	0.358156780926124
0.608493219086155	0.962129810265188
-0.394644040144202	0.432357913336673
0.23566925884951	0.255600646199726
-0.32499132519044	0.357701537869691
-0.529718376167202	0.574720818295764
-0.256285663590672	0.253901544503005
-0.131655260589283	0.132501419641515
-0.880641007881776	1.30054945455121
0.601650236673107	0.971378055872779
-0.024339454921682	0.0206077364329213
0.111599415346395	0.105281126757305
-0.131791555045998	0.132645785522991
-0.0392905904104432	0.0355343007791422
0.0242557698518046	0.0218715238967667
-0.149503764007964	0.141264830853739
0.0379565952655507	0.0354108597473616
0.814898470399567	1.49105641444973
0.117021430434541	0.12447771858274
-0.63159325181956	0.829895501589517
0.298081706226936	0.354775417337413
0.126818759338267	0.13891341544049
0.183673157088314	0.191968880347477
1.14812097006769	2.36193528254609
-0.035861081059659	0.0345633075021662
-0.533224552161893	0.610138422908749
-0.260054000509594	0.302918998827539
-0.406130947385902	0.539143772487846
-0.202449012556783	0.189766221286959
-0.305880813625112	0.28298307275623
-0.242670275181169	0.211440087094734
-0.175497391498157	0.154667314936894
0.0532533320143621	0.0432837137915575
-0.175524013787976	0.154667530977867
-0.62086804626404	1.03529268455084
0.589478659111863	0.992119044814626
-0.0532857179066319	0.0570427405038905
-0.427173551613264	0.54122262081748
-0.384817811821306	0.466647542773311
-0.444649201115495	0.511496716131726
0.116228132957076	0.0985982632383461
0.0242075410260995	0.0218335194480959
0.913575438350256	1.65042659047697
0.353436918281949	0.458198883963223
0.259863303192008	0.248828478288697
-0.340212445373181	0.393672636492437
-0.719783171427679	0.767608928160328
0.608307679650408	0.961649991800785
0.143324654318325	0.148900502601494
-0.267517414380694	0.341646441493778
0.144774243086735	0.167886842784131
-0.624246942912757	0.967295700994281
0.9833051881115	1.96814544452321
-0.156742932576793	0.1751269507958
-0.196692829619578	0.219058391921184
-0.214978706630709	0.25115198795807
-0.0173517122364013	0.0177103359093883
-0.256379612200259	0.253997601356755
-0.444247238195241	0.614442614898414
-0.0614049962664586	0.0624225130027087
-0.325039938013899	0.357788357494198
0.143449903761081	0.131340527171784
-0.394640743907033	0.432378511792098
-0.226741965123446	0.225356952824673
-0.690473089301134	0.863980702188296
-0.994235045733459	1.51999594916694
0.337137755215201	0.359271087807326
-0.377838780945091	0.502142551898251
0.502591210523784	0.749952593487884
-0.202677062720068	0.190097356058568
0.165545354542045	0.162406745907464
-0.584925192207007	0.73608955458622
-0.0391521496938099	0.0354062264117643
0.40650122470396	0.612615987573742
-0.394526988491725	0.432161971257723
0.206238641855109	0.235412061816285
-0.0244733969356685	0.0207247854510107
0.242013417621923	0.270371398307556
-0.00683561064771701	0.00581490874435374
-0.294667765609556	0.324975202045979
-0.267438125602783	0.295846873883014
-0.112547375829552	0.113599456440318
-0.0243993147562099	0.0206615692659795
0.830604690482827	1.49132240207652
-0.105762237078697	0.100650281199308
-0.259818490274506	0.302573357323902
-0.174833173068175	0.164597462738844
0.0455195755210644	0.0398293241234178
-0.339745245047038	0.432819633784339
-0.105338178127862	0.100224251064405
0.34583956720458	0.403200732977343
-0.0437962120060652	0.0369099483066364
0.40395785309461	0.474051439201452
0.399698611219441	0.385168891994439
0.23593031328117	0.255961091075564
-0.0683326561899793	0.0654798796726864
-0.643633012861079	0.731086016567874
0.273751062501795	0.280819133961437
-0.176446962480347	0.144259426839669
0.182299348665343	0.161275164993701
0.594158656103253	0.793267363677412
0.579909133217015	1.01663454777263
0.130607546107886	0.115227335810881
-0.175294293600488	0.175326781163262
-0.0243993147562099	0.0206615692659795
-0.585311779447457	0.667435275283489
-0.584912409980413	0.736053825975275
0.0964969310839904	0.0965923695352614
0.282782135451919	0.390324391468157
0.404408529673268	0.581356734064081
-1.92549906962977	3.33682341725871
0.403959110072544	0.48759681003061
-0.358235686579712	0.393450176621151
0.099249557860968	0.0904526012804139
-0.536553826077082	0.645302630391812
0.566052505977567	0.83181196229382
0.333227583179846	0.343668482719731
0.0295014328353598	0.0248733441795871
0.565706559380964	0.830859194287615
0.353805455824062	0.458800896421548
0.152656538981318	0.163391966670226
0.175123946634164	0.177483019463411
0.241783894314601	0.269999774279268
-0.377801393955473	0.502080894209781
-0.135947461171456	0.144597445611222
-0.371995460414313	0.429752239500751
-0.994080102886477	1.51972983976519
0.0120457330582555	0.00976773598503202
-0.0785065858112317	0.0606171165351739
0.0828436312721571	0.0645519251223673
0.403506489164777	0.460060894010338
0.0201543652066224	0.019308442065489
-0.242393519441053	0.26882913501726
0.745095677113889	1.3552964806367
0.864778494448147	1.49330551909689
-0.624487428387748	0.968024576287119
0.213780696173155	0.285019105483534
0.278376071455309	0.37483372566695
-0.155166742887101	0.16467687513686
0.241510910202673	0.269481026325597
-0.493217369877659	0.594473323922185
0.0571970270353433	0.0601898946075064
0.191913754949027	0.206805476232428
-0.259011916834958	0.344963002894231
0.123068588472073	0.120033537090725
-0.586943534855432	0.876133484313806
-0.152354759696784	0.152834503905004
-0.0862885337859389	0.0824027550049527
-0.226534315190489	0.225097420706364
-0.69059649146647	0.864549306339315
-0.0395089598661675	0.025056610537209
0.0829543532098465	0.0646413281261662
0.116434624642896	0.0987851677697452
0.544895862753375	0.647611396759825
0.456062711761715	0.630313254718776
-0.0227060371672751	0.0206168089034055
0.66437384957736	1.07974201315163
0.00951102022259776	0.00828234647879494
-0.0516150899770865	0.0496180877935185
0.351829516659533	0.444754697421087
-0.0357116717132822	0.034414917546383
-0.13587280829428	0.14450958301343
-0.246246941505373	0.314560530542928
-0.671767166687042	0.959547358270032
0.0330106153055311	0.0326593352501983
-0.387570876142852	0.537125359415908
-0.366804975634313	0.466591195779395
0.348088991632216	0.417150516930434
-0.218961279612715	0.243352325606641
-0.0612924832191246	0.0623054664031334
-0.325414134148728	0.319960842500689
-0.260355547735139	0.303323525372504
-0.339599924732489	0.432526907781257
-0.00818551931871176	0.00527638130083001
0.538896526088721	0.659466227787088
-0.115094293064442	0.0954358286865191
-0.719653056135599	0.767329384359328
-0.584847926797457	0.735937072325278
0.143355198104424	0.14893036678455
0.123036005474124	0.119996017816917
0.155649683127863	0.126821854967406
-0.0513382319428311	0.0493346990542155
-0.138449683848734	0.154931747168718
0.00700214777156501	0.00649414201533972
0.100517012950103	0.081815294892428
-0.707078251738513	1.09254644583778
0.298095406630309	0.354701726418216
0.40388636320504	0.527620311286468
0.337061759934171	0.359174854128022
0.191874739791557	0.206749851138633
-0.406136442669965	0.539079738481516
-0.585157508206376	0.770354748268487
0.267293060057103	0.265094460051017
-0.00716391367853958	0.0056453610659386
-0.0568678773659352	0.0512186538877777
-0.298926540829573	0.237755093879406
-0.444325918978598	0.614549897960222
-0.551201639819277	0.823675287177492
0.0344813043356423	0.0268600874900589
-0.325617640348023	0.320282933595071
0.348178934287896	0.417352341914264
-0.406661014958588	0.468665832615018
-0.0388023033637492	0.0350682203264105
-0.444584905979838	0.511296235073745
-0.0569903897275743	0.0513218036833852
-0.0390629804906592	0.0418280105935131
0.142960780560775	0.148430624515313
-0.311536078194099	0.361478764099501
0.926003738079889	1.9514694244855
-0.902425526926017	1.27841826569567
0.664707490162479	1.08069653213317
-0.289106309790628	0.285314160514349
0.135668459036287	0.152925710480126
-0.256480109752127	0.253980067411592
0.452485731480343	0.655428614223224
0.905168433958045	1.50166851115836
-0.260502040998013	0.30351493453089
-0.34586104931963	0.498592972061064
-0.295125246301269	0.325706013073759
-0.259954147773679	0.302819347620456
-0.00911114709623453	0.0065699635116701
0.52810828647335	0.682444680133741
-0.202611523570967	0.189990527520704
0.16097690134887	0.177434203657015
0.457766972534657	0.617383992030426
-0.509745617261128	0.702656694377578
-0.336495688744323	0.466282079737697
-0.548629056969873	0.787643307061514
-0.0838224382724038	0.0895704727099741
0.0741936292263141	0.0760861553612422
-0.960505714333517	1.69820205898989
0.12296244625712	0.119915233810982
-0.2531434232585	0.309332139226082
0.133437223168173	0.13436395113566
0.361757676369902	0.517399336249046
-0.00932149719843992	0.00671975143200424
-0.26763351580762	0.29610175075162
-0.667584882830884	0.993196186396059
0.736474394114927	1.04750685891911
0.0449926856802579	0.0459061931597174
-0.54265065787196	0.715266543954514
-0.0213931264380855	0.020672593964685
-0.0974649259585515	0.0870580692801011
-0.17601353868972	0.186348167002969
-0.805355801480366	1.23997126769282
0.155057319488108	0.147088017738586
-0.52965289047421	0.574620066586727
0.472294886918854	0.541800005568615
-0.719739672466919	0.767435441902361
-0.00727441671285171	0.00662780066632288
-0.17607623141413	0.196389727079898
0.038067679388171	0.0355177773718331
-0.377904977680196	0.50218157251704
-0.00668836681435601	0.00568990138741254
0.191974999707778	0.206888516291052
0.0960532808873821	0.0961086036476602
-0.680013827893123	1.25257846478114
0.350240901838871	0.431268106703214
-0.174730551046972	0.174672066137269
0.106924448552031	0.110355756768751
0.142910894472916	0.148374655299996
-0.499323623726964	0.630549607454919
0.192005588358348	0.206916001843319
0.847272895960486	1.49205293573363
0.191863706049161	0.206765215870961
-0.37229801023378	0.429747482854849
-0.54622043893802	0.752423801744295
-0.308268380421303	0.321919005549177
-0.395760289822693	0.502387629176563
-0.0975769008959801	0.0871571688290516
-0.354492904741913	0.430757261563678
-0.897235938642563	0.939821244116649
-0.453336522516757	0.547394923850329
-0.0887504741294921	0.074013016093887
-0.247989714459747	0.260364788622738
-0.539685960336691	0.680299681676903
-0.699226004499027	0.833434727162141
0.117019209614408	0.124471447612949
-0.351389400719516	0.467429063096247
-0.585450754669016	0.804480294956836
-0.0762984696403043	0.0684433152661036
-0.389287356413993	0.625078857271945
0.110215318272814	0.133988870951687
0.193551387585309	0.263619091162471
-0.554263172068681	0.892988217890719
0.00930728173130946	0.00810552020015328
0.682487723035926	1.23397112839339
-0.586394678585974	0.977483598361515
0.268274906545827	0.343196887769065
-0.36152464557111	0.501218088568806
-0.629612570866623	0.863870084604003
-0.267608987495061	0.296075760453677
-0.00670446786173434	0.00570369048951267
-0.86023947176392	1.68225150221905
0.404107776213359	0.501231489639087
0.0192596904957612	0.0195651574597585
-0.156387674149941	0.174678892718654
-0.342947056623705	0.357025949904288
0.502877963194015	0.750199725483141
-0.451007236198677	0.649567541603042
-0.144605670405873	0.119140431237972
0.399704247347247	0.385127023877231
-0.818879812563384	1.40635533096761
-0.022569711623504	0.0204900402494084
-0.729738070824052	0.997818496513494
-0.376270722088246	0.319931949339747
-0.233277393265523	0.217776619314086
-0.394668756475002	0.432367452257819
0.0851442516745484	0.0825595129130506
-0.226790857736626	0.225453573160172
-0.236801461520152	0.2762761758747
0.16575943776491	0.162641358668834
0.0764777308394446	0.090009338785616
0.178470266567992	0.230902186597583
-0.105623563739666	0.100520020534928
-0.291074013590672	0.40332991407239
0.411619662018043	0.67886689488831
0.346060742645375	0.40348027865159
-0.290184799513309	0.370339500286101
0.176808209045405	0.206162955631565
0.405198013137909	0.596786711850931
0.00896484802072142	0.00780383758353224
-0.218844895955816	0.243275282028268
-0.307973398467032	0.321540077623329
-0.194701636522619	0.227846985749468
-0.194457206678856	0.227398358760636
0.351693468732378	0.444480873486033
0.169295424557299	0.192005568790815
-0.00744616587458028	0.00678654156169382
-0.242065360813042	0.268458070888458
0.0573096410624997	0.0603080788357752
-0.0516039823808254	0.0496061206712915
-0.517451935553417	0.773646428121392
-0.370099758296427	0.533459813869891
-0.0943164436737385	0.0954220699130266
-0.402787517410012	0.603229194220071
-0.280067311969838	0.37290324940951
-0.044169434091004	0.0494490920460879
-0.18897363856802	0.268843567472071
-0.120630625270867	0.135071889973144
-0.326036879449403	0.279740891935281
-0.217390097066543	0.161055583465922
-0.579359558285776	0.475463311637417
-0.144337072491456	0.118936189304073
-0.21267020427943	0.172544540860179
-0.0759901810388443	0.0681244235489471
-0.175920059883473	0.196250735361145
0.567333194830951	0.6126558615366
0.229112672160727	0.241145564685597
-0.212728154709746	0.172597522843799
0.0294416013678014	0.024822567539963
0.737781204554805	1.53547621540369
0.675411114509504	0.907790335469274
0.302766034488356	0.460598246440143
-0.105728814777757	0.133886161658491
0.183673157088314	0.191968880347477
0.535125127251142	0.914346351141307
0.0556339701874266	0.0652700432551509
0.0994839132098267	0.0906306102972921
0.407063455214948	0.627586263611773
0.306670954870498	0.477384527829294
-0.550886350488197	0.822760068262181
-0.32531384891921	0.358186698107884
-0.406045346913517	0.538971407895513
0.361661664809348	0.517224125679759
0.169335274644182	0.19205065667003
0.126673754809479	0.138758752891694
-0.131493839809757	0.132315277195493
0.13584172023758	0.153142297133689
-0.32680496358372	0.397820483147003
-0.496920181689562	0.85623724801333
-0.745304915429439	1.19433750379327
0.0899891948327766	0.128673251047046
-0.133179238468657	0.193922481834189
0.334267488120018	0.510682761619188
-0.25533805754915	0.429358786609335
-0.49014677868888	0.761825691601692
-0.383699535224929	0.595316545277036
-0.583616628412319	0.55641461520282
1.12026296833264	1.25702315203014
-0.0759270521319743	0.0473049630283594
0.155467156570733	0.126641577635832
0.104902541334197	0.0741297566951185
-0.0244764408728413	0.0207269564010529
0.399374730174892	0.293402523050655
-0.322096027819269	0.231968199161496
-0.139714348764942	0.105913617581384
-0.461941509756062	0.447436107084494
-0.729778191062036	0.997841167125324
0.0135701982335439	0.0101054048882599
-0.822767564411144	1.02262963143096
-0.957500580295051	1.23717717014368
-0.585291045984754	0.667492949467157
-0.281832906415581	0.243691227213505
-0.326563783934897	0.397537979841702
0.226398455519758	0.347166567584767
-0.105754258970619	0.100639911178317
0.31924390306777	0.443106032656195
-0.36131772635891	0.634005226122659
0.156922481846461	0.272817559313437
0.543769075557961	1.24907984751276
-0.183001469554671	0.277668336889991
-0.0930347635873764	0.121812262567217
-0.165504756480503	0.219021254966527
0.696332963022903	1.06146776976419
-0.32586843685128	0.56976019002912
-0.104998477866804	0.122781312467968
0.0660015819769461	0.0834561341850348
-0.169645511406636	0.216285477091799
0.0848604170413161	0.0822483775640179
-0.496783358166691	0.855672333077091
-0.0860524703805295	0.0821686764704962
-0.422529430791279	0.609026338010088
-0.620905651932675	1.03536486889912
0.639934445035323	1.32169223913485
-0.00727984423978481	0.00663403483465256
-0.159184167685528	0.225436706142676
0.13028320003851	0.189897201047647
-0.0785012728982757	0.0989886382455638
-0.336885144230161	0.46698123939372
-0.481465958302615	0.693037670320314
-0.481615483587957	0.693262392470375
-0.498748447669178	0.939877367199658
-0.42907190178641	0.642593944893159
-0.481389053251824	0.692802116216088
-0.0928789109315223	0.121582664050343
-0.75790917585993	1.57313005147909
-0.00707553823765786	0.00557803849398367
-0.100532689740455	0.0534621458761021
-0.674873072019471	0.545745098121915
0.635731621631183	0.565012286356702
-0.351950733377261	0.276612785841769
-0.653647603974147	0.66007976754343
-0.26541832701241	0.193940996943871
-0.242703627745758	0.211475629166598
-0.322032975668386	0.231903465341743
-0.146879011669665	0.130078368164474
0.213105535940262	0.210255969387601
-0.207336420570803	0.181752152660629
-0.58483457710497	0.701549460552318
0.0828599021398375	0.0645463301251088
1.38045956184633	2.04331815877068
0.404079065231286	0.48779603758973
-0.0977910706300505	0.0873619725853542
0.715407686271237	1.37716930132963
-0.444617603712095	0.511426388228751
0.699440119182256	1.39655720899614
-0.603562056944487	1.21264707260699
0.0131925783425402	0.0145659199305676
0.388543258493143	0.707746413907205
0.311381131435567	0.495972831170348
-0.553576651685559	0.986151936683091
0.0559365097608518	0.065650723196523
0.116060297473562	0.133929384947405
-0.00687417922893221	0.00826547788404159
-0.584035623529878	1.04127508647122
-0.997814978404358	2.54329913810652
1.35562684250117	3.33382875778455
0.0963665769473747	0.0964494076351146
0.357497353757583	0.487185656685867
-0.242312838288244	0.26875696970847
-0.314136618052676	0.400547364078562
-0.406321588636459	0.539469038361625
-0.316753180696397	0.56923502637434
0.0551903077871088	0.061373212335891
0.0970913753693722	0.120818532162256
-0.708261504908356	1.54927859569032
-0.33669420593562	0.466770047498972
0.084541048045709	0.118578926801973
0.0298319108102344	0.040543144797302
-0.0927051107282513	0.121340095286283
0.00122559024248469	0.00131241169081909
-0.00742675211566714	0.00676900846671084
0.085477861140158	0.108640723674768
0.0665508204287808	0.0761914335349018
0.292545989783757	0.424044418691346
0.0436528590564322	0.0471308149250995
-0.0953107093916287	0.129215935903126
-0.344338781009411	0.550811893186199
0.174960411512422	0.177278108829986
-0.576979499479811	0.434315794257747
-0.57940067199644	0.475491171193195
0.721853964267396	1.05117750060438
0.0836143359602563	0.0559953690438363
-0.207355397907719	0.181733783270936
0.196574720155468	0.145796966263335
0.504630078138919	0.449236167013076
0.735665597305901	0.881988217754878
-0.348343770387924	0.320326348950027
-0.0975877881673832	0.0871840012232858
0.702234766663583	0.893659361962419
0.278186495723263	0.374515001763495
-0.120974975186032	0.107597823753133
-0.289189932961517	0.285546453623042
-0.0653078399036735	0.0547662098268346
-0.138452448431178	0.154946942482806
0.100064430948797	0.118313573033857
0.279739553401687	0.296240837765915
0.282521347557545	0.447379088490274
-0.406159375077247	0.737670648241533
-0.593952905985817	1.32291727890149
0.487898689669307	0.973250813328173
0.485646043360348	1.01886819499611
-0.205431116040181	0.292925869011293
-0.145925060005698	0.213194463013929
-0.238404925204825	0.317211370730119
-0.446567942099201	0.933715913703684
0.0550720503531898	0.0612366621795064
0.341236396459648	0.545635201303102
-0.135821913102767	0.172599431497612
0.16551398041043	0.162377049154676
0.0193380831038955	0.0196455512723259
0.00668164924878238	0.00619900037072306
-0.241836704056849	0.268037908880833
-0.13851485296694	0.155000287117422
0.00673692987715112	0.00625024602180927
-0.311885976956648	0.361814372671932
-0.0166133542823579	0.0199992886163492
0.680621802186532	1.43681154461046
0.220011575168236	0.2652598736873
-0.366078784833608	0.58658044010923
0.204386926163184	0.34505399758388
-0.0225894175090819	0.0205051343998985
-0.386116521720188	0.699648534705007
-0.337023191143088	0.572917031797245
-0.216013795380321	0.318972340915943
0.235987422402668	0.256020383292585
-0.046166565546856	0.0470194445496152
0.0254788312331144	0.0289652275484417
0.206693921950968	0.26851831782156
-0.0211333744877714	0.0204248038110525
-0.249952095619003	0.370616148645806
-0.649532372480352	1.15839395656865
-0.360455301317287	0.558533213101673
-0.104285377843121	0.116862495573104
-0.322626093928408	0.464743704207659
-0.253035615812654	0.203341114949467
-0.00637557637037879	0.00355970996600095
0.163584195930917	0.108799843938814
-0.53995986513287	0.68085756409873
0.242201410397855	0.214856972470571
-0.0783625382753795	0.0605052261923565
0.123652750327096	0.0918687990006859
0.602034567936126	0.582427109992227
0.937995333154144	1.20206788072969
-0.0628495262319344	0.0443512997984772
0.0293360886173838	0.0247287395276162
0.702460733229364	0.893822057504784
0.674907051311135	0.731022788339599
-0.389984373105749	0.276377432670347
-1.20395865122608	2.0365716213239
-1.81279237335384	2.51430166129301
0.403537816826244	0.46003156713338
0.353738707309904	0.45877019183523
0.621407588224089	0.764514313832369
0.160988542450008	0.212937480329777
-0.475173505318581	0.894318443881033
0.572581436320827	1.04513747180543
-0.276647886094603	0.452661973146596
0.315634655524459	0.427447204340534
0.22759048479597	0.319222872590563
-0.0680040214406058	0.0727122015469877
-0.0728017892569176	0.0815944141684129
0.160636613284674	0.227552492044063
0.115695256084089	0.133509752753319
-0.361518423106253	0.501190983519154
0.932847169825046	2.11131840526079
0.0327281144095236	0.0323611496877942
-0.366871170133962	0.46670672194334
-0.0566716736853638	0.0510263280091367
0.783382830912218	1.6652495929909
0.0437653088092506	0.0472584985320542
-0.0681661275843012	0.0653078855996855
-0.115135981005272	0.0954673027906145
0.0991866435845194	0.0903872421141891
-0.456836666437215	0.684289714161207
-0.103590165565199	0.160507832032469
-0.19954131745985	0.38295191586122
-0.122952442290268	0.179030405852943
-0.193764299569738	0.303568081414492
-0.175114148883947	0.175151035521009
-0.214903796690995	0.25100715086709
-0.120434388564421	0.152792411655332
0.454766077104936	0.932892674048928
0.449807070761839	0.776537605172379
0.870134256742997	1.79377079396617
-0.0660268371488974	0.0830795588660051
-0.0304481936104525	0.0340403075736286
-0.200481715603221	0.266253539333811
-0.524692599033148	1.07579011198319
0.363903520772452	0.53285866037528
-0.0978334764251551	0.0874077574051995
-0.766281321352695	0.662925995029655
0.100445439503632	0.0817599112857032
-0.902280466831449	1.27823107971962
0.318935869589147	0.295014896492749
-0.0681214997354136	0.0652692631092631
0.588430000884086	0.591223335459115
-0.852393270064865	0.785621271260328
-0.207471680451127	0.181891112921745
0.289704220495775	0.325872920367311
-1.20392696585938	2.03666631234652
-0.256427444365075	0.254083717454596
0.0853510015003361	0.0750123595863161
-0.212619627852442	0.172495534098922
-0.202601045089664	0.190013213598463
-0.267707235381525	0.248928632520366
0.0963554889751685	0.0964491148382942
-0.259371288376635	0.37196940890288
0.404081826721732	0.487859870377861
0.214256813738428	0.314017418228613
0.487238219053811	0.988850463553327
0.488410065514145	0.883517669763217
-0.116380978633215	0.174973048976565
-0.205939091752684	0.365121491500041
0.413034740758172	0.696151838335422
0.49477145751164	0.78878386133402
-0.177768370993397	0.244118669105086
-0.189192965529756	0.269232390260643
-0.330925147247129	0.494363510382251
-0.0771968639330451	0.0938552170677122
0.449874028816617	0.745434295363323
-0.214735287472065	0.250566681377827
0.087094710038777	0.105436305661544
-0.414839541820487	0.574265757736426
0.19918569909084	0.251843330360957
0.881162076200773	1.95421024397778
0.0505417062072143	0.0486993319218878
0.285296828545854	0.31156280916322
-0.0242765171010429	0.0205551151829776
-0.524406044068491	0.875062343449595
-0.361472447004933	0.501131581659722
-0.171117003461163	0.250901430698725
-0.119441721702885	0.157027671059803
-0.376654435920114	0.643264724885782
0.0241420793766174	0.0217684359790765
-0.0166819428704674	0.0200820886733768
-0.218685010819524	0.290582686053781
-0.173158050181088	0.212069675834241
-0.112089874589567	0.113098149392228
-0.49679272394708	0.855891849441781
-0.120453450649984	0.152838600729826
-0.302370371368819	0.402447323702876
-0.119179072490057	0.162141062463913
-0.465582336792769	0.749757568280428
-0.438096805274006	0.704470114201838
-0.586456198072407	0.84087707801184
-0.402548710081049	0.602961323544347
-0.068383311993048	0.07314448521218
-0.0513880731362745	0.0493863491615226
-0.176673524872822	0.144533156049907
-0.822579520082458	1.0220444201303
0.182203066049578	0.161252048623674
0.481346415867066	0.500447712648715
0.328671825758893	0.327350318473549
-0.643566041458338	0.731013916701746
0.807125165706237	0.876064091324464
0.333273590578671	0.343697071459994
-0.342795017382941	0.356908323554435
-0.585809883611185	0.805578843104278
0.123645867442781	0.091877566031278
1.00896251786662	1.68364885824815
-0.207401941001975	0.181811371898043
-0.342836516136337	0.356929766675922
0.40357825160875	0.460149369695135
-0.656909188245481	1.09423074326722
-0.00736011845395506	0.0071303612245974
-0.384590021834153	0.466294019633985
-0.189541388983255	0.269746528464295
0.12535730502374	0.148811872443665
0.368710448456183	0.565801738458239
-0.960855209496704	1.69948442770629
0.341016125262015	0.545199574093088
-0.469207630536461	0.620967904074986
-0.58409863616039	1.04170913404132
0.0450618713531242	0.045973042622831
-0.090405434983046	0.105835009870414
-0.468861866051413	0.620370204365144
0.404171623573027	0.567985876956184
-0.100469906657917	0.107249790037166
-0.861890959566259	1.32445337085861
0.00639514574245642	0.0062977589968961
0.925998763559674	1.9515549394714
-0.690732611704866	1.19101439314747
-0.0860690134702713	0.0821848983549987
-0.276333756234392	0.337362536633772
0.00926305729786845	0.0118556747496834
-0.105827459083799	0.134021880155774
-0.0612464562416771	0.0885625876080345
0.00249712454765969	0.00301686911763166
-0.0724537788727405	0.0811696316802697
-0.120647821001943	0.135094779625779
0.0135484180395397	0.0149647062944919
-0.496978836613905	0.856285831230143
-0.267830169496777	0.424250567892141
-0.0773104804059279	0.0784157553335308
0.170253052710521	0.214442468961088
-0.0313887963293504	0.0320017163032584
-0.807574465639717	1.4356111000261
0.323104843203253	0.459459956160846
-0.139006656404651	0.16293845074614
-0.479769293678885	0.522461406156795
-0.461444279801589	0.717201144883107
-0.225624026845796	0.288273136197844
0.10627434425427	0.119190698744364
0.0852806052218641	0.0826866345937312
-0.729952673379597	0.998279027251714
-0.300500975837864	0.366379968824412
-0.517634593257427	0.774131445420455
-0.112342174072971	0.113386915801691
-1.32632321777066	1.91279967141995
0.318753341081774	0.294849201216238
0.0118281591649515	0.0095889708627469
-0.394744595711413	0.432494747449255
-0.339705913694703	0.432749135006232
-0.194661467645063	0.227769864577975
-0.343009089606943	0.357177757619884
-0.905623321485701	1.60519192475093
0.0451055014187575	0.0460305925380655
0.0969851229191926	0.120644076632568
0.502447806651812	0.749558259989622
0.404158871398387	0.487987590231039
0.0698233460579705	0.0590409176159896
-0.0683742052469045	0.0655172396101405
-0.246134402847154	0.314441428352984
-0.0461141907734521	0.0469628315270551
0.594450197227265	0.793749795821824
-0.461292771479448	0.583046179746113
-0.4510944692411	0.649757553753822
-0.191511165967679	0.234475615429709
0.298117812136498	0.354745990335142
-0.845849867244281	1.35060532139545
-0.0860035739336861	0.0821076351502898
0.253148542963821	0.299136579856618
-0.0176100228569581	0.017978095825597
-0.351356806340945	0.467411319218066
-0.0172807059770539	0.019286356568605
-0.226735379375414	0.426289284714151
-0.406343015346321	0.738011223982007
-0.218646717595018	0.290590561872217
-0.350119968100262	0.578131597564756
-0.0274946072629624	0.0331609481124176
-0.120803868911181	0.135290370091889
-0.0917172757696694	0.115899164391019
-0.486259068784229	0.727810620410364
-0.0437873776488611	0.0489982883247055
-0.258806447478833	0.344592515541678
-0.238021916844438	0.316548263993663
-0.50451497072093	0.666587240647943
-0.514092072876961	0.73929061563559
-0.46176091637861	0.447157547076804
0.0118973787202344	0.0096455198990463
0.332941611759626	0.343187193840972
0.23566925884951	0.255600646199726
-0.202739064227632	0.190138750925471
0.403919899819618	0.514216502837538
-1.44531799097586	2.50051877472752
0.0294068663829178	0.0247888491287759
-0.305808690136794	0.282908391946252
0.404147967699456	0.514619194772023
-0.668062855555466	0.993635886407121
0.0450289257954252	0.0459439873527047
-0.672060584437353	0.960483862677428
-0.196763625110747	0.219113202936066
0.0509123706699949	0.0490688613799215
0.208010732286519	0.297821296903098
0.22906345550874	0.24107551957458
0.0509180346245602	0.0490809027984619
-0.66430967872694	1.0282356558891
0.0963554889751685	0.0964491148382942
-0.210903293773035	0.258089963266657
0.722835892945342	1.55958249439771
0.115887132726543	0.133748324745808
-0.389057796930527	0.624537872213005
-0.267552034570869	0.296005111255992
-0.394747900730211	0.432503884910243
-0.156525300278861	0.183375596400301
-0.546366353564362	0.752637246992732
-0.222010449872577	0.233770248727523
-0.126257675130624	0.11968914509023
0.133621862101297	0.134563309615456
-0.187273101333433	0.238991694295328
0.213935634445731	0.285298944882284
-0.231721450405209	0.28352616525682
-0.685509359399791	1.22243403447138
-0.35124187867548	0.467177715446994
0.106611111468238	0.136161649621251
0.604200269892598	1.19802762335428
0.115284398634821	0.151084202752257
-0.105354145560649	0.133333622593362
-0.191696413198073	0.234641799675355
-0.422714709367002	0.60948830790249
-0.200032412942541	0.294597526166943
0.0659111913017494	0.0754015563488515
-0.0629304825227409	0.0444087660735971
-0.348022819481374	0.319950169199337
-0.876201150917952	1.13795942768384
-1.21190465413422	1.76107213938404
-0.126454218286198	0.119906309511176
-0.248121947917676	0.26051751235054
0.47773659690011	0.513968160067681
0.242134728696898	0.214794570355305
-0.256307085032535	0.25390214529007
0.253134963575551	0.299074165840902
0.0533561944632257	0.0433674909739691
-0.117404357818406	0.125045470952896
-0.424226661285631	0.438484586813029
-0.434981301603119	0.475186661787886
-0.248047012450193	0.260436879193074
0.191777429747487	0.206647394969274
-0.154864204586235	0.189465175523551
-0.22178218507353	0.23344996779197
0.868687822475568	1.96001522051471
-0.043982908623626	0.0492300136556128
0.333942138040414	0.510155715460362
0.0768580377026992	0.0905157148699943
-0.609831242783913	1.15735976813403
-0.517866027621368	0.774538278214905
-0.285602520315269	0.453728626472876
-0.218844895955816	0.243275282028268
-0.493077071797865	0.594407430203836
-0.0173364779793933	0.017691961454777
-0.0614049962664586	0.0624225130027087
0.206415459965332	0.235549085959255
-0.129528600356156	0.201418548685513
0.220710937595312	0.301943621547465
-0.42754030863098	0.541953732093641
-0.0735623953153694	0.0993665532967998
0.0959335486641209	0.104508628903908
-0.402253786023746	0.602016072275791
-0.453445052091638	0.547573545635521
0.56718956615736	0.612579674430369
-0.282198188136581	0.244182020642826
-0.493122722481638	0.594467289389416
-0.822772672389453	1.02252865191709
0.809167321086792	1.03401474616102
-0.366266821693372	0.358656871594239
0.0344579067344897	0.0268407714275058
0.340482039700911	0.374271399472483
0.18211195545007	0.161142834920709
0.0205108990185043	0.0196597749961062
-0.00921089211792067	0.00664117848536329
0.0453968339870057	0.0397243729198618
0.267197244847863	0.265059068382654
-0.40667829094103	0.468825318368411
0.632184240857334	0.755024890639782
0.762854491277899	1.1971395882897
0.595384205612637	0.981563442290156
-0.358249823309946	0.393418599893129
-0.038710389809405	0.041438572469255
0.792973215606397	1.84555895262582
0.0744302701807093	0.0963681299482998
-0.0772741356807436	0.0939540512542209
-0.0907280977005216	0.110429781395016
-0.818980029924911	1.40638408570664
-0.242128635527327	0.370543696266788
-0.300451186741436	0.366308791724845
-0.0569170421384098	0.05126790711613
-0.45086699153848	0.649311284342791
-0.461505278135887	0.583908246452521
-0.0646938621189759	0.0873700516353347
0.0199479972023088	0.0242888443788712
-0.169595486124001	0.216251124572712
-0.486536926085505	0.558161245688903
0.976638610679575	1.36601336767865
0.155644251934201	0.126813367813333
0.221605537863287	0.180636771759577
-0.305803486372314	0.282907825100837
0.572348588678704	0.821988143732128
0.196591788662089	0.145807592365522
0.042222406123397	0.0299176026870853
-0.342829533915154	0.356966196758873
-0.444471420436365	0.511181200836667
0.313516010341832	0.278629717618688
-0.0784732518294557	0.0605934393934769
0.203918036632739	0.194405632689315
-0.384785410147974	0.46660655442163
0.474999005929906	0.528153748820748
0.323992427507268	0.311310174867273
0.0507326511381293	0.0488976769130611
-0.782847521218846	1.29986785378535
-0.149486505509347	0.141236785444116
0.368807623150755	0.566005133496613
0.00658505906500582	0.00648334348381076
0.0664533674106452	0.0801584297065732
0.102638386027748	0.137023963596876
0.106257931948834	0.119186027408016
0.330313947040011	0.492950098110476
0.407118164980902	0.627749591877999
-0.42120066423192	0.722507740741819
-0.176038834199526	0.19635509819585
-0.0841544435351789	0.0899424082971217
-0.343116111963049	0.357241601628988
-0.683233814873761	0.896125818164472
-0.483629222089697	1.01406519343268
-0.3237039667351	0.51670223995388
-0.185065915612949	0.271847490103232
-0.00406064308258637	0.00414949945207915
-0.37611789372204	0.319830380127324
0.111697733793847	0.10535312418244
0.191691119068849	0.206508145327978
0.130504350691809	0.115134097899564
0.691386873648188	1.22597254613169
0.509839703051417	0.726486286205896
0.399488154552531	0.355545253616672
-0.17581003945847	0.196081029042928
-0.435057514577203	0.475297799370073
0.0571450171809359	0.0601341207795734
-0.221871737842033	0.233587383287764
-0.902383740376984	1.27834699468731
0.403861364399557	0.527576037890581
0.4040333922974	0.487726620059866
-0.1121453250622	0.113166330727773
-0.221562163075598	0.348788477389174
-0.0682290669949111	0.0729750583557839
-0.0390222992866451	0.0352805732672455
0.0849638717911188	0.0898007111131281
0.262024064850176	0.378348349398225
0.29272136773981	0.424383016406387
0.337765458665357	0.528081787144729
0.0997881643815392	0.11793067182027
-0.117612658598174	0.125309390310806
0.282800861362262	0.390324604083153
0.199789442661563	0.252706001584746
-0.0610799596914477	0.062061362161272
0.0685127682409337	0.0742811044089318
-0.456976546234987	0.684462832268683
-0.550255626890424	1.0715659260718
-0.200413159266918	0.26614575705677
-0.1824015771206	0.241754437507994
-0.372028085639328	0.429763138827243
-0.132772706109684	0.187298948517759
-0.120784355895079	0.170082091734107
-0.638853020530764	0.764243572648069
-0.686722096742145	0.508273973989328
0.29774786055726	0.354208054488085
0.538892829817435	0.659458279160414
0.111599415346395	0.105281126757305
-0.146668855425326	0.129816398163836
0.558545123880246	0.623230515098241
0.313255655919604	0.278386516754363
0.0853053311885591	0.074970674167515
-0.854112948109029	1.16189911290059
-0.492877009499867	0.594015874101611
-0.585267537822336	0.667418701823899
-0.414947256896527	0.574493375350161
-0.226562553349009	0.225185413593254
-0.0652733334562238	0.0547364744307993
0.318819834813406	0.294902777894859
-0.100510128205881	0.107282883383576
0.351110824046593	0.598997845777985
-0.0682216379024097	0.065366315786749
-0.12049700242128	0.152899623757783
0.423928229021978	0.849399612717337
0.0000577597688354208	0.0000649862486294856
-0.268640175150662	0.399207951501048
0.0562213754460633	0.0692643431692682
0.298681392868683	0.513443121973679
-0.0843633644637668	0.114194899033296
-0.0312245986894923	0.0318305102352766
-0.288746395645981	0.430134227169787
-0.169291278249886	0.215781323321022
-0.205227811417342	0.29264430598818
-0.174664585932837	0.164410021240612
-0.358116115210757	0.393281735685204
-0.248218902221251	0.260622085692099
-0.0910996586640643	0.110948511688168
-0.146905467924165	0.221769654724368
-0.171226659368926	0.251096672175148
-0.175519320796814	0.185749271606664
-0.0591014818393746	0.0769833070510474
-0.000269413897566193	0.000309414850990173
0.024916830658678	0.0283135854567313
-0.869902433243011	2.26333180406594
-0.196767363501212	0.219185911608296
-0.0976508290500846	0.0872455724599556
0.481335487403773	0.500397916030797
-0.719992812157125	0.767738167991569
-0.0782782601569269	0.0604119295839643
-0.00676178410830525	0.00575216236355857
-0.233472298624916	0.218069427105376
-0.217517602207641	0.161171641212651
-0.0346320509707162	0.0247123939864577
0.475022393153164	0.528169851288984
0.085336906058867	0.0750038246829104
-0.105272547449565	0.100124366159112
-0.267747405558685	0.296226178074237
0.123207312922107	0.120173540864516
0.259757280030266	0.248701650016477
0.688209437287688	0.900486936384465
0.053100545698252	0.0431428274381512
-0.260100821133764	0.302988478467094
0.144869660959148	0.168031985494773
0.0122287018327329	0.00991505475329768
0.208007975374372	0.297776734613094
0.416670969298824	0.732976857969517
0.25056061467874	0.344350611570736
-0.206136734375428	0.263314149010217
0.416826631125938	0.733354164010843
-0.0170894596760511	0.0190689159050059
-0.0302987615546162	0.0338646635862979
-0.200382883335548	0.266075468375973
-0.776446091037231	1.51941066172537
-0.36664976915759	0.46629776187745
-0.406804204323368	0.469022634815261
-0.105791547297993	0.128999953718377
-0.464090810292738	1.07384911401032
-0.133024705616547	0.181458132396274
-0.265022241240545	0.459873522505557
-0.0112374711583579	0.0130309207354645
0.0337722760071814	0.0445727039685907
0.285361712116524	0.53006588857982
-0.0244906405932904	0.0207398729479738
-0.0435503518503359	0.0366897522544589
-0.00691945178027901	0.00545398769431501
0.116251737868713	0.0986237641289767
-0.207380811754229	0.181800757763137
-0.676744853366204	0.926529672828405
0.787820693846107	1.03563958482309
-0.0627630293782538	0.0442867975374733
-0.643661272060406	0.731059768802662
-0.112181374510183	0.113191010069776
-0.0566882771654024	0.051044893576472
0.0729093262047376	0.068399150851156
0.0991754245404531	0.0903803392455677
-0.585126476792244	0.595416978000577
-0.221675921986849	0.233286865095806
-0.546025443689224	0.75209136444079
-0.196551830191696	0.218885952075939
-0.119467482480022	0.157055153388245
-0.387286151078526	0.53649699815541
0.27810761264008	0.431014359953393
0.0900764452494139	0.122136444921943
0.231577229809775	0.362791157372221
-0.00596654549638773	0.00744320025134635
-0.132489296425373	0.18676414931919
-0.0471032487033348	0.0548539557011752
-0.173302341597416	0.212247881005773
-0.764106461670908	1.36021479916207
-0.0569822817728445	0.0513245651502833
-0.194521720532812	0.227568740725437
-0.183072261150414	0.27778782831602
-0.68543147884436	1.22223770800787
-0.46161940820774	0.584122583554187
-0.381442044766094	0.671364676130146
0.00668164924878238	0.00619900037072306
0.00908772483282638	0.011629145080912
-0.285997755332873	0.571533911407993
-0.00421570815500214	0.00430634981508406
-0.04607345275375	0.0642383505211881
-0.474012651448417	0.866874211748728
-0.395511658720801	0.361053308354436
-0.322222202454651	0.232070845187278
-0.665672811810431	0.58353933427285
0.490762156200957	0.473981561701064
-0.933844341584592	0.913679106263852
-0.746880785015513	0.697457472057385
-0.0490071340311382	0.0267250488141324
0.878962230095634	1.19260011351086
-0.253279772720086	0.203593425277565
0.46728009255225	0.568190454630656
-0.295215031167484	0.325760750565893
0.104736972418853	0.074005084475428
0.143411993249796	0.131306233441677
-0.3082789817827	0.321932359852375
0.403145290784748	0.445942121434028
-0.242714202617453	0.211469252662795
-0.300470641642794	0.366303558926985
-0.0462028000596096	0.0470605110645932
-0.41745214724801	0.505171498212945
0.131290540614086	0.180598437782112
0.530170501280784	1.30038084840638
0.0969879927217397	0.134385632238001
0.140884301762154	0.213485841091559
-0.182593543659437	0.286045929429102
0.0743910169093795	0.0963161465102241
-0.868214047976158	0.96759620565671
-0.138559740498381	0.155072235798437
0.267155448885984	0.265017965560834
-0.269964753444822	0.373798136517666
-0.125873159869017	0.189434102355763
0.0378734358558821	0.0464156061666912
-0.407607728914913	0.826989301019453
-0.242012805657075	0.370289726750111
0.493216179311657	0.803226125798494
-0.501934869698242	1.0268225145464
-0.420701211322164	0.721361661805348
-0.154988312891688	0.257369107439063
-0.0224488519747842	0.026075173900922
-0.0685813921922169	0.0992157980985965
-0.0225400891334359	0.029220064572361
0.100491799540395	0.0818023139891417
0.7964775407151	0.546436206750712
0.286542771421766	0.211718276155207
0.617827008563658	0.573657591036639
0.232151565080903	0.197615425433015
-0.107699384602392	0.0824460260275682
-0.100532689740455	0.0534621458761021
-0.175980405367864	0.131914121164614
0.65856678330867	0.737991575978627
0.169477314569126	0.144037617469293
-1.03811611463589	1.64572655030474
0.674429837383179	0.729753620140865
0.0599504217328481	0.0543535234280977
-0.351823286685247	0.276549016111137
-0.149672206815678	0.141433602555012
0.234283713697625	0.135588951948784
-0.729848470066192	0.998046884448874
-0.296533100154431	0.456953011359599
0.199180822958796	0.220996664061345
0.0707577437479211	0.0951734997443863
0.0451008681378261	0.0721464029917893
0.295399102334454	0.605633847639642
-0.0714063524990993	0.119624054470867
-0.138993459769791	0.262420384091324
-0.00698295835858412	0.00839585481764568
0.106411884579385	0.135931469436746
-0.424109057469994	0.749710527052135
0.057344458234181	0.0603395990807974
-0.622730243169941	1.00175930784353
-0.225811310248388	0.288560292432124
-0.362748644873435	0.693486920108248
-0.29029485829251	0.370544627719897
-0.0569250800086642	0.0512720654598264
-0.0636918890277928	0.077277632358436
0.220065214042866	0.32985826302271
-0.502462409518249	1.02855607509331
-0.00699773618516408	0.00677979740873511
-0.15546264942939	0.190284308224209
0.145130018725522	0.208751731907222
0.353994768845973	0.616149599472049
0.196702184755853	0.145911440949312
0.211926139913565	0.113876387771514
0.0832695652648969	0.0557567398338088
0.163586759975438	0.108801348504513
-1.32037299063742	1.32443953662003
-0.171937931217338	0.103046922596437
0.564250149840858	0.389549415415737
-0.0346035741025329	0.0246925248539528
-0.0785345041944612	0.0606293083209434
-0.648619363898701	0.696481099561776
-0.462009238960659	0.447436342355832
-0.351978646654272	0.276629961687956
-0.58561658390373	0.63235776987038
-0.0345093187010541	0.024629254832579
0.286290525771017	0.211533426053093
-0.265503777162	0.194082390085672
0.169572447679521	0.144145519972943
0.0564267237627455	0.0695434371137825
-0.144398633459564	0.118978896917438
-0.120778701583063	0.170055056372944
0.29574025033052	0.613901428385287
-0.257966983595245	0.487386219492541
0.0528250011168658	0.07393270967216
0.394819476918861	0.821390062326863
-0.00418903937230212	0.00428000245814186
-0.241697924443475	0.405779551465701
0.0561557301448163	0.0691681578579057
-0.20032546481913	0.266005503800506
-0.721336769788809	1.02885903022578
-0.845678806661281	1.35021566753029
0.0827769912743826	0.0644906671602189
-0.131685773061489	0.132537977140849
-0.144403932526324	0.118995452763807
-0.595113083188165	1.2924132017557
-0.304265477293449	0.484623665025873
-0.163670042932072	0.271936282274853
-0.267553211259153	0.295713748970061
-0.206610853592047	0.366556210018606
-0.241606526452652	0.405584237838175
0.49683933900137	0.77487183663061
-0.270013970409333	0.455034599789079
-0.278517969307946	0.48384348757513
-0.146046034358248	0.242182799126959
0.0135134362518429	0.0149251373772451
-0.1860431073843	0.319762210038827
-0.119957689942166	0.157773160864591
0.684909234463323	1.0672461729927
-0.801742222533774	0.848030929183181
0.693623641065943	0.725129665591917
-0.0284263776586732	0.0222666571770164
0.57724669322125	0.601953159977941
-0.212540077295999	0.17240414329071
-0.0395089598661675	0.025056610537209
-0.533268620966413	0.610178762745984
-0.0889679318617947	0.0742041248105845
0.0421575679735629	0.02986037992634
0.00946248301590603	0.00824000632082207
-1.01143410678958	1.36452461064498
-0.00713694613920191	0.00562617120680222
-0.424164295629213	0.438586318476639
-0.325706016401479	0.320365924649754
-0.174769991342547	0.164543781177781
-0.00721314759007378	0.00568626103855828
-0.0956579618291932	0.129736196328145
-0.121176056165151	0.10779424300931
-0.575216774063782	1.15276509149063
-0.00365225955698988	0.00489982331250435
0.0357663654853402	0.0495219060843925
-0.107575471758163	0.161623594771593
0.14096355361755	0.213623423257359
-0.2259783686216	0.345025994025441
-0.0434330322045467	0.0544617330729479
-0.132562780704421	0.186923766675742
0.0901357214732351	0.103612402110948
-0.53483174698536	1.27581178275202
-0.119194354429064	0.162161453622894
-0.0633101054188199	0.0767950309055306
-0.533512935383613	1.45185026509213
-0.0221398009591464	0.0257028862867555
0.22797793986631	0.440168437496554
-0.457954567860102	0.908947461549028
-0.166600537858798	0.285311856057627
-0.0590349782996733	0.0768819227653408
-0.239393974939961	0.414047044922256
-0.334766819637227	0.760852831133129
-0.0346570303784596	0.0515116713344922
-0.835293048458531	1.18666662789196
1.24655097801399	1.79658283800573
-0.308033149965422	0.321608537728321
-0.740372788103606	0.968518311400869
0.400577962862866	0.400577974091742
0.183689650916972	0.192026823015503
-0.21259801824306	0.172471634334213
-0.639103939355738	0.764087227749771
0.400505937698989	0.400510590398626
-0.284949081244401	0.331345217676617
0.253444663474181	0.299469471361947
-0.0525080419237099	0.0408380258618558
0.153859654787491	0.183493768257686
-0.256565894049491	0.254203545326593
0.085106151855208	0.089985459555653
-0.417517222226148	0.505223468787079
-0.304044759385668	0.484182598479143
-0.593876225078129	1.52351634134238
-0.15513631215975	0.164639683493159
0.0129850296678165	0.0174474978632801
0.342380604999738	0.717498681438955
-0.0168267565359264	0.0202608859687029
0.134350517776206	0.212487223110153
0.167421897183286	0.242569895638355
0.123453450826644	0.165806740785919
0.0646822997768124	0.0897264566477894
-0.279867390954521	0.402292277707072
-0.382520929216528	0.794467827424736
-0.0229094558514926	0.0297143720905026
-0.218992080842703	0.291153273509493
-0.547911579599451	1.15569813843465
-0.238996117186503	0.413089491662923
-0.342037668067614	0.707237218280129
0.130511829841165	0.203035195909073
0.179165434482393	0.270877779819187
-0.111940854723747	0.173672654745879
-1.52275930550516	1.22110242110204
-0.0768177345554847	0.0933716012046885
-0.103266990168932	0.150071740358842
-0.0272285846609042	0.0328358042971815
-0.173916893566433	0.246921573134151
-0.0167538321233855	0.0201721115013247
-0.228957553572076	0.383837193902517
0.318654851234841	0.529524708011806
0.447918871282814	1.01606754727863
-0.182295090602217	0.241608930525852
-0.552997140478652	0.858691112813279
0.09641651513577	0.0965106027839871
-0.585973190858924	0.805812486300837
0.0377955516669382	0.0352534938722597
0.136018898266907	0.153358980275905
0.365895007509689	0.548304637641593
0.541167164985089	0.886581577711116
0.319235301181275	0.443097711412752
0.0317547923655233	0.0332621950488601
-0.134084038618225	0.17668508485253
0.494505777658473	0.788037901052395
0.272534713406476	0.465024671165925
0.207058537690639	0.269086657867622
0.628891614212147	1.37180595847694
-0.309195905454305	0.539348922225974
-0.259455908604982	0.39809597274909
-0.0107246999793419	0.0124320519146942
0.335436157070793	0.624691027206444
0.152005365366795	0.195730536940725
-0.0534074021322848	0.0571790891665665
0.312300598662902	0.41249867478943
-0.370367243933792	0.533612079676223
0.00953559089464368	0.00830401778456997
-0.0861906693128581	0.082312755223813
-0.554378882475465	0.924741749638601
-0.187289335601479	0.239013961602389
-0.142508378400887	0.229115571580955
-0.0254389438371065	0.0398494105518617
-0.0900431617865605	0.1348759487235
0.0476002578185282	0.0683542084352244
0.130504350691809	0.115134097899564
-0.804400916845987	1.04903325736646
0.0289552406293329	0.0171693793902521
-0.852456218495276	0.785740006128746
-0.0768476681849382	0.111327812412155
-0.351246778965639	0.467230104991373
-0.313205704159649	0.434040074676603
-0.28544682327464	0.482062721520435
0.15218527281324	0.195982383218946
0.0562702723223708	0.0693106266625358
-0.0474187276946929	0.0552686708612288
-0.207465270038616	0.325968145967066
0.304149071975234	0.542411621222408
-0.105860523497675	0.134070235422176
0.0363842604551864	0.0425368812583161
-0.79961112928096	1.80055403444774
-0.00516413495352795	0.00575782114515101
-0.0658633463588541	0.0828624129896413
-0.314164847178389	0.400527892729414
-0.0682202176225473	0.0729682296479527
0.196420615190803	0.292854892527511
0.0193735095972026	0.0196774579289192
-0.242095345334541	0.406585258211242
0.276117218920953	0.479795151422516
0.308164707012624	0.568224613104023
0.52805695895367	1.31074473796215
-0.0156717518791692	0.0210187496209593
-0.0934879061074508	0.1356215115532
-0.0953815259047179	0.129323806814442
-0.334931498382595	0.674371259906284
-0.345725716310015	0.498239777862263
-0.47566877928017	0.657206215551439
-0.196662388442978	0.21903669864319
-0.584912409980413	0.736053825975275
-0.586518186222018	0.84113601957116
-0.427499010580072	0.542036995612072
-0.0540523447842446	0.0678555529110725
-0.125794785438982	0.189287305089114
-0.0222655853590802	0.0329743977078251
-0.231532686985516	0.376524363817398
-0.121157967040162	0.107746301457962
-0.115211316973259	0.0955256244904992
0.0585288005378674	0.0369794101178088
-0.298813842968737	0.237624332958612
-0.173960995646723	0.117706641264591
-0.356303615660009	0.607109027177145
-0.0235021228417529	0.0293804421802329
0.170754021709614	0.215137381818911
0.52046048363121	1.08044239771625
-0.10746869054031	0.161439811889896
-0.391508805410494	0.730503907540486
-0.289007722300797	0.430570870616613
0.119946547052195	0.149873048298205
0.517819198591437	1.11153044640595
-0.467971569622047	0.779629440390545
-0.0250563290866261	0.0268237173977637
0.714262308590581	1.79286278145261
0.095061422300165	0.123890470222335
0.319029776081274	0.530474462922244
-0.230377978505762	0.318168754456868
-0.0387290112567196	0.0467956459521025
-0.490259427071665	0.762036534938227
-0.0472540603925306	0.0550663416099902
-0.259418354047756	0.476691226897746
-0.0474187276946929	0.0552686708612288
-0.264766388041848	0.459272524368286
-0.292061325922806	0.553692049965866
0.314465992714734	0.617127588577372
0.134640000513549	0.164331133198248
-0.177528842932109	0.313321629721607
-0.155020180899511	0.164469591669169
0.403838481201017	0.514060388016541
-0.11743474077545	0.12510474796625
-0.0568433068595347	0.0511921365790161
-0.282114530662509	0.244104562626992
0.0581874846302034	0.0864916408197727
0.116820594287831	0.195276975487091
0.0408997765936258	0.0600051686179499
0.0922772379520079	0.140329681141503
-0.145401868976533	0.205472072178457
-0.229103500000809	0.384142756585732
-0.105724561828596	0.123846741487377
-0.295125246301269	0.325706013073759
0.104763347283701	0.0740364034986795
-0.413919608406986	0.321094793095108
-0.396306258159278	0.759998832536904
0.0306987426649605	0.0452608140420257
0.291754792499849	0.482384032298571
-0.600124612472028	1.23831912756647
-0.0702574264148032	0.0982661037104342
0.00224917437190411	0.00271846175077722
0.310718669518091	0.582932598418955
-0.16990764284449	0.257191713691772
0.312393683622022	0.595265599919205
-0.346018137545306	0.498920287672407
0.489390655098798	0.849758433257935
-0.137629666043521	0.168173786581634
-0.326400877794591	0.434533864946403
-0.046013376213808	0.0468532754488018
0.065853336858519	0.0753279230773249
-0.316598490321463	0.488853126827651
-0.762639030979075	1.88811403398309
-0.31166998174796	0.512343412411736
-0.170056573751591	0.265707782605877
-0.00574565304502134	0.00716546621542854
0.0519918586771229	0.0693087966546772
-0.396520412396637	0.760820143884591
0.207699467112037	0.356509336221315
-0.21057692842641	0.320688545080796
-0.250798584237835	0.547134115166443
-0.21925920876393	0.291514986104562
-0.0881435458549273	0.0988055496409616
-0.679934238740347	1.25226246206973
0.0743340580140431	0.076263307964714
-0.156890431160689	0.175294578919232
-0.155271916198204	0.164794976936396
-0.402637618069545	0.603093455460677
-0.288924000886455	0.562753641674974
-0.252073077785533	0.436784857339349
-0.20448192415205	0.361436377008494
-0.253946250256616	0.517924619827184
-0.0822740912532346	0.12312331598841
0.120356249653735	0.180533506369734
0.0645790923801126	0.0937900756119382
-0.0843782852517346	0.122222161949948
-0.0586822251518875	0.0763801391017385
-0.0172629304005352	0.0192697325286364
-0.211670837027064	0.291773260212753
-0.269703652537929	0.373359601180574
-0.472205907833513	0.329124538961589
-0.100532689740455	0.0534621458761021
-0.302474807931632	0.402662192312286
0.523014478237289	1.0485835705081
-0.486117904269845	1.0458768980201
0.0114162634028232	0.0141269974537841
-0.0143339645019105	0.0178936888463323
-0.216227749520446	0.394724346457674
0.227780231059191	0.388708801743746
0.220245736969173	0.330230506377749
-0.156620124681422	0.183490291657329
-0.27966970705377	0.401872952891232
0.505942447435568	0.737852353855898
-0.0313978366577964	0.0320162623496677
0.191808060380063	0.206697115515059
-0.509290546815562	0.702471422501164
-0.587109491265163	0.8765701679127
-0.396240019832921	0.503310154352353
0.584224951790074	1.31049587864685
0.382115286086329	0.655319959381628
0.0660394425912501	0.0755809151520032
-0.0954101885579457	0.129363275788238
-0.132741109455174	0.187219616094567
-0.549053815597589	1.09865740870918
-0.821962261432893	1.75487323122981
0.99416477753375	2.62207849156514
-0.279945770486776	0.372669943636835
-0.337226134433943	0.714660926038823
-0.103339295270379	0.150188444442122
-0.242562163785439	0.371282367514103
-0.0470989413792766	0.0548700584470368
-0.734438184491731	1.81607652430523
-0.415203051867247	0.798574345502891
-0.238550790105039	0.317479457048698
-0.256376302003919	0.253950888333678
-0.585270283144339	0.667496681520561
-0.510335207495744	0.457920435994576
0.0289295329639315	0.017156171874967
-0.00655651078964978	0.00365922616789442
-0.376758920039715	0.64347290850563
-0.0467311107774563	0.0629666453637764
-0.125027252529386	0.212473214080309
0.123583409153431	0.165954929539732
0.106122956686071	0.135482971830336
0.046959628248873	0.0589899164661038
0.261499308627667	0.421047798057892
-0.134251864161225	0.176946708815772
0.183356800589568	0.261138205282375
0.486028210304937	1.02037310572313
-0.259075540544808	0.345056728598202
-0.267866049338626	0.424430625850068
-0.136215012151633	0.173172603198704
0.00912001904837548	0.00952023871037256
-0.0313114179337072	0.031920963509978
0.00227879402283425	0.00275384479551019
-0.105838865705042	0.134036863780513
0.0651175631909771	0.0903865057485256
0.488060450766762	0.955830784386722
0.0822946479490511	0.120853754330538
-0.464463063618989	0.972207926368198
0.0451901716253534	0.0461167353057845
-0.536405438149594	0.644955907253956
0.0470960858777352	0.0703552126238355
-0.0148512858536061	0.019237275162685
-0.283694402764816	0.522807282816482
-0.593595614763733	1.45588153593591
-0.0599493765081259	0.0865102521035561
-0.554461360853881	0.9561685372547
0.100426170205828	0.0817484441610084
-0.131385268041818	0.0902783674300096
-1.81237477909433	1.31367842447931
-0.167883164706142	0.0870145895376265
1.73182602418012	1.91440883225691
-1.62746656990769	1.68716123511056
-0.934243964878292	0.913940863560114
-0.747030305025804	0.697668597176143
-0.732099967580472	0.441350213980641
-0.686591528873148	0.508125343240681
-0.62432788826356	1.3243397826321
0.165947047959328	0.278788390289522
0.163008821116949	0.291677474974935
0.254200246391001	0.445540559529978
-0.285471292037001	0.453383970153424
0.0369603706639012	0.0471649701918982
-0.0901835686840922	0.135119467101145
-0.159391978323025	0.22575879019996
-0.132703168648626	0.187178474740103
0.0136079885269545	0.0150253352559413
-0.221626758603357	0.233188419349264
-0.649620517634106	1.15877083338888
-0.645195914166455	1.18728695309183
-0.0175158021845948	0.0178813023829243
-0.660627885303099	1.06174446834677
-0.0533465604122266	0.057111813161057
-0.0914456211103554	0.111402120241773
-0.11928713056281	0.162286010182692
-0.339821917771601	0.432886735951882
0.160616285676648	0.212358625845661
-0.242128635527327	0.370543696266788
-0.173049385362707	0.211870429293114
-0.269764870072135	0.37347339963717
-0.423844887585466	0.930244883077313
0.0196672501043663	0.0248959423248296
-0.124967017516317	0.200395941612777
-0.0331669263503396	0.0415212105552245
0.536056128737913	1.28230574311581
-0.0348562226549991	0.0405563900616333
-0.353782395222316	0.529245023882707
-0.311657649598727	0.361647874441975
0.594358802705345	0.793708439960959
0.210116077749992	0.163564627329535
-0.171770631410099	0.102932060208856
-0.571624596727463	0.31249828110112
0.209697856774285	0.163272789749553
0.286312443114443	0.211562843707214
-1.2991521542065	1.47232348893029
-0.224335078077715	0.149257804118276
-0.573214592148753	0.392266645889591
-0.747092163644139	0.69770729158356
-0.259352698232591	0.397891887615479
-0.2972602485742	0.594952056624772
-0.0542904231559626	0.0681764983817181
-0.199844940741109	0.294269591644478
-0.446330038749439	0.932979015187555
0.138636872282674	0.195142657016897
0.318194150216012	0.659664335770838
0.548465100821044	1.22288017866525
-0.064529088505157	0.0871361704498708
-0.345703896606791	0.497989590147353
-0.269923942503072	0.373760711495174
0.0134188598754522	0.0148200665475943
-0.493272356685934	0.794816026749136
-0.211250221870688	0.258576379757811
-0.696247986644106	1.15897578224056
-0.369940906290669	0.727932888946953
-0.254107937273195	0.518406177731365
-0.412582212677966	0.971881249229221
-0.25013911524333	0.370988236989587
-0.391160894166949	0.729399100475051
0.206440053660299	0.235632773607034
-0.0919246896619273	0.116188683438521
-0.00687807511472865	0.00826917425606341
-0.222197665469847	0.233899753430967
-0.433487620362484	0.364815464107277
1.15002904169146	0.774161366781223
0.373053344931518	0.176282869574425
-0.579162162837228	0.267406238343768
1.51240256295862	1.26195140214666
-0.449917475520698	0.282760406761296
-0.00479980150253003	0.00222543899707575
0.804006203687662	0.71236161428316
-0.348310497952697	0.320303638800687
-0.487528107083404	0.372641556643944
-0.702000315358475	0.471069360153076
-0.184505553212383	0.0791373504854963
-1.12738334500874	0.724176297801358
-1.11213001694628	2.89936138099565
0.0243212922163418	0.0219374562905656
0.513772233673565	0.71487045229353
-0.10746869054031	0.161439811889896
0.836679647202218	2.51395341382922
0.15727583355923	0.235856847586303
0.123030249018202	0.165105351158098
-0.132663928724611	0.187094169165634
-0.024620621804537	0.0342398005723487
0.0472571386963986	0.0649307030244248
-0.0516207339557889	0.0496165064159378
-0.461976100833122	0.447429703116728
0.307636957150079	0.262122770090993
-0.82300184930048	1.02226594888538
0.533464351383596	0.671166275833602
0.0990668685859759	0.0902776391516127
-0.294995062041105	0.325536933586384
-0.381242377759065	0.395640385513689
-0.0814554733739791	0.147311903826296
-0.137718723137385	0.168310241044095
-0.18265199187453	0.242202815841951
0.012021038594172	0.00974644061129288
0.0130258217519425	0.0143747977707686
-0.139902302837668	0.106052591030543
-0.077424825987286	0.0785401803352607
-0.0758639628706004	0.0472629593014399
-1.00946265936106	0.719458642516027
-0.260329029925159	0.131417764875266
0.403377677871532	0.139736809774786
0.40427466411489	0.14004859743002
1.36855845149624	1.36377854002924
0.372817885836604	0.176161081982385
-0.167883164706142	0.0870145895376265
-0.938879747158581	0.734185107924619
-0.358719266708361	0.230082368721598
-0.877171466206336	0.577150150243609
1.36838646618932	1.36382581239861
-1.234519884328	1.17067606353664
-0.95187692509697	0.272670624519378
0.564317092367707	0.389632583146479
-0.0514297133083007	0.0494216131570725
-0.120961790469795	0.107603598983111
-0.107594412313353	0.0823757338934234
0.39488021100281	0.797515453588287
0.00598030066869425	0.00787782876495954
0.313634466381226	0.606778515295155
-0.0643583647647806	0.08688721402242
0.135884708716041	0.202034406902079
-0.00980905586537904	0.0131647499778748
-0.2259783686216	0.345025994025441
-0.248121947917676	0.26051751235054
0.680943996995515	0.550213767822116
-0.449313483315227	0.406896707723419
-0.325405143886468	0.358259448206323
-0.094585719883577	0.0659031201935779
-0.207471680451127	0.181891112921745
-0.2533001092088	0.203601929046433
-0.217975004220049	0.430676777228006
-0.054006778741476	0.0876910292837343
-0.468247838940994	0.780094720631655
0.00644516980002925	0.00634490943208396
-0.105565483869157	0.123633416516763
-0.54885594284381	0.78831959798273
-0.305731365889251	0.282809364281294
-0.390087602622042	0.27636371675614
-1.3293741599723	0.732677246408085
0.0452255896978721	0.0395710713171451
-0.0758201313271384	0.0472335094023848
-0.968264784999388	0.567000612677095
0.128862234571198	0.0572251923644326
1.59563961177111	0.855317024832039
0.372950968880263	0.176251163954604
-0.0788269788881849	0.0353859300459337
2.87952685196578	2.00184750693075
-0.235066105508162	0.137758886740918
-0.766441749899156	0.663094658546721
-0.701840167512445	0.470997103993803
-0.701939376185849	0.471077472243728
1.799486198384	1.77577862977117
-1.68694899077746	0.703952762450668
-0.516375129736063	0.178441001382876
-0.889896617486106	0.758357339826199
0.228940707788467	0.240915453989094
-0.411199124956832	0.400534451556083
0.565718048861799	0.831143563774116
0.455251220075339	0.903207081907992
-0.13392070085012	0.195280883279487
-0.239080673646469	0.41332396360348
0.0563750374120041	0.0694748727632849
0.306767591013814	0.477583116679302
0.0823477114799423	0.109151017176703
0.272673480726129	0.465352660317547
0.642621103000817	0.929537048546976
-0.285090593703859	0.186376827935707
-1.16034247562178	1.62096877256117
-0.0877570873864562	0.155401117907914
-0.447526258001753	0.792935801250767
0.13565231117131	0.152909486890314
-0.233357702363722	0.217941531856344
-0.285248168671169	0.186457788970571
0.313248318927927	0.278357240924921
-0.391360018543522	0.191292687350545
0.251511681309912	0.231985153863887
-0.49998951212592	0.415758750629525
-0.260357985752607	0.131395186767185
1.80554775261157	0.656236220945208
-1.35563614408753	0.474557097061527
-0.391360018543522	0.191292687350545
0.396284062791461	0.226395002349251
-0.184393374089649	0.0790787932600563
-0.572977137866887	0.392068629563688
0.533320052489699	0.411063399391082
-0.732036673044235	0.441341043477748
0.398965812529665	0.261023979914902
-0.968384130058026	0.567051569300168
-0.260278833098289	0.131319945564905
-1.35610128709322	0.474818712797072
0.963554013368603	0.737102462140653
0.294039800355495	0.340303802765039
0.22906345550874	0.24107551957458
-0.708834144781424	0.800847319206095
0.487113569156397	1.00609056007701
0.233594648525538	0.412062343514121
0.197362663299442	0.322076712859002
0.0248148199011901	0.0281938611025513
-0.165763988562829	0.219421115154
0.150666353014315	0.254318529459026
-0.0389756525779888	0.0471117751493888
-0.105378705700769	0.100258472439332
-0.37611789372204	0.319830380127324
-0.356765278902356	0.939222896701593
-0.105642943314423	0.123727337253278
-0.202597545074058	0.189999336103433
0.00128396657141598	0.00137750561849934
-0.120177209047169	0.152411702547804
0.133270028933693	0.134148629782473
-0.235422297435303	0.138023944040312
-0.131036907601626	0.0900279719569885
0.234119701427991	0.135495466226445
-0.358144360712271	0.393323418764157
-1.03366331974116	1.2000162830891
-0.260156391781438	0.131292845356396
-5.18033009232114	3.15166380052778
-1.1144886963805	0.541000350984738
-0.327120299645599	0.129477764934943
0.0616700182489409	0.0238789606093496
0.750745284981443	0.546232890910934
0.853021070490942	0.546910029300553
-0.967800698735012	0.566773743831677
-0.579090117832204	0.267455039000505
0.12874862606073	0.0571671158579758
0.142078665577231	0.0888764959093391
0.764693051385642	0.33154041613148
-1.32941565093715	0.732799399043906
-0.517262058968037	0.178864495866734
-0.422532653926898	0.608968360516674
-0.752712351262022	0.939291115080948
-0.126437612892186	0.119876141720167
0.189294609938676	0.297814607340378
-0.11634945877829	0.174908870591984
-0.632732254760683	1.70070062246532
0.0335317173281062	0.0371450569278135
0.272674901517871	0.465371765865509
-0.0685383655884503	0.0991603606160163
-0.105293142947815	0.133241641130773
0.232262051186001	0.197726892854407
-1.6275134243475	1.68733289871553
-0.348128006348256	0.32012388407235
-0.406512971330931	0.468568479682404
-0.434254045338395	0.836602476036832
-0.0806211409016558	0.105306159693232
0.123458078786281	0.0917309319304603
0.779591927670932	0.875905258510253
-0.284970053545889	0.186273402942853
-0.26050123433033	0.131519082409796
-0.174632988769248	0.164380502287829
-0.104360815899979	0.0290077066781166
-0.184495602328439	0.0791280415311326
-1.32938572253344	0.733074998982863
0.95671106671777	0.345047173325076
-0.848034357080434	0.353432748047731
0.631941480740873	0.352454317015294
-0.792005881270846	0.630719515069575
0.396046476092211	0.226243653582569
-0.701878331017577	0.470978781688397
1.29059040546749	0.361273728188317
0.0479926332673003	0.0242104355625978
0.365692405942219	0.150233443682029
1.29047191149383	0.361322640689658
-0.73185039601604	0.440970472276922
0.450109546165611	0.682027441209825
0.621214324528565	0.763602042504742
-0.144275362363469	0.118861534878107
-0.268373466260812	0.398584775969737
0.524236571585825	1.31569723712737
0.175107453236794	0.282753924304147
-0.316460514643385	0.488448917272553
0.156938871572533	0.235356623928214
0.337803338421159	0.649543477770146
-0.0537722086562752	0.0750734252801739
-0.0283349306585739	0.0221922087223146
-0.70190117287605	0.471095771394012
-0.107588893142203	0.0823706215136181
-0.298952717156067	0.237755631770726
-1.00895548496064	1.96275895511479
-0.188986537823088	0.268860150778808
0.0596724369839103	0.0541014531324675
-0.189412297188308	0.269591452972183
-0.182626536159118	0.3489007939307
-0.493277104694608	0.594578810507221
-0.313566189078337	0.434793449322695
-0.172802413768988	0.211492212062764
0.203742053709408	0.194134127535293
-0.265374206085405	0.193941330275142
-1.40188477168528	1.05085158297314
0.955883959048738	0.344654176637369
0.955883959048738	0.344654176637369
0.178488280870952	0.0880114930246788
0.38714220227909	0.203391246363681
0.178329729181954	0.0879236922445928
0.399435224780106	0.370297890158928
0.163482266268156	0.108711541818958
0.852591088723537	0.546462507198581
-1.24519955622981	1.02234001569233
0.37294067854689	0.176245525558977
-0.516877128372687	0.178641872315134
1.11246149016777	0.937645880867221
-0.829098857906275	1.57299340689983
-0.289010511015993	0.285275493865913
-0.00750312207992767	0.00591077021934801
0.231592264016201	0.362851513018135
0.216724312623415	0.350575861027747
0.00619917557397883	0.00816887284587474
-0.16225284116567	0.222318387678505
-0.132729486905266	0.181024246942959
0.150689109782563	0.221156300234958
0.368248004730424	0.790404094220286
-0.0760073203173445	0.0681434210528622
0.398858126103384	0.277086879421163
-1.55188530519531	1.81451535074326
-0.171710160877072	0.102884135352662
-0.17669593160616	0.144545928734321
-0.0108420412300262	0.0125657460133134
0.0451799284793775	0.0395295308471223
0.328939911371533	0.580621772282965
-0.592961934772644	1.35323604222027
-0.05397813662274	0.0677649535079891
0.345692177345795	0.402947385027488
-0.719891558628513	0.767689363487349
-0.719674781732239	0.767300271531753
-0.175098201549712	0.17513664110938
-0.653408914392345	0.659917412289735
-1.81214638498018	1.31346636503693
2.04748541642585	1.45280064834541
-4.67488466633706	2.19322251114066
1.72129917148825	1.34707589489112
0.764693051385642	0.33154041613148
-0.85237436794994	0.785486517852404
-0.792089496111302	0.630754759552082
-0.391845296294967	0.191567449673164
-0.518151592408807	0.17915606425969
-0.788222961863263	0.414264406349458
1.80591828976772	0.656470060574126
3.96468442127274	1.35922276844108
0.387350306201344	0.203615179010527
-0.339631248024997	0.432585884849879
-0.366150679458196	0.358599575312925
0.045445305447761	0.0397575114145044
-0.129810775699168	0.201934980233221
0.422095360324485	0.924328135852866
-0.108845649663667	0.174112201521439
0.0550579665089447	0.070772901584719
0.336600048510039	0.636993288443418
-0.122035896144435	0.223694597851444
-0.420797848668746	0.721538602032144
0.402951140825503	0.445486843180943
-1.32042429430095	1.32457018847525
-0.352019872466604	0.276711013413076
-0.00838197902019954	0.00540198391606737
0.301717274648487	0.24597744808797
-0.347906860536819	0.319653489947453
-0.199478780486607	0.198842166933988
-0.902349319097313	1.27834020139292
-0.755716300700838	1.39010565221355
-0.0589895550940432	0.0768157911697262
0.0214424104668429	0.023066537430395
-0.237427651501163	0.422507525133692
-0.194736573075361	0.227889149097602
-0.174926709622094	0.174930045219965
-0.32506840310441	0.357848976286615
-0.260329029925159	0.131417764875266
0.128635112134114	0.0570972382496525
0.0618149550089233	0.0239347187925616
1.59511601418842	0.855215915166121
-0.314982198182125	0.180510673545541
0.387524745750924	0.203731359245904
-0.235145247146307	0.137839576861201
-0.107616444785959	0.0823793061764623
0.116330839643921	0.0681472868212352
-0.939116750305152	0.734481046029501
0.898451832677378	0.723359211386074
0.178408925233274	0.0879707492156317
0.178488280870952	0.0880114930246788
-0.167784410327834	0.086973154849
-0.366810368221537	0.466637387839146
-0.236795406164504	0.276253553903561
-0.0606857065559064	0.0708051791854257
0.337956333147282	0.649952335786018
0.336885339249731	0.637660581463284
-0.0167173438274576	0.020126062730977
0.123708271453461	0.176492982311469
-0.695246936049629	1.59771551728888
-0.532233608545075	1.2393323516505
-0.169487561526316	0.216098343229838
-0.285035004025393	0.331483635204155
-0.461570258997009	0.583877572596822
-0.27607640071589	0.337038037100742
0.0851998947931243	0.0826130066523405
-0.248120982079129	0.2605464916523
-0.384695238489853	0.466237987920047
0.355431214471718	0.472580544240555
-0.120482108547363	0.152831549011246
-0.356029069435255	0.661334158369568
-0.498099400056603	0.885777582650792
-0.0340328490517248	0.0395654394041817
-0.246107842242607	0.314401239957115
-0.210929524037225	0.321294478249504
-0.434377508704477	0.675141295995864
-0.236017867198919	0.372422644360353
-0.0976964926667284	0.0872887084716166
-0.994083373740883	1.51985548054652
-0.486657937679565	0.558374487209948
-0.510421781629362	0.458060416627737
-0.0488089875965929	0.0266177615123385
-0.376097638886974	0.31981980715891
0.0184602389255187	0.0124209773757735
-0.0392256330692122	0.0354751129630041
0.402416841930353	0.431135375744097
-0.00710254962935957	0.00559930305219882
-0.325414134148728	0.319960842500689
0.544963673756117	0.647772782232244
-0.139895167846697	0.106046880774906
0.181424481734604	0.127684314887349
0.402893443664776	0.445538255554722
-0.103291650405987	0.150076109141912
0.0295276027121696	0.0401158205758232
0.0951756566961709	0.161978635498463
0.00908772483282638	0.011629145080912
0.253117980744234	0.299072851772054
-0.176109214771369	0.196473460475396
0.572237974087993	1.36178505125825
-0.158819488140095	0.224842044323463
0.277798655560824	0.430295699411183
0.0195454183761763	0.0198565160196534
0.0145129212756989	0.0203342631892215
-0.227311671046305	0.392414954896612
-0.0175743725060569	0.0196231261988856
0.044634395517016	0.0509036598257595
-0.0390124686531398	0.0471557371921201
0.131434196397714	0.180800562580852
-0.0724954696857476	0.0812212141262933
0.0212842937833822	0.0228922832750842
-0.120923045796094	0.187923856080357
-0.184355065660986	0.316192859914206
-0.215271316051448	0.251572648557168
-0.132753409534888	0.181051007413832
-0.336743830172873	0.572380635527781
-0.682948403520152	1.45362160079114
-0.314134300986216	0.400548219377803
0.0452113235928873	0.0395591033932921
-0.699289205803428	0.833449342403027
-0.035964890251475	0.0346739342702351
-0.322054918949587	0.231926205197877
0.0289310925154956	0.0171575933732068
-0.171770631410099	0.102932060208856
-0.510289006936431	0.457857532003872
-0.0522819062797768	0.0406756120372679
-0.0093160425874327	0.00671551439893502
0.0422441790039478	0.0299334660534715
-1.01111410687469	1.04688005267179
-0.00807535621702306	0.00520516817189816
0.264695320532999	0.174570131584808
-0.167784410327834	0.086973154849
-0.767099280821417	0.910082194421809
0.331186224586905	0.59546763742951
-0.311303116952096	0.51174703922389
-0.221593637965919	0.348953329387525
0.145816036888412	0.242013470524138
0.449351613221441	0.744040355633847
-0.158175925398727	0.231540156106054
-0.396688760787873	0.761322233074344
0.231538993206137	0.362562231069612
0.304427834796509	0.543127713871708
-0.0787597076872034	0.099338275240122
-0.408538292605087	0.634558329391111
-0.218694191333966	0.290494494840578
-0.0173881359392112	0.0177464314388143
-0.0765990689703271	0.0930710269924935
-0.397419055661257	0.826651278464359
0.0465191295127607	0.055851696636481
-0.241079074163574	0.345402475027557
-0.353435740342478	0.528625260821691
-0.094548491029133	0.095700057863042
-0.245784977164451	0.400468226786705
-0.0439090766624406	0.0491443682808189
-0.169664297941275	0.216352784053366
-0.17586667392885	0.186154497913748
-0.253147483103661	0.203475468702817
0.656339583124585	0.556847987421022
-0.351930081540779	0.276630397745374
0.512866065740918	0.436662002577441
-1.4789333563747	1.64762539341322
0.123597175674719	0.0918421735221754
0.0185670250698239	0.0124939251739128
0.0186333673940162	0.0125386230495905
-0.0761164605046595	0.0474209476110106
-0.25314243496667	0.203399360689515
-0.422449318801549	0.236728116220036
-0.161876191352467	0.221796103232974
-0.276159925041024	0.336998860472714
0.0790784795905039	0.0882756955332544
-0.0886145787985301	0.124220171247943
-0.146959687001833	0.200908679702445
0.144602804581544	0.207834698919844
-0.0301264461884294	0.0404804467704713
-0.318160105981893	0.539313690676831
0.304295175825192	0.54275873654964
-0.265259978648277	0.460384072612853
-0.0682366480978626	0.0729893973123383
-0.199493019043264	0.198875021384782
-0.279845108476455	0.402206313064228
-0.136430875793096	0.173492921934733
-0.00402208754032933	0.00410951302291747
-0.160966404465626	0.259195075217521
-0.238355240315125	0.424611249621662
-0.238564547035801	0.317424621687185
-0.255159388890521	0.429002617327998
-0.0730522561324417	0.0818825917931086
-0.475939993180736	0.657644506417367
-0.0390111627753825	0.0417732007651867
0.0548028506653583	0.0609002583105184
-0.819043987294171	1.2120264755551
-0.172082087699161	0.103117467063856
-0.260235539921703	0.131347478886903
-0.0489147483452937	0.0266769411251259
-0.731865129243729	0.441106968732687
0.196767667011899	0.145959372103871
-0.174065180927794	0.117772475330616
0.740412532926917	0.716052689303468
0.803945827600581	0.712263366492621
0.104610131066614	0.0739062497977535
0.711981637507327	0.546618402945273
-1.68755917895986	0.704253567990808
-0.22565681889236	0.288340450451974
-0.156862915197924	0.183780511723988
-0.0927803514416254	0.121450793781198
-0.00566020472820858	0.00705831500269824
0.487049013933466	1.00611846105086
0.311308681347143	0.495649969840277
0.333087764188342	0.609310065273547
0.301053735447069	0.526540339171823
0.011453365633821	0.0141714634773729
-0.0727392688954215	0.0815090508290581
0.0294242451342813	0.02480725855806
-0.384874756726872	0.466712972072722
0.0204734902137881	0.0196246644430977
0.584273821957667	1.00362753416486
-0.338258059247502	0.523469116003806
-0.32640895237447	0.434529365236867
-0.1978374889411	0.208849162483095
-0.54601775091485	0.751898942970147
0.123453450826644	0.165806740785919
-0.113098478141841	0.164567075039732
0.046608934527924	0.0559608159922561
-0.311510221288819	0.512097282028516
-0.0332472624949014	0.0416153287998603
-0.259748703285317	0.37273323133715
0.315728445417032	0.514020782500078
0.134929594829113	0.164728566302651
-0.2111027658639	0.258408535913851
-0.174710252063691	0.164468069267677
-0.584894784873758	0.769453345063524
-0.39563443992656	0.361276718112796
-1.04446560025431	0.874951843477017
0.0290900259567636	0.0172511793350693
-0.235158418201194	0.13785025037124
0.104962917704732	0.0741887431566488
0.05853149486363	0.0369680895401661
-0.0760339718572247	0.0473650341811024
-0.224442612976316	0.149344680362211
-0.472145435547435	0.32911333829104
0.68120935990724	0.550510843550439
-0.00913350155306757	0.00658513951659171
0.141945413134548	0.0887896964119642
-0.876044425164327	1.81704767129772
-0.105706582651382	0.133859532815487
0.0559478698546574	0.0862538885795957
0.179035822985552	0.270591118061
0.0450314197050642	0.0587761885929181
-0.133381851451077	0.194325068822187
-0.0658316043119423	0.0828076219881703
-0.0223326258748047	0.0259377621704885
0.00231563450377697	0.00279847814990037
-0.387015349444151	0.535635475939968
-0.377909244756814	0.502259083905532
0.348072843131166	0.417230097156811
-0.155177595889618	0.189918054715784
0.117094019401985	0.124560437932157
-0.0607452920868069	0.0708884424067677
-0.888974056310437	1.62963674420832
-0.0838684430919245	0.0896168258035022
-0.194629145383413	0.227741583321836
-0.524553202757507	1.01956703859865
0.0872100317044523	0.105602331561641
0.607249215416468	1.4549280845157
0.291419716332619	0.481722037473874
0.291468601354852	0.481765972748273
-0.0639666637932612	0.0863105985819714
-0.554606827075183	0.924161589046775
-0.279979226160933	0.372759277878945
-0.0540822264955802	0.0679067975888851
-0.0728363996180312	0.081633288020792
-0.524255822970279	0.874512846838371
-0.18896072794312	0.268759987307231
-0.585062146058293	0.736223648376051
0.0962750983469697	0.0963641316442681
-0.15264759113591	0.153139009558534
0.242245451866559	0.214907941078725
0.6356490617536	0.565110324997158
-0.352036875411695	0.276624335444764
-0.173854045087214	0.117638793695144
-0.889702638848887	0.757449095607594
1.21176789441701	1.45654942606327
0.163669198809145	0.108853324515277
-0.265593879861676	0.194154362331262
-0.583682830848365	0.556526594867201
0.181309495968254	0.127604627231848
-0.28868461023498	0.429885265626235
0.186599143492973	0.317032174487944
0.0749173795097092	0.0970803474366481
-0.106242396613324	0.139437553144021
-0.232590036925337	0.344199137565946
0.520895662837588	1.08212188507025
0.0214024566437091	0.0230200694170333
-0.0656641065702254	0.0825766803375176
-0.173087911992682	0.211970800546297
-0.520596047651337	0.808817520227259
-0.513785503070804	0.738609866109503
0.256048937536588	0.360648935376416
0.0875822907421126	0.10609437984138
-0.906338855796121	1.77015907499058
-0.0577234534884304	0.0646242601377612
-0.0579689352539808	0.064929735327773
-0.159391978323025	0.22575879019996
0.423793449554886	0.84910268335597
0.161936265677588	0.267569113690657
-0.011328274632432	0.0131356854973699
-0.172877486725028	0.211647310078284
-0.152657484545204	0.194425022296738
0.376785058924514	0.618716923651104
-0.417173461879281	0.692914279968039
-0.318061220839223	0.539085380081865
-0.0783836943569561	0.0605065047238491
-1.14257743176478	1.02045612355461
0.79649870309776	0.546379576538645
-0.967808404594	0.566591842753788
-0.100719535592776	0.0535595262511556
0.399542940036478	0.245217361896434
0.712087176452811	0.546654737619279
-0.0948054039220063	0.0660557529506994
-0.260422454505934	0.131473076198748
-0.0459490006966584	0.0467805829429523
-0.0684186525387269	0.0655671839388853
-0.120622399452307	0.13499281096855
0.0280414192881974	0.0334991377523791
-0.386111655135044	0.699675964940381
-0.295084740828704	0.325685613252943
-0.237060804673024	0.276639813498832
-0.36662824323619	0.587772899718822
-0.221985881697172	0.233738202657927
-0.730394843421016	1.25788385206455
-0.214903796690995	0.25100715086709
-0.196676238581868	0.219042459543829
-0.120468412091925	0.152834234394287
-0.069525204877688	0.0906671944952353
-0.0581087718430728	0.065088593543474
-0.136284138509485	0.205468040494609
-0.159311418028526	0.225629028313816
-0.240655226363875	0.344712439153466
-0.171258575185503	0.251165215476153
0.0134188598754522	0.0148200665475943
-0.165504756480503	0.219021254966527
-0.175015091235653	0.204912895558824
0.199689959722919	0.252672564165577
0.0361100616430488	0.0421969589936783
-0.211267420227489	0.258600619885876
-0.175877495418951	0.186205863776725
-0.345904503130805	0.498680961597887
-0.075798222718319	0.047215301015411
-0.100412325831563	0.0533611805197457
-0.391828951569218	0.191518019745526
-1.01113506903312	1.04692897665662
0.14210313487859	0.0888568309238758
-0.0391601783408561	0.0248267370086526
-0.371590414624174	0.615210570837561
0.407124211037306	0.62774684874252
-0.200394021418048	0.266118740717065
-0.434475686939178	1.00236978982086
-0.486299184228572	0.728024682645386
0.0661966002255316	0.075777670471118
-0.036074855599659	0.0347809995554024
-0.0901997783848832	0.105562070982913
-0.107196695862823	0.145614859370639
-0.152720706384969	0.194359668497553
-0.0388166437970012	0.0541040941903696
0.0130176437267068	0.0143674105956326
0.145022524815637	0.208615618328295
-0.445237664484829	0.76517483324413
-0.136395883455137	0.173440210236772
-0.0541186034308721	0.0679529955094301
-0.0334107730932119	0.0418358836640855
-0.182349279295679	0.285636193118643
-0.338050629350535	0.523034428087104
0.385020105299653	0.67419495257022
-0.481252394653474	0.692283361457827
-0.069726141193059	0.0909662752826064
-0.0750425842729022	0.0876973073004036
-0.285099408245113	0.481331566131861
-0.00907787891476096	0.00654587525523139
-0.131295364038864	0.090202839858709
-0.449415256441594	0.40705607729714
0.100263907109042	0.0815780283303318
0.0531730287380659	0.0432090730580702
-0.00924412071693378	0.00666457838820568
-0.592943334573304	1.42069667558888
0.0335421342110473	0.0442561806169623
0.0402377917661861	0.061221421977949
-0.527858625183763	1.16941817144562
-0.547839847015193	1.15548470663669
-0.235347718496127	0.478085788797099
-0.104084858936095	0.11662929775853
-0.196601568651646	0.218965381967176
-0.295199065943165	0.32582781543721
-0.707153749804106	1.09294370168777
-0.199581443909921	0.198962913102601
0.0992667797704428	0.0904678813737483
-0.585745095019464	0.805350012290313
0.111492906889438	0.105165104300559
0.404067507537282	0.487809114240605
0.0447408453410456	0.0510333001305916
-0.0787722905574134	0.0993588812308326
-0.270029922353365	0.373896541957428
-0.0784384120328596	0.0988967988949988
-0.370215197109792	0.533806570338492
-0.226622348147939	0.225268899745618
-0.740403525198779	0.968655328420351
-0.276762278838592	0.289829439158008
-0.0652557939980811	0.0546975787793667
-0.198105154649826	0.209136675939325
-0.196901140028308	0.422790048031312
0.0338147236662805	0.0446325080332709
-0.152345269216006	0.267736040713024
-0.191072076991184	0.365930975405677
-0.583662543927581	0.556542009153563
-0.176717497569217	0.144549133055211
0.399341037123646	0.370129367319202
-0.289148123734252	0.285456309773872
-0.424070404586131	0.438455333985693
-0.58538498412358	0.667610809595436
-0.076098662211562	0.0682427780652874
0.0453026523758465	0.0396414435712206
-0.280222316614354	0.373175287118534
0.278168776814247	0.374510400688935
-0.260034440700342	0.302948494032408
-0.00422758010826036	0.0043207440185015
0.0316611855696558	0.0331657025214829
-0.387388342318137	0.536823925738074
-1.0115062414957	1.36439034928904
-0.376031363505098	0.319750089878646
0.111738652640558	0.105425428640734
0.469624824531005	0.55495845284971
-0.252969530226262	0.203259462218463
-0.0516704585279625	0.0496723986206087
-0.585246791740703	0.667440793355503
-0.175053249583815	0.333889494969124
-0.58642933996195	0.805916293486901
0.155621945192647	0.1267890069065
-0.417444306945738	0.505125960091769
0.00643900615721499	0.00634098183548379
0.245803138009466	0.370506922944429
-0.361833089778366	0.635374925590195
-0.135727496153122	0.144335566876
-0.543092256807701	0.716373996273789
-0.638788368006849	0.764126122812867
-0.843716971454895	0.995224858764752
0.46231304300333	0.592917951783947
-0.690460588136841	0.864568200066137
-0.525152462800333	0.537761471880359
-0.880533700959561	1.30046627966342
-0.52535940767548	1.34027885709089
-0.189301112247179	0.353172914951542
-0.144331811184863	0.118925546263393
-0.69904188109271	0.832994107674655
-0.510554622345062	0.458200766709878
-0.433442937245101	0.364734970167462
-0.631670460664945	0.830125132981521
0.106949304783205	0.110387711393916
0.225554250244349	0.279236031267024
0.273213799447365	0.413893664313341
-0.324959909228267	0.357618971503765
-0.453627627316428	0.547909975500408
-0.444547077145975	0.511279387934341
-0.504465828969455	0.666516257684874
-0.342898558405948	0.357056731661571
-0.731879245067499	0.732594284903955
-0.265696734324441	0.194168599906118
0.165605323878499	0.16248865349254
0.517787801284034	0.702340218243811
-0.226471223221292	0.225043352092021
0.306835478361106	0.477620437900993
0.287856983233312	0.466093157881444
-0.106146179133327	0.134403229918908
-0.284787928156502	0.331131887082044
-0.486231852995257	0.727891740239933
-0.0461826966462549	0.0470314194157496
-0.302457586768445	0.402560964844075
-0.156414050709684	0.18320713394812
0.0312165012490977	0.0326758345516984
-0.277626862525768	0.426919154075112
-0.267576569335794	0.296031111510445
-0.340039820575007	0.433143537135898
-0.584293119730883	1.04201685831617
0.028337056252895	0.0338546130692687
0.0548355382940853	0.0609484846980716
0.024901916250065	0.0282957369040388
-0.46892426686956	0.620569913022959
0.153592292446978	0.183192225579383
-0.402703215902723	0.60321828401886
0.0853875478868927	0.108521097217047
-0.119660990428972	0.157374498693048
-0.34581615811605	0.498354187679185
