x	y	clickSelects
0.063343219674838	0.508238057982816	9
-0.098235856286303	0.353414829103439	9
0.018056432898871	0.441217944876616	10
-0.038464314880281	0.414424326723021	10
-0.0384550952589881	0.414291169728785	10
-0.041982672273346	0.630647826107759	52
0.017963326955765	0.441341043477748	115
0.048167513635818	0.471016343360915	10
0.063329730916325	0.508235697146491	10
-0.038101962939554	0.414130609919789	10
0.084415246499077	0.583875515619935	10
-0.10241225822089	0.785412764059539	5
0.091274054880803	0.622191717871612	5
-0.041982672273346	0.630647826107759	5
-0.074770615882228	0.598736917205988	5
-0.038241631735444	0.41410029348193	5
-0.118143327583173	0.967200514735442	13
-0.099278232245566	0.35392746874739	3
-0.0419547323838489	0.6302863210645	23
0.063316238487333	0.508174597084697	23
0.106472594652315	0.730996143549834	157
-0.097314325335099	0.352888726716764	157
-0.0980343570804339	0.353432748047731	157
-0.097196756999081	0.352694669460464	75
-0.0980343570804339	0.353432748047731	75
0.017978153477464	0.441299012127764	254
0.048152231285691	0.470882504514928	6
-0.038111377288474	0.414177817025583	6
-0.09771589802742	0.353095483927744	50
0.04809882712395	0.471095771394012	50
-0.098352883478491	0.353483822010577	50
-0.09771589802742	0.353095483927744	50
-0.0383344554852471	0.414193392330842	50
-0.098554588996423	0.353709685597233	50
-0.054323161532234	1.04868440054173	24
-0.051742222533774	0.848030929183181	9
0.04809882712395	0.471095771394012	9
-0.0980343570804339	0.353432748047731	164
0.018041660723745	0.441230120289073	9
-0.098352883478491	0.353483822010577	9
-0.098554588996423	0.353709685597233	10
-0.038222961863263	0.414264406349458	10
-0.097833196182046	0.353207340512575	115
-0.038232305482405	0.414275835906919	115
0.0480761847510181	0.471043419126657	10
0.04797713468845	0.470963379535774	10
0.017900032419528	0.441350213980641	5
0.063329730916325	0.508235697146491	5
0.063237475822118	0.508259419397331	5
-0.069184157268034	1.21256603881576	157
-0.075305771267545	0.599583968274633	157
-0.03812077431086	0.414038094571237	157
-0.097833196182046	0.353207340512575	157
-0.0980343570804339	0.353432748047731	75
-0.037999701638591	0.413940026884914	28
-0.09771589802742	0.353095483927744	28
-0.098873389158817	0.353718585819526	254
0.063408471126852	0.508125343240681	6
0.017466387036037	0.441427357819843	151
0.017948515857331	0.441276325037825	151
-0.097314325335099	0.352888726716764	50
-0.097833196182046	0.353207340512575	151
0.017963326955765	0.441341043477748	50
-0.0980343570804339	0.353432748047731	50
-0.038343745757691	0.414362328106443	24
-0.075150817760178	0.599509934408343	24
-0.041894359018436	0.630167096930256	24
-0.060523753327011	1.77812372352247	9
-0.03843296417955	1.07548811476324	9
-0.0383344554852471	0.414193392330842	164
-0.099075640655895	0.353944854479088	9
-0.099075640655895	0.353944854479088	9
-0.0517272275620631	0.847797084014525	52
-0.102456218495276	0.785740006128746	52
-0.098554588996423	0.353709685597233	52
0.063329730916325	0.508235697146491	10
0.048205724416729	0.470910260347338	10
-0.038222961863263	0.414264406349458	10
0.04809882712395	0.471095771394012	5
-0.075135049387965	0.599550836734038	5
0.063514201586973	0.507940032132344	5
-0.038473517099805	0.414356124603627	10
-0.098235856286303	0.353414829103439	10
-0.038111377288474	0.414177817025583	13
-0.102563147890518	0.785844565177501	5
-0.09771589802742	0.353095483927744	5
-0.098235856286303	0.353414829103439	23
0.0177292753209	0.441490978820015	23
0.101319938065806	0.696178615437493	157
-0.038222961863263	0.414264406349458	157
-0.0980343570804339	0.353432748047731	23
-0.097314325335099	0.352888726716764	28
-0.098554588996423	0.353709685597233	6
0.07507394885366	0.545783675338654	6
0.048236200513971	0.470846950090697	6
-0.098554588996423	0.353709685597233	151
-0.038353018666431	0.414337941238971	50
-0.038464314880281	0.414424326723021	151
-0.09771589802742	0.353095483927744	151
0.017963326955765	0.441341043477748	24
0.091446188067871	0.621831737478407	9
-0.038232305482405	0.414275835906919	9
-0.074035939998639	0.816375692949902	9
0.063408471126852	0.508125343240681	9
-0.09751494297264	0.353113627072122	9
-0.098554588996423	0.353709685597233	9
-0.0750458549234641	0.599435065359958	10
0.0914016202769971	0.621829025779538	52
-0.038111377288474	0.414177817025583	115
0.017855436085875	0.441193221226084	52
0.0177143011176401	0.441519104636812	52
-0.038464314880281	0.414424326723021	10
0.048167513635818	0.471016343360915	10
-0.03812077431086	0.414038094571237	10
-0.097833196182046	0.353207340512575	10
-0.038505507498841	1.07577254731158	5
0.048129316552884	0.471060482975925	5
0.063408471126852	0.508125343240681	5
-0.037990233828196	0.414043933099704	5
0.063250955301187	0.508320544769257	5
0.063093297955259	0.508417242046547	10
-0.075240015986526	0.599593248021543	10
-0.016388829064612	0.663040642355053	10
-0.074146040742489	0.816512466993869	136
0.01763654577387	0.441536831391427	10
-0.038353018666431	0.414337941238971	13
-0.098235856286303	0.353414829103439	13
0.040701027667097	0.801086246794398	5
-0.098235856286303	0.353414829103439	23
-0.098554588996423	0.353709685597233	23
0.041011352635689	0.801273952586243	23
0.0427351190902751	1.09318308778037	23
-0.102456218495276	0.785740006128746	157
0.018306846680804	0.440715130124699	157
-0.016359856860222	0.662954716710527	23
-0.0980343570804339	0.353432748047731	75
-0.098235856286303	0.353414829103439	28
-0.038222961863263	0.414264406349458	28
-0.038222961863263	0.414264406349458	31
-0.10235235414452	0.785514109137052	6
-0.041908305713741	0.630579329942369	6
0.048068364212171	0.4711048335323	151
0.018120152890429	0.441085742998587	50
-0.0980343570804339	0.353432748047731	50
0.063370186185948	0.508081781188768	50
-0.0162011144783351	0.66270873611259	50
-0.0383344554852471	0.414193392330842	50
0.091425427238918	0.621915360766391	24
-0.038213600919535	0.414059767247702	24
0.063408471126852	0.508125343240681	24
-0.0161226246794109	0.662495372105202	24
-0.037990233828196	0.414043933099704	9
0.0480761847510181	0.471043419126657	9
-0.0980343570804339	0.353432748047731	9
0.075154138563505	0.545752345612659	52
-0.099075640655895	0.353944854479088	52
-0.098554588996423	0.353709685597233	10
0.063172144305836	0.508381075212563	5
-0.038353018666431	0.414337941238971	5
-0.09751494297264	0.353113627072122	10
0.063250955301187	0.508320544769257	10
0.063356704764237	0.50818911175335	10
0.063408471126852	0.508125343240681	13
0.096504635821028	0.660029290410333	13
-0.042173115154123	0.630685101687991	5
-0.098352883478491	0.353483822010577	62
-0.09771589802742	0.353095483927744	155
-0.038232305482405	0.414275835906919	23
-0.097833196182046	0.353207340512575	28
0.0177292753209	0.441490978820015	6
-0.096996344736511	0.352712982272515	151
-0.0980343570804339	0.353432748047731	50
-0.098554588996423	0.353709685597233	50
0.048114101292369	0.47074469564081	50
-0.0980343570804339	0.353432748047731	151
-0.09751494297264	0.353113627072122	50
0.072675880327523	0.928074638168312	24
-0.016518666460027	0.662951172837911	24
0.017947666343921	0.732754184124322	24
-0.0980343570804339	0.353432748047731	24
0.075260074216374	0.545605022666558	24
0.096793972881687	0.659260258654703	9
-0.07397057836553	0.816220702874999	52
-0.0166278501167501	0.663003913653235	115
-0.042089496111302	0.630754759552082	10
0.018306846680804	0.440715130124699	10
-0.0749646380190711	0.599304485288219	10
0.08466349758448	0.583130966181742	10
-0.0980343570804339	0.353432748047731	5
-0.038353018666431	0.414337941238971	5
-0.038353018666431	0.414337941238971	5
-0.055454553196583	1.24020715475455	5
0.033402273348501	1.31935094481431	5
-0.016387156575993	0.663061566941855	5
0.048175274861663	0.470945497752617	10
-0.038464314880281	0.414424326723021	136
-0.041945482047303	0.630661225316363	13
-0.0980343570804339	0.353432748047731	5
-0.00257415446557496	0.939031324229273	23
0.111099608707929	0.764284559254469	23
0.00468536426668398	1.19352654322959	23
0.00973784388130305	0.968380304239349	23
0.048205724416729	0.470910260347338	23
-0.038464314880281	0.414424326723021	23
-0.098554588996423	0.353709685597233	28
-0.038213600919535	0.414059767247702	28
-0.09751494297264	0.353113627072122	6
-0.037990233828196	0.414043933099704	6
0.075258608972036	0.545420306406661	50
0.091143360720645	0.622339256267809	50
-0.09771589802742	0.353095483927744	24
0.074914964874669	0.545755927653591	24
-0.041959463063889	0.630501322211344	24
-0.0383344554852471	0.414193392330842	164
0.018056432898871	0.441217944876616	9
-0.09751494297264	0.353113627072122	10
0.017792214528392	0.441468073086455	10
-0.038695731466628	0.414371031823955	115
0.018056432898871	0.441217944876616	52
-0.037980748731883	0.413953048132144	10
0.017792214528392	0.441468073086455	10
0.048205724416729	0.470910260347338	5
-0.075127181183508	0.599448766878507	5
-0.0162301115167101	0.662706630838277	5
0.063185607178434	0.508383460359442	5
-0.075142928248916	0.599571444913089	5
-0.038464314880281	0.414424326723021	136
-0.074778579016601	0.598838855860113	13
0.063145207565161	0.508138259065505	5
-0.098554588996423	0.353709685597233	62
-0.097833196182046	0.353207340512575	3
-0.0980343570804339	0.353432748047731	23
-0.038353018666431	0.414337941238971	23
-0.099075640655895	0.353944854479088	23
0.101467024812931	0.696480310691995	6
0.063435470882058	0.508078747495984	6
-0.096996344736511	0.352712982272515	50
-0.0980343570804339	0.353432748047731	50
0.0177143011176401	0.441519104636812	50
0.017855436085875	0.441193221226084	50
-0.098554588996423	0.353709685597233	151
-0.099075640655895	0.353944854479088	24
0.111211631993151	0.764126122812867	24
-0.017176599744962	0.910087286186079	24
0.116699855524737	1.77562044042958	9
0.048129316552884	0.471060482975925	9
-0.038101962939554	0.414130609919789	9
0.048175274861663	0.470945497752617	9
-0.041922270637053	0.630589539613816	9
-0.038111377288474	0.414177817025583	52
-0.102519190369605	0.785826602283405	52
0.063514201586973	0.507940032132344	115
0.075260074216374	0.545605022666558	115
0.048030140972728	0.471086554526434	52
-0.038695731466628	0.414371031823955	52
0.063370186185948	0.508081781188768	5
0.0480379278286071	0.471087613431695	5
-0.002892135198168	0.939409013085609	5
-0.099075640655895	0.353944854479088	10
-0.098554588996423	0.353709685597233	10
-0.0980343570804339	0.353432748047731	10
-0.075142928248916	0.599571444913089	5
-0.099075640655895	0.353944854479088	5
-0.098352883478491	0.353483822010577	23
0.082106482963932	0.994089787277874	23
-0.038709147040087	1.07570758900434	23
0.10139508984043	0.696542317612013	23
-0.0980343570804339	0.353432748047731	23
-0.098873389158817	0.353718585819526	6
-0.099075640655895	0.353944854479088	50
-0.098235856286303	0.353414829103439	50
-0.075061670752121	0.599394220982401	24
-0.038232305482405	0.414275835906919	24
0.07539170686106	0.54516836090086	24
0.063343219674838	0.508238057982816	9
0.048091133154588	0.471042169258016	9
-0.038464314880281	0.414424326723021	9
0.017699342444723	0.441384704650949	9
-0.051747518947093	0.847979241733637	52
-0.073905239437654	0.816031742983378	115
0.048205724416729	0.470910260347338	115
0.075234323214785	0.545649823465162	115
-0.042163932456785	0.630644827033637	115
0.017900032419528	0.441350213980641	115
-0.09751494297264	0.353113627072122	52
0.00311921498448697	0.697457472057385	52
-0.0750458549234641	0.599435065359958	52
-0.042019876326016	0.630530640063288	5
-0.042066289731086	0.630748823283636	5
0.11811539241798	0.830460444949871	5
-0.075061670752121	0.599394220982401	5
0.075046740623488	0.545717615515664	5
-0.038343745757691	0.414362328106443	19
0.0480379278286071	0.471087613431695	5
0.04809882712395	0.471095771394012	5
-0.097314325335099	0.352888726716764	107
0.074967967294757	0.545790526472073	10
-0.074956711698704	0.599283845361732	136
-0.041959463063889	0.630501322211344	5
0.048060623814151	0.471077472243728	5
0.0965910856076549	0.659917412289735	5
-0.038678131322783	1.0759756174493	5
-0.08170768550193	1.37847269671956	5
0.048060623814151	0.471077472243728	5
-0.098756633713589	0.353692019334519	22
-0.098873389158817	0.353718585819526	23
-0.097833196182046	0.353207340512575	23
-0.085368888875214	1.18654642894976	23
-0.037990233828196	0.414043933099704	157
-0.075135049387965	0.599550836734038	23
-0.038464314880281	0.414424326723021	363
-0.097196756999081	0.352694669460464	285
0.075128371293633	0.5457500837636	6
0.04809882712395	0.471095771394012	6
0.017933720144475	0.441049099583088	50
-0.037990233828196	0.414043933099704	50
-0.038232305482405	0.414275835906919	50
-0.038101962939554	0.414130609919789	151
0.018134870756271	0.441106968732687	151
-0.042005881270846	0.630719515069575	24
-0.0420430831368011	0.630677137943554	24
0.0177292753209	0.441490978820015	9
-0.03775690953188	0.413628552068713	52
-0.075240015986526	0.599593248021543	52
-0.093796521306471	0.995422279507028	115
0.047991931438493	0.470948690948521	115
-0.016281321352695	0.662925995029655	115
0.017807134329266	0.441473163114747	115
-0.038222961863263	0.414264406349458	115
-0.041945482047303	0.630661225316363	115
-0.098554588996423	0.353709685597233	52
-0.0420430831368011	0.630677137943554	52
-0.0754107477259231	0.59972581114889	5
-0.074232160893451	0.816656260054727	5
-0.118366506412099	0.967858973564698	5
0.04809882712395	0.471095771394012	5
0.063264431112624	0.508322918373419	5
-0.038464314880281	0.414424326723021	5
-0.09771589802742	0.353095483927744	5
-0.0980343570804339	0.353432748047731	137
0.018056432898871	0.441217944876616	5
-0.038222961863263	0.414264406349458	5
-0.098352883478491	0.353483822010577	3
-0.098554588996423	0.353709685597233	23
0.04797713468845	0.470963379535774	157
-0.0980343570804339	0.353432748047731	16
-0.038464314880281	0.414424326723021	6
-0.0980343570804339	0.353432748047731	151
-0.038695731466628	0.414371031823955	49
0.017885151515488	0.441422043241892	24
0.017900032419528	0.441350213980641	24
-0.04176434001203	0.630299228341388	24
0.030166210951231	0.767669262259195	24
-0.0690439872941711	1.2120264755551	9
-0.016832082342005	0.909580986089449	9
0.047991931438493	0.470948690948521	9
-0.097833196182046	0.353207340512575	164
-0.098554588996423	0.353709685597233	9
-0.098756633713589	0.353692019334519	9
-0.075321423367854	0.599706575982585	9
-0.016441749899156	0.663094658546721	52
0.063185607178434	0.508383460359442	52
0.096504635821028	0.660029290410333	52
-0.042029090058758	0.630725452876737	115
0.0751526903693121	0.545617365600518	115
0.048137044135346	0.471051609861451	52
0.018120152890429	0.441085742998587	10
0.084352289404545	0.58393081140269	5
0.048205724416729	0.470910260347338	5
0.017885151515488	0.441422043241892	5
-0.09751494297264	0.353113627072122	5
-0.097833196182046	0.353207340512575	5
0.115304000732515	0.796631811155027	5
-0.042005881270846	0.630719515069575	226
-0.098235856286303	0.353414829103439	96
-0.038362274170581	0.414118625175472	23
-0.09751494297264	0.353113627072122	23
-0.074972574974717	0.599243066457034	23
-0.09751494297264	0.353113627072122	94
-0.09751494297264	0.353113627072122	94
-0.097833196182046	0.353207340512575	78
-0.051721916884086	0.848043425468633	6
-0.037999701638591	0.413940026884914	151
-0.038343745757691	0.414362328106443	151
-0.038222961863263	0.414264406349458	151
0.018198803524186	0.440897396086556	24
0.063356704764237	0.50818911175335	24
0.018134870756271	0.441106968732687	24
0.084374282001252	0.583870435607684	24
0.0177143011176401	0.441519104636812	9
0.00279733770240898	0.697822392172466	52
-0.041908305713741	0.630579329942369	115
0.048137044135346	0.471051609861451	115
0.017792214528392	0.441468073086455	52
-0.016387156575993	0.663061566941855	52
0.017699342444723	0.441384704650949	52
-0.041801495132781	0.63038238662287	5
0.075365978735715	0.545352624230085	5
0.01763654577387	0.441536831391427	5
-0.09771589802742	0.353095483927744	19
-0.102371276659045	0.785502406310806	10
0.030137323365088	0.767705345432537	136
-0.037980748731883	0.413953048132144	5
0.111099608707929	0.764284559254469	13
-0.016441749899156	0.663094658546721	5
-0.098554588996423	0.353709685597233	3
-0.098554588996423	0.353709685597233	3
-0.0754107477259231	0.59972581114889	23
-0.09751494297264	0.353113627072122	28
0.018056432898871	0.441217944876616	78
0.0178702860833611	0.441387161072424	78
-0.075135049387965	0.599550836734038	151
-0.038343745757691	0.414362328106443	151
-0.0980343570804339	0.353432748047731	50
0.084415246499077	0.583875515619935	50
-0.096996344736511	0.352712982272515	49
-0.099075640655895	0.353944854479088	151
0.018228146026064	0.44085949939863	24
0.00316339246913699	0.697370404864275	24
0.047969254831406	0.471023900646723	6
-0.09939471515573	0.353874659115583	6
-0.098554588996423	0.353709685597233	24
0.106439114394858	0.731042205742158	24
0.111106105221413	0.764101752209184	24
0.084223335911574	0.58385482272296	24
0.096723180808149	0.65967225997152	9
-0.041945482047303	0.630661225316363	9
0.017885151515488	0.441422043241892	9
-0.0754029400831731	0.599705268512402	9
0.04800751798394	0.471042122206643	9
-0.098756633713589	0.353692019334519	9
-0.016414454254694	0.663108225094003	52
-0.104177160199062	1.16200040214621	115
-0.118036501910335	0.967094569904697	115
0.075234323214785	0.545649823465162	115
-0.073905239437654	0.816031742983378	10
0.084688893688887	0.583361206761243	5
0.063133636804223	0.508263388565242	5
-0.097833196182046	0.353207340512575	5
-0.098554588996423	0.353709685597233	137
-0.098352883478491	0.353483822010577	5
0.00299358534899896	0.697678094612967	5
-0.038473517099805	0.414356124603627	3
-0.09751494297264	0.353113627072122	3
0.0288802702201521	1.02870085318916	23
-0.075224295078979	0.599634201404957	23
-0.075142928248916	0.599571444913089	23
0.01763654577387	0.441536831391427	23
-0.09751494297264	0.353113627072122	94
-0.098756633713589	0.353692019334519	28
-0.09751494297264	0.353113627072122	20
-0.102308340792268	0.785349622788333	78
0.017963326955765	0.441341043477748	50
-0.098352883478491	0.353483822010577	151
-0.016359856860222	0.662954716710527	50
0.048129316552884	0.471060482975925	24
0.017947666343921	0.732754184124322	24
-0.074080622929075	0.816419155705699	24
0.030469928344129	0.766925635905196	24
-0.051920541205241	0.848253372479533	24
-0.098352883478491	0.353483822010577	6
0.048106601170115	0.471060653765222	24
0.048091133154588	0.471042169258016	24
0.048236200513971	0.470846950090697	153
0.047961455176503	0.470931543491463	9
-0.0980343570804339	0.353432748047731	9
-0.038343745757691	0.414362328106443	52
0.018134870756271	0.441106968732687	115
-0.098554588996423	0.353709685597233	52
-0.075321423367854	0.599706575982585	52
0.01763654577387	0.441536831391427	52
0.084519064067727	0.583713359197363	10
-0.118254872563462	0.96763483364418	52
0.017948515857331	0.441276325037825	10
0.018094812759939	0.732583367161598	5
0.017948515857331	0.441276325037825	5
0.091033282267716	0.622359946087841	5
-0.098756633713589	0.353692019334519	5
0.0177292753209	0.441490978820015	5
0.075126927980529	0.545745098121915	10
-0.041982672273346	0.630647826107759	136
0.017978153477464	0.441299012127764	136
-0.09751494297264	0.353113627072122	10
-0.075135049387965	0.599550836734038	5
-0.038464314880281	0.414424326723021	3
0.017807134329266	0.441473163114747	3
0.017792214528392	0.441468073086455	23
-0.0980343570804339	0.353432748047731	23
-0.074956711698704	0.599283845361732	157
-0.098873389158817	0.353718585819526	23
-0.098235856286303	0.353414829103439	28
-0.097833196182046	0.353207340512575	94
-0.098554588996423	0.353709685597233	20
-0.016965758113602	0.910044166485404	78
0.0177292753209	0.441490978820015	151
0.017963326955765	0.441341043477748	151
-0.09751494297264	0.353113627072122	50
-0.074125355129181	0.816362037247588	50
-0.098554588996423	0.353709685597233	151
-0.098554588996423	0.353709685597233	151
-0.098554588996423	0.353709685597233	151
-0.038464314880281	0.414424326723021	24
0.00973050005711096	0.968138335081111	24
0.048167513635818	0.471016343360915	164
-0.0750458549234641	0.599435065359958	9
0.091315539427417	0.622068107957982	9
-0.102500197789548	0.785757997478442	9
0.084349209646409	0.583766575955129	9
0.00307849189864695	0.697565218519348	52
-0.016255713429042	0.662862174171496	115
-0.074276944220782	0.816610642593843	115
0.041299037418329	0.800366186290296	115
-0.051767812830155	0.84809156874333	115
0.10642884025785	0.730920027636145	10
-0.016334235224492	0.663007552598854	10
0.075364496388057	0.54510246531761	10
-0.016726616899216	0.909076073469569	10
0.111241827226724	0.763918439133669	5
0.018041660723745	0.441230120289073	5
0.017948515857331	0.441276325037825	5
0.106377412381371	0.731000600822443	5
-0.038222961863263	0.414264406349458	10
0.018056432898871	0.441217944876616	10
0.048137044135346	0.471051609861451	10
-0.118280070505847	0.96771546914886	5
0.0752328629001901	0.545597783452129	5
0.048068364212171	0.4711048335323	5
0.048083519131537	0.470840918920392	5
0.048091133154588	0.471042169258016	3
0.017885151515488	0.441422043241892	5
-0.0980343570804339	0.353432748047731	3
0.017822069649896	0.441368127807516	3
-0.097314325335099	0.352888726716764	3
-0.0980343570804339	0.353432748047731	3
-0.0980343570804339	0.353432748047731	3
-0.038353018666431	0.414337941238971	3
-0.037990233828196	0.414043933099704	157
0.114975845835709	0.797289030582486	23
0.075367459696125	0.545363877292345	23
-0.098873389158817	0.353718585819526	23
-0.098554588996423	0.353709685597233	28
-0.099075640655895	0.353944854479088	94
-0.037878413463182	0.41380613890332	20
-0.097833196182046	0.353207340512575	20
-0.041847927464025	0.630459992763821	6
0.017963326955765	0.441341043477748	151
-0.038482701877198	0.414043062981242	151
0.0844592481269	0.583706954287991	151
0.062948923400959	0.508412058019127	6
0.063250955301187	0.508320544769257	24
0.091098694249095	0.622340682489739	24
-0.042052298639449	0.630656110813843	24
0.091208718711636	0.622276283523047	24
0.101315508697123	0.696569312787746	164
-0.051808408102043	0.848128932209231	153
-0.074056657166924	0.81638992795693	9
0.00303432589534103	0.697538837656829	9
0.050757455460876	0.833297261157084	9
-0.074146040742489	0.816512466993869	9
0.084666848488965	0.583421581205999	52
0.059607363570782	0.864470326401724	52
-0.09368791408267	0.995116678033945	10
0.075155585509051	0.545661184705511	10
0.00326686832302703	0.69710344076095	5
0.106256208349168	0.730983179867197	5
0.048190374916138	0.470900828404984	19
0.017963326955765	0.441341043477748	5
0.096499669214274	0.659905169645271	10
0.091253305477373	0.622188073930247	5
0.07507394885366	0.545783675338654	5
-0.038101962939554	0.414130609919789	3
-0.098873389158817	0.353718585819526	3
-0.0980343570804339	0.353432748047731	3
0.017666618662296	0.441218363145223	238
0.042790684337512	1.0930743228006	23
-0.0164930216918751	0.663087724450388	23
0.048068364212171	0.4711048335323	23
-0.097833196182046	0.353207340512575	28
-0.038343745757691	0.414362328106443	23
-0.098352883478491	0.353483822010577	16
-0.038473517099805	0.414356124603627	16
0.075181351138205	0.545711507796161	151
-0.038343745757691	0.414362328106443	151
0.063185607178434	0.508383460359442	151
-0.0384550952589881	0.414291169728785	216
0.048137044135346	0.471051609861451	24
0.017807134329266	0.441473163114747	6
-0.038241631735444	0.41410029348193	24
0.063329730916325	0.508235697146491	24
0.05095585692327	0.833026426386197	9
-0.0518949041164331	0.848116806170659	9
0.091315539427417	0.622068107957982	9
-0.042112702279816	0.630685418300134	9
0.101517531985938	0.696409457912416	52
0.10158332378941	0.696156511789165	52
0.111075936419978	0.764275651223735	52
-0.016898939475831	0.909868635809946	52
0.066866784974543	0.895858274606413	52
0.115089883340911	0.797204722600917	115
-0.038460532307066	1.07524857731171	115
0.030390445039948	0.767154114220621	115
0.096525015331737	0.660007482888487	52
0.101366013159498	0.696560403236024	52
0.091033282267716	0.622359946087841	10
0.120815123245734	0.863426460571392	5
0.020078962046312	0.998119377469808	5
0.030346943864401	0.767329384359328	5
0.050843842870538	0.833378565150973	5
-0.016387156575993	0.663061566941855	5
0.07539170686106	0.54516836090086	5
0.063264431112624	0.508322918373419	5
0.030296329830318	0.767438477700058	10
0.091229452906914	0.622236320719878	10
-0.016414454254694	0.663108225094003	5
0.063041286660701	0.508381254265831	5
0.030426436793633	0.767056386465778	5
-0.118407309964976	0.967743905919432	5
0.096789205661196	0.659515020496852	5
0.084581942720471	0.583588716949427	5
0.017822069649896	0.441368127807516	3
0.0177292753209	0.441490978820015	3
-0.038101962939554	0.414130609919789	3
-0.038464314880281	0.414424326723021	238
-0.098235856286303	0.353414829103439	23
0.063093297955259	0.508417242046547	23
-0.037980748731883	0.413953048132144	23
-0.01630861954926	0.662972643880192	23
-0.0754029400831731	0.599705268512402	23
0.0177143011176401	0.441519104636812	94
-0.038111377288474	0.414177817025583	94
0.048175274861663	0.470945497752617	28
-0.098235856286303	0.353414829103439	78
-0.033190742077624	0.879521667621264	151
-0.102541166752993	0.785872227558357	151
0.091208718711636	0.622276283523047	151
0.048159832487555	0.470997103993803	151
0.075258608972036	0.545420306406661	151
-0.038232305482405	0.414275835906919	151
0.048052963427586	0.470904281816488	151
-0.097833196182046	0.353207340512575	151
-0.038343745757691	0.414362328106443	24
-0.0980343570804339	0.353432748047731	24
0.002924720643118	0.697589302029009	24
0.0301084413714871	0.767689363487349	52
0.066776088114306	0.895771015949264	52
0.050825122537319	0.833212178352443	52
0.111279479956475	0.763962576400208	115
0.040944737369518	0.801367041113006	115
0.030368686139325	0.767280487249456	10
0.111082383871416	0.764172123750004	52
0.020081309724159	0.998261077732167	5
0.00971817701344202	0.967923779835899	5
-0.004082552083292	1.16291720368753	5
0.030238569722612	0.767560566360836	5
0.059530513240229	0.864453179806545	5
0.018293823466997	0.732107972025925	5
0.084497030745063	0.58368145739329	5
0.075049601844696	0.545668052412575	5
-0.075313591982397	0.599686009158765	137
-0.118325712212784	0.967675016408229	10
0.048137044135346	0.471051609861451	5
-0.117945500927667	0.966415763102952	5
-0.074035939998639	0.816375692949902	5
0.048167513635818	0.471016343360915	3
0.017885151515488	0.441422043241892	3
0.04800751798394	0.471042122206643	3
-0.0980343570804339	0.353432748047731	238
-0.038464314880281	0.414424326723021	238
-0.038343745757691	0.414362328106443	23
0.017885151515488	0.441422043241892	23
-0.0420430831368011	0.630677137943554	23
0.075314502806718	0.545475329450318	23
0.101480905012406	0.696063995615307	23
0.028985748381116	1.02848708991304	23
-0.042029090058758	0.630725452876737	23
0.017900032419528	0.441350213980641	94
-0.0980343570804339	0.353432748047731	28
-0.098352883478491	0.353483822010577	23
-0.037999701638591	0.413940026884914	20
-0.038111377288474	0.414177817025583	342
-0.098756633713589	0.353692019334519	78
0.048159832487555	0.470997103993803	78
0.00305641110687505	0.697581345058754	6
0.0966775307892	0.659742172425277	151
0.01763654577387	0.441536831391427	151
0.075179899331267	0.545683412508346	151
-0.0420430831368011	0.630677137943554	151
0.04809882712395	0.471095771394012	151
0.01777731021038	0.441303913539979	24
-0.01649467821567	0.663121538181514	24
-0.016332555104516	0.662774324721282	6
-0.093831687357657	0.995119144286722	6
0.017948515857331	0.441276325037825	24
0.017988059899997	0.732829633677683	6
-0.02105001699076	2.04298945788867	9
-0.069138517051728	1.21242917919825	9
0.091143360720645	0.622339256267809	9
0.018054415695141	0.732724845641667	52
0.115265990927978	0.796778281688882	52
0.050640878574802	0.833505614672753	5
0.122766818878402	0.897655393662617	5
0.00297151029416498	0.697635563753618	5
-0.054468771665968	1.04898831332018	5
0.091297844705168	0.622029190945966	5
-0.042126707406141	0.630748496181635	10
0.0751526903693121	0.545617365600518	10
0.00281793478088599	0.697808245282518	10
0.075207110278836	0.545690657241514	10
0.084308290447826	0.583914618045903	5
-0.0980343570804339	0.353432748047731	13
-0.041982672273346	0.630647826107759	3
-0.074080622929075	0.816419155705699	3
0.017963326955765	0.441341043477748	3
0.063185607178434	0.508383460359442	3
0.017699342444723	0.441384704650949	3
0.017792214528392	0.441468073086455	3
0.017978153477464	0.441299012127764	3
-0.09751494297264	0.353113627072122	148
-0.038362274170581	0.414118625175472	23
-0.075142928248916	0.599571444913089	23
0.048152231285691	0.470882504514928	23
-0.033175922862041	0.879376614253791	23
-0.097314325335099	0.352888726716764	23
-0.041824711396637	0.630454044297698	23
-0.0384550952589881	0.414291169728785	28
-0.098756633713589	0.353692019334519	28
0.01763654577387	0.441536831391427	28
-0.038111377288474	0.414177817025583	20
-0.016279633249944	0.662720330762715	78
0.075075383686997	0.545765523362656	78
0.0631067478976231	0.508419637507065	151
0.048175274861663	0.470945497752617	151
-0.042029090058758	0.630725452876737	151
-0.042005881270846	0.630719515069575	24
-0.041968693252402	0.630667165648645	24
0.0178702860833611	0.441387161072424	24
0.050664173683908	0.833509316117049	24
-0.00279538862760498	0.939411626944587	9
-0.055365051623504	1.23985538145743	153
-0.032815122839045	0.877661444976063	153
0.03008670137049	0.767741789537337	9
0.084286284089532	0.583821826978918	9
0.111211631993151	0.764126122812867	9
0.063185607178434	0.508383460359442	9
0.0181870775779061	0.732436549156271	9
-0.051630220696602	0.847666253689669	9
0.017941873253126	0.73286505952673	9
0.096565767341287	0.65983611689143	52
0.077914742430417	0.960538168092364	115
-0.104041239201519	1.16180450573728	52
0.106482980745953	0.730909735640533	52
0.091315539427417	0.622068107957982	52
0.059699213802682	0.864217545723177	52
0.050822798029651	0.833387554632983	52
0.030057814209701	0.767725818369495	10
0.101568040044437	0.696317763664638	5
0.082269231638653	0.99376363530657	5
-0.119252666772961	1.49056200751461	5
0.118161038314949	0.830424898928668	5
0.063421972840391	0.508127690026033	5
-0.075142928248916	0.599571444913089	5
-0.075240015986526	0.599593248021543	10
0.041044675333898	0.801191981888201	10
-0.016281321352695	0.662925995029655	5
0.017963326955765	0.441341043477748	13
0.050888203448457	0.833258632868648	5
0.0181409619267811	0.73254991886232	5
0.084352289404545	0.58393081140269	5
-0.0980343570804339	0.353432748047731	3
-0.038584669491101	0.414442391647873	23
0.048030140972728	0.471086554526434	23
-0.0750458549234641	0.599435065359958	23
-0.09751494297264	0.353113627072122	23
0.017947666343921	0.732754184124322	23
0.0966775307892	0.659742172425277	23
-0.075142928248916	0.599571444913089	23
-0.037990233828196	0.414043933099704	23
-0.098235856286303	0.353414829103439	28
-0.098352883478491	0.353483822010577	28
-0.097833196182046	0.353207340512575	23
-0.098235856286303	0.353414829103439	23
-0.098756633713589	0.353692019334519	20
-0.038464314880281	0.414424326723021	342
-0.038343745757691	0.414362328106443	30
0.04814485185986	0.4709545254248	151
0.084374282001252	0.583870435607684	151
0.075126927980529	0.545745098121915	151
0.063237475822118	0.508259419397331	151
0.07507394885366	0.545783675338654	24
0.10139508984043	0.696542317612013	24
0.063421972840391	0.508127690026033	24
0.0909711593715859	0.6223438187808	24
-0.074228832502071	0.816404667820575	24
0.115155441411135	0.797063532308475	9
0.03039755867697	0.767194512187711	9
-0.074232160893451	0.816656260054727	9
0.0965910856076549	0.659917412289735	9
0.077710860413461	0.960735788466062	52
0.072781304825547	0.928045203088818	52
0.020151529933808	0.998046884448874	52
0.00307849189864695	0.697565218519348	52
-0.00286594403540896	0.939503962520748	52
-0.072857583712209	1.02239235089141	52
-0.051986780795005	0.848266740933482	52
0.082367407859957	0.993193899963988	5
0.082220097639229	0.993793614074515	5
0.09657069967864	0.659939226936215	5
0.040972748924851	0.801254512360191	5
-0.01630861954926	0.662972643880192	5
-0.0752164506176301	0.599532139278292	5
-0.098352883478491	0.353483822010577	217
0.00287969531160903	0.69740892838338	10
0.075287287517624	0.545564195725926	10
-0.074077379269948	0.816333830861101	5
0.048137044135346	0.471051609861451	13
0.017807134329266	0.441473163114747	3
-0.042029090058758	0.630725452876737	3
-0.0980343570804339	0.353432748047731	3
0.0177292753209	0.441490978820015	148
-0.098873389158817	0.353718585819526	23
0.0178702860833611	0.441387161072424	23
-0.038343745757691	0.414362328106443	23
0.017948515857331	0.441276325037825	23
-0.075240015986526	0.599593248021543	23
-0.102604151174065	0.785927542903538	23
0.03000005666359	0.767494288973926	23
-0.03775690953188	0.413628552068713	23
0.062843132175325	0.508295779714934	23
0.075208565707402	0.545622611509452	23
0.017885151515488	0.441422043241892	23
0.0480840855585331	0.470891796209515	23
-0.038464314880281	0.414424326723021	23
-0.038353018666431	0.414337941238971	20
-0.099800653817146	0.35408418104254	342
-0.04181077684651	0.63023594176319	6
0.084581942720471	0.583588716949427	151
-0.075142928248916	0.599571444913089	151
-0.016414454254694	0.663108225094003	151
-0.097833196182046	0.353207340512575	151
0.017807134329266	0.441473163114747	24
0.048106601170115	0.471060653765222	24
0.075128371293633	0.5457500837636	24
0.040806232996354	0.801312605973671	9
0.091211792408884	0.622019672117386	9
0.017967864460789	0.732821298651971	9
-0.0938470184670081	0.995547367050303	9
-0.085116557920523	1.1859861803034	9
0.028894468072883	1.02871421131662	52
0.090991871745561	0.622396171256163	115
0.117978461880961	0.830451637916883	52
-0.0518340276884049	0.848161563336183	52
-0.041945482047303	0.630661225316363	52
-0.085258409483066	1.18655417477991	5
0.00301461825294003	0.697663368297709	5
-0.066833246748329	1.59751934593071	5
0.115086391559744	0.797222764842826	5
-0.0724790686786499	1.02167419911996	5
0.114948326729627	0.797308974388257	5
-0.016573262377946	0.663104637362673	5
0.059495353666729	0.86457604362879	5
0.00299358534899896	0.697678094612967	217
0.017792214528392	0.441468073086455	5
0.106439114394858	0.731042205742158	5
-0.0169323535924441	0.909969798012273	5
-0.042005881270846	0.630719515069575	3
0.0177143011176401	0.441519104636812	5
-0.098352883478491	0.353483822010577	5
-0.038584669491101	0.414442391647873	5
0.017963326955765	0.441341043477748	5
0.048083519131537	0.470840918920392	23
0.075179899331267	0.545683412508346	23
0.06357937288619	0.507816047405359	23
-0.097833196182046	0.353207340512575	23
-0.038695731466628	0.414371031823955	23
-0.09771589802742	0.353095483927744	23
-0.102541166752993	0.785872227558357	78
-0.075061670752121	0.599394220982401	78
-0.038612577316588	1.07603785305031	151
-0.075142928248916	0.599571444913089	151
0.075154138563505	0.545752345612659	151
0.0177292753209	0.441490978820015	151
-0.097833196182046	0.353207340512575	151
-0.041787558524264	0.63030518261539	151
0.0178702860833611	0.441387161072424	151
-0.0383344554852471	0.414193392330842	24
0.00297151029416498	0.697635563753618	24
0.063394965740158	0.508064277585327	6
0.096458929986788	0.660076529122411	24
0.063185607178434	0.508383460359442	24
0.017921687581491	0.73290941491741	24
-0.044845481237448	1.65024359935144	9
-0.104281531068344	1.1617551919941	9
0.096306353881472	0.660172892929773	9
0.114803281259034	0.797250296549691	52
0.012280097534766	1.22646095575758	52
0.12289757221821	0.897237358413899	52
-0.038412281084986	1.07473192847115	115
-0.051900258284141	0.848203517793933	115
-0.025283860183971	1.10376497328955	52
0.00318199696521804	0.697304602378743	52
0.0965910856076549	0.659917412289735	10
0.00305641110687505	0.697581345058754	52
0.101387452576451	0.696504326824653	52
0.115234948213774	0.796831032986354	5
0.106472594652315	0.730996143549834	5
0.00320409808434496	0.697288451086869	5
0.091208718711636	0.622276283523047	5
0.091318609332057	0.622081457327723	5
-0.0980343570804339	0.353432748047731	5
-0.10258218567443	0.785881930049397	10
0.096809608574809	0.659451270898266	5
0.101756213038312	0.695890645353266	5
0.101676656508942	0.696127132054422	5
0.048137044135346	0.471051609861451	5
-0.038232305482405	0.414275835906919	5
-0.038232305482405	0.414275835906919	5
0.063500690585278	0.50798896479976	3
-0.038101962939554	0.414130609919789	148
-0.0384550952589881	0.414291169728785	148
-0.075313591982397	0.599686009158765	229
0.017792214528392	0.441468073086455	23
-0.038232305482405	0.414275835906919	23
-0.098554588996423	0.353709685597233	16
-0.097833196182046	0.353207340512575	334
0.017978153477464	0.441299012127764	20
-0.09751494297264	0.353113627072122	342
-0.041968693252402	0.630667165648645	78
0.041288547303323	0.800260671925774	78
0.096809608574809	0.659451270898266	151
-0.041680756795035	0.630029596921293	151
-0.041968693252402	0.630667165648645	151
-0.041968693252402	0.630667165648645	151
0.063250955301187	0.508320544769257	6
-0.0980343570804339	0.353432748047731	151
-0.0384550952589881	0.414291169728785	24
-0.038464314880281	0.414424326723021	24
0.063356704764237	0.50818911175335	24
0.017948515857331	0.441276325037825	6
-0.09368791408267	0.995116678033945	24
0.096525015331737	0.660007482888487	24
0.106315859210634	0.730728998536494	24
0.104154140385871	1.18978145743179	9
0.084349209646409	0.583766575955129	10
-0.093796521306471	0.995422279507028	52
0.101575660041353	0.696331961700475	52
0.067049817378435	0.895358866448042	52
0.075179899331267	0.545683412508346	115
0.0843302922197891	0.583946577934216	115
0.03008670137049	0.767741789537337	52
-0.075224295078979	0.599634201404957	52
0.060693284688183	1.42856149928837	5
0.040994152240852	0.801122849481615	5
-0.0980343570804339	0.353432748047731	5
0.075340244041036	0.545452715371539	5
0.048137044135346	0.471051609861451	10
-0.075061670752121	0.599394220982401	10
-0.097314325335099	0.352888726716764	3
-0.038222961863263	0.414264406349458	3
0.017792214528392	0.441468073086455	359
-0.097833196182046	0.353207340512575	359
0.091033282267716	0.622359946087841	23
0.115010367415259	0.797238656525503	23
0.075234323214785	0.545649823465162	23
0.1063335150346	0.731091976989806	23
0.075128371293633	0.5457500837636	23
-0.098554588996423	0.353709685597233	28
-0.038222961863263	0.414264406349458	94
-0.097314325335099	0.352888726716764	23
0.00297151029416498	0.697635563753618	78
0.00973416960192497	0.968299835530128	78
0.017792214528392	0.441468073086455	151
0.091315539427417	0.622068107957982	151
-0.103929232587354	1.16133191293266	24
-0.075224295078979	0.599634201404957	24
-0.075208616825992	0.599276847842701	24
0.105573943379788	1.43971862810765	9
-0.118254872563462	0.96763483364418	9
-0.102708246520331	0.785897774579404	9
0.002907836355861	0.69770729158356	9
0.00279733770240898	0.697822392172466	10
-0.00273042436447402	0.93948274628369	52
-0.03850202728295	1.07570196058941	52
-0.016440085400675	0.663088444368722	52
-0.118391771318661	0.967731784005976	10
-0.073949855274927	0.816140733367379	52
0.118449023410077	0.829679101694488	10
0.067919811565458	1.68208470879683	5
0.10158332378941	0.696156511789165	5
0.020119889637314	0.998199337842385	5
0.048030140972728	0.471086554526434	10
0.075046740623488	0.545717615515664	10
0.101424172102774	0.696482847151341	10
-0.075418566040116	0.599664233386239	5
0.048137044135346	0.471051609861451	5
0.048030140972728	0.471086554526434	5
0.017651574411606	0.441465173551282	5
0.00297151029416498	0.697635563753618	5
0.122449863498626	0.898405772387523	5
0.063277903257855	0.508273973989328	3
-0.038343745757691	0.414362328106443	5
-0.038473517099805	0.414356124603627	5
-0.098756633713589	0.353692019334519	5
0.04809882712395	0.471095771394012	23
-0.037878413463182	0.41380613890332	148
-0.075321423367854	0.599706575982585	23
0.075126927980529	0.545745098121915	23
-0.038232305482405	0.414275835906919	23
-0.038464314880281	0.414424326723021	23
-0.098352883478491	0.353483822010577	28
-0.098235856286303	0.353414829103439	28
-0.0980343570804339	0.353432748047731	149
-0.098352883478491	0.353483822010577	23
-0.09771589802742	0.353095483927744	23
-0.098235856286303	0.353414829103439	23
0.0177292753209	0.441490978820015	16
0.017900032419528	0.441350213980641	20
-0.09751494297264	0.353113627072122	20
-0.09751494297264	0.353113627072122	20
0.00315989142489104	0.697262159893661	78
-0.102730190262548	0.785943353413654	6
0.084308290447826	0.583914618045903	151
0.063329730916325	0.508235697146491	24
0.084371226517559	0.583859348821932	6
0.091057262873807	0.622376934191527	24
-0.098554588996423	0.353709685597233	6
0.048060623814151	0.471077472243728	24
-0.073863776464784	0.815801447862732	24
0.101358392184871	0.696425998470619	24
-0.104357130253329	1.16148235835013	9
-0.051569263035344	0.847710839351726	9
0.073041027668213	0.927462486674246	9
0.063329730916325	0.508235697146491	9
0.075154138563505	0.545752345612659	9
0.091360124316574	0.622045105168558	9
0.017835117517898	0.732956068850818	52
-0.013584671484531	1.13209564218437	52
0.00472019938772705	1.19414171744281	52
-0.0136131577088	1.13221007391103	52
-0.017109816457313	0.910119906615612	115
-0.00392859418859604	1.16287776133523	115
-0.0419547323838489	0.6302863210645	52
0.091535180830044	0.621618382946449	52
0.017947666343921	0.732754184124322	10
0.078143281804703	0.959957294466644	5
0.09657069967864	0.659939226936215	5
-0.1181888780838	0.967483424037025	5
0.041127216408995	0.801029741977259	5
-0.118544311356766	0.967878607688032	5
-0.0386505890528091	1.07608440185804	10
0.0665452515141171	0.895936434299292	10
0.030159069318855	0.767629011155119	10
-0.038464314880281	0.414424326723021	5
-0.118254872563462	0.96763483364418	5
0.063500690585278	0.50798896479976	3
0.048129316552884	0.471060482975925	359
0.048159832487555	0.470997103993803	359
0.017792214528392	0.441468073086455	23
0.118297983205813	0.830205112869221	229
0.12051989568482	0.864060608150231	23
0.1205100622415	0.863955339325874	23
-0.038750661001576	1.07604232729222	23
0.084581942720471	0.583588716949427	23
0.017875477368701	0.732920077295328	123
-0.038343745757691	0.414362328106443	23
-0.038101962939554	0.414130609919789	20
0.0410780081136271	0.801085358929595	78
0.018074615566919	0.732680480598904	151
-0.016334235224492	0.663007552598854	151
0.04801543159285	0.470919168811955	151
-0.09751494297264	0.353113627072122	24
0.10143796399458	0.696454001076441	24
-0.074170136542037	0.816185511320075	24
-0.038111377288474	0.414177817025583	9
0.074993754086038	0.545733063723005	9
0.118294582120208	0.829965988325646	9
0.030137323365088	0.767705345432537	52
-0.124071356098732	1.65537272805061	52
-0.0435095938921271	1.2693026701833	52
-0.054312561833166	1.04880772418311	52
-0.103973278617721	1.16155765277544	115
0.018056432898871	0.441217944876616	52
0.017921687581491	0.73290941491741	52
-0.102563147890518	0.785844565177501	5
0.091057262873807	0.622376934191527	5
0.00935191996122398	0.968446753307746	5
-0.0980343570804339	0.353432748047731	404
-0.0980343570804339	0.353432748047731	5
-0.098554588996423	0.353709685597233	5
-0.098235856286303	0.353414829103439	5
-0.099278232245566	0.35392746874739	359
-0.099075640655895	0.353944854479088	23
-0.098873389158817	0.353718585819526	23
-0.075224295078979	0.599634201404957	23
0.017558948417229	0.44151093634167	23
-0.038343745757691	0.414362328106443	23
-0.0384550952589881	0.414291169728785	23
0.01763654577387	0.441536831391427	23
-0.098756633713589	0.353692019334519	20
0.084226307409407	0.583973930211519	151
-0.099278232245566	0.35392746874739	151
-0.11830047519012	0.967771091298143	151
0.0750209619564241	0.545799116154301	151
-0.0980343570804339	0.353432748047731	6
-0.038362274170581	0.414118625175472	24
-0.102393270064865	0.785621271260328	24
-0.03318335436655	0.879582055914319	24
-0.042052298639449	0.630656110813843	24
0.0669772601855529	0.895628744009647	24
0.0409500888469499	0.801346017915586	24
0.075128371293633	0.5457500837636	24
0.075099719386491	0.545679040142965	24
-0.099075640655895	0.353944854479088	9
0.018120152890429	0.441085742998587	9
0.00957686033212502	0.968054321341378	10
0.017963326955765	0.441341043477748	52
-0.038353018666431	0.414337941238971	52
0.012495713917448	1.22580979661601	5
0.0480761847510181	0.471043419126657	5
0.048091133154588	0.471042169258016	5
-0.051813740537856	0.848049241128343	10
0.0177143011176401	0.441519104636812	5
0.075181351138205	0.545711507796161	5
0.0195912472986	1.47256451497479	5
0.063172144305836	0.508381075212563	3
-0.038213600919535	0.414059767247702	3
-0.097314325335099	0.352888726716764	23
-0.075321423367854	0.599706575982585	23
0.00305641110687505	0.697581345058754	123
-0.098235856286303	0.353414829103439	16
0.018056432898871	0.441217944876616	151
0.101742460206944	0.695527451047676	24
-0.041885092082105	0.630573386077958	24
-0.042066289731086	0.630748823283636	9
0.063421972840391	0.508127690026033	9
-0.041982672273346	0.630647826107759	9
0.0845410928024371	0.583697557335818	9
-0.038575520499092	0.414353051058273	9
0.075154138563505	0.545752345612659	9
-0.0980343570804339	0.353432748047731	9
0.111096461860513	0.764192824063773	10
0.026327498977437	1.28993676628872	52
-0.033024292766798	0.879147658074911	115
0.066655718306189	0.896153162702253	52
-0.06921242689783	1.21255138011587	52
-0.075313591982397	0.599686009158765	10
0.048129316552884	0.471060482975925	10
0.101857204523189	0.695544487651599	5
-0.118122898816091	0.967298432155967	5
-0.09751494297264	0.353113627072122	404
-0.038101962939554	0.414130609919789	10
-0.09751494297264	0.353113627072122	5
-0.038584669491101	0.414442391647873	5
0.017807134329266	0.441473163114747	5
-0.038213600919535	0.414059767247702	5
0.048159832487555	0.470997103993803	5
0.072995380215273	0.927613542983951	3
-0.0980343570804339	0.353432748047731	5
-0.09751494297264	0.353113627072122	23
-0.097833196182046	0.353207340512575	23
-0.075492339365296	0.599688769725692	229
-0.00277185107533695	0.939330188726961	123
0.063473657557236	0.507925612342817	123
-0.09751494297264	0.353113627072122	23
-0.00414855160160998	1.16338827469116	6
0.096657140778425	0.659805941212877	6
0.084308290447826	0.583914618045903	151
0.0410166630247319	0.801299390935011	6
-0.03318335436655	0.879582055914319	151
-0.038593801044298	0.414280296705753	151
0.075208565707402	0.545622611509452	6
-0.098554588996423	0.353709685597233	6
0.048060623814151	0.471077472243728	24
-0.102456218495276	0.785740006128746	24
-0.038353018666431	0.414337941238971	24
-0.118305318612736	0.967465361368617	24
0.009848475948535	0.968006332093359	9
0.059564810986859	0.864457341509932	9
-0.038353018666431	0.414337941238971	9
0.04809882712395	0.471095771394012	10
0.050664173683908	0.833509316117049	52
-0.00270118042730605	0.938920832023083	115
-0.016387156575993	0.663061566941855	115
0.063277903257855	0.508273973989328	52
0.048091133154588	0.471042169258016	5
0.0751011590761021	0.545790922920221	5
-0.038241631735444	0.41410029348193	5
-0.07436308791146	0.816694713454337	10
0.082131041014178	0.994096329868063	10
-0.074232160893451	0.816656260054727	10
-0.099278232245566	0.35392746874739	5
0.048137044135346	0.471051609861451	3
-0.09771589802742	0.353095483927744	5
-0.098756633713589	0.353692019334519	23
-0.037999701638591	0.413940026884914	23
0.059563306999273	0.864526088588019	229
0.030296329830318	0.767438477700058	23
0.048236200513971	0.470846950090697	23
-0.038101962939554	0.414130609919789	149
-0.0980343570804339	0.353432748047731	149
-0.0980343570804339	0.353432748047731	149
-0.096996344736511	0.352712982272515	23
-0.098352883478491	0.353483822010577	146
0.06357937288619	0.507816047405359	6
0.017962056258793	0.732767940869475	6
-0.01657161789905	0.662889753466312	151
-0.038353018666431	0.414337941238971	151
-0.098554588996423	0.353709685597233	151
-0.097833196182046	0.353207340512575	151
0.017792214528392	0.441468073086455	24
0.048175274861663	0.470945497752617	24
0.017885151515488	0.441422043241892	313
-0.038101962939554	0.414130609919789	24
-0.075232150203982	0.599654790054676	9
0.066945910119331	0.895747535789848	9
0.063343219674838	0.508238057982816	9
-0.016441749899156	0.663094658546721	9
0.017963326955765	0.441341043477748	9
0.111164306046251	0.764127874340039	9
-0.017334937452389	1.54812953244043	52
0.041011352635689	0.801273952586243	52
0.048266703141926	0.470750763953156	10
-0.016228414967052	0.662815534712448	52
0.084163282541588	0.583959669719534	10
-0.041750419695351	0.630037970019633	5
-0.051793455878415	0.847867085236813	5
-0.075418566040116	0.599664233386239	10
-0.038464314880281	0.414424326723021	5
0.048068364212171	0.4711048335323	3
-0.016547614007605	0.663120820841962	3
0.01821346711955	0.440962554763671	5
-0.098756633713589	0.353692019334519	5
-0.09751494297264	0.353113627072122	5
0.04809882712395	0.471095771394012	3
-0.0980343570804339	0.353432748047731	23
-0.038605599983345	1.07582357595785	23
0.00299358534899896	0.697678094612967	23
-0.054143304215874	1.04827518174446	123
0.04809882712395	0.471095771394012	6
0.072753008344973	0.92798523406662	151
-0.042052298639449	0.630656110813843	151
-0.038111377288474	0.414177817025583	6
-0.102604151174065	0.785927542903538	6
-0.014027843263844	1.13299763205116	24
-0.041968693252402	0.630667165648645	24
0.018134870756271	0.441106968732687	24
0.075207110278836	0.545690657241514	9
0.048137044135346	0.471051609861451	9
0.118266423815382	0.830246937213061	9
0.0668387316304701	0.896011604803126	9
-0.075313591982397	0.599686009158765	9
-0.072450652435672	1.02149385354682	9
0.101546593231265	0.696391400359992	9
0.00308567507379298	1.41880469265994	52
-0.023246582297173	1.33019706316299	52
0.115079419471796	0.797079446861886	52
-0.054462262490656	1.0489024819251	52
-0.075142928248916	0.599571444913089	10
0.030310957781324	0.767300529601493	10
-0.054231524038976	1.04837697847007	5
0.00288660350334602	0.697588871364216	5
-0.097833196182046	0.353207340512575	10
0.048060623814151	0.471077472243728	5
0.063448965253187	0.507971440785624	217
-0.075232150203982	0.599654790054676	217
0.029108486860021	1.02807256602238	10
-0.098554588996423	0.353709685597233	5
-0.097314325335099	0.352888726716764	5
-0.098554588996423	0.353709685597233	23
0.091081160981743	0.622167085570616	23
0.092793301644132	1.09517369044138	23
-0.00382245335915299	1.16240042366019	23
-0.0939694271739791	0.995701106608884	23
0.00301461825294003	0.697663368297709	23
0.002907836355861	0.69770729158356	23
-0.098235856286303	0.353414829103439	23
-0.097833196182046	0.353207340512575	23
-0.0980343570804339	0.353432748047731	23
-0.0383344554852471	0.414193392330842	146
-0.0980343570804339	0.353432748047731	297
-0.111813867705126	1.3242501097717	6
0.00284229766136301	0.697755670727159	151
-0.098554588996423	0.353709685597233	151
-0.0980343570804339	0.353432748047731	6
0.048198009660274	0.470952990233888	6
0.081871509841932	0.99444724052994	6
0.050932569528318	0.833090556834481	24
-0.0980343570804339	0.353432748047731	24
0.091253305477373	0.622188073930247	24
0.10143796399458	0.696454001076441	9
0.123889666226386	0.933354247871037	9
-0.051701613745023	0.847993548421683	52
-0.016960511410826	0.910003387790672	52
0.111164306046251	0.764127874340039	5
-0.051762530696933	0.847948860488304	5
-0.069015455657427	1.40691774191578	5
-0.016414454254694	0.663108225094003	5
-0.038353018666431	0.414337941238971	404
0.091036540068653	0.622324586594689	217
0.074969385211641	0.545722332536396	5
0.018071220485707	0.441051573299806	5
0.111238533370894	0.764069061623442	5
-0.075150817760178	0.599509934408343	5
-0.038464314880281	0.414424326723021	5
-0.075135049387965	0.599550836734038	3
0.017849462748205	1.6447532620271	23
0.115055366214585	0.797235917916143	23
-0.042029090058758	0.630725452876737	23
0.111106105221413	0.764101752209184	123
-0.102604151174065	0.785927542903538	149
-0.075224295078979	0.599634201404957	23
-0.016281321352695	0.662925995029655	146
-0.098235856286303	0.353414829103439	6
-0.095760482055231	1.35046997335069	6
-0.042149911388244	0.630754431915372	151
-0.038232305482405	0.414275835906919	151
0.048236200513971	0.470846950090697	151
0.082147838072311	0.993979338177966	6
0.075314502806718	0.545475329450318	151
0.018134870756271	0.441106968732687	6
-0.099075640655895	0.353944854479088	6
-0.075313591982397	0.599686009158765	6
0.030166210951231	0.767669262259195	9
-0.017037786107609	0.91012511760372	9
0.084603981980349	0.583572903561045	9
-0.00388715972796705	1.16226218985398	9
-0.00387167256806897	1.16268045700298	52
-0.03843296417955	1.07548811476324	52
0.084371226517559	0.583859348821932	52
0.114982838651213	0.797316343227134	52
0.063408471126852	0.508125343240681	52
0.075234323214785	0.545649823465162	10
-0.016306935255432	0.662900709878385	10
0.00485631824327604	1.19347153242946	5
0.041049965119011	0.801241220018575	10
-0.118544311356766	0.967878607688032	10
-0.03309638496485	0.879099018923827	5
-0.075142928248916	0.599571444913089	5
0.075155585509051	0.545661184705511	10
0.063421972840391	0.508127690026033	5
0.048060623814151	0.471077472243728	5
0.017988059899997	0.732829633677683	5
-0.074940890989121	0.598926664218878	5
-0.102478205765596	0.785785640793822	5
-0.0980343570804339	0.353432748047731	5
-0.0980343570804339	0.353432748047731	3
-0.0749646380190711	0.599304485288219	3
-0.041968693252402	0.630667165648645	23
0.028848829570998	1.0287934017144	229
0.091167236068756	0.622220304538874	229
0.075365978735715	0.545352624230085	23
-0.0384550952589881	0.414291169728785	23
-0.038353018666431	0.414337941238971	23
-0.038213600919535	0.414059767247702	16
-0.038464314880281	0.414424326723021	297
-0.099075640655895	0.353944854479088	6
0.00299358534899896	0.697678094612967	151
-0.098352883478491	0.353483822010577	151
-0.09751494297264	0.353113627072122	6
-0.038464314880281	0.414424326723021	6
-0.038464314880281	0.414424326723021	24
-0.098352883478491	0.353483822010577	24
-0.09751494297264	0.353113627072122	313
-0.042112702279816	0.630685418300134	24
0.095527461521567	1.68640442977843	9
-0.055348036735644	1.24009921756152	9
0.042740323704804	1.09310387436468	9
0.072963872568775	0.927656483443703	52
0.041199135682868	0.80076547113824	52
-0.00426236050840301	1.16356302883691	5
0.115189970797891	0.79695371698568	5
-0.041838664214195	0.630355242517293	5
-0.0980343570804339	0.353432748047731	217
-0.0980343570804339	0.353432748047731	217
0.05095585692327	0.833026426386197	217
-0.118539392027703	0.967825977925688	217
-0.0750458549234641	0.599435065359958	5
0.017914928832515	0.441120871664386	5
-0.102730190262548	0.785943353413654	5
0.041121887953011	0.801077906797172	5
0.017978153477464	0.441299012127764	5
0.063316238487333	0.508174597084697	3
-0.037878413463182	0.41380613890332	5
-0.097833196182046	0.353207340512575	23
-0.075142928248916	0.599571444913089	23
-0.073991306393046	0.816234952867646	23
-0.072873191627599	1.02263612100042	23
0.018054415695141	0.732724845641667	23
0.084434139955068	0.583781834448672	23
0.063329730916325	0.508235697146491	23
0.017900032419528	0.441350213980641	23
-0.038213600919535	0.414059767247702	23
0.063199066387906	0.508334523103492	23
0.075284348464694	0.545087611253191	23
0.0752328629001901	0.545597783452129	23
-0.041861878249689	0.630501710651017	23
-0.075581789811885	0.59962952394393	149
-0.038464314880281	0.414424326723021	297
0.0176215327131241	0.441435638108329	6
0.017807134329266	0.441473163114747	151
-0.075240015986526	0.599593248021543	151
0.048068364212171	0.4711048335323	151
-0.041945482047303	0.630661225316363	151
0.017992995459897	0.441102845894737	35
-0.102837124904475	0.785755954976757	6
0.04809882712395	0.471095771394012	6
-0.09751494297264	0.353113627072122	24
0.017885151515488	0.441422043241892	24
0.104460877072551	1.18898972577637	9
-0.109601543860579	2.13717146253342	9
0.104630949400684	1.18798948448329	9
0.0962251630788879	1.1280527097037	9
-0.081738682483689	1.37853656814041	52
0.080884024726691	1.30984072627875	52
-0.069092875671829	1.21226377411589	10
0.11526947300419	0.796741579853404	10
0.0427351190902751	1.09318308778037	5
-0.0694275207402491	1.40770087933555	5
0.106477768959131	0.730983083314581	217
-0.033284459182909	0.879654013737668	5
0.074993754086038	0.545733063723005	5
0.0843932388020811	0.583891294044359	5
0.048106601170115	0.471060653765222	5
0.0752328629001901	0.545597783452129	3
-0.075232150203982	0.599654790054676	5
0.048121668982423	0.470978781688397	3
0.048137044135346	0.471051609861451	3
0.017807134329266	0.441473163114747	23
-0.075142928248916	0.599571444913089	23
0.017855436085875	0.441193221226084	23
0.002907836355861	0.69770729158356	23
0.063356704764237	0.50818911175335	23
0.084519064067727	0.583713359197363	23
0.017792214528392	0.441468073086455	23
-0.10235235414452	0.785514109137052	98
-0.0752164506176301	0.599532139278292	16
0.017963326955765	0.441341043477748	297
-0.075053757516349	0.59945569070679	297
0.0410552948306659	0.801217980767438	6
-0.041922270637053	0.630589539613816	151
-0.074098106307515	0.816188094025492	6
0.075075383686997	0.545765523362656	6
0.063356704764237	0.50818911175335	6
0.063487175909114	0.507986633485621	6
0.084352289404545	0.58393081140269	6
-0.102434235979929	0.785621130114425	24
-0.102522194565737	0.78564073577593	313
0.113227888145216	1.24530594002005	9
0.100291358683231	1.15880081793261	9
0.122343800808185	0.898505422033682	52
0.117627887790749	1.2720347968205	10
0.036645255469039	1.05941527745047	5
0.028803192166307	1.02884995237945	10
-0.1192076648638	1.49045686742074	10
0.118248938082392	0.830097232322173	5
-0.072700544187476	1.02247217026894	5
0.048060623814151	0.471077472243728	5
0.063435470882058	0.508078747495984	5
-0.074252845534053	0.816670451212182	5
-0.051721916884086	0.848043425468633	5
-0.102223417951741	0.784951164133743	5
-0.075297961229266	0.599328697195459	5
-0.016626213342972	0.663043175821944	5
-0.016255713429042	0.662862174171496	3
0.0631470757717611	0.508037054492013	5
0.0178702860833611	0.441387161072424	5
-0.016175516073887	0.662673544333303	3
-0.074142741880797	0.816457223948004	23
0.075208565707402	0.545622611509452	23
0.00307501981779401	0.697297805505652	23
0.063264431112624	0.508322918373419	23
0.091404661651203	0.621955343661036	16
-0.041861878249689	0.630501710651017	6
-0.0750695946244711	0.599175566865411	6
0.00311921498448697	0.697457472057385	151
0.00301461825294003	0.697663368297709	151
0.075181351138205	0.545711507796161	6
-0.042103503205385	0.630676821498528	6
-0.0980343570804339	0.353432748047731	6
0.075208565707402	0.545622611509452	35
0.063527708915473	0.507832764068333	6
0.084559898872544	0.583556844305442	6
-0.016281321352695	0.662925995029655	24
-0.10237436794994	0.785486517852404	313
-0.038111377288474	0.414177817025583	44
0.040158232097125	1.34909680070233	10
0.081896020896168	0.994369129245631	52
0.01192393074165	1.22706522140476	10
-0.038464314880281	0.414424326723021	217
0.0751526903693121	0.545617365600518	217
-0.016440085400675	0.663088444368722	5
-0.016283009867109	0.662848621894492	5
0.018115007276855	0.732427275662804	5
-0.0749646380190711	0.599304485288219	5
-0.075150817760178	0.599509934408343	3
-0.041959463063889	0.630501322211344	5
-0.041959463063889	0.630501322211344	3
0.063394965740158	0.508064277585327	3
0.048030140972728	0.471086554526434	312
-0.051915201261052	0.847943445022845	23
-0.075224295078979	0.599634201404957	23
0.048159832487555	0.470997103993803	23
0.041006082187117	0.801172532030009	23
0.017988059899997	0.732829633677683	23
0.075048171822478	0.545806361158126	98
0.029905937531536	0.767687563256047	23
0.063264431112624	0.508322918373419	23
-0.04176434001203	0.630299228341388	16
0.017963326955765	0.441341043477748	6
-0.075127181183508	0.599448766878507	6
0.017792214528392	0.441468073086455	151
0.048068364212171	0.4711048335323	151
0.017921687581491	0.73290941491741	6
-0.01630861954926	0.662972643880192	6
-0.042126707406141	0.630748496181635	6
-0.01630861954926	0.662972643880192	6
-0.016441749899156	0.663094658546721	6
0.096504635821028	0.660029290410333	6
-0.0754107477259231	0.59972581114889	24
-0.026539724422955	1.52010725194246	52
0.042926998709423	1.09270559134591	5
-0.038222961863263	0.414264406349458	5
-0.097314325335099	0.352888726716764	217
0.04814485185986	0.4709545254248	5
0.017885151515488	0.441422043241892	5
-0.097833196182046	0.353207340512575	5
-0.102689118389286	0.785923872930611	23
0.048129316552884	0.471060482975925	23
0.048114455422043	0.470937287450026	23
-0.074012039357249	0.816178893464369	23
-0.0980343570804339	0.353432748047731	23
-0.0750300816914	0.599077774240489	23
-0.074956711698704	0.599283845361732	23
-0.098554588996423	0.353709685597233	23
-0.098235856286303	0.353414829103439	23
0.017822069649896	0.441368127807516	23
-0.075313591982397	0.599686009158765	98
0.0753417200864161	0.545327769695141	98
-0.042066289731086	0.630748823283636	149
0.048152231285691	0.470882504514928	149
0.0750209619564241	0.545799116154301	23
-0.038101962939554	0.414130609919789	16
0.101496091196869	0.696462244264049	151
-0.0980343570804339	0.353432748047731	35
-0.097314325335099	0.352888726716764	35
0.075046740623488	0.545717615515664	35
-0.016310304284051	0.662761454214825	6
0.07507394885366	0.545783675338654	44
-0.023222078023322	1.33039994947251	52
0.053729053806338	1.40376712742599	52
0.093160957455258	1.09392175946663	52
0.026437560950939	1.28968229105051	10
-0.024456019950318	1.69823524910565	5
-0.0518340276884049	0.848161563336183	10
-0.038232305482405	0.414275835906919	5
-0.098235856286303	0.353414829103439	217
-0.0169375416865331	0.909901267738895	217
0.030289194066881	0.767451436739019	5
0.075179899331267	0.545683412508346	3
0.018041660723745	0.441230120289073	3
0.084559898872544	0.583556844305442	5
0.0177143011176401	0.441519104636812	5
0.048068364212171	0.4711048335323	5
-0.075240015986526	0.599593248021543	5
-0.074956711698704	0.599283845361732	5
0.075313030370492	0.545493532457957	3
0.017792214528392	0.441468073086455	3
0.101713376250357	0.695796465915608	23
-0.016626213342972	0.663043175821944	312
-0.075329265417905	0.599645011435276	312
-0.098352883478491	0.353483822010577	23
0.07507394885366	0.545783675338654	23
-0.097314325335099	0.352888726716764	23
-0.038222961863263	0.414264406349458	16
-0.016414454254694	0.663108225094003	151
-0.042126707406141	0.630748496181635	151
0.0843932388020811	0.583891294044359	151
0.017963326955765	0.441341043477748	151
0.084707631991562	0.583255271587081	6
-0.072667020317355	1.02234905198006	6
-0.038584669491101	0.414442391647873	6
-0.102456218495276	0.785740006128746	35
-0.00275392830912502	0.939513411706335	6
0.075181351138205	0.545711507796161	24
-0.038343745757691	0.414362328106443	24
0.084478180970231	0.583797970147497	44
0.00184406965203598	1.76671080193992	9
0.059007202312568	1.19124146835749	9
-0.0688798125633841	1.40635533096761	52
-0.0670243012048321	1.59875258523153	52
0.00468029271554604	1.19410913691291	52
0.047275673699726	1.37614359572346	10
-0.0552584975736919	1.23982421604785	5
0.050867145477455	0.833314384010154	10
0.00310998325273804	1.4187418135834	10
0.041049965119011	0.801241220018575	5
-0.038232305482405	0.414275835906919	217
-0.033082246161423	0.879402376658291	10
-0.102711082516985	0.785806559178677	5
0.0751526903693121	0.545617365600518	5
0.063291371738374	0.508166632881355	3
-0.041968693252402	0.630667165648645	208
-0.016520318870356	0.663134379752832	208
0.017978153477464	0.441299012127764	5
-0.0163615331599321	0.663054207629342	3
-0.0162011144783351	0.66270873611259	23
0.0176215327131241	0.441435638108329	23
-0.11820930037231	0.967385459939607	23
0.063093297955259	0.508417242046547	23
-0.016387156575993	0.663061566941855	23
0.04809882712395	0.471095771394012	98
0.084267323025439	0.583979591146226	98
-0.074883530439411	0.599049724278248	23
0.048137044135346	0.471051609861451	16
-0.038222961863263	0.414264406349458	16
-0.07503796297973	0.599333001659143	16
-0.102330345091486	0.785468465244391	297
-0.099075640655895	0.353944854479088	6
0.0177292753209	0.441490978820015	6
0.00301461825294003	0.697663368297709	6
0.018100545250654	0.732585978686206	6
-0.075150817760178	0.599509934408343	6
0.075181351138205	0.545711507796161	151
-0.118086802018971	0.966790412288373	6
0.018056432898871	0.441217944876616	35
0.048175274861663	0.470945497752617	35
-0.0743389656665699	0.816648580414172	24
0.00301461825294003	0.697663368297709	6
-0.0750458549234641	0.599435065359958	24
0.048068364212171	0.4711048335323	24
0.048205724416729	0.470910260347338	44
-0.00764503695846397	1.57236984055143	52
-0.071853313806451	1.75427720910811	52
0.111146979469236	0.764243572648069	217
-0.0163615331599321	0.663054207629342	5
0.00322264132060901	0.697077204422489	5
0.0176560337731509	0.732975394634013	5
0.04800751798394	0.471042122206643	3
0.09657069967864	0.659939226936215	5
-0.016414454254694	0.663108225094003	5
0.01772247183474	0.732998532235449	23
0.075154138563505	0.545752345612659	23
-0.075418566040116	0.599664233386239	23
0.07507394885366	0.545783675338654	23
0.00284229766136301	0.697755670727159	98
0.091208718711636	0.622276283523047	98
0.0480840855585331	0.470891796209515	23
0.048060623814151	0.471077472243728	16
0.0178702860833611	0.441387161072424	6
0.063277903257855	0.508273973989328	6
0.101705718608881	0.696026321895317	6
0.075207110278836	0.545690657241514	35
0.00320409808434496	0.697288451086869	35
0.08466349758448	0.583130966181742	6
-0.038222961863263	0.414264406349458	24
0.063027853296225	0.50843016111244	24
0.017885151515488	0.441422043241892	44
-0.072829364465433	1.02261931607925	115
0.122734499713048	0.897798022168707	5
0.048205724416729	0.470910260347338	217
0.030289194066881	0.767451436739019	5
-0.098235856286303	0.353414829103439	3
0.050771878667373	0.833239215156456	3
0.075181351138205	0.545711507796161	208
0.041011352635689	0.801273952586243	5
-0.102267443587932	0.78527817468498	5
0.017885151515488	0.441422043241892	5
-0.102497218741647	0.785707725980518	3
0.063172144305836	0.508381075212563	23
0.00301090844837504	0.69733815905995	23
-0.0980343570804339	0.353432748047731	23
-0.09751494297264	0.353113627072122	23
-0.038704809852949	0.414366420072622	23
0.075179899331267	0.545683412508346	23
0.0632125219358	0.508227184141461	23
-0.016281321352695	0.662925995029655	149
-0.0749646380190711	0.599304485288219	23
0.017809065046073	0.732950060175185	6
-0.102626121428237	0.785899865880792	6
0.048159832487555	0.470997103993803	151
0.063356704764237	0.50818911175335	6
-0.074972574974717	0.599243066457034	6
-0.102478205765596	0.785785640793822	6
-0.042005881270846	0.630719515069575	35
0.00301461825294003	0.697663368297709	35
-0.033154370153593	0.879485184153655	35
0.101286432440022	0.696543038899367	35
-0.038213600919535	0.414059767247702	6
-0.038222961863263	0.414264406349458	24
-0.038213600919535	0.414059767247702	6
0.01821346711955	0.440962554763671	44
-0.097791982081829	2.15498605330046	9
-0.110995211695964	1.9904311620823	10
0.041116599462428	0.801052662885613	52
0.075154138563505	0.545752345612659	52
0.00414556838376601	1.19526560384718	5
0.00301461825294003	0.697663368297709	217
0.091187979765687	0.622272623786636	217
-0.042029090058758	0.630725452876737	5
0.030318066175677	0.76741538842748	5
0.084707631991562	0.583255271587081	5
0.030036080177775	0.76775412514677	3
0.096789205661196	0.659515020496852	3
0.106433958541662	0.731013916701746	5
0.084352289404545	0.58393081140269	5
-0.11830047519012	0.967771091298143	208
0.017941873253126	0.73286505952673	5
0.0751011590761021	0.545790922920221	5
-0.038464314880281	0.414424326723021	5
-0.093804110301446	0.995126018405209	5
0.063237475822118	0.508259419397331	3
-0.075240015986526	0.599593248021543	23
0.048129316552884	0.471060482975925	23
-0.09751494297264	0.353113627072122	23
0.00294908055527099	0.697737592033022	23
-0.016520318870356	0.663134379752832	23
-0.0332413060537901	0.879597911233598	98
0.075340244041036	0.545452715371539	23
0.048175274861663	0.470945497752617	98
0.084245331761483	0.583947621249913	16
0.0843112917921321	0.583903474694665	23
0.048243948908962	0.47068770486424	6
0.017885151515488	0.441422043241892	35
-0.016518666460027	0.662951172837911	35
-0.074166731286506	0.816592436654914	6
0.063185607178434	0.508383460359442	35
0.0843302922197891	0.583946577934216	35
0.084519064067727	0.583713359197363	24
0.091208718711636	0.622276283523047	24
-0.038241631735444	0.41410029348193	44
-0.033219704423789	0.8794291957937	52
-0.051813740537856	0.848049241128343	52
0.017855298774389	0.732964424136766	52
0.084559898872544	0.583556844305442	52
-0.0102279863968801	2.10099852521795	10
0.00453907774907902	1.19476897596576	10
0.017822069649896	0.441368127807516	217
0.111218101875397	0.764031765054324	5
-0.0332413060537901	0.879597911233598	5
-0.09939471515573	0.353874659115583	5
-0.038464314880281	0.414424326723021	3
0.075154138563505	0.545752345612659	5
0.01784940015507	0.732696878443804	208
-0.051762530696933	0.847948860488304	3
0.017978153477464	0.441299012127764	3
0.00275232675068404	0.697803286426881	23
-0.038101962939554	0.414130609919789	23
-0.097314325335099	0.352888726716764	23
0.018233159614331	0.732241112519933	23
-0.075127181183508	0.599448766878507	23
-0.041801495132781	0.63038238662287	98
0.063514201586973	0.507940032132344	98
0.017900032419528	0.441350213980641	149
-0.074948796019937	0.599181802999873	23
0.017651574411606	0.441465173551282	23
0.0482590812342381	0.470715769120619	23
0.04809882712395	0.471095771394012	6
-0.038473517099805	0.414356124603627	6
-0.09771589802742	0.353095483927744	240
-0.038232305482405	0.414275835906919	6
-0.038343745757691	0.414362328106443	35
-0.097833196182046	0.353207340512575	35
-0.099075640655895	0.353944854479088	35
0.0178702860833611	0.441387161072424	24
0.087735954192027	2.44980364843851	9
0.069859743283313	1.2527934747034	9
0.101453259951264	0.696381948168372	10
-0.016412785933738	0.662981596025657	52
0.120726857246421	0.863837448394153	52
-0.051721916884086	0.848043425468633	52
0.082269231638653	0.99376363530657	52
0.117801335133003	1.27041968971082	10
-0.041945482047303	0.630661225316363	5
0.018054415695141	0.732724845641667	5
-0.098756633713589	0.353692019334519	5
-0.016254021125977	0.662819169364524	217
0.017901499241205	0.732901068709391	10
0.106544718597846	0.730870685159062	5
-0.09771589802742	0.353095483927744	3
-0.085324397605846	1.18675771589494	3
0.084500194595213	0.583737580326332	5
0.040800879131416	0.801267386116628	5
-0.038343745757691	0.414362328106443	23
-0.051742222533774	0.848030929183181	23
0.101604732420919	0.696231098283398	23
-0.04176434001203	0.630299228341388	23
0.048129316552884	0.471060482975925	23
0.017988059899997	0.732829633677683	23
-0.09751494297264	0.353113627072122	23
0.018041660723745	0.441230120289073	98
0.063250955301187	0.508320544769257	149
-0.042163932456785	0.630644827033637	16
-0.102267443587932	0.78527817468498	23
0.017988059899997	0.732829633677683	23
-0.01646904351221	0.663007436278576	6
-0.051701613745023	0.847993548421683	6
-0.038464314880281	0.414424326723021	151
-0.073925978332443	0.8160460081573	35
-0.01649467821567	0.663121538181514	35
0.075154138563505	0.545752345612659	35
-0.097314325335099	0.352888726716764	35
0.00282167911946096	0.697636429998626	35
-0.09751494297264	0.353113627072122	44
-0.016942690932831	0.909744414926345	10
-0.043379061104508	1.26934136535305	52
0.112938910392929	1.24619070200026	10
-0.0939694271739791	0.995701106608884	5
-0.02324699060492	1.33041595371208	217
0.002907836355861	0.69770729158356	10
0.0750209619564241	0.545799116154301	5
0.084349209646409	0.583766575955129	5
0.00956205924623099	0.968683378177568	3
-0.032470278116392	1.29829402256343	3
0.096504635821028	0.660029290410333	5
0.00277673550704405	0.697777894903242	5
-0.093998504657095	0.995741930333831	5
0.0843302922197891	0.583946577934216	5
0.018094812759939	0.732583367161598	5
-0.042075507015257	0.63043234066648	3
0.048167513635818	0.471016343360915	23
0.048266703141926	0.470750763953156	23
-0.099278232245566	0.35392746874739	23
-0.038353018666431	0.414337941238971	340
-0.038222961863263	0.414264406349458	23
-0.038353018666431	0.414337941238971	14
-0.118168458157863	0.967500403990842	23
0.048121668982423	0.470978781688397	98
-0.075142928248916	0.599571444913089	98
-0.098554588996423	0.353709685597233	98
-0.075321423367854	0.599706575982585	98
-0.051747518947093	0.847979241733637	6
-0.038343745757691	0.414362328106443	6
-0.098235856286303	0.353414829103439	6
-0.096996344736511	0.352712982272515	240
-0.0754029400831731	0.599705268512402	429
-0.097833196182046	0.353207340512575	151
-0.10237436794994	0.785486517852404	35
-0.038343745757691	0.414362328106443	207
0.017885151515488	0.441422043241892	196
0.075179899331267	0.545683412508346	54
0.10640046829823	0.731059995223998	52
0.0913808746746611	0.621961471167152	52
-0.075224295078979	0.599634201404957	52
0.124081168353278	0.933154133581501	52
0.069892524840552	1.25282593027392	52
0.030166210951231	0.767669262259195	10
-0.016467382827036	0.663135102628169	10
0.020110608131495	0.997802819592667	217
-0.072677083205369	1.02185272648678	5
-0.016414454254694	0.663108225094003	5
0.101416518534445	0.696530628409834	5
0.041088586376288	0.801159832729146	5
0.048175274861663	0.470945497752617	5
-0.098873389158817	0.353718585819526	5
-0.033342431496005	0.87966991487714	5
0.091208718711636	0.622276283523047	5
-0.0749646380190711	0.599304485288219	5
0.00297151029416498	0.697635563753618	3
0.048137044135346	0.471051609861451	3
-0.037990233828196	0.414043933099704	23
0.017963326955765	0.441341043477748	23
-0.099075640655895	0.353944854479088	176
-0.0383344554852471	0.414193392330842	14
0.084497030745063	0.58368145739329	23
-0.041968693252402	0.630667165648645	98
0.0178702860833611	0.441387161072424	98
0.0181351991202779	0.732193635498318	98
0.075179899331267	0.545683412508346	23
-0.099075640655895	0.353944854479088	23
-0.038695731466628	0.414371031823955	23
0.00303524391238197	0.69759436484439	23
0.048205724416729	0.470910260347338	6
0.084519064067727	0.583713359197363	6
-0.01649467821567	0.663121538181514	6
-0.075127181183508	0.599448766878507	6
-0.0980343570804339	0.353432748047731	240
-0.09751494297264	0.353113627072122	429
-0.037868874847883	0.413866295648985	429
-0.0162011144783351	0.66270873611259	35
0.01821346711955	0.440962554763671	35
-0.016281321352695	0.662925995029655	35
0.04821351931622	0.470722899920714	6
-0.051615123073177	0.847754686503769	35
0.048236200513971	0.470846950090697	207
0.091125734420765	0.621843643778879	54
-0.038695731466628	0.414371031823955	54
-0.098235856286303	0.353414829103439	44
0.091033282267716	0.622359946087841	24
-0.098756633713589	0.353692019334519	24
-0.124253937336684	1.65596892359926	9
0.091339369202452	0.622085083749103	52
0.118129486835306	0.830466700584667	52
0.063185607178434	0.508383460359442	52
0.048030140972728	0.471086554526434	52
-0.094006138135298	0.995567157402445	52
-0.110178904125148	1.68194515923426	5
0.101336942055247	0.69653411354096	5
-0.118432552723655	0.967915722527311	5
0.00946699394107897	1.78963722359125	5
-0.038353018666431	0.414337941238971	5
0.017963326955765	0.441341043477748	10
0.050888203448457	0.833258632868648	10
0.084751748046583	0.583179077961421	5
0.0178702860833611	0.441387161072424	5
-0.098554588996423	0.353709685597233	5
-0.03318335436655	0.879582055914319	10
0.00309711961107395	0.697414993980128	10
-0.038343745757691	0.414362328106443	3
0.041083277255358	0.801159267647091	5
-0.051436975839025	0.847301506892302	5
0.01789565330357	0.732822966651815	5
0.00282167911946096	0.697636429998626	3
0.01763654577387	0.441536831391427	23
0.0843302922197891	0.583946577934216	340
0.075285818681739	0.545486301742271	98
0.048068364212171	0.4711048335323	23
-0.118056934795257	0.967077633901596	23
0.00301223626465197	0.697421598282056	23
0.00286291108509595	0.697800159750851	23
0.074916374355297	0.545658069326734	6
0.017885151515488	0.441422043241892	429
0.0843932388020811	0.583891294044359	35
-0.016388829064612	0.663040642355053	35
-0.098235856286303	0.353414829103439	35
0.017885151515488	0.441422043241892	207
-0.074122030630818	0.81651335162147	52
-0.016175516073887	0.662673544333303	52
0.073058385773918	0.927397614354712	52
-0.095671128222894	1.35015312954088	5
0.12416696294257	0.932832336038722	10
0.0632125219358	0.508227184141461	217
-0.072878319375258	1.02251095255377	10
-0.041982672273346	0.630647826107759	5
0.101546593231265	0.696391400359992	5
-0.09771589802742	0.353095483927744	3
0.048030140972728	0.471086554526434	5
0.041022013287219	0.801252841972289	5
-0.118275288389049	0.967536833013036	5
0.0967027819941429	0.659694087387252	3
0.017855436085875	0.441193221226084	3
0.0177292753209	0.441490978820015	23
-0.098352883478491	0.353483822010577	176
-0.041945482047303	0.630661225316363	14
-0.097833196182046	0.353207340512575	14
-0.09751494297264	0.353113627072122	14
0.017963326955765	0.441341043477748	98
0.063158677768567	0.508319933207446	6
-0.042140730414016	0.630498390847998	6
-0.038584669491101	0.414442391647873	6
-0.075337118126494	0.599426192311837	35
0.04809882712395	0.471095771394012	35
0.091205517729931	0.622083216009459	35
-0.037999701638591	0.413940026884914	207
-0.074146040742489	0.816512466993869	196
-0.097196756999081	0.352694669460464	44
-0.041945482047303	0.630661225316363	24
-0.098756633713589	0.353692019334519	156
0.111126528387805	0.764205933098242	9
-0.069363499832631	1.21240555766035	9
-0.093767464363777	0.995381507826143	10
0.017941873253126	0.73286505952673	52
0.091077980933823	0.622380620436406	52
0.046704550114576	1.77662980767602	52
0.019757185566737	1.25723645870691	5
-0.057603358794782	1.43605908182364	5
0.050797267936644	0.833438469017457	5
-0.095703467726988	1.35031150952564	10
-0.086224706317581	1.88421246104385	5
-0.033414559833175	0.879654924827273	5
-0.102434235979929	0.785621130114425	10
-0.098554588996423	0.353709685597233	5
-0.038343745757691	0.414362328106443	5
0.063356704764237	0.50818911175335	5
0.075208565707402	0.545622611509452	5
0.0847109342986671	0.58325310223511	5
-0.038575520499092	0.414353051058273	5
0.00294908055527099	0.697737592033022	5
-0.075321423367854	0.599706575982585	5
0.048228532197089	0.470856745105674	14
0.017978153477464	0.441299012127764	23
0.09118480347394	0.622215677471984	23
0.096789205661196	0.659515020496852	23
0.075207110278836	0.545690657241514	98
0.04809882712395	0.471095771394012	98
-0.075329265417905	0.599645011435276	98
0.091187979765687	0.622272623786636	6
-0.075142928248916	0.599571444913089	35
-0.097833196182046	0.353207340512575	35
0.01777731021038	0.441303913539979	35
0.04809882712395	0.471095771394012	35
0.01763654577387	0.441536831391427	35
-0.073881427718314	0.815763236953886	35
-0.102563147890518	0.785844565177501	54
-0.09771589802742	0.353095483927744	207
-0.098235856286303	0.353414829103439	44
0.084456162756553	0.583813760351764	52
-0.0938393747873441	0.995492928282878	52
0.053855608308012	1.15858175112312	52
0.020110608131495	0.997802819592667	52
0.030296329830318	0.767438477700058	52
-0.085255128609124	1.1866194626694	5
-0.032959530613493	0.878955584220695	5
0.096502860039287	1.1274426199319	5
0.030318066175677	0.76741538842748	5
0.0967435772623571	0.659608498567667	5
-0.11830047519012	0.967771091298143	5
0.091383891304558	0.621951736563866	5
0.00299358534899896	0.697678094612967	5
0.00281793478088599	0.697808245282518	5
-0.0744941051685351	0.816605546834054	3
-0.098756633713589	0.353692019334519	23
0.08464804673191	0.583404380322973	23
-0.041885092082105	0.630573386077958	23
0.029963748555595	0.767667365985647	169
0.030093881665244	0.76763195087876	23
-0.074187426761161	0.816606642247111	98
0.00318199696521804	0.697304602378743	98
-0.038464314880281	0.414424326723021	98
-0.097314325335099	0.352888726716764	98
-0.051655740378037	0.847916877979715	23
-0.102522194565737	0.78564073577593	23
-0.038464314880281	0.414424326723021	6
0.0631067478976231	0.508419637507065	429
-0.038343745757691	0.414362328106443	429
0.030267446983573	0.767524505470819	35
0.018056432898871	0.441217944876616	35
-0.0749646380190711	0.599304485288219	35
0.017900032419528	0.441350213980641	207
-0.098352883478491	0.353483822010577	207
0.048030140972728	0.471086554526434	44
0.048122390007095	0.470669254535473	44
-0.098554588996423	0.353709685597233	156
0.100476749142827	1.15828694779709	9
0.010017534606832	1.62065289809755	9
-0.051701613745023	0.847993548421683	52
-0.110431472023151	1.68257006647727	52
0.0535728308678211	1.40397458374604	52
0.020190195055844	0.998006445799062	5
0.096415195024385	1.12773873066879	5
0.12080099887297	0.863644263616836	5
0.084456162756553	0.583813760351764	5
-0.075142928248916	0.599571444913089	5
0.106611704711242	0.730674581713647	5
-0.033212332998339	0.87962044583674	5
0.075314502806718	0.545475329450318	5
-0.117975217483289	0.966701235329422	5
-0.072795896182648	1.02264040176664	5
0.091036540068653	0.622324586594689	5
0.017921687581491	0.73290941491741	5
0.048198009660274	0.470952990233888	5
0.063473657557236	0.507925612342817	3
0.01763654577387	0.441536831391427	23
0.084497030745063	0.58368145739329	23
-0.0384550952589881	0.414291169728785	14
0.00275232675068404	0.697803286426881	23
-0.041861878249689	0.630501710651017	98
0.063500690585278	0.50798896479976	98
0.048106601170115	0.471060653765222	98
0.048167513635818	0.471016343360915	98
-0.09751494297264	0.353113627072122	23
-0.01646904351221	0.663007436278576	23
-0.041824711396637	0.630454044297698	6
-0.0383344554852471	0.414193392330842	429
-0.09751494297264	0.353113627072122	35
-0.038575520499092	0.414353051058273	35
-0.075329265417905	0.599645011435276	35
0.063264431112624	0.508322918373419	54
0.048167513635818	0.471016343360915	207
-0.098554588996423	0.353709685597233	207
0.017807134329266	0.441473163114747	207
-0.0345162912909091	1.67477973203946	9
0.042779620341047	1.09245500997672	9
0.0966318504321359	0.659746051283924	52
0.115055366214585	0.797235917916143	10
0.07279918117315	1.479036272169	52
-0.016467382827036	0.663135102628169	5
-0.110464988288732	1.68263117941932	5
0.0122551085639721	1.22636909074256	5
-0.074190806397439	0.816425881774764	5
0.048205724416729	0.470910260347338	5
-0.0938470184670081	0.995547367050303	5
-0.102478205765596	0.785785640793822	10
0.040983370943716	0.80133427153077	10
0.063671556664227	0.507546615788665	5
0.017978153477464	0.441299012127764	5
-0.042052298639449	0.630656110813843	5
0.00292846101567901	0.697751766608455	5
-0.016334235224492	0.663007552598854	3
0.063172144305836	0.508381075212563	170
-0.038101962939554	0.414130609919789	170
0.00301090844837504	0.69733815905995	169
0.048167513635818	0.471016343360915	23
0.075365978735715	0.545352624230085	23
0.048289656759357	0.470470384506997	23
0.048205724416729	0.470910260347338	23
0.048091133154588	0.471042169258016	23
-0.098873389158817	0.353718585819526	85
0.048236200513971	0.470846950090697	429
-0.038473517099805	0.414356124603627	429
0.0845410928024371	0.583697557335818	6
0.075261538141902	0.545560938008652	6
-0.117990986055939	0.966817677468616	35
-0.042112702279816	0.630685418300134	35
-0.037747300096674	0.413595162312235	6
-0.041703977949106	0.63010119200323	35
-0.09751494297264	0.353113627072122	207
-0.038232305482405	0.414275835906919	207
-0.038222961863263	0.414264406349458	207
0.017792214528392	0.441468073086455	54
0.0751011590761021	0.545790922920221	54
-0.102711082516985	0.785806559178677	54
-0.0384550952589881	0.414291169728785	44
0.000954895041450965	1.59790176512193	52
0.042896590906472	1.09272636355506	52
-0.017070990318067	1.54753417267587	5
0.104321178927762	1.1894794636841	5
-0.057860765622217	1.43651346458132	5
0.047104453645244	1.37659574363974	5
0.033688121124229	1.31822727314817	5
-0.097833196182046	0.353207340512575	5
0.041116599462428	0.801052662885613	5
-0.102563147890518	0.785844565177501	5
-0.01699915306806	0.910092428209728	5
0.0480379278286071	0.471087613431695	5
-0.038343745757691	0.414362328106443	3
-0.033103821624906	0.879408976519987	5
-0.042089496111302	0.630754759552082	5
0.101878659940921	0.695428713102105	3
0.063421972840391	0.508127690026033	3
-0.016754893244363	0.909346851107779	23
-0.016255713429042	0.662862174171496	23
0.030238569722612	0.767560566360836	23
-0.075142928248916	0.599571444913089	23
-0.0384550952589881	0.414291169728785	170
0.048129316552884	0.471060482975925	169
0.063093297955259	0.508417242046547	169
-0.102648096435657	0.785782555930775	169
0.0751011590761021	0.545790922920221	23
-0.102437271138424	0.785639292487699	23
0.091164084470982	0.622299304766125	23
0.048167513635818	0.471016343360915	23
-0.075240015986526	0.599593248021543	98
-0.0939189378131891	0.995665967769638	23
0.063250955301187	0.508320544769257	23
0.017978153477464	0.441299012127764	23
0.048091133154588	0.471042169258016	6
0.017792214528392	0.441468073086455	6
0.075393192779485	0.545311820434884	85
-0.0980343570804339	0.353432748047731	85
0.048228532197089	0.470856745105674	85
-0.098554588996423	0.353709685597233	85
-0.038575520499092	0.414353051058273	85
-0.042270769526904	0.630654625976727	6
0.091253305477373	0.622188073930247	429
0.075125483390206	0.545425283454227	6
0.06288336579629	0.508310460211259	35
0.063448965253187	0.507971440785624	35
0.091250182351835	0.622152684934269	207
0.048167513635818	0.471016343360915	207
-0.041885092082105	0.630573386077958	207
-0.038222961863263	0.414264406349458	207
0.0480379278286071	0.471087613431695	44
0.046847745214417	1.77598373613954	52
0.0754055588421541	1.28173726136214	5
-0.034387136209401	1.67429762561932	5
0.096233521531621	1.1280653353776	5
-0.037990233828196	0.414043933099704	5
0.048045794888565	0.470997917343372	5
-0.038241631735444	0.41410029348193	3
0.084182350474447	0.583957697516659	5
-0.075240015986526	0.599593248021543	5
0.017921687581491	0.73290941491741	130
-0.102393270064865	0.785621271260328	23
0.018041660723745	0.441230120289073	14
-0.09751494297264	0.353113627072122	14
0.063356704764237	0.50818911175335	169
-0.075150817760178	0.599509934408343	169
0.084415246499077	0.583875515619935	169
-0.102749383920513	0.785736599318866	23
0.00294908055527099	0.697737592033022	23
-0.03812077431086	0.414038094571237	23
0.0177292753209	0.441490978820015	23
-0.0383344554852471	0.414193392330842	6
0.048121668982423	0.470978781688397	35
-0.102308340792268	0.785349622788333	35
-0.051767812830155	0.84809156874333	35
-0.075240015986526	0.599593248021543	207
0.018074615566919	0.732680480598904	44
0.00294908055527099	0.697737592033022	44
-0.00298129208053499	2.17074174778721	52
0.033584434204194	1.31873161063719	10
-0.036574710898405	1.49325635086908	5
0.072872586386494	0.927893000038633	5
0.042593565145398	1.0932935763921	5
0.106622013195796	0.730630751210004	5
0.091211792408884	0.622019672117386	10
0.017885151515488	0.441422043241892	5
0.017963326955765	0.441341043477748	5
-0.041982672273346	0.630647826107759	5
-0.041899059019307	0.63044304553037	5
-0.016175516073887	0.662673544333303	3
-0.041945482047303	0.630661225316363	3
-0.0980343570804339	0.353432748047731	23
-0.09751494297264	0.353113627072122	14
-0.097314325335099	0.352888726716764	169
0.017792214528392	0.441468073086455	169
-0.042005881270846	0.630719515069575	23
0.00314130593738404	0.697441333128085	98
0.047961455176503	0.470931543491463	98
-0.075142928248916	0.599571444913089	23
0.017978153477464	0.441299012127764	23
0.075126927980529	0.545745098121915	23
-0.075135049387965	0.599550836734038	23
-0.102563147890518	0.785844565177501	118
0.063264431112624	0.508322918373419	118
0.063250955301187	0.508320544769257	118
0.063356704764237	0.50818911175335	35
-0.102519190369605	0.785826602283405	35
0.063487175909114	0.507986633485621	35
0.018100545250654	0.732585978686206	35
0.048236200513971	0.470846950090697	207
0.017963326955765	0.441341043477748	44
0.063329730916325	0.508235697146491	44
0.11533853142785	0.796500881819781	9
0.124126091952116	0.933099419894389	10
-0.104514051382176	1.51729608426655	10
-0.057754982694575	1.43638502360008	52
0.081472728454559	1.30750511339665	5
0.118297983205813	0.830205112869221	5
-0.038111377288474	0.414177817025583	5
0.00282167911946096	0.697636429998626	5
0.00290412257635297	0.697717017964945	5
-0.118102472418451	0.967315391778114	5
-0.0749646380190711	0.599304485288219	5
-0.098873389158817	0.353718585819526	5
-0.10235235414452	0.785514109137052	283
-0.033082246161423	0.879402376658291	283
-0.074080622929075	0.816419155705699	5
-0.074980522559243	0.599024532960979	5
-0.075053757516349	0.59945569070679	130
0.048114455422043	0.470937287450026	23
0.048137044135346	0.471051609861451	23
0.063421972840391	0.508127690026033	23
-0.016335915718494	0.662959083307172	23
0.018198803524186	0.440897396086556	23
-0.042196318706183	0.63046137174687	85
-0.038353018666431	0.414337941238971	6
-0.098756633713589	0.353692019334519	6
-0.038222961863263	0.414264406349458	6
-0.075135049387965	0.599550836734038	6
0.048091133154588	0.471042169258016	6
0.04809882712395	0.471095771394012	118
-0.074883530439411	0.599049724278248	35
0.0177292753209	0.441490978820015	54
-0.098352883478491	0.353483822010577	54
-0.09771589802742	0.353095483927744	196
-0.075142928248916	0.599571444913089	44
0.096462343841655	1.12702755543954	10
0.059434998595287	0.864027587928604	10
0.059530513240229	0.864453179806545	9
0.106573090148683	0.730733618380338	9
0.072932361681287	0.927654472497311	9
0.00974520622145902	0.968309720767745	10
-0.054214530378175	1.04876192373251	10
0.060135739610773	1.43027982109191	10
-0.017115026338293	0.9099988067407	52
0.063041286660701	0.508381254265831	5
-0.098235856286303	0.353414829103439	5
-0.102541166752993	0.785872227558357	5
0.096352093835923	0.660124404292348	5
0.091339369202452	0.622085083749103	283
-0.0162011144783351	0.66270873611259	5
0.048205724416729	0.470910260347338	5
0.0912947995307271	0.622151746026057	5
0.075181351138205	0.545711507796161	5
-0.0163615331599321	0.663054207629342	23
-0.075150817760178	0.599509934408343	23
-0.097833196182046	0.353207340512575	14
0.096661977274501	0.659600224918448	169
0.0754204088045291	0.545223020806348	23
0.047931005417711	0.470886155986589	23
0.048091133154588	0.471042169258016	98
0.063394965740158	0.508064277585327	23
-0.098554588996423	0.353709685597233	23
-0.041922270637053	0.630589539613816	98
0.00296969497419597	0.697668597176143	98
0.030064978116923	0.767718023455184	98
-0.041959463063889	0.630501322211344	23
-0.041922270637053	0.630589539613816	85
0.075022388324281	0.545756932496765	85
-0.041945482047303	0.630661225316363	6
-0.037990233828196	0.414043933099704	35
-0.041861878249689	0.630501710651017	35
-0.074867619725942	0.599090428767936	35
0.084226307409407	0.583973930211519	35
0.063079844351383	0.508356092101914	44
-0.075329265417905	0.599645011435276	44
0.115400473638483	2.09885319524745	9
0.072578376784225	1.47964864936365	9
0.041011352635689	0.801273952586243	9
-0.10448907775794	1.51718742560767	10
-0.087339119045534	2.17586632269146	10
-0.016390501986155	0.66262685981586	52
0.026330207901317	1.28992680973239	5
0.048068364212171	0.4711048335323	165
0.00324828705636504	0.697087935571018	5
-0.0420430831368011	0.630677137943554	5
-0.099075640655895	0.353944854479088	5
-0.117970546668315	0.966834586262337	283
0.00307849189864695	0.697565218519348	5
0.096311348741677	0.65991295681284	5
0.075075383686997	0.545765523362656	5
-0.038473517099805	0.414356124603627	14
-0.038241631735444	0.41410029348193	170
-0.0980343570804339	0.353432748047731	170
0.017792214528392	0.441468073086455	169
0.017900032419528	0.441350213980641	169
0.017807134329266	0.441473163114747	23
0.017885151515488	0.441422043241892	23
-0.041824711396637	0.630454044297698	23
-0.0384550952589881	0.414291169728785	23
0.048205724416729	0.470910260347338	23
0.063172144305836	0.508381075212563	85
0.063329730916325	0.508235697146491	85
0.048205724416729	0.470910260347338	6
0.048114455422043	0.470937287450026	6
-0.041680756795035	0.630029596921293	35
-0.098352883478491	0.353483822010577	54
-0.098554588996423	0.353709685597233	54
0.072718300793578	0.927992471181437	10
-0.00392092276913703	1.1627480034066	52
0.111167458294377	0.764219793324189	52
0.073149692336927	0.927072644055437	52
0.112894819265353	1.24553852773712	5
0.111143784149882	0.764230476341464	5
-0.051523434977558	0.847573144561789	5
-0.038232305482405	0.414275835906919	5
-0.051543761004776	0.847560701678273	5
-0.03812077431086	0.414038094571237	5
-0.098235856286303	0.353414829103439	5
0.00275232675068404	0.697803286426881	5
0.084581942720471	0.583588716949427	5
-0.0752164506176301	0.599532139278292	5
0.084497030745063	0.58368145739329	5
-0.102541166752993	0.785872227558357	5
0.00316339246913699	0.697370404864275	5
0.017885151515488	0.441422043241892	5
-0.102648096435657	0.785782555930775	23
-0.051940826616506	0.848240845915733	23
-0.098235856286303	0.353414829103439	170
-0.016255713429042	0.662862174171496	169
0.018120152890429	0.441085742998587	23
-0.037990233828196	0.414043933099704	23
0.075208565707402	0.545622611509452	98
0.063027853296225	0.50843016111244	23
0.0752328629001901	0.545597783452129	23
0.096809608574809	0.659451270898266	85
0.018041660723745	0.441230120289073	6
-0.016441749899156	0.663094658546721	35
-0.016441749899156	0.663094658546721	54
-0.038111377288474	0.414177817025583	54
-0.038464314880281	0.414424326723021	54
0.018056432898871	0.441217944876616	196
-0.0980343570804339	0.353432748047731	196
-0.075158717915544	0.599291194086621	54
-0.032600892643303	1.29915370337055	5
-0.093817956399095	0.995506580891877	5
0.084374282001252	0.583870435607684	5
0.115155441411135	0.797063532308475	5
-0.098756633713589	0.353692019334519	5
0.0844592481269	0.583706954287991	5
0.00305641110687505	0.697581345058754	5
-0.09751494297264	0.353113627072122	5
-0.098554588996423	0.353709685597233	3
-0.041620401615912	0.629770886646146	5
0.075154138563505	0.545752345612659	5
0.063264431112624	0.508322918373419	5
0.0177292753209	0.441490978820015	14
0.048060623814151	0.471077472243728	14
-0.038111377288474	0.414177817025583	170
-0.038111377288474	0.414177817025583	170
-0.038111377288474	0.414177817025583	170
0.017978153477464	0.441299012127764	169
0.017744265090916	0.441342441812926	23
0.0632239926739731	0.508077772422836	98
-0.016228414967052	0.662815534712448	23
-0.075329265417905	0.599645011435276	98
-0.038584669491101	0.414442391647873	85
-0.075500123262625	0.599709285586044	85
-0.041991904254684	0.630597832764327	6
-0.016310304284051	0.662761454214825	85
0.04809882712395	0.471095771394012	118
0.063329730916325	0.508235697146491	35
-0.0752164506176301	0.599532139278292	35
-0.042126707406141	0.630748496181635	35
0.048129316552884	0.471060482975925	35
0.017885151515488	0.441422043241892	35
-0.098756633713589	0.353692019334519	196
0.018056432898871	0.441217944876616	44
-0.03812077431086	0.414038094571237	44
-0.03297809836905	1.29989945545851	9
0.067056380727638	0.895268894222239	10
0.012330050543035	1.22647850217274	10
0.113558519408782	1.24353967443014	10
0.048521647162403	1.1261314764893	52
-0.055323345977774	1.24000943521945	5
0.036350904846835	1.06022549809991	5
-0.069075493968733	1.2122241130843	5
0.078004316141234	0.960301077077692	5
-0.02514350837987	1.10362027605932	5
-0.075240015986526	0.599593248021543	5
0.075126927980529	0.545745098121915	5
0.0480761847510181	0.471043419126657	5
0.0178702860833611	0.441387161072424	5
0.017792214528392	0.441468073086455	5
0.017963326955765	0.441341043477748	5
0.048167513635818	0.471016343360915	3
0.063079844351383	0.508356092101914	14
-0.09771589802742	0.353095483927744	170
0.048167513635818	0.471016343360915	169
-0.075158717915544	0.599291194086621	14
-0.0383344554852471	0.414193392330842	98
0.017822069649896	0.441368127807516	98
-0.09771589802742	0.353095483927744	23
0.048129316552884	0.471060482975925	23
0.063014416275205	0.508427756633545	391
0.017792214528392	0.441468073086455	6
0.048228532197089	0.470856745105674	6
-0.038222961863263	0.414264406349458	6
-0.098554588996423	0.353709685597233	118
0.0177143011176401	0.441519104636812	35
0.0178702860833611	0.441387161072424	54
-0.038101962939554	0.414130609919789	54
-0.0980343570804339	0.353432748047731	196
0.017885151515488	0.441422043241892	54
-0.038222961863263	0.414264406349458	44
0.010867029347423	1.44783344871047	9
-0.026726995999552	1.5207162886818	10
0.059237536258994	1.19096519449917	10
0.121257058880107	1.29968820679649	52
0.048883800601397	1.1249493158904	10
-0.014256410410488	1.3600753700596	10
0.050729617714078	0.833507949359797	5
0.018008252664161	0.732785272210026	10
0.048137044135346	0.471051609861451	5
0.048205724416729	0.470910260347338	5
0.059695491568307	0.864221866407514	5
0.091274054880803	0.622191717871612	5
-0.041922270637053	0.630589539613816	5
-0.074948796019937	0.599181802999873	5
0.017963326955765	0.441341043477748	5
-0.118259668163957	0.967587127371435	5
-0.016359856860222	0.662954716710527	23
-0.10258513378082	0.785727272580979	23
0.063291371738374	0.508166632881355	23
0.063527708915473	0.507832764068333	23
-0.038343745757691	0.414362328106443	170
-0.097314325335099	0.352888726716764	170
-0.075321423367854	0.599706575982585	6
0.096636748414928	0.659827762496698	14
-0.038101962939554	0.414130609919789	23
0.0178702860833611	0.441387161072424	23
-0.041861878249689	0.630501710651017	23
0.017978153477464	0.441299012127764	23
0.091360124316574	0.622045105168558	23
-0.117884163207924	0.966474758942161	23
-0.098554588996423	0.353709685597233	85
-0.041968693252402	0.630667165648645	77
-0.074318286925268	0.816704759460399	6
0.063199066387906	0.508334523103492	35
0.017978153477464	0.441299012127764	35
-0.041824711396637	0.630454044297698	54
0.075126927980529	0.545745098121915	54
0.0177143011176401	0.441519104636812	44
0.017807134329266	0.441473163114747	44
-0.038232305482405	0.414275835906919	44
-0.037999701638591	0.413940026884914	44
0.100403815976936	1.15859216622293	9
0.019385116881352	1.25828412338833	10
-0.093940344114945	0.995592818383262	5
0.115189970797891	0.79695371698568	5
-0.051523434977558	0.847573144561789	5
-0.096996344736511	0.352712982272515	5
0.0178702860833611	0.441387161072424	5
-0.102541166752993	0.785872227558357	283
0.048137044135346	0.471051609861451	5
-0.042089496111302	0.630754759552082	5
0.084688893688887	0.583361206761243	5
0.063316238487333	0.508174597084697	5
0.017963326955765	0.441341043477748	5
0.0751011590761021	0.545790922920221	5
-0.075232150203982	0.599654790054676	5
0.048045794888565	0.470997917343372	23
-0.041787558524264	0.63030518261539	23
-0.099075640655895	0.353944854479088	37
-0.09751494297264	0.353113627072122	37
0.048167513635818	0.471016343360915	14
0.017885151515488	0.441422043241892	23
0.018228146026064	0.44085949939863	23
0.048106601170115	0.471060653765222	23
0.00301461825294003	0.697663368297709	23
-0.041899059019307	0.63044304553037	85
0.04809882712395	0.471095771394012	85
0.048030140972728	0.471086554526434	85
0.0177143011176401	0.441519104636812	6
0.075260074216374	0.545605022666558	77
-0.074232160893451	0.816656260054727	6
-0.0164930216918751	0.663087724450388	35
0.063120194180064	0.508370712672486	35
0.047923057890917	0.470860675959319	44
0.048068364212171	0.4711048335323	44
-0.046672067731134	1.46433532379312	52
-0.03262079270441	1.29905291109107	5
-0.085106733262592	1.1859682922145	5
0.048106601170115	0.471060653765222	5
-0.0980343570804339	0.353432748047731	5
0.0912947995307271	0.622151746026057	5
-0.075142928248916	0.599571444913089	5
-0.038222961863263	0.414264406349458	5
-0.102604151174065	0.785927542903538	5
0.075207110278836	0.545690657241514	5
-0.041861878249689	0.630501710651017	5
0.084352289404545	0.58393081140269	5
-0.0752164506176301	0.599532139278292	5
-0.01630861954926	0.662972643880192	5
0.091274054880803	0.622191717871612	5
0.075072512778609	0.5454869291129	5
0.0480761847510181	0.471043419126657	130
0.048129316552884	0.471060482975925	130
0.075260074216374	0.545605022666558	6
0.048167513635818	0.471016343360915	23
0.017792214528392	0.441468073086455	23
0.063343219674838	0.508238057982816	23
-0.0752164506176301	0.599532139278292	23
0.0479996846415251	0.471069360153076	23
-0.075135049387965	0.599550836734038	23
-0.074252845534053	0.816670451212182	23
0.063316238487333	0.508174597084697	6
-0.037990233828196	0.414043933099704	85
0.018041660723745	0.441230120289073	85
-0.038353018666431	0.414337941238971	85
0.084223335911574	0.58385482272296	85
0.063158677768567	0.508319933207446	85
0.017792214528392	0.441468073086455	77
-0.074867619725942	0.599090428767936	77
-0.074980522559243	0.599024532960979	118
0.0479996846415251	0.471069360153076	35
-0.038232305482405	0.414275835906919	35
0.048159832487555	0.470997103993803	54
0.017792214528392	0.441468073086455	54
-0.09771589802742	0.353095483927744	44
-0.099075640655895	0.353944854479088	54
0.101777656499363	0.695831553098791	10
0.0302746101922871	0.76738464964987	10
0.0470840752141261	1.37657034413537	10
0.100431155874547	1.15862259935435	10
-0.069070755109138	1.4071052541852	10
-0.081488500520004	1.37770759022718	5
0.048060623814151	0.471077472243728	5
-0.0750458549234641	0.599435065359958	5
-0.075053757516349	0.59945569070679	5
-0.097314325335099	0.352888726716764	5
0.0752328629001901	0.545597783452129	5
0.017807134329266	0.441473163114747	5
0.017933720144475	0.441049099583088	130
-0.098352883478491	0.353483822010577	23
-0.0980343570804339	0.353432748047731	6
-0.038353018666431	0.414337941238971	23
0.048198009660274	0.470952990233888	23
-0.074867619725942	0.599090428767936	23
0.063250955301187	0.508320544769257	23
-0.041945482047303	0.630661225316363	85
0.063237475822118	0.508259419397331	85
-0.0980343570804339	0.353432748047731	182
0.048129316552884	0.471060482975925	118
-0.098873389158817	0.353718585819526	118
0.0178702860833611	0.441387161072424	6
0.048198009660274	0.470952990233888	35
0.075128371293633	0.5457500837636	35
0.017807134329266	0.441473163114747	35
-0.038353018666431	0.414337941238971	44
0.036685340072988	1.05925773849776	9
0.030166210951231	0.767669262259195	9
-0.072806187928571	1.02259290000407	9
0.018014007904996	0.732649433554209	10
-0.02511194408506	1.10349644824355	10
0.082131041014178	0.994096329868063	5
-0.118975437341576	1.48996262245738	5
0.091036540068653	0.622324586594689	5
-0.038343745757691	0.414362328106443	5
-0.075053757516349	0.59945569070679	5
0.03008670137049	0.767741789537337	5
-0.038111377288474	0.414177817025583	5
0.0965910856076549	0.659917412289735	5
0.101597096157761	0.696299714495301	5
-0.0332413060537901	0.879597911233598	5
0.017921687581491	0.73290941491741	5
0.00303524391238197	0.69759436484439	283
0.075207110278836	0.545690657241514	5
-0.041908305713741	0.630579329942369	5
-0.041861878249689	0.630501710651017	3
0.048205724416729	0.470910260347338	3
-0.038584669491101	0.414442391647873	23
0.063421972840391	0.508127690026033	6
0.00307849189864695	0.697565218519348	23
0.01814960398396	0.440970472276922	23
0.048190374916138	0.470900828404984	23
0.017978153477464	0.441299012127764	23
-0.051589579730977	0.847760717326087	23
0.048159832487555	0.470997103993803	23
0.01763654577387	0.441536831391427	6
0.017807134329266	0.441473163114747	85
-0.041991904254684	0.630597832764327	85
0.048228532197089	0.470856745105674	85
0.017963326955765	0.441341043477748	6
0.00301461825294003	0.697663368297709	6
-0.099597513992659	0.354101235493265	35
-0.016283009867109	0.662848621894492	35
-0.098352883478491	0.353483822010577	35
0.048167513635818	0.471016343360915	35
-0.038232305482405	0.414275835906919	35
-0.099597513992659	0.354101235493265	54
-0.038111377288474	0.414177817025583	44
0.115055366214585	0.797235917916143	9
-0.069186657389991	1.40723635091424	10
-0.081900149097539	1.37878496998346	10
0.017963326955765	0.441341043477748	5
0.096241882481178	1.12805876905211	5
-0.00281607458670596	0.939220327258384	5
0.059607363570782	0.864470326401724	5
-0.104157010553341	1.16198593462387	5
-0.10277131203293	0.785855370336872	10
0.048137044135346	0.471051609861451	10
0.017792214528392	0.441468073086455	5
-0.038213600919535	0.414059767247702	5
-0.033255464639919	0.879557123819165	5
-0.017009569967118	0.909974685050655	283
0.0753115565810441	0.545279452740278	283
-0.01630861954926	0.662972643880192	5
0.075155585509051	0.545661184705511	5
0.048205724416729	0.470910260347338	5
-0.016414454254694	0.663108225094003	3
0.084352289404545	0.58393081140269	23
0.063394965740158	0.508064277585327	23
0.017978153477464	0.441299012127764	23
-0.038222961863263	0.414264406349458	23
-0.074972574974717	0.599243066457034	23
0.075447626813576	0.545075580821755	23
-0.098352883478491	0.353483822010577	23
0.017885151515488	0.441422043241892	23
-0.016334235224492	0.663007552598854	23
-0.075119323641709	0.599193489684866	23
0.063329730916325	0.508235697146491	23
-0.038111377288474	0.414177817025583	85
-0.099075640655895	0.353944854479088	6
-0.0754029400831731	0.599705268512402	35
0.017900032419528	0.441350213980641	35
-0.038111377288474	0.414177817025583	35
-0.098756633713589	0.353692019334519	35
-0.075053757516349	0.59945569070679	44
-0.09771589802742	0.353095483927744	44
0.017963326955765	0.441341043477748	44
0.040944737369518	0.801367041113006	9
-0.0816327630625851	1.37807705458526	9
-0.047044940123052	1.46534143595524	10
-0.0542619695375231	1.04893532349883	10
0.120726857246421	0.863837448394153	10
0.069990848799571	1.25230661659655	10
-0.00396091450672498	1.16293670207812	5
-0.02327721058197	1.33054416894145	5
0.124277886347048	0.932493596536897	5
-0.036661236215955	1.49358870531594	5
-0.00376551777384104	1.16217727351812	5
0.0843302922197891	0.583946577934216	5
-0.03812077431086	0.414038094571237	5
0.048106601170115	0.471060653765222	5
0.00307849189864695	0.697565218519348	5
-0.038232305482405	0.414275835906919	5
-0.098554588996423	0.353709685597233	5
-0.037878413463182	0.41380613890332	5
-0.038101962939554	0.414130609919789	5
0.063316238487333	0.508174597084697	283
0.101314356859314	0.696380152187252	5
0.048159832487555	0.470997103993803	5
0.048137044135346	0.471051609861451	5
0.075208565707402	0.545622611509452	23
-0.038111377288474	0.414177817025583	23
0.063435470882058	0.508078747495984	23
-0.041931519146898	0.630510016423755	6
-0.016440085400675	0.663088444368722	6
0.063356704764237	0.50818911175335	23
0.091122632222559	0.622335582429877	23
0.063356704764237	0.50818911175335	23
0.048159832487555	0.470997103993803	23
0.075179899331267	0.545683412508346	391
0.063448965253187	0.507971440785624	6
-0.0750458549234641	0.599435065359958	6
-0.102456218495276	0.785740006128746	85
0.063514201586973	0.507940032132344	6
-0.075313591982397	0.599686009158765	35
-0.07436308791146	0.816694713454337	35
-0.0383344554852471	0.414193392330842	35
0.01821346711955	0.440962554763671	54
-0.03812077431086	0.414038094571237	54
-0.038353018666431	0.414337941238971	44
-0.038232305482405	0.414275835906919	44
-0.038343745757691	0.414362328106443	54
0.02508275165151	1.66885767629483	9
0.118220776949686	0.830339124687948	10
0.030187946152239	0.767645000664507	10
0.048751112061447	1.57305958271153	10
0.048725332264368	1.57321080632214	10
0.064724575015896	1.22172090488984	10
-0.0954355175052291	1.34859285377169	5
0.066766185126239	0.896125818164472	5
0.048175274861663	0.470945497752617	10
0.017807134329266	0.441473163114747	10
-0.038232305482405	0.414275835906919	10
0.084666848488965	0.583421581205999	5
0.017792214528392	0.441468073086455	5
0.018120152890429	0.441085742998587	5
-0.075135049387965	0.599550836734038	5
0.030238569722612	0.767560566360836	283
0.075260074216374	0.545605022666558	5
0.030216828572321	0.767608928160328	5
-0.01630861954926	0.662972643880192	3
-0.042126707406141	0.630748496181635	3
0.063408471126852	0.508125343240681	3
-0.102500197789548	0.785757997478442	23
0.084456162756553	0.583813760351764	23
-0.075224295078979	0.599634201404957	23
0.048167513635818	0.471016343360915	23
-0.075127181183508	0.599448766878507	23
-0.09751494297264	0.353113627072122	23
-0.0383344554852471	0.414193392330842	6
0.048198009660274	0.470952990233888	6
-0.075053757516349	0.59945569070679	23
0.063500690585278	0.50798896479976	23
-0.016414454254694	0.663108225094003	23
0.063185607178434	0.508383460359442	391
0.047938851552826	0.470945196729944	391
0.0631067478976231	0.508419637507065	391
0.063291371738374	0.508166632881355	85
-0.042075507015257	0.63043234066648	6
-0.0752164506176301	0.599532139278292	77
0.017792214528392	0.441468073086455	6
0.075288755062965	0.545413343996195	35
-0.075224295078979	0.599634201404957	35
0.00301461825294003	0.697663368297709	35
-0.098873389158817	0.353718585819526	54
-0.038473517099805	0.414356124603627	54
-0.098756633713589	0.353692019334519	44
0.0480761847510181	0.471043419126657	44
-0.038111377288474	0.414177817025583	54
-0.032726391864074	1.29904309930249	9
0.063237475822118	0.508259419397331	9
-0.00419778051346398	1.16322815191047	10
0.10177008095369	0.695722518563332	10
0.0920585193065681	1.3620334165402	10
0.096484123829472	1.12742434747928	5
-0.00403473896625695	1.16311739443502	5
0.017792214528392	0.441468073086455	5
0.018041660723745	0.441230120289073	5
-0.09751494297264	0.353113627072122	5
0.00290412257635297	0.697717017964945	10
0.018071220485707	0.441051573299806	10
0.084522203630556	0.583629406919959	5
-0.0980343570804339	0.353432748047731	5
-0.016600557268298	0.663091087595214	283
0.075234323214785	0.545649823465162	5
0.063487175909114	0.507986633485621	3
-0.01630861954926	0.662972643880192	3
-0.016573262377946	0.663104637362673	3
0.0177143011176401	0.441519104636812	3
-0.0754107477259231	0.59972581114889	23
0.074969385211641	0.545722332536396	23
0.084352289404545	0.58393081140269	6
-0.075240015986526	0.599593248021543	6
-0.099597513992659	0.354101235493265	6
-0.0980343570804339	0.353432748047731	6
0.075102597552793	0.545676629601899	23
-0.042089496111302	0.630754759552082	23
0.063264431112624	0.508322918373419	391
0.063408471126852	0.508125343240681	23
0.018071220485707	0.441051573299806	6
-0.038584669491101	0.414442391647873	6
-0.0980343570804339	0.353432748047731	35
-0.098235856286303	0.353414829103439	54
-0.096996344736511	0.352712982272515	54
-0.098235856286303	0.353414829103439	54
-0.038101962939554	0.414130609919789	44
-0.098235856286303	0.353414829103439	44
0.059423724842524	0.864468192234261	9
0.050685245403709	0.833533103494018	10
0.115086391559744	0.797222764842826	10
0.037789492570716	1.71854511294542	10
0.019532561261641	1.25809224924181	10
-0.054329830166962	1.04906238465438	5
-0.025248890193054	1.10377188120893	10
0.00292846101567901	0.697751766608455	5
0.063356704764237	0.50818911175335	5
0.048129316552884	0.471060482975925	10
0.0176215327131241	0.441435638108329	5
0.0631067478976231	0.508419637507065	5
-0.037999701638591	0.413940026884914	283
-0.0332702735377191	0.879505439851604	5
0.096545392504077	0.659943711696897	5
-0.016547614007605	0.663120820841962	5
0.00311921498448697	0.697457472057385	5
-0.075061670752121	0.599394220982401	23
0.017963326955765	0.441341043477748	130
0.017948515857331	0.441276325037825	130
-0.0380925313061919	0.413882409633952	6
-0.038111377288474	0.414177817025583	6
0.017978153477464	0.441299012127764	6
0.048091133154588	0.471042169258016	23
-0.041945482047303	0.630661225316363	23
0.075075383686997	0.545765523362656	23
0.048137044135346	0.471051609861451	391
0.063120194180064	0.508370712672486	391
0.048045794888565	0.470997917343372	391
-0.074056657166924	0.81638992795693	85
-0.038101962939554	0.414130609919789	6
-0.038464314880281	0.414424326723021	6
0.048060623814151	0.471077472243728	77
-0.0749646380190711	0.599304485288219	6
0.063435470882058	0.508078747495984	35
0.017963326955765	0.441341043477748	35
0.018056432898871	0.441217944876616	162
0.017948515857331	0.441276325037825	35
0.075126927980529	0.545745098121915	35
0.017699342444723	0.441384704650949	35
-0.038464314880281	0.414424326723021	35
-0.098554588996423	0.353709685597233	54
0.096527948656722	1.12730614632357	9
0.028848829570998	1.0287934017144	10
0.0480761847510181	0.471043419126657	10
0.063093297955259	0.508417242046547	10
-0.118016071398683	0.967038954841115	5
0.0912947995307271	0.622151746026057	5
0.096438556878078	0.660098329044915	5
-0.051676052804985	0.847904396814613	5
0.04809882712395	0.471095771394012	3
-0.075053757516349	0.59945569070679	3
-0.016441749899156	0.663094658546721	3
-0.098235856286303	0.353414829103439	3
0.017885151515488	0.441422043241892	23
0.075207110278836	0.545690657241514	23
0.017807134329266	0.441473163114747	23
-0.038464314880281	0.414424326723021	23
-0.075135049387965	0.599550836734038	6
0.048083519131537	0.470840918920392	6
-0.038213600919535	0.414059767247702	6
-0.098554588996423	0.353709685597233	23
0.075367459696125	0.545363877292345	23
0.063027853296225	0.50843016111244	391
0.0177143011176401	0.441519104636812	391
-0.102560224930624	0.785763063942108	23
-0.041945482047303	0.630661225316363	23
0.0751011590761021	0.545790922920221	23
-0.041801495132781	0.63038238662287	85
0.0178702860833611	0.441387161072424	85
-0.016281321352695	0.662925995029655	85
-0.097314325335099	0.352888726716764	182
0.017807134329266	0.441473163114747	6
0.0752328629001901	0.545597783452129	35
-0.038353018666431	0.414337941238971	54
-0.0383344554852471	0.414193392330842	44
-0.0693037097653621	1.21263237100206	9
-0.102393270064865	0.785621271260328	10
0.042654393192453	1.09330881383495	10
0.010017534606832	1.62065289809755	5
0.072981235698573	0.927656246324498	10
-0.097833196182046	0.353207340512575	10
0.063421972840391	0.508127690026033	5
-0.0980343570804339	0.353432748047731	283
0.096616353695589	0.659805884953559	5
0.00316339246913699	0.697370404864275	5
0.096789205661196	0.659515020496852	5
-0.0384550952589881	0.414291169728785	5
-0.0752164506176301	0.599532139278292	5
-0.073946722165788	0.815989994097617	3
0.075154138563505	0.545752345612659	3
0.063435470882058	0.508078747495984	3
-0.038464314880281	0.414424326723021	23
0.048243948908962	0.47068770486424	23
-0.042135908239007	0.630461653713601	23
-0.099075640655895	0.353944854479088	6
0.017978153477464	0.441299012127764	23
0.017807134329266	0.441473163114747	391
0.048083519131537	0.470840918920392	391
0.10163381037469	0.69608572125241	23
-0.038584669491101	0.414442391647873	23
0.048228532197089	0.470856745105674	23
-0.074056657166924	0.81638992795693	23
0.091339369202452	0.622085083749103	23
-0.118497826569639	0.967531092595145	85
-0.10277131203293	0.785855370336872	85
-0.075321423367854	0.599706575982585	182
0.017885151515488	0.441422043241892	6
0.063316238487333	0.508174597084697	6
0.01763654577387	0.441536831391427	6
-0.038343745757691	0.414362328106443	6
-0.038353018666431	0.414337941238971	6
0.063079844351383	0.508356092101914	6
-0.074875569768949	0.599111080191056	35
-0.038704809852949	0.414366420072622	35
0.063527708915473	0.507832764068333	35
0.017885151515488	0.441422043241892	44
0.037329497181676	2.41834619147271	9
0.092870693106388	1.09498305156858	9
0.0845410928024371	0.583697557335818	10
0.0913808746746611	0.621961471167152	5
-0.075150817760178	0.599509934408343	5
0.077971876272029	0.960424234314509	10
-0.03775690953188	0.413628552068713	10
-0.038353018666431	0.414337941238971	10
0.017651574411606	0.441465173551282	10
-0.051594818189553	0.847572566910036	10
0.0177888935137011	0.732994395968385	10
-0.102730190262548	0.785943353413654	5
-0.102393270064865	0.785621271260328	5
0.0181409619267811	0.73254991886232	5
0.018054415695141	0.732724845641667	5
0.041088586376288	0.801159832729146	5
0.0913808746746611	0.621961471167152	5
0.096352396025853	0.66007976754343	5
0.017900032419528	0.441350213980641	3
-0.038232305482405	0.414275835906919	23
-0.074318286925268	0.816704759460399	23
0.0751011590761021	0.545790922920221	23
-0.0980343570804339	0.353432748047731	6
0.018134870756271	0.441106968732687	23
0.075179899331267	0.545683412508346	23
-0.102456218495276	0.785740006128746	23
0.075261538141902	0.545560938008652	23
0.048190374916138	0.470900828404984	23
0.017807134329266	0.441473163114747	23
0.04809882712395	0.471095771394012	23
0.00279733770240898	0.697822392172466	85
0.084456162756553	0.583813760351764	85
0.018041660723745	0.441230120289073	6
-0.051569263035344	0.847710839351726	6
0.0751011590761021	0.545790922920221	6
0.06357937288619	0.507816047405359	35
0.017651574411606	0.441465173551282	162
-0.074956711698704	0.599283845361732	162
-0.038232305482405	0.414275835906919	35
0.018056432898871	0.441217944876616	35
0.096611469191095	0.659853640291209	35
-0.038222961863263	0.414264406349458	54
-0.0980343570804339	0.353432748047731	44
0.113892449173468	1.52653998512607	9
0.048330751621239	1.12640434834155	9
-0.075313591982397	0.599686009158765	9
0.089493006270521	1.06098466777405	10
-0.068970068391718	1.21177216896919	10
0.066842026822883	0.895936218169302	10
-0.111950776076368	1.32454725630751	10
0.042310495225135	1.54792402700437	10
-0.00263914845351998	0.939267867914455	10
0.115086391559744	0.797222764842826	5
0.058947475483081	1.19079397008548	5
0.114917325931424	0.797165991848881	5
0.048121668982423	0.470978781688397	10
-0.038464314880281	0.414424326723021	5
-0.074166731286506	0.816592436654914	10
-0.09751494297264	0.353113627072122	5
-0.09751494297264	0.353113627072122	283
-0.097833196182046	0.353207340512575	283
-0.102393270064865	0.785621271260328	5
-0.10235235414452	0.785514109137052	5
0.091360124316574	0.622045105168558	5
0.017963326955765	0.441341043477748	23
0.075048171822478	0.545806361158126	23
0.048266703141926	0.470750763953156	23
-0.03775690953188	0.413628552068713	23
-0.09771589802742	0.353095483927744	37
-0.098352883478491	0.353483822010577	6
0.04809882712395	0.471095771394012	23
-0.038222961863263	0.414264406349458	23
-0.038241631735444	0.41410029348193	23
0.075231401238646	0.545228356288791	23
-0.038232305482405	0.414275835906919	391
0.075208565707402	0.545622611509452	23
-0.102330345091486	0.785468465244391	23
0.048175274861663	0.470945497752617	23
0.048175274861663	0.470945497752617	85
-0.075150817760178	0.599509934408343	85
0.063041286660701	0.508381254265831	85
-0.102645204396027	0.785905962761285	85
-0.098873389158817	0.353718585819526	6
-0.098554588996423	0.353709685597233	6
-0.038232305482405	0.414275835906919	35
-0.038222961863263	0.414264406349458	35
-0.10258218567443	0.785881930049397	35
-0.0164930216918751	0.663087724450388	35
-0.038222961863263	0.414264406349458	35
-0.098235856286303	0.353414829103439	54
-0.098235856286303	0.353414829103439	44
0.063343219674838	0.508238057982816	44
-0.038101962939554	0.414130609919789	54
-0.069120821635592	1.40712225704012	9
-0.096723193548716	1.70634837232213	10
0.0178702860833611	0.441387161072424	10
-0.038222961863263	0.414264406349458	10
-0.098352883478491	0.353483822010577	10
-0.01649467821567	0.663121538181514	10
0.063343219674838	0.508238057982816	5
0.01763654577387	0.441536831391427	5
-0.097314325335099	0.352888726716764	5
-0.037999701638591	0.413940026884914	283
0.017948515857331	0.441276325037825	5
0.096595956617314	0.659733843485714	5
0.030419306865225	0.76711809415928	5
0.0843932388020811	0.583891294044359	283
0.091205517729931	0.622083216009459	5
0.017885151515488	0.441422043241892	3
0.075128371293633	0.5457500837636	3
0.075154138563505	0.545752345612659	3
0.048091133154588	0.471042169258016	23
-0.038111377288474	0.414177817025583	6
-0.037999701638591	0.413940026884914	6
-0.041847927464025	0.630459992763821	23
0.063435470882058	0.508078747495984	85
0.00305586444910799	0.697466632412004	85
-0.098352883478491	0.353483822010577	182
-0.099597513992659	0.354101235493265	2
-0.098756633713589	0.353692019334519	2
-0.098352883478491	0.353483822010577	77
-0.075150817760178	0.599509934408343	35
-0.098554588996423	0.353709685597233	35
0.063592896855361	0.507767132033222	35
0.0175438809371939	0.441453292209616	54
0.073813028886753	1.74389779856666	9
-0.085321107331087	1.18667143671101	9
-0.00744711319971003	1.57039305823743	10
-0.0549558194001391	1.23860823052759	10
-0.084568496617795	1.73272987976181	10
-0.00401012307204895	1.16311044308567	5
0.0485058289579881	1.57366373167489	5
0.048632269315422	1.12588598875665	5
-0.013651671104456	1.35783963934664	5
0.050685245403709	0.833533103494018	10
0.048129316552884	0.471060482975925	10
0.018041660723745	0.441230120289073	10
0.017963326955765	0.441341043477748	10
-0.0384550952589881	0.414291169728785	10
-0.074146040742489	0.816512466993869	5
-0.075053757516349	0.59945569070679	5
0.075179899331267	0.545683412508346	5
-0.0938470184670081	0.995547367050303	5
-0.098873389158817	0.353718585819526	5
0.0845410928024371	0.583697557335818	5
0.075285818681739	0.545486301742271	5
0.0480379278286071	0.471087613431695	5
-0.075158717915544	0.599291194086621	23
0.017699342444723	0.441384704650949	243
-0.075313591982397	0.599686009158765	23
0.0178702860833611	0.441387161072424	23
0.048198009660274	0.470952990233888	23
0.063172144305836	0.508381075212563	6
-0.102500197789548	0.785757997478442	23
-0.074875569768949	0.599111080191056	23
-0.042112702279816	0.630685418300134	23
0.048137044135346	0.471051609861451	23
-0.10235235414452	0.785514109137052	23
0.04821351931622	0.470722899920714	23
-0.0750458549234641	0.599435065359958	23
0.01777731021038	0.441303913539979	85
0.048198009660274	0.470952990233888	85
-0.098554588996423	0.353709685597233	182
-0.097833196182046	0.353207340512575	182
-0.038464314880281	0.414424326723021	182
-0.097833196182046	0.353207340512575	182
0.063237475822118	0.508259419397331	6
-0.038232305482405	0.414275835906919	6
0.017978153477464	0.441299012127764	35
-0.075224295078979	0.599634201404957	35
-0.038343745757691	0.414362328106443	54
0.0751011590761021	0.545790922920221	44
-0.038575520499092	0.414353051058273	54
-0.09751494297264	0.353113627072122	54
0.036107292621169	1.06054139591346	10
-0.104519338790327	1.51719174193665	10
-0.085438160384811	1.18668464246884	5
0.033462992565612	1.31921556232475	5
0.06456852115564	1.22223770800787	5
0.124564820208279	0.931669789046667	5
0.07805369751548	0.960235372163707	5
-0.038353018666431	0.414337941238971	10
-0.041959463063889	0.630501322211344	5
0.04809882712395	0.471095771394012	5
0.018026903922419	0.441132034202971	5
0.00284229766136301	0.697755670727159	5
-0.054312561833166	1.04880772418311	5
-0.051721916884086	0.848043425468633	5
-0.074166731286506	0.816592436654914	5
0.096763971359881	0.65950094455796	5
-0.10235235414452	0.785514109137052	23
0.017885151515488	0.441422043241892	23
0.048068364212171	0.4711048335323	6
0.063500690585278	0.50798896479976	23
-0.0749646380190711	0.599304485288219	23
0.063500690585278	0.50798896479976	391
-0.016281321352695	0.662925995029655	23
-0.074956711698704	0.599283845361732	85
0.048205724416729	0.470910260347338	85
0.048175274861663	0.470945497752617	182
0.048060623814151	0.471077472243728	6
-0.038473517099805	0.414356124603627	35
-0.038101962939554	0.414130609919789	35
-0.0740152277652561	0.816295717198775	35
0.0751011590761021	0.545790922920221	35
0.063133636804223	0.508263388565242	35
0.048198009660274	0.470952990233888	44
-0.038213600919535	0.414059767247702	54
-0.069138517051728	1.21242917919825	9
0.0194951292207201	1.25815402620149	10
-0.041922270637053	0.630589539613816	10
0.096244095825467	0.660171664152563	5
0.082269231638653	0.99376363530657	5
0.043202776293589	1.09154427546898	5
-0.038581528592141	1.07592431315603	5
-0.0938470184670081	0.995547367050303	10
0.106482980745953	0.730909735640533	10
-0.038464314880281	0.414424326723021	10
0.084456162756553	0.583813760351764	10
-0.075061670752121	0.599394220982401	10
0.00314130593738404	0.697441333128085	5
-0.098235856286303	0.353414829103439	5
-0.038111377288474	0.414177817025583	5
0.018134870756271	0.441106968732687	5
0.063120194180064	0.508370712672486	5
-0.102437271138424	0.785639292487699	5
0.101307876522975	0.696455799491971	5
-0.074273535102991	0.816614282631155	5
-0.102393270064865	0.785621271260328	5
-0.102689118389286	0.785923872930611	5
-0.102478205765596	0.785785640793822	5
0.01763654577387	0.441536831391427	3
-0.075135049387965	0.599550836734038	3
0.063079844351383	0.508356092101914	243
0.048205724416729	0.470910260347338	23
-0.01630861954926	0.662972643880192	23
0.048190374916138	0.470900828404984	23
0.018056432898871	0.441217944876616	23
0.075338766670477	0.54534540540273	23
0.048137044135346	0.471051609861451	23
-0.01649467821567	0.663121538181514	23
0.063356704764237	0.50818911175335	23
-0.102541166752993	0.785872227558357	6
0.075182801725168	0.545513567053862	85
-0.038464314880281	0.414424326723021	2
0.075179899331267	0.545683412508346	6
0.048068364212171	0.4711048335323	6
0.017885151515488	0.441422043241892	35
-0.037990233828196	0.414043933099704	35
0.0177292753209	0.441490978820015	35
0.0177143011176401	0.441519104636812	35
0.122637423050293	0.897886638635151	9
-0.060472999983311	1.77782709631714	9
0.106472594652315	0.730996143549834	5
0.089320978467428	1.06128438592782	5
0.048068364212171	0.4711048335323	5
0.063277903257855	0.508273973989328	5
0.075260074216374	0.545605022666558	5
0.091428365776226	0.621744954604799	5
0.063500690585278	0.50798896479976	5
0.063356704764237	0.50818911175335	5
-0.042005881270846	0.630719515069575	5
-0.042126707406141	0.630748496181635	5
-0.042149911388244	0.630754431915372	23
-0.038343745757691	0.414362328106443	23
0.063237475822118	0.508259419397331	23
0.048167513635818	0.471016343360915	6
-0.01630861954926	0.662972643880192	23
0.018026903922419	0.441132034202971	23
-0.041885092082105	0.630573386077958	23
-0.075240015986526	0.599593248021543	23
0.04800751798394	0.471042122206643	23
-0.075224295078979	0.599634201404957	23
-0.075247892420489	0.59937445297054	23
0.084396270009057	0.58376226588378	85
-0.038101962939554	0.414130609919789	182
-0.098235856286303	0.353414829103439	182
-0.09751494297264	0.353113627072122	2
-0.0384550952589881	0.414291169728785	6
-0.096796269002475	0.352488687791578	2
-0.038232305482405	0.414275835906919	2
0.084352289404545	0.58393081140269	35
0.063421972840391	0.508127690026033	35
0.063460135528455	0.507744196866069	35
-0.03812077431086	0.414038094571237	35
-0.037999701638591	0.413940026884914	54
-0.037878413463182	0.41380613890332	54
-0.097833196182046	0.353207340512575	54
0.079214146279437	1.88569945783087	9
0.03455350474658	1.52517734807858	10
-0.038695731466628	0.414371031823955	10
0.017661962471763	0.732778810027301	10
-0.0163615331599321	0.663054207629342	5
0.06357937288619	0.507816047405359	5
-0.102453289757226	0.785099263121776	5
0.017792214528392	0.441468073086455	5
0.084163282541588	0.583959669719534	5
0.017978153477464	0.441299012127764	5
0.0178702860833611	0.441387161072424	5
0.101575660041353	0.696331961700475	5
-0.09368791408267	0.995116678033945	5
0.017948515857331	0.441276325037825	5
0.063421972840391	0.508127690026033	3
-0.097833196182046	0.353207340512575	3
-0.102837124904475	0.785755954976757	3
0.091404661651203	0.621955343661036	243
-0.016467382827036	0.663135102628169	243
0.00303432589534103	0.697538837656829	23
0.074995176808577	0.545797766125804	23
0.04801543159285	0.470919168811955	23
0.048152739854948	0.470714695348436	23
-0.037868874847883	0.413866295648985	23
-0.075240015986526	0.599593248021543	23
0.063041286660701	0.508381254265831	23
-0.102478205765596	0.785785640793822	6
-0.075142928248916	0.599571444913089	6
0.0751011590761021	0.545790922920221	85
-0.038464314880281	0.414424326723021	6
0.017807134329266	0.441473163114747	2
-0.075142928248916	0.599571444913089	2
0.00301461825294003	0.697663368297709	35
-0.098235856286303	0.353414829103439	54
-0.038575520499092	0.414353051058273	54
0.047157268518067	1.77403197237539	9
0.086258594492318	1.55955787270905	9
0.0428462501958941	1.09294370168777	10
-0.032651066869146	1.29929066635302	5
0.059655165473687	0.864318905112001	5
-0.00270966697463204	0.939435683182701	5
-0.098554588996423	0.353709685597233	10
0.096565767341287	0.65983611689143	5
0.048228532197089	0.470856745105674	5
-0.075224295078979	0.599634201404957	5
-0.016520318870356	0.663134379752832	5
-0.102667159015211	0.785951560164861	5
0.048121668982423	0.470978781688397	5
0.075207110278836	0.545690657241514	5
-0.07503796297973	0.599333001659143	270
0.075288755062965	0.545413343996195	3
0.0480379278286071	0.471087613431695	243
-0.038232305482405	0.414275835906919	6
0.017855436085875	0.441193221226084	23
0.0752328629001901	0.545597783452129	6
0.04801543159285	0.470919168811955	23
-0.016600557268298	0.663091087595214	23
0.091315539427417	0.622068107957982	23
0.041276418535229	0.800193852755599	23
-0.016332555104516	0.662774324721282	23
0.048068364212171	0.4711048335323	23
0.075129813422717	0.545529022056414	391
0.048060623814151	0.471077472243728	85
-0.098554588996423	0.353709685597233	2
0.048137044135346	0.471051609861451	2
0.017807134329266	0.441473163114747	6
0.0177292753209	0.441490978820015	6
0.017948515857331	0.441276325037825	6
-0.041922270637053	0.630589539613816	35
0.063093297955259	0.508417242046547	35
0.01971747641681	1.25749248480374	9
0.080884024726691	1.30984072627875	10
0.059275072465876	1.1908282343787	10
0.089291628812698	1.06197433528473	5
-0.0980343570804339	0.353432748047731	5
0.048182820052063	0.470741499740947	10
-0.052027340674671	0.848172105335391	5
0.091404661651203	0.621955343661036	5
0.084544208075379	0.583460234530752	5
0.048137044135346	0.471051609861451	5
0.030238569722612	0.767560566360836	5
0.063277903257855	0.508273973989328	270
-0.0162011144783351	0.66270873611259	3
0.04821351931622	0.470722899920714	23
-0.016520318870356	0.663134379752832	23
-0.097833196182046	0.353207340512575	6
-0.075142928248916	0.599571444913089	23
-0.0750458549234641	0.599435065359958	23
0.063370186185948	0.508081781188768	391
-0.098352883478491	0.353483822010577	23
0.0177143011176401	0.441519104636812	23
-0.097314325335099	0.352888726716764	23
-0.041922270637053	0.630589539613816	2
-0.041945482047303	0.630661225316363	6
-0.075232150203982	0.599654790054676	2
-0.098352883478491	0.353483822010577	6
-0.041847927464025	0.630459992763821	35
0.018120152890429	0.441085742998587	35
-0.038353018666431	0.414337941238971	35
-0.075150817760178	0.599509934408343	35
0.0629220715283591	0.508348508650678	35
0.017574031520053	0.44134092774595	54
-0.038584669491101	0.414442391647873	54
-0.038464314880281	0.414424326723021	44
-0.03812077431086	0.414038094571237	44
0.018041660723745	0.441230120289073	54
-0.09771589802742	0.353095483927744	54
0.066589784702738	0.896105512007155	10
-0.025129430074329	1.10354445419056	5
-0.00280090799564803	0.939500257128384	5
0.048022434192649	0.470939585084635	5
0.074913554261459	0.545532433957082	5
0.0843302922197891	0.583946577934216	5
-0.051655740378037	0.847916877979715	5
-0.102708246520331	0.785897774579404	104
-0.09751494297264	0.353113627072122	5
0.018228146026064	0.44085949939863	3
0.048106601170115	0.471060653765222	3
0.017978153477464	0.441299012127764	23
-0.042126707406141	0.630748496181635	243
-0.038222961863263	0.414264406349458	23
0.0176215327131241	0.441435638108329	6
-0.038222961863263	0.414264406349458	6
0.084478180970231	0.583797970147497	6
-0.016255713429042	0.662862174171496	6
-0.102519190369605	0.785826602283405	23
-0.037999701638591	0.413940026884914	23
0.075234323214785	0.545649823465162	23
-0.038232305482405	0.414275835906919	23
0.0751526903693121	0.545617365600518	6
0.0177143011176401	0.441519104636812	85
0.0631067478976231	0.508419637507065	6
-0.016387156575993	0.663061566941855	6
-0.075232150203982	0.599654790054676	6
-0.0383344554852471	0.414193392330842	2
-0.075061670752121	0.599394220982401	2
-0.0383344554852471	0.414193392330842	35
0.002924720643118	0.697589302029009	35
-0.038241631735444	0.41410029348193	54
0.0404470289901751	1.34748755030308	9
0.0607178847527	1.42819476815679	9
0.105497301731603	1.44085045257436	9
-0.025066292966231	1.10335293561354	10
0.059699213802682	0.864217545723177	5
0.101669058781952	0.696068835612885	5
0.111262242788444	0.763977742221021	5
-0.072071205676119	1.75529733804172	5
0.048030140972728	0.471086554526434	10
0.00286291108509595	0.697800159750851	10
-0.075224295078979	0.599634201404957	5
-0.118214047976158	0.96759620565671	5
0.063185607178434	0.508383460359442	104
-0.098554588996423	0.353709685597233	5
-0.075232150203982	0.599654790054676	3
0.00292846101567901	0.697751766608455	23
-0.042005881270846	0.630719515069575	243
0.063199066387906	0.508334523103492	6
-0.098873389158817	0.353718585819526	6
0.048236200513971	0.470846950090697	6
0.048068364212171	0.4711048335323	23
0.0301301980672219	0.767553257284768	23
0.01814960398396	0.440970472276922	391
0.00281405363671305	0.697404080406053	6
0.018105450348108	0.440943772778367	6
-0.038473517099805	0.414356124603627	85
-0.102371276659045	0.785502406310806	85
-0.0383344554852471	0.414193392330842	6
0.084289309702582	0.583963836619084	6
-0.102182539472499	0.784925801626549	2
0.0631067478976231	0.508419637507065	35
-0.038111377288474	0.414177817025583	35
-0.037999701638591	0.413940026884914	54
-0.041908305713741	0.630579329942369	44
0.018056432898871	0.441217944876616	54
-0.075313591982397	0.599686009158765	54
-0.098235856286303	0.353414829103439	54
-0.0233879904206969	1.33070839181423	9
0.077849788134163	0.960554092294018	5
0.048060623814151	0.471077472243728	5
0.063565845240083	0.507813733272985	5
0.017948515857331	0.441276325037825	5
0.063250955301187	0.508320544769257	104
-0.016520318870356	0.663134379752832	5
-0.075127181183508	0.599448766878507	5
-0.016095323653885	0.66238866200278	3
-0.0162011144783351	0.66270873611259	243
-0.0420430831368011	0.630677137943554	243
-0.074956711698704	0.599283845361732	23
-0.038101962939554	0.414130609919789	23
-0.075492339365296	0.599688769725692	6
-0.10277131203293	0.785855370336872	6
-0.075232150203982	0.599654790054676	391
0.0177292753209	0.441490978820015	23
-0.075329265417905	0.599645011435276	23
-0.097833196182046	0.353207340512575	85
-0.037990233828196	0.414043933099704	2
0.017885151515488	0.441422043241892	6
0.017807134329266	0.441473163114747	2
-0.038584669491101	0.414442391647873	35
0.017807134329266	0.441473163114747	54
0.075102597552793	0.545676629601899	44
0.048175274861663	0.470945497752617	54
0.091363116198774	0.621899506241714	10
0.118192586525153	0.830344932680984	5
-0.051986780795005	0.848266740933482	5
0.0965910856076549	0.659917412289735	5
0.017963326955765	0.441341043477748	5
0.0181870775779061	0.732436549156271	5
-0.102434235979929	0.785621130114425	5
-0.0752164506176301	0.599532139278292	5
0.0753417200864161	0.545327769695141	6
-0.041982672273346	0.630647826107759	5
0.048068364212171	0.4711048335323	270
0.0632125219358	0.508227184141461	5
0.00285911358580204	0.697611591816472	5
0.048159832487555	0.470997103993803	3
0.048159832487555	0.470997103993803	23
-0.041982672273346	0.630647826107759	23
0.048236200513971	0.470846950090697	23
-0.07436308791146	0.816694713454337	23
0.0177143011176401	0.441519104636812	6
-0.075247892420489	0.59937445297054	6
0.048060623814151	0.471077472243728	23
0.018094812759939	0.732583367161598	23
0.047969254831406	0.471023900646723	23
0.04809882712395	0.471095771394012	23
-0.07503796297973	0.599333001659143	23
0.018056432898871	0.441217944876616	23
-0.038695731466628	0.414371031823955	23
0.075287287517624	0.545564195725926	85
-0.102522194565737	0.78564073577593	85
0.01777731021038	0.441303913539979	85
0.084415246499077	0.583875515619935	2
-0.075321423367854	0.599706575982585	2
0.048175274861663	0.470945497752617	35
-0.0752164506176301	0.599532139278292	35
-0.038232305482405	0.414275835906919	35
-0.038241631735444	0.41410029348193	35
-0.038232305482405	0.414275835906919	54
-0.038111377288474	0.414177817025583	44
-0.038464314880281	0.414424326723021	54
0.01971747641681	1.25749248480374	9
-0.051813740537856	0.848049241128343	5
-0.093716971454895	0.995224858764752	5
0.042866160317064	1.09267709938833	5
0.118255673125599	0.83006903587321	5
-0.102648096435657	0.785782555930775	5
0.063093297955259	0.508417242046547	5
0.063237475822118	0.508259419397331	5
-0.051742222533774	0.848030929183181	5
-0.042080298783546	0.630530345816743	5
0.111167458294377	0.764219793324189	5
0.075207110278836	0.545690657241514	5
-0.0749646380190711	0.599304485288219	5
0.0176215327131241	0.441435638108329	5
-0.041801495132781	0.63038238662287	5
-0.002618411947647	0.939217929922757	3
-0.098554588996423	0.353709685597233	3
-0.102519190369605	0.785826602283405	23
0.063277903257855	0.508273973989328	23
0.048068364212171	0.4711048335323	23
0.0632125219358	0.508227184141461	23
-0.042293968516672	0.630585351930071	23
0.0177292753209	0.441490978820015	23
-0.075224295078979	0.599634201404957	23
-0.102371276659045	0.785502406310806	23
0.017885151515488	0.441422043241892	23
0.01821346711955	0.440962554763671	6
0.063264431112624	0.508322918373419	85
0.084333269293257	0.583795320835331	85
-0.0383344554852471	0.414193392330842	2
0.048129316552884	0.471060482975925	2
-0.041931519146898	0.630510016423755	2
0.075261538141902	0.545560938008652	35
0.06357937288619	0.507816047405359	35
0.00292846101567901	0.697751766608455	35
-0.097196756999081	0.352694669460464	162
-0.037868874847883	0.413866295648985	44
0.063343219674838	0.508238057982816	54
-0.038232305482405	0.414275835906919	54
0.017963326955765	0.441341043477748	54
-0.0980343570804339	0.353432748047731	54
-0.038473517099805	0.414356124603627	54
-0.096996344736511	0.352712982272515	54
-0.036817291303918	1.49372769560706	9
0.100412928083637	1.1586212821213	10
0.020376352578892	0.997116628552297	5
0.059534421248735	0.864290605369675	5
-0.118148040591478	0.967444778868581	5
-0.016228414967052	0.662815534712448	5
0.0964842539687501	0.660007382276669	6
-0.0384550952589881	0.414291169728785	5
-0.01649467821567	0.663121538181514	270
0.084497030745063	0.58368145739329	5
-0.0164930216918751	0.663087724450388	3
-0.102563147890518	0.785844565177501	23
0.075155585509051	0.545661184705511	243
0.018026903922419	0.441132034202971	23
0.075338766670477	0.54534540540273	23
-0.098352883478491	0.353483822010577	23
0.084581942720471	0.583588716949427	6
-0.038343745757691	0.414362328106443	6
-0.042089496111302	0.630754759552082	23
-0.042089496111302	0.630754759552082	23
-0.075061670752121	0.599394220982401	85
0.063250955301187	0.508320544769257	6
-0.03812077431086	0.414038094571237	2
0.063421972840391	0.508127690026033	2
0.04814485185986	0.4709545254248	2
0.063093297955259	0.508417242046547	2
0.017900032419528	0.441350213980641	2
0.063329730916325	0.508235697146491	35
-0.098756633713589	0.353692019334519	35
-0.038101962939554	0.414130609919789	54
-0.075321423367854	0.599706575982585	54
0.017885151515488	0.441422043241892	54
0.017885151515488	0.441422043241892	54
-0.04700740219653	1.46535529562306	10
0.053934634219066	1.15879253266125	10
0.118329539335055	0.830125132981521	10
0.122734499713048	0.897798022168707	10
-0.095735827657864	1.350374147057	10
-0.068970068391718	1.21177216896919	5
-0.081763868551931	1.37860455165798	5
-0.102645204396027	0.785905962761285	5
-0.093738401867364	0.995273293191953	5
0.0843112917921321	0.583903474694665	5
-0.038222961863263	0.414264406349458	5
-0.10258218567443	0.785881930049397	5
0.048068364212171	0.4711048335323	5
-0.041885092082105	0.630573386077958	6
0.018041660723745	0.441230120289073	6
-0.096996344736511	0.352712982272515	5
0.048030140972728	0.471086554526434	5
-0.033103821624906	0.879408976519987	5
0.07507394885366	0.545783675338654	104
-0.102667159015211	0.785951560164861	5
0.017900032419528	0.441350213980641	3
0.048190374916138	0.470900828404984	23
-0.041838664214195	0.630355242517293	23
-0.038222961863263	0.414264406349458	6
0.048114455422043	0.470937287450026	23
0.084626016651156	0.583512518672696	23
0.017963326955765	0.441341043477748	85
0.048068364212171	0.4711048335323	85
0.017558948417229	0.44151093634167	85
-0.097314325335099	0.352888726716764	2
0.0480379278286071	0.471087613431695	2
-0.038473517099805	0.414356124603627	2
0.048137044135346	0.471051609861451	2
0.063250955301187	0.508320544769257	2
0.075313030370492	0.545493532457957	2
0.0479996846415251	0.471069360153076	35
-0.016335915718494	0.662959083307172	35
-0.041838664214195	0.630355242517293	162
0.075181351138205	0.545711507796161	54
-0.0980343570804339	0.353432748047731	54
-0.096996344736511	0.352712982272515	54
-0.038232305482405	0.414275835906919	69
-0.098235856286303	0.353414829103439	69
0.048622092021396	1.5733586934774	9
0.03510645810117	1.52364244357551	10
0.00973416960192497	0.968299835530128	10
0.062935499292038	0.508409645966285	5
0.017885151515488	0.441422043241892	361
0.075313030370492	0.545493532457957	5
-0.0980343570804339	0.353432748047731	358
-0.099597513992659	0.354101235493265	5
0.075261538141902	0.545560938008652	5
0.075181351138205	0.545711507796161	5
-0.097833196182046	0.353207340512575	3
-0.075142928248916	0.599571444913089	23
0.063172144305836	0.508381075212563	23
0.084412112566762	0.583689090508115	23
0.017807134329266	0.441473163114747	23
-0.038464314880281	0.414424326723021	23
-0.075240015986526	0.599593248021543	23
0.018041660723745	0.441230120289073	6
-0.098873389158817	0.353718585819526	6
0.048068364212171	0.4711048335323	6
0.0480379278286071	0.471087613431695	23
0.075128371293633	0.5457500837636	23
0.017963326955765	0.441341043477748	23
-0.041861878249689	0.630501710651017	23
-0.042052298639449	0.630656110813843	23
0.063592896855361	0.507767132033222	6
0.075393192779485	0.545311820434884	85
-0.038464314880281	0.414424326723021	2
-0.038213600919535	0.414059767247702	2
-0.038222961863263	0.414264406349458	2
0.048129316552884	0.471060482975925	6
-0.037990233828196	0.414043933099704	35
-0.075232150203982	0.599654790054676	35
0.048129316552884	0.471060482975925	54
-0.038353018666431	0.414337941238971	44
-0.098554588996423	0.353709685597233	44
-0.038213600919535	0.414059767247702	54
-0.098235856286303	0.353414829103439	54
0.019459969757363	1.25822849742709	9
0.040232094382279	1.34881792972677	9
0.019520639945918	1.47332339888082	10
0.066942624015939	0.895757981090526	10
0.066773040391198	1.45467071636522	10
-0.104149412939681	1.16175528824208	5
-0.111628221863444	1.32325359422514	5
-0.075224295078979	0.599634201404957	5
0.050822798029651	0.833387554632983	6
-0.051854317333041	0.848211428219714	6
-0.041922270637053	0.630589539613816	6
-0.09751494297264	0.353113627072122	5
-0.074383750910279	0.816708876301236	104
0.084390080592578	0.583461898983943	270
-0.051635430468389	0.847866999017909	5
-0.041968693252402	0.630667165648645	23
-0.041945482047303	0.630661225316363	23
-0.074101324313536	0.816499131413652	23
-0.102371276659045	0.785502406310806	23
0.017948515857331	0.441276325037825	53
-0.038232305482405	0.414275835906919	23
-0.038111377288474	0.414177817025583	23
0.048106601170115	0.471060653765222	23
-0.10235235414452	0.785514109137052	6
0.075126927980529	0.545745098121915	23
0.075287287517624	0.545564195725926	23
0.075313030370492	0.545493532457957	23
-0.099075640655895	0.353944854479088	6
0.0748877577113251	0.54568991955274	6
-0.098554588996423	0.353709685597233	2
-0.098235856286303	0.353414829103439	6
-0.038575520499092	0.414353051058273	2
0.048091133154588	0.471042169258016	2
0.017900032419528	0.441350213980641	2
0.075102597552793	0.545676629601899	35
-0.075224295078979	0.599634201404957	54
-0.038222961863263	0.414264406349458	69
0.118083843580105	0.830502237996785	10
-0.072734058875889	1.02256539831459	5
0.03011559412965	0.767705696631912	5
0.08456311694821	0.583637167488515	5
0.115086391559744	0.797222764842826	5
0.084415246499077	0.583875515619935	6
0.04809882712395	0.471095771394012	5
-0.102349288009027	0.785294072502758	5
-0.102708246520331	0.785897774579404	5
0.017885151515488	0.441422043241892	6
0.017807134329266	0.441473163114747	5
-0.0518340276884049	0.848161563336183	104
-0.016520318870356	0.663134379752832	5
-0.032959530613493	0.878955584220695	5
-0.01649467821567	0.663121538181514	5
0.075261538141902	0.545560938008652	5
0.0963724628860611	0.66014633040848	5
0.091098694249095	0.622340682489739	3
0.096748392730618	0.659515019869379	23
-0.038232305482405	0.414275835906919	53
0.00303524391238197	0.69759436484439	6
0.075181351138205	0.545711507796161	23
-0.016414454254694	0.663108225094003	23
0.084182350474447	0.583957697516659	85
-0.041945482047303	0.630661225316363	85
0.048274405061996	0.470624469209025	2
0.04809882712395	0.471095771394012	2
0.018056432898871	0.441217944876616	6
-0.07503796297973	0.599333001659143	35
-0.016414454254694	0.663108225094003	162
-0.0980343570804339	0.353432748047731	54
-0.096996344736511	0.352712982272515	54
-0.055037678494349	1.23903972607319	9
0.0272745853459599	1.49907709739859	10
0.081305368737552	1.30818582319257	10
0.063329730916325	0.508235697146491	10
0.124272711602218	0.932747632268021	5
-0.00266806498454397	0.939104468149232	10
-0.10258513378082	0.785727272580979	361
0.063027853296225	0.50843016111244	5
0.101235923739844	0.69653043534582	5
0.106300051955999	0.731077614198672	5
0.096458929986788	0.660076529122411	5
0.04809882712395	0.471095771394012	6
0.0751011590761021	0.545790922920221	104
-0.041885092082105	0.630573386077958	5
-0.093876074980379	0.995517880538006	5
0.00292846101567901	0.697751766608455	5
-0.016388829064612	0.663040642355053	5
-0.074187426761161	0.816606642247111	5
-0.10258218567443	0.785881930049397	5
0.091057262873807	0.622376934191527	5
-0.016574907106478	0.663033619029199	5
-0.041908305713741	0.630579329942369	3
-0.075127181183508	0.599448766878507	243
-0.038222961863263	0.414264406349458	23
-0.0383344554852471	0.414193392330842	53
-0.075240015986526	0.599593248021543	53
-0.0980343570804339	0.353432748047731	53
0.01777731021038	0.441303913539979	6
-0.075127181183508	0.599448766878507	23
0.063291371738374	0.508166632881355	85
0.01824771190151	0.732139087604084	85
-0.016441749899156	0.663094658546721	6
-0.098554588996423	0.353709685597233	2
0.048068364212171	0.4711048335323	35
0.084371226517559	0.583859348821932	162
-0.074032777257902	0.816033223245985	35
-0.098756633713589	0.353692019334519	129
-0.0137215832829271	1.13260716010756	10
-0.075232150203982	0.599654790054676	10
0.124247572249965	0.932730759438112	5
0.112877207634439	1.24642611427782	10
0.070173456814219	1.25149850700238	5
0.017978153477464	0.441299012127764	5
-0.097314325335099	0.352888726716764	6
0.018041660723745	0.441230120289073	5
-0.038222961863263	0.414264406349458	5
0.041093935409697	0.801087862695575	5
0.030159069318855	0.767629011155119	5
0.075155585509051	0.545661184705511	5
0.096657140778425	0.659805941212877	5
-0.075150817760178	0.599509934408343	23
-0.098873389158817	0.353718585819526	23
0.075181351138205	0.545711507796161	23
-0.038101962939554	0.414130609919789	23
-0.099278232245566	0.35392746874739	23
0.048068364212171	0.4711048335323	6
-0.075135049387965	0.599550836734038	6
-0.074056657166924	0.81638992795693	6
0.101538989485569	0.696291449623366	23
0.048175274861663	0.470945497752617	23
-0.10237436794994	0.785486517852404	23
-0.041968693252402	0.630667165648645	6
0.01821346711955	0.440962554763671	35
-0.038343745757691	0.414362328106443	35
-0.041871143337214	0.630390709467059	35
-0.0980343570804339	0.353432748047731	54
-0.09751494297264	0.353113627072122	54
-0.038343745757691	0.414362328106443	69
0.059611122122143	0.864374641713518	9
0.122392939187605	0.898472016770757	9
0.017742636320711	0.732954210068507	9
0.122734499713048	0.897798022168707	9
0.036669895574168	1.0592117337181	5
-0.0994133455321911	2.30787334119744	5
0.00301461825294003	0.697663368297709	5
-0.10237436794994	0.785486517852404	6
-0.098554588996423	0.353709685597233	5
0.118143573907967	0.830414559315325	5
0.017885151515488	0.441422043241892	5
0.0177292753209	0.441490978820015	5
-0.042075507015257	0.63043234066648	3
-0.038343745757691	0.414362328106443	53
-0.098554588996423	0.353709685597233	53
0.091339369202452	0.622085083749103	6
0.0480379278286071	0.471087613431695	6
0.048106601170115	0.471060653765222	6
0.0751011590761021	0.545790922920221	23
0.048198009660274	0.470952990233888	23
-0.102456218495276	0.785740006128746	23
0.017978153477464	0.441299012127764	6
-0.098554588996423	0.353709685597233	2
0.048175274861663	0.470945497752617	2
0.017792214528392	0.441468073086455	35
0.048129316552884	0.471060482975925	54
0.017948515857331	0.441276325037825	54
-0.0980343570804339	0.353432748047731	54
-0.00557806007028006	1.39064131619178	9
-0.118498614088683	0.967941066059818	10
0.104266490258257	1.18946329164853	10
-0.054309373230798	1.048997570821	5
-0.075224295078979	0.599634201404957	6
-0.01630861954926	0.662972643880192	6
-0.074059926477549	0.816268729099827	6
-0.098554588996423	0.353709685597233	5
0.063565845240083	0.507813733272985	5
0.017978153477464	0.441299012127764	5
0.063343219674838	0.508238057982816	5
0.048198009660274	0.470952990233888	5
0.075048171822478	0.545806361158126	23
0.00294908055527099	0.697737592033022	243
-0.102223417951741	0.784951164133743	23
0.075154138563505	0.545752345612659	53
-0.098554588996423	0.353709685597233	53
-0.038464314880281	0.414424326723021	23
-0.074972574974717	0.599243066457034	23
0.0176215327131241	0.441435638108329	23
0.048068364212171	0.4711048335323	6
0.0177292753209	0.441490978820015	23
-0.041787558524264	0.63030518261539	23
0.017807134329266	0.441473163114747	23
0.091274054880803	0.622191717871612	6
-0.075232150203982	0.599654790054676	85
0.048129316552884	0.471060482975925	85
-0.038232305482405	0.414275835906919	2
0.084478180970231	0.583797970147497	2
0.063421972840391	0.508127690026033	2
-0.037999701638591	0.413940026884914	6
0.048190374916138	0.470900828404984	35
0.09657069967864	0.659939226936215	35
-0.037990233828196	0.414043933099704	54
0.0177143011176401	0.441519104636812	54
-0.038111377288474	0.414177817025583	54
-0.038232305482405	0.414275835906919	69
0.122311457036973	0.89855561630988	9
-0.00539638327044001	1.39002985818256	9
0.120815123245734	0.863426460571392	9
0.113299848071048	1.24499224850509	10
0.00959647480122106	0.968655328420351	5
0.0177143011176401	0.441519104636812	5
0.048137044135346	0.471051609861451	5
-0.098554588996423	0.353709685597233	6
-0.09751494297264	0.353113627072122	5
0.106444307745161	0.731009070221673	5
-0.032952171006601	0.879013066488747	5
-0.016441749899156	0.663094658546721	5
0.101380636101299	0.696481099561776	5
0.030101332392427	0.767397452864112	270
-0.074770615882228	0.598736917205988	5
-0.05178810921416	0.848141441079779	5
0.063343219674838	0.508238057982816	23
0.096413194008686	0.660060780815629	23
0.017885151515488	0.441422043241892	23
0.048060623814151	0.471077472243728	23
-0.075500123262625	0.599709285586044	6
0.0632125219358	0.508227184141461	85
0.075179899331267	0.545683412508346	85
-0.098235856286303	0.353414829103439	2
-0.041945482047303	0.630661225316363	2
-0.038111377288474	0.414177817025583	6
0.048121668982423	0.470978781688397	35
-0.016441749899156	0.663094658546721	35
-0.075135049387965	0.599550836734038	54
0.11627323352822	1.667842446494	9
-0.086347780764047	2.0292613631224	10
-0.0980343570804339	0.353432748047731	5
-0.016816464355334	0.909529420532318	5
0.084415246499077	0.583875515619935	6
0.0909711593715859	0.6223438187808	6
0.047938851552826	0.470945196729944	6
-0.038353018666431	0.414337941238971	5
-0.074883530439411	0.599049724278248	5
-0.097314325335099	0.352888726716764	5
0.063316238487333	0.508174597084697	5
-0.016440085400675	0.663088444368722	5
-0.017076410530619	0.910097382491573	5
-0.10258513378082	0.785727272580979	5
0.096438556878078	0.660098329044915	5
-0.118391771318661	0.967731784005976	5
0.048129316552884	0.471060482975925	5
0.063277903257855	0.508273973989328	5
0.04821351931622	0.470722899920714	5
0.075048171822478	0.545806361158126	5
-0.041968693252402	0.630667165648645	5
0.091428365776226	0.621744954604799	23
0.075155585509051	0.545661184705511	23
-0.016334235224492	0.663007552598854	23
0.063408471126852	0.508125343240681	23
0.07507394885366	0.545783675338654	23
-0.042126707406141	0.630748496181635	6
0.075367459696125	0.545363877292345	85
0.048106601170115	0.471060653765222	2
0.017792214528392	0.441468073086455	2
0.048175274861663	0.470945497752617	6
0.048068364212171	0.4711048335323	35
0.017963326955765	0.441341043477748	69
-0.038213600919535	0.414059767247702	69
0.050461980665788	1.80695973677163	9
0.077989205901549	1.50474499476378	9
0.00970710212370696	0.968459600960272	10
0.091363116198774	0.621899506241714	5
-0.0754029400831731	0.599705268512402	6
0.059723120609582	0.864106785621324	6
-0.075061670752121	0.599394220982401	6
0.0177292753209	0.441490978820015	5
0.0178702860833611	0.441387161072424	5
-0.03812077431086	0.414038094571237	5
-0.118386907017763	0.967841950693089	5
-0.041885092082105	0.630573386077958	5
-0.074146040742489	0.816512466993869	5
0.063250955301187	0.508320544769257	5
-0.075329265417905	0.599645011435276	5
0.063027853296225	0.50843016111244	23
0.0843932388020811	0.583891294044359	23
0.0479996846415251	0.471069360153076	23
0.00310056827005101	0.697494286811066	23
-0.038343745757691	0.414362328106443	53
-0.016547614007605	0.663120820841962	23
0.063199066387906	0.508334523103492	23
-0.075679027805126	0.599531568444117	23
0.062948923400959	0.508412058019127	6
0.017978153477464	0.441299012127764	2
0.063250955301187	0.508320544769257	2
-0.07539514311777	0.599603262801723	6
0.048182820052063	0.470741499740947	35
-0.102330345091486	0.785468465244391	54
0.018041660723745	0.441230120289073	54
-0.038222961863263	0.414264406349458	69
-0.014031479463828	1.36013759698516	10
0.033436376428802	1.31930308882913	10
0.059377448843388	1.19066119173046	5
-0.038695731466628	0.414371031823955	5
-0.016283009867109	0.662848621894492	6
0.0632125219358	0.508227184141461	6
0.111117014516401	0.76405013967056	5
-0.0517272275620631	0.847797084014525	5
-0.01614992368499	0.662541981757469	5
-0.075240015986526	0.599593248021543	5
0.063250955301187	0.508320544769257	5
-0.041968693252402	0.630667165648645	23
0.091446188067871	0.621831737478407	23
-0.0980343570804339	0.353432748047731	23
0.048068364212171	0.4711048335323	23
0.048198009660274	0.470952990233888	23
-0.01649467821567	0.663121538181514	6
-0.075232150203982	0.599654790054676	6
-0.075321423367854	0.599706575982585	6
-0.074786552776952	0.598859514527893	23
-0.074211481181239	0.816576302309726	23
-0.016443414792913	0.662708354328059	23
-0.016334235224492	0.663007552598854	23
0.063394965740158	0.508064277585327	6
-0.098554588996423	0.353709685597233	2
0.048137044135346	0.471051609861451	2
-0.042126707406141	0.630748496181635	2
0.017792214528392	0.441468073086455	54
-0.0980343570804339	0.353432748047731	54
0.017978153477464	0.441299012127764	54
0.017900032419528	0.441350213980641	54
0.00972563922790004	1.78815041274932	10
0.06716029357549	0.894808737770354	10
0.064715699758977	1.22131334166847	5
0.00281793478088599	0.697808245282518	6
0.017992995459897	0.441102845894737	6
-0.098554588996423	0.353709685597233	5
0.083993271173029	0.583830135052646	5
0.0750209619564241	0.545799116154301	5
0.00303524391238197	0.69759436484439	5
-0.041885092082105	0.630573386077958	5
-0.038353018666431	0.414337941238971	243
-0.075224295078979	0.599634201404957	23
-0.041908305713741	0.630579329942369	23
0.048137044135346	0.471051609861451	23
-0.038213600919535	0.414059767247702	23
0.04809882712395	0.471095771394012	23
-0.098554588996423	0.353709685597233	23
0.018056432898871	0.441217944876616	6
-0.038343745757691	0.414362328106443	6
0.063316238487333	0.508174597084697	23
0.075207110278836	0.545690657241514	6
-0.099075640655895	0.353944854479088	6
0.084474992835432	0.58358875340051	2
-0.0980343570804339	0.353432748047731	6
-0.041945482047303	0.630661225316363	35
-0.016388829064612	0.663040642355053	35
-0.097833196182046	0.353207340512575	129
-0.098554588996423	0.353709685597233	54
-0.0750458549234641	0.599435065359958	54
0.017699342444723	0.441384704650949	54
-0.038101962939554	0.414130609919789	46
-0.037878413463182	0.41380613890332	276
0.041265726754033	0.800526550054351	5
-0.074211481181239	0.816576302309726	5
-0.0383344554852471	0.414193392330842	6
0.0410166630247319	0.801299390935011	6
0.018028442755938	0.732688152598174	6
0.063185607178434	0.508383460359442	6
-0.0332702735377191	0.879505439851604	6
-0.09771589802742	0.353095483927744	5
-0.098352883478491	0.353483822010577	5
-0.042005881270846	0.630719515069575	5
-0.051721916884086	0.848043425468633	5
-0.042029090058758	0.630725452876737	5
-0.074428585272746	0.816667191190689	5
-0.118127625381594	0.967316462721496	5
0.047931005417711	0.470886155986589	5
0.04809882712395	0.471095771394012	5
-0.118280070505847	0.96771546914886	5
0.0301301980672219	0.767553257284768	23
-0.042005881270846	0.630719515069575	23
-0.075329265417905	0.599645011435276	23
0.048083519131537	0.470840918920392	23
-0.0163615331599321	0.663054207629342	23
-0.098756633713589	0.353692019334519	23
0.047931005417711	0.470886155986589	200
-0.102626121428237	0.785899865880792	200
0.084396270009057	0.58376226588378	200
0.063185607178434	0.508383460359442	6
0.075129813422717	0.545529022056414	6
0.106472594652315	0.730996143549834	23
-0.016440085400675	0.663088444368722	6
-0.097833196182046	0.353207340512575	2
-0.098873389158817	0.353718585819526	2
0.096789205661196	0.659515020496852	2
-0.0752164506176301	0.599532139278292	54
-0.096796269002475	0.352488687791578	35
0.075181351138205	0.545711507796161	35
-0.041945482047303	0.630661225316363	35
0.00417595603227905	1.19532321763535	9
0.026908819059162	1.50025931399755	9
0.0538581973301	1.40342859108945	9
-0.0344892582366561	1.67408786043184	9
0.069719289910546	1.25290120868785	10
-0.038343745757691	0.414362328106443	5
-0.075313591982397	0.599686009158765	5
0.0181870775779061	0.732436549156271	5
0.063421972840391	0.508127690026033	6
-0.097314325335099	0.352888726716764	6
-0.038464314880281	0.414424326723021	6
-0.038575520499092	0.414353051058273	5
0.096616353695589	0.659805884953559	5
0.096525015331737	0.660007482888487	5
0.101554240680375	0.696301911241553	5
0.063199066387906	0.508334523103492	270
-0.074142741880797	0.816457223948004	5
0.00305641110687505	0.697581345058754	5
-0.016254021125977	0.662819169364524	5
0.063343219674838	0.508238057982816	5
-0.0162011144783351	0.66270873611259	5
0.063356704764237	0.50818911175335	5
0.04809882712395	0.471095771394012	5
-0.075061670752121	0.599394220982401	23
0.075260074216374	0.545605022666558	23
-0.042089496111302	0.630754759552082	23
-0.098554588996423	0.353709685597233	23
-0.098554588996423	0.353709685597233	23
0.017835117517898	0.732956068850818	23
-0.041968693252402	0.630667165648645	200
0.075126927980529	0.545745098121915	200
0.00301461825294003	0.697663368297709	6
0.017948515857331	0.441276325037825	6
-0.041945482047303	0.630661225316363	6
0.101546593231265	0.696391400359992	6
-0.099075640655895	0.353944854479088	6
-0.038464314880281	0.414424326723021	2
0.017558948417229	0.44151093634167	2
0.048198009660274	0.470952990233888	25
0.018056432898871	0.441217944876616	54
-0.09751494297264	0.353113627072122	54
-0.037990233828196	0.414043933099704	129
-0.0980343570804339	0.353432748047731	129
-0.0980343570804339	0.353432748047731	129
-0.075135049387965	0.599550836734038	54
0.048045794888565	0.470997917343372	54
0.017978153477464	0.441299012127764	46
-0.075240015986526	0.599593248021543	46
0.048266703141926	0.470750763953156	46
-0.024116604567114	1.69685841670956	9
-0.104533829397504	1.51699440459127	10
-0.033103821624906	0.879408976519987	5
-0.074273535102991	0.816614282631155	5
-0.10235235414452	0.785514109137052	5
0.017900032419528	0.441350213980641	23
0.00305641110687505	0.697581345058754	23
-0.0163615331599321	0.663054207629342	23
0.063500690585278	0.50798896479976	23
-0.016387156575993	0.663061566941855	23
-0.075313591982397	0.599686009158765	6
0.091229452906914	0.622236320719878	200
-0.10258218567443	0.785881930049397	6
0.063277903257855	0.508273973989328	6
-0.102182539472499	0.784925801626549	23
-0.01649467821567	0.663121538181514	6
-0.075053757516349	0.59945569070679	6
-0.0980343570804339	0.353432748047731	6
-0.098554588996423	0.353709685597233	6
-0.016387156575993	0.663061566941855	6
0.01821346711955	0.440962554763671	25
-0.075150817760178	0.599509934408343	35
0.082704936713102	1.53068291146549	9
0.048828645629171	1.57272024964376	10
-0.00535255608087104	1.38972595967568	10
0.085886705785302	1.02760306139308	10
0.101589503540426	0.696178267004561	5
0.048052963427586	0.470904281816488	6
0.048022434192649	0.470939585084635	6
-0.0980343570804339	0.353432748047731	5
0.063291371738374	0.508166632881355	5
0.017682134913054	0.732923026998396	5
0.048129316552884	0.471060482975925	5
0.091404661651203	0.621955343661036	5
-0.0752164506176301	0.599532139278292	5
-0.038464314880281	0.414424326723021	5
-0.05178810921416	0.848141441079779	5
0.063487175909114	0.507986633485621	23
0.00297151029416498	0.697635563753618	23
-0.074276944220782	0.816610642593843	6
0.0751011590761021	0.545790922920221	6
0.048129316552884	0.471060482975925	6
0.063421972840391	0.508127690026033	6
-0.075127181183508	0.599448766878507	6
-0.016359856860222	0.662954716710527	23
0.048129316552884	0.471060482975925	23
0.063356704764237	0.50818911175335	6
0.00311921498448697	0.697457472057385	6
0.017558948417229	0.44151093634167	6
-0.016335915718494	0.662959083307172	2
-0.0750458549234641	0.599435065359958	25
0.048060623814151	0.471077472243728	25
-0.074273535102991	0.816614282631155	25
-0.098235856286303	0.353414829103439	54
0.017900032419528	0.441350213980641	35
0.048035382206733	0.470641887137066	35
-0.038464314880281	0.414424326723021	46
-0.075135049387965	0.599550836734038	276
-0.104174729305592	1.16184365422158	9
0.100318694014565	1.1588882632728	5
0.04809882712395	0.471095771394012	5
-0.038111377288474	0.414177817025583	5
0.00970341925948603	0.968481213220923	5
-0.016226718866288	0.662638820580915	5
0.091211792408884	0.622019672117386	5
0.0181409619267811	0.73254991886232	6
-0.016310304284051	0.662761454214825	6
-0.038222961863263	0.414264406349458	6
0.091623982768739	0.621092578585961	5
0.084308290447826	0.583914618045903	5
-0.016306935255432	0.662900709878385	5
-0.051589579730977	0.847760717326087	5
-0.016443414792913	0.662708354328059	5
0.048129316552884	0.471060482975925	5
-0.016416122941331	0.662953426739208	23
-0.041899059019307	0.63044304553037	53
0.075207110278836	0.545690657241514	53
-0.038222961863263	0.414264406349458	23
0.048068364212171	0.4711048335323	23
-0.051859699900332	0.847909068158459	23
0.017978153477464	0.441299012127764	23
-0.042080298783546	0.630530345816743	6
0.075285818681739	0.545486301742271	6
-0.0750300816914	0.599077774240489	6
0.048060623814151	0.471077472243728	6
0.048137044135346	0.471051609861451	23
0.048152231285691	0.470882504514928	6
0.048175274861663	0.470945497752617	6
0.048068364212171	0.4711048335323	2
0.00294943082096499	0.697518286845058	6
-0.09771589802742	0.353095483927744	2
0.048129316552884	0.471060482975925	2
-0.0980343570804339	0.353432748047731	2
0.018056432898871	0.441217944876616	2
0.04809882712395	0.471095771394012	2
-0.042066289731086	0.630748823283636	25
-0.016254021125977	0.662819169364524	54
-0.042029090058758	0.630725452876737	35
-0.098554588996423	0.353709685597233	129
0.01814960398396	0.440970472276922	129
0.096438556878078	0.660098329044915	46
-0.038222961863263	0.414264406349458	276
0.048045794888565	0.470997917343372	46
0.0270751172620251	2.20507061465308	9
0.0892089781382041	1.0612836713811	10
0.12084951918661	0.863564281581963	5
0.017835117517898	0.732956068850818	5
0.017941873253126	0.73286505952673	5
0.04814485185986	0.4709545254248	6
-0.098554588996423	0.353709685597233	6
-0.075418566040116	0.599664233386239	5
0.084707631991562	0.583255271587081	5
-0.0752164506176301	0.599532139278292	5
-0.033212332998339	0.87962044583674	5
-0.016440085400675	0.663088444368722	5
0.063079844351383	0.508356092101914	5
0.0479996846415251	0.471069360153076	5
-0.102475251870423	0.785499347813862	5
0.063199066387906	0.508334523103492	5
-0.01649467821567	0.663121538181514	5
-0.118325712212784	0.967675016408229	5
-0.041717902408649	0.630081234371633	6
0.063329730916325	0.508235697146491	6
-0.075061670752121	0.599394220982401	23
-0.038101962939554	0.414130609919789	6
0.048129316552884	0.471060482975925	6
-0.074232160893451	0.816656260054727	6
0.0629891738168	0.508029719553316	6
0.084581942720471	0.583588716949427	2
-0.042103503205385	0.630676821498528	2
0.048137044135346	0.471051609861451	2
-0.075321423367854	0.599706575982585	2
0.0843112917921321	0.583903474694665	6
0.04801543159285	0.470919168811955	25
0.084352289404545	0.58393081140269	25
-0.016306935255432	0.662900709878385	54
-0.098554588996423	0.353709685597233	54
0.01763654577387	0.441536831391427	129
-0.038343745757691	0.414362328106443	46
-0.038343745757691	0.414362328106443	46
-0.069940719016805	2.22523573065188	9
-0.057563878949744	1.43574203578252	10
-0.0434926697957559	1.26959898993952	10
-0.00442534249205095	1.1634813346483	10
-0.034348889915588	1.67426136138257	10
0.029080084212101	1.02806112978826	10
0.063185607178434	0.508383460359442	6
0.048159832487555	0.470997103993803	5
-0.041959463063889	0.630501322211344	5
0.048129316552884	0.471060482975925	5
0.0480761847510181	0.471043419126657	5
0.063133636804223	0.508263388565242	6
-0.074948796019937	0.599181802999873	23
0.063237475822118	0.508259419397331	23
0.063079844351383	0.508356092101914	23
0.048114455422043	0.470937287450026	53
-0.0163615331599321	0.663054207629342	23
0.017699342444723	0.441384704650949	23
0.063291371738374	0.508166632881355	23
0.063343219674838	0.508238057982816	6
-0.075061670752121	0.599394220982401	6
0.0178702860833611	0.441387161072424	6
0.063343219674838	0.508238057982816	23
0.075208565707402	0.545622611509452	23
-0.038464314880281	0.414424326723021	6
0.048198009660274	0.470952990233888	2
-0.075061670752121	0.599394220982401	2
0.01763654577387	0.441536831391427	2
0.048137044135346	0.471051609861451	2
0.091098694249095	0.622340682489739	6
-0.042005881270846	0.630719515069575	25
0.048121668982423	0.470978781688397	54
-0.102711082516985	0.785806559178677	54
0.048167513635818	0.471016343360915	129
0.017885151515488	0.441422043241892	129
-0.016414454254694	0.663108225094003	129
-0.041968693252402	0.630667165648645	46
-0.038222961863263	0.414264406349458	46
-0.075321423367854	0.599706575982585	46
0.104138995143692	1.18987300487512	10
0.036449495015181	1.06009534154101	5
0.075128371293633	0.5457500837636	6
0.063487175909114	0.507986633485621	6
-0.01630861954926	0.662972643880192	6
-0.118346108144841	0.967803357473854	86
-0.038473517099805	0.414356124603627	6
-0.041968693252402	0.630667165648645	5
0.075048171822478	0.545806361158126	5
-0.016414454254694	0.663108225094003	5
-0.07503796297973	0.599333001659143	5
0.063250955301187	0.508320544769257	5
-0.0752164506176301	0.599532139278292	6
-0.041824711396637	0.630454044297698	6
-0.075135049387965	0.599550836734038	23
-0.016520318870356	0.663134379752832	23
-0.042005881270846	0.630719515069575	6
0.048052963427586	0.470904281816488	132
-0.074778579016601	0.598838855860113	6
-0.102434235979929	0.785621130114425	6
0.075313030370492	0.545493532457957	6
0.063291371738374	0.508166632881355	6
0.04809882712395	0.471095771394012	407
0.075126927980529	0.545745098121915	2
-0.042089496111302	0.630754759552082	2
-0.016520318870356	0.663134379752832	6
0.084500194595213	0.583737580326332	54
0.048129316552884	0.471060482975925	35
-0.038222961863263	0.414264406349458	129
0.048052963427586	0.470904281816488	46
0.017963326955765	0.441341043477748	46
0.047365378537707	1.37574544019564	10
0.030159069318855	0.767629011155119	5
-0.085365605230031	1.18672827420513	5
0.1151313911778	0.796982333009138	5
0.08464804673191	0.583404380322973	5
0.0965095277865941	0.659705982328076	5
0.0751011590761021	0.545790922920221	6
0.075048171822478	0.545806361158126	86
-0.051564089565075	0.847478749417598	86
0.075099719386491	0.545679040142965	6
-0.097196756999081	0.352694669460464	86
-0.038464314880281	0.414424326723021	6
-0.016518666460027	0.662951172837911	5
0.04809882712395	0.471095771394012	5
0.063185607178434	0.508383460359442	5
0.062869958239239	0.508359311152914	23
-0.0383344554852471	0.414193392330842	132
0.048159832487555	0.470997103993803	132
-0.0754107477259231	0.59972581114889	6
-0.075224295078979	0.599634201404957	6
-0.0383344554852471	0.414193392330842	6
0.017885151515488	0.441422043241892	407
0.017822069649896	0.441368127807516	6
0.048129316552884	0.471060482975925	6
-0.038222961863263	0.414264406349458	2
-0.041885092082105	0.630573386077958	2
-0.075142928248916	0.599571444913089	2
0.0177143011176401	0.441519104636812	2
-0.038575520499092	0.414353051058273	2
0.0480761847510181	0.471043419126657	25
0.075340244041036	0.545452715371539	25
0.063093297955259	0.508417242046547	25
0.075234323214785	0.545649823465162	25
-0.118036501910335	0.967094569904697	54
0.017963326955765	0.441341043477748	54
0.063329730916325	0.508235697146491	35
0.048106601170115	0.471060653765222	46
0.0750209619564241	0.545799116154301	46
0.063473657557236	0.507925612342817	46
0.048129316552884	0.471060482975925	46
0.063329730916325	0.508235697146491	46
0.017885151515488	0.441422043241892	46
-0.0752164506176301	0.599532139278292	46
0.0986206159966589	1.86628982495602	9
0.114836113770316	1.5622045530264	10
0.027076276783452	1.50013818851409	10
0.0967027819941429	0.659694087387252	5
0.086122924556264	1.0273524193551	5
0.106439114394858	0.731042205742158	5
0.048106601170115	0.471060653765222	117
-0.075305771267545	0.599583968274633	5
0.0178702860833611	0.441387161072424	5
-0.016960511410826	0.910003387790672	5
0.101589503540426	0.696178267004561	86
0.091360124316574	0.622045105168558	86
0.09118480347394	0.622215677471984	86
0.075258608972036	0.545420306406661	6
0.00292846101567901	0.697751766608455	5
0.063329730916325	0.508235697146491	5
-0.041885092082105	0.630573386077958	5
-0.042149911388244	0.630754431915372	5
0.048060623814151	0.471077472243728	5
-0.118671534289838	0.967778579049284	6
0.0182792079387331	0.731954074928756	6
0.048274405061996	0.470624469209025	23
-0.038362274170581	0.414118625175472	23
0.048137044135346	0.471051609861451	23
-0.102626121428237	0.785899865880792	23
-0.075507917838031	0.599647704824105	132
-0.0749646380190711	0.599304485288219	6
-0.016281321352695	0.662925995029655	6
0.0178702860833611	0.441387161072424	6
0.00307849189864695	0.697565218519348	407
0.048091133154588	0.471042169258016	407
0.091339369202452	0.622085083749103	2
-0.038101962939554	0.414130609919789	2
0.0912947995307271	0.622151746026057	2
0.063250955301187	0.508320544769257	2
-0.118559784491131	0.967621680323685	6
-0.0752164506176301	0.599532139278292	6
0.063514201586973	0.507940032132344	54
0.07539170686106	0.54516836090086	54
-0.098554588996423	0.353709685597233	35
-0.037990233828196	0.414043933099704	35
0.063199066387906	0.508334523103492	68
-0.075142928248916	0.599571444913089	54
0.018056432898871	0.441217944876616	129
-0.0384550952589881	0.414291169728785	129
0.018056432898871	0.441217944876616	46
0.0178702860833611	0.441387161072424	46
-0.075329265417905	0.599645011435276	46
-0.098554588996423	0.353709685597233	46
0.075586361197558	1.28107055459562	10
0.050841643660876	0.833318508644783	5
-0.038695731466628	0.414371031823955	117
-0.102519190369605	0.785826602283405	5
0.096525015331737	0.660007482888487	6
-0.038657550350819	1.07582565539296	86
0.063316238487333	0.508174597084697	6
-0.038464314880281	0.414424326723021	6
0.084267323025439	0.583979591146226	6
0.101453259951264	0.696381948168372	6
0.00315989142489104	0.697262159893661	5
-0.038584669491101	0.414442391647873	5
-0.038232305482405	0.414275835906919	5
0.00310056827005101	0.697494286811066	5
0.084603981980349	0.583572903561045	23
-0.042066289731086	0.630748823283636	23
0.084729692313625	0.58323943561875	23
0.017807134329266	0.441473163114747	132
-0.042005881270846	0.630719515069575	132
0.0482972322887411	0.470609868870099	132
-0.016520318870356	0.663134379752832	6
0.075048171822478	0.545806361158126	2
0.084559898872544	0.583556844305442	2
0.04814485185986	0.4709545254248	2
0.048091133154588	0.471042169258016	2
0.018056432898871	0.441217944876616	2
-0.0752164506176301	0.599532139278292	25
0.084478180970231	0.583797970147497	25
0.075181351138205	0.545711507796161	54
0.017807134329266	0.441473163114747	54
0.04809882712395	0.471095771394012	46
-0.0259008558388471	2.23884095260415	9
0.00414556838376601	1.19526560384718	10
0.11803820152185	0.830518780593929	6
-0.075061670752121	0.599394220982401	6
0.075207110278836	0.545690657241514	5
0.063500690585278	0.50798896479976	5
0.063172144305836	0.508381075212563	5
-0.051742222533774	0.848030929183181	6
-0.01630861954926	0.662972643880192	6
0.084434139955068	0.583781834448672	23
-0.102500197789548	0.785757997478442	6
0.063356704764237	0.50818911175335	23
-0.118386907017763	0.967841950693089	23
0.04809882712395	0.471095771394012	132
-0.074972574974717	0.599243066457034	132
-0.042103503205385	0.630676821498528	6
-0.038353018666431	0.414337941238971	407
-0.0384550952589881	0.414291169728785	2
-0.016416122941331	0.662953426739208	2
0.048167513635818	0.471016343360915	2
0.048159832487555	0.470997103993803	2
0.048137044135346	0.471051609861451	2
-0.016306935255432	0.662900709878385	2
0.018293823466997	0.732107972025925	25
-0.098756633713589	0.353692019334519	54
0.04809882712395	0.471095771394012	54
0.017948515857331	0.441276325037825	35
0.017885151515488	0.441422043241892	54
-0.016334235224492	0.663007552598854	54
0.084519064067727	0.583713359197363	46
0.017885151515488	0.441422043241892	46
0.0480761847510181	0.471043419126657	46
0.017792214528392	0.441468073086455	46
0.064516502821268	1.22232180717718	10
0.11086928681787	0.763899578676715	6
0.018056432898871	0.441217944876616	6
0.075075383686997	0.545765523362656	6
0.063448965253187	0.507971440785624	86
0.084688893688887	0.583361206761243	86
-0.038464314880281	0.414424326723021	6
-0.075142928248916	0.599571444913089	6
0.096392829609214	0.660124538560593	5
-0.075135049387965	0.599550836734038	5
0.048137044135346	0.471051609861451	5
0.075102597552793	0.545676629601899	5
0.0843302922197891	0.583946577934216	23
0.091167236068756	0.622220304538874	23
-0.102519190369605	0.785826602283405	23
0.111146979469236	0.764243572648069	23
0.084289309702582	0.583963836619084	6
-0.102437271138424	0.785639292487699	132
0.063172144305836	0.508381075212563	6
0.017885151515488	0.441422043241892	6
0.030267446983573	0.767524505470819	6
0.048068364212171	0.4711048335323	407
-0.074252845534053	0.816670451212182	407
0.017978153477464	0.441299012127764	407
-0.016467382827036	0.663135102628169	2
0.048167513635818	0.471016343360915	2
0.075179899331267	0.545683412508346	2
0.096244095825467	0.660171664152563	2
0.017914928832515	0.441120871664386	2
0.063264431112624	0.508322918373419	6
-0.038584669491101	0.414442391647873	35
0.018056432898871	0.441217944876616	46
-0.074383750910279	0.816708876301236	46
-0.0692366483535361	1.40750420051033	10
-0.095393690498442	1.34896973349926	10
0.00991733888512503	0.967672941369186	5
0.018041660723745	0.441230120289073	6
0.017885151515488	0.441422043241892	6
-0.052032766544115	0.848200594717763	86
0.00299358534899896	0.697678094612967	86
0.074996598390961	0.545633475191682	86
-0.102497218741647	0.785707725980518	5
-0.051609898950477	0.847748253910572	5
-0.075329265417905	0.599645011435276	5
-0.051773173707065	0.847593107561254	5
0.0177143011176401	0.441519104636812	6
0.048068364212171	0.4711048335323	6
0.063250955301187	0.508320544769257	23
0.084286284089532	0.583821826978918	23
0.017921687581491	0.73290941491741	23
0.063237475822118	0.508259419397331	6
-0.037990233828196	0.414043933099704	132
0.091140106647141	0.622124624411602	132
-0.0743389656665699	0.816648580414172	6
0.017963326955765	0.441341043477748	407
0.017885151515488	0.441422043241892	2
-0.033212332998339	0.87962044583674	2
0.017962056258793	0.732767940869475	2
-0.075224295078979	0.599634201404957	2
-0.016465722469286	0.662980887554224	68
-0.075329265417905	0.599645011435276	68
0.00311921498448697	0.697457472057385	54
0.048228532197089	0.470856745105674	46
-0.00409935362358504	1.16332090464238	10
-0.102371276659045	0.785502406310806	86
-0.042210335867543	0.63072241981127	5
-0.0937888887719081	0.995398338733285	5
-0.102475251870423	0.785499347813862	5
-0.074146040742489	0.816512466993869	5
0.075126927980529	0.545745098121915	5
0.048106601170115	0.471060653765222	6
0.00303524391238197	0.69759436484439	6
0.017978153477464	0.441299012127764	6
0.075181351138205	0.545711507796161	407
0.063343219674838	0.508238057982816	407
0.07531597398075	0.545140006741687	407
0.048205724416729	0.470910260347338	2
-0.118214047976158	0.96759620565671	2
-0.041982672273346	0.630647826107759	2
0.048236200513971	0.470846950090697	6
-0.038584669491101	0.414442391647873	6
0.048137044135346	0.471051609861451	6
-0.016414454254694	0.663108225094003	25
0.084415246499077	0.583875515619935	25
-0.016412785933738	0.662981596025657	25
-0.051742222533774	0.848030929183181	25
-0.038353018666431	0.414337941238971	54
-0.075232150203982	0.599654790054676	35
0.048068364212171	0.4711048335323	68
-0.037980748731883	0.413953048132144	68
-0.042126707406141	0.630748496181635	46
0.0326312017891171	2.31317775172987	9
0.074974441699931	1.28215894594774	9
-0.0560813520553301	1.62602261618238	10
0.048068364212171	0.4711048335323	10
0.086697919476396	1.33590611392399	10
0.048091133154588	0.471042169258016	428
-0.102708246520331	0.785897774579404	6
-0.051900258284141	0.848203517793933	6
-0.09368791408267	0.995116678033945	86
-0.097833196182046	0.353207340512575	86
-0.038464314880281	0.414424326723021	86
0.017699342444723	0.441384704650949	5
0.09101257937746	0.622399868172444	5
0.084503231394096	0.583233416811917	335
-0.051589579730977	0.847760717326087	5
0.00271114991597599	0.697772920055963	5
0.048068364212171	0.4711048335323	23
0.063120194180064	0.508370712672486	23
0.017900032419528	0.441350213980641	23
-0.09771589802742	0.353095483927744	23
-0.041871143337214	0.630390709467059	6
0.091446188067871	0.621831737478407	132
0.00299358534899896	0.697678094612967	132
0.017963326955765	0.441341043477748	132
-0.09751494297264	0.353113627072122	6
-0.042029090058758	0.630725452876737	6
0.01763654577387	0.441536831391427	2
-0.042103503205385	0.630676821498528	6
0.063343219674838	0.508238057982816	2
-0.041968693252402	0.630667165648645	6
0.017807134329266	0.441473163114747	6
-0.102544196092807	0.785331386156768	25
0.0912947995307271	0.622151746026057	25
0.084267323025439	0.583979591146226	25
0.0750209619564241	0.545799116154301	25
-0.041959463063889	0.630501322211344	81
0.048129316552884	0.471060482975925	54
0.01777731021038	0.441303913539979	68
0.017885151515488	0.441422043241892	68
-0.098235856286303	0.353414829103439	68
0.017807134329266	0.441473163114747	46
-0.041885092082105	0.630573386077958	46
0.091270907046785	0.622020218125578	46
0.048205724416729	0.470910260347338	46
-0.0420430831368011	0.630677137943554	46
-0.098756633713589	0.353692019334519	46
-0.09751494297264	0.353113627072122	46
0.073267227083729	1.74629380586944	9
0.096661977274501	0.659600224918448	5
0.059782320208292	0.863780660938008	6
0.101344590536463	0.696551216840321	86
-0.09751494297264	0.353113627072122	86
-0.051986780795005	0.848266740933482	5
0.075365978735715	0.545352624230085	5
0.01763654577387	0.441536831391427	5
-0.102163752786656	0.784802609381908	5
-0.102519190369605	0.785826602283405	23
-0.098756633713589	0.353692019334519	23
-0.01630861954926	0.662972643880192	23
-0.0980343570804339	0.353432748047731	23
0.084371226517559	0.583859348821932	132
-0.042089496111302	0.630754759552082	6
0.063316238487333	0.508174597084697	6
-0.10245927880336	0.78552207559386	6
0.048183116294703	0.470731915364278	6
-0.075313591982397	0.599686009158765	6
-0.041824711396637	0.630454044297698	25
0.063133636804223	0.508263388565242	81
0.048114455422043	0.470937287450026	68
-0.098756633713589	0.353692019334519	54
0.018008252664161	0.732785272210026	46
-0.033204917828327	0.879534569504142	46
-0.03812077431086	0.414038094571237	46
-0.038353018666431	0.414337941238971	46
0.017900032419528	0.441350213980641	46
-0.102456218495276	0.785740006128746	46
-0.069229796323927	1.21267498544956	428
0.017948515857331	0.441276325037825	428
0.101496091196869	0.696462244264049	86
0.08443724960764	0.583815130524904	5
-0.10235235414452	0.785514109137052	6
0.084415246499077	0.583875515619935	241
-0.075313591982397	0.599686009158765	241
-0.016440085400675	0.663088444368722	23
0.048068364212171	0.4711048335323	23
0.048106601170115	0.471060653765222	23
-0.041968693252402	0.630667165648645	6
0.084308290447826	0.583914618045903	6
-0.041908305713741	0.630579329942369	2
-0.0383344554852471	0.414193392330842	2
-0.102456218495276	0.785740006128746	6
-0.016414454254694	0.663108225094003	25
0.00284229766136301	0.697755670727159	25
-0.037990233828196	0.414043933099704	68
-0.102289463536429	0.785323817891406	46
-0.038241631735444	0.41410029348193	46
0.050024639232281	2.25390784678014	9
0.063316238487333	0.508174597084697	6
0.115048379580401	0.797251752187961	428
-0.118193639208266	0.967467872110204	428
0.106544718597846	0.730870685159062	428
0.106506084011186	0.730929768371253	6
0.0966318504321359	0.659746051283924	86
0.091318609332057	0.622081457327723	241
-0.051813740537856	0.848049241128343	241
-0.0743389656665699	0.816648580414172	6
0.101647599967366	0.696186535969026	6
-0.075142928248916	0.599571444913089	23
0.063199066387906	0.508334523103492	23
-0.09771589802742	0.353095483927744	23
0.084603981980349	0.583572903561045	23
0.048106601170115	0.471060653765222	6
-0.016388829064612	0.663040642355053	132
-0.038464314880281	0.414424326723021	6
0.075288755062965	0.545413343996195	6
0.084415246499077	0.583875515619935	6
0.063408471126852	0.508125343240681	2
0.063343219674838	0.508238057982816	2
0.04809882712395	0.471095771394012	2
-0.041824711396637	0.630454044297698	6
-0.075232150203982	0.599654790054676	68
0.017963326955765	0.441341043477748	54
0.018056432898871	0.441217944876616	46
-0.038584669491101	0.414442391647873	46
-0.014823150811852	1.72036978275656	10
0.117524364026839	1.27214277685744	10
0.092975890961054	1.09470092754123	5
0.028817385682173	1.02883713103676	5
0.078306975374391	0.959384865383396	5
0.075234323214785	0.545649823465162	5
0.00290412257635297	0.697717017964945	5
-0.0162011144783351	0.66270873611259	5
0.101626157830299	0.696240291814015	5
-0.041982672273346	0.630647826107759	5
-0.075232150203982	0.599654790054676	5
0.096306353881472	0.660172892929773	6
-0.038101962939554	0.414130609919789	23
-0.038464314880281	0.414424326723021	23
0.063079844351383	0.508356092101914	23
0.063093297955259	0.508417242046547	23
0.063343219674838	0.508238057982816	23
0.0967027819941429	0.659694087387252	23
-0.074035939998639	0.816375692949902	23
0.091164084470982	0.622299304766125	23
0.017914928832515	0.441120871664386	132
0.0913808746746611	0.621961471167152	132
-0.016306935255432	0.662900709878385	132
-0.016359856860222	0.662954716710527	132
0.063329730916325	0.508235697146491	132
0.048068364212171	0.4711048335323	6
-0.074867619725942	0.599090428767936	6
-0.038111377288474	0.414177817025583	6
-0.016545965442813	0.663057988239818	198
-0.041885092082105	0.630573386077958	6
0.018071220485707	0.441051573299806	6
0.084204331235085	0.583989672620801	2
0.075102597552793	0.545676629601899	2
0.00294943082096499	0.697518286845058	6
-0.016600557268298	0.663091087595214	25
0.063264431112624	0.508322918373419	25
0.075075383686997	0.545765523362656	68
-0.038232305482405	0.414275835906919	68
-0.073946722165788	0.815989994097617	46
-0.098352883478491	0.353483822010577	46
-0.043305382818958	1.2689759875726	10
0.041088586376288	0.801159832729146	5
-0.038222961863263	0.414264406349458	428
-0.0750458549234641	0.599435065359958	86
-0.102711082516985	0.785806559178677	86
-0.041931519146898	0.630510016423755	86
0.062856547032857	0.50835689327287	86
0.0176215327131241	0.441435638108329	86
0.00294531359015005	0.697386606954188	86
-0.016359856860222	0.662954716710527	5
-0.0754029400831731	0.599705268512402	5
-0.118473343453346	0.967800638443948	5
0.075314502806718	0.545475329450318	5
0.075207110278836	0.545690657241514	241
0.0178702860833611	0.441387161072424	6
0.017809065046073	0.732950060175185	6
0.0177888935137011	0.732994395968385	6
-0.102541166752993	0.785872227558357	23
0.030224002920884	0.767444953286425	23
0.017822069649896	0.441368127807516	6
-0.041885092082105	0.630573386077958	6
0.017992995459897	0.441102845894737	23
0.017963326955765	0.441341043477748	23
0.00294943082096499	0.697518286845058	23
-0.033031690810956	0.879270841423898	23
-0.051742222533774	0.848030929183181	23
0.075182801725168	0.545513567053862	132
-0.041922270637053	0.630589539613816	132
0.048137044135346	0.471051609861451	132
-0.038111377288474	0.414177817025583	132
0.075126927980529	0.545745098121915	6
-0.038241631735444	0.41410029348193	6
-0.075232150203982	0.599654790054676	6
0.04814485185986	0.4709545254248	2
0.048159832487555	0.470997103993803	2
-0.038343745757691	0.414362328106443	2
0.063394965740158	0.508064277585327	25
-0.102500197789548	0.785757997478442	81
0.017807134329266	0.441473163114747	68
0.063185607178434	0.508383460359442	68
0.017963326955765	0.441341043477748	46
0.063027853296225	0.50843016111244	46
0.00314130593738404	0.697441333128085	46
0.018385706014257	0.440526867154893	46
-0.00254785816606096	0.938892813978603	10
0.118189216932734	0.8303413664145	10
0.00944913628454402	1.78975586966774	10
-0.00270408236602504	0.939260076031647	5
0.017809065046073	0.732950060175185	5
0.106385168934387	0.730595611527356	6
-0.016574907106478	0.663033619029199	6
0.0177292753209	0.441490978820015	86
0.063250955301187	0.508320544769257	86
-0.054238254417617	1.04886284514049	86
-0.03812077431086	0.414038094571237	86
-0.042066289731086	0.630748823283636	335
-0.102604151174065	0.785927542903538	5
0.029978301107267	0.767662450144979	5
0.101626157830299	0.696240291814015	5
-0.074122030630818	0.81651335162147	6
0.084478180970231	0.583797970147497	6
0.063435470882058	0.508078747495984	6
-0.038222961863263	0.414264406349458	6
0.063370186185948	0.508081781188768	6
0.084412112566762	0.583689090508115	23
0.048121668982423	0.470978781688397	23
0.04809882712395	0.471095771394012	132
-0.102563147890518	0.785844565177501	39
0.048159832487555	0.470997103993803	2
0.084289309702582	0.583963836619084	2
0.084078279932287	0.583934285373817	2
0.063329730916325	0.508235697146491	6
-0.016335915718494	0.662959083307172	2
-0.042019876326016	0.630530640063288	25
0.063277903257855	0.508273973989328	25
0.091143360720645	0.622339256267809	25
-0.01630861954926	0.662972643880192	81
-0.075313591982397	0.599686009158765	68
-0.016334235224492	0.663007552598854	46
0.063264431112624	0.508322918373419	46
0.0348472378597871	1.52459861873979	9
0.082326053288803	0.993584211490395	10
0.09645066475244	1.12764621895345	10
0.115155441411135	0.797063532308475	5
0.019821482074909	0.998303862239281	5
0.019455417782123	1.25808579547582	5
0.018120754932501	0.732594284903955	5
-0.085113286465642	1.18607887131131	6
0.048137044135346	0.471051609861451	86
0.018008252664161	0.732785272210026	86
0.091119402820051	0.622257069897141	86
0.063408471126852	0.508125343240681	86
0.018207291709443	0.732392184835594	86
0.075207110278836	0.545690657241514	86
-0.075313591982397	0.599686009158765	6
0.091274054880803	0.622191717871612	86
-0.0384550952589881	0.414291169728785	5
0.075208565707402	0.545622611509452	5
0.063093297955259	0.508417242046547	5
-0.098873389158817	0.353718585819526	5
-0.118341291598363	0.967656052372211	6
-0.074867619725942	0.599090428767936	23
-0.075313591982397	0.599686009158765	23
0.030318066175677	0.76741538842748	23
0.091143360720645	0.622339256267809	23
0.00305641110687505	0.697581345058754	132
0.048167513635818	0.471016343360915	2
0.00309711961107395	0.697414993980128	2
0.075126927980529	0.545745098121915	2
0.0966775307892	0.659742172425277	25
0.075154138563505	0.545752345612659	25
-0.038584669491101	0.414442391647873	81
-0.041991904254684	0.630597832764327	54
0.017963326955765	0.441341043477748	46
-0.041847927464025	0.630459992763821	46
0.048236200513971	0.470846950090697	46
-0.052735371085295	1.94598344998938	9
0.096388111047477	1.12760605284066	10
0.091903378173682	1.36260141543294	10
0.019595965999097	1.25707771627823	10
0.02711371459804	1.5000082393084	10
0.101453259951264	0.696381948168372	5
-0.00266266410985305	0.939349280187943	5
-0.038232305482405	0.414275835906919	6
-0.038222961863263	0.414264406349458	428
0.063329730916325	0.508235697146491	6
0.091297844705168	0.622029190945966	86
0.017885151515488	0.441422043241892	86
-0.038101962939554	0.414130609919789	86
-0.041824711396637	0.630454044297698	86
0.00311921498448697	0.697457472057385	5
-0.074956711698704	0.599283845361732	5
0.017900032419528	0.441350213980641	5
0.063000975595961	0.508366607900928	6
-0.075061670752121	0.599394220982401	23
0.063343219674838	0.508238057982816	23
0.017914928832515	0.441120871664386	39
-0.041982672273346	0.630647826107759	6
0.017885151515488	0.441422043241892	6
-0.0980343570804339	0.353432748047731	6
-0.038695731466628	0.414371031823955	6
0.091600407510906	0.62140362472847	6
0.018105450348108	0.440943772778367	2
-0.075305771267545	0.599583968274633	2
-0.0750458549234641	0.599435065359958	2
-0.041801495132781	0.63038238662287	2
0.048030140972728	0.471086554526434	6
0.063381456679012	0.507882757964933	25
0.091164084470982	0.622299304766125	25
0.048175274861663	0.470945497752617	54
-0.074342429836244	0.816614797282208	68
0.017948515857331	0.441276325037825	54
-0.075127181183508	0.599448766878507	46
0.017885151515488	0.441422043241892	46
-0.038343745757691	0.414362328106443	46
-0.086951978855302	2.17465900611766	9
-0.0969207551710261	1.70718913117903	10
0.019638023147005	1.25757093509703	10
-0.099278232245566	0.35392746874739	5
0.018071220485707	0.441051573299806	428
-0.016281321352695	0.662925995029655	6
-0.118295706573337	0.967332599824989	86
-0.0162011144783351	0.66270873611259	86
0.075207110278836	0.545690657241514	5
0.048068364212171	0.4711048335323	5
0.048137044135346	0.471051609861451	5
-0.075119323641709	0.599193489684866	5
-0.075240015986526	0.599593248021543	23
-0.016363209863184	0.66287188570123	23
0.115124403348209	0.797154342776926	23
0.096529920771235	0.659845262382997	23
-0.041945482047303	0.630661225316363	23
-0.09751494297264	0.353113627072122	132
0.0480379278286071	0.471087613431695	132
-0.038111377288474	0.414177817025583	39
0.063291371738374	0.508166632881355	6
-0.0980343570804339	0.353432748047731	6
0.047991931438493	0.470948690948521	198
-0.037990233828196	0.414043933099704	2
0.091143360720645	0.622339256267809	2
-0.041899059019307	0.63044304553037	2
0.048091133154588	0.471042169258016	2
0.048091133154588	0.471042169258016	2
-0.042066289731086	0.630748823283636	25
0.01763654577387	0.441536831391427	68
-0.01630861954926	0.662972643880192	54
0.040890355379255	0.800569653242942	54
-0.10237436794994	0.785486517852404	46
-0.075247892420489	0.59937445297054	46
0.075258608972036	0.545420306406661	46
-0.102541166752993	0.785872227558357	46
0.078135525098875	0.959983238907961	10
0.072992127922528	0.927278983107558	10
-0.085078640104893	1.18587344452003	10
0.059679413215101	0.863899135842536	10
0.115010367415259	0.797238656525503	5
-0.075232150203982	0.599654790054676	5
0.0594884091837909	0.86459287858874	5
-0.038343745757691	0.414362328106443	86
0.017885151515488	0.441422043241892	86
0.084352289404545	0.58393081140269	86
0.063435470882058	0.508078747495984	86
-0.038222961863263	0.414264406349458	6
-0.098235856286303	0.353414829103439	5
0.08444023225472	0.583288726426246	5
-0.041931519146898	0.630510016423755	5
0.0479996846415251	0.471069360153076	5
0.048068364212171	0.4711048335323	6
0.101424172102774	0.696482847151341	23
-0.041908305713741	0.630579329942369	23
0.030137323365088	0.767705345432537	23
0.00283852674213603	0.697739283194232	23
-0.097196756999081	0.352694669460464	132
-0.038343745757691	0.414362328106443	132
0.018134870756271	0.441106968732687	39
-0.051966504581451	0.848216899238901	39
0.018056432898871	0.441217944876616	39
-0.0384550952589881	0.414291169728785	198
-0.038232305482405	0.414275835906919	2
0.048198009660274	0.470952990233888	2
0.017963326955765	0.441341043477748	2
-0.033212332998339	0.87962044583674	2
0.048152231285691	0.470882504514928	2
-0.075127181183508	0.599448766878507	2
0.063041286660701	0.508381254265831	25
0.017963326955765	0.441341043477748	54
-0.074956711698704	0.599283845361732	54
-0.042089496111302	0.630754759552082	54
-0.075232150203982	0.599654790054676	54
0.084585136504098	0.583529006517462	46
0.017900032419528	0.441350213980641	46
-0.038222961863263	0.414264406349458	54
-0.032465012344292	1.2985338544136	9
0.059563306999273	0.864526088588019	10
-0.051477639002128	0.847338954046078	10
0.0966318504321359	0.659746051283924	10
0.050890458249765	0.833226538716828	5
-0.098352883478491	0.353483822010577	5
-0.0163615331599321	0.663054207629342	428
-0.016255713429042	0.662862174171496	428
0.084519064067727	0.583713359197363	6
0.0748877577113251	0.54568991955274	86
0.063527708915473	0.507832764068333	86
-0.037980748731883	0.413953048132144	6
0.06357937288619	0.507816047405359	5
0.017978153477464	0.441299012127764	5
0.075340244041036	0.545452715371539	5
-0.099075640655895	0.353944854479088	5
0.0177143011176401	0.441519104636812	6
-0.074059926477549	0.816268729099827	23
-0.01630861954926	0.662972643880192	23
-0.041847927464025	0.630459992763821	23
-0.093897514751612	0.995641991460564	23
-0.041847927464025	0.630459992763821	23
0.018094812759939	0.732583367161598	23
-0.038101962939554	0.414130609919789	132
0.018056432898871	0.441217944876616	6
0.017900032419528	0.441350213980641	198
-0.097833196182046	0.353207340512575	2
0.0479996846415251	0.471069360153076	2
-0.0980343570804339	0.353432748047731	2
-0.038464314880281	0.414424326723021	2
0.084434139955068	0.583781834448672	2
0.063356704764237	0.50818911175335	2
-0.075247892420489	0.59937445297054	25
0.0632125219358	0.508227184141461	25
-0.038232305482405	0.414275835906919	25
0.017807134329266	0.441473163114747	25
-0.038241631735444	0.41410029348193	54
-0.016520318870356	0.663134379752832	54
-0.042019876326016	0.630530640063288	46
0.048175274861663	0.470945497752617	46
-0.075135049387965	0.599550836734038	46
0.00294908055527099	0.697737592033022	46
-0.104197283460138	1.16190821073286	10
0.017807134329266	0.441473163114747	5
-0.098554588996423	0.353709685597233	5
0.018071220485707	0.441051573299806	428
0.030238569722612	0.767560566360836	428
-0.074956711698704	0.599283845361732	428
-0.118056934795257	0.967077633901596	6
-0.10258218567443	0.785881930049397	86
-0.074125355129181	0.816362037247588	86
0.048220943826483	0.470759815695374	86
-0.00275392830912502	0.939513411706335	86
0.084478180970231	0.583797970147497	6
0.091339369202452	0.622085083749103	6
-0.038222961863263	0.414264406349458	6
0.063277903257855	0.508273973989328	5
0.048106601170115	0.471060653765222	5
-0.096996344736511	0.352712982272515	5
-0.016440085400675	0.663088444368722	6
-0.038222961863263	0.414264406349458	6
0.063185607178434	0.508383460359442	6
-0.102689118389286	0.785923872930611	23
0.111258992788429	0.764045772884163	23
0.017855298774389	0.732964424136766	23
0.017978153477464	0.441299012127764	132
-0.098873389158817	0.353718585819526	39
0.075205653566335	0.545531757171661	39
0.063237475822118	0.508259419397331	39
-0.0384550952589881	0.414291169728785	39
-0.098352883478491	0.353483822010577	198
-0.038343745757691	0.414362328106443	198
-0.038241631735444	0.41410029348193	2
0.018056432898871	0.441217944876616	2
-0.038353018666431	0.414337941238971	2
-0.075061670752121	0.599394220982401	2
0.091143360720645	0.622339256267809	2
-0.0980343570804339	0.353432748047731	81
0.08456311694821	0.583637167488515	68
0.084685567081482	0.583223474804935	54
0.00324069238922398	1.41808135754156	10
0.00464482919864795	1.19457123397653	10
-0.013907037245658	1.13277988960288	10
-0.078980704057059	1.57256181460824	5
0.124081168353278	0.933154133581501	10
-0.00272474702788095	0.939086351682482	5
0.084500194595213	0.583737580326332	6
-0.074122030630818	0.81651335162147	86
-0.098554588996423	0.353709685597233	6
0.111150242782401	0.764135560218197	6
0.063185607178434	0.508383460359442	6
-0.042029090058758	0.630725452876737	5
-0.038222961863263	0.414264406349458	5
0.017885151515488	0.441422043241892	5
-0.042089496111302	0.630754759552082	5
0.075048171822478	0.545806361158126	6
-0.038222961863263	0.414264406349458	241
0.048198009660274	0.470952990233888	60
0.075154138563505	0.545752345612659	6
0.0845410928024371	0.583697557335818	23
-0.075135049387965	0.599550836734038	23
-0.01614992368499	0.662541981757469	23
0.048190374916138	0.470900828404984	132
0.00307849189864695	0.697565218519348	39
-0.09771589802742	0.353095483927744	2
0.0177143011176401	0.441519104636812	2
-0.0938470184670081	0.995547367050303	2
0.048121668982423	0.470978781688397	2
0.075313030370492	0.545493532457957	2
0.048167513635818	0.471016343360915	25
-0.075240015986526	0.599593248021543	25
0.075313030370492	0.545493532457957	54
-0.075150817760178	0.599509934408343	54
-0.0980343570804339	0.353432748047731	54
0.017963326955765	0.441341043477748	54
-0.038353018666431	0.414337941238971	46
-0.075492339365296	0.599688769725692	46
-0.00810622622753998	1.57348748017621	9
0.115120915008096	0.79715301838972	10
-0.02511535905544	1.10338446462142	10
0.091211792408884	0.622019672117386	10
-0.075240015986526	0.599593248021543	5
0.04809882712395	0.471095771394012	86
0.075154138563505	0.545752345612659	6
0.017978153477464	0.441299012127764	6
-0.074956711698704	0.599283845361732	6
0.017978153477464	0.441299012127764	5
0.075179899331267	0.545683412508346	5
0.0177143011176401	0.441519104636812	6
0.075154138563505	0.545752345612659	6
0.017948515857331	0.441276325037825	6
-0.041847927464025	0.630459992763821	39
0.063172144305836	0.508381075212563	39
-0.075135049387965	0.599550836734038	39
0.018026903922419	0.441132034202971	39
-0.038232305482405	0.414275835906919	198
0.0177292753209	0.441490978820015	2
0.048060623814151	0.471077472243728	25
-0.074859680316833	0.598988425816233	81
-0.038464314880281	0.414424326723021	26
-0.075313591982397	0.599686009158765	54
-0.051696367752016	0.847822357958661	10
-0.098235856286303	0.353414829103439	5
-0.042066289731086	0.630748823283636	5
-0.074956711698704	0.599283845361732	6
0.048137044135346	0.471051609861451	5
-0.041982672273346	0.630647826107759	6
0.0480379278286071	0.471087613431695	6
0.0177143011176401	0.441519104636812	241
-0.074875569768949	0.599111080191056	60
-0.074972574974717	0.599243066457034	60
-0.04176434001203	0.630299228341388	6
0.091211792408884	0.622019672117386	6
0.048167513635818	0.471016343360915	23
-0.016334235224492	0.663007552598854	39
0.084412112566762	0.583689090508115	198
0.063356704764237	0.50818911175335	6
-0.038111377288474	0.414177817025583	2
0.030064978116923	0.767718023455184	2
0.091360124316574	0.622045105168558	2
0.063093297955259	0.508417242046547	25
-0.075321423367854	0.599706575982585	81
0.017885151515488	0.441422043241892	81
0.063356704764237	0.50818911175335	54
0.075338766670477	0.54534540540273	54
0.017941873253126	0.73286505952673	46
0.003311077635477	0.696902987289913	46
0.020017065817635	1.25532173748712	9
0.06460329740619	1.22220483133517	10
0.106449538519196	0.730915650386072	10
-0.085466203097137	1.18679917205162	10
-0.00278010095959202	0.939378408331054	10
-0.016520318870356	0.663134379752832	5
-0.0980343570804339	0.353432748047731	428
-0.075321423367854	0.599706575982585	86
-0.051854317333041	0.848211428219714	6
0.063408471126852	0.508125343240681	6
0.041088586376288	0.801159832729146	6
0.048175274861663	0.470945497752617	5
0.0480761847510181	0.471043419126657	5
0.091250182351835	0.622152684934269	5
0.063264431112624	0.508322918373419	6
0.017963326955765	0.441341043477748	6
-0.042005881270846	0.630719515069575	23
-0.097833196182046	0.353207340512575	132
-0.098235856286303	0.353414829103439	198
-0.102522194565737	0.78564073577593	2
-0.042029090058758	0.630725452876737	2
-0.0980343570804339	0.353432748047731	26
-0.038222961863263	0.414264406349458	54
0.00310056827005101	0.697494286811066	54
0.075128371293633	0.5457500837636	54
0.063199066387906	0.508334523103492	46
0.063473657557236	0.507925612342817	46
0.117178381690247	1.27323078684668	9
0.123970235892514	0.933344611684419	9
-0.016721470804154	0.909156511770156	10
-0.104709949886538	1.51773793474106	10
0.12084951918661	0.863564281581963	10
0.111096461860513	0.764192824063773	5
-0.038111377288474	0.414177817025583	5
0.063172144305836	0.508381075212563	5
-0.0419547323838489	0.6302863210645	6
-0.10258218567443	0.785881930049397	6
0.017822069649896	0.441368127807516	5
-0.016279633249944	0.662720330762715	5
0.063343219674838	0.508238057982816	6
-0.038232305482405	0.414275835906919	6
0.075126927980529	0.545745098121915	6
0.017978153477464	0.441299012127764	241
0.00294531359015005	0.697386606954188	6
0.0482972322887411	0.470609868870099	23
0.017900032419528	0.441350213980641	132
-0.10241225822089	0.785412764059539	39
0.075128371293633	0.5457500837636	39
-0.07503796297973	0.599333001659143	39
0.0480840855585331	0.470891796209515	198
-0.016387156575993	0.663061566941855	198
-0.099278232245566	0.35392746874739	198
-0.016385484423359	0.662801208362155	2
-0.037990233828196	0.414043933099704	2
0.048167513635818	0.471016343360915	2
0.084352289404545	0.58393081140269	2
-0.074228832502071	0.816404667820575	2
0.075340244041036	0.545452715371539	2
-0.102626121428237	0.785899865880792	2
-0.038353018666431	0.414337941238971	54
0.084412112566762	0.583689090508115	54
0.063408471126852	0.508125343240681	54
-0.042005881270846	0.630719515069575	54
-0.041871143337214	0.630390709467059	25
0.017963326955765	0.441341043477748	25
0.040270509596973	1.34865277460788	9
0.042442815334355	1.54742971447691	9
0.075663090926112	1.28101210960043	9
-0.00411626284623001	1.16321561566654	9
0.0966775307892	0.659742172425277	5
0.063277903257855	0.508273973989328	5
0.091181500071604	0.621585557495417	5
-0.074972574974717	0.599243066457034	428
0.063277903257855	0.508273973989328	428
-0.041838664214195	0.630355242517293	86
-0.038343745757691	0.414362328106443	6
0.017978153477464	0.441299012127764	6
-0.038353018666431	0.414337941238971	6
0.063435470882058	0.508078747495984	60
-0.0750458549234641	0.599435065359958	6
0.00273174089086803	0.697817419589122	6
0.00284229766136301	0.697755670727159	6
-0.041968693252402	0.630667165648645	6
-0.041968693252402	0.630667165648645	23
-0.038464314880281	0.414424326723021	132
0.04814485185986	0.4709545254248	39
-0.042112702279816	0.630685418300134	39
-0.075321423367854	0.599706575982585	39
-0.038111377288474	0.414177817025583	198
0.063250955301187	0.508320544769257	2
-0.075232150203982	0.599654790054676	205
0.00294908055527099	0.697737592033022	2
0.075126927980529	0.545745098121915	2
-0.037990233828196	0.414043933099704	54
-0.075142928248916	0.599571444913089	54
0.0178702860833611	0.441387161072424	25
-0.074883530439411	0.599049724278248	54
-0.075142928248916	0.599571444913089	54
0.0963212018529081	1.12789620709144	9
-0.041945482047303	0.630661225316363	9
0.030325218267761	0.767300271531753	10
-0.124244300398611	1.65620207530559	10
0.063264431112624	0.508322918373419	5
-0.09751494297264	0.353113627072122	5
-0.099075640655895	0.353944854479088	428
0.0182922220559389	0.440774192607865	86
0.063343219674838	0.508238057982816	86
-0.102500197789548	0.785757997478442	86
-0.098554588996423	0.353709685597233	6
0.063264431112624	0.508322918373419	5
-0.0380925313061919	0.413882409633952	6
-0.038222961863263	0.414264406349458	6
-0.0980343570804339	0.353432748047731	6
0.0177143011176401	0.441519104636812	6
-0.038241631735444	0.41410029348193	60
-0.072723768400245	1.0225361734268	6
0.091208718711636	0.622276283523047	23
0.048175274861663	0.470945497752617	132
0.0178702860833611	0.441387161072424	39
0.0843932388020811	0.583891294044359	39
0.0177143011176401	0.441519104636812	2
-0.097314325335099	0.352888726716764	2
-0.07397057836553	0.816220702874999	2
0.096834803539702	0.659353972046466	2
-0.0742976131100031	0.81669058255381	2
0.048205724416729	0.470910260347338	2
-0.102626121428237	0.785899865880792	2
-0.041885092082105	0.630573386077958	2
-0.102541166752993	0.785872227558357	2
-0.038688600972386	1.07606933570764	54
-0.098352883478491	0.353483822010577	54
-0.038232305482405	0.414275835906919	54
-0.098554588996423	0.353709685597233	54
-0.075232150203982	0.599654790054676	54
0.063394965740158	0.508064277585327	54
0.063370186185948	0.508081781188768	54
0.086477530609109	1.33660416785357	9
0.091466944138325	0.62169931960784	10
0.104482133181143	1.18893075074114	5
-0.072651643034786	1.02233916097634	5
0.00962721189639404	0.968518311400869	5
0.0177292753209	0.441490978820015	5
-0.098352883478491	0.353483822010577	6
0.018100545250654	0.732585978686206	92
-0.0980343570804339	0.353432748047731	6
-0.038343745757691	0.414362328106443	6
-0.102371276659045	0.785502406310806	6
0.048198009660274	0.470952990233888	6
0.017792214528392	0.441468073086455	60
0.075207110278836	0.545690657241514	60
0.00320409808434496	0.697288451086869	6
0.041116599462428	0.801052662885613	6
0.091143360720645	0.622339256267809	6
-0.016332555104516	0.662774324721282	23
-0.098235856286303	0.353414829103439	132
-0.016283009867109	0.662848621894492	39
0.048183116294703	0.470731915364278	39
-0.042005881270846	0.630719515069575	39
0.017792214528392	0.441468073086455	39
-0.041838664214195	0.630355242517293	198
0.106261384429832	0.731050205766752	205
-0.017037786107609	0.91012511760372	2
-0.11830047519012	0.967771091298143	2
0.048129316552884	0.471060482975925	2
0.084245331761483	0.583947621249913	54
0.07507394885366	0.545783675338654	54
-0.09751494297264	0.353113627072122	54
0.063316238487333	0.508174597084697	21
-0.042149911388244	0.630754431915372	21
0.111279479956475	0.763962576400208	9
0.00475057603130502	1.19414098780574	10
-0.072589807937356	1.02222003348671	10
0.026397241236386	1.289681589113	10
0.101734786271922	0.695881018030326	5
0.019644866438506	1.25777022679174	5
0.0177143011176401	0.441519104636812	5
0.091119402820051	0.622257069897141	6
0.00312140115126003	0.697366293551526	86
-0.016440085400675	0.663088444368722	92
-0.075418566040116	0.599664233386239	5
0.04809882712395	0.471095771394012	6
-0.098352883478491	0.353483822010577	60
0.063435470882058	0.508078747495984	60
-0.01630861954926	0.662972643880192	6
0.0912947995307271	0.622151746026057	6
-0.051879977850183	0.848091208374749	23
-0.118407309964976	0.967743905919432	6
0.063250955301187	0.508320544769257	198
0.075181351138205	0.545711507796161	205
-0.07388450548169	0.815951786490639	2
0.084289309702582	0.583963836619084	2
0.048137044135346	0.471051609861451	230
-0.0980343570804339	0.353432748047731	81
-0.098554588996423	0.353709685597233	26
0.048091133154588	0.471042169258016	54
0.062908640108205	0.508166903673842	21
0.084581942720471	0.583588716949427	21
0.0726302420592701	0.928056316659165	9
-0.02646010476523	1.51925314082128	10
0.00313430235507906	1.418415422941	10
-0.095760482055231	1.35046997335069	10
0.072679037166711	0.927625616014175	5
0.0177143011176401	0.441519104636812	5
-0.0980343570804339	0.353432748047731	5
0.041088586376288	0.801159832729146	86
-0.016414454254694	0.663108225094003	86
-0.016467382827036	0.663135102628169	6
0.063343219674838	0.508238057982816	6
0.048030140972728	0.471086554526434	6
0.017558948417229	0.44151093634167	60
0.048068364212171	0.4711048335323	121
-0.074956711698704	0.599283845361732	60
0.0754204088045291	0.545223020806348	60
0.084374282001252	0.583870435607684	6
-0.01630861954926	0.662972643880192	6
0.07507394885366	0.545783675338654	23
0.106472594652315	0.730996143549834	23
-0.038343745757691	0.414362328106443	132
-0.038222961863263	0.414264406349458	39
0.063172144305836	0.508381075212563	39
-0.074473468693693	0.816525697593673	39
-0.118325712212784	0.967675016408229	2
-0.102371276659045	0.785502406310806	2
-0.075135049387965	0.599550836734038	2
-0.038343745757691	0.414362328106443	2
0.063237475822118	0.508259419397331	2
0.063500690585278	0.50798896479976	230
-0.041968693252402	0.630667165648645	81
0.04809882712395	0.471095771394012	21
0.017978153477464	0.441299012127764	21
-0.024873585015596	1.69884020486493	9
0.0859567199792251	1.02788998399473	5
0.050867145477455	0.833314384010154	5
-0.037878413463182	0.41380613890332	5
-0.093817956399095	0.995506580891877	6
-0.074056657166924	0.81638992795693	92
-0.016283009867109	0.662848621894492	6
-0.075240015986526	0.599593248021543	6
-0.075321423367854	0.599706575982585	6
0.017807134329266	0.441473163114747	60
0.048060623814151	0.471077472243728	60
-0.075240015986526	0.599593248021543	60
0.048060623814151	0.471077472243728	6
0.063185607178434	0.508383460359442	6
-0.016254021125977	0.662819169364524	6
0.017885151515488	0.441422043241892	132
0.048167513635818	0.471016343360915	132
-0.0163615331599321	0.663054207629342	39
0.084478180970231	0.583797970147497	2
-0.074056657166924	0.81638992795693	2
0.04809882712395	0.471095771394012	2
-0.038343745757691	0.414362328106443	2
0.048159832487555	0.470997103993803	2
0.018026903922419	0.441132034202971	2
0.0751526903693121	0.545617365600518	54
-0.042029090058758	0.630725452876737	54
0.017807134329266	0.441473163114747	21
-0.00429468013348699	1.16360760756227	5
0.063421972840391	0.508127690026033	86
-0.016412785933738	0.662981596025657	86
0.106433958541662	0.731013916701746	6
0.0631067478976231	0.508419637507065	86
0.096804752497389	0.659117340265479	86
0.084519064067727	0.583713359197363	92
0.075154138563505	0.545752345612659	6
0.063329730916325	0.508235697146491	6
0.075367459696125	0.545363877292345	6
-0.033161774165633	0.879544208868488	6
0.063185607178434	0.508383460359442	6
-0.03812077431086	0.414038094571237	121
-0.016334235224492	0.663007552598854	60
0.063264431112624	0.508322918373419	6
-0.10235235414452	0.785514109137052	6
0.063277903257855	0.508273973989328	6
0.063514201586973	0.507940032132344	132
0.017807134329266	0.441473163114747	43
0.017835117517898	0.732956068850818	39
-0.038362274170581	0.414118625175472	39
0.017978153477464	0.441299012127764	311
-0.038473517099805	0.414356124603627	311
0.075181351138205	0.545711507796161	311
-0.037990233828196	0.414043933099704	2
0.04821351931622	0.470722899920714	2
0.00299030427202895	0.697540867601289	2
0.096306353881472	0.660172892929773	2
0.075261538141902	0.545560938008652	230
0.075473350126422	0.545046028820666	230
0.01814960398396	0.440970472276922	230
-0.042029090058758	0.630725452876737	230
0.017885151515488	0.441422043241892	54
0.0177143011176401	0.441519104636812	54
-0.016440085400675	0.663088444368722	21
0.063552313915888	0.507752768813472	21
0.08643885734172	1.55944873858025	9
0.120738206555671	0.863574214702149	10
-0.0332413060537901	0.879597911233598	5
-0.118280070505847	0.96771546914886	5
0.111120118689891	0.764221558904333	86
-0.118061626719501	0.96713148078061	86
0.00324828705636504	0.697087935571018	86
0.017855298774389	0.732964424136766	6
0.0178702860833611	0.441387161072424	6
-0.075581789811885	0.59962952394393	92
-0.0752164506176301	0.599532139278292	92
-0.097314325335099	0.352888726716764	92
0.096748392730618	0.659515019869379	92
0.096652229333991	0.659588034301257	6
-0.041899059019307	0.63044304553037	6
0.048159832487555	0.470997103993803	6
-0.042005881270846	0.630719515069575	60
-0.037990233828196	0.414043933099704	121
-0.03812077431086	0.414038094571237	60
0.017963326955765	0.441341043477748	6
-0.0754029400831731	0.599705268512402	6
-0.016332555104516	0.662774324721282	23
0.063027853296225	0.50843016111244	6
-0.041908305713741	0.630579329942369	6
-0.097833196182046	0.353207340512575	43
-0.016281321352695	0.662925995029655	39
-0.099278232245566	0.35392746874739	39
-0.038232305482405	0.414275835906919	2
-0.0980343570804339	0.353432748047731	2
-0.09751494297264	0.353113627072122	2
-0.038575520499092	0.414353051058273	2
0.063408471126852	0.508125343240681	205
-0.102563147890518	0.785844565177501	2
-0.118193639208266	0.967467872110204	2
0.048198009660274	0.470952990233888	2
-0.0162301115167101	0.662706630838277	2
-0.037990233828196	0.414043933099704	54
-0.038353018666431	0.414337941238971	54
0.017855436085875	0.441193221226084	54
0.096789205661196	0.659515020496852	21
-0.038101962939554	0.414130609919789	54
-0.042140730414016	0.630498390847998	21
0.086399061692408	1.33688274738996	9
0.063329730916325	0.508235697146491	5
-0.038111377288474	0.414177817025583	86
0.040767585389338	0.801232124004232	86
0.075128371293633	0.5457500837636	92
0.04809882712395	0.471095771394012	60
0.084456162756553	0.583813760351764	6
0.096479300764425	0.660012762681798	23
-0.016520318870356	0.663134379752832	6
-0.075232150203982	0.599654790054676	43
0.048068364212171	0.4711048335323	2
-0.075232150203982	0.599654790054676	2
-0.016521971569426	0.663034320453265	2
0.07539170686106	0.54516836090086	2
-0.0161226246794109	0.662495372105202	2
-0.093860776421083	0.995378955807199	2
0.0480379278286071	0.471087613431695	2
-0.0383344554852471	0.414193392330842	2
0.075046740623488	0.545717615515664	2
-0.0937888887719081	0.995398338733285	2
0.048167513635818	0.471016343360915	230
0.04809882712395	0.471095771394012	54
-0.0750695946244711	0.599175566865411	54
0.017978153477464	0.441299012127764	81
-0.0980343570804339	0.353432748047731	26
0.063145207565161	0.508138259065505	54
0.048129316552884	0.471060482975925	54
0.075128371293633	0.5457500837636	21
0.075099719386491	0.545679040142965	21
0.075154138563505	0.545752345612659	21
0.063199066387906	0.508334523103492	21
0.033357929626684	1.31927608032221	9
0.0363185482017721	1.060396685606	9
-0.02520324269526	1.1037055192052	5
0.111194385500599	0.764123098255853	5
-0.098873389158817	0.353718585819526	5
-0.037868874847883	0.413866295648985	86
0.10669413169073	0.730357601651566	86
0.030216828572321	0.767608928160328	86
0.084333269293257	0.583795320835331	6
0.018034213142027	0.732716523926003	6
0.063356704764237	0.50818911175335	6
-0.041861878249689	0.630501710651017	60
-0.041908305713741	0.630579329942369	60
0.0480379278286071	0.471087613431695	60
0.063421972840391	0.508127690026033	60
0.048167513635818	0.471016343360915	60
-0.041945482047303	0.630661225316363	60
-0.075150817760178	0.599509934408343	60
0.048091133154588	0.471042169258016	60
0.063277903257855	0.508273973989328	6
-0.075142928248916	0.599571444913089	6
-0.10235235414452	0.785514109137052	6
-0.0163615331599321	0.663054207629342	6
-0.075135049387965	0.599550836734038	6
-0.038584669491101	0.414442391647873	43
-0.0752164506176301	0.599532139278292	43
-0.0162301115167101	0.662706630838277	132
0.063291371738374	0.508166632881355	39
-0.016441749899156	0.663094658546721	39
0.084204331235085	0.583989672620801	39
-0.038111377288474	0.414177817025583	39
-0.074859680316833	0.598988425816233	311
0.048129316552884	0.471060482975925	2
0.106477768959131	0.730983083314581	2
-0.016927126718744	0.909955148110897	2
0.0177888935137011	0.732994395968385	2
0.106583361659079	0.730771413760415	2
0.075126927980529	0.545745098121915	2
0.0177143011176401	0.441519104636812	2
-0.075061670752121	0.599394220982401	2
-0.041968693252402	0.630667165648645	54
0.048129316552884	0.471060482975925	54
-0.0980343570804339	0.353432748047731	81
-0.038464314880281	0.414424326723021	54
0.075075383686997	0.545765523362656	54
0.084732970317284	0.58308406701156	21
-0.000462982268681023	1.94370014896358	9
0.121685900320273	1.29861361679635	9
0.082098772900553	0.994177509644416	9
0.054262587124805	1.15748139076361	10
-0.038685114837968	1.0761248974427	5
0.106611704711242	0.730674581713647	5
0.030064978116923	0.767718023455184	5
0.0480379278286071	0.471087613431695	86
-0.016388829064612	0.663040642355053	86
-0.072661932213419	1.0224398466382	86
0.018074615566919	0.732680480598904	92
-0.038353018666431	0.414337941238971	92
-0.016387156575993	0.663061566941855	92
0.030296329830318	0.767438477700058	6
-0.016334235224492	0.663007552598854	6
0.0912947995307271	0.622151746026057	6
0.048167513635818	0.471016343360915	6
0.063500690585278	0.50798896479976	60
0.04814485185986	0.4709545254248	6
-0.038222961863263	0.414264406349458	6
0.091140106647141	0.622124624411602	6
0.01774854247933	0.732918890317892	23
0.084500194595213	0.583737580326332	6
0.017978153477464	0.441299012127764	43
-0.074867619725942	0.599090428767936	132
-0.0980343570804339	0.353432748047731	43
-0.038241631735444	0.41410029348193	39
-0.038473517099805	0.414356124603627	39
-0.037999701638591	0.413940026884914	2
-0.038343745757691	0.414362328106443	2
-0.016281321352695	0.662925995029655	2
0.0843112917921321	0.583903474694665	2
-0.075224295078979	0.599634201404957	230
-0.042173115154123	0.630685101687991	230
0.048114455422043	0.470937287450026	54
-0.0980343570804339	0.353432748047731	81
0.084456162756553	0.583813760351764	81
-0.074875569768949	0.599111080191056	81
0.075179899331267	0.545683412508346	21
0.08117795602505	1.30895886016747	9
-0.111614346326997	1.99183184398311	9
0.060353841829047	1.42977838131818	9
-0.00279818433735701	0.939535965995986	5
-0.075127181183508	0.599448766878507	86
-0.098554588996423	0.353709685597233	86
0.030289194066881	0.767451436739019	86
-0.051920541205241	0.848253372479533	86
0.0913808746746611	0.621961471167152	86
-0.075142928248916	0.599571444913089	6
0.048137044135346	0.471051609861451	6
-0.016416122941331	0.662953426739208	6
0.063394965740158	0.508064277585327	6
0.017978153477464	0.441299012127764	60
-0.038111377288474	0.414177817025583	60
-0.042005881270846	0.630719515069575	60
0.063329730916325	0.508235697146491	6
0.048022434192649	0.470939585084635	6
0.091363116198774	0.621899506241714	6
0.048129316552884	0.471060482975925	6
-0.041982672273346	0.630647826107759	84
0.063079844351383	0.508356092101914	23
0.084500194595213	0.583737580326332	23
0.00320409808434496	0.697288451086869	23
0.075179899331267	0.545683412508346	6
0.101496091196869	0.696462244264049	6
0.017963326955765	0.441341043477748	132
0.048114455422043	0.470937287450026	43
0.0629623438568661	0.508363175369417	39
-0.075305771267545	0.599583968274633	39
-0.098756633713589	0.353692019334519	2
0.018056432898871	0.441217944876616	2
-0.041778278670169	0.63023596164161	2
0.074889163524393	0.5456988850897	2
0.048060623814151	0.471077472243728	230
-0.075150817760178	0.599509934408343	230
0.048167513635818	0.471016343360915	230
-0.09751494297264	0.353113627072122	230
0.017792214528392	0.441468073086455	54
0.018026903922419	0.441132034202971	81
-0.0750458549234641	0.599435065359958	81
-0.038464314880281	0.414424326723021	116
0.063435470882058	0.508078747495984	21
-0.067172360518161	1.59885219376187	10
0.00100542026515904	1.59824665928962	9
0.00328897519083804	0.697032537751397	5
0.002924720643118	0.697589302029009	5
-0.016467382827036	0.663135102628169	5
0.12418158743058	0.93299502262236	5
-0.033233907202916	0.879631453075957	5
-0.098554588996423	0.353709685597233	5
0.018054415695141	0.732724845641667	86
-0.118280070505847	0.96771546914886	86
0.018056432898871	0.441217944876616	86
-0.042066289731086	0.630748823283636	6
0.0177292753209	0.441490978820015	60
-0.07503796297973	0.599333001659143	60
0.048137044135346	0.471051609861451	60
0.048045794888565	0.470997917343372	60
0.017885151515488	0.441422043241892	60
-0.07539514311777	0.599603262801723	60
0.063158677768567	0.508319933207446	6
0.017792214528392	0.441468073086455	6
-0.075597320795644	0.599588438386418	84
0.096550311400883	0.659917332501928	84
-0.033096933641716	0.87884720496467	23
0.091208718711636	0.622276283523047	6
-0.038353018666431	0.414337941238971	132
0.063199066387906	0.508334523103492	39
0.074913554261459	0.545532433957082	2
-0.102541166752993	0.785872227558357	2
0.096463869771731	0.65993529092087	2
0.018100545250654	0.732585978686206	2
-0.102563147890518	0.785844565177501	2
-0.074122030630818	0.81651335162147	2
0.048106601170115	0.471060653765222	2
0.091360124316574	0.622045105168558	2
0.075288755062965	0.545413343996195	2
0.09657069967864	0.659939226936215	230
0.090991871745561	0.622396171256163	230
-0.098554588996423	0.353709685597233	81
0.017792214528392	0.441468073086455	81
0.089216976913623	1.06211101592047	10
0.017948515857331	0.441276325037825	5
0.124322964582479	0.932666999828739	86
0.073163838331017	0.92700424816987	86
0.075128371293633	0.5457500837636	86
0.00322264132060901	0.697077204422489	86
-0.042029090058758	0.630725452876737	86
-0.09751494297264	0.353113627072122	6
-0.041703977949106	0.63010119200323	99
-0.038575520499092	0.414353051058273	99
0.017914928832515	0.441120871664386	6
-0.038343745757691	0.414362328106443	60
0.075075383686997	0.545765523362656	60
-0.073991306393046	0.816234952867646	60
0.048091133154588	0.471042169258016	6
0.030289194066881	0.767451436739019	6
0.096616353695589	0.659805884953559	84
0.017807134329266	0.441473163114747	23
0.063421972840391	0.508127690026033	39
0.00299358534899896	0.697678094612967	2
0.091336274571196	0.621935646428968	2
0.0175438809371939	0.441453292209616	2
-0.051589579730977	0.847760717326087	2
-0.038213600919535	0.414059767247702	2
-0.051925959591612	0.84792250030933	54
0.075288755062965	0.545413343996195	54
0.017744265090916	0.441342441812926	21
0.060162530835112	1.43015512520803	9
0.108843490281319	1.21765555311759	9
0.106650327754188	0.730575376207787	9
-0.017132637800061	0.910025962739561	9
0.019459969757363	1.25822849742709	9
-0.051854317333041	0.848211428219714	5
-0.0936740607329321	0.994820453716859	86
0.048060623814151	0.471077472243728	99
-0.038232305482405	0.414275835906919	6
0.017558948417229	0.44151093634167	60
-0.098352883478491	0.353483822010577	60
-0.016441749899156	0.663094658546721	60
-0.0163615331599321	0.663054207629342	60
-0.098756633713589	0.353692019334519	23
-0.033291869196302	0.879647329905455	6
-0.016387156575993	0.663061566941855	132
0.096504635821028	0.660029290410333	43
-0.01630861954926	0.662972643880192	43
-0.042005881270846	0.630719515069575	39
-0.10258218567443	0.785881930049397	39
-0.075305771267545	0.599583968274633	39
-0.098235856286303	0.353414829103439	2
-0.0980343570804339	0.353432748047731	2
-0.0980343570804339	0.353432748047731	2
-0.098352883478491	0.353483822010577	2
0.020151529933808	0.998046884448874	2
0.106516431991919	0.730883765181406	2
0.0966775307892	0.659742172425277	2
0.0845410928024371	0.583697557335818	2
-0.041922270637053	0.630589539613816	230
0.073135539011758	0.927071975238531	230
-0.038343745757691	0.414362328106443	230
-0.0980343570804339	0.353432748047731	81
0.059515524940443	0.864588436498283	54
-0.038370816624904	1.07497909400234	9
0.111211631993151	0.764126122812867	9
-0.024361452710704	1.69768218682215	5
-0.038222961863263	0.414264406349458	5
0.017978153477464	0.441299012127764	5
0.075154138563505	0.545752345612659	86
-0.038241631735444	0.41410029348193	6
0.017963326955765	0.441341043477748	6
-0.118193639208266	0.967467872110204	92
0.066921165646416	0.895319568008571	6
0.063343219674838	0.508238057982816	92
0.018014007904996	0.732649433554209	92
-0.038575520499092	0.414353051058273	99
0.0177292753209	0.441490978820015	6
-0.038101962939554	0.414130609919789	60
-0.0384550952589881	0.414291169728785	60
0.048129316552884	0.471060482975925	60
0.091404661651203	0.621955343661036	6
-0.042089496111302	0.630754759552082	6
0.017963326955765	0.441341043477748	6
-0.07265680642893	1.02243627863209	6
0.0841603651283021	0.583864902586556	6
0.050799487799396	0.833451751970731	6
-0.0750458549234641	0.599435065359958	39
0.0302746101922871	0.76738464964987	2
0.111052272788872	0.764246924917478	2
0.106372181067794	0.731074151392489	2
0.075154138563505	0.545752345612659	54
0.0908850502192	0.622223718417917	81
0.017855298774389	0.732964424136766	54
-0.099278232245566	0.35392746874739	21
0.00288660350334602	0.697588871364216	21
-0.0690957841737641	1.40714579212686	10
0.017947666343921	0.732754184124322	5
0.048030140972728	0.471086554526434	86
0.04809882712395	0.471095771394012	86
-0.02520664673843	1.10369837783699	86
-0.016904107647309	0.909772188157951	99
-0.038343745757691	0.414362328106443	6
-0.075142928248916	0.599571444913089	60
0.018041660723745	0.441230120289073	23
0.01763654577387	0.441536831391427	132
0.018056432898871	0.441217944876616	39
-0.075135049387965	0.599550836734038	39
-0.038353018666431	0.414337941238971	2
-0.038575520499092	0.414353051058273	2
-0.037990233828196	0.414043933099704	2
-0.074187426761161	0.816606642247111	2
0.00318199696521804	0.697304602378743	230
-0.0980343570804339	0.353432748047731	81
0.0480379278286071	0.471087613431695	81
0.030477047225427	0.766894083590797	54
0.075365978735715	0.545352624230085	54
-0.093926576391227	0.995612510243009	21
-0.037990233828196	0.414043933099704	21
-0.041959463063889	0.630501322211344	21
0.117004301161983	1.77419348278837	9
0.086341042531786	1.33694443395022	9
-0.041693265448626	2.14578876919208	10
-0.0163615331599321	0.663054207629342	86
-0.016893732471302	0.909880805478442	86
0.04797713468845	0.470963379535774	86
-0.016387156575993	0.663061566941855	6
-0.016573262377946	0.663104637362673	6
0.0178702860833611	0.441387161072424	92
-0.041801495132781	0.63038238662287	99
-0.102500197789548	0.785757997478442	6
0.091665612220432	0.621148091012793	6
0.063356704764237	0.50818911175335	60
0.048129316552884	0.471060482975925	6
-0.102563147890518	0.785844565177501	6
0.07507394885366	0.545783675338654	6
-0.016254021125977	0.662819169364524	6
-0.098756633713589	0.353692019334519	84
-0.042089496111302	0.630754759552082	84
0.017948515857331	0.441276325037825	6
0.030187946152239	0.767645000664507	6
-0.075297961229266	0.599328697195459	43
0.017885151515488	0.441422043241892	39
0.048129316552884	0.471060482975925	39
-0.016283009867109	0.662848621894492	39
0.017885151515488	0.441422043241892	39
0.002924720643118	0.697589302029009	39
0.075048171822478	0.545806361158126	39
-0.098554588996423	0.353709685597233	311
0.063250955301187	0.508320544769257	311
0.075208565707402	0.545622611509452	6
-0.074859680316833	0.598988425816233	2
-0.075053757516349	0.59945569070679	2
-0.074101324313536	0.816499131413652	54
0.030187946152239	0.767645000664507	54
-0.041945482047303	0.630661225316363	54
-0.118254872563462	0.96763483364418	54
-0.075232150203982	0.599654790054676	54
-0.074256280257576	0.816460243625329	116
-0.118774335649097	1.48849450533512	9
0.100498048736166	1.15812953566628	9
0.031836241880864	1.69326325142219	10
0.11805564447366	0.83039430178076	5
0.05930750144374	1.19090296005771	5
0.042654393192453	1.09330881383495	6
-0.016416122941331	0.662953426739208	99
-0.0164930216918751	0.663087724450388	99
-0.052027340674671	0.848172105335391	6
0.084603981980349	0.583572903561045	6
-0.016204515647395	0.66244139146955	6
-0.01630861954926	0.662972643880192	60
-0.075240015986526	0.599593248021543	60
0.048198009660274	0.470952990233888	6
0.063158677768567	0.508319933207446	23
-0.0754029400831731	0.599705268512402	43
0.084456162756553	0.583813760351764	39
-0.075329265417905	0.599645011435276	6
0.084308290447826	0.583914618045903	311
0.048129316552884	0.471060482975925	2
-0.09751494297264	0.353113627072122	2
0.048068364212171	0.4711048335323	230
-0.016334235224492	0.663007552598854	81
-0.099597513992659	0.354101235493265	81
-0.016573262377946	0.663104637362673	81
-0.0938470184670081	0.995547367050303	54
0.00309711961107395	0.697414993980128	54
0.04809882712395	0.471095771394012	54
-0.041847927464025	0.630459992763821	54
0.018026903922419	0.441132034202971	54
-0.041945482047303	0.630661225316363	54
-0.074166731286506	0.816592436654914	21
0.091036540068653	0.622324586594689	116
0.096748392730618	0.659515019869379	116
0.0966444067091899	1.38865869365784	10
-0.111905141056019	1.32447770459397	86
-0.038464314880281	0.414424326723021	86
0.017948515857331	0.441276325037825	86
0.101568040044437	0.696317763664638	6
-0.01716062053853	0.909738981566648	99
-0.041861878249689	0.630501710651017	6
0.0410552948306659	0.801217980767438	6
0.096529920771235	0.659845262382997	60
0.048205724416729	0.470910260347338	6
0.075313030370492	0.545493532457957	6
0.0843932388020811	0.583891294044359	6
-0.118457845445239	0.967757158139738	6
0.096525015331737	0.660007482888487	60
0.0843932388020811	0.583891294044359	60
-0.074252845534053	0.816670451212182	6
0.048205724416729	0.470910260347338	84
-0.038477915241669	1.07547709547548	23
-0.0749646380190711	0.599304485288219	23
-0.038343745757691	0.414362328106443	132
0.0750209619564241	0.545799116154301	132
-0.042066289731086	0.630748823283636	39
0.017807134329266	0.441473163114747	39
0.048236200513971	0.470846950090697	2
-0.096796269002475	0.352488687791578	2
-0.097314325335099	0.352888726716764	2
0.075126927980529	0.545745098121915	2
-0.041959463063889	0.630501322211344	2
-0.102286341248275	0.785141342567006	2
-0.016441749899156	0.663094658546721	2
0.04809882712395	0.471095771394012	230
-0.041982672273346	0.630647826107759	230
-0.11845294692131	0.967898691134635	230
-0.051701613745023	0.847993548421683	81
-0.102415268225124	0.785666912193693	81
-0.11830047519012	0.967771091298143	81
-0.098554588996423	0.353709685597233	54
-0.097314325335099	0.352888726716764	54
-0.033219704423789	0.8794291957937	21
-0.033306010579182	0.879552427593375	9
0.042057903659204	1.54860201166111	10
0.0605347497925069	1.42872003901686	10
-0.00567408617666099	1.39082838517253	10
0.112759327419565	1.2465453499343	10
0.017792214528392	0.441468073086455	86
0.018253383597483	0.732249380643148	6
0.111187964690534	0.764136797073376	6
0.0751011590761021	0.545790922920221	60
0.091469932201992	0.621800727696444	278
0.0631067478976231	0.508419637507065	6
-0.033313448133329	0.879692424932182	23
-0.0980343570804339	0.353432748047731	132
0.084666848488965	0.583421581205999	132
0.075208565707402	0.545622611509452	132
0.048114455422043	0.470937287450026	39
-0.041861878249689	0.630501710651017	39
0.048121668982423	0.470978781688397	39
-0.0742976131100031	0.81669058255381	311
0.075260074216374	0.545605022666558	311
0.08418524363156	0.58389934993478	311
0.075154138563505	0.545752345612659	2
0.0912947995307271	0.622151746026057	2
-0.075135049387965	0.599550836734038	2
0.00301461825294003	0.697663368297709	54
0.048129316552884	0.471060482975925	54
0.048091133154588	0.471042169258016	81
0.063014416275205	0.508427756633545	21
0.062505360143285	2.01316837527519	9
0.106416105282094	0.730901247199573	9
0.124459075506433	0.932193343805565	9
-0.110066145936693	1.6811175850306	10
0.018100715655766	1.6438701346739	10
-0.016388829064612	0.663040642355053	60
0.063158677768567	0.508319933207446	60
0.084497030745063	0.58368145739329	60
0.063264431112624	0.508322918373419	60
-0.016385484423359	0.662801208362155	278
0.063264431112624	0.508322918373419	60
-0.033024292766798	0.879147658074911	23
-0.038222961863263	0.414264406349458	6
0.017900032419528	0.441350213980641	132
-0.075232150203982	0.599654790054676	132
-0.016441749899156	0.663094658546721	39
0.063408471126852	0.508125343240681	39
-0.033371409275774	0.879577471827131	311
-0.0980343570804339	0.353432748047731	2
0.017699342444723	0.441384704650949	2
0.0751011590761021	0.545790922920221	2
0.0845410928024371	0.583697557335818	2
-0.038464314880281	0.414424326723021	54
-0.038575520499092	0.414353051058273	230
0.101597096157761	0.696299714495301	230
0.075102597552793	0.545676629601899	81
-0.038464314880281	0.414424326723021	54
0.084371226517559	0.583859348821932	21
0.041199135682868	0.80076547113824	86
-0.069272216254451	1.21243474475569	6
-0.033262890990625	0.879669854109761	6
0.048106601170115	0.471060653765222	60
0.091143360720645	0.622339256267809	60
0.00287969531160903	0.69740892838338	60
-0.042052298639449	0.630656110813843	60
-0.097833196182046	0.353207340512575	84
0.063120194180064	0.508370712672486	43
-0.042140730414016	0.630498390847998	39
0.00305641110687505	0.697581345058754	311
-0.051661014987215	0.847699078891519	2
0.096697918450386	0.659634596918749	2
-0.118320882219923	0.967754079816769	2
0.106439114394858	0.731042205742158	2
0.048091133154588	0.471042169258016	2
-0.098235856286303	0.353414829103439	2
-0.097196756999081	0.352694669460464	2
-0.075305771267545	0.599583968274633	2
0.048220943826483	0.470759815695374	2
0.075102597552793	0.545676629601899	2
-0.075232150203982	0.599654790054676	54
0.00301461825294003	0.697663368297709	2
-0.075053757516349	0.59945569070679	230
0.063343219674838	0.508238057982816	81
0.063250955301187	0.508320544769257	54
-0.016441749899156	0.663094658546721	81
0.096433556087785	0.659953197116966	54
-0.00280090799564803	0.939500257128384	54
0.017978153477464	0.441299012127764	54
0.075154138563505	0.545752345612659	54
0.096682380817284	0.659672230044936	54
0.030187946152239	0.767645000664507	21
-0.025283860183971	1.10376497328955	21
0.00273174089086803	0.697817419589122	21
0.017914928832515	0.441120871664386	116
0.096636748414928	0.659827762496698	86
-0.0420151150564541	0.630374085506201	86
0.003185474579121	0.697240775639856	86
0.00973784388130305	0.968380304239349	86
0.111218101875397	0.764031765054324	86
0.101727156068284	0.695991419448958	34
-0.0980343570804339	0.353432748047731	6
-0.0980343570804339	0.353432748047731	99
0.030209698042491	0.767544572528136	99
0.096525015331737	0.660007482888487	99
-0.016965758113602	0.910044166485404	99
-0.074232160893451	0.816656260054727	6
0.030209698042491	0.767544572528136	60
0.018048630177984	0.732532044015002	60
-0.104013478203115	1.16152117410541	60
0.063329730916325	0.508235697146491	60
-0.01670484138479	0.662755477883673	60
-0.098873389158817	0.353718585819526	84
-0.09939471515573	0.353874659115583	84
-0.016927126718744	0.909955148110897	6
-0.038343745757691	0.414362328106443	6
-0.016440085400675	0.663088444368722	6
0.084415246499077	0.583875515619935	132
-0.042126707406141	0.630748496181635	39
0.075260074216374	0.545605022666558	39
-0.051676052804985	0.847904396814613	2
-0.072772672389453	1.02252865191709	2
0.017963326955765	0.441341043477748	2
-0.0383344554852471	0.414193392330842	2
0.0298770404384811	0.767611910556961	2
0.0969007914358711	0.659142223333381	2
0.048159832487555	0.470997103993803	54
-0.098235856286303	0.353414829103439	230
0.048159832487555	0.470997103993803	230
0.017921687581491	0.73290941491741	81
0.030238569722612	0.767560566360836	21
-0.098554588996423	0.353709685597233	21
0.048091133154588	0.471042169258016	116
0.036457238992086	1.06010510743871	86
-0.11836170332853	0.967451775956495	34
0.00316339246913699	0.697370404864275	99
0.063250955301187	0.508320544769257	6
0.084308290447826	0.583914618045903	6
-0.042066289731086	0.630748823283636	6
0.063343219674838	0.508238057982816	6
-0.041899059019307	0.63044304553037	60
-0.038241631735444	0.41410029348193	6
0.063514201586973	0.507940032132344	6
-0.038353018666431	0.414337941238971	6
-0.074407938002382	0.816587305097345	6
-0.07397057836553	0.816220702874999	39
-0.041945482047303	0.630661225316363	39
0.017978153477464	0.441299012127764	39
-0.016283009867109	0.662848621894492	39
-0.0163615331599321	0.663054207629342	6
0.063185607178434	0.508383460359442	6
-0.051701613745023	0.847993548421683	2
0.063408471126852	0.508125343240681	2
0.096311348741677	0.65991295681284	2
0.084522203630556	0.583629406919959	2
0.091164084470982	0.622299304766125	2
-0.118122898816091	0.967298432155967	2
0.017901499241205	0.732901068709391	54
-0.051854317333041	0.848211428219714	2
0.018041660723745	0.441230120289073	54
-0.074276944220782	0.816610642593843	81
-0.0384550952589881	0.414291169728785	54
0.101344590536463	0.696551216840321	21
-0.102308340792268	0.785349622788333	116
-0.093955632475464	0.995502353071431	6
-0.074166731286506	0.816592436654914	6
0.096418181435057	0.660076410351881	34
0.074969385211641	0.545722332536396	99
-0.074232160893451	0.816656260054727	99
0.017807134329266	0.441473163114747	6
0.048190374916138	0.470900828404984	6
0.041160507428347	0.800947850610149	60
0.04809882712395	0.471095771394012	60
0.017807134329266	0.441473163114747	60
0.017992995459897	0.441102845894737	60
-0.075142928248916	0.599571444913089	60
-0.075061670752121	0.599394220982401	84
0.048137044135346	0.471051609861451	84
-0.075313591982397	0.599686009158765	6
-0.093586935908612	0.994701101262956	6
0.00294908055527099	0.697737592033022	6
0.017900032419528	0.441350213980641	39
0.048159832487555	0.470997103993803	2
0.101604732420919	0.696231098283398	2
0.096682380817284	0.659672230044936	2
0.048129316552884	0.471060482975925	2
0.063237475822118	0.508259419397331	2
-0.075313591982397	0.599686009158765	54
-0.016467382827036	0.663135102628169	81
-0.038111377288474	0.414177817025583	54
0.0177292753209	0.441490978820015	54
-0.074786552776952	0.598859514527893	54
-0.016416122941331	0.662953426739208	54
0.063421972840391	0.508127690026033	21
0.10163381037469	0.69608572125241	21
-0.102708246520331	0.785897774579404	116
-0.0750458549234641	0.599435065359958	6
0.096850407313971	0.659185843866233	99
-0.038584669491101	0.414442391647873	60
-0.098554588996423	0.353709685597233	60
0.018134870756271	0.441106968732687	60
0.091143360720645	0.622339256267809	60
0.075260074216374	0.545605022666558	60
-0.075150817760178	0.599509934408343	60
0.084352289404545	0.58393081140269	6
0.084644798699921	0.583437405971673	23
-0.118320882219923	0.967754079816769	6
-0.075232150203982	0.599654790054676	6
-0.042149911388244	0.630754431915372	39
0.048091133154588	0.471042169258016	39
-0.038343745757691	0.414362328106443	39
0.048091133154588	0.471042169258016	39
0.091253305477373	0.622188073930247	39
0.00305586444910799	0.697466632412004	6
0.048091133154588	0.471042169258016	2
-0.041899059019307	0.63044304553037	2
-0.037990233828196	0.414043933099704	2
0.0177143011176401	0.441519104636812	2
-0.0384550952589881	0.414291169728785	54
0.08443724960764	0.583815130524904	2
0.090923070470364	0.622243572862034	230
-0.038111377288474	0.414177817025583	54
-0.038353018666431	0.414337941238971	54
-0.075150817760178	0.599509934408343	54
-0.0383344554852471	0.414193392330842	21
-0.098554588996423	0.353709685597233	4
0.075208565707402	0.545622611509452	6
0.063343219674838	0.508238057982816	36
-0.016574907106478	0.663033619029199	36
-0.102689118389286	0.785923872930611	36
0.040983370943716	0.80133427153077	6
-0.075127181183508	0.599448766878507	6
-0.038111377288474	0.414177817025583	99
0.017792214528392	0.441468073086455	99
0.075287287517624	0.545564195725926	6
0.07507394885366	0.545783675338654	6
0.017885151515488	0.441422043241892	6
-0.041968693252402	0.630667165648645	6
-0.0980343570804339	0.353432748047731	60
0.018134870756271	0.441106968732687	60
-0.0750458549234641	0.599435065359958	60
0.091167236068756	0.622220304538874	60
-0.075142928248916	0.599571444913089	84
0.048228532197089	0.470856745105674	84
0.030318066175677	0.76741538842748	23
0.091101898976369	0.622283245957269	132
0.01821346711955	0.440962554763671	39
0.0631067478976231	0.508419637507065	39
-0.038473517099805	0.414356124603627	39
0.017963326955765	0.441341043477748	39
0.091181500071604	0.621585557495417	2
-0.041908305713741	0.630579329942369	2
0.063343219674838	0.508238057982816	2
0.091274054880803	0.622191717871612	2
-0.016547614007605	0.663120820841962	54
-0.098554588996423	0.353709685597233	54
0.091208718711636	0.622276283523047	54
-0.038353018666431	0.414337941238971	21
-0.038353018666431	0.414337941238971	21
-0.09751494297264	0.353113627072122	116
-0.0329953077027511	0.878919509409014	116
-0.038222961863263	0.414264406349458	116
0.075261538141902	0.545560938008652	34
-0.042029090058758	0.630725452876737	36
0.017900032419528	0.441350213980641	6
0.075048171822478	0.545806361158126	99
0.030064978116923	0.767718023455184	6
-0.038464314880281	0.414424326723021	6
0.048030140972728	0.471086554526434	6
0.048167513635818	0.471016343360915	60
-0.038111377288474	0.414177817025583	278
-0.074875569768949	0.599111080191056	60
0.00941702340946704	0.968589034135358	60
0.020004044825138	0.998327206796695	60
0.0845410928024371	0.583697557335818	60
0.091164084470982	0.622299304766125	60
0.048159832487555	0.470997103993803	84
-0.041871143337214	0.630390709467059	132
-0.099597513992659	0.354101235493265	39
0.048060623814151	0.471077472243728	39
0.063277903257855	0.508273973989328	39
-0.038101962939554	0.414130609919789	39
-0.0980343570804339	0.353432748047731	39
0.01821346711955	0.440962554763671	2
0.07507394885366	0.545783675338654	2
0.084519064067727	0.583713359197363	2
0.0843302922197891	0.583946577934216	230
-0.097833196182046	0.353207340512575	54
-0.051721916884086	0.848043425468633	54
-0.038213600919535	0.414059767247702	116
0.030166210951231	0.767669262259195	6
-0.0726284183671559	1.02231674754737	86
-0.074211481181239	0.816576302309726	86
0.111079126234761	0.764286352158639	34
0.08418524363156	0.58389934993478	34
0.096657140778425	0.659805941212877	34
-0.074875569768949	0.599111080191056	99
0.091208718711636	0.622276283523047	99
0.0752328629001901	0.545597783452129	99
-0.073905239437654	0.816031742983378	6
-0.033082246161423	0.879402376658291	60
0.091187979765687	0.622272623786636	60
-0.038232305482405	0.414275835906919	6
0.096285991207699	0.660150962593056	6
-0.041885092082105	0.630573386077958	6
-0.074859680316833	0.598988425816233	6
0.018056432898871	0.441217944876616	6
-0.041824711396637	0.630454044297698	39
-0.016283009867109	0.662848621894492	39
0.091342336333715	0.621783503664458	39
0.00303524391238197	0.69759436484439	39
0.091318609332057	0.622081457327723	2
0.017967864460789	0.732821298651971	2
-0.038111377288474	0.414177817025583	2
0.0843932388020811	0.583891294044359	54
0.07507394885366	0.545783675338654	2
-0.042066289731086	0.630748823283636	2
0.029934840235594	0.767703482283893	54
-0.042066289731086	0.630748823283636	54
-0.075053757516349	0.59945569070679	54
0.063158677768567	0.508319933207446	54
0.048106601170115	0.471060653765222	116
0.101467024812931	0.696480310691995	34
0.12095792330109	0.863130011833905	36
-0.098756633713589	0.353692019334519	36
0.04809882712395	0.471095771394012	36
0.048121668982423	0.470978781688397	99
-0.102478205765596	0.785785640793822	99
-0.016387156575993	0.663061566941855	60
0.00301461825294003	0.697663368297709	60
0.0843932388020811	0.583891294044359	60
0.04809882712395	0.471095771394012	60
-0.0166808005935259	0.662942506124146	60
-0.041703977949106	0.63010119200323	6
0.0751011590761021	0.545790922920221	60
-0.041824711396637	0.630454044297698	60
-0.098756633713589	0.353692019334519	6
-0.038343745757691	0.414362328106443	84
-0.038222961863263	0.414264406349458	84
0.017807134329266	0.441473163114747	84
-0.016281321352695	0.662925995029655	6
0.106650327754188	0.730575376207787	6
-0.075142928248916	0.599571444913089	6
0.0913808746746611	0.621961471167152	39
0.063185607178434	0.508383460359442	39
0.084500194595213	0.583737580326332	39
-0.0749646380190711	0.599304485288219	39
0.075181351138205	0.545711507796161	6
0.030404716001364	0.766993010083071	2
-0.038232305482405	0.414275835906919	2
0.0752328629001901	0.545597783452129	2
-0.016547614007605	0.663120820841962	2
-0.102475251870423	0.785499347813862	2
-0.075208616825992	0.599276847842701	2
0.075181351138205	0.545711507796161	54
0.017881308229619	0.732833937308275	54
0.084308290447826	0.583914618045903	21
0.048137044135346	0.471051609861451	116
-0.038795663852919	1.07604055742619	86
0.017963326955765	0.441341043477748	36
-0.104065150415173	1.16186575063734	99
0.048068364212171	0.4711048335323	6
-0.017099280821417	0.910082194421809	6
-0.042089496111302	0.630754759552082	278
0.090947156078208	0.622395926661073	60
0.017807134329266	0.441473163114747	6
-0.073994520466937	0.816145306359558	60
0.0843302922197891	0.583946577934216	60
0.017792214528392	0.441468073086455	60
0.063093297955259	0.508417242046547	6
0.017807134329266	0.441473163114747	84
-0.038222961863263	0.414264406349458	84
0.075207110278836	0.545690657241514	6
0.096397803654501	0.660004305042194	6
-0.042112702279816	0.630685418300134	6
-0.038232305482405	0.414275835906919	6
-0.01630861954926	0.662972643880192	6
0.048091133154588	0.471042169258016	6
0.075314502806718	0.545475329450318	39
0.091336274571196	0.621935646428968	39
-0.074875569768949	0.599111080191056	39
0.048175274861663	0.470945497752617	39
0.084603981980349	0.583572903561045	6
-0.093796521306471	0.995422279507028	2
0.074967967294757	0.545790526472073	6
-0.017071181777956	0.910147620489203	2
0.063329730916325	0.508235697146491	65
-0.09751494297264	0.353113627072122	2
0.017978153477464	0.441299012127764	2
0.063329730916325	0.508235697146491	2
-0.038464314880281	0.414424326723021	54
0.01777731021038	0.441303913539979	54
-0.041838664214195	0.630355242517293	54
0.048190374916138	0.470900828404984	54
-0.051655740378037	0.847916877979715	6
-0.093695524393401	0.995075661777185	6
0.084519064067727	0.583713359197363	99
0.091057262873807	0.622376934191527	6
0.0912947995307271	0.622151746026057	6
-0.016335915718494	0.662959083307172	6
0.075313030370492	0.545493532457957	278
-0.102541166752993	0.785872227558357	278
-0.075208616825992	0.599276847842701	60
0.017948515857331	0.441276325037825	60
0.063264431112624	0.508322918373419	60
0.048137044135346	0.471051609861451	60
-0.016387156575993	0.663061566941855	6
-0.038575520499092	0.414353051058273	84
-0.098235856286303	0.353414829103439	84
-0.075224295078979	0.599634201404957	6
0.048091133154588	0.471042169258016	6
0.030137323365088	0.767705345432537	6
-0.0750458549234641	0.599435065359958	39
-0.075127181183508	0.599448766878507	39
0.048091133154588	0.471042169258016	39
0.075128371293633	0.5457500837636	6
-0.075142928248916	0.599571444913089	2
-0.033060654015574	0.879309192246952	2
-0.09751494297264	0.353113627072122	2
0.063158677768567	0.508319933207446	2
0.00303432589534103	0.697538837656829	54
0.048052963427586	0.470904281816488	54
-0.051742222533774	0.848030929183181	54
0.075234323214785	0.545649823465162	54
0.048167513635818	0.471016343360915	54
0.048060623814151	0.471077472243728	21
-0.016465722469286	0.662980887554224	21
0.018041660723745	0.441230120289073	116
-0.099278232245566	0.35392746874739	4
-0.051828709496709	0.848046842153762	6
0.018014007904996	0.732649433554209	6
0.0302603275330811	0.767435441902361	34
0.118024104204287	0.830474229742912	34
0.0177143011176401	0.441519104636812	6
0.096392829609214	0.660124538560593	6
-0.016898939475831	0.909868635809946	6
-0.016254021125977	0.662819169364524	60
-0.041908305713741	0.630579329942369	278
0.063250955301187	0.508320544769257	60
-0.097833196182046	0.353207340512575	84
-0.041885092082105	0.630573386077958	6
0.048175274861663	0.470945497752617	6
0.0177292753209	0.441490978820015	6
-0.041908305713741	0.630579329942369	6
-0.075671291405065	0.599511116578629	6
0.048129316552884	0.471060482975925	6
-0.075321423367854	0.599706575982585	39
0.03008670137049	0.767741789537337	2
0.084245331761483	0.583947621249913	2
0.063343219674838	0.508238057982816	2
0.018339901407368	0.731984881623719	2
-0.0749646380190711	0.599304485288219	2
0.048129316552884	0.471060482975925	421
-0.038575520499092	0.414353051058273	421
0.063185607178434	0.508383460359442	54
0.017792214528392	0.441468073086455	21
-0.038232305482405	0.414275835906919	21
-0.098235856286303	0.353414829103439	21
0.01763654577387	0.441536831391427	116
-0.042149911388244	0.630754431915372	116
0.017807134329266	0.441473163114747	116
-0.038232305482405	0.414275835906919	6
0.124348078207799	0.93257140548937	36
-0.098554588996423	0.353709685597233	6
-0.038241631735444	0.41410029348193	6
0.0912947995307271	0.622151746026057	99
0.084374282001252	0.583870435607684	6
-0.051742222533774	0.848030929183181	6
0.018028442755938	0.732688152598174	6
0.074808936783851	0.545590863763797	60
0.017941873253126	0.73286505952673	60
-0.07503796297973	0.599333001659143	278
0.075154138563505	0.545752345612659	278
-0.074122030630818	0.81651335162147	60
-0.038353018666431	0.414337941238971	15
0.10177008095369	0.695722518563332	60
-0.097314325335099	0.352888726716764	60
-0.099075640655895	0.353944854479088	84
-0.098352883478491	0.353483822010577	6
0.063343219674838	0.508238057982816	6
0.059695491568307	0.864221866407514	6
-0.075224295078979	0.599634201404957	6
0.017792214528392	0.441468073086455	421
-0.038343745757691	0.414362328106443	2
-0.016965758113602	0.910044166485404	54
-0.096796269002475	0.352488687791578	2
-0.098554588996423	0.353709685597233	2
-0.0980343570804339	0.353432748047731	2
0.0845410928024371	0.583697557335818	54
-0.038232305482405	0.414275835906919	54
0.048068364212171	0.4711048335323	21
0.066665629673751	0.896005251185338	36
-0.097833196182046	0.353207340512575	6
-0.038222961863263	0.414264406349458	99
-0.016440085400675	0.663088444368722	99
0.0594884091837909	0.86459287858874	99
-0.074166731286506	0.816592436654914	6
-0.03318335436655	0.879582055914319	6
-0.102497218741647	0.785707725980518	60
-0.038232305482405	0.414275835906919	278
-0.074035939998639	0.816375692949902	60
0.084371226517559	0.583859348821932	60
0.048167513635818	0.471016343360915	60
0.018319672957685	0.732029233294185	60
-0.041787558524264	0.63030518261539	60
-0.041847927464025	0.630459992763821	84
0.101546593231265	0.696391400359992	6
-0.038343745757691	0.414362328106443	6
-0.03812077431086	0.414038094571237	6
-0.0332413060537901	0.879597911233598	6
0.063250955301187	0.508320544769257	6
-0.038353018666431	0.414337941238971	39
0.0479996846415251	0.471069360153076	39
0.048068364212171	0.4711048335323	39
0.096438556878078	0.660098329044915	39
-0.0542619695375231	1.04893532349883	6
-0.098554588996423	0.353709685597233	2
0.101748610199917	0.695890910490014	54
-0.072517686043889	1.02190459347776	2
0.063185607178434	0.508383460359442	2
-0.038464314880281	0.414424326723021	54
0.00299358534899896	0.697678094612967	54
0.040944737369518	0.801367041113006	54
0.091015812517984	0.622208416765982	54
-0.0980343570804339	0.353432748047731	21
-0.075507917838031	0.599647704824105	21
-0.041787558524264	0.63030518261539	21
0.017978153477464	0.441299012127764	116
0.073012734226058	0.927526591685462	34
-0.00264460133924704	0.939123466747463	36
0.106477768959131	0.730983083314581	36
-0.09751494297264	0.353113627072122	36
-0.0980343570804339	0.353432748047731	6
0.018034213142027	0.732716523926003	6
0.0750209619564241	0.545799116154301	6
0.017993799981509	0.732505267869136	6
0.063237475822118	0.508259419397331	60
0.0177292753209	0.441490978820015	60
0.075208565707402	0.545622611509452	60
0.017978153477464	0.441299012127764	60
-0.098235856286303	0.353414829103439	84
0.017881308229619	0.732833937308275	6
0.09657069967864	0.659939226936215	6
-0.0161226246794109	0.662495372105202	6
-0.016388829064612	0.663040642355053	39
0.017794747007573	0.732744689012979	2
-0.118346108144841	0.967803357473854	2
0.017807134329266	0.441473163114747	2
0.096545392504077	0.659943711696897	2
-0.098554588996423	0.353709685597233	2
0.00292846101567901	0.697751766608455	54
-0.038464314880281	0.414424326723021	21
-0.073949855274927	0.816140733367379	21
-0.038464314880281	0.414424326723021	21
-0.098235856286303	0.353414829103439	116
-0.097833196182046	0.353207340512575	380
0.0751526903693121	0.545617365600518	6
-0.099075640655895	0.353944854479088	36
0.00307849189864695	0.697565218519348	99
0.101474667168572	0.696453090094762	99
-0.041982672273346	0.630647826107759	6
0.091339369202452	0.622085083749103	6
0.048137044135346	0.471051609861451	60
-0.016335915718494	0.662959083307172	15
-0.041824711396637	0.630454044297698	60
0.048198009660274	0.470952990233888	60
-0.098235856286303	0.353414829103439	6
0.04800751798394	0.471042122206643	6
-0.098352883478491	0.353483822010577	6
-0.038101962939554	0.414130609919789	6
-0.041968693252402	0.630667165648645	6
0.04809882712395	0.471095771394012	39
0.063185607178434	0.508383460359442	39
0.048068364212171	0.4711048335323	39
-0.041899059019307	0.63044304553037	39
0.063487175909114	0.507986633485621	6
0.063185607178434	0.508383460359442	6
0.0751011590761021	0.545790922920221	2
0.075234323214785	0.545649823465162	2
-0.098554588996423	0.353709685597233	2
-0.098554588996423	0.353709685597233	421
0.01821346711955	0.440962554763671	2
-0.041945482047303	0.630661225316363	54
-0.042029090058758	0.630725452876737	54
-0.102541166752993	0.785872227558357	54
0.0632125219358	0.508227184141461	21
0.0181668607526581	0.732428260740324	6
0.091274054880803	0.622191717871612	86
0.0751526903693121	0.545617365600518	34
-0.074166731286506	0.816592436654914	6
0.08443724960764	0.583815130524904	99
-0.0420430831368011	0.630677137943554	6
0.0480379278286071	0.471087613431695	60
0.063514201586973	0.507940032132344	278
0.0631067478976231	0.508419637507065	278
-0.075224295078979	0.599634201404957	60
-0.01630861954926	0.662972643880192	60
0.048190374916138	0.470900828404984	60
0.04809882712395	0.471095771394012	60
-0.038101962939554	0.414130609919789	60
-0.07397057836553	0.816220702874999	6
-0.016279633249944	0.662720330762715	6
-0.016175516073887	0.662673544333303	6
0.048205724416729	0.470910260347338	6
0.084308290447826	0.583914618045903	2
0.018134870756271	0.441106968732687	6
0.063250955301187	0.508320544769257	6
0.063172144305836	0.508381075212563	2
0.063552313915888	0.507752768813472	2
0.048022434192649	0.470939585084635	2
-0.098554588996423	0.353709685597233	421
0.017948515857331	0.441276325037825	2
-0.075061670752121	0.599394220982401	2
-0.041885092082105	0.630573386077958	54
-0.0752164506176301	0.599532139278292	54
-0.037990233828196	0.414043933099704	21
0.048068364212171	0.4711048335323	21
-0.041801495132781	0.63038238662287	21
0.0631067478976231	0.508419637507065	21
-0.075224295078979	0.599634201404957	116
-0.074380337927225	0.816158661749713	34
0.08443724960764	0.583815130524904	6
0.041132584763231	0.800905407826946	6
-0.075232150203982	0.599654790054676	6
-0.051940826616506	0.848240845915733	6
-0.042126707406141	0.630748496181635	6
-0.118412160857184	0.967860115493285	6
0.063421972840391	0.508127690026033	278
0.0752328629001901	0.545597783452129	15
0.090926458864303	0.622392220894145	60
0.063250955301187	0.508320544769257	60
-0.042089496111302	0.630754759552082	6
0.091383891304558	0.621951736563866	6
-0.099075640655895	0.353944854479088	191
-0.098554588996423	0.353709685597233	191
0.048129316552884	0.471060482975925	6
0.062843132175325	0.508295779714934	6
0.048068364212171	0.4711048335323	39
-0.074101324313536	0.816499131413652	39
-0.0163615331599321	0.663054207629342	39
0.075367459696125	0.545363877292345	39
-0.10258218567443	0.785881930049397	6
-0.102267443587932	0.78527817468498	6
0.00301461825294003	0.697663368297709	6
-0.074948796019937	0.599181802999873	421
0.017792214528392	0.441468073086455	2
0.017900032419528	0.441350213980641	2
0.017885151515488	0.441422043241892	54
-0.075142928248916	0.599571444913089	2
0.048137044135346	0.471051609861451	2
0.040883554489334	0.801299111909487	2
0.063421972840391	0.508127690026033	54
0.048198009660274	0.470952990233888	54
-0.074956711698704	0.599283845361732	21
-0.042005881270846	0.630719515069575	21
0.0479996846415251	0.471069360153076	21
0.048129316552884	0.471060482975925	116
0.020299079120474	0.997521566532006	6
0.091077980933823	0.622380620436406	6
0.017699342444723	0.441384704650949	36
-0.098756633713589	0.353692019334519	36
0.048167513635818	0.471016343360915	6
-0.098756633713589	0.353692019334519	6
-0.016255713429042	0.662862174171496	99
-0.00267760403889405	0.938723104079329	6
-0.102475251870423	0.785499347813862	6
0.091360124316574	0.622045105168558	15
0.063343219674838	0.508238057982816	60
0.063343219674838	0.508238057982816	6
0.111323657017498	0.763787645869313	6
-0.102478205765596	0.785785640793822	6
0.009741522789814	0.968383369073837	6
-0.074059926477549	0.816268729099827	6
-0.102437271138424	0.785639292487699	39
0.00307849189864695	0.697565218519348	6
0.00310056827005101	0.697494286811066	2
0.048190374916138	0.470900828404984	2
-0.097833196182046	0.353207340512575	2
0.048129316552884	0.471060482975925	2
0.00305586444910799	0.697466632412004	2
-0.10258218567443	0.785881930049397	2
0.075128371293633	0.5457500837636	2
0.0181409619267811	0.73254991886232	54
-0.074256280257576	0.816460243625329	21
0.063027853296225	0.50843016111244	21
-0.118193639208266	0.967467872110204	6
0.017921687581491	0.73290941491741	6
0.063421972840391	0.508127690026033	34
-0.051767812830155	0.84809156874333	6
-0.102541166752993	0.785872227558357	6
0.063250955301187	0.508320544769257	36
0.017699342444723	0.441384704650949	36
-0.075135049387965	0.599550836734038	99
-0.075142928248916	0.599571444913089	15
-0.0743389656665699	0.816648580414172	15
-0.038232305482405	0.414275835906919	15
-0.041824711396637	0.630454044297698	6
-0.075150817760178	0.599509934408343	6
0.048167513635818	0.471016343360915	6
-0.075313591982397	0.599686009158765	6
0.096285991207699	0.660150962593056	84
-0.118320882219923	0.967754079816769	6
-0.042005881270846	0.630719515069575	6
0.017885151515488	0.441422043241892	39
-0.074867619725942	0.599090428767936	39
-0.0749646380190711	0.599304485288219	39
-0.118346108144841	0.967803357473854	39
0.03008670137049	0.767741789537337	39
-0.074875569768949	0.599111080191056	421
0.048114455422043	0.470937287450026	54
0.017792214528392	0.441468073086455	54
-0.038343745757691	0.414362328106443	431
-0.074252845534053	0.816670451212182	21
0.063514201586973	0.507940032132344	21
-0.074273535102991	0.816614282631155	21
-0.097833196182046	0.353207340512575	4
-0.09751494297264	0.353113627072122	6
0.059627543090137	0.864411013365518	34
0.101727156068284	0.695991419448958	36
-0.041861878249689	0.630501710651017	15
0.06288336579629	0.508310460211259	6
0.0177292753209	0.441490978820015	15
0.047991931438493	0.470948690948521	15
-0.038464314880281	0.414424326723021	60
0.048030140972728	0.471086554526434	15
-0.038464314880281	0.414424326723021	15
0.0177143011176401	0.441519104636812	15
0.075287287517624	0.545564195725926	278
0.063408471126852	0.508125343240681	15
0.018041660723745	0.441230120289073	15
0.017558948417229	0.44151093634167	6
0.017885151515488	0.441422043241892	6
0.018227503149804	0.732295106199063	6
-0.102645204396027	0.785905962761285	6
0.048068364212171	0.4711048335323	6
-0.072517686043889	1.02190459347776	6
0.00310056827005101	0.697494286811066	6
0.048091133154588	0.471042169258016	39
-0.016547614007605	0.663120820841962	39
-0.118280070505847	0.96771546914886	39
-0.016545965442813	0.663057988239818	2
-0.016412785933738	0.662981596025657	6
0.00318199696521804	0.697304602378743	2
0.084223335911574	0.58385482272296	2
0.04809882712395	0.471095771394012	54
-0.033472541632911	0.879540077190535	2
0.00288351939022202	0.697785999055062	2
0.00294908055527099	0.697737592033022	2
0.063343219674838	0.508238057982816	54
-0.042019876326016	0.630530640063288	21
-0.075150817760178	0.599509934408343	21
-0.038101962939554	0.414130609919789	21
0.063329730916325	0.508235697146491	116
0.00288351939022202	0.697785999055062	34
-0.041847927464025	0.630459992763821	6
-0.041908305713741	0.630579329942369	36
0.096525015331737	0.660007482888487	6
0.106544718597846	0.730870685159062	99
-0.0163615331599321	0.663054207629342	15
0.084226307409407	0.583973930211519	15
0.0175438809371939	0.441453292209616	15
0.084559898872544	0.583556844305442	15
-0.038353018666431	0.414337941238971	15
0.106611704711242	0.730674581713647	15
0.030195104134857	0.767583202203683	6
0.030390445039948	0.767154114220621	6
0.091098694249095	0.622340682489739	6
0.00320409808434496	0.697288451086869	6
-0.038241631735444	0.41410029348193	6
0.017978153477464	0.441299012127764	39
0.017978153477464	0.441299012127764	39
-0.042210335867543	0.63072241981127	39
0.048121668982423	0.470978781688397	2
-0.097833196182046	0.353207340512575	2
-0.042019876326016	0.630530640063288	2
-0.102478205765596	0.785785640793822	2
-0.041871143337214	0.630390709467059	2
0.0967435772623571	0.659608498567667	2
0.017885151515488	0.441422043241892	54
-0.038222961863263	0.414264406349458	431
0.04809882712395	0.471095771394012	21
-0.118478228606644	0.967885471103077	21
0.0843932388020811	0.583891294044359	21
0.063264431112624	0.508322918373419	21
-0.041787558524264	0.63030518261539	116
-0.041931519146898	0.630510016423755	34
-0.074883530439411	0.599049724278248	6
-0.104129319640827	1.16190766513316	36
-0.093977076923764	0.995677308316404	6
0.017807134329266	0.441473163114747	15
0.091383891304558	0.621951736563866	15
0.00305641110687505	0.697581345058754	15
0.0752328629001901	0.545597783452129	15
0.0843932388020811	0.583891294044359	15
0.017948515857331	0.441276325037825	15
0.0480761847510181	0.471043419126657	6
-0.075224295078979	0.599634201404957	6
0.063291371738374	0.508166632881355	84
0.04809882712395	0.471095771394012	6
0.091253305477373	0.622188073930247	6
0.084374282001252	0.583870435607684	6
0.0181668607526581	0.732428260740324	39
-0.038111377288474	0.414177817025583	6
-0.038575520499092	0.414353051058273	6
-0.038353018666431	0.414337941238971	2
-0.037999701638591	0.413940026884914	6
0.048228532197089	0.470856745105674	6
0.030137323365088	0.767705345432537	2
-0.075150817760178	0.599509934408343	2
-0.041968693252402	0.630667165648645	2
0.0177292753209	0.441490978820015	54
-0.102519190369605	0.785826602283405	2
0.075285818681739	0.545486301742271	21
0.091232551320138	0.622135778002015	21
0.096611469191095	0.659853640291209	21
-0.042126707406141	0.630748496181635	21
-0.03318335436655	0.879582055914319	34
0.08456311694821	0.583637167488515	6
-0.118280070505847	0.96771546914886	6
0.07507394885366	0.545783675338654	36
-0.038353018666431	0.414337941238971	36
0.075128371293633	0.5457500837636	99
0.048137044135346	0.471051609861451	15
0.047938851552826	0.470945196729944	15
-0.041778278670169	0.63023596164161	15
0.018134870756271	0.441106968732687	15
0.084245331761483	0.583947621249913	15
0.075207110278836	0.545690657241514	6
0.075258608972036	0.545420306406661	6
-0.042140730414016	0.630498390847998	6
0.017807134329266	0.441473163114747	6
0.075075383686997	0.545765523362656	6
0.0480379278286071	0.471087613431695	6
0.063172144305836	0.508381075212563	39
0.048198009660274	0.470952990233888	6
0.01814960398396	0.440970472276922	2
0.018120152890429	0.441085742998587	2
0.0480379278286071	0.471087613431695	54
-0.016440085400675	0.663088444368722	2
-0.074786552776952	0.598859514527893	2
-0.042103503205385	0.630676821498528	2
0.0301084413714871	0.767689363487349	2
0.084603981980349	0.583572903561045	2
-0.0750458549234641	0.599435065359958	54
-0.038343745757691	0.414362328106443	54
0.048129316552884	0.471060482975925	431
0.084226307409407	0.583973930211519	54
-0.042005881270846	0.630719515069575	21
0.017900032419528	0.441350213980641	21
0.063277903257855	0.508273973989328	116
0.091535180830044	0.621618382946449	116
0.075128371293633	0.5457500837636	34
0.002907836355861	0.69770729158356	99
-0.074122030630818	0.81651335162147	99
-0.0752164506176301	0.599532139278292	15
0.0176215327131241	0.441435638108329	15
-0.075142928248916	0.599571444913089	15
0.075313030370492	0.545493532457957	278
0.048129316552884	0.471060482975925	15
0.075234323214785	0.545649823465162	6
0.04809882712395	0.471095771394012	172
0.063487175909114	0.507986633485621	6
0.07507394885366	0.545783675338654	39
-0.075135049387965	0.599550836734038	2
0.0750209619564241	0.545799116154301	2
-0.074166731286506	0.816592436654914	2
-0.042149911388244	0.630754431915372	2
-0.038111377288474	0.414177817025583	2
0.063041286660701	0.508381254265831	2
-0.016602198169828	0.662788576322789	54
0.096418181435057	0.660076410351881	431
0.0177143011176401	0.441519104636812	21
0.017948515857331	0.441276325037825	21
-0.016148215318881	0.662566783718043	21
-0.075224295078979	0.599634201404957	21
-0.073994520466937	0.816145306359558	34
0.084245331761483	0.583947621249913	34
-0.041861878249689	0.630501710651017	167
-0.102289463536429	0.785323817891406	6
-0.041899059019307	0.63044304553037	6
0.075313030370492	0.545493532457957	6
0.050708532943279	0.833536822379356	99
0.030137323365088	0.767705345432537	99
0.04809882712395	0.471095771394012	6
0.063343219674838	0.508238057982816	6
0.048198009660274	0.470952990233888	15
0.063421972840391	0.508127690026033	15
0.063709520170319	0.507198181503293	15
-0.102667159015211	0.785951560164861	15
0.0480379278286071	0.471087613431695	15
-0.102563147890518	0.785844565177501	15
-0.075150817760178	0.599509934408343	84
0.017792214528392	0.441468073086455	6
-0.041968693252402	0.630667165648645	6
0.0843302922197891	0.583946577934216	6
0.075154138563505	0.545752345612659	39
0.063343219674838	0.508238057982816	6
0.048137044135346	0.471051609861451	39
-0.038695731466628	0.414371031823955	2
0.048198009660274	0.470952990233888	2
0.084688893688887	0.583361206761243	2
0.091318609332057	0.622081457327723	2
0.075208565707402	0.545622611509452	2
0.063370186185948	0.508081781188768	2
-0.042066289731086	0.630748823283636	54
-0.041982672273346	0.630647826107759	54
-0.102604151174065	0.785927542903538	2
0.048198009660274	0.470952990233888	431
-0.041945482047303	0.630661225316363	54
0.017558948417229	0.44151093634167	21
0.063264431112624	0.508322918373419	34
0.0908817110629641	0.622366984737751	34
0.111167458294377	0.764219793324189	6
-0.075150817760178	0.599509934408343	6
-0.016175516073887	0.662673544333303	99
-0.074786552776952	0.598859514527893	15
-0.016573262377946	0.663104637362673	15
-0.102371276659045	0.785502406310806	6
-0.075507917838031	0.599647704824105	6
0.048167513635818	0.471016343360915	172
-0.075053757516349	0.59945569070679	6
-0.102601309427252	0.785578773706762	6
-0.038222961863263	0.414264406349458	6
0.048167513635818	0.471016343360915	6
-0.016414454254694	0.663108225094003	39
-0.0383344554852471	0.414193392330842	39
0.017885151515488	0.441422043241892	39
-0.038362274170581	0.414118625175472	2
-0.0750458549234641	0.599435065359958	2
-0.037990233828196	0.414043933099704	2
0.106366987138921	0.731086016567874	2
0.0750209619564241	0.545799116154301	2
-0.0380925313061919	0.413882409633952	54
0.048205724416729	0.470910260347338	2
-0.016281321352695	0.662925995029655	2
-0.09751494297264	0.353113627072122	54
-0.075053757516349	0.59945569070679	21
0.017900032419528	0.441350213980641	21
-0.104245120625664	1.16194165144764	34
-0.041908305713741	0.630579329942369	167
0.075179899331267	0.545683412508346	167
-0.075142928248916	0.599571444913089	99
-0.038111377288474	0.414177817025583	99
0.017963326955765	0.441341043477748	15
0.048060623814151	0.471077472243728	15
0.01821346711955	0.440962554763671	15
0.017792214528392	0.441468073086455	15
-0.073991306393046	0.816234952867646	15
0.063356704764237	0.50818911175335	15
-0.075305771267545	0.599583968274633	6
0.0914907082724939	0.621760743097196	6
0.048045794888565	0.470997917343372	172
0.0480379278286071	0.471087613431695	172
-0.038575520499092	0.414353051058273	6
-0.0517828413764	0.847775549058401	6
-0.033060654015574	0.879309192246952	6
-0.075150817760178	0.599509934408343	6
0.096723180808149	0.65967225997152	6
0.063514201586973	0.507940032132344	6
-0.037990233828196	0.414043933099704	39
0.017988059899997	0.732829633677683	39
0.0178702860833611	0.441387161072424	6
0.0845410928024371	0.583697557335818	2
-0.074187426761161	0.816606642247111	2
-0.075418566040116	0.599664233386239	54
-0.038464314880281	0.414424326723021	54
0.084434139955068	0.583781834448672	54
0.063291371738374	0.508166632881355	54
0.047961455176503	0.470931543491463	42
-0.102563147890518	0.785844565177501	34
-0.075337118126494	0.599426192311837	167
0.0410552948306659	0.801217980767438	167
0.084603981980349	0.583572903561045	167
0.063250955301187	0.508320544769257	167
0.0912947995307271	0.622151746026057	6
0.063264431112624	0.508322918373419	15
0.018041660723745	0.441230120289073	15
0.063408471126852	0.508125343240681	15
-0.075224295078979	0.599634201404957	15
0.063421972840391	0.508127690026033	15
0.0753417200864161	0.545327769695141	15
0.017978153477464	0.441299012127764	15
-0.051589579730977	0.847760717326087	15
0.048106601170115	0.471060653765222	6
-0.041945482047303	0.630661225316363	6
-0.0165989166466251	0.662996536400602	6
-0.075158717915544	0.599291194086621	6
0.017807134329266	0.441473163114747	39
0.048198009660274	0.470952990233888	39
-0.042126707406141	0.630748496181635	2
0.017699342444723	0.441384704650949	2
0.017885151515488	0.441422043241892	2
0.063500690585278	0.50798896479976	2
0.106271848606222	0.730967536318288	2
0.063185607178434	0.508383460359442	2
0.091404661651203	0.621955343661036	2
0.063356704764237	0.50818911175335	54
0.091208718711636	0.622276283523047	2
-0.074142741880797	0.816457223948004	2
0.018071220485707	0.441051573299806	2
0.048045794888565	0.470997917343372	54
0.084371226517559	0.583859348821932	21
-0.0980343570804339	0.353432748047731	21
0.063343219674838	0.508238057982816	34
-0.0938470184670081	0.995547367050303	6
-0.016228414967052	0.662815534712448	167
0.018100545250654	0.732585978686206	6
-0.041922270637053	0.630589539613816	15
-0.016335915718494	0.662959083307172	15
0.063264431112624	0.508322918373419	15
0.0479996846415251	0.471069360153076	15
-0.038232305482405	0.414275835906919	15
-0.075418566040116	0.599664233386239	15
0.063199066387906	0.508334523103492	15
-0.075142928248916	0.599571444913089	15
0.075207110278836	0.545690657241514	15
-0.041931519146898	0.630510016423755	6
-0.038473517099805	0.414356124603627	172
-0.038111377288474	0.414177817025583	172
-0.09751494297264	0.353113627072122	6
-0.0420430831368011	0.630677137943554	6
-0.042029090058758	0.630725452876737	6
0.063250955301187	0.508320544769257	6
-0.042005881270846	0.630719515069575	397
-0.0754107477259231	0.59972581114889	397
-0.102563147890518	0.785844565177501	39
-0.038232305482405	0.414275835906919	39
-0.01646904351221	0.663007436278576	39
0.017792214528392	0.441468073086455	2
-0.041838664214195	0.630355242517293	2
0.0753115565810441	0.545279452740278	2
-0.075232150203982	0.599654790054676	2
0.003185474579121	0.697240775639856	2
0.063370186185948	0.508081781188768	2
-0.075127181183508	0.599448766878507	2
0.075126927980529	0.545745098121915	2
0.048030140972728	0.471086554526434	2
0.017855436085875	0.441193221226084	2
0.063448965253187	0.507971440785624	2
-0.016281321352695	0.662925995029655	54
0.018026903922419	0.441132034202971	2
-0.041847927464025	0.630459992763821	2
0.017885151515488	0.441422043241892	54
0.048106601170115	0.471060653765222	54
-0.038464314880281	0.414424326723021	21
0.048121668982423	0.470978781688397	21
-0.102434235979929	0.785621130114425	21
0.018074615566919	0.732680480598904	34
0.09118480347394	0.622215677471984	34
-0.016440085400675	0.663088444368722	34
0.091250182351835	0.622152684934269	167
0.00299358534899896	0.697678094612967	167
-0.097314325335099	0.352888726716764	99
-0.074077379269948	0.816333830861101	99
0.106372181067794	0.731074151392489	15
-0.042066289731086	0.630748823283636	15
0.048236200513971	0.470846950090697	15
-0.016281321352695	0.662925995029655	15
-0.098352883478491	0.353483822010577	172
0.048106601170115	0.471060653765222	6
-0.038575520499092	0.414353051058273	6
-0.051966504581451	0.848216899238901	6
-0.075313591982397	0.599686009158765	6
0.00310056827005101	0.697494286811066	397
-0.075232150203982	0.599654790054676	6
-0.016177220673398	0.662528458407064	2
-0.041801495132781	0.63038238662287	2
0.048060623814151	0.471077472243728	2
0.00316339246913699	0.697370404864275	2
-0.016467382827036	0.663135102628169	2
-0.075142928248916	0.599571444913089	54
0.00299358534899896	0.697678094612967	54
-0.07539514311777	0.599603262801723	54
-0.041703977949106	0.63010119200323	54
0.017792214528392	0.441468073086455	54
0.017792214528392	0.441468073086455	21
0.017807134329266	0.441473163114747	21
-0.118259668163957	0.967587127371435	167
-0.118254872563462	0.96763483364418	6
0.075155585509051	0.545661184705511	6
-0.118320882219923	0.967754079816769	167
-0.038343745757691	0.414362328106443	99
-0.05178810921416	0.848141441079779	99
0.03008670137049	0.767741789537337	99
0.030216828572321	0.767608928160328	15
-0.072752015238346	1.02236112016702	15
-0.016281321352695	0.662925995029655	15
-0.016414454254694	0.663108225094003	15
0.048091133154588	0.471042169258016	15
0.096682380817284	0.659672230044936	15
-0.102437271138424	0.785639292487699	15
0.063264431112624	0.508322918373419	172
-0.038101962939554	0.414130609919789	172
0.084415246499077	0.583875515619935	6
0.0480379278286071	0.471087613431695	6
0.0631067478976231	0.508419637507065	39
-0.041908305713741	0.630579329942369	39
-0.098352883478491	0.353483822010577	39
0.075314502806718	0.545475329450318	2
0.018120754932501	0.732594284903955	2
-0.075224295078979	0.599634201404957	2
-0.016334235224492	0.663007552598854	2
0.084478180970231	0.583797970147497	2
0.048205724416729	0.470910260347338	2
0.018120754932501	0.732594284903955	2
-0.041982672273346	0.630647826107759	2
0.063093297955259	0.508417242046547	2
-0.074940890989121	0.598926664218878	21
0.084478180970231	0.583797970147497	21
-0.10402109614794	1.16171047571245	34
0.0175438809371939	0.441453292209616	167
0.018041660723745	0.441230120289073	99
-0.102497218741647	0.785707725980518	99
0.101474667168572	0.696453090094762	99
0.084267323025439	0.583979591146226	15
-0.0980343570804339	0.353432748047731	15
0.075367459696125	0.545363877292345	15
0.048167513635818	0.471016343360915	6
0.084581942720471	0.583588716949427	6
-0.102371276659045	0.785502406310806	6
0.0844592481269	0.583706954287991	6
-0.075507917838031	0.599647704824105	39
0.096352396025853	0.66007976754343	39
0.063448965253187	0.507971440785624	39
-0.016279633249944	0.662720330762715	2
-0.075321423367854	0.599706575982585	2
0.017744265090916	0.441342441812926	2
-0.038695731466628	0.414371031823955	2
0.0754204088045291	0.545223020806348	2
-0.102437271138424	0.785639292487699	2
-0.075150817760178	0.599509934408343	2
0.084685567081482	0.583223474804935	2
0.063250955301187	0.508320544769257	2
0.048198009660274	0.470952990233888	2
-0.102563147890518	0.785844565177501	2
-0.041908305713741	0.630579329942369	21
0.017963326955765	0.441341043477748	21
-0.038213600919535	0.414059767247702	21
-0.038473517099805	0.414356124603627	21
0.096458929986788	0.660076529122411	167
0.00297151029416498	0.697635563753618	167
-0.016124337343184	0.662305499122775	15
0.075313030370492	0.545493532457957	15
0.075128371293633	0.5457500837636	15
0.048022434192649	0.470939585084635	15
-0.093897514751612	0.995641991460564	6
0.075126927980529	0.545745098121915	6
0.074995176808577	0.545797766125804	397
-0.102456218495276	0.785740006128746	2
-0.07503796297973	0.599333001659143	2
-0.041899059019307	0.63044304553037	2
0.062948923400959	0.508412058019127	2
-0.01630861954926	0.662972643880192	2
-0.016414454254694	0.663108225094003	2
0.00305641110687505	0.697581345058754	2
0.084585136504098	0.583529006517462	2
-0.102541166752993	0.785872227558357	2
0.063277903257855	0.508273973989328	2
0.091164084470982	0.622299304766125	2
0.047938851552826	0.470945196729944	2
-0.041838664214195	0.630355242517293	2
0.084078279932287	0.583934285373817	21
-0.075053757516349	0.59945569070679	21
-0.102563147890518	0.785844565177501	21
-0.075061670752121	0.599394220982401	21
0.115200426332098	0.796900759774455	167
0.059811218942136	0.863764862559521	167
0.048167513635818	0.471016343360915	99
0.11519345212268	0.796995116441068	15
0.084544208075379	0.583460234530752	15
0.091187979765687	0.622272623786636	15
0.084519064067727	0.583713359197363	15
-0.075142928248916	0.599571444913089	15
-0.042126707406141	0.630748496181635	15
0.074914964874669	0.545755927653591	15
0.00303524391238197	0.69759436484439	172
-0.016281321352695	0.662925995029655	172
-0.038111377288474	0.414177817025583	172
-0.10237436794994	0.785486517852404	6
0.075260074216374	0.545605022666558	2
-0.04181077684651	0.63023594176319	2
-0.041931519146898	0.630510016423755	2
0.08464804673191	0.583404380322973	2
0.096657140778425	0.659805941212877	2
0.00303432589534103	0.697538837656829	2
0.017792214528392	0.441468073086455	2
0.084644798699921	0.583437405971673	54
-0.016440085400675	0.663088444368722	54
0.063172144305836	0.508381075212563	54
0.030238569722612	0.767560566360836	2
0.017682134913054	0.732923026998396	2
-0.0518340276884049	0.848161563336183	2
0.063487175909114	0.507986633485621	21
0.048030140972728	0.471086554526434	21
-0.102437271138424	0.785639292487699	21
0.096306353881472	0.660172892929773	34
0.00288351939022202	0.697785999055062	6
0.030151971405061	0.767313033454773	167
-0.075321423367854	0.599706575982585	99
0.084559898872544	0.583556844305442	15
0.00297151029416498	0.697635563753618	15
0.091449151369939	0.621797141860651	15
0.063685089929918	0.507439485504261	15
0.05095585692327	0.833026426386197	15
0.018100545250654	0.732585978686206	15
0.018041660723745	0.441230120289073	15
-0.051808408102043	0.848128932209231	15
0.075260074216374	0.545605022666558	6
-0.0749646380190711	0.599304485288219	172
-0.102730190262548	0.785943353413654	397
0.084352289404545	0.58393081140269	39
-0.041824711396637	0.630454044297698	2
-0.075142928248916	0.599571444913089	2
0.0480761847510181	0.471043419126657	2
-0.041982672273346	0.630647826107759	2
0.030477047225427	0.766894083590797	2
-0.0750458549234641	0.599435065359958	56
-0.051589579730977	0.847760717326087	2
-0.102500197789548	0.785757997478442	54
-0.038343745757691	0.414362328106443	2
-0.0754107477259231	0.59972581114889	54
0.017822069649896	0.441368127807516	21
-0.075142928248916	0.599571444913089	21
0.0751011590761021	0.545790922920221	21
-0.118229725026418	0.96718128856056	6
-0.1181888780838	0.967483424037025	6
0.040872809406463	0.801359418982526	167
-0.0542790453248711	1.04873331689122	167
0.106366987138921	0.731086016567874	6
0.059519255386415	0.864533923182388	15
0.091232551320138	0.622135778002015	15
-0.075418566040116	0.599664233386239	15
-0.033313448133329	0.879692424932182	6
0.017914928832515	0.441120871664386	6
0.075181351138205	0.545711507796161	39
-0.042066289731086	0.630748823283636	6
-0.041959463063889	0.630501322211344	2
-0.075232150203982	0.599654790054676	2
0.018074615566919	0.732680480598904	2
-0.102371276659045	0.785502406310806	2
0.017941873253126	0.73286505952673	2
-0.016255713429042	0.662862174171496	2
0.075313030370492	0.545493532457957	2
-0.09751494297264	0.353113627072122	2
0.04809882712395	0.471095771394012	2
0.017978153477464	0.441299012127764	54
0.090991871745561	0.622396171256163	2
-0.038232305482405	0.414275835906919	21
-0.075142928248916	0.599571444913089	21
0.017807134329266	0.441473163114747	99
0.059563306999273	0.864526088588019	15
0.084352289404545	0.58393081140269	15
0.075102597552793	0.545676629601899	15
-0.033284459182909	0.879654013737668	6
-0.038575520499092	0.414353051058273	397
-0.118280070505847	0.96771546914886	397
0.00307849189864695	0.697565218519348	39
0.075235782273917	0.545474998373273	6
-0.102371276659045	0.785502406310806	2
0.00312140115126003	0.697366293551526	2
0.00320409808434496	0.697288451086869	54
-0.074232160893451	0.816656260054727	2
0.0177292753209	0.441490978820015	54
0.08443724960764	0.583815130524904	2
-0.075232150203982	0.599654790054676	54
-0.016359856860222	0.662954716710527	2
-0.10258513378082	0.785727272580979	2
0.091253305477373	0.622188073930247	2
0.048167513635818	0.471016343360915	54
-0.099075640655895	0.353944854479088	21
-0.016921861134754	0.909857938987361	21
0.075048171822478	0.545806361158126	34
0.091164084470982	0.622299304766125	6
0.017941873253126	0.73286505952673	15
-0.102478205765596	0.785785640793822	15
0.074996598390961	0.545633475191682	126
0.00286291108509595	0.697800159750851	15
-0.016228414967052	0.662815534712448	15
-0.102456218495276	0.785740006128746	6
0.00288660350334602	0.697588871364216	6
0.017768719325702	0.732986033736395	6
0.0631067478976231	0.508419637507065	172
-0.042149911388244	0.630754431915372	172
-0.09751494297264	0.353113627072122	172
0.084478180970231	0.583797970147497	172
-0.041991904254684	0.630597832764327	6
0.017948515857331	0.441276325037825	6
0.017807134329266	0.441473163114747	6
-0.075313591982397	0.599686009158765	2
-0.042005881270846	0.630719515069575	2
-0.073839923238086	0.815804916582811	2
0.0302603275330811	0.767435441902361	2
0.048152231285691	0.470882504514928	2
0.063343219674838	0.508238057982816	2
0.106372181067794	0.731074151392489	2
0.084352289404545	0.58393081140269	2
-0.118412160857184	0.967860115493285	2
0.084456162756553	0.583813760351764	21
-0.038343745757691	0.414362328106443	21
0.04802792771955	0.470836432322348	21
0.009592789153958	0.968594540372231	34
-0.0727572357631801	1.02254356265792	34
0.106660673208911	0.730444683961773	6
0.10143796399458	0.696454001076441	6
0.063000975595961	0.508366607900928	15
-0.072700544187476	1.02247217026894	126
0.101445590063573	0.696512552624128	15
-0.052007059491736	0.848254209311997	15
-0.051961114520911	0.848158738139112	15
0.063487175909114	0.507986633485621	15
0.00288351939022202	0.697785999055062	6
-0.038473517099805	0.414356124603627	6
0.017921687581491	0.73290941491741	6
-0.0939480101512991	0.995706779936987	6
0.101597096157761	0.696299714495301	397
-0.041991904254684	0.630597832764327	6
-0.075135049387965	0.599550836734038	397
-0.038353018666431	0.414337941238971	6
-0.038464314880281	0.414424326723021	6
-0.074875569768949	0.599111080191056	6
0.084333269293257	0.583795320835331	2
0.017807134329266	0.441473163114747	2
-0.09751494297264	0.353113627072122	2
0.03008670137049	0.767741789537337	2
-0.041945482047303	0.630661225316363	2
0.084478180970231	0.583797970147497	2
0.048167513635818	0.471016343360915	2
-0.0164930216918751	0.663087724450388	54
0.09657069967864	0.659939226936215	54
-0.041871143337214	0.630390709467059	2
-0.016387156575993	0.663061566941855	2
0.050752897695814	0.833511681599796	2
0.030346943864401	0.767329384359328	2
-0.042066289731086	0.630748823283636	21
-0.016279633249944	0.662720330762715	21
0.017807134329266	0.441473163114747	21
-0.102519190369605	0.785826602283405	21
0.084434139955068	0.583781834448672	21
0.074943587197849	0.545569245055962	34
-0.032606161350029	1.29898058676402	34
0.0729040887843721	0.927850074260705	34
-0.072806187928571	1.02259290000407	15
0.075126927980529	0.545745098121915	6
-0.042103503205385	0.630676821498528	99
0.063172144305836	0.508381075212563	15
0.084603981980349	0.583572903561045	15
-0.041899059019307	0.63044304553037	15
0.017885151515488	0.441422043241892	126
-0.041824711396637	0.630454044297698	126
-0.074056657166924	0.81638992795693	15
0.101684297871862	0.695994106714981	6
0.101562937815127	0.696007522030557	6
-0.038584669491101	0.414442391647873	6
0.063304836555701	0.507940286828116	172
0.048068364212171	0.4711048335323	39
0.075179899331267	0.545683412508346	2
0.048114455422043	0.470937287450026	2
-0.102478205765596	0.785785640793822	2
-0.042103503205385	0.630676821498528	2
0.075181351138205	0.545711507796161	2
-0.102604151174065	0.785927542903538	2
-0.074101324313536	0.816499131413652	2
0.084352289404545	0.58393081140269	54
0.041011352635689	0.801273952586243	2
-0.09751494297264	0.353113627072122	2
0.101546593231265	0.696391400359992	2
0.063343219674838	0.508238057982816	54
-0.075053757516349	0.59945569070679	21
0.084456162756553	0.583813760351764	21
0.111214832851478	0.764139415462275	21
-0.075321423367854	0.599706575982585	21
-0.08153758458726	1.37790426406174	34
-0.102648096435657	0.785782555930775	99
-0.042103503205385	0.630676821498528	6
0.075287287517624	0.545564195725926	15
0.017900032419528	0.441350213980641	15
0.017807134329266	0.441473163114747	15
0.00292846101567901	0.697751766608455	6
0.084519064067727	0.583713359197363	6
0.017963326955765	0.441341043477748	172
0.0507784561049071	0.833412662069903	6
-0.016120912537759	0.662386552212215	6
-0.118320882219923	0.967754079816769	6
0.111262242788444	0.763977742221021	39
0.01763654577387	0.441536831391427	6
-0.016440085400675	0.663088444368722	2
-0.037990233828196	0.414043933099704	2
0.0175438809371939	0.441453292209616	6
0.018041660723745	0.441230120289073	2
0.091033282267716	0.622359946087841	2
-0.0750300816914	0.599077774240489	2
0.00327037490798399	0.696883433539992	2
0.091229452906914	0.622236320719878	2
0.091164084470982	0.622299304766125	2
-0.075142928248916	0.599571444913089	2
0.0632125219358	0.508227184141461	2
0.017744265090916	0.441342441812926	21
0.04809882712395	0.471095771394012	21
-0.075418566040116	0.599664233386239	21
0.063394965740158	0.508064277585327	21
0.075234323214785	0.545649823465162	21
-0.051900258284141	0.848203517793933	34
-0.0169323535924441	0.909969798012273	15
0.030216828572321	0.767608928160328	15
0.00307849189864695	0.697565218519348	15
0.00273174089086803	0.697817419589122	126
0.063343219674838	0.508238057982816	126
0.084412112566762	0.583689090508115	15
0.041160507428347	0.800947850610149	15
-0.05178810921416	0.848141441079779	15
0.084308290447826	0.583914618045903	6
-0.016334235224492	0.663007552598854	15
0.0480379278286071	0.471087613431695	6
0.00292846101567901	0.697751766608455	6
-0.041908305713741	0.630579329942369	6
-0.0163615331599321	0.663054207629342	6
-0.102604151174065	0.785927542903538	6
-0.102607124422575	0.785417866722316	6
0.002924720643118	0.697589302029009	6
0.084352289404545	0.58393081140269	6
-0.041968693252402	0.630667165648645	2
-0.038232305482405	0.414275835906919	2
0.096545392504077	0.659943711696897	2
0.0914907082724939	0.621760743097196	2
0.063343219674838	0.508238057982816	2
0.075181351138205	0.545711507796161	2
-0.038343745757691	0.414362328106443	21
0.04809882712395	0.471095771394012	21
-0.016281321352695	0.662925995029655	21
-0.037990233828196	0.414043933099704	21
0.115051871036953	0.797273144851552	15
-0.038111377288474	0.414177817025583	15
-0.099597513992659	0.354101235493265	15
0.041088586376288	0.801159832729146	15
0.10650096639658	0.73086029040724	15
0.050843842870538	0.833378565150973	15
-0.016281321352695	0.662925995029655	15
0.091208718711636	0.622276283523047	6
0.063250955301187	0.508320544769257	6
0.00299358534899896	0.697678094612967	6
-0.041922270637053	0.630589539613816	6
0.096479300764425	0.660012762681798	6
0.091404661651203	0.621955343661036	2
0.030267446983573	0.767524505470819	2
-0.016281321352695	0.662925995029655	2
0.041093935409697	0.801087862695575	2
-0.016388829064612	0.663040642355053	2
0.075261538141902	0.545560938008652	2
-0.038464314880281	0.414424326723021	2
0.018134870756271	0.441106968732687	2
-0.016416122941331	0.662953426739208	2
-0.075224295078979	0.599634201404957	2
-0.038473517099805	0.414356124603627	21
0.0178702860833611	0.441387161072424	21
-0.0742976131100031	0.81669058255381	21
0.063343219674838	0.508238057982816	21
-0.016965758113602	0.910044166485404	21
0.118217366302078	0.830008065223781	34
0.017699342444723	0.441384704650949	34
0.041039425541614	0.80106590365948	15
-0.098554588996423	0.353709685597233	15
0.05967161610987	0.864263935767638	15
0.059713712096805	0.863881405901297	126
0.00303524391238197	0.69759436484439	126
0.0914907082724939	0.621760743097196	15
-0.074035939998639	0.816375692949902	15
-0.0740152277652561	0.816295717198775	6
-0.11820930037231	0.967385459939607	6
0.075128371293633	0.5457500837636	6
0.00299358534899896	0.697678094612967	6
0.063435470882058	0.508078747495984	2
-0.075150817760178	0.599509934408343	6
-0.093565487576229	0.994544030415286	6
0.091143360720645	0.622339256267809	6
-0.041922270637053	0.630589539613816	2
0.017807134329266	0.441473163114747	2
-0.041968693252402	0.630667165648645	2
0.096504635821028	0.660029290410333	2
0.04814485185986	0.4709545254248	2
0.017885151515488	0.441422043241892	2
0.0842013354765651	0.583627553184594	2
-0.037878413463182	0.41380613890332	2
-0.051416648059938	0.847189281292113	2
0.096616353695589	0.659805884953559	2
-0.074956711698704	0.599283845361732	54
-0.098554588996423	0.353709685597233	21
-0.075321423367854	0.599706575982585	21
-0.074980522559243	0.599024532960979	21
0.0177143011176401	0.441519104636812	21
-0.041968693252402	0.630667165648645	34
0.0510024621098471	0.832826144818018	15
0.050867145477455	0.833314384010154	15
0.02025884084679	0.997744546423582	15
-0.075240015986526	0.599593248021543	15
-0.042005881270846	0.630719515069575	126
0.075126927980529	0.545745098121915	126
0.00281793478088599	0.697808245282518	126
0.0967027819941429	0.659694087387252	15
0.017574031520053	0.44134092774595	15
-0.098554588996423	0.353709685597233	172
-0.0754029400831731	0.599705268512402	6
0.091143360720645	0.622339256267809	6
0.01763654577387	0.441536831391427	6
-0.016281321352695	0.662925995029655	56
0.017885151515488	0.441422043241892	2
0.00324475703270999	0.69711960438114	2
0.018074615566919	0.732680480598904	2
0.048129316552884	0.471060482975925	2
0.063408471126852	0.508125343240681	2
0.084352289404545	0.58393081140269	2
0.084289309702582	0.583963836619084	2
-0.098235856286303	0.353414829103439	21
-0.038222961863263	0.414264406349458	21
0.084748367134464	0.583002996926212	21
0.0843112917921321	0.583903474694665	34
0.0965910856076549	0.659917412289735	15
0.096723180808149	0.65967225997152	15
0.018120152890429	0.441085742998587	6
0.101618548979437	0.696204577260159	15
-0.016965758113602	0.910044166485404	15
-0.01630861954926	0.662972643880192	15
-0.098352883478491	0.353483822010577	172
-0.038343745757691	0.414362328106443	6
0.063408471126852	0.508125343240681	6
-0.0749646380190711	0.599304485288219	6
-0.041885092082105	0.630573386077958	6
0.063093297955259	0.508417242046547	2
0.048106601170115	0.471060653765222	2
0.018074615566919	0.732680480598904	2
0.1063335150346	0.731091976989806	2
-0.016281321352695	0.662925995029655	2
0.063329730916325	0.508235697146491	2
-0.102519190369605	0.785826602283405	2
-0.099597513992659	0.354101235493265	2
0.048068364212171	0.4711048335323	2
-0.016520318870356	0.663134379752832	2
0.00326686832302703	0.69710344076095	2
0.030441071650202	0.76696164013134	2
-0.098554588996423	0.353709685597233	21
-0.038222961863263	0.414264406349458	21
-0.098235856286303	0.353414829103439	21
-0.074294229600228	0.816468439106854	21
-0.038222961863263	0.414264406349458	21
0.036612843941192	1.059410813523	6
-0.038353018666431	0.414337941238971	15
-0.054238254417617	1.04886284514049	15
0.063237475822118	0.508259419397331	126
0.030057814209701	0.767725818369495	126
0.091187979765687	0.622272623786636	15
-0.118539392027703	0.967825977925688	6
-0.0980343570804339	0.353432748047731	172
-0.038343745757691	0.414362328106443	6
0.048137044135346	0.471051609861451	6
0.063435470882058	0.508078747495984	6
-0.016281321352695	0.662925995029655	6
-0.041982672273346	0.630647826107759	6
0.063343219674838	0.508238057982816	6
-0.102711082516985	0.785806559178677	2
0.063343219674838	0.508238057982816	2
0.017982236601208	0.732611827506294	2
0.017699342444723	0.441384704650949	2
0.017914928832515	0.441120871664386	2
-0.075158717915544	0.599291194086621	2
-0.10399339177849	1.16158996375858	2
-0.041922270637053	0.630589539613816	2
0.063435470882058	0.508078747495984	2
0.063435470882058	0.508078747495984	2
-0.0419547323838489	0.6302863210645	2
0.063302742386506	0.507993001229067	54
-0.097314325335099	0.352888726716764	21
-0.041945482047303	0.630661225316363	21
0.00290412257635297	0.697717017964945	34
0.07507394885366	0.545783675338654	34
0.075314502806718	0.545475329450318	34
0.028803192166307	1.02884995237945	15
-0.038464314880281	0.414424326723021	15
0.040939425726421	0.801312715430231	15
0.075099719386491	0.545679040142965	126
0.063093297955259	0.508417242046547	6
-0.038101962939554	0.414130609919789	6
0.075288755062965	0.545413343996195	6
0.084434139955068	0.583781834448672	2
0.063408471126852	0.508125343240681	2
0.091226227239373	0.621886542336025	6
-0.038222961863263	0.414264406349458	2
-0.0740152277652561	0.816295717198775	2
-0.074122030630818	0.81651335162147	2
-0.07539514311777	0.599603262801723	2
0.063370186185948	0.508081781188768	2
0.01763654577387	0.441536831391427	2
-0.051564089565075	0.847478749417598	2
0.048137044135346	0.471051609861451	21
-0.102456218495276	0.785740006128746	34
-0.118713576071355	1.48887606026863	34
0.059651425095581	0.864368927495552	15
-0.094027576568999	0.995712472582623	15
-0.0980343570804339	0.353432748047731	6
0.075048171822478	0.545806361158126	15
-0.102626121428237	0.785899865880792	15
0.0751526903693121	0.545617365600518	15
-0.042233537240463	0.630653111519983	15
0.00327037490798399	0.696883433539992	15
0.075234323214785	0.545649823465162	15
0.0843932388020811	0.583891294044359	15
0.091187979765687	0.622272623786636	15
0.017822069649896	0.441368127807516	172
0.017963326955765	0.441341043477748	172
0.03011559412965	0.767705696631912	6
0.063343219674838	0.508238057982816	6
-0.118391771318661	0.967731784005976	6
0.084226307409407	0.583973930211519	6
-0.075313591982397	0.599686009158765	2
-0.042066289731086	0.630748823283636	2
-0.041922270637053	0.630589539613816	2
0.00324828705636504	0.697087935571018	2
-0.102626121428237	0.785899865880792	2
0.017807134329266	0.441473163114747	2
0.084581942720471	0.583588716949427	2
0.0480761847510181	0.471043419126657	2
0.084078279932287	0.583934285373817	2
-0.016334235224492	0.663007552598854	2
-0.074053520094759	0.815689463743273	2
-0.075142928248916	0.599571444913089	2
0.0845410928024371	0.583697557335818	2
0.017982236601208	0.732611827506294	2
-0.097314325335099	0.352888726716764	54
0.018056432898871	0.441217944876616	54
0.017978153477464	0.441299012127764	21
0.00294908055527099	0.697737592033022	21
-0.041801495132781	0.63038238662287	21
0.101626157830299	0.696240291814015	34
0.04809882712395	0.471095771394012	15
0.074967967294757	0.545790526472073	15
0.040934153984994	0.801173904530652	15
0.096697918450386	0.659634596918749	15
-0.016440085400675	0.663088444368722	15
0.0302314665693471	0.767359704328581	126
0.063172144305836	0.508381075212563	126
0.0480761847510181	0.471043419126657	126
0.084226307409407	0.583973930211519	126
0.063093297955259	0.508417242046547	15
0.084415246499077	0.583875515619935	15
-0.041968693252402	0.630667165648645	15
0.00309711961107395	0.697414993980128	172
0.00301461825294003	0.697663368297709	6
-0.042103503205385	0.630676821498528	6
0.048060623814151	0.471077472243728	6
0.017558948417229	0.44151093634167	6
-0.038111377288474	0.414177817025583	6
-0.041908305713741	0.630579329942369	2
-0.041931519146898	0.630510016423755	2
0.063264431112624	0.508322918373419	2
0.0177143011176401	0.441519104636812	2
0.017885151515488	0.441422043241892	2
-0.016520318870356	0.663134379752832	2
0.0965910856076549	0.659917412289735	2
0.017963326955765	0.441341043477748	2
-0.038815728425268	0.414295046886828	2
-0.102393270064865	0.785621271260328	2
0.091253305477373	0.622188073930247	2
0.00311921498448697	0.697457472057385	2
0.00299030427202895	0.697540867601289	2
0.017978153477464	0.441299012127764	2
0.075285818681739	0.545486301742271	2
0.04809882712395	0.471095771394012	54
-0.074146040742489	0.816512466993869	21
0.096636748414928	0.659827762496698	34
-0.038474446617023	1.07560855348427	15
0.012299788377963	1.22658412225056	6
0.017699342444723	0.441384704650949	15
-0.09368791408267	0.995116678033945	15
-0.075208616825992	0.599276847842701	15
0.00299358534899896	0.697678094612967	15
-0.075224295078979	0.599634201404957	15
0.048030140972728	0.471086554526434	126
0.017900032419528	0.441350213980641	126
-0.042066289731086	0.630748823283636	126
0.096545392504077	0.659943711696897	15
-0.075313591982397	0.599686009158765	15
0.063133636804223	0.508263388565242	15
-0.102393270064865	0.785621271260328	15
0.084333269293257	0.583795320835331	6
0.04809882712395	0.471095771394012	6
-0.075329265417905	0.599645011435276	41
0.00281793478088599	0.697808245282518	41
-0.041899059019307	0.63044304553037	2
-0.016600557268298	0.663091087595214	2
0.048106601170115	0.471060653765222	6
0.0175438809371939	0.441453292209616	2
0.048137044135346	0.471051609861451	2
-0.041931519146898	0.630510016423755	2
-0.073946722165788	0.815989994097617	2
0.048220943826483	0.470759815695374	2
-0.041847927464025	0.630459992763821	2
0.048060623814151	0.471077472243728	2
0.048106601170115	0.471060653765222	2
-0.075053757516349	0.59945569070679	2
0.048159832487555	0.470997103993803	2
0.04814485185986	0.4709545254248	2
-0.041847927464025	0.630459992763821	2
-0.097314325335099	0.352888726716764	54
-0.074867619725942	0.599090428767936	21
0.07507394885366	0.545783675338654	21
0.017875477368701	0.732920077295328	34
0.101546593231265	0.696391400359992	34
0.00281793478088599	0.697808245282518	34
0.059495353666729	0.86457604362879	15
-0.016255713429042	0.662862174171496	15
-0.102522194565737	0.78564073577593	15
0.04809882712395	0.471095771394012	15
0.063408471126852	0.508125343240681	126
-0.118325712212784	0.967675016408229	126
0.084644798699921	0.583437405971673	126
0.048106601170115	0.471060653765222	126
-0.102667159015211	0.785951560164861	15
-0.042029090058758	0.630725452876737	15
0.0479996846415251	0.471069360153076	172
0.017792214528392	0.441468073086455	172
0.084415246499077	0.583875515619935	15
0.091277075321575	0.621913130370035	15
0.018120152890429	0.441085742998587	6
0.048129316552884	0.471060482975925	6
0.017978153477464	0.441299012127764	6
0.048159832487555	0.470997103993803	6
0.04084488936258	0.80133193786774	41
-0.041824711396637	0.630454044297698	41
0.084500194595213	0.583737580326332	2
0.048175274861663	0.470945497752617	2
0.091143360720645	0.622339256267809	2
0.096504635821028	0.660029290410333	2
0.063172144305836	0.508381075212563	2
-0.038575520499092	0.414353051058273	2
0.075393192779485	0.545311820434884	2
-0.102541166752993	0.785872227558357	2
0.018041660723745	0.441230120289073	54
0.075207110278836	0.545690657241514	341
-0.0694328549994681	1.40755541794592	15
-0.038222961863263	0.414264406349458	15
-0.075224295078979	0.599634201404957	126
0.048129316552884	0.471060482975925	15
0.048129316552884	0.471060482975925	15
0.017558948417229	0.44151093634167	15
-0.075061670752121	0.599394220982401	15
-0.102519190369605	0.785826602283405	41
0.048137044135346	0.471051609861451	2
0.017963326955765	0.441341043477748	6
-0.041982672273346	0.630647826107759	6
0.075181351138205	0.545711507796161	2
-0.038464314880281	0.414424326723021	2
0.018041660723745	0.441230120289073	2
0.01789565330357	0.732822966651815	2
-0.10258218567443	0.785881930049397	2
0.017900032419528	0.441350213980641	2
0.063158677768567	0.508319933207446	2
0.0178702860833611	0.441387161072424	54
-0.038575520499092	0.414353051058273	21
0.0846006853586721	0.583312980142903	21
0.075179899331267	0.545683412508346	341
0.063250955301187	0.508320544769257	341
-0.085182570887636	1.18639422213357	34
0.091404661651203	0.621955343661036	34
0.0596753153155271	0.864304633900874	15
-0.0384550952589881	0.414291169728785	15
0.063381456679012	0.507882757964933	15
0.091339369202452	0.622085083749103	15
0.101496091196869	0.696462244264049	15
0.096723180808149	0.65967225997152	15
0.048137044135346	0.471051609861451	126
0.084097371755803	0.583850645077103	15
0.096438556878078	0.660098329044915	15
-0.038241631735444	0.41410029348193	15
-0.041945482047303	0.630661225316363	6
-0.016414454254694	0.663108225094003	6
0.002756128195185	0.697658653014912	41
0.075338766670477	0.54534540540273	2
0.084434139955068	0.583781834448672	2
0.08443724960764	0.583815130524904	2
0.0594884091837909	0.86459287858874	2
0.075365978735715	0.545352624230085	2
0.063264431112624	0.508322918373419	2
-0.0749646380190711	0.599304485288219	2
-0.016202814805571	0.662720170897392	2
0.017807134329266	0.441473163114747	21
0.040983370943716	0.80133427153077	21
0.074995176808577	0.545797766125804	21
-0.097833196182046	0.353207340512575	4
-0.04361401191595	1.26960741158832	34
0.029080084212101	1.02806112978826	15
0.009890254592824	0.967662568677695	15
0.075048171822478	0.545806361158126	15
0.096381211589189	0.659960130384465	15
-0.041861878249689	0.630501710651017	15
0.017885151515488	0.441422043241892	15
0.084497030745063	0.58368145739329	15
0.048137044135346	0.471051609861451	126
-0.016228414967052	0.662815534712448	126
-0.073973818103808	0.81590498096593	126
-0.016467382827036	0.663135102628169	15
-0.054238254417617	1.04886284514049	15
0.0751011590761021	0.545790922920221	15
-0.102563147890518	0.785844565177501	15
0.091187979765687	0.622272623786636	15
-0.102859072035823	0.785446659987346	15
-0.0420430831368011	0.630677137943554	6
0.084390080592578	0.583461898983943	6
0.017466387036037	0.441427357819843	41
0.017792214528392	0.441468073086455	41
0.017900032419528	0.441350213980641	41
0.063093297955259	0.508417242046547	41
-0.097833196182046	0.353207340512575	41
0.091363116198774	0.621899506241714	6
-0.038343745757691	0.414362328106443	6
0.018134870756271	0.441106968732687	2
-0.038464314880281	0.414424326723021	2
-0.0754029400831731	0.599705268512402	2
-0.016334235224492	0.663007552598854	2
0.075393192779485	0.545311820434884	2
-0.075150817760178	0.599509934408343	2
-0.038353018666431	0.414337941238971	2
0.030238569722612	0.767560566360836	54
-0.075061670752121	0.599394220982401	54
-0.102711082516985	0.785806559178677	21
-0.051813740537856	0.848049241128343	341
0.106573090148683	0.730733618380338	34
0.078200418245456	0.95975816048588	15
-0.095621784890919	1.35002806368636	15
-0.038464314880281	0.414424326723021	15
0.017947666343921	0.732754184124322	282
0.00320755226674396	0.697036211301565	15
0.091274054880803	0.622191717871612	15
-0.0161738119600811	0.66252843597844	126
0.048045794888565	0.470997917343372	126
-0.075053757516349	0.59945569070679	15
0.048205724416729	0.470910260347338	15
-0.098235856286303	0.353414829103439	15
-0.097833196182046	0.353207340512575	15
-0.10258218567443	0.785881930049397	15
-0.074056657166924	0.81638992795693	15
0.063408471126852	0.508125343240681	6
0.084478180970231	0.583797970147497	6
-0.074080622929075	0.816419155705699	41
0.048068364212171	0.4711048335323	41
0.084434139955068	0.583781834448672	41
0.0845410928024371	0.583697557335818	41
0.048159832487555	0.470997103993803	6
-0.038232305482405	0.414275835906919	6
-0.075224295078979	0.599634201404957	6
0.048167513635818	0.471016343360915	2
-0.042135908239007	0.630461653713601	2
0.091336274571196	0.621935646428968	2
0.00279348312387495	0.697606693308467	2
0.063250955301187	0.508320544769257	2
-0.075247892420489	0.59937445297054	2
0.096525015331737	0.660007482888487	2
0.106444307745161	0.731009070221673	2
0.00299030427202895	0.697540867601289	2
0.0480761847510181	0.471043419126657	2
0.040944737369518	0.801367041113006	2
-0.016414454254694	0.663108225094003	2
0.063421972840391	0.508127690026033	2
0.063199066387906	0.508334523103492	2
0.091122632222559	0.622335582429877	2
0.063172144305836	0.508381075212563	2
0.063093297955259	0.508417242046547	2
0.048060623814151	0.471077472243728	2
0.017807134329266	0.441473163114747	54
0.063199066387906	0.508334523103492	54
-0.102730190262548	0.785943353413654	54
0.030368686139325	0.767280487249456	54
0.0479996846415251	0.471069360153076	54
-0.05425866393656	1.04884416750637	21
-0.118606132765399	0.96783087655858	21
0.11519345212268	0.796995116441068	34
0.0482972322887411	0.470609868870099	34
-0.085106733262592	1.1859682922145	15
0.00956205924623099	0.968683378177568	15
-0.118320882219923	0.967754079816769	15
-0.0420430831368011	0.630677137943554	15
0.063264431112624	0.508322918373419	15
0.096611469191095	0.659853640291209	15
0.063750180991259	0.507212392353399	15
-0.016335915718494	0.662959083307172	15
0.063421972840391	0.508127690026033	15
0.075446133727515	0.545134777402124	15
0.101727156068284	0.695991419448958	172
0.01789565330357	0.732822966651815	15
-0.075142928248916	0.599571444913089	41
0.091274054880803	0.622191717871612	6
0.084245331761483	0.583947621249913	6
-0.0750300816914	0.599077774240489	6
0.075340244041036	0.545452715371539	2
-0.118280070505847	0.96771546914886	2
0.04809882712395	0.471095771394012	2
-0.041945482047303	0.630661225316363	2
-0.01630861954926	0.662972643880192	2
0.017807134329266	0.441473163114747	2
0.075234323214785	0.545649823465162	2
0.075179899331267	0.545683412508346	2
-0.00250362255136904	0.93870634251668	2
0.091143360720645	0.622339256267809	2
0.084500194595213	0.583737580326332	2
-0.051589579730977	0.847760717326087	2
0.063237475822118	0.508259419397331	54
0.091143360720645	0.622339256267809	21
-0.017109816457313	0.910119906615612	34
-0.013861410975294	1.13268581397514	15
0.063250955301187	0.508320544769257	15
0.084670072221638	0.58323528144045	15
0.0845410928024371	0.583697557335818	15
0.048114101292369	0.47074469564081	15
-0.041885092082105	0.630573386077958	15
0.017941873253126	0.73286505952673	282
0.00296969497419597	0.697668597176143	15
-0.033132800683004	0.879505831008133	15
0.00288351939022202	0.697785999055062	15
0.017885151515488	0.441422043241892	15
-0.016359856860222	0.662954716710527	15
-0.016414454254694	0.663108225094003	15
-0.118168458157863	0.967500403990842	15
-0.042089496111302	0.630754759552082	41
0.048152231285691	0.470882504514928	41
0.063500690585278	0.50798896479976	41
-0.075224295078979	0.599634201404957	41
-0.01630861954926	0.662972643880192	1
0.048137044135346	0.471051609861451	6
-0.038111377288474	0.414177817025583	6
-0.016545965442813	0.663057988239818	2
0.075075383686997	0.545765523362656	2
-0.10258218567443	0.785881930049397	2
-0.041885092082105	0.630573386077958	2
-0.102437271138424	0.785639292487699	21
-0.0334286221661571	0.879205402724735	21
0.091514389503622	0.621614820523833	341
0.115158926265748	0.797084598437523	15
0.00283852674213603	0.697739283194232	15
-0.097833196182046	0.353207340512575	15
0.075287287517624	0.545564195725926	15
-0.038213600919535	0.414059767247702	15
0.048030140972728	0.471086554526434	126
0.00311921498448697	0.697457472057385	126
-0.01646904351221	0.663007436278576	126
0.0843302922197891	0.583946577934216	15
-0.102604151174065	0.785927542903538	15
0.048137044135346	0.471051609861451	15
0.017699342444723	0.441384704650949	15
-0.07272893242367	1.02259726800302	15
0.0480379278286071	0.471087613431695	41
-0.074956711698704	0.599283845361732	41
0.017978153477464	0.441299012127764	2
-0.017021927460562	0.909847634443745	2
0.063356704764237	0.50818911175335	2
0.018452201567001	0.731462575609159	2
-0.072661932213419	1.0224398466382	2
0.063514201586973	0.507940032132344	2
-0.075142928248916	0.599571444913089	2
-0.072594895322079	1.02216240326796	21
0.091363116198774	0.621899506241714	15
-0.074142741880797	0.816457223948004	15
-0.016414454254694	0.663108225094003	15
0.075285818681739	0.545486301742271	15
0.041083277255358	0.801159267647091	15
-0.038353018666431	0.414337941238971	15
0.00454421554245299	1.19439506491418	15
0.075126927980529	0.545745098121915	15
-0.075232150203982	0.599654790054676	15
0.091098694249095	0.622340682489739	126
0.01763654577387	0.441536831391427	15
0.041116599462428	0.801052662885613	15
0.030180831938282	0.767468822685316	15
0.017885151515488	0.441422043241892	41
-0.038222961863263	0.414264406349458	41
-0.074142741880797	0.816457223948004	1
0.048022434192649	0.470939585084635	6
0.063093297955259	0.508417242046547	2
-0.041885092082105	0.630573386077958	2
0.096392829609214	0.660124538560593	2
0.00288351939022202	0.697785999055062	2
-0.054309373230798	1.048997570821	2
0.091164084470982	0.622299304766125	2
0.018012162456775	0.440861040773785	2
0.020144542030039	0.998082767335834	54
0.075154138563505	0.545752345612659	21
0.047991931438493	0.470948690948521	21
0.048167513635818	0.471016343360915	15
0.0178702860833611	0.441387161072424	15
0.0480379278286071	0.471087613431695	15
0.048823225701252	1.12524261423007	15
-0.038111377288474	0.414177817025583	15
-0.038584669491101	0.414442391647873	15
-0.0163615331599321	0.663054207629342	126
-0.038464314880281	0.414424326723021	15
-0.016255713429042	0.662862174171496	15
-0.0383344554852471	0.414193392330842	15
-0.038436437303649	1.07550336376656	15
0.106660673208911	0.730444683961773	15
0.017963326955765	0.441341043477748	15
0.04084488936258	0.80133193786774	15
0.101532838125044	0.696206784479025	15
-0.098756633713589	0.353692019334519	1
-0.098352883478491	0.353483822010577	6
-0.097833196182046	0.353207340512575	6
0.059679078916918	0.864208119289562	2
-0.074276944220782	0.816610642593843	2
-0.098554588996423	0.353709685597233	2
0.09657069967864	0.659939226936215	54
0.122783685134471	0.897614743698277	21
-0.118473343453346	0.967800638443948	21
0.063277903257855	0.508273973989328	21
0.111052272788872	0.764246924917478	21
-0.0694579743096701	1.21280803147161	15
-0.054898676678372	1.23829473485333	15
0.063343219674838	0.508238057982816	15
0.084603981980349	0.583572903561045	15
0.091208718711636	0.622276283523047	15
0.048236200513971	0.470846950090697	15
0.048060623814151	0.471077472243728	282
-0.097833196182046	0.353207340512575	282
0.017948515857331	0.441276325037825	15
-0.038473517099805	0.414356124603627	15
0.0177143011176401	0.441519104636812	15
0.063304836555701	0.507940286828116	15
-0.075127181183508	0.599448766878507	15
0.0479996846415251	0.471069360153076	15
0.075258608972036	0.545420306406661	15
0.106549892286542	0.730837742747949	15
0.101655225066754	0.696139451980418	15
-0.0754107477259231	0.59972581114889	15
-0.074321776684566	0.816464432517311	15
-0.102667159015211	0.785951560164861	6
-0.038464314880281	0.414424326723021	41
-0.038584669491101	0.414442391647873	41
-0.038343745757691	0.414362328106443	41
0.048129316552884	0.471060482975925	41
-0.09751494297264	0.353113627072122	1
-0.09751494297264	0.353113627072122	6
0.030187946152239	0.767645000664507	2
-0.102522194565737	0.78564073577593	2
0.0177292753209	0.441490978820015	2
-0.102541166752993	0.785872227558357	2
-0.072690291965183	1.02250046668267	2
0.017967864460789	0.732821298651971	2
0.063329730916325	0.508235697146491	2
0.063158677768567	0.508319933207446	2
-0.038464314880281	0.414424326723021	54
-0.037878413463182	0.41380613890332	54
0.020299758678082	0.997691548361802	21
-0.0750300816914	0.599077774240489	21
0.048137044135346	0.471051609861451	21
-0.075150817760178	0.599509934408343	21
-0.075158717915544	0.599291194086621	15
-0.00410711750834003	1.16314030564908	15
0.084497030745063	0.58368145739329	15
-0.038232305482405	0.414275835906919	15
0.017885151515488	0.441422043241892	15
-0.098756633713589	0.353692019334519	15
0.017744265090916	0.441342441812926	15
0.096479300764425	0.660012762681798	15
-0.098554588996423	0.353709685597233	41
-0.038464314880281	0.414424326723021	1
-0.038111377288474	0.414177817025583	1
0.017699342444723	0.441384704650949	6
-0.099075640655895	0.353944854479088	1
-0.037990233828196	0.414043933099704	6
-0.09751494297264	0.353113627072122	91
-0.016970966090645	0.910002448809907	2
0.063487175909114	0.507986633485621	2
-0.10258513378082	0.785727272580979	2
0.063264431112624	0.508322918373419	2
-0.098352883478491	0.353483822010577	2
0.0480379278286071	0.471087613431695	2
-0.075127181183508	0.599448766878507	2
0.017978153477464	0.441299012127764	2
-0.098554588996423	0.353709685597233	2
0.063408471126852	0.508125343240681	21
0.0912947995307271	0.622151746026057	21
0.075179899331267	0.545683412508346	34
-0.038726613070269	1.07598570078681	15
0.037751969839827	1.71877045370189	34
0.04809882712395	0.471095771394012	15
-0.038505507498841	1.07577254731158	15
0.10640046829823	0.731059995223998	15
0.048778402552649	1.12518712982943	15
0.01251004226676	1.22542054616813	15
0.0480379278286071	0.471087613431695	15
-0.09771589802742	0.353095483927744	15
0.017947666343921	0.732754184124322	15
-0.096796269002475	0.352488687791578	41
-0.098554588996423	0.353709685597233	41
-0.0754107477259231	0.59972581114889	41
0.0480761847510181	0.471043419126657	41
-0.0980343570804339	0.353432748047731	6
0.018056432898871	0.441217944876616	91
0.030289194066881	0.767451436739019	2
-0.042052298639449	0.630656110813843	2
0.017963326955765	0.441341043477748	2
0.00299358534899896	0.697678094612967	2
0.063316238487333	0.508174597084697	2
0.017807134329266	0.441473163114747	54
0.115051871036953	0.797273144851552	21
-0.041801495132781	0.63038238662287	21
0.048106601170115	0.471060653765222	21
-0.074101324313536	0.816499131413652	34
-0.03812077431086	0.414038094571237	15
0.0843302922197891	0.583946577934216	15
0.111194385500599	0.764123098255853	15
0.063172144305836	0.508381075212563	15
0.04809882712395	0.471095771394012	15
-0.038232305482405	0.414275835906919	15
0.017885151515488	0.441422043241892	15
-0.098554588996423	0.353709685597233	15
0.00320409808434496	0.697288451086869	15
0.00288351939022202	0.697785999055062	15
0.059471460186219	0.86459629130322	15
0.111211631993151	0.764126122812867	15
0.048137044135346	0.471051609861451	15
-0.074080622929075	0.816419155705699	6
0.0177143011176401	0.441519104636812	6
0.017885151515488	0.441422043241892	1
-0.07503796297973	0.599333001659143	1
-0.016334235224492	0.663007552598854	2
0.048060623814151	0.471077472243728	2
-0.098235856286303	0.353414829103439	6
0.101525163151104	0.696402792335681	2
0.075181351138205	0.545711507796161	2
0.017900032419528	0.441350213980641	54
-0.038343745757691	0.414362328106443	54
-0.098554588996423	0.353709685597233	54
0.075126927980529	0.545745098121915	21
-0.118407309964976	0.967743905919432	15
-0.042052298639449	0.630656110813843	15
-0.074166731286506	0.816592436654914	15
-0.102519190369605	0.785826602283405	15
0.017900032419528	0.441350213980641	15
0.017885151515488	0.441422043241892	15
0.017792214528392	0.441468073086455	282
0.04809882712395	0.471095771394012	15
-0.0750458549234641	0.599435065359958	15
-0.074956711698704	0.599283845361732	15
-0.118493742322946	0.967596329814114	15
0.075261538141902	0.545560938008652	15
-0.041787558524264	0.63030518261539	15
-0.038101962939554	0.414130609919789	15
-0.042201171194748	0.630430680955069	15
0.0843302922197891	0.583946577934216	15
-0.0750458549234641	0.599435065359958	15
0.12092367095708	0.863331309366866	15
0.050843842870538	0.833378565150973	6
0.0843302922197891	0.583946577934216	15
-0.09751494297264	0.353113627072122	41
0.048106601170115	0.471060653765222	6
0.017885151515488	0.441422043241892	6
-0.096796269002475	0.352488687791578	1
0.048228532197089	0.470856745105674	1
-0.075321423367854	0.599706575982585	6
0.018228146026064	0.44085949939863	181
-0.0752164506176301	0.599532139278292	2
-0.016521971569426	0.663034320453265	2
-0.051635430468389	0.847866999017909	6
-0.075321423367854	0.599706575982585	2
-0.102456218495276	0.785740006128746	2
-0.118254872563462	0.96763483364418	2
-0.038575520499092	0.414353051058273	2
-0.0980343570804339	0.353432748047731	54
-0.016927126718744	0.909955148110897	54
0.091208718711636	0.622276283523047	54
0.063185607178434	0.508383460359442	54
-0.102500197789548	0.785757997478442	21
0.072978003895333	0.927503441686384	15
-0.075053757516349	0.59945569070679	15
0.017807134329266	0.441473163114747	15
-0.0161226246794109	0.662495372105202	15
-0.038464314880281	0.414424326723021	15
0.084603981980349	0.583572903561045	15
-0.075329265417905	0.599645011435276	15
-0.016960511410826	0.910003387790672	15
-0.016438421199712	0.662800521704817	15
0.075048171822478	0.545806361158126	15
0.0844592481269	0.583706954287991	15
-0.102478205765596	0.785785640793822	15
0.018034213142027	0.732716523926003	15
0.084603981980349	0.583572903561045	6
0.0751011590761021	0.545790922920221	15
0.063394965740158	0.508064277585327	41
0.0177143011176401	0.441519104636812	1
-0.016310304284051	0.662761454214825	6
-0.042052298639449	0.630656110813843	6
0.018120152890429	0.441085742998587	6
0.017885151515488	0.441422043241892	181
-0.016653507990971	0.66302963913535	2
-0.075142928248916	0.599571444913089	2
0.0632125219358	0.508227184141461	2
0.0631067478976231	0.508419637507065	6
0.018034213142027	0.732716523926003	2
-0.102478205765596	0.785785640793822	2
-0.051721916884086	0.848043425468633	2
0.048106601170115	0.471060653765222	54
0.0507341197079501	0.8333851319217	21
-0.085261686951172	1.18639019834953	21
-0.0727572357631801	1.02254356265792	21
-0.00286866146117204	0.939478760211917	21
0.115048379580401	0.797251752187961	15
0.091098694249095	0.622340682489739	15
0.082098772900553	0.994177509644416	15
0.089148241888739	1.06226247555337	15
0.04809882712395	0.471095771394012	15
-0.075240015986526	0.599593248021543	15
-0.098352883478491	0.353483822010577	15
0.063172144305836	0.508381075212563	15
0.075313030370492	0.545493532457957	15
0.075205653566335	0.545531757171661	15
0.096381211589189	0.659960130384465	15
0.018319672957685	0.732029233294185	15
-0.074211481181239	0.816576302309726	126
0.063199066387906	0.508334523103492	15
0.017978153477464	0.441299012127764	15
-0.098235856286303	0.353414829103439	15
0.030318066175677	0.76741538842748	15
-0.074883530439411	0.599049724278248	41
0.048091133154588	0.471042169258016	41
0.048205724416729	0.470910260347338	1
-0.05178810921416	0.848141441079779	6
0.063329730916325	0.508235697146491	2
-0.102308340792268	0.785349622788333	2
-0.051742222533774	0.848030929183181	6
-0.01614992368499	0.662541981757469	6
0.00305641110687505	0.697581345058754	2
-0.075158717915544	0.599291194086621	54
-0.102689118389286	0.785923872930611	54
0.017933720144475	0.441049099583088	21
0.030267446983573	0.767524505470819	21
-0.072695436889376	1.02253305501335	21
-0.0380925313061919	0.413882409633952	4
0.048601946429813	1.12590842830021	15
0.066700244998102	0.896049890963641	15
-0.051747518947093	0.847979241733637	209
-0.016387156575993	0.663061566941855	15
0.075048171822478	0.545806361158126	15
-0.10258513378082	0.785727272580979	15
0.017807134329266	0.441473163114747	15
0.08443724960764	0.583815130524904	15
-0.075150817760178	0.599509934408343	15
0.084497030745063	0.58368145739329	15
0.084544208075379	0.583460234530752	15
0.084456162756553	0.583813760351764	15
-0.016600557268298	0.663091087595214	15
0.106549892286542	0.730837742747949	15
-0.072811277431059	1.02241090727615	15
0.075126927980529	0.545745098121915	15
0.017809065046073	0.732950060175185	6
-0.0421871342737919	0.630716483540115	6
-0.041787558524264	0.63030518261539	6
0.017885151515488	0.441422043241892	6
0.075181351138205	0.545711507796161	15
0.063120194180064	0.508370712672486	41
-0.098554588996423	0.353709685597233	6
0.04809882712395	0.471095771394012	1
0.01763654577387	0.441536831391427	1
0.0177292753209	0.441490978820015	6
0.048091133154588	0.471042169258016	181
0.048167513635818	0.471016343360915	2
-0.075313591982397	0.599686009158765	2
-0.102626121428237	0.785899865880792	6
0.075234323214785	0.545649823465162	2
-0.075329265417905	0.599645011435276	2
-0.038464314880281	0.414424326723021	2
-0.038353018666431	0.414337941238971	54
0.075340244041036	0.545452715371539	21
-0.073839923238086	0.815804916582811	21
0.048228532197089	0.470856745105674	21
0.11125581079751	0.763992833069648	21
-0.0384550952589881	0.414291169728785	4
0.050752897695814	0.833511681599796	15
0.063435470882058	0.508078747495984	15
0.084478180970231	0.583797970147497	15
-0.075313591982397	0.599686009158765	282
0.063343219674838	0.508238057982816	15
-0.041885092082105	0.630573386077958	15
0.075234323214785	0.545649823465162	15
-0.016335915718494	0.662959083307172	15
-0.075321423367854	0.599706575982585	15
-0.041968693252402	0.630667165648645	15
-0.016387156575993	0.663061566941855	15
0.048137044135346	0.471051609861451	15
0.063014416275205	0.508427756633545	15
0.048175274861663	0.470945497752617	41
0.048091133154588	0.471042169258016	41
-0.075135049387965	0.599550836734038	1
-0.0749646380190711	0.599304485288219	1
-0.041982672273346	0.630647826107759	6
0.048190374916138	0.470900828404984	6
0.0479996846415251	0.471069360153076	181
-0.041727198915153	0.630107153549229	2
-0.01630861954926	0.662972643880192	2
0.0480761847510181	0.471043419126657	2
-0.042210335867543	0.63072241981127	2
-0.073991306393046	0.816234952867646	6
0.0751011590761021	0.545790922920221	2
-0.07397057836553	0.816220702874999	21
0.063500690585278	0.50798896479976	21
-0.038584669491101	0.414442391647873	21
0.0480379278286071	0.471087613431695	21
-0.038101962939554	0.414130609919789	15
-0.00273315429054799	0.939441509815697	15
0.063172144305836	0.508381075212563	15
0.0846006853586721	0.583312980142903	15
0.101705718608881	0.696026321895317	15
-0.098352883478491	0.353483822010577	15
0.030216828572321	0.767608928160328	15
0.050841643660876	0.833318508644783	6
0.063408471126852	0.508125343240681	6
0.00307849189864695	0.697565218519348	6
0.0750209619564241	0.545799116154301	6
0.017988059899997	0.732829633677683	41
-0.075053757516349	0.59945569070679	41
-0.041922270637053	0.630589539613816	1
-0.0169375416865331	0.909901267738895	1
0.084519064067727	0.583713359197363	1
-0.016363209863184	0.66287188570123	6
-0.038473517099805	0.414356124603627	6
0.084396270009057	0.58376226588378	181
0.017792214528392	0.441468073086455	2
-0.038213600919535	0.414059767247702	6
0.0479996846415251	0.471069360153076	6
-0.038232305482405	0.414275835906919	6
-0.074211481181239	0.816576302309726	2
0.075126927980529	0.545745098121915	2
0.063172144305836	0.508381075212563	2
0.048091133154588	0.471042169258016	2
-0.0517828413764	0.847775549058401	21
0.091122632222559	0.622335582429877	21
0.017569426288962	0.732914313397577	21
-0.075321423367854	0.599706575982585	21
0.066898142876035	0.895555505580679	34
0.050661967864137	0.833506830796359	15
-0.038111377288474	0.414177817025583	15
-0.098554588996423	0.353709685597233	15
-0.07539514311777	0.599603262801723	15
0.120863778317635	0.863552757333763	282
0.111123289706496	0.764273865968177	15
0.111211631993151	0.764126122812867	15
0.041121887953011	0.801077906797172	15
-0.118386907017763	0.967841950693089	15
-0.085227041977842	1.18621709612222	15
0.00303524391238197	0.69759436484439	15
0.091232551320138	0.622135778002015	15
-0.016545965442813	0.663057988239818	15
-0.0383344554852471	0.414193392330842	15
-0.037990233828196	0.414043933099704	15
0.0177143011176401	0.441519104636812	6
0.0842702459960501	0.583805458488581	15
0.084267323025439	0.583979591146226	41
0.017963326955765	0.441341043477748	1
0.0631067478976231	0.508419637507065	1
0.00275232675068404	0.697803286426881	6
0.091253305477373	0.622188073930247	6
-0.074187426761161	0.816606642247111	6
0.063199066387906	0.508334523103492	6
0.017941873253126	0.73286505952673	181
0.017885151515488	0.441422043241892	2
-0.038695731466628	0.414371031823955	2
0.04809882712395	0.471095771394012	6
0.063435470882058	0.508078747495984	2
0.075179899331267	0.545683412508346	6
0.063172144305836	0.508381075212563	2
0.018161166236061	0.732452818950968	54
-0.037878413463182	0.41380613890332	21
0.017558948417229	0.44151093634167	21
0.017699342444723	0.441384704650949	21
0.017900032419528	0.441350213980641	21
-0.038343745757691	0.414362328106443	21
0.01814960398396	0.440970472276922	21
-0.046822265783392	1.46495553754127	15
0.043008061877281	1.09239764983337	15
-0.075053757516349	0.59945569070679	15
0.048228532197089	0.470856745105674	15
-0.041861878249689	0.630501710651017	15
0.075154138563505	0.545752345612659	15
-0.00279818433735701	0.939535965995986	15
0.00326686832302703	0.69710344076095	15
0.084522203630556	0.583629406919959	126
0.048167513635818	0.471016343360915	126
-0.0171432128524091	0.91011665319252	15
0.063527708915473	0.507832764068333	15
-0.075150817760178	0.599509934408343	15
-0.041899059019307	0.63044304553037	6
0.017988059899997	0.732829633677683	6
-0.102500197789548	0.785757997478442	1
0.091208718711636	0.622276283523047	181
-0.016306935255432	0.662900709878385	181
0.048091133154588	0.471042169258016	2
0.075207110278836	0.545690657241514	2
0.017792214528392	0.441468073086455	2
0.00322619478161601	0.697217532176898	2
-0.0750458549234641	0.599435065359958	21
0.063343219674838	0.508238057982816	21
0.101408908737101	0.696375666236438	15
0.084371226517559	0.583859348821932	15
-0.054421393055984	1.04908990380637	15
-0.0937888887719081	0.995398338733285	15
0.063421972840391	0.508127690026033	126
0.084371226517559	0.583859348821932	126
0.017742636320711	0.732954210068507	15
0.017768719325702	0.732986033736395	15
-0.075232150203982	0.599654790054676	15
0.075258608972036	0.545420306406661	15
-0.0980343570804339	0.353432748047731	15
0.048137044135346	0.471051609861451	15
-0.041801495132781	0.63038238662287	15
0.063329730916325	0.508235697146491	6
-0.102689118389286	0.785923872930611	1
-0.0740152277652561	0.816295717198775	1
-0.016281321352695	0.662925995029655	6
0.063329730916325	0.508235697146491	6
-0.041959463063889	0.630501322211344	6
0.018071220485707	0.441051573299806	6
0.07507394885366	0.545783675338654	6
-0.074273535102991	0.816614282631155	181
0.017792214528392	0.441468073086455	2
0.0966775307892	0.659742172425277	2
0.096479300764425	0.660012762681798	2
0.017807134329266	0.441473163114747	2
-0.075135049387965	0.599550836734038	54
0.075313030370492	0.545493532457957	21
0.00296969497419597	0.697668597176143	21
0.063316238487333	0.508174597084697	21
0.092723176857994	1.0952391384263	15
0.00297151029416498	0.697635563753618	15
0.101597096157761	0.696299714495301	282
0.111279479956475	0.763962576400208	15
0.111238533370894	0.764069061623442	15
0.0913808746746611	0.621961471167152	15
0.063264431112624	0.508322918373419	15
0.074967967294757	0.545790526472073	126
0.096657140778425	0.659805941212877	6
0.00299358534899896	0.697678094612967	6
0.063093297955259	0.508417242046547	6
0.063093297955259	0.508417242046547	15
-0.074211481181239	0.816576302309726	41
0.00305641110687505	0.697581345058754	41
-0.01665187529632	0.662898619392384	1
-0.016467382827036	0.663135102628169	6
0.096586139846617	0.659678086505817	6
-0.074228832502071	0.816404667820575	181
0.096697918450386	0.659634596918749	91
0.048167513635818	0.471016343360915	6
-0.042089496111302	0.630754759552082	6
-0.01630861954926	0.662972643880192	6
-0.051874609474738	0.848198909254644	6
0.101474667168572	0.696453090094762	6
0.075208565707402	0.545622611509452	2
0.017963326955765	0.441341043477748	2
-0.0162011144783351	0.66270873611259	54
-0.01646904351221	0.663007436278576	54
0.063316238487333	0.508174597084697	21
-0.075135049387965	0.599550836734038	21
0.075049601844696	0.545668052412575	21
0.096499669214274	0.659905169645271	34
-0.016731723965797	0.908899043016719	34
-0.094048998259988	0.995747228720074	15
-0.104089053366795	1.16189719280498	15
-0.081794240420666	1.37863916547064	6
-0.102456218495276	0.785740006128746	15
0.017967864460789	0.732821298651971	282
-0.0167337585299669	0.662844648902534	282
0.04809882712395	0.471095771394012	15
-0.051767812830155	0.84809156874333	126
0.0913808746746611	0.621961471167152	15
0.00328897519083804	0.697032537751397	15
0.063000975595961	0.508366607900928	6
-0.051742222533774	0.848030929183181	15
-0.016283009867109	0.662848621894492	1
0.075046740623488	0.545717615515664	1
-0.041991904254684	0.630597832764327	6
-0.075305771267545	0.599583968274633	6
0.09118480347394	0.622215677471984	6
0.017792214528392	0.441468073086455	6
0.063133636804223	0.508263388565242	181
0.048030140972728	0.471086554526434	2
0.091208718711636	0.622276283523047	2
0.075181351138205	0.545711507796161	54
0.0177143011176401	0.441519104636812	54
-0.038343745757691	0.414362328106443	54
0.091036540068653	0.622324586594689	21
-0.0752164506176301	0.599532139278292	21
-0.016281321352695	0.662925995029655	21
-0.042247570311661	0.630648687958063	34
0.075285818681739	0.545486301742271	15
0.11840674818044	0.829895501589517	15
0.063185607178434	0.508383460359442	282
-0.10258218567443	0.785881930049397	15
-0.10258218567443	0.785881930049397	15
-0.0749646380190711	0.599304485288219	6
0.017807134329266	0.441473163114747	15
0.00328897519083804	0.697032537751397	126
-0.072690291965183	1.02250046668267	126
0.063356704764237	0.50818911175335	15
0.00299358534899896	0.697678094612967	15
-0.075224295078979	0.599634201404957	15
0.063435470882058	0.508078747495984	6
0.00305641110687505	0.697581345058754	15
0.00309711961107395	0.697414993980128	1
0.048129316552884	0.471060482975925	6
-0.07503796297973	0.599333001659143	6
0.063500690585278	0.50798896479976	6
-0.0740152277652561	0.816295717198775	6
0.017914928832515	0.441120871664386	181
-0.075119323641709	0.599193489684866	6
0.096525015331737	0.660007482888487	2
-0.102311488236569	0.785296260314082	21
-0.042019876326016	0.630530640063288	21
-0.016335915718494	0.662959083307172	21
0.063185607178434	0.508383460359442	110
0.084434139955068	0.583781834448672	21
-0.033212332998339	0.87962044583674	15
0.111218101875397	0.764031765054324	15
0.028999935835443	1.02838206359805	15
-0.0169938865766039	0.910025852670551	15
0.063500690585278	0.50798896479976	282
0.063250955301187	0.508320544769257	282
0.10664521151798	0.7305427072648	282
0.04809882712395	0.471095771394012	15
-0.075053757516349	0.59945569070679	15
0.101474667168572	0.696453090094762	126
0.096793972881687	0.659260258654703	15
0.018273604880878	0.732205020994567	15
0.063237475822118	0.508259419397331	15
0.084396270009057	0.58376226588378	15
-0.075061670752121	0.599394220982401	41
-0.098352883478491	0.353483822010577	1
-0.038222961863263	0.414264406349458	1
0.00301461825294003	0.697663368297709	6
-0.075135049387965	0.599550836734038	55
-0.102522194565737	0.78564073577593	55
0.002756128195185	0.697658653014912	6
0.0631067478976231	0.508419637507065	6
0.0750209619564241	0.545799116154301	2
-0.102330345091486	0.785468465244391	2
0.063277903257855	0.508273973989328	54
0.017744265090916	0.441342441812926	54
-0.074146040742489	0.816512466993869	21
0.0844592481269	0.583706954287991	21
-0.042005881270846	0.630719515069575	21
-0.098756633713589	0.353692019334519	4
-0.0742976131100031	0.81669058255381	15
-0.098600212566815	1.86131355822437	15
0.059381611477218	0.864559375540799	6
-0.075135049387965	0.599550836734038	15
0.075179899331267	0.545683412508346	15
0.048137044135346	0.471051609861451	15
-0.041871143337214	0.630390709467059	15
0.075207110278836	0.545690657241514	15
-0.041982672273346	0.630647826107759	126
-0.042103503205385	0.630676821498528	15
-0.038222961863263	0.414264406349458	15
0.050886024863598	0.833150402131769	15
-0.074232160893451	0.816656260054727	6
0.084374282001252	0.583870435607684	6
-0.072734058875889	1.02256539831459	15
-0.098554588996423	0.353709685597233	15
-0.038101962939554	0.414130609919789	1
-0.038343745757691	0.414362328106443	1
-0.074122030630818	0.81651335162147	6
0.084267323025439	0.583979591146226	6
-0.0383344554852471	0.414193392330842	6
-0.0754107477259231	0.59972581114889	181
0.048159832487555	0.470997103993803	6
-0.102267443587932	0.78527817468498	55
-0.016988581484473	0.909877064119505	6
0.00320409808434496	0.697288451086869	6
-0.0749646380190711	0.599304485288219	6
-0.016754893244363	0.909346851107779	6
0.063356704764237	0.50818911175335	2
0.091363116198774	0.621899506241714	2
0.00316339246913699	0.697370404864275	110
0.075207110278836	0.545690657241514	110
0.122709895386672	0.897833949574482	15
-0.025361070412277	1.10373697196638	15
0.111194385500599	0.764123098255853	15
0.122449863498626	0.898405772387523	6
0.020098890261393	0.998135843430158	15
-0.016970966090645	0.910002448809907	6
-0.02517507593196	1.10368797099451	15
-0.0980343570804339	0.353432748047731	15
0.101618548979437	0.696204577260159	6
-0.016359856860222	0.662954716710527	15
0.084352289404545	0.58393081140269	15
0.048060623814151	0.471077472243728	15
-0.093817956399095	0.995506580891877	6
-0.033219704423789	0.8794291957937	15
0.0845410928024371	0.583697557335818	15
-0.038213600919535	0.414059767247702	15
-0.042029090058758	0.630725452876737	15
0.075049601844696	0.545668052412575	15
-0.075224295078979	0.599634201404957	6
-0.051854317333041	0.848211428219714	6
-0.051915201261052	0.847943445022845	15
0.075048171822478	0.545806361158126	15
0.063316238487333	0.508174597084697	6
0.017992995459897	0.441102845894737	1
0.063185607178434	0.508383460359442	6
0.018071220485707	0.441051573299806	181
0.048175274861663	0.470945497752617	6
0.018041660723745	0.441230120289073	55
-0.016281321352695	0.662925995029655	6
-0.098235856286303	0.353414829103439	2
0.091256301181081	0.62165274512556	2
-0.093897514751612	0.995641991460564	21
-0.0754029400831731	0.599705268512402	21
0.017963326955765	0.441341043477748	21
-0.016387156575993	0.663061566941855	110
0.048129316552884	0.471060482975925	110
0.017792214528392	0.441468073086455	21
0.075393192779485	0.545311820434884	21
0.075128371293633	0.5457500837636	21
0.122336015902752	0.898519816877767	15
0.00279348312387495	0.697606693308467	15
0.00284229766136301	0.697755670727159	15
-0.07436308791146	0.816694713454337	15
0.017901499241205	0.732901068709391	6
-0.042066289731086	0.630748823283636	15
0.0479996846415251	0.471069360153076	15
0.059534421248735	0.864290605369675	15
0.075207110278836	0.545690657241514	15
0.018034213142027	0.732716523926003	15
-0.075232150203982	0.599654790054676	15
-0.041945482047303	0.630661225316363	15
0.00292846101567901	0.697751766608455	126
0.0178702860833611	0.441387161072424	126
-0.016334235224492	0.663007552598854	15
0.050816282358561	0.833071128246956	15
-0.074211481181239	0.816576302309726	15
-0.085293048458531	1.18666662789196	15
0.115051871036953	0.797273144851552	15
0.0479996846415251	0.471069360153076	15
0.048106601170115	0.471060653765222	6
-0.094048998259988	0.995747228720074	6
0.059543165397823	0.864469592730684	6
-0.074794537156804	0.598798238088823	15
-0.01630861954926	0.662972643880192	15
0.063172144305836	0.508381075212563	1
0.091555967392424	0.621578399550103	6
0.018026903922419	0.441132034202971	1
0.084415246499077	0.583875515619935	6
-0.074125355129181	0.816362037247588	181
-0.0750695946244711	0.599175566865411	6
0.075048171822478	0.545806361158126	6
0.106410855562397	0.731014996816122	6
-0.0163615331599321	0.663054207629342	2
0.018054415695141	0.732724845641667	21
0.00301461825294003	0.697663368297709	21
-0.01699915306806	0.910092428209728	21
0.0843112917921321	0.583903474694665	21
0.075022388324281	0.545756932496765	21
0.048030140972728	0.471086554526434	21
0.050799487799396	0.833451751970731	15
0.048137044135346	0.471051609861451	15
-0.102456218495276	0.785740006128746	282
0.00967268468492599	0.968511631090407	15
-0.102560224930624	0.785763063942108	15
0.030224002920884	0.767444953286425	15
0.091511479581641	0.621677137681089	15
0.101416518534445	0.696530628409834	15
-0.042112702279816	0.630685418300134	6
0.084522203630556	0.583629406919959	15
-0.102623254532969	0.78578711733964	15
-0.016412785933738	0.662981596025657	6
0.063000975595961	0.508366607900928	6
-0.102415268225124	0.785666912193693	6
0.091253305477373	0.622188073930247	6
0.0843302922197891	0.583946577934216	6
-0.016334235224492	0.663007552598854	6
0.063408471126852	0.508125343240681	2
0.017807134329266	0.441473163114747	2
0.050799487799396	0.833451751970731	6
-0.016414454254694	0.663108225094003	21
0.020221808937964	0.997841167125324	21
-0.016388829064612	0.663040642355053	21
-0.00250639780293005	0.938702796966455	21
0.063158677768567	0.508319933207446	21
-0.102456218495276	0.785740006128746	15
-0.041801495132781	0.63038238662287	15
0.0486269266720341	1.12575119421176	15
-0.111908249132645	1.32425757082103	15
0.0410166630247319	0.801299390935011	6
0.089293601828184	1.06198750835128	15
-0.041560055790677	0.629366020765768	15
-0.118412160857184	0.967860115493285	15
-0.00281607458670596	0.939220327258384	282
0.050822798029651	0.833387554632983	282
-0.07265680642893	1.02243627863209	15
-0.093883658859422	0.995064492075348	6
0.00324828705636504	0.697087935571018	6
-0.074867619725942	0.599090428767936	6
0.075022388324281	0.545756932496765	1
-0.074794537156804	0.598798238088823	1
0.075128371293633	0.5457500837636	6
0.030064978116923	0.767718023455184	1
-0.041885092082105	0.630573386077958	6
0.00992467971045596	0.967536373927412	6
-0.042080298783546	0.630530345816743	6
-0.118275288389049	0.967536833013036	6
-0.118168458157863	0.967500403990842	6
0.09101257937746	0.622399868172444	6
0.096611469191095	0.659853640291209	181
0.075313030370492	0.545493532457957	181
-0.0980343570804339	0.353432748047731	6
-0.042029090058758	0.630725452876737	105
0.096809608574809	0.659451270898266	6
-0.051635430468389	0.847866999017909	2
0.047961455176503	0.470931543491463	21
-0.097314325335099	0.352888726716764	21
-0.097833196182046	0.353207340512575	21
-0.033154370153593	0.879485184153655	21
0.036759347651093	1.0589425465214	34
-0.013735827359316	1.13262700159895	282
0.0594035085335301	0.864549306339315	15
0.059543165397823	0.864469592730684	6
-0.103897595492075	1.16075090561233	6
0.00301461825294003	0.697663368297709	6
-0.037868874847883	0.413866295648985	6
0.106488229938963	0.730774909008887	15
0.048137044135346	0.471051609861451	1
-0.072584682833941	1.02218186179877	1
-0.016960511410826	0.910003387790672	1
0.063592896855361	0.507767132033222	181
0.00307849189864695	0.697565218519348	6
-0.093767464363777	0.995381507826143	2
-0.051808408102043	0.848128932209231	21
-0.074056657166924	0.81638992795693	21
-0.038695731466628	0.414371031823955	21
0.01808033287871	0.732518919974955	34
0.075365978735715	0.545352624230085	15
-0.041982672273346	0.630647826107759	15
0.01786111454408	0.732689708935692	6
0.041060664401423	0.801122703678353	15
0.0595001310590521	0.864241462157147	6
0.075154138563505	0.545752345612659	15
-0.0750458549234641	0.599435065359958	15
0.091250182351835	0.622152684934269	15
-0.096796269002475	0.352488687791578	15
0.091253305477373	0.622188073930247	15
0.017963326955765	0.441341043477748	6
-0.041968693252402	0.630667165648645	6
0.075234323214785	0.545649823465162	1
-0.051523434977558	0.847573144561789	1
0.091357004962392	0.621738986772904	6
0.084182350474447	0.583957697516659	6
-0.102456218495276	0.785740006128746	2
-0.038353018666431	0.414337941238971	2
-0.03812077431086	0.414038094571237	21
-0.0754029400831731	0.599705268512402	21
-0.038343745757691	0.414362328106443	21
0.048068364212171	0.4711048335323	171
-0.0169323535924441	0.909969798012273	282
-0.00278957782757106	0.93860214253368	282
0.084581942720471	0.583588716949427	15
0.063435470882058	0.508078747495984	15
-0.051747518947093	0.847979241733637	15
0.00284229766136301	0.697755670727159	15
0.041093935409697	0.801087862695575	15
-0.0163615331599321	0.663054207629342	6
-0.102541166752993	0.785872227558357	1
0.0181409619267811	0.73254991886232	1
-0.074428585272746	0.816667191190689	1
0.096438556878078	0.660098329044915	1
0.075261538141902	0.545560938008652	187
-0.102497218741647	0.785707725980518	105
-0.09771589802742	0.353095483927744	105
0.030202611170759	0.7672039451182	105
-0.118280070505847	0.96771546914886	2
0.03011559412965	0.767705696631912	2
-0.075232150203982	0.599654790054676	2
0.050900619410954	0.832697660847589	21
-0.102541166752993	0.785872227558357	21
0.048052963427586	0.470904281816488	110
-0.038222961863263	0.414264406349458	21
-0.041982672273346	0.630647826107759	15
0.009668997909826	0.968557449629606	15
0.10158332378941	0.696156511789165	15
0.017855298774389	0.732964424136766	15
-0.072795896182648	1.02264040176664	6
-0.10258218567443	0.785881930049397	15
-0.074122030630818	0.81651335162147	15
0.017885151515488	0.441422043241892	15
0.018008252664161	0.732785272210026	15
0.084415246499077	0.583875515619935	15
0.084289309702582	0.583963836619084	15
-0.041824711396637	0.630454044297698	1
-0.038508983801112	1.07575720999628	1
0.09101257937746	0.622399868172444	1
-0.102793244901842	0.78590092729728	1
-0.102626121428237	0.785899865880792	1
-0.038575520499092	0.414353051058273	105
-0.038464314880281	0.414424326723021	105
-0.075232150203982	0.599654790054676	6
-0.097833196182046	0.353207340512575	6
0.018041660723745	0.441230120289073	2
-0.016518666460027	0.662951172837911	54
0.063185607178434	0.508383460359442	54
-0.096796269002475	0.352488687791578	21
-0.038473517099805	0.414356124603627	171
-0.075329265417905	0.599645011435276	21
0.03028210195114	0.767224812900726	6
-0.085220490066578	1.18650700751357	15
-0.111950776076368	1.32454725630751	282
0.115010367415259	0.797238656525503	282
0.12070972755969	0.863852792853037	15
0.017875477368701	0.732920077295328	15
-0.102541166752993	0.785872227558357	126
0.063079844351383	0.508356092101914	15
-0.0383344554852471	0.414193392330842	15
-0.0752164506176301	0.599532139278292	15
-0.0383344554852471	0.414193392330842	15
-0.10258513378082	0.785727272580979	6
-0.033132800683004	0.879505831008133	1
0.063172144305836	0.508381075212563	1
0.075019534382806	0.545525498877287	1
0.0966775307892	0.659742172425277	1
-0.074077379269948	0.816333830861101	1
-0.033291869196302	0.879647329905455	1
-0.098352883478491	0.353483822010577	187
-0.099278232245566	0.35392746874739	6
0.00281793478088599	0.697808245282518	6
-0.10258218567443	0.785881930049397	6
-0.102497218741647	0.785707725980518	2
0.075261538141902	0.545560938008652	2
0.11103175924188	0.764288162985453	54
0.0177143011176401	0.441519104636812	21
-0.098554588996423	0.353709685597233	110
-0.033190742077624	0.879521667621264	21
-0.075313591982397	0.599686009158765	171
-0.075150817760178	0.599509934408343	171
-0.041945482047303	0.630661225316363	15
-0.0729066798451971	1.02261508743757	15
0.091357004962392	0.621738986772904	6
0.030477047225427	0.766894083590797	6
0.00305641110687505	0.697581345058754	15
0.018068814932978	0.732298372419322	126
0.00303432589534103	0.697538837656829	15
0.018207291709443	0.732392184835594	15
0.063079844351383	0.508356092101914	15
-0.102519190369605	0.785826602283405	15
-0.074276944220782	0.816610642593843	15
-0.038574565768808	1.07593263088496	15
-0.0163615331599321	0.663054207629342	15
-0.038464314880281	0.414424326723021	15
-0.038232305482405	0.414275835906919	15
-0.054173659205447	1.04858623271674	15
0.08456311694821	0.583637167488515	15
0.063237475822118	0.508259419397331	15
-0.074859680316833	0.598988425816233	6
0.084415246499077	0.583875515619935	1
-0.041741121307576	0.630227596837532	1
-0.042005881270846	0.630719515069575	1
-0.118585071901513	0.967917147793006	1
0.063329730916325	0.508235697146491	1
-0.0517272275620631	0.847797084014525	1
-0.074125355129181	0.816362037247588	1
-0.0980343570804339	0.353432748047731	187
-0.09751494297264	0.353113627072122	55
-0.102434235979929	0.785621130114425	105
-0.0163615331599321	0.663054207629342	6
0.018120152890429	0.441085742998587	6
-0.0980343570804339	0.353432748047731	54
-0.118320882219923	0.967754079816769	2
-0.00277185107533695	0.939330188726961	54
0.030253251680249	0.767069099190676	54
-0.038232305482405	0.414275835906919	21
-0.016441749899156	0.663094658546721	21
0.0178702860833611	0.441387161072424	21
0.101366013159498	0.696560403236024	6
-0.0980343570804339	0.353432748047731	6
-0.094085703698072	0.995384146428485	15
0.106449538519196	0.730915650386072	15
0.017962056258793	0.732767940869475	15
0.018074615566919	0.732680480598904	15
0.00290412257635297	0.697717017964945	15
-0.10235235414452	0.785514109137052	15
-0.01713794458733	0.910114943766647	15
0.0843932388020811	0.583891294044359	15
0.0480761847510181	0.471043419126657	15
0.084289309702582	0.583963836619084	6
-0.038232305482405	0.414275835906919	6
0.048198009660274	0.470952990233888	1
-0.042005881270846	0.630719515069575	1
-0.016520318870356	0.663134379752832	105
-0.098235856286303	0.353414829103439	6
0.106449538519196	0.730915650386072	105
0.0751526903693121	0.545617365600518	105
0.101336942055247	0.69653411354096	54
-0.098873389158817	0.353718585819526	21
0.017792214528392	0.441468073086455	21
-0.075426395019771	0.599445421805348	21
0.075023813581297	0.545485934651021	21
0.017948515857331	0.441276325037825	21
0.096438556878078	0.660098329044915	15
-0.00270966697463204	0.939435683182701	6
0.0178702860833611	0.441387161072424	6
0.084456162756553	0.583813760351764	15
0.096682380817284	0.659672230044936	15
0.018406181255458	0.731726020541233	15
0.05963504221367	0.864263841826478	15
0.04800751798394	0.471042122206643	6
-0.016281321352695	0.662925995029655	6
0.084456162756553	0.583813760351764	15
-0.0162011144783351	0.66270873611259	126
0.084371226517559	0.583859348821932	15
-0.051767812830155	0.84809156874333	15
0.03005069414217	0.767457808483048	15
-0.093876074980379	0.995517880538006	15
0.063237475822118	0.508259419397331	15
-0.0754107477259231	0.59972581114889	15
-0.042112702279816	0.630685418300134	15
0.018094812759939	0.732583367161598	6
0.017885151515488	0.441422043241892	6
0.075154138563505	0.545752345612659	1
-0.075135049387965	0.599550836734038	1
0.0177888935137011	0.732994395968385	1
0.063316238487333	0.508174597084697	1
0.075393192779485	0.545311820434884	187
0.017992995459897	0.441102845894737	55
0.0750209619564241	0.545799116154301	55
0.063291371738374	0.508166632881355	105
-0.102500197789548	0.785757997478442	105
0.084497030745063	0.58368145739329	105
0.084308290447826	0.583914618045903	105
0.096330541257971	0.659942398164523	105
0.00299358534899896	0.697678094612967	2
-0.041968693252402	0.630667165648645	21
-0.041908305713741	0.630579329942369	21
0.048030140972728	0.471086554526434	21
-0.016363209863184	0.66287188570123	15
0.091229452906914	0.622236320719878	15
0.020047326620403	0.998279027251714	15
0.096504635821028	0.660029290410333	15
0.054046773853339	1.15851822628688	15
-0.098554588996423	0.353709685597233	6
0.101517531985938	0.696409457912416	15
0.115024354014782	0.797133521578463	15
0.063185607178434	0.508383460359442	15
0.0754204088045291	0.545223020806348	15
0.111187964690534	0.764136797073376	15
-0.075426395019771	0.599445421805348	15
0.075367459696125	0.545363877292345	6
-0.102500197789548	0.785757997478442	6
-0.051650544972109	0.847493057385757	15
0.018008252664161	0.732785272210026	15
0.075046740623488	0.545717615515664	15
0.0966775307892	0.659742172425277	15
0.04814485185986	0.4709545254248	15
-0.016226718866288	0.662638820580915	15
0.063329730916325	0.508235697146491	15
0.063343219674838	0.508238057982816	6
0.075447626813576	0.545075580821755	1
0.063343219674838	0.508238057982816	1
0.075367459696125	0.545363877292345	55
0.096723180808149	0.65967225997152	105
0.0631067478976231	0.508419637507065	105
0.0750209619564241	0.545799116154301	105
0.096723180808149	0.65967225997152	105
-0.0517272275620631	0.847797084014525	6
0.084415246499077	0.583875515619935	105
-0.075240015986526	0.599593248021543	54
0.063291371738374	0.508166632881355	21
-0.041847927464025	0.630459992763821	21
0.018120754932501	0.732594284903955	21
0.0480379278286071	0.471087613431695	21
0.118480593314418	0.829637254766435	15
-0.05767601248191	1.43624201556178	15
-0.085251844433244	1.18659007507583	15
0.096199514957545	0.660083145644065	15
0.096479300764425	0.660012762681798	6
0.0843932388020811	0.583891294044359	15
-0.041982672273346	0.630647826107759	15
0.00949323770395705	0.968667301219248	15
-0.072551189026933	1.02205884335587	15
0.063079844351383	0.508356092101914	15
0.017921687581491	0.73290941491741	15
0.091425427238918	0.621915360766391	15
0.048198009660274	0.470952990233888	15
0.091164084470982	0.622299304766125	158
-0.102560224930624	0.785763063942108	6
-0.073929137121425	0.815990351516601	1
0.048175274861663	0.470945497752617	1
0.063500690585278	0.50798896479976	1
-0.016148215318881	0.662566783718043	1
0.0752328629001901	0.545597783452129	1
-0.102478205765596	0.785785640793822	187
0.00311921498448697	0.697457472057385	105
0.111214832851478	0.764139415462275	105
0.00303432589534103	0.697538837656829	105
0.048068364212171	0.4711048335323	105
-0.098352883478491	0.353483822010577	54
0.050757455460876	0.833297261157084	15
-0.069380843616029	1.2127654396779	6
0.075207110278836	0.545690657241514	6
0.063250955301187	0.508320544769257	15
0.06288336579629	0.508310460211259	15
-0.051721916884086	0.848043425468633	15
0.074995176808577	0.545797766125804	6
0.048106601170115	0.471060653765222	15
-0.038464314880281	0.414424326723021	15
0.017963326955765	0.441341043477748	15
0.09676880038081	0.659536853503646	15
-0.016387156575993	0.663061566941855	15
0.101597096157761	0.696299714495301	15
0.075207110278836	0.545690657241514	6
0.063145207565161	0.508138259065505	6
-0.0750695946244711	0.599175566865411	1
-0.093796521306471	0.995422279507028	1
-0.075313591982397	0.599686009158765	1
0.084456162756553	0.583813760351764	105
0.0176560337731509	0.732975394634013	105
-0.01609704007338	0.662319000207469	105
-0.0164930216918751	0.663087724450388	105
-0.07397057836553	0.816220702874999	105
0.048129316552884	0.471060482975925	105
0.084644798699921	0.583437405971673	6
0.048091133154588	0.471042169258016	54
0.084456162756553	0.583813760351764	21
0.063185607178434	0.508383460359442	21
0.075075383686997	0.545765523362656	21
-0.118386907017763	0.967841950693089	21
0.0965910856076549	0.659917412289735	15
0.019719744277836	1.25743874570881	15
0.00292846101567901	0.697751766608455	15
0.040983370943716	0.80133427153077	15
0.030325218267761	0.767300271531753	15
0.096392829609214	0.660124538560593	6
0.091360124316574	0.622045105168558	15
-0.051543761004776	0.847560701678273	15
0.040955480090218	0.801253007009373	15
0.084585136504098	0.583529006517462	15
0.096525015331737	0.660007482888487	15
0.084726287101038	0.582910586026968	15
-0.075232150203982	0.599654790054676	6
0.063199066387906	0.508334523103492	1
0.106516431991919	0.730883765181406	1
-0.016387156575993	0.663061566941855	1
-0.016334235224492	0.663007552598854	1
0.063343219674838	0.508238057982816	1
0.075234323214785	0.545649823465162	1
0.091297844705168	0.622029190945966	187
0.048167513635818	0.471016343360915	6
-0.093804110301446	0.995126018405209	105
-0.051854317333041	0.848211428219714	105
0.030238569722612	0.767560566360836	105
-0.10235235414452	0.785514109137052	105
0.017807134329266	0.441473163114747	105
-0.016310304284051	0.662761454214825	54
0.091360124316574	0.622045105168558	21
0.075154138563505	0.545752345612659	21
-0.038222961863263	0.414264406349458	21
-0.032923201809267	0.878855278147972	21
0.101568040044437	0.696317763664638	21
0.124403576523798	0.93239229346058	15
-0.042089496111302	0.630754759552082	15
-0.102185877406207	0.784775244529233	15
-0.041894359018436	0.630167096930256	15
0.101647599967366	0.696186535969026	15
0.04809882712395	0.471095771394012	15
-0.042066289731086	0.630748823283636	15
0.075126927980529	0.545745098121915	15
-0.016148215318881	0.662566783718043	15
-0.051676052804985	0.847904396814613	15
-0.098554588996423	0.353709685597233	15
0.0480379278286071	0.471087613431695	15
0.017962056258793	0.732767940869475	15
0.084204331235085	0.583989672620801	15
0.084685567081482	0.583223474804935	6
0.084204331235085	0.583989672620801	6
0.0845410928024371	0.583697557335818	158
0.048228532197089	0.470856745105674	6
-0.102541166752993	0.785872227558357	1
0.048205724416729	0.470910260347338	1
0.075179899331267	0.545683412508346	1
0.030036080177775	0.76775412514677	1
0.0177143011176401	0.441519104636812	187
0.0844592481269	0.583706954287991	105
-0.102749383920513	0.785736599318866	6
0.091360124316574	0.622045105168558	105
-0.041778278670169	0.63023596164161	6
0.096586139846617	0.659678086505817	21
0.111303157855196	0.763912515876352	21
-0.0740152277652561	0.816295717198775	21
0.096682380817284	0.659672230044936	21
0.084245331761483	0.583947621249913	21
0.017666618662296	0.441218363145223	15
0.0912947995307271	0.622151746026057	15
0.040878162084716	0.801367271973693	15
0.063435470882058	0.508078747495984	15
0.030209698042491	0.767544572528136	15
-0.038575520499092	0.414353051058273	15
-0.041885092082105	0.630573386077958	158
0.074995176808577	0.545797766125804	158
-0.073905239437654	0.816031742983378	158
0.063250955301187	0.508320544769257	158
0.063473657557236	0.507925612342817	158
-0.075158717915544	0.599291194086621	6
0.096595956617314	0.659733843485714	1
0.017792214528392	0.441468073086455	1
0.084415246499077	0.583875515619935	187
0.017885151515488	0.441422043241892	6
0.017885151515488	0.441422043241892	105
0.084245331761483	0.583947621249913	105
0.0751011590761021	0.545790922920221	54
-0.041945482047303	0.630661225316363	21
-0.051767812830155	0.84809156874333	21
-0.103881394981953	1.16105366923868	21
-0.051828709496709	0.848046842153762	21
-0.09751494297264	0.353113627072122	15
0.048137044135346	0.471051609861451	15
0.075155585509051	0.545661184705511	6
0.07507394885366	0.545783675338654	6
0.063237475822118	0.508259419397331	6
0.017807134329266	0.441473163114747	15
-0.038111377288474	0.414177817025583	15
-0.09751494297264	0.353113627072122	15
0.018041660723745	0.441230120289073	15
-0.073991306393046	0.816234952867646	15
0.075208565707402	0.545622611509452	6
0.0965910856076549	0.659917412289735	1
-0.098554588996423	0.353709685597233	6
-0.0163615331599321	0.663054207629342	6
-0.102478205765596	0.785785640793822	105
-0.0383344554852471	0.414193392330842	105
-0.074166731286506	0.816592436654914	54
0.08456311694821	0.583637167488515	54
0.017900032419528	0.441350213980641	21
0.075314502806718	0.545475329450318	21
-0.0162011144783351	0.66270873611259	21
0.017963326955765	0.441341043477748	21
0.092938395483662	1.09480183109078	15
-0.033111214501663	0.879440741495878	15
-0.017133401365899	1.54773778543584	6
-0.038362274170581	0.414118625175472	6
0.106583361659079	0.730771413760415	15
0.00286291108509595	0.697800159750851	126
0.101366013159498	0.696560403236024	15
0.0177143011176401	0.441519104636812	15
0.0965095277865941	0.659705982328076	15
0.0178702860833611	0.441387161072424	158
0.048106601170115	0.471060653765222	6
0.063356704764237	0.50818911175335	1
-0.075142928248916	0.599571444913089	1
0.050888203448457	0.833258632868648	1
0.063250955301187	0.508320544769257	6
0.017809065046073	0.732950060175185	105
-0.0420430831368011	0.630677137943554	105
-0.016416122941331	0.662953426739208	105
0.048198009660274	0.470952990233888	105
-0.072651643034786	1.02233916097634	21
0.115162414940706	0.797047284300199	21
-0.042103503205385	0.630676821498528	171
-0.098756633713589	0.353692019334519	79
-0.016927126718744	0.909955148110897	15
0.096616353695589	0.659805884953559	15
0.063185607178434	0.508383460359442	15
0.048167513635818	0.471016343360915	15
-0.041847927464025	0.630459992763821	158
0.048220943826483	0.470759815695374	6
0.0480840855585331	0.470891796209515	6
-0.016960511410826	0.910003387790672	1
0.084434139955068	0.583781834448672	1
-0.041922270637053	0.630589539613816	1
-0.104224967714014	1.16197476887988	1
-0.037990233828196	0.414043933099704	6
0.048060623814151	0.471077472243728	6
0.063133636804223	0.508263388565242	6
-0.073925978332443	0.8160460081573	6
0.0843302922197891	0.583946577934216	105
0.063408471126852	0.508125343240681	105
-0.074080622929075	0.816419155705699	105
0.059651425095581	0.864368927495552	105
0.075287287517624	0.545564195725926	105
0.030036080177775	0.76775412514677	105
0.106506084011186	0.730929768371253	54
0.040862223503121	0.801068235910583	54
0.048129316552884	0.471060482975925	54
0.0177143011176401	0.441519104636812	54
-0.098554588996423	0.353709685597233	21
-0.102308340792268	0.785349622788333	21
-0.075500123262625	0.599709285586044	21
0.017885151515488	0.441422043241892	21
0.096525015331737	0.660007482888487	34
0.115203919004648	0.796762449987138	6
-0.0332413060537901	0.879597911233598	6
-0.068849552419228	1.40618467330594	6
0.0730725346943481	0.927376206496894	6
0.048129316552884	0.471060482975925	15
0.048106601170115	0.471060653765222	15
0.063421972840391	0.508127690026033	15
-0.075053757516349	0.59945569070679	15
0.048167513635818	0.471016343360915	15
-0.038343745757691	0.414362328106443	15
0.074914964874669	0.545755927653591	15
0.00301223626465197	0.697421598282056	15
0.017948515857331	0.441276325037825	15
0.0966775307892	0.659742172425277	158
-0.041982672273346	0.630647826107759	6
-0.0383344554852471	0.414193392330842	6
-0.09751494297264	0.353113627072122	6
0.0178702860833611	0.441387161072424	6
0.017963326955765	0.441341043477748	105
0.075075383686997	0.545765523362656	21
-0.069198288408785	1.21260371707587	34
0.089457517543927	1.06144612114502	6
-0.098235856286303	0.353414829103439	79
-0.0980343570804339	0.353432748047731	6
-0.051854317333041	0.848211428219714	6
0.029048642171601	1.028253159638	15
0.072935587933053	0.92776378740517	15
0.082091007928301	0.994076911424732	6
-0.051946230848009	0.848104610745125	15
-0.093738401867364	0.995273293191953	15
-0.097196756999081	0.352694669460464	15
0.017992995459897	0.441102845894737	15
0.111187964690534	0.764136797073376	158
0.018014007904996	0.732649433554209	158
0.00305586444910799	0.697466632412004	158
-0.042029090058758	0.630725452876737	158
0.075154138563505	0.545752345612659	6
0.075208565707402	0.545622611509452	6
0.00939745779208201	0.968032586630427	6
-0.074232160893451	0.816656260054727	1
0.00277290749511805	0.697734348778041	1
-0.098873389158817	0.353718585819526	6
-0.038111377288474	0.414177817025583	105
0.00292846101567901	0.697751766608455	105
0.075075383686997	0.545765523362656	105
-0.075119323641709	0.599193489684866	105
-0.038241631735444	0.41410029348193	105
0.036139721467995	1.06062761567574	105
0.096352093835923	0.660124404292348	54
-0.099278232245566	0.35392746874739	21
0.0178702860833611	0.441387161072424	21
-0.037990233828196	0.414043933099704	21
0.048198009660274	0.470952990233888	21
0.115086391559744	0.797222764842826	21
0.091015812517984	0.622208416765982	1
-0.038861203477926	1.0760081079668	6
0.118080449362682	0.830284776928372	6
0.00335173368054298	0.696810190728312	15
0.118438300418922	0.829737767359713	6
-0.10395720963676	1.1612136489976	15
0.122539130335556	0.898254200954677	6
0.00299358534899896	0.697678094612967	6
-0.072661932213419	1.0224398466382	15
0.084497030745063	0.58368145739329	15
0.048022434192649	0.470939585084635	15
0.048175274861663	0.470945497752617	158
0.017927465546806	0.732609980071866	1
0.084497030745063	0.58368145739329	1
0.048106601170115	0.471060653765222	6
0.048167513635818	0.471016343360915	6
-0.098554588996423	0.353709685597233	6
0.017807134329266	0.441473163114747	105
0.0912947995307271	0.622151746026057	105
-0.0542619695375231	1.04893532349883	105
-0.098756633713589	0.353692019334519	21
-0.098352883478491	0.353483822010577	21
0.084456162756553	0.583813760351764	21
-0.016440085400675	0.663088444368722	21
0.075128371293633	0.5457500837636	21
0.075285818681739	0.545486301742271	15
-0.074122030630818	0.81651335162147	15
0.063514201586973	0.507940032132344	15
-0.038232305482405	0.414275835906919	79
-0.09751494297264	0.353113627072122	79
0.063264431112624	0.508322918373419	6
-0.074035939998639	0.816375692949902	15
0.063264431112624	0.508322918373419	15
-0.038343745757691	0.414362328106443	15
-0.098554588996423	0.353709685597233	15
-0.038232305482405	0.414275835906919	15
0.01821346711955	0.440962554763671	158
-0.075150817760178	0.599509934408343	158
0.0410274033549331	0.801134420971553	158
0.018041660723745	0.441230120289073	6
-0.102371276659045	0.785502406310806	6
-0.075224295078979	0.599634201404957	6
-0.104089053366795	1.16189719280498	1
-0.11810721252512	0.96710687058265	1
0.059637312218696	0.864303394871332	1
0.063264431112624	0.508322918373419	6
0.018074615566919	0.732680480598904	6
0.018056432898871	0.441217944876616	105
0.048060623814151	0.471077472243728	6
-0.098235856286303	0.353414829103439	21
-0.098352883478491	0.353483822010577	21
-0.038695731466628	0.414371031823955	21
0.06452543020608	1.22232115349437	34
0.072981235698573	0.927656246324498	1
0.030303509402048	0.767186363105242	6
0.118269783844729	0.830172396985181	6
-0.102393270064865	0.785621271260328	15
-0.038232305482405	0.414275835906919	15
-0.041847927464025	0.630459992763821	15
-0.098235856286303	0.353414829103439	15
0.041049965119011	0.801241220018575	15
-0.051716685221925	0.847649095651434	15
-0.098554588996423	0.353709685597233	15
0.0480379278286071	0.471087613431695	158
-0.03318335436655	0.879582055914319	158
0.017792214528392	0.441468073086455	6
0.075128371293633	0.5457500837636	6
0.0966318504321359	0.659746051283924	6
-0.075061670752121	0.599394220982401	1
-0.075500123262625	0.599709285586044	1
-0.09751494297264	0.353113627072122	187
0.017855436085875	0.441193221226084	6
0.018056432898871	0.441217944876616	6
0.048045794888565	0.470997917343372	6
0.017875477368701	0.732920077295328	6
0.017963326955765	0.441341043477748	105
-0.075232150203982	0.599654790054676	105
0.0177888935137011	0.732994395968385	105
-0.118122898816091	0.967298432155967	105
-0.038111377288474	0.414177817025583	21
-0.038464314880281	0.414424326723021	21
0.048068364212171	0.4711048335323	21
0.084289309702582	0.583963836619084	1
-0.038111377288474	0.414177817025583	1
-0.098756633713589	0.353692019334519	1
0.111099608707929	0.764284559254469	6
-0.102415268225124	0.785666912193693	15
-0.098554588996423	0.353709685597233	15
-0.038101962939554	0.414130609919789	15
-0.042089496111302	0.630754759552082	15
0.017558948417229	0.44151093634167	15
-0.041847927464025	0.630459992763821	15
-0.096996344736511	0.352712982272515	15
-0.098554588996423	0.353709685597233	15
-0.038232305482405	0.414275835906919	15
-0.038343745757691	0.414362328106443	158
0.04809882712395	0.471095771394012	6
0.063291371738374	0.508166632881355	6
0.101488476300627	0.696383144125033	6
-0.074166731286506	0.816592436654914	6
0.101308816442011	0.696516064474925	1
0.063277903257855	0.508273973989328	1
-0.0384550952589881	0.414291169728785	187
0.00303524391238197	0.69759436484439	6
-0.042126707406141	0.630748496181635	6
-0.097833196182046	0.353207340512575	105
-0.074059926477549	0.816268729099827	105
0.048205724416729	0.470910260347338	105
-0.098235856286303	0.353414829103439	21
-0.038111377288474	0.414177817025583	21
-0.042066289731086	0.630748823283636	6
0.040972748924851	0.801254512360191	6
-0.104166925085245	1.1613246234894	6
0.036432580865654	1.06011438417154	1
-0.0750458549234641	0.599435065359958	15
0.0631067478976231	0.508419637507065	15
0.091425427238918	0.621915360766391	15
0.063199066387906	0.508334523103492	15
-0.038232305482405	0.414275835906919	15
0.017921687581491	0.73290941491741	15
0.0178702860833611	0.441387161072424	15
0.017885151515488	0.441422043241892	158
0.063421972840391	0.508127690026033	158
0.0631067478976231	0.508419637507065	1
0.075155585509051	0.545661184705511	6
0.063133636804223	0.508263388565242	6
-0.073839923238086	0.815804916582811	6
-0.017076410530619	0.910097382491573	1
0.08443724960764	0.583815130524904	1
0.072675880327523	0.928074638168312	1
-0.098756633713589	0.353692019334519	187
-0.038101962939554	0.414130609919789	187
-0.0980343570804339	0.353432748047731	6
0.0177292753209	0.441490978820015	105
0.084581942720471	0.583588716949427	105
-0.0938393747873441	0.995492928282878	1
-0.097314325335099	0.352888726716764	21
-0.075053757516349	0.59945569070679	54
0.0177292753209	0.441490978820015	15
0.051093441563044	0.832299632467875	1
-0.0980343570804339	0.353432748047731	6
-0.0980343570804339	0.353432748047731	1
0.040978039990463	0.801332141951838	1
0.111096461860513	0.764192824063773	6
0.063435470882058	0.508078747495984	6
0.075234323214785	0.545649823465162	15
-0.038232305482405	0.414275835906919	15
0.048266703141926	0.470750763953156	15
-0.075240015986526	0.599593248021543	6
0.084352289404545	0.58393081140269	1
-0.072556294924683	1.02206572690046	1
-0.072690291965183	1.02250046668267	1
-0.074956711698704	0.599283845361732	105
0.084308290447826	0.583914618045903	105
0.066665629673751	0.896005251185338	1
0.063185607178434	0.508383460359442	54
0.018074615566919	0.732680480598904	6
0.00297151029416498	0.697635563753618	15
0.048137044135346	0.471051609861451	15
-0.102415268225124	0.785666912193693	15
-0.0750458549234641	0.599435065359958	15
-0.033082246161423	0.879402376658291	15
-0.102730190262548	0.785943353413654	6
-0.10258218567443	0.785881930049397	6
-0.016306935255432	0.662900709878385	6
-0.00277742283487203	0.939519248983861	1
0.003185474579121	0.697240775639856	1
0.096657140778425	0.659805941212877	1
0.0181870775779061	0.732436549156271	1
0.096921209696106	0.659120380999012	1
0.063277903257855	0.508273973989328	187
-0.038111377288474	0.414177817025583	105
-0.099075640655895	0.353944854479088	7
-0.016826915195067	0.909650645778463	1
-0.0980343570804339	0.353432748047731	21
0.111208498483671	0.763994576172531	21
-0.098235856286303	0.353414829103439	54
0.048167513635818	0.471016343360915	54
-0.042005881270846	0.630719515069575	34
0.111191141177085	0.764189511134367	1
-0.043411305280216	1.26941996967534	1
-0.072584682833941	1.02218186179877	6
-0.111859504933331	1.32437875649568	15
0.118069747715532	0.830476996682912	15
0.050822798029651	0.833387554632983	15
-0.097833196182046	0.353207340512575	15
-0.033233907202916	0.879631453075957	15
0.106516431991919	0.730883765181406	15
-0.074867619725942	0.599090428767936	166
0.00311921498448697	0.697457472057385	1
0.050752897695814	0.833511681599796	1
0.048159832487555	0.470997103993803	307
0.04809882712395	0.471095771394012	6
-0.099075640655895	0.353944854479088	6
0.017885151515488	0.441422043241892	6
0.00301461825294003	0.697663368297709	6
0.017885151515488	0.441422043241892	1
-0.038343745757691	0.414362328106443	54
-0.038575520499092	0.414353051058273	54
-0.0750458549234641	0.599435065359958	54
0.08219551916961	0.993741558375593	6
-0.00370858131889196	1.16192730134188	1
0.040955480090218	0.801253007009373	1
-0.033175922862041	0.879376614253791	6
-0.098756633713589	0.353692019334519	15
0.017900032419528	0.441350213980641	15
-0.098554588996423	0.353709685597233	15
0.062908640108205	0.508166903673842	15
-0.099075640655895	0.353944854479088	166
0.0199759839202081	0.998286182592865	166
0.111229059498352	0.763790909039153	6
-0.098235856286303	0.353414829103439	6
0.017978153477464	0.441299012127764	1
0.0846006853586721	0.583312980142903	1
0.124272711602218	0.932747632268021	1
-0.111694246269797	1.32350305703416	1
0.063250955301187	0.508320544769257	1
-0.073929137121425	0.815990351516601	6
0.084415246499077	0.583875515619935	6
0.096748392730618	0.659515019869379	105
-0.038222961863263	0.414264406349458	54
0.063343219674838	0.508238057982816	54
0.0843932388020811	0.583891294044359	34
0.11840674818044	0.829895501589517	6
-0.098352883478491	0.353483822010577	1
0.0843302922197891	0.583946577934216	1
0.118090462669734	0.829603348684141	1
0.072658532730577	0.92811229891604	6
-0.118457845445239	0.967757158139738	6
0.115048379580401	0.797251752187961	1
-0.00409935362358504	1.16332090464238	1
0.063277903257855	0.508273973989328	15
-0.054306116999991	1.04901760250863	15
-0.09771589802742	0.353095483927744	166
-0.073973818103808	0.81590498096593	6
0.063079844351383	0.508356092101914	6
0.084519064067727	0.583713359197363	1
0.00309711961107395	0.697414993980128	1
-0.038343745757691	0.414362328106443	307
-0.098554588996423	0.353709685597233	6
-0.118214047976158	0.96759620565671	6
-0.093934171362311	0.995189530373181	1
0.063565845240083	0.507813733272985	21
-0.0383344554852471	0.414193392330842	54
0.0177292753209	0.441490978820015	54
-0.038222961863263	0.414264406349458	1
-0.02511194408506	1.10349644824355	1
0.059893024402507	0.863002278224001	1
0.084245331761483	0.583947621249913	15
-0.037878413463182	0.41380613890332	15
0.096636748414928	0.659827762496698	15
0.091336274571196	0.621935646428968	15
0.096458929986788	0.660076529122411	15
-0.038464314880281	0.414424326723021	6
0.017885151515488	0.441422043241892	15
0.120726857246421	0.863837448394153	15
-0.038232305482405	0.414275835906919	166
-0.098554588996423	0.353709685597233	166
0.096306353881472	0.660172892929773	6
-0.016388829064612	0.663040642355053	6
-0.051635430468389	0.847866999017909	6
-0.073929137121425	0.815990351516601	1
0.018056432898871	0.441217944876616	1
0.106650327754188	0.730575376207787	1
0.084519064067727	0.583713359197363	1
0.063172144305836	0.508381075212563	1
-0.072795896182648	1.02264040176664	1
0.048152231285691	0.470882504514928	6
-0.073905239437654	0.816031742983378	187
-0.075418566040116	0.599664233386239	307
-0.09751494297264	0.353113627072122	105
-0.097833196182046	0.353207340512575	105
0.00307849189864695	0.697565218519348	105
0.075154138563505	0.545752345612659	1
0.002756128195185	0.697658653014912	21
-0.016175516073887	0.662673544333303	1
0.00268669532335997	0.697769199216792	6
0.0410166630247319	0.801299390935011	6
0.030238569722612	0.767560566360836	6
0.041049965119011	0.801241220018575	15
0.018094812759939	0.732583367161598	15
-0.038498543258947	1.07554303454465	15
-0.013738749314598	1.13249562906452	6
-0.075492339365296	0.599688769725692	15
-0.033125380354639	0.879327241457583	15
0.11483778849588	0.79729775179169	15
-0.042029090058758	0.630725452876737	15
-0.075135049387965	0.599550836734038	166
0.04802792771955	0.470836432322348	6
0.101307876522975	0.696455799491971	1
0.091229452906914	0.622236320719878	1
0.04809882712395	0.471095771394012	1
0.096784363103845	0.659342990665471	1
0.063343219674838	0.508238057982816	1
-0.074166731286506	0.816592436654914	1
-0.072868026385816	1.02265174253202	1
0.096657140778425	0.659805941212877	6
0.106583361659079	0.730771413760415	6
-0.0383344554852471	0.414193392330842	6
-0.10258513378082	0.785727272580979	187
-0.0936740607329321	0.994820453716859	6
0.030079564965479	0.767613613628681	6
0.03008670137049	0.767741789537337	7
-0.016310304284051	0.662761454214825	54
-0.01699915306806	0.910092428209728	21
0.1244642957272	0.932128299960957	34
0.00144826922528696	1.5962107953454	6
0.075288755062965	0.545413343996195	1
-0.069064641134911	1.21179053971898	1
-0.072772672389453	1.02252865191709	6
-0.11830047519012	0.967771091298143	1
0.091143360720645	0.622339256267809	1
0.0176560337731509	0.732975394634013	15
0.111102822889614	0.764256048856386	15
0.050685245403709	0.833533103494018	15
0.075182801725168	0.545513567053862	1
0.075181351138205	0.545711507796161	1
-0.051503111480704	0.847523270656305	1
0.096285991207699	0.660150962593056	1
-0.016388829064612	0.663040642355053	1
0.106366987138921	0.731086016567874	1
0.063343219674838	0.508238057982816	1
0.00316339246913699	0.697370404864275	6
-0.033255464639919	0.879557123819165	6
-0.074035939998639	0.816375692949902	140
0.048022434192649	0.470939585084635	1
0.106472594652315	0.730996143549834	1
0.124539701966847	0.931841069017064	54
0.050573224593551	0.833389181852735	54
0.067018462077209	0.89547910161418	34
0.018200326844522	1.64339602105295	34
-0.026750433114217	1.52113344442251	6
0.04267955447164	1.09327011791067	6
0.033486878898308	1.31856923708073	1
-0.016412785933738	0.662981596025657	1
0.063370186185948	0.508081781188768	1
0.0410166630247319	0.801299390935011	1
0.110866245441422	0.763623174724982	1
-0.017037786107609	0.91012511760372	6
0.091122632222559	0.622335582429877	1
0.063250955301187	0.508320544769257	1
-0.074166731286506	0.816592436654914	6
-0.041787558524264	0.63030518261539	6
0.106506084011186	0.730929768371253	15
-0.033060654015574	0.879309192246952	6
-0.085441446991588	1.18643879213696	15
-0.025038134701235	1.10317565211093	15
0.096586139846617	0.659678086505817	1
0.00307849189864695	0.697565218519348	1
0.047991931438493	0.470948690948521	6
0.030187946152239	0.767645000664507	1
-0.016359856860222	0.662954716710527	1
-0.041968693252402	0.630667165648645	1
0.019898731363412	0.998332790830569	1
0.00288351939022202	0.697785999055062	1
0.084497030745063	0.58368145739329	1
0.091098694249095	0.622340682489739	1
0.017792214528392	0.441468073086455	1
0.101546593231265	0.696391400359992	6
-0.038343745757691	0.414362328106443	105
0.075261538141902	0.545560938008652	105
-0.102500197789548	0.785757997478442	1
0.084478180970231	0.583797970147497	54
0.05408203514324	1.15840050917894	6
0.026429362407874	1.28927177320759	6
-0.032994001428213	1.29961733885821	1
0.084537850437582	0.583464191937247	1
0.09676880038081	0.659536853503646	1
-0.016283009867109	0.662848621894492	1
0.096529920771235	0.659845262382997	15
0.03634319300643	1.06038745868808	15
-0.102560224930624	0.785763063942108	6
-0.041908305713741	0.630579329942369	15
0.017651574411606	0.441465173551282	166
0.017921687581491	0.73290941491741	6
0.084497030745063	0.58368145739329	187
0.00297151029416498	0.697635563753618	307
-0.041968693252402	0.630667165648645	140
-0.033132800683004	0.879505831008133	7
-0.093767464363777	0.995381507826143	105
0.096763971359881	0.65950094455796	105
-0.093796521306471	0.995422279507028	1
-0.038712647464143	1.07593713490938	1
-0.016467382827036	0.663135102628169	54
0.00292846101567901	0.697751766608455	54
0.101597096157761	0.696299714495301	54
0.040900820231125	0.801232115744887	54
0.106439114394858	0.731042205742158	32
0.106433958541662	0.731013916701746	89
0.075207110278836	0.545690657241514	89
-0.02511194408506	1.10349644824355	54
0.036278389857252	1.06041842577131	6
0.066932785962565	0.895377300874918	1
0.063041286660701	0.508381254265831	1
-0.042103503205385	0.630676821498528	1
0.101647599967366	0.696186535969026	6
-0.072494270711312	1.0214881773986	6
-0.09368791408267	0.995116678033945	15
0.11502085193993	0.797247926350976	6
0.00290412257635297	0.697717017964945	1
0.009668997909826	0.968557449629606	1
-0.042126707406141	0.630748496181635	1
-0.033262890990625	0.879669854109761	1
-0.051828709496709	0.848046842153762	6
0.00314130593738404	0.697441333128085	6
-0.00406703636965899	1.16325801519524	6
0.075126927980529	0.545745098121915	1
-0.118320882219923	0.967754079816769	307
-0.118122898816091	0.967298432155967	27
0.04809882712395	0.471095771394012	1
0.118266423815382	0.830246937213061	89
0.070079816310314	1.25213790956714	89
0.077743345219389	0.960757785466756	54
0.019455417782123	1.25808579547582	1
0.0480761847510181	0.471043419126657	1
0.075154138563505	0.545752345612659	1
0.101698104651073	0.696050801669448	1
0.091077980933823	0.622380620436406	1
0.074995176808577	0.545797766125804	6
-0.093645024658744	0.994849915392583	6
0.091318609332057	0.622081457327723	6
-0.0740152277652561	0.816295717198775	15
-0.016385484423359	0.662801208362155	15
0.084308290447826	0.583914618045903	15
-0.0980343570804339	0.353432748047731	15
-0.074056657166924	0.81638992795693	166
0.0480761847510181	0.471043419126657	166
0.030166210951231	0.767669262259195	166
0.0178702860833611	0.441387161072424	1
0.017807134329266	0.441473163114747	1
-0.038353018666431	0.414337941238971	1
-0.038111377288474	0.414177817025583	1
-0.042089496111302	0.630754759552082	307
0.0965910856076549	0.659917412289735	6
0.091098694249095	0.622340682489739	27
0.075126927980529	0.545745098121915	27
0.091208718711636	0.622276283523047	7
-0.075313591982397	0.599686009158765	105
0.111079126234761	0.764286352158639	32
0.041121887953011	0.801077906797172	89
-0.078870615534965	1.57213834961661	6
-0.102330345091486	0.785468465244391	1
-0.0163615331599321	0.663054207629342	1
0.106544718597846	0.730870685159062	1
-0.104044992532314	1.1617419044023	1
0.101445590063573	0.696512552624128	1
0.096244095825467	0.660171664152563	1
0.066942624015939	0.895757981090526	6
0.084412112566762	0.583689090508115	6
0.017835117517898	0.732956068850818	15
0.063079844351383	0.508356092101914	15
-0.0163581808666901	0.662463314604679	166
0.018054415695141	0.732724845641667	6
0.00311921498448697	0.697457472057385	1
0.0843112917921321	0.583903474694665	1
0.106488229938963	0.730774909008887	1
0.002907836355861	0.69770729158356	6
-0.033356555636895	0.879519610466098	307
0.096545392504077	0.659943711696897	307
-0.033161774165633	0.879544208868488	27
-0.038602105859896	1.07558608392332	27
-0.093926576391227	0.995612510243009	27
0.122669801737205	0.897913752873131	27
-0.042052298639449	0.630656110813843	1
0.020035663248961	0.998314136017895	54
0.118252333705608	0.830297307380977	54
0.026437560950939	1.28968229105051	6
-0.098235856286303	0.353414829103439	203
0.029934840235594	0.767703482283893	1
0.096545392504077	0.659943711696897	1
0.091143360720645	0.622339256267809	1
0.030296329830318	0.767438477700058	6
-0.102415268225124	0.785666912193693	6
0.063329730916325	0.508235697146491	6
-0.111950776076368	1.32454725630751	6
0.0508839216722859	0.83289945875952	6
-0.074056657166924	0.81638992795693	6
0.059655165473687	0.864318905112001	6
-0.016281321352695	0.662925995029655	15
0.075126927980529	0.545745098121915	218
0.091404661651203	0.621955343661036	166
0.063041286660701	0.508381254265831	1
0.075207110278836	0.545690657241514	1
-0.075232150203982	0.599654790054676	6
0.096697918450386	0.659634596918749	1
0.084456162756553	0.583813760351764	1
0.091208718711636	0.622276283523047	1
-0.091382934129692	1.54489437666227	6
0.0912947995307271	0.622151746026057	1
0.075340244041036	0.545452715371539	105
0.0181870775779061	0.732436549156271	105
-0.016335915718494	0.662959083307172	1
0.00305641110687505	0.697581345058754	1
-0.016255713429042	0.662862174171496	54
-0.102686307534456	0.785778960632847	32
0.048607265295453	1.12595145179241	89
0.114934342547909	0.797059766893869	34
0.091425427238918	0.621915360766391	1
0.084456162756553	0.583813760351764	6
0.050797267936644	0.833438469017457	6
-0.05424151628929	1.04883689259026	6
-0.051477639002128	0.847338954046078	6
0.017982236601208	0.732611827506294	6
-0.093977076923764	0.995677308316404	15
0.122506788814856	0.898321207212036	6
-0.097833196182046	0.353207340512575	15
-0.00268053286159098	0.939124218296037	15
-0.051457306152191	0.847351373371073	15
0.10127567121828	0.6964542852752	166
-0.0938684475518869	0.995601191813395	1
0.0181870775779061	0.732436549156271	1
0.091229452906914	0.622236320719878	1
0.063199066387906	0.508334523103492	1
0.063250955301187	0.508320544769257	1
0.075287287517624	0.545564195725926	1
0.08443724960764	0.583815130524904	1
0.096479300764425	0.660012762681798	6
-0.0383344554852471	0.414193392330842	1
-0.102308340792268	0.785349622788333	6
0.017792214528392	0.441468073086455	140
0.048022434192649	0.470939585084635	27
0.075181351138205	0.545711507796161	27
-0.069226572756302	1.21240788283563	7
0.018034213142027	0.732716523926003	7
0.084352289404545	0.58393081140269	7
0.101676656508942	0.696127132054422	105
0.04809882712395	0.471095771394012	54
0.012465469742163	1.225988999471	54
0.00991733888512503	0.967672941369186	54
0.096616353695589	0.659805884953559	89
-0.118391771318661	0.967731784005976	89
-0.016441749899156	0.663094658546721	89
-0.072801060821945	1.02266537964766	1
0.00974520622145902	0.968309720767745	1
0.017988059899997	0.732829633677683	6
0.048198009660274	0.470952990233888	15
0.048068364212171	0.4711048335323	15
-0.016283009867109	0.662848621894492	218
-0.102500197789548	0.785757997478442	166
-0.102286341248275	0.785141342567006	6
-0.051854317333041	0.848211428219714	1
0.075181351138205	0.545711507796161	1
0.059515524940443	0.864588436498283	1
0.017885151515488	0.441422043241892	1
0.063264431112624	0.508322918373419	6
0.018134870756271	0.441106968732687	1
0.00292846101567901	0.697751766608455	1
-0.102393270064865	0.785621271260328	1
-0.09771589802742	0.353095483927744	1
0.063264431112624	0.508322918373419	307
-0.073753874079192	0.815453919681417	27
-0.0939189378131891	0.995665967769638	27
-0.00259490356661396	0.939136543495739	1
0.033469160299847	1.31824794952523	54
0.048106601170115	0.471060653765222	89
0.096442306175418	1.12765280284843	34
-0.033132800683004	0.879505831008133	6
-0.098235856286303	0.353414829103439	1
-0.093940344114945	0.995592818383262	1
0.101575660041353	0.696331961700475	1
0.017900032419528	0.441350213980641	6
-0.102645204396027	0.785905962761285	15
0.091164084470982	0.622299304766125	15
-0.0980343570804339	0.353432748047731	218
0.075126927980529	0.545745098121915	1
-0.102456218495276	0.785740006128746	1
0.017963326955765	0.441341043477748	1
-0.01630861954926	0.662972643880192	1
-0.0332413060537901	0.879597911233598	1
0.0668766519737351	0.895894704152792	1
0.075207110278836	0.545690657241514	1
0.01808033287871	0.732518919974955	6
0.048106601170115	0.471060653765222	307
-0.038343745757691	0.414362328106443	307
-0.074077379269948	0.816333830861101	140
-0.097833196182046	0.353207340512575	27
-0.016388829064612	0.663040642355053	27
-0.097314325335099	0.352888726716764	32
-0.0980343570804339	0.353432748047731	54
-0.016279633249944	0.662720330762715	89
-0.0980343570804339	0.353432748047731	1
0.017822069649896	0.441368127807516	1
0.048137044135346	0.471051609861451	6
-0.038343745757691	0.414362328106443	6
-0.097314325335099	0.352888726716764	15
-0.098554588996423	0.353709685597233	15
-0.099075640655895	0.353944854479088	6
-0.098554588996423	0.353709685597233	6
-0.075321423367854	0.599706575982585	6
0.017792214528392	0.441468073086455	6
-0.098235856286303	0.353414829103439	6
-0.098554588996423	0.353709685597233	6
-0.037990233828196	0.414043933099704	27
-0.038343745757691	0.414362328106443	27
-0.038575520499092	0.414353051058273	7
0.048022434192649	0.470939585084635	1
-0.037990233828196	0.414043933099704	1
-0.041703977949106	0.63010119200323	1
-0.098756633713589	0.353692019334519	54
-0.098756633713589	0.353692019334519	349
0.074942174040501	0.545763158963254	1
-0.01614992368499	0.662541981757469	1
0.00318199696521804	0.697304602378743	1
0.048060623814151	0.471077472243728	180
0.063133636804223	0.508263388565242	180
-0.074059926477549	0.816268729099827	6
-0.075150817760178	0.599509934408343	6
0.048198009660274	0.470952990233888	15
-0.016283009867109	0.662848621894492	6
-0.038111377288474	0.414177817025583	6
-0.038343745757691	0.414362328106443	218
0.048167513635818	0.471016343360915	6
0.018041660723745	0.441230120289073	1
-0.04176434001203	0.630299228341388	1
-0.0420430831368011	0.630677137943554	1
0.0480379278286071	0.471087613431695	1
0.075263000840542	0.545201624247542	6
-0.038353018666431	0.414337941238971	1
-0.037980748731883	0.413953048132144	140
-0.0163615331599321	0.663054207629342	27
0.075313030370492	0.545493532457957	27
-0.038101962939554	0.414130609919789	27
0.075314502806718	0.545475329450318	7
0.047931005417711	0.470886155986589	7
0.091033282267716	0.622359946087841	1
0.091339369202452	0.622085083749103	1
-0.096996344736511	0.352712982272515	281
-0.075232150203982	0.599654790054676	89
0.091297844705168	0.622029190945966	1
0.017807134329266	0.441473163114747	6
-0.09771589802742	0.353095483927744	6
-0.0980343570804339	0.353432748047731	1
0.028774782915717	1.02866110524851	1
-0.00259490356661396	0.939136543495739	1
-0.00268617026568596	0.939405030659462	1
0.101575660041353	0.696331961700475	1
0.104397116137294	1.18905106321455	6
0.091250182351835	0.622152684934269	180
0.075260074216374	0.545605022666558	6
-0.016440085400675	0.663088444368722	6
-0.051940826616506	0.848240845915733	6
0.018134870756271	0.441106968732687	34
0.091143360720645	0.622339256267809	15
0.084478180970231	0.583797970147497	15
-0.074101324313536	0.816499131413652	15
0.101488476300627	0.696383144125033	15
0.01982753817009	1.25693913015755	6
0.01814960398396	0.440970472276922	245
-0.098756633713589	0.353692019334519	245
-0.075135049387965	0.599550836734038	166
0.048060623814151	0.471077472243728	1
0.041044675333898	0.801191981888201	1
0.050727480418829	0.833359177159267	1
-0.069292821887095	1.21262181933575	1
-0.098352883478491	0.353483822010577	6
0.059627543090137	0.864411013365518	307
0.063250955301187	0.508320544769257	140
0.01763654577387	0.441536831391427	27
-0.00414855160160998	1.16338827469116	27
-0.104061355749084	1.16179964611835	7
0.059787325371831	0.863875535650822	1
0.028943141788403	1.02836741348149	1
-0.102415268225124	0.785666912193693	281
-0.074948796019937	0.599181802999873	32
0.0914016202769971	0.621829025779538	54
-0.038584669491101	0.414442391647873	1
-0.032625975511636	1.29925060789598	1
0.075128371293633	0.5457500837636	6
-0.016414454254694	0.663108225094003	180
-0.016335915718494	0.662959083307172	180
0.0177292753209	0.441490978820015	6
0.084603981980349	0.583572903561045	6
0.0177292753209	0.441490978820015	6
-0.075142928248916	0.599571444913089	1
0.017792214528392	0.441468073086455	1
0.00294908055527099	0.697737592033022	6
-0.037868874847883	0.413866295648985	122
0.017558948417229	0.44151093634167	122
0.050795123779993	0.83328846563738	138
0.096463869771731	0.65993529092087	6
0.050640878574802	0.833505614672753	1
0.091425427238918	0.621915360766391	1
-0.038473517099805	0.414356124603627	307
-0.051589579730977	0.847760717326087	7
0.063316238487333	0.508174597084697	7
-0.0980343570804339	0.353432748047731	27
0.063264431112624	0.508322918373419	27
0.118234861166679	0.830249191399859	7
0.084349209646409	0.583766575955129	54
-0.038584669491101	0.414442391647873	54
-0.038343745757691	0.414362328106443	54
0.0177292753209	0.441490978820015	1
-0.060716499555302	1.77860880267102	6
-0.098554588996423	0.353709685597233	383
0.075260074216374	0.545605022666558	6
-0.072723768400245	1.0225361734268	180
-0.072700544187476	1.02247217026894	180
-0.074035939998639	0.816375692949902	6
0.017807134329266	0.441473163114747	34
0.017885151515488	0.441422043241892	34
-0.0750458549234641	0.599435065359958	6
0.029840840097093	0.767289376307191	6
-0.0980343570804339	0.353432748047731	6
-0.038353018666431	0.414337941238971	6
-0.074972574974717	0.599243066457034	1
-0.038464314880281	0.414424326723021	1
0.018041660723745	0.441230120289073	122
0.040988741716828	0.801264572434265	1
-0.074211481181239	0.816576302309726	1
0.063277903257855	0.508273973989328	1
-0.052012499494988	0.848088335598959	1
0.063291371738374	0.508166632881355	1
0.00314130593738404	0.697441333128085	1
0.115259038638211	0.796669396902325	1
0.050804157904576	0.833045783877742	7
0.00315989142489104	0.697262159893661	7
-0.11845294692131	0.967898691134635	27
-0.098554588996423	0.353709685597233	27
-0.098352883478491	0.353483822010577	27
-0.038695731466628	0.414371031823955	135
0.030144492492137	0.767619627834334	1
-0.098352883478491	0.353483822010577	54
-0.075061670752121	0.599394220982401	281
-0.025266364005302	1.10389702955598	54
-0.098352883478491	0.353483822010577	1
0.017901499241205	0.732901068709391	1
-0.111936593070848	1.32455231017136	1
-0.037999701638591	0.413940026884914	1
0.00326686832302703	0.69710344076095	1
-0.074104674446633	0.816121661040764	1
0.063370186185948	0.508081781188768	1
-0.075127181183508	0.599448766878507	1
0.048091133154588	0.471042169258016	1
0.017978153477464	0.441299012127764	1
0.017807134329266	0.441473163114747	180
-0.038343745757691	0.414362328106443	180
-0.038241631735444	0.41410029348193	34
0.017992995459897	0.441102845894737	34
-0.0980343570804339	0.353432748047731	6
-0.038111377288474	0.414177817025583	6
0.048175274861663	0.470945497752617	6
-0.098235856286303	0.353414829103439	6
-0.098554588996423	0.353709685597233	245
0.048060623814151	0.471077472243728	166
-0.09751494297264	0.353113627072122	1
-0.098554588996423	0.353709685597233	1
0.063370186185948	0.508081781188768	1
-0.037868874847883	0.413866295648985	1
-0.075329265417905	0.599645011435276	1
-0.042103503205385	0.630676821498528	1
0.075234323214785	0.545649823465162	1
0.075340244041036	0.545452715371539	1
-0.098756633713589	0.353692019334519	307
-0.075387356835628	0.59934804774837	27
-0.041899059019307	0.63044304553037	1
0.0178702860833611	0.441387161072424	1
-0.0383344554852471	0.414193392330842	54
0.017933720144475	0.441049099583088	89
-0.038343745757691	0.414362328106443	180
0.017807134329266	0.441473163114747	6
-0.0980343570804339	0.353432748047731	1
-0.041982672273346	0.630647826107759	1
-0.102774092011229	0.785798356931575	1
-0.102604151174065	0.785927542903538	1
-0.099278232245566	0.35392746874739	251
-0.098756633713589	0.353692019334519	6
-0.09771589802742	0.353095483927744	32
-0.098554588996423	0.353709685597233	32
0.018056432898871	0.441217944876616	32
0.03015170560917	0.767295389573991	32
0.091339369202452	0.622085083749103	1
-0.002727622212777	0.939368074022422	1
0.00279733770240898	0.697822392172466	1
0.019968563752135	0.997941693152582	1
0.059627543090137	0.864411013365518	1
0.048068364212171	0.4711048335323	1
0.063329730916325	0.508235697146491	1
-0.038232305482405	0.414275835906919	1
0.018074615566919	0.732680480598904	273
0.06357937288619	0.507816047405359	180
-0.038353018666431	0.414337941238971	180
-0.037999701638591	0.413940026884914	34
-0.041885092082105	0.630573386077958	6
0.048137044135346	0.471051609861451	6
0.01763654577387	0.441536831391427	6
-0.03812077431086	0.414038094571237	245
-0.098554588996423	0.353709685597233	70
-0.038473517099805	0.414356124603627	6
-0.09751494297264	0.353113627072122	1
0.017988059899997	0.732829633677683	1
0.0177143011176401	0.441519104636812	1
0.075128371293633	0.5457500837636	1
0.017807134329266	0.441473163114747	1
-0.098554588996423	0.353709685597233	27
-0.038473517099805	0.414356124603627	27
-0.0163615331599321	0.663054207629342	1
-0.098554588996423	0.353709685597233	54
-0.09771589802742	0.353095483927744	7
0.048129316552884	0.471060482975925	1
0.017855298774389	0.732964424136766	1
-0.0163615331599321	0.663054207629342	273
0.01777731021038	0.441303913539979	180
-0.038222961863263	0.414264406349458	275
-0.075240015986526	0.599593248021543	275
0.048198009660274	0.470952990233888	6
-0.075240015986526	0.599593248021543	6
-0.098554588996423	0.353709685597233	1
-0.0980343570804339	0.353432748047731	1
-0.038464314880281	0.414424326723021	122
0.017978153477464	0.441299012127764	1
0.075288755062965	0.545413343996195	1
-0.016390501986155	0.66262685981586	1
0.0843302922197891	0.583946577934216	1
-0.037990233828196	0.414043933099704	1
-0.038232305482405	0.414275835906919	6
-0.09771589802742	0.353095483927744	6
-0.038222961863263	0.414264406349458	6
0.017900032419528	0.441350213980641	7
0.01814960398396	0.440970472276922	7
0.091229452906914	0.622236320719878	32
0.063264431112624	0.508322918373419	89
0.091208718711636	0.622276283523047	34
-0.102645204396027	0.785905962761285	34
-0.09771589802742	0.353095483927744	6
0.0844592481269	0.583706954287991	180
0.017822069649896	0.441368127807516	6
-0.038353018666431	0.414337941238971	275
0.017792214528392	0.441468073086455	6
-0.0980343570804339	0.353432748047731	245
0.048137044135346	0.471051609861451	6
0.04814485185986	0.4709545254248	6
-0.038584669491101	0.414442391647873	1
-0.097833196182046	0.353207340512575	7
-0.097314325335099	0.352888726716764	1
0.04809882712395	0.471095771394012	54
-0.097833196182046	0.353207340512575	355
0.017963326955765	0.441341043477748	34
-0.016254021125977	0.662819169364524	180
0.091555967392424	0.621578399550103	34
0.048129316552884	0.471060482975925	275
0.017978153477464	0.441299012127764	6
-0.037990233828196	0.414043933099704	1
0.017792214528392	0.441468073086455	1
-0.075313591982397	0.599686009158765	1
-0.099597513992659	0.354101235493265	70
-0.041959463063889	0.630501322211344	6
-0.074318286925268	0.816704759460399	1
-0.038101962939554	0.414130609919789	1
-0.0980343570804339	0.353432748047731	122
-0.041741121307576	0.630227596837532	1
-0.038464314880281	0.414424326723021	1
-0.038473517099805	0.414356124603627	1
-0.038213600919535	0.414059767247702	1
-0.09751494297264	0.353113627072122	6
-0.075240015986526	0.599593248021543	7
0.018041660723745	0.441230120289073	251
0.0480379278286071	0.471087613431695	7
0.063329730916325	0.508235697146491	34
-0.098554588996423	0.353709685597233	34
-0.0980343570804339	0.353432748047731	34
-0.098352883478491	0.353483822010577	34
0.017885151515488	0.441422043241892	34
-0.097314325335099	0.352888726716764	1
-0.075119323641709	0.599193489684866	34
-0.096996344736511	0.352712982272515	6
-0.096796269002475	0.352488687791578	34
-0.097833196182046	0.353207340512575	1
-0.0980343570804339	0.353432748047731	1
-0.09751494297264	0.353113627072122	6
-0.09751494297264	0.353113627072122	32
-0.099597513992659	0.354101235493265	32
0.116760761104557	1.66620068862907	34
0.075586361197558	1.28107055459562	34
0.00310056827005101	0.697494286811066	1
-0.016414454254694	0.663108225094003	6
0.040966381594179	0.800845008095834	1
0.063343219674838	0.508238057982816	1
0.048137044135346	0.471051609861451	34
-0.033031690810956	0.879270841423898	34
0.063408471126852	0.508125343240681	6
-0.09751494297264	0.353113627072122	6
0.075046740623488	0.545717615515664	6
0.063250955301187	0.508320544769257	1
0.084478180970231	0.583797970147497	1
-0.033103821624906	0.879408976519987	1
0.075128371293633	0.5457500837636	6
0.0177292753209	0.441490978820015	139
-0.038232305482405	0.414275835906919	27
-0.038584669491101	0.414442391647873	27
-0.098873389158817	0.353718585819526	27
-0.054217816937616	1.04879214137344	1
-0.07272893242367	1.02259726800302	32
0.089472337848855	1.06117678498866	34
-0.017251746680004	1.54810846246817	34
-0.102415268225124	0.785666912193693	6
-0.073991306393046	0.816234952867646	1
-0.033436109892696	0.879554136023872	1
-0.051696367752016	0.847822357958661	34
0.075260074216374	0.545605022666558	6
0.084581942720471	0.583588716949427	1
0.017914928832515	0.441120871664386	1
0.0178702860833611	0.441387161072424	1
-0.051721916884086	0.848043425468633	1
-0.074867619725942	0.599090428767936	1
-0.0750458549234641	0.599435065359958	1
0.063500690585278	0.50798896479976	1
-0.038343745757691	0.414362328106443	1
0.0177143011176401	0.441519104636812	7
-0.0383344554852471	0.414193392330842	27
0.075207110278836	0.545690657241514	27
-0.0383344554852471	0.414193392330842	1
0.096814389400516	0.659332165932438	32
-0.097314325335099	0.352888726716764	89
0.124081168353278	0.933154133581501	6
0.017978153477464	0.441299012127764	152
0.120937913774026	0.863184184215543	213
-0.098554588996423	0.353709685597233	34
0.08464142350167	0.582904244602216	34
0.091297844705168	0.622029190945966	6
-0.051701613745023	0.847993548421683	1
-0.098756633713589	0.353692019334519	166
0.063237475822118	0.508259419397331	166
0.050822798029651	0.833387554632983	6
0.048183116294703	0.470731915364278	1
-0.041787558524264	0.63030518261539	1
-0.0750458549234641	0.599435065359958	1
-0.093940344114945	0.995592818383262	1
0.017988059899997	0.732829633677683	1
-0.099278232245566	0.35392746874739	1
-0.042066289731086	0.630748823283636	1
-0.098352883478491	0.353483822010577	6
-0.098873389158817	0.353718585819526	6
-0.037999701638591	0.413940026884914	139
-0.038232305482405	0.414275835906919	139
0.018041660723745	0.441230120289073	7
-0.098554588996423	0.353709685597233	27
0.048228532197089	0.470856745105674	7
0.0177292753209	0.441490978820015	32
-0.0549388584644061	1.23803773238799	32
0.04083951622722	0.801347910398527	89
-0.041847927464025	0.630459992763821	89
0.0480379278286071	0.471087613431695	7
0.106477768959131	0.730983083314581	213
0.084371226517559	0.583859348821932	1
-0.054102528716395	1.04828258682538	6
0.018048630177984	0.732532044015002	34
0.063421972840391	0.508127690026033	34
0.091232551320138	0.622135778002015	1
-0.074407938002382	0.816587305097345	1
-0.072646442103011	1.02214420733913	1
-0.038222961863263	0.414264406349458	1
-0.09751494297264	0.353113627072122	166
0.018105450348108	0.440943772778367	166
-0.03314017727696	0.879418197412975	166
0.048167513635818	0.471016343360915	1
0.017792214528392	0.441468073086455	1
-0.09751494297264	0.353113627072122	1
-0.09751494297264	0.353113627072122	1
-0.075247892420489	0.59937445297054	1
0.101315508697123	0.696569312787746	1
-0.038222961863263	0.414264406349458	1
-0.0980343570804339	0.353432748047731	1
0.048083519131537	0.470840918920392	139
-0.118254872563462	0.96763483364418	27
-0.098554588996423	0.353709685597233	27
-0.097833196182046	0.353207340512575	1
-0.038343745757691	0.414362328106443	89
-0.099075640655895	0.353944854479088	89
-0.075321423367854	0.599706575982585	89
-0.0980343570804339	0.353432748047731	7
-0.097833196182046	0.353207340512575	152
-0.00435158861330798	1.16363480903179	6
0.040983370943716	0.80133427153077	34
0.091208718711636	0.622276283523047	34
-0.095336665179111	1.34862146993894	34
0.096499669214274	0.659905169645271	166
0.12078675141296	0.863731278218524	1
0.084182350474447	0.583957697516659	1
0.096352396025853	0.66007976754343	1
0.017829233925597	0.732852964680826	1
0.120601838407696	0.864003617679907	1
-0.016414454254694	0.663108225094003	1
-0.097833196182046	0.353207340512575	12
-0.098352883478491	0.353483822010577	72
-0.038222961863263	0.414264406349458	72
0.017900032419528	0.441350213980641	7
0.020035663248961	0.998314136017895	27
0.063172144305836	0.508381075212563	1
-0.093984683009035	0.99528413934325	7
0.030079564965479	0.767613613628681	89
0.063093297955259	0.508417242046547	7
-0.03318335436655	0.879582055914319	34
-0.0383344554852471	0.414193392330842	34
-0.0980343570804339	0.353432748047731	6
0.101488476300627	0.696383144125033	213
-0.118320882219923	0.967754079816769	6
-0.102478205765596	0.785785640793822	1
-0.00421318851574104	1.16349574834751	34
0.017807134329266	0.441473163114747	1
-0.00270691094721598	0.939426980632852	1
-0.098756633713589	0.353692019334519	1
0.017963326955765	0.441341043477748	166
0.066973980573435	0.895548376224765	6
0.101286432440022	0.696543038899367	1
0.017885151515488	0.441422043241892	1
0.091274054880803	0.622191717871612	1
0.030202611170759	0.7672039451182	1
-0.1025382689439	0.785554693246388	1
0.020098890261393	0.998135843430158	1
0.106271848606222	0.730967536318288	1
0.063079844351383	0.508356092101914	72
0.00294908055527099	0.697737592033022	27
0.0410166630247319	0.801299390935011	27
0.118161038314949	0.830424898928668	1
-0.097314325335099	0.352888726716764	54
0.111126528387805	0.764205933098242	32
-0.072589807937356	1.02222003348671	32
0.048068364212171	0.4711048335323	34
-0.098554588996423	0.353709685597233	34
-0.102456218495276	0.785740006128746	213
-0.075142928248916	0.599571444913089	6
0.00305641110687505	0.697581345058754	6
-0.074867619725942	0.599090428767936	34
-0.074318286925268	0.816704759460399	34
0.048205724416729	0.470910260347338	34
0.00324828705636504	0.697087935571018	6
-0.097833196182046	0.353207340512575	1
-0.038575520499092	0.414353051058273	1
0.047931005417711	0.470886155986589	1
-0.09751494297264	0.353113627072122	7
-0.038353018666431	0.414337941238971	7
-0.09751494297264	0.353113627072122	7
0.018026903922419	0.441132034202971	27
0.063421972840391	0.508127690026033	32
-0.016283009867109	0.662848621894492	32
0.017699342444723	0.441384704650949	89
0.075046740623488	0.545717615515664	34
-0.038111377288474	0.414177817025583	213
0.075446133727515	0.545134777402124	34
0.084688893688887	0.583361206761243	34
0.084412112566762	0.583689090508115	34
-0.0980343570804339	0.353432748047731	34
-0.0980343570804339	0.353432748047731	34
0.018056432898871	0.441217944876616	6
-0.097833196182046	0.353207340512575	6
-0.033284459182909	0.879654013737668	1
-0.09771589802742	0.353095483927744	1
-0.038222961863263	0.414264406349458	1
-0.0980343570804339	0.353432748047731	1
-0.038111377288474	0.414177817025583	1
-0.0980343570804339	0.353432748047731	1
-0.075127181183508	0.599448766878507	1
0.017822069649896	0.441368127807516	1
0.017978153477464	0.441299012127764	1
-0.041899059019307	0.63044304553037	6
-0.041838664214195	0.630355242517293	1
-0.042029090058758	0.630725452876737	7
-0.075492339365296	0.599688769725692	7
-0.037999701638591	0.413940026884914	27
0.04800751798394	0.471042122206643	27
-0.038222961863263	0.414264406349458	27
-0.075158717915544	0.599291194086621	1
0.048228532197089	0.470856745105674	1
-0.074187426761161	0.816606642247111	32
0.063014416275205	0.508427756633545	7
0.017885151515488	0.441422043241892	7
0.048183116294703	0.470731915364278	89
0.047553338417061	2.18229254659875	34
-0.038343745757691	0.414362328106443	213
-0.00383937785725996	1.16251783358818	6
0.086178327574854	1.02713035875926	34
0.033713339995735	1.31812290639514	34
0.066794230351654	0.89594418348838	34
0.124106285974575	0.93317110159551	34
0.029017196893685	1.02839453297591	1
-0.075247892420489	0.59937445297054	1
0.0410552948306659	0.801217980767438	1
0.101698104651073	0.696050801669448	1
0.096377423533227	0.659864975178518	1
0.030318066175677	0.76741538842748	1
-0.038643612345992	1.07598749795263	1
0.120835252639555	0.863518796296686	1
-0.041922270637053	0.630589539613816	72
0.0290770331165769	1.02816511245864	7
0.101419309094661	0.696365552867998	7
0.0843112917921321	0.583903474694665	27
0.078103047143019	0.959999096534797	27
-0.0170325384847601	0.910114911383211	27
0.106727599285186	0.730248839921803	1
0.026434838460799	1.28961718277976	1
-0.016412785933738	0.662981596025657	54
0.048091133154588	0.471042169258016	54
0.036367829978823	1.06033006883637	32
0.082528754425138	0.992677446691091	7
-0.124461972144232	1.65567897301329	34
-0.044906592238018	1.65049264121527	6
0.026587952096886	1.28910787723702	34
0.00976493618556395	0.967957642555874	34
0.091187979765687	0.622272623786636	1
-0.00279818433735701	0.939535965995986	1
-0.038578049121983	1.07597110667925	1
0.091119402820051	0.622257069897141	1
0.084434139955068	0.583781834448672	1
0.0177143011176401	0.441519104636812	12
-0.075329265417905	0.599645011435276	12
0.048068364212171	0.4711048335323	72
0.00305641110687505	0.697581345058754	72
-0.014003134931136	1.132968280653	7
-0.017071181777956	0.910147620489203	7
-0.102604151174065	0.785927542903538	1
-0.038111377288474	0.414177817025583	34
-0.098554588996423	0.353709685597233	34
0.036464925708565	1.05989769394177	213
0.096365046815019	1.12772128694841	34
0.122726742964545	0.897773763558564	34
0.111211631993151	0.764126122812867	173
-0.041982672273346	0.630647826107759	1
-0.038584669491101	0.414442391647873	1
0.063329730916325	0.508235697146491	1
0.084374282001252	0.583870435607684	1
-0.093990827409125	0.995598102864822	1
0.096870803145687	0.65896027243645	1
-0.111979164263391	1.32424030556057	1
-0.074012039357249	0.816178893464369	1
0.118175131290744	0.83041232827605	1
-0.051767812830155	0.84809156874333	1
-0.0169375416865331	0.909901267738895	1
0.020004044825138	0.998327206796695	1
-0.093817956399095	0.995506580891877	12
0.063394965740158	0.508064277585327	72
0.084456162756553	0.583813760351764	72
0.0750209619564241	0.545799116154301	72
-0.016988581484473	0.909877064119505	7
-0.066990210873406	1.5985279310087	27
0.020192454181537	0.998045135627717	7
0.059495353666729	0.86457604362879	7
-0.05168131311371	0.847881224595234	7
0.096392829609214	0.660124538560593	6
-0.0552090808801971	1.23970504360207	6
0.042926998709423	1.09270559134591	34
0.120926544868014	0.863310261566928	34
0.012239200684965	1.22657358698582	34
0.115082903568146	0.797182008122016	6
-0.00792024523294199	1.5728857035105	1
-0.0541670553297821	1.04846992441158	1
0.066879947247269	0.895774168700673	1
-0.051767812830155	0.84809156874333	6
0.084248278996651	0.583913586861772	1
0.0597098152911481	0.86407969045615	1
-0.033154370153593	0.879485184153655	1
0.063370186185948	0.508081781188768	72
0.040916816705274	0.801334464919211	72
-0.016849838063258	0.909603690889478	72
0.084585136504098	0.583529006517462	7
-0.118097807696667	0.966775785657841	27
0.072781304825547	0.928045203088818	27
0.066835439542411	0.896021502018484	1
0.106549892286542	0.730837742747949	1
0.118266423815382	0.830246937213061	7
0.084478180970231	0.583797970147497	7
-0.075127181183508	0.599448766878507	34
0.091339369202452	0.622085083749103	213
0.05396988550433	1.15867484225677	34
0.019333417793051	1.47386517098407	34
0.08219551916961	0.993741558375593	34
0.072661725389616	0.927970096447754	34
0.124348078207799	0.93257140548937	34
-0.033212332998339	0.87962044583674	1
-0.013798612728081	1.13277076173745	1
0.084352289404545	0.58393081140269	1
0.120789608088662	0.863594934903371	12
0.048159832487555	0.470997103993803	12
-0.03301009271648	0.879148170870755	72
0.096636748414928	0.659827762496698	72
0.111146979469236	0.764243572648069	27
-0.00380710317683097	1.1622748996315	27
0.047969254831406	0.471023900646723	7
0.089075567842766	1.06230604270091	7
0.0728899413181771	0.927850297546367	1
0.118234861166679	0.830249191399859	1
0.111164306046251	0.764127874340039	7
0.101445590063573	0.696512552624128	6
0.120892274411964	0.863358063451986	6
0.08581016560444	1.02788741628788	34
0.036563569235651	1.05976737089485	6
-0.118652906464027	1.48879792049898	1
0.017967864460789	0.732821298651971	1
0.017885151515488	0.441422043241892	1
0.082147838072311	0.993979338177966	1
0.066949199425023	0.895669862336229	1
0.091057262873807	0.622376934191527	6
-0.016334235224492	0.663007552598854	1
0.063237475822118	0.508259419397331	1
-0.033190742077624	0.879521667621264	1
0.040916816705274	0.801334464919211	1
-0.00397020395566605	1.16258822719784	1
0.122457624514592	0.898354690175831	1
0.096479300764425	0.660012762681798	12
0.120818136912828	0.863666507630011	12
-0.042005881270846	0.630719515069575	12
-0.073949855274927	0.816140733367379	12
-0.025224160116245	1.10338460360469	7
0.017901499241205	0.732901068709391	7
-0.00401784084308998	1.16308430134186	27
0.121032101575343	0.862990462159521	27
-0.00434385461283904	1.16356501453952	1
-0.016976135273037	0.909873496756898	7
0.111282686388154	0.763975438333635	7
0.017962056258793	0.732767940869475	7
0.028785938556454	1.02883023256479	213
-0.102626121428237	0.785899865880792	6
-0.093709333812509	0.995094649189672	6
-0.074039234959029	0.816028367762159	34
0.0598590310980151	0.863467151234597	34
-0.051986780795005	0.848266740933482	34
0.067077915418259	0.894930068150014	34
-0.1181888780838	0.967483424037025	34
-0.038353018666431	0.414337941238971	1
0.00296969497419597	0.697668597176143	1
0.017822069649896	0.441368127807516	1
0.101517531985938	0.696409457912416	1
0.0177888935137011	0.732994395968385	12
0.048106601170115	0.471060653765222	12
0.063394965740158	0.508064277585327	1
0.048175274861663	0.470945497752617	72
0.017855436085875	0.441193221226084	72
-0.07503796297973	0.599333001659143	72
-0.038464314880281	0.414424326723021	7
-0.093796521306471	0.995422279507028	27
-0.052053036066266	0.84825042052051	7
0.017885151515488	0.441422043241892	7
0.048137044135346	0.471051609861451	1
-0.0750458549234641	0.599435065359958	54
-0.075240015986526	0.599593248021543	32
-0.041991904254684	0.630597832764327	7
0.074995176808577	0.545797766125804	213
0.059492311591567	0.864543754520659	6
-0.078800807170645	1.57191233506269	34
0.122742200269547	0.897653148001279	34
0.118192586525153	0.830344932680984	1
0.072932361681287	0.927654472497311	1
0.101474667168572	0.696453090094762	1
0.106622013195796	0.730630751210004	1
0.0507341197079501	0.8333851319217	7
0.122546845316987	0.898087706694959	27
0.096616353695589	0.659805884953559	7
0.091360124316574	0.622045105168558	1
-0.0690439872941711	1.2120264755551	7
-0.051589579730977	0.847760717326087	7
-0.033060654015574	0.879309192246952	7
0.0245544377547861	2.1725239940949	34
0.106433958541662	0.731013916701746	213
0.111028617760655	0.764197932744112	34
0.122702160645453	0.89788397714407	34
0.092905763499194	1.09492938725593	34
0.120615549896702	0.863675688569868	34
-0.00279252005736397	0.939112358177615	34
-0.016965758113602	0.910044166485404	34
0.106511239233643	0.730937039839339	34
-0.00284785043890101	0.939386397353589	34
0.106426716520991	0.730482175904756	1
-0.038101962939554	0.414130609919789	1
0.002907836355861	0.69770729158356	1
0.06357937288619	0.507816047405359	1
0.101626157830299	0.696240291814015	1
0.018094812759939	0.732583367161598	1
0.084474992835432	0.58358875340051	1
-0.016306935255432	0.662900709878385	1
0.096458929986788	0.660076529122411	12
0.02933673127056	1.02679269906831	12
-0.099075640655895	0.353944854479088	72
0.084415246499077	0.583875515619935	7
-0.033082246161423	0.879402376658291	7
0.040983370943716	0.80133427153077	27
-0.093767464363777	0.995381507826143	7
-0.016254021125977	0.662819169364524	1
-0.0750458549234641	0.599435065359958	1
0.084456162756553	0.583813760351764	7
-0.075321423367854	0.599706575982585	1
-0.038643612345992	1.07598749795263	7
0.048022434192649	0.470939585084635	7
0.091229452906914	0.622236320719878	213
0.075446133727515	0.545134777402124	34
-0.118016071398683	0.967038954841115	34
0.096479300764425	0.660012762681798	34
0.00299358534899896	0.697678094612967	6
0.048175274861663	0.470945497752617	1
-0.102393270064865	0.785621271260328	1
-0.09771589802742	0.353095483927744	1
0.017963326955765	0.441341043477748	1
0.017921687581491	0.73290941491741	1
0.00301461825294003	0.697663368297709	1
0.050776187706151	0.833492992697793	1
-0.016306935255432	0.662900709878385	72
0.075234323214785	0.545649823465162	7
-0.093998504657095	0.995741930333831	27
0.017855436085875	0.441193221226084	1
0.0176215327131241	0.441435638108329	1
0.075234323214785	0.545649823465162	1
0.0751011590761021	0.545790922920221	1
-0.075329265417905	0.599645011435276	1
-0.0542619695375231	1.04893532349883	7
0.059316946925094	0.864342475644617	213
0.059332107956204	1.19029460643021	213
0.030245716584028	0.767522881766889	34
0.082098772900553	0.994177509644416	6
0.048557232073669	1.12594205477067	6
-0.033212332998339	0.87962044583674	1
0.124106285974575	0.93317110159551	1
-0.041922270637053	0.630589539613816	1
0.122636035954438	0.897701455085782	1
-0.118473343453346	0.967800638443948	12
0.101676656508942	0.696127132054422	1
-0.054397690640078	1.04909955236046	72
0.0507318305372591	0.833518121235665	72
-0.00414088768882503	1.16310488662237	7
0.084500194595213	0.583737580326332	7
0.059641212542715	0.864136867590456	27
0.075207110278836	0.545690657241514	1
-0.09696330104037	1.70719758642285	1
0.120769604322043	0.863631046341246	1
0.017992995459897	0.441102845894737	1
0.124328188149012	0.932568560738207	1
0.118343633913596	0.830093618166267	213
0.020116793075137	0.998147974037242	34
-0.111862618628535	1.32409876058458	34
0.104090400323529	1.18995829449325	6
0.042877788021193	1.09282702518306	6
-0.081342909262314	1.3770021863476	1
-0.051630220696602	0.847666253689669	1
0.066794230351654	0.89594418348838	12
0.0410552948306659	0.801217980767438	1
0.091511479581641	0.621677137681089	1
-0.00270691094721598	0.939426980632852	1
0.115411073626136	0.796159129392575	1
0.048030140972728	0.471086554526434	1
0.01774854247933	0.732918890317892	1
0.048274405061996	0.470624469209025	12
-0.014019424581423	1.35989536805211	12
0.09657069967864	0.659939226936215	72
0.00962721189639404	0.968518311400869	27
0.059563306999273	0.864526088588019	1
-0.054380413204779	1.04888626208232	1
-0.037980748731883	0.413953048132144	1
0.00312140115126003	0.697366293551526	7
-0.046922110299784	1.46508641040043	7
-0.104221206186145	1.1619396888872	213
0.029028288752865	1.02794209251246	213
0.028954296636671	1.0285308452082	213
0.040257600257941	1.34833157143116	34
0.106351630391349	0.730682825037143	34
0.020299758678082	0.997691548361802	6
0.121840532004518	1.29836669765581	1
-0.072594895322079	1.02216240326796	1
0.00321639864751	1.41803009694549	1
0.10640046829823	0.731059995223998	1
0.062935499292038	0.508409645966285	1
-0.069078754760871	1.21207645895731	1
0.106382681004902	0.730865984271612	1
0.075260074216374	0.545605022666558	1
-0.041908305713741	0.630579329942369	1
0.111173966126277	0.764044222867154	7
0.063538778912472	0.50757149110358	72
-0.102456218495276	0.785740006128746	72
0.059651425095581	0.864368927495552	27
0.064430003922509	1.22246776469395	27
0.122457624514592	0.898354690175831	27
-0.095809814358768	1.350459161527	27
-0.016414454254694	0.663108225094003	1
0.118234861166679	0.830249191399859	1
-0.093716971454895	0.995224858764752	1
0.075482287449252	1.28172885437451	1
0.124145778288133	0.932668884589262	1
0.048022434192649	0.470939585084635	1
0.017967864460789	0.732821298651971	34
0.082220097639229	0.993793614074515	1
-0.104373411005807	1.51661539057167	1
-0.041968693252402	0.630667165648645	1
0.096682380817284	0.659672230044936	1
-0.0689100943813959	1.40643427779055	12
0.075208565707402	0.545622611509452	12
0.048060623814151	0.471077472243728	1
-0.038353018666431	0.414337941238971	1
0.018056432898871	0.441217944876616	12
0.085624332480744	1.0284209079186	72
-0.013675947077153	1.13246287882684	72
0.048167513635818	0.471016343360915	72
0.0510024621098471	0.832826144818018	27
0.100309581013793	1.15887808869367	34
-0.098364539655447	2.0107213720733	34
0.054121541899671	1.15822724141553	6
0.018207291709443	0.732392184835594	34
0.115234948213774	0.796831032986354	34
0.091122632222559	0.622335582429877	34
0.063250955301187	0.508320544769257	6
0.091229452906914	0.622236320719878	34
0.075461474135378	1.28180014966589	6
-0.00431926351142498	1.16361443944523	6
0.00464482919864795	1.19457123397653	6
0.072963872568775	0.927656483443703	6
0.106416105282094	0.730901247199573	1
-0.055917737084533	1.6257809677145	1
-0.097833196182046	0.353207340512575	1
-0.068874609599678	1.4062253208853	1
-0.074035939998639	0.816375692949902	12
0.075075383686997	0.545765523362656	12
-0.042103503205385	0.630676821498528	1
-0.069107003888869	1.21235789851164	12
0.04809882712395	0.471095771394012	12
0.096525015331737	0.660007482888487	72
0.041121887953011	0.801077906797172	27
0.063277903257855	0.508273973989328	1
-0.038343745757691	0.414362328106443	1
0.063079844351383	0.508356092101914	1
-0.094006138135298	0.995567157402445	7
0.084519064067727	0.583713359197363	7
0.0964235617068	1.12767352492699	34
0.02875448819662	1.02876862426476	6
-0.0518340276884049	0.848161563336183	6
-0.00257138565719595	0.939028604887093	6
0.106377412381371	0.731000600822443	6
0.100449388852857	1.15854741836646	6
0.050710794196572	0.833449342403027	6
-0.00412394874548605	1.16338137489168	1
0.00984480444635405	0.968003390171822	1
0.059559594628945	0.864532651974016	12
0.017982236601208	0.732611827506294	12
-0.041982672273346	0.630647826107759	12
0.0178702860833611	0.441387161072424	12
-0.074256280257576	0.816460243625329	12
-0.091200292073488	1.54443243043279	7
0.063079844351383	0.508356092101914	72
-0.00386401338697595	1.16252487193116	7
0.101626157830299	0.696240291814015	1
-0.042005881270846	0.630719515069575	1
0.066832150663736	0.895964717877258	34
0.106616840138634	0.730684244546345	34
0.066759598327326	0.896028550029544	34
-0.033103821624906	0.879408976519987	34
0.041183274202388	0.800759527607728	1
-0.0136131577088	1.13221007391103	1
-0.075224295078979	0.599634201404957	1
0.05095585692327	0.833026426386197	1
0.018071220485707	0.441051573299806	1
0.0841193466029641	0.583943424674886	12
0.096479300764425	0.660012762681798	12
0.063356704764237	0.50818911175335	100
-0.00404243473723898	1.16319752564577	12
0.123003710744966	0.89668019918584	12
0.009741522789814	0.968383369073837	12
-0.069047233125154	1.21206893194796	12
0.10650096639658	0.73086029040724	72
-0.02517507593196	1.10368797099451	27
0.00945143388240999	0.968609158800613	27
-0.016921861134754	0.909857938987361	27
0.00322244767168101	1.4181890891876	1
0.0843112917921321	0.583903474694665	7
-0.085154475948505	1.18603335245491	6
0.028803192166307	1.02884995237945	6
0.00281793478088599	0.697808245282518	34
0.054046773853339	1.15851822628688	34
-0.046889659222567	1.46525380789086	34
0.0859460147589191	1.02747609378544	6
-0.072762418845096	1.02263299564949	6
0.118238236262034	0.830290545006268	1
0.073118185930991	0.927202246897885	1
-0.068965408699619	1.40664975475261	1
-0.091272901878983	1.54467294753556	1
-0.118143327583173	0.967200514735442	1
0.115017353410534	0.797304338435852	12
-0.102686307534456	0.785778960632847	12
0.106462358768315	0.730832786881369	1
0.00307849189864695	0.697565218519348	1
0.017921687581491	0.73290941491741	12
0.0364416938937659	1.05986865829332	12
-0.074318286925268	0.816704759460399	72
0.091208718711636	0.622276283523047	72
-0.038612577316588	1.07603785305031	72
0.066939341219405	0.895701430537583	72
0.075260074216374	0.545605022666558	72
0.114979340398373	0.797333322539547	7
0.082147838072311	0.993979338177966	7
0.077890061368757	0.960549489046218	27
-0.0818946692670111	1.37850347792365	27
0.096545392504077	0.659943711696897	27
0.030267446983573	0.767524505470819	27
0.017651574411606	0.441465173551282	34
0.124000582805944	0.933200117465963	34
0.075048171822478	0.545806361158126	34
0.030101332392427	0.767397452864112	6
0.047243084920681	1.37605760909859	34
0.0263999660826491	1.2897690163156	34
0.118220776949686	0.830339124687948	34
-0.093565487576229	0.994544030415286	34
-0.00275115245477697	0.939449512722338	6
0.111347328046526	0.763737608680229	6
-0.072705613789	1.0223122918427	1
0.017900032419528	0.441350213980641	1
0.106444307745161	0.731009070221673	1
-0.016855102726004	0.909735413873122	1
0.101386175085378	0.696326391407598	12
0.078167982153638	0.959902929342611	12
0.050888203448457	0.833258632868648	12
-0.0383344554852471	0.414193392330842	12
0.066541950971179	0.895703421270403	72
0.091407575420728	0.621629023677516	72
0.036025672601031	1.06064151823854	72
0.082017417774618	0.994311442723866	72
0.050615442566337	0.833384686147496	7
-0.013752980187521	1.13265178799612	1
0.019565434813706	1.25785671113853	1
-0.033060654015574	0.879309192246952	1
-0.037999701638591	0.413940026884914	1
-0.056605397801933	2.09425077361721	7
-0.055437608343811	1.24020716571987	1
-0.0543330619107	1.04898789840479	7
0.020116793075137	0.998147974037242	34
0.040955480090218	0.801253007009373	6
-0.016440085400675	0.663088444368722	6
0.030079564965479	0.767613613628681	6
0.072949733921722	0.927742534003055	34
0.063054716370341	0.508273958387836	34
0.106606606984653	0.73060171770419	34
0.040983370943716	0.80133427153077	6
-0.00259764613396296	0.939087030241356	6
0.106477768959131	0.730983083314581	6
0.030267446983573	0.767524505470819	6
0.017699342444723	0.441384704650949	1
0.062935499292038	0.508409645966285	1
-0.052027340674671	0.848172105335391	1
-0.016414454254694	0.663108225094003	1
0.063356704764237	0.50818911175335	1
0.00314130593738404	0.697441333128085	12
0.091211792408884	0.622019672117386	12
-0.093767464363777	0.995381507826143	12
0.10640046829823	0.731059995223998	12
0.018074615566919	0.732680480598904	72
0.030253251680249	0.767069099190676	72
0.042877788021193	1.09282702518306	34
0.082098772900553	0.994177509644416	34
0.096809608574809	0.659451270898266	34
-0.051548948860771	0.847598546590723	34
0.053826748426334	1.15894098549846	1
0.063199066387906	0.508334523103492	1
-0.069015714723954	1.21199764660259	1
0.017855298774389	0.732964424136766	1
0.101647599967366	0.696186535969026	1
0.059543165397823	0.864469592730684	12
0.091360124316574	0.622045105168558	12
-0.0956372884521251	1.34928147151356	12
0.017963326955765	0.441341043477748	72
-0.042005881270846	0.630719515069575	7
0.054084157035494	1.15838378967086	1
0.063408471126852	0.508125343240681	1
-0.038473517099805	0.414356124603627	1
0.120572828456982	0.864025527872883	34
0.048129316552884	0.471060482975925	34
0.063606417148818	0.507659920448346	6
-0.016359856860222	0.662954716710527	6
-0.014209220649001	1.36060207193187	6
0.084308290447826	0.583914618045903	1
-0.074778579016601	0.598838855860113	1
-0.075061670752121	0.599394220982401	1
0.12070972755969	0.863852792853037	1
0.091315539427417	0.622068107957982	1
-0.1181888780838	0.967483424037025	1
-0.043248557758908	1.26880799811451	12
0.00292846101567901	0.697751766608455	12
0.00299358534899896	0.697678094612967	100
-0.01630861954926	0.662972643880192	100
0.118220776949686	0.830339124687948	100
0.00991367555854195	0.967612107428179	100
-0.013841354358588	1.13268197018929	12
-0.038353018666431	0.414337941238971	72
-0.098352883478491	0.353483822010577	72
0.0968756246910361	0.659268401068894	72
0.106343978172442	0.730965340303	27
-0.075142928248916	0.599571444913089	7
0.00301461825294003	0.697663368297709	1
0.048175274861663	0.470945497752617	1
-0.038612577316588	1.07603785305031	7
-0.098554588996423	0.353709685597233	34
-0.0163615331599321	0.663054207629342	6
0.116007855054469	1.59510218764412	6
-0.091272901878983	1.54467294753556	6
0.101564138845998	1.41385740356891	6
0.121565017719315	1.29911441767851	34
-0.055283217828898	1.23979088947923	34
-0.016904107647309	0.909772188157951	34
0.091360124316574	0.622045105168558	34
0.101347491303151	0.696441935032952	6
0.111262242788444	0.763977742221021	1
-0.038213600919535	0.414059767247702	1
0.0967435772623571	0.659608498567667	1
0.018120754932501	0.732594284903955	1
-0.093724565567512	0.995046186482964	1
-0.0163615331599321	0.663054207629342	1
-0.102519190369605	0.785826602283405	100
0.088957736295155	1.0621577568935	100
0.081896020896168	0.994369129245631	12
0.091360124316574	0.622045105168558	72
-0.074122030630818	0.81651335162147	12
-0.03876810677938	1.07547093292683	7
-0.014108906489543	1.35997680621862	7
0.10652942336343	0.73059193894722	7
-0.075321423367854	0.599706575982585	34
-0.0560750510190881	1.62562020258954	6
0.02624959778478	1.28989256769023	34
0.0181409619267811	0.73254991886232	34
-0.013798612728081	1.13277076173745	34
0.01814960398396	0.440970472276922	1
-0.10258513378082	0.785727272580979	1
-0.016387156575993	0.663061566941855	12
0.018100545250654	0.732585978686206	12
0.092821006446978	1.09462409271907	72
0.063277903257855	0.508273973989328	72
-0.075150817760178	0.599509934408343	72
0.063185607178434	0.508383460359442	7
0.078200418245456	0.95975816048588	7
0.041265726754033	0.800526550054351	7
-0.074956711698704	0.599283845361732	1
-0.00268888045695903	0.939310117634896	34
0.096550311400883	0.659917332501928	34
0.048220943826483	0.470759815695374	6
0.121807452158688	1.29849713753532	34
0.118469849390249	0.829537214940645	34
-0.1101350901838	1.68162762339204	34
-0.043485010277872	1.26942881297793	34
0.00981037392180095	0.968156161185521	34
0.120726857246421	0.863837448394153	34
-0.093746023278949	0.995265614945914	6
-0.091055060965993	1.5436674879512	6
-0.00259490356661396	0.939136543495739	1
-0.118280070505847	0.96771546914886	1
0.002907836355861	0.69770729158356	1
0.017768719325702	0.732986033736395	1
0.050799487799396	0.833451751970731	12
-0.112104934357571	1.32467693252904	12
0.064629163597447	1.22202932567539	72
-0.0518340276884049	0.848161563336183	72
-0.102497218741647	0.785707725980518	27
-0.01390411757634	1.13293474829778	7
0.115017353410534	0.797304338435852	7
-0.041922270637053	0.630589539613816	7
0.118175131290744	0.83041232827605	7
-0.042052298639449	0.630656110813843	7
-0.016255713429042	0.662862174171496	7
-0.041922270637053	0.630589539613816	34
-0.051569263035344	0.847710839351726	34
0.115093378805391	0.797128859331333	34
0.00305641110687505	0.697581345058754	34
0.101719569443015	0.695908937654679	6
0.030267446983573	0.767524505470819	1
-0.037999701638591	0.413940026884914	1
-0.055273988266952	1.23964611013015	1
-0.033233907202916	0.879631453075957	1
-0.016465722469286	0.662980887554224	1
-0.054285675790862	1.04898009161567	1
-0.013767218432536	1.13272614314929	1
-0.033002722042267	0.879174038283977	1
-0.118259668163957	0.967587127371435	12
0.053859882542883	1.15886965832322	12
0.048366354832612	1.12619780394664	12
-0.016927126718744	0.909955148110897	72
-0.072512561634882	1.02182837185503	72
-0.085110011545114	1.18607356027983	72
0.124990685346608	0.968207034789145	72
0.063527708915473	0.507832764068333	27
0.00324828705636504	0.697087935571018	27
0.059875456786963	0.863313935428813	7
0.00286291108509595	0.697800159750851	7
0.11519345212268	0.796995116441068	7
0.048137044135346	0.471051609861451	7
-0.072667020317355	1.02234905198006	7
0.084352289404545	0.58393081140269	7
-0.0725795200824581	1.0220444201303	7
0.111229059498352	0.763790909039153	34
0.041044675333898	0.801191981888201	34
0.054052686240521	1.4027117832147	34
0.00981037392180095	0.968156161185521	34
0.106284580805322	0.73079532900127	34
-0.085255128609124	1.1866194626694	34
-0.033031690810956	0.879270841423898	34
0.106511239233643	0.730937039839339	34
-0.102415268225124	0.785666912193693	1
-0.099278232245566	0.35392746874739	1
0.00320409808434496	0.697288451086869	1
-0.118407309964976	0.967743905919432	1
-0.025315434867091	1.10364532212588	1
0.096789205661196	0.659515020496852	1
0.101604732420919	0.696231098283398	1
-0.093615983052206	0.994809193522579	1
0.101517531985938	0.696409457912416	1
0.00311921498448697	0.697457472057385	1
0.040878162084716	0.801367271973693	12
0.118206685409734	0.830370518533364	12
0.091229452906914	0.622236320719878	12
0.118389285832159	0.829962325025715	12
-0.111953878521213	1.32438616879338	72
-0.072494270711312	1.0214881773986	72
0.018008252664161	0.732785272210026	27
0.063158677768567	0.508319933207446	27
-0.016600557268298	0.663091087595214	27
0.0302603275330811	0.767435441902361	27
0.084308290447826	0.583914618045903	7
0.122612861473418	0.898035081944322	7
-0.102730190262548	0.785943353413654	7
-0.016921861134754	0.909857938987361	7
-0.016254021125977	0.662819169364524	34
-0.118275288389049	0.967536833013036	34
0.075676768207106	1.28064262935032	6
0.053978336845441	1.15846183441885	6
-0.051482790511459	0.847411006601704	34
0.0410166630247319	0.801299390935011	6
-0.104089053366795	1.16189719280498	6
0.00442292818634704	1.19511640236217	1
0.096636748414928	0.659827762496698	1
0.018008252664161	0.732785272210026	1
0.01808033287871	0.732518919974955	1
0.00322619478161601	0.697217532176898	1
0.072798651527395	0.927961024222217	1
-0.033060654015574	0.879309192246952	1
0.106462358768315	0.730832786881369	1
0.030455320494245	0.76685824669315	1
0.101445590063573	0.696512552624128	1
0.041088586376288	0.801159832729146	1
-0.0542349239346081	1.04871368645022	12
0.101626157830299	0.696240291814015	12
0.048175274861663	0.470945497752617	72
-0.016228414967052	0.662815534712448	72
-0.075313591982397	0.599686009158765	72
0.096545392504077	0.659943711696897	7
0.050841643660876	0.833318508644783	7
0.066628648055556	1.45499034091042	7
0.063277903257855	0.508273973989328	7
0.108705364691442	1.21803930987494	34
-0.032550752379071	1.29878769755322	34
0.050708532943279	0.833536822379356	34
-0.085037450577801	1.18565309601257	34
-0.041657535450693	0.629883320551244	1
-0.085176005191518	1.18616407447347	1
0.0594884091837909	0.86459287858874	12
0.091098694249095	0.622340682489739	12
-0.038647102572682	1.07607835061919	12
-0.051813740537856	0.848049241128343	12
0.072781304825547	0.928045203088818	72
0.111158200766651	0.763580114379916	72
0.115155441411135	0.797063532308475	27
0.072918228898362	0.927785467367054	7
0.00296969497419597	0.697668597176143	7
-0.041908305713741	0.630579329942369	7
0.111205431496988	0.763741943347717	7
-0.016441749899156	0.663094658546721	7
0.059791075815547	0.863824193156789	7
0.066766185126239	0.896125818164472	7
0.07798873803486	0.960247613277874	34
-0.110478247987827	2.43812394387449	34
-0.118407309964976	0.967743905919432	6
-0.111950776076368	1.32454725630751	6
0.0668288650989211	0.895837753964985	6
0.00988657787976699	0.967801821119524	6
0.063435470882058	0.508078747495984	1
0.111235308007907	0.764095852840741	1
-0.085220490066578	1.18650700751357	1
0.063421972840391	0.508127690026033	1
0.017768719325702	0.732986033736395	1
-0.1023963865063	0.785369360507088	1
0.030187946152239	0.767645000664507	1
0.115189970797891	0.79695371698568	12
0.009592789153958	0.968594540372231	100
-0.04176434001203	0.630299228341388	72
-0.051767812830155	0.84809156874333	72
0.030325218267761	0.767300271531753	27
0.050638700269953	0.833457596202135	7
-0.093940344114945	0.995592818383262	7
-0.043517231752162	1.26960290108613	7
-0.074056657166924	0.81638992795693	7
0.050846118450759	0.833299690855803	34
-0.072651643034786	1.02233916097634	6
0.00299358534899896	0.697678094612967	1
0.072778059726145	0.927734352349976	12
-0.00259208842587799	0.939024067745955	1
-0.00275115245477697	0.939449512722338	1
0.0302603275330811	0.767435441902361	1
0.059607363570782	0.864470326401724	12
0.002907836355861	0.69770729158356	12
-0.051701613745023	0.847993548421683	72
0.028940107675192	1.0286122190176	72
0.096525015331737	0.660007482888487	72
0.078167982153638	0.959902929342611	72
0.118294582120208	0.829965988325646	72
0.020053239746643	0.998165670619008	72
-0.111964966467012	1.32444377800651	7
0.072826945029969	0.92797949832754	7
-0.05529091132158	1.23996052077697	7
-0.038111377288474	0.414177817025583	7
-0.017060608446169	0.909993110435002	7
-0.074187426761161	0.816606642247111	7
-0.094048998259988	0.995747228720074	7
-0.069198288408785	1.21260371707587	7
-0.054373979412405	1.04908204867518	7
-0.041908305713741	0.630579329942369	34
0.018253383597483	0.732249380643148	34
0.01964031392373	1.25771044515816	34
-0.014241900751675	1.36041564447491	34
-0.003976494052506	1.16217788007052	1
0.042796556194619	1.09297170035338	1
0.040883554489334	0.801299111909487	12
0.111191141177085	0.764189511134367	12
-0.118168458157863	0.967500403990842	100
-0.05537273542711	1.24012852966739	100
0.090991871745561	0.622396171256163	72
0.059559594628945	0.864532651974016	72
0.114982838651213	0.797316343227134	7
0.106588553811892	0.730697049149657	7
0.124151168081024	0.932966682538328	7
0.00277673550704405	0.697777894903242	7
0.101509944476469	0.696213125376825	7
-0.102456218495276	0.785740006128746	7
0.030057814209701	0.767725818369495	7
0.018074615566919	0.732680480598904	7
-0.016574907106478	0.663033619029199	7
0.004372696451731	1.19514195648771	34
0.033523712849038	1.31900894404229	34
0.07581595523227	1.28004364082816	6
-0.118275288389049	0.967536833013036	6
0.093228628128368	1.09331865279272	6
-0.098554588996423	0.353709685597233	1
0.072875786478659	0.927786361329234	1
-0.02520664673843	1.10369837783699	1
0.115055366214585	0.797235917916143	1
0.12084951918661	0.863564281581963	1
-0.00259490356661396	0.939136543495739	12
-0.02500655926871	1.10310795203468	12
-0.0541670553297821	1.04846992441158	12
-0.0938470184670081	0.995547367050303	12
0.075287287517624	0.545564195725926	12
0.091383891304558	0.621951736563866	100
0.101597096157761	0.696299714495301	100
-0.02521733707711	1.10359070287432	100
-0.023327030429904	1.33051798739071	72
-0.054217816937616	1.04879214137344	7
-0.07262331176257	1.02234309930215	7
-0.038505507498841	1.07577254731158	7
0.101467024812931	0.696480310691995	7
0.082066485511524	0.994196877233352	7
0.018034213142027	0.732716523926003	34
0.082696945000759	1.5298913433061	6
0.100327808322402	1.15887943637574	34
-0.017065914392792	0.91011161215185	6
0.050683087618003	0.833432411989008	6
0.00966531562666695	0.968527063142819	34
0.00963827044389998	0.968539685219676	6
0.118252333705608	0.830297307380977	1
0.085795822982515	1.02822895481203	1
0.00285911358580204	0.697611591816472	1
-0.118341291598363	0.967656052372211	12
0.017814933596513	0.732888927794764	12
-0.095654153436227	1.35005314474592	12
0.012274831232206	1.22665274169391	12
0.020439567970274	0.996297695914978	100
-0.085255128609124	1.1866194626694	100
0.118206685409734	0.830370518533364	12
-0.069231389982222	1.40741509299451	100
0.028988788168324	1.02828821480848	72
0.00290412257635297	0.697717017964945	72
0.096616353695589	0.659805884953559	72
-0.085144651951293	1.18621577712997	72
-0.025154240662234	1.10303669262691	72
-0.07260495665834	1.02174694319365	7
-0.016898939475831	0.909868635809946	7
0.059587210401438	0.864461764795493	7
-0.091237728133629	1.54456435007604	7
0.00464482919864795	1.19457123397653	34
0.011082668376085	1.44769228345318	6
0.089110926727239	1.06232098656982	34
0.059492311591567	0.864543754520659	6
0.018161166236061	0.732452818950968	6
-0.032953025665572	1.29998009994974	6
-0.017065914392792	0.91011161215185	1
0.066936061833785	0.895575987023821	12
0.0286034164904559	1.02891966561563	1
-0.01390411757634	1.13293474829778	1
-0.00264191085383103	0.939273660560237	12
0.009741522789814	0.968383369073837	12
-0.074032777257902	0.816033223245985	12
0.096657140778425	0.659805941212877	12
-0.0384399063787469	1.07543054117661	100
0.101604732420919	0.696231098283398	72
-0.118366506412099	0.967858973564698	72
-0.038512456084834	1.07565510730351	72
0.030122790827679	0.767493695679734	72
0.030310957781324	0.767300529601493	7
0.028649045365668	1.02893173517322	7
-0.013827099732649	1.1327906423832	7
0.12090942077443	0.863419634608697	7
0.050867145477455	0.833314384010154	7
0.020007590482509	0.998172052553322	7
0.066652420538413	0.896058039594103	7
0.017921687581491	0.73290941491741	34
0.019333417793051	1.47386517098407	6
0.104524648448661	1.1887561435144	34
0.059515524940443	0.864588436498283	34
0.118589384192967	0.829243232299223	34
0.118420847228693	0.829882349976409	6
0.017982236601208	0.732611827506294	6
0.084434139955068	0.583781834448672	12
0.00439781660205896	1.19515573888325	12
0.0751526903693121	0.545617365600518	12
0.01772247183474	0.732998532235449	1
0.059587210401438	0.864461764795493	12
-0.016898939475831	0.909868635809946	12
-0.038467497214302	1.07560863475306	100
-0.01391175144461	1.35971092052085	100
0.111258992788429	0.764045772884163	100
0.0966318504321359	0.659746051283924	72
-0.038222961863263	0.414264406349458	72
0.101597096157761	0.696299714495301	72
0.077899067686206	0.960229716534554	7
-0.033161774165633	0.879544208868488	7
-0.096996344736511	0.352712982272515	7
0.0891128797117911	1.06224754702286	7
-0.016467382827036	0.663135102628169	7
0.069883164572041	1.2528446943077	7
0.066904704615227	0.895830674502263	7
-0.054288888683491	1.04884468440464	7
-0.054102528716395	1.04828258682538	7
0.101467024812931	0.696480310691995	34
-0.041861878249689	0.630501710651017	34
0.115248641427612	0.796012189922938	6
0.063264431112624	0.508322918373419	12
-0.051701613745023	0.847993548421683	12
-0.093926576391227	0.995612510243009	12
0.07507394885366	0.545783675338654	12
0.030057814209701	0.767725818369495	1
-0.095735827657864	1.350374147057	12
0.041116599462428	0.801052662885613	12
0.091167236068756	0.622220304538874	72
0.118238236262034	0.830290545006268	72
-0.118341291598363	0.967656052372211	72
0.120695476977277	0.863902208237401	7
0.042598836559957	1.09337408004114	7
0.122546845316987	0.898087706694959	7
0.075128371293633	0.5457500837636	7
-0.038473517099805	0.414356124603627	7
0.11837519267769	0.830013639264031	7
0.115231462655386	0.796888075423911	6
0.10143796399458	0.696454001076441	6
-0.074940890989121	0.598926664218878	1
-0.042080298783546	0.630530345816743	12
-0.072806187928571	1.02259290000407	1
-0.10402109614794	1.16171047571245	1
0.00301461825294003	0.697663368297709	12
0.101358392184871	0.696425998470619	12
0.0667628901371991	0.896111895900211	100
0.00310056827005101	0.697494286811066	72
-0.041717902408649	0.630081234371633	72
0.012305078194785	1.22649619567465	72
0.00963827044389998	0.968539685219676	72
0.074969385211641	0.545722332536396	7
-0.054373979412405	1.04908204867518	7
-0.017076410530619	0.910097382491573	7
0.101517531985938	0.696409457912416	7
0.050839520001319	0.833120363380788	11
0.084585136504098	0.583529006517462	7
0.030390445039948	0.767154114220621	7
0.091297844705168	0.622029190945966	7
0.072952924587586	0.927545962571909	7
-0.051742222533774	0.848030929183181	7
0.030159069318855	0.767629011155119	34
-0.068904854296219	1.40645820185378	34
-0.03301009271648	0.879148170870755	6
-0.016600557268298	0.663091087595214	6
-0.102415268225124	0.785666912193693	6
-0.085321107331087	1.18667143671101	1
-0.118473343453346	0.967800638443948	1
-0.042149911388244	0.630754431915372	12
0.101568040044437	0.696317763664638	12
0.07805369751548	0.960235372163707	12
0.036221356536411	1.06048180175368	100
0.092940829452488	1.09483520863679	100
0.0302746101922871	0.76738464964987	72
0.115055366214585	0.797235917916143	72
-0.016254021125977	0.662819169364524	72
-0.110404421551212	1.6826658016693	7
-0.00279818433735701	0.939535965995986	7
0.020176153263666	0.997917489449725	7
-0.00266266410985305	0.939349280187943	7
-0.075150817760178	0.599509934408343	7
0.072658532730577	0.92811229891604	7
0.106294857462002	0.731064541758791	7
-0.09771589802742	0.353095483927744	7
0.101647599967366	0.696186535969026	11
-0.036782515838354	1.49367422990415	11
0.091274054880803	0.622191717871612	7
-0.037990233828196	0.414043933099704	34
0.00322619478161601	0.697217532176898	34
0.101517531985938	0.696409457912416	6
-0.00277742283487203	0.939519248983861	6
-0.01699915306806	0.910092428209728	12
0.101509944476469	0.696213125376825	12
-0.073991306393046	0.816234952867646	12
0.101386175085378	0.696326391407598	12
0.082163289790898	0.993951978484212	12
0.077964080764457	0.960387239374906	12
-0.0939189378131891	0.995665967769638	12
-0.013764337738701	1.13242669105178	12
0.092903337387786	1.09493610739404	12
0.0538662220698251	1.15880022907234	12
0.078061444513498	0.960145629701186	100
0.063264431112624	0.508322918373419	72
0.089402368826457	1.0616484568458	72
-0.081335347000833	1.37672666052208	7
0.091469932201992	0.621800727696444	7
0.017900032419528	0.441350213980641	7
0.04809882712395	0.471095771394012	7
0.082432004944741	0.993184945202362	11
-0.0818946692670111	1.37850347792365	7
-0.037878413463182	0.41380613890332	7
-0.038222961863263	0.414264406349458	7
-0.054370660518772	1.04891581862762	7
-0.012837333154832	1.88847714651404	34
0.077824129245994	1.5054723545635	34
0.066997658923194	1.45345691322867	34
0.096789205661196	0.659515020496852	6
0.063066387084436	0.508174414789581	1
-0.036557443362729	1.49301530134594	12
0.124237083644081	0.93287237992374	12
0.033548936688133	1.31898332260035	72
-0.0162301115167101	0.662706630838277	7
0.078135525098875	0.959983238907961	11
-0.01630861954926	0.662972643880192	7
-0.0421871342737919	0.630716483540115	7
0.063199066387906	0.508334523103492	34
-0.038353018666431	0.414337941238971	34
0.075181351138205	0.545711507796161	6
-0.01699915306806	0.910092428209728	6
0.124217235712869	0.932907464554307	6
0.0364079149015309	1.0600731006246	6
0.048159832487555	0.470997103993803	1
0.048137044135346	0.471051609861451	1
0.029017196893685	1.02839453297591	1
0.096525015331737	0.660007482888487	12
-0.085925938676532	1.88293897302989	17
0.0927957239766149	1.09516530426498	100
-0.102500197789548	0.785757997478442	72
0.048205724416729	0.470910260347338	72
0.0965910856076549	0.659917412289735	72
0.059594876116102	0.86392818624552	7
-0.00571791333924199	1.39082832274925	7
-0.033111214501663	0.879440741495878	7
0.096198050901102	1.12802948377097	11
0.0480840855585331	0.470891796209515	7
-0.075313591982397	0.599686009158765	34
-0.00564897736079695	1.39078026601906	34
0.124101007254758	0.933194971890507	34
0.004695084570561	1.19433750379327	6
-0.0251925801888641	1.1035041804541	6
0.122270035325113	0.898235560643363	6
0.078029010796172	0.960289710261067	1
-0.096796269002475	0.352488687791578	1
0.017933720144475	0.441049099583088	1
0.048198009660274	0.470952990233888	1
0.048167513635818	0.471016343360915	1
-0.0750458549234641	0.599435065359958	1
0.059611122122143	0.864374641713518	12
-0.074208127166386	0.816550490792073	12
-0.119141777006499	1.49041066149487	1
0.042860832306525	1.09226828719121	12
0.05415254448131	1.15802913477549	17
0.08221241101027	0.993922046745771	12
0.086012120741771	1.02773161156996	12
-0.051747518947093	0.847979241733637	12
-0.051920541205241	0.848253372479533	12
0.075393192779485	0.545311820434884	72
-0.038584669491101	0.414442391647873	72
-0.0725560146056921	1.75525697405889	72
0.01215904371745	1.22684795776666	72
-0.046884577155157	1.46491835639211	72
0.053938863169206	1.15873041261273	7
-0.110352229851175	1.68259808238342	7
-0.017060608446169	0.909993110435002	7
-0.110195655190244	1.68197555727014	7
0.0844592481269	0.583706954287991	7
0.100613525382606	1.15779831336833	7
-0.099444920543373	2.30753048724699	34
-0.017272546153792	1.54815167489338	6
-0.025234801718878	1.10382934732178	6
-0.01402662813016	1.36027942082153	1
-0.098235856286303	0.353414829103439	1
0.063329730916325	0.508235697146491	1
0.0410274033549331	0.801134420971553	1
0.0480761847510181	0.471043419126657	1
0.018034213142027	0.732716523926003	1
0.075181351138205	0.545711507796161	12
0.050797267936644	0.833438469017457	1
-0.068938550609523	1.2116384326978	12
-0.104217380166135	1.16169434071704	12
0.106511239233643	0.730937039839339	12
0.085820876143646	1.02820841654822	17
0.115127895440262	0.797097661927264	12
-0.104085281907801	1.1618912891505	100
0.0485269553445	1.1261041864666	12
0.096415195024385	1.12773873066879	100
0.00303524391238197	0.69759436484439	12
0.106635092379766	0.730278648468208	72
-0.072844802976889	1.02247516430127	7
0.091422361123862	0.621632398142763	7
0.0755935026469819	1.281290241913	7
-0.104102224592826	1.16173616838241	11
0.00483641571010596	1.19381441738547	11
-0.05442459497646	1.0489685878354	11
-0.0939480101512991	0.995706779936987	7
0.12402043368606	0.933340011866479	7
-0.0141097813397451	1.13296705834266	7
-0.05168131311371	0.847881224595234	34
-0.091165119397258	1.54425824985766	34
0.059304932198994	1.19091982294403	6
0.115148483584588	0.796838679514029	6
0.0753417200864161	0.545327769695141	12
-0.038508983801112	1.07575720999628	12
0.092680851892864	1.09524352760143	12
0.106506084011186	0.730929768371253	12
0.078078376298101	0.960138729154487	12
-0.0330748369865	0.879251056554049	17
0.111238533370894	0.764069061623442	17
0.059655165473687	0.864318905112001	17
0.120758234284446	0.863735225246525	12
-0.055568773447318	1.24035182914102	72
0.020224099365196	0.997895436583723	7
0.066807404248193	0.895956538006685	7
0.101676656508942	0.696127132054422	34
-0.085220490066578	1.18650700751357	6
-0.051854317333041	0.848211428219714	34
0.063185607178434	0.508383460359442	34
0.089252318135066	1.0619593283899	6
-0.094078075317927	0.995717789138187	6
0.018056432898871	0.441217944876616	6
0.012214273905285	1.22674347375668	1
0.050841643660876	0.833318508644783	1
0.092938395483662	1.09480183109078	1
0.115082903568146	0.797182008122016	12
0.00299030427202895	0.697540867601289	51
-0.016334235224492	0.663007552598854	1
0.017885151515488	0.441422043241892	17
0.091363116198774	0.621899506241714	12
-0.038343745757691	0.414362328106443	17
0.048091133154588	0.471042169258016	100
-0.097833196182046	0.353207340512575	100
0.059351232582869	0.864440270802982	100
0.050864918539003	0.833299842877137	72
0.091208718711636	0.622276283523047	72
0.0479996846415251	0.471069360153076	7
-0.0136131577088	1.13221007391103	7
0.036660655176985	1.05926712857592	11
-0.098235856286303	0.353414829103439	7
0.075154138563505	0.545752345612659	7
-0.118193639208266	0.967467872110204	97
0.048114455422043	0.470937287450026	7
0.066797519060817	0.896049094442892	7
-0.038695561467108	1.07565931951423	34
0.020119889637314	0.998199337842385	34
-0.097833196182046	0.353207340512575	6
-0.098756633713589	0.353692019334519	7
-0.102604151174065	0.785927542903538	6
-0.102689118389286	0.785923872930611	6
0.0482972322887411	0.470609868870099	34
-0.075142928248916	0.599571444913089	34
0.075182801725168	0.545513567053862	6
0.028985748381116	1.02848708991304	12
-0.07265680642893	1.02243627863209	12
0.017978153477464	0.441299012127764	12
0.017651574411606	0.441465173551282	51
0.048190374916138	0.470900828404984	1
0.017807134329266	0.441473163114747	1
-0.016334235224492	0.663007552598854	1
-0.038464314880281	0.414424326723021	12
-0.038343745757691	0.414362328106443	17
-0.0980343570804339	0.353432748047731	12
0.030216828572321	0.767608928160328	72
-0.017165985358271	0.90994180249633	72
0.0479996846415251	0.471069360153076	72
0.0177292753209	0.441490978820015	7
-0.038232305482405	0.414275835906919	11
-0.016281321352695	0.662925995029655	11
0.096525015331737	0.660007482888487	7
-0.118391771318661	0.967731784005976	6
0.029978301107267	0.767662450144979	34
-0.075150817760178	0.599509934408343	34
0.051021318174456	0.832585742431264	6
-0.102434235979929	0.785621130114425	6
-0.074080622929075	0.816419155705699	12
0.075365978735715	0.545352624230085	1
0.01763654577387	0.441536831391427	17
-0.038222961863263	0.414264406349458	17
0.0843932388020811	0.583891294044359	72
0.048236200513971	0.470846950090697	11
-0.10478481308688	1.51785789281121	7
0.0751011590761021	0.545790922920221	97
0.030166210951231	0.767669262259195	34
-0.075150817760178	0.599509934408343	34
0.063264431112624	0.508322918373419	34
-0.074972574974717	0.599243066457034	34
-0.098235856286303	0.353414829103439	34
-0.098554588996423	0.353709685597233	34
0.091208718711636	0.622276283523047	34
-0.075061670752121	0.599394220982401	34
0.085715384283088	1.02830458118557	6
-0.094070403158095	0.995681187249742	6
0.118266423815382	0.830246937213061	12
0.078061444513498	0.960145629701186	12
0.118466502991279	0.829730556799463	12
0.0175438809371939	0.441453292209616	12
-0.098352883478491	0.353483822010577	12
-0.037990233828196	0.414043933099704	51
0.096636748414928	0.659827762496698	1
-0.038111377288474	0.414177817025583	17
0.018041660723745	0.441230120289073	72
-0.041908305713741	0.630579329942369	7
0.075260074216374	0.545605022666558	7
-0.075208616825992	0.599276847842701	11
0.106539582500397	0.730842546368725	7
-0.072767564411144	1.02262963143096	34
-0.072618167493606	1.02227500269129	34
-0.075313591982397	0.599686009158765	34
0.00266612067404204	0.697783318737265	34
-0.016441749899156	0.663094658546721	34
0.048129316552884	0.471060482975925	34
0.018008252664161	0.732785272210026	34
0.018056432898871	0.441217944876616	315
0.00294943082096499	0.697518286845058	315
0.063316238487333	0.508174597084697	6
0.04084488936258	0.80133193786774	6
-0.014426849812271	1.36030356623392	12
0.123964954133383	0.933408070838786	51
-0.038654071680585	1.07600259679399	51
-0.075232150203982	0.599654790054676	12
-0.0980343570804339	0.353432748047731	12
-0.00275663226745004	0.939422509570981	12
-0.072679889526023	1.02215157544772	12
0.0176963460442781	0.732834046095208	12
0.017921687581491	0.73290941491741	12
0.063264431112624	0.508322918373419	7
0.063250955301187	0.508320544769257	34
0.018008252664161	0.732785272210026	34
-0.099075640655895	0.353944854479088	34
-0.01630861954926	0.662972643880192	34
-0.098352883478491	0.353483822010577	34
-0.038584669491101	0.414442391647873	6
0.048190374916138	0.470900828404984	17
-0.09751494297264	0.353113627072122	17
-0.0980343570804339	0.353432748047731	100
-0.066981335295181	1.59853712557059	72
0.063421972840391	0.508127690026033	12
-0.074883530439411	0.599049724278248	72
0.048137044135346	0.471051609861451	7
-0.099075640655895	0.353944854479088	11
0.063421972840391	0.508127690026033	97
-0.038464314880281	0.414424326723021	7
-0.111799689230496	1.32416587073105	97
0.017885151515488	0.441422043241892	97
-0.038232305482405	0.414275835906919	97
0.00303524391238197	0.69759436484439	7
-0.0384550952589881	0.414291169728785	34
0.00318199696521804	0.697304602378743	34
-0.102752138759922	0.785915660532301	34
-0.038464314880281	0.414424326723021	34
-0.075135049387965	0.599550836734038	34
-0.038232305482405	0.414275835906919	315
-0.042173115154123	0.630685101687991	1
-0.016976135273037	0.909873496756898	12
0.0668387316304701	0.896011604803126	12
0.063408471126852	0.508125343240681	51
-0.038343745757691	0.414362328106443	1
0.017699342444723	0.441384704650949	17
-0.097314325335099	0.352888726716764	17
0.075208565707402	0.545622611509452	12
0.0480761847510181	0.471043419126657	7
-0.038473517099805	0.414356124603627	11
-0.102522194565737	0.78564073577593	7
-0.085359028117235	1.18678422852048	7
-0.072667020317355	1.02234905198006	7
-0.043329934601323	1.26915670807191	7
0.085951398131828	1.02778011808851	7
-0.098554588996423	0.353709685597233	97
0.017963326955765	0.441341043477748	7
0.066794230351654	0.89594418348838	97
0.017963326955765	0.441341043477748	97
0.048068364212171	0.4711048335323	6
0.017885151515488	0.441422043241892	6
0.0178702860833611	0.441387161072424	34
0.118248938082392	0.830097232322173	12
-0.013630309812075	1.13229266268992	12
-0.09751494297264	0.353113627072122	51
-0.07397057836553	0.816220702874999	12
0.0632125219358	0.508227184141461	1
-0.098554588996423	0.353709685597233	17
0.118069747715532	0.830476996682912	72
0.084415246499077	0.583875515619935	72
0.124317678379722	0.932598525698277	7
0.0668387316304701	0.896011604803126	7
0.0962656262110519	0.660078851383571	7
-0.098235856286303	0.353414829103439	97
-0.098235856286303	0.353414829103439	97
0.047969254831406	0.471023900646723	97
-0.118234459093518	0.967651830842549	7
-0.110404421551212	1.6826658016693	34
-0.051696367752016	0.847822357958661	34
-0.0383344554852471	0.414193392330842	6
-0.098554588996423	0.353709685597233	6
-0.038222961863263	0.414264406349458	34
-0.098352883478491	0.353483822010577	34
-0.099597513992659	0.354101235493265	34
-0.098235856286303	0.353414829103439	6
0.075181351138205	0.545711507796161	34
0.017978153477464	0.441299012127764	315
0.0100664498690221	1.61983691898053	1
0.017941873253126	0.73286505952673	12
-0.093998504657095	0.995741930333831	12
0.111262242788444	0.763977742221021	51
-0.038343745757691	0.414362328106443	51
0.048068364212171	0.4711048335323	1
0.063185607178434	0.508383460359442	1
-0.038464314880281	0.414424326723021	72
-0.0980343570804339	0.353432748047731	160
0.059767167286406	0.86395981536207	7
0.118329539335055	0.830125132981521	7
0.091511479581641	0.621677137681089	7
0.0177292753209	0.441490978820015	11
-0.07262331176257	1.02234309930215	7
-0.11817323278675	0.967258243185869	34
-0.0980343570804339	0.353432748047731	34
-0.09751494297264	0.353113627072122	6
0.047969254831406	0.471023900646723	12
0.063185607178434	0.508383460359442	12
0.018228146026064	0.44085949939863	12
-0.097833196182046	0.353207340512575	195
-0.038575520499092	0.414353051058273	100
-0.07503796297973	0.599333001659143	72
-0.0749646380190711	0.599304485288219	72
-0.0380925313061919	0.413882409633952	12
-0.0980343570804339	0.353432748047731	12
-0.09771589802742	0.353095483927744	97
-0.098554588996423	0.353709685597233	97
-0.037868874847883	0.413866295648985	7
-0.098352883478491	0.353483822010577	97
-0.038101962939554	0.414130609919789	34
0.122571452073395	0.898130580605687	12
-0.075232150203982	0.599654790054676	12
-0.097833196182046	0.353207340512575	1
-0.0980343570804339	0.353432748047731	1
0.0751011590761021	0.545790922920221	100
0.084415246499077	0.583875515619935	100
0.12080099887297	0.863644263616836	12
-0.038343745757691	0.414362328106443	12
-0.038473517099805	0.414356124603627	160
-0.098554588996423	0.353709685597233	160
-0.075240015986526	0.599593248021543	7
0.0480379278286071	0.471087613431695	97
-0.0980343570804339	0.353432748047731	97
-0.013521871686964	1.13184289553986	34
-0.075053757516349	0.59945569070679	34
0.017948515857331	0.441276325037825	34
0.048167513635818	0.471016343360915	34
0.018041660723745	0.441230120289073	34
-0.037990233828196	0.414043933099704	34
-0.0384550952589881	0.414291169728785	315
0.015597215903151	1.81587018655049	12
0.030245716584028	0.767522881766889	12
-0.038101962939554	0.414130609919789	12
-0.098235856286303	0.353414829103439	51
0.017963326955765	0.441341043477748	17
-0.097314325335099	0.352888726716764	17
0.04814485185986	0.4709545254248	17
-0.057686624293577	1.43571139753787	12
0.018054415695141	0.732724845641667	12
-0.042163932456785	0.630644827033637	12
-0.042089496111302	0.630754759552082	72
-0.038232305482405	0.414275835906919	160
-0.0384550952589881	0.414291169728785	160
-0.038232305482405	0.414275835906919	11
0.017978153477464	0.441299012127764	11
-0.097833196182046	0.353207340512575	112
-0.118275288389049	0.967536833013036	7
-0.00257138565719595	0.939028604887093	7
-0.038575520499092	0.414353051058273	97
0.050708532943279	0.833536822379356	34
-0.0752164506176301	0.599532139278292	34
0.074995176808577	0.545797766125804	315
-0.038343745757691	0.414362328106443	6
0.063199066387906	0.508334523103492	1
-0.051920541205241	0.848253372479533	12
-0.054329830166962	1.04906238465438	51
-0.118346108144841	0.967803357473854	51
-0.0980343570804339	0.353432748047731	51
-0.097314325335099	0.352888726716764	51
-0.041968693252402	0.630667165648645	51
-0.075240015986526	0.599593248021543	12
0.018120152890429	0.441085742998587	12
-0.097314325335099	0.352888726716764	17
0.017963326955765	0.441341043477748	17
-0.051742222533774	0.848030929183181	12
0.075181351138205	0.545711507796161	160
-0.00406703636965899	1.16325801519524	160
-0.074080622929075	0.816419155705699	11
-0.074891501730861	0.598831352339338	11
-0.097833196182046	0.353207340512575	11
0.018056432898871	0.441217944876616	7
0.084497030745063	0.58368145739329	34
-0.093724565567512	0.995046186482964	34
-0.042196318706183	0.63046137174687	34
0.041093935409697	0.801087862695575	34
-0.038222961863263	0.414264406349458	34
0.017807134329266	0.441473163114747	34
-0.097833196182046	0.353207340512575	34
-0.075305771267545	0.599583968274633	34
0.0914907082724939	0.621760743097196	34
-0.042066289731086	0.630748823283636	1
0.018041660723745	0.441230120289073	1
0.116401372852467	1.66712970848389	88
-0.00270966697463204	0.939435683182701	12
-0.013827099732649	1.1327906423832	12
-0.102497218741647	0.785707725980518	51
-0.0555194088571021	1.24035606033706	51
-0.075321423367854	0.599706575982585	51
0.091253305477373	0.622188073930247	51
-0.075337118126494	0.599426192311837	12
-0.074077379269948	0.816333830861101	12
0.018056432898871	0.441217944876616	17
-0.0750458549234641	0.599435065359958	17
-0.098554588996423	0.353709685597233	17
0.063291371738374	0.508166632881355	12
-0.069229796323927	1.21267498544956	72
-0.054465550963523	1.04904101455468	7
-0.042126707406141	0.630748496181635	11
-0.038222961863263	0.414264406349458	112
-0.062675640634497	1.92375806936255	7
-0.093796521306471	0.995422279507028	7
0.0967027819941429	0.659694087387252	7
-0.016855102726004	0.909735413873122	34
-0.042089496111302	0.630754759552082	34
0.048129316552884	0.471060482975925	34
0.048198009660274	0.470952990233888	34
0.084500194595213	0.583737580326332	34
-0.075313591982397	0.599686009158765	34
-0.051874609474738	0.848198909254644	34
0.072830139517465	0.927831378207141	1
0.066842026822883	0.895936218169302	12
0.1185403305311	0.829262578928057	51
-0.0380925313061919	0.413882409633952	51
-0.098873389158817	0.353718585819526	51
0.00301461825294003	0.697663368297709	12
0.063316238487333	0.508174597084697	17
-0.112042042822941	1.32459836114632	12
0.0914016202769971	0.621829025779538	12
0.017822069649896	0.441368127807516	72
0.017558948417229	0.44151093634167	72
0.030159069318855	0.767629011155119	7
-0.033103821624906	0.879408976519987	11
-0.098352883478491	0.353483822010577	11
-0.03775690953188	0.413628552068713	11
0.048767904592031	1.12544242567224	112
-0.01649467821567	0.663121538181514	7
-0.041885092082105	0.630573386077958	34
-0.102415268225124	0.785666912193693	34
-0.075053757516349	0.59945569070679	34
-0.00268888045695903	0.939310117634896	34
0.03000005666359	0.767494288973926	1
-0.054190797366426	1.04863146403696	88
0.084415246499077	0.583875515619935	12
0.017963326955765	0.441341043477748	51
-0.075061670752121	0.599394220982401	12
-0.102437271138424	0.785639292487699	12
-0.10258218567443	0.785881930049397	12
-0.074956711698704	0.599283845361732	17
0.063487175909114	0.507986633485621	17
0.091404661651203	0.621955343661036	17
-0.038353018666431	0.414337941238971	17
0.048137044135346	0.471051609861451	17
0.075154138563505	0.545752345612659	12
0.074995176808577	0.545797766125804	11
-0.0980343570804339	0.353432748047731	11
-0.06921242689783	1.21255138011587	34
0.084396270009057	0.58376226588378	34
-0.042080298783546	0.630530345816743	34
0.053936753412152	1.15879505727888	12
-0.00396867627255204	1.16269437344804	88
-0.016387156575993	0.663061566941855	88
-0.103997191527263	1.16164925104674	51
-0.118386907017763	0.967841950693089	51
0.017792214528392	0.441468073086455	51
-0.096996344736511	0.352712982272515	17
0.017978153477464	0.441299012127764	17
0.084688893688887	0.583361206761243	17
-0.041824711396637	0.630454044297698	17
-0.093695524393401	0.995075661777185	12
-0.0543330619107	1.04898789840479	12
0.018008252664161	0.732785272210026	12
-0.069070755109138	1.4071052541852	11
-0.032952171006601	0.879013066488747	11
-0.0980343570804339	0.353432748047731	11
-0.098235856286303	0.353414829103439	112
-0.098235856286303	0.353414829103439	97
-0.102418409812134	0.785060227340685	34
-0.075240015986526	0.599593248021543	12
-0.118407309964976	0.967743905919432	12
-0.074867619725942	0.599090428767936	12
-0.051655740378037	0.847916877979715	12
0.075022388324281	0.545756932496765	12
0.059591010505049	0.864271663655486	51
-0.075305771267545	0.599583968274633	51
-0.038343745757691	0.414362328106443	51
-0.037878413463182	0.41380613890332	12
0.091098694249095	0.622340682489739	12
0.017963326955765	0.441341043477748	17
-0.075418566040116	0.599664233386239	17
-0.075150817760178	0.599509934408343	12
0.017948515857331	0.441276325037825	72
0.048129316552884	0.471060482975925	72
-0.042005881270846	0.630719515069575	11
-0.038464314880281	0.414424326723021	11
0.00281793478088599	0.697808245282518	11
-0.0750695946244711	0.599175566865411	11
0.017807134329266	0.441473163114747	11
0.017885151515488	0.441422043241892	112
-0.074187426761161	0.816606642247111	112
-0.038213600919535	0.414059767247702	7
-0.09751494297264	0.353113627072122	7
-0.042149911388244	0.630754431915372	7
-0.016335915718494	0.662959083307172	97
0.091098694249095	0.622340682489739	97
-0.102393270064865	0.785621271260328	34
-0.102497218741647	0.785707725980518	34
0.018115007276855	0.732427275662804	12
0.0750209619564241	0.545799116154301	12
0.091336274571196	0.621935646428968	12
0.063460135528455	0.507744196866069	1
0.017809065046073	0.732950060175185	12
0.074993754086038	0.545733063723005	12
-0.0754107477259231	0.59972581114889	51
-0.041945482047303	0.630661225316363	51
-0.041945482047303	0.630661225316363	17
0.017978153477464	0.441299012127764	17
0.018041660723745	0.441230120289073	17
0.017963326955765	0.441341043477748	17
0.0177292753209	0.441490978820015	17
-0.074948796019937	0.599181802999873	17
0.096499669214274	0.659905169645271	161
0.063158677768567	0.508319933207446	72
-0.038353018666431	0.414337941238971	72
-0.074059926477549	0.816268729099827	11
0.063199066387906	0.508334523103492	112
-0.09771589802742	0.353095483927744	7
0.00316339246913699	0.697370404864275	34
-0.075224295078979	0.599634201404957	34
-0.00263914845351998	0.939267867914455	12
0.101575660041353	0.696331961700475	12
0.041011352635689	0.801273952586243	1
0.00967637584519498	0.968389805830619	88
0.00324828705636504	0.697087935571018	88
0.048137044135346	0.471051609861451	51
-0.038111377288474	0.414177817025583	51
0.048091133154588	0.471042169258016	51
-0.016359856860222	0.662954716710527	12
0.017948515857331	0.441276325037825	12
0.075338766670477	0.54534540540273	12
-0.051721916884086	0.848043425468633	161
0.075208565707402	0.545622611509452	12
0.00301461825294003	0.697663368297709	72
-0.072690291965183	1.02250046668267	72
-0.118305318612736	0.967465361368617	11
0.075208565707402	0.545622611509452	11
0.018071220485707	0.441051573299806	11
-0.074187426761161	0.816606642247111	112
0.048159832487555	0.470997103993803	7
0.063329730916325	0.508235697146491	7
-0.0980343570804339	0.353432748047731	97
-0.038353018666431	0.414337941238971	97
-0.110082899530317	1.68120635327666	34
-0.016960511410826	0.910003387790672	34
0.084226307409407	0.583973930211519	12
0.04267955447164	1.09327011791067	12
-0.051676052804985	0.847904396814613	1
0.0538309497893	1.15872675962082	88
0.100267019519267	1.15895620160677	12
0.078110839509821	0.960079886209888	51
-0.051742222533774	0.848030929183181	51
0.1151313911778	0.796982333009138	51
-0.03318335436655	0.879582055914319	12
-0.111859504933331	1.32437875649568	17
-0.038473517099805	0.414356124603627	12
0.030187946152239	0.767645000664507	12
0.075107106458745	1.28216195335832	7
0.059587210401438	0.864461764795493	11
-0.051762530696933	0.847948860488304	11
0.091339369202452	0.622085083749103	112
0.111279479956475	0.763962576400208	112
-0.0169323535924441	0.909969798012273	7
-0.0980343570804339	0.353432748047731	7
-0.104845312508241	1.5179496411041	97
0.048198009660274	0.470952990233888	97
-0.093905125943895	0.995407727462529	97
0.12437845564445	0.932487890066838	34
0.108458270321164	1.21841095295139	88
0.017962056258793	0.732767940869475	51
0.106511239233643	0.730937039839339	51
0.036774696483986	1.05868603536359	12
0.118052291472946	0.830504452943259	57
0.101705718608881	0.696026321895317	12
-0.016414454254694	0.663108225094003	12
-0.0750458549234641	0.599435065359958	12
-0.01649467821567	0.663121538181514	12
0.100640890084502	1.15747696827704	72
-0.0419547323838489	0.6302863210645	11
0.048129316552884	0.471060482975925	11
0.111082383871416	0.764172123750004	7
-0.01649467821567	0.663121538181514	97
-0.016949902109372	0.909670984933103	97
0.106495886460707	0.730723846102664	34
0.096463869771731	0.65993529092087	34
-0.075053757516349	0.59945569070679	34
0.066731561842556	0.89614612927632	88
-0.102481291218503	0.785212816194936	12
0.048060623814151	0.471077472243728	51
0.108785199961224	1.21761715819401	51
-0.097103147962868	1.70700864863898	12
0.048129316552884	0.471060482975925	51
0.018074615566919	0.732680480598904	12
-0.0170325384847601	0.910114911383211	17
0.118329539335055	0.830125132981521	57
0.00292846101567901	0.697751766608455	12
0.111214832851478	0.764139415462275	72
-0.054485987553906	1.04892001500168	72
-0.025361070412277	1.10373697196638	72
0.063343219674838	0.508238057982816	72
0.115044891950949	0.797168919655655	72
-0.07503796297973	0.599333001659143	11
-0.098554588996423	0.353709685597233	112
-0.038612577316588	1.07603785305031	7
-0.098352883478491	0.353483822010577	7
-0.103997191527263	1.16164925104674	97
-0.102415268225124	0.785666912193693	97
0.063185607178434	0.508383460359442	97
-0.085573369467059	1.1866287462302	34
-0.057640738217137	1.43619833539572	34
-0.0557445169730531	1.62491439984215	12
-0.072723768400245	1.0225361734268	12
-0.098657871974248	1.86175634717521	51
0.096424692126087	1.12727703585259	51
0.097488351867032	1.38585497837702	12
-0.00266540033895601	0.93930429913238	57
0.122603753966755	0.897947806068335	161
0.00970341925948603	0.968481213220923	12
0.073009517400926	0.927505433719103	72
-0.003953208873544	1.16293828498336	11
0.030216828572321	0.767608928160328	11
0.041060664401423	0.801122703678353	7
0.084245331761483	0.583947621249913	97
-0.00592975858110301	1.742763445163	34
0.10034604110977	1.15880426784916	12
0.030093881665244	0.76763195087876	88
0.036449495015181	1.06009534154101	51
0.05967161610987	0.864263935767638	51
0.028985748381116	1.02848708991304	17
-0.07539514311777	0.599603262801723	161
0.120726857246421	0.863837448394153	72
0.08938274671017	1.06145411945063	11
-0.103953138890352	1.16142347433593	11
0.01964938072385	1.25753729175615	11
-0.051457306152191	0.847351373371073	7
0.101474667168572	0.696453090094762	7
0.041155199589583	0.800971332162589	97
0.0841603651283021	0.583864902586556	97
0.096275352586061	1.12783691339603	12
-0.042112702279816	0.630685418300134	88
-0.098554588996423	0.353709685597233	88
-0.051721916884086	0.848043425468633	12
0.081424297750364	1.30767032064675	12
-0.091495203858718	1.54495366069353	51
0.124267474195447	0.932826871403199	51
0.036367829978823	1.06033006883637	57
-0.023117130418425	1.33003155743041	57
-0.119010897173727	1.49029494240698	12
-0.102541166752993	0.785872227558357	161
0.101525163151104	0.696402792335681	72
0.101467024812931	0.696480310691995	72
0.041006082187117	0.801172532030009	72
0.072735665769984	0.928090191114707	72
-0.054326530309547	1.04896475137573	72
0.030216828572321	0.767608928160328	7
-0.013690189598122	1.1325080168389	97
-0.016204515647395	0.66244139146955	97
0.017855298774389	0.732964424136766	97
0.080111093601143	1.92174318700905	34
-0.015054967584571	1.7206505775909	12
0.053915581237088	1.40330467198747	12
-0.038464314880281	0.414424326723021	88
0.063356704764237	0.50818911175335	88
-0.038343745757691	0.414362328106443	88
-0.0329811346407261	0.879109835102303	12
0.048152231285691	0.470882504514928	161
0.118301328154912	0.830014636095026	72
0.0669805431716221	0.895641106547828	11
0.036580412026773	1.0593273996062	11
-0.038678131322783	1.0759756174493	7
-0.042089496111302	0.630754759552082	7
0.0751011590761021	0.545790922920221	7
-0.038222961863263	0.414264406349458	7
-0.0166278501167501	0.663003913653235	97
-0.016334235224492	0.663007552598854	97
0.048121668982423	0.470978781688397	97
-0.0265818561998989	1.52028438378902	12
0.092718333827292	1.09523970817849	12
0.053359232479291	1.40399816532396	12
0.050843842870538	0.833378565150973	34
-0.0690957841737641	1.40714579212686	12
0.091274054880803	0.622191717871612	51
0.030368686139325	0.767280487249456	51
-0.06921242689783	1.21255138011587	51
-0.00794824709870901	1.57293555462115	12
-0.00266540033895601	0.93930429913238	57
-0.016388829064612	0.663040642355053	12
0.048030140972728	0.471086554526434	161
0.075048171822478	0.545806361158126	161
-0.10258218567443	0.785881930049397	72
0.063527708915473	0.507832764068333	72
0.091274054880803	0.622191717871612	11
-0.047074776178393	1.465578412968	12
0.114865300164429	0.797141315412394	12
-0.013735827359316	1.13262700159895	12
0.106606606984653	0.73060171770419	88
0.0178702860833611	0.441387161072424	88
-0.097314325335099	0.352888726716764	12
0.036506531728172	1.05994286054213	51
0.054046773853339	1.15851822628688	12
0.063199066387906	0.508334523103492	161
-0.016440085400675	0.663088444368722	161
0.017992995459897	0.441102845894737	11
-0.00268617026568596	0.939405030659462	11
0.012189338818934	1.22686238941958	7
0.063250955301187	0.508320544769257	7
-0.041908305713741	0.630579329942369	97
-0.10400092675947	1.16151608804641	97
0.048182820052063	0.470741499740947	97
0.020747036316444	1.844855879098	34
0.089377460232643	1.06169333927285	12
-0.038111377288474	0.414177817025583	88
0.0920585193065681	1.3620334165402	51
0.101626157830299	0.696240291814015	51
0.0912947995307271	0.622151746026057	51
0.00281793478088599	0.697808245282518	72
0.017762798160516	0.732857137080317	72
-0.103905317968668	1.16120907918652	72
0.096565767341287	0.65983611689143	72
0.096458929986788	0.660076529122411	72
0.041155199589583	0.800971332162589	72
-0.0162301115167101	0.662706630838277	72
0.018120754932501	0.732594284903955	11
-0.042103503205385	0.630676821498528	7
0.063644479097406	0.507593208935239	7
-0.038464314880281	0.414424326723021	7
0.048236200513971	0.470846950090697	97
-0.098629031528486	1.86192769796813	34
0.091057262873807	0.622376934191527	51
0.096855215302204	0.659332134041213	51
0.0365882105106869	1.05961438901302	51
0.115024354014782	0.797133521578463	51
0.047194148919373	1.3763524713491	12
0.048091133154588	0.471042169258016	161
0.040983370943716	0.80133427153077	72
0.10650096639658	0.73086029040724	72
0.059791075815547	0.863824193156789	72
0.075313030370492	0.545493532457957	11
-0.104319733220885	1.16175928018039	11
0.043161341986197	1.09169869941098	112
-0.118975437341576	1.48996262245738	7
-0.016898939475831	0.909868635809946	97
-0.054329830166962	1.04906238465438	97
0.050820550375013	0.833419791904555	88
0.09657069967864	0.659939226936215	88
-0.038353018666431	0.414337941238971	88
-0.09751494297264	0.353113627072122	88
-0.037990233828196	0.414043933099704	12
-0.00252432104007905	0.938727350182839	51
-0.025371732688995	1.10395252695408	51
0.020375416736246	0.997280925151946	51
-0.046884577155157	1.46491835639211	12
0.108852666838011	1.21752537070305	57
0.04854662881858	1.12602044200944	57
-0.093666477681398	0.995034922172961	12
0.030195104134857	0.767583202203683	161
0.030216828572321	0.767608928160328	72
-0.033255464639919	0.879557123819165	72
0.118206685409734	0.830370518533364	112
-0.038111377288474	0.414177817025583	7
0.009592789153958	0.968594540372231	97
-0.075061670752121	0.599394220982401	97
-0.096832564776043	1.70677824129167	34
0.089108964481089	1.06233130257168	12
0.120738206555671	0.863574214702149	12
0.096545392504077	0.659943711696897	88
0.048137044135346	0.471051609861451	88
-0.051808408102043	0.848128932209231	51
0.123894874998335	0.933024571386067	51
0.040944737369518	0.801367041113006	12
-0.085258409483066	1.18655417477991	12
0.089183599665323	1.06223378768913	57
-0.004327019427667	1.16357443073497	57
0.048228532197089	0.470856745105674	12
-0.075232150203982	0.599654790054676	12
-0.038111377288474	0.414177817025583	161
-0.041717902408649	0.630081234371633	161
-0.033262890990625	0.879669854109761	72
-0.074035939998639	0.816375692949902	7
0.030187946152239	0.767645000664507	97
-0.051721916884086	0.848043425468633	97
0.063120194180064	0.508370712672486	97
0.048582252881177	1.12597074134068	12
-0.051828709496709	0.848046842153762	12
-0.102519190369605	0.785826602283405	12
0.041006082187117	0.801172532030009	51
-0.10258218567443	0.785881930049397	51
0.104482133181143	1.18893075074114	51
-0.054346915549636	1.04881487571837	51
-0.104221206186145	1.1619396888872	51
0.122694369809007	0.897765309492088	12
0.028985748381116	1.02848708991304	57
0.0810607163477119	1.30944364742674	57
0.048106601170115	0.471060653765222	161
-0.075224295078979	0.599634201404957	161
0.030166210951231	0.767669262259195	161
0.048060623814151	0.471077472243728	72
0.00301461825294003	0.697663368297709	12
0.00294908055527099	0.697737592033022	7
0.075367459696125	0.545363877292345	7
0.048022434192649	0.470939585084635	97
-0.049455407375063	1.80013657642985	12
-0.016283009867109	0.662848621894492	88
0.0177292753209	0.441490978820015	12
0.11840674818044	0.829895501589517	51
0.020072777136518	0.997638020969038	12
-0.103953138890352	1.16142347433593	12
-0.074122030630818	0.81651335162147	12
0.00444271640465299	1.19476448637473	161
-0.013981132370361	1.13299968686101	161
0.120733169931882	0.863674315507273	161
0.11502085193993	0.797247926350976	12
0.028788991251034	1.02879133284251	12
-0.016960511410826	0.910003387790672	12
0.106511239233643	0.730937039839339	11
0.106506084011186	0.730929768371253	11
-0.051767812830155	0.84809156874333	11
0.118224131462999	0.830226791130346	112
0.059583475006097	0.864512426311869	7
0.091274054880803	0.622191717871612	97
-0.085812013810761	1.88229940485501	34
-0.073956048271928	1.90338951536557	12
0.025043640786553	1.6691286749284	12
0.018026903922419	0.441132034202971	88
0.030216828572321	0.767608928160328	51
-0.026497592351822	1.51984423672072	12
0.048742894964231	1.12555350918029	12
0.085967178736175	1.02754417738164	57
0.012134115492261	1.22696685245993	57
0.111229059498352	0.763790909039153	161
0.0912947995307271	0.622151746026057	161
0.041155199589583	0.800971332162589	161
-0.004376165519696	1.16364162080059	12
0.020157720298968	0.998122387966076	11
-0.098756633713589	0.353692019334519	7
0.122571452073395	0.898130580605687	112
0.091336274571196	0.621935646428968	7
-0.041778278670169	0.63023596164161	97
-0.102667159015211	0.785951560164861	97
0.07550310138156	1.28163740453726	34
0.059526910698866	0.863980702188296	51
0.053674856542531	1.403299082915	57
-0.104044992532314	1.1617419044023	57
0.0752328629001901	0.545597783452129	12
-0.033002722042267	0.879174038283977	72
-0.069078754760871	1.21207645895731	7
0.017809065046073	0.732950060175185	7
-0.041922270637053	0.630589539613816	7
0.01763654577387	0.441536831391427	7
0.063421972840391	0.508127690026033	97
0.091122632222559	0.622335582429877	97
0.0963724628860611	0.66014633040848	97
0.114004816263147	2.30932595955611	34
0.117212891543723	1.27323431348349	34
-0.013858485576047	1.13288977056248	12
0.048106601170115	0.471060653765222	12
0.072781304825547	0.928045203088818	12
0.106366987138921	0.731086016567874	51
-0.00390398724844898	1.16276452261319	12
-0.069394988061666	1.21260311717448	12
0.067018462077209	0.89547910161418	12
0.042902311058964	1.09278980802133	57
0.050820550375013	0.833419791904555	12
0.063093297955259	0.508417242046547	12
-0.074211481181239	0.816576302309726	12
0.115075939375825	0.796909177745405	161
0.111245190379223	0.763631955522504	72
0.051091165105661	0.832321659101349	11
0.096550311400883	0.659917332501928	11
-0.0938684475518869	0.995601191813395	11
0.040988741716828	0.801264572434265	112
0.050820550375013	0.833419791904555	7
-0.118061626719501	0.96713148078061	7
0.01789565330357	0.732822966651815	7
0.030426436793633	0.767056386465778	97
0.048167513635818	0.471016343360915	97
0.091098694249095	0.622340682489739	415
0.0510793905472931	2.29011616904825	34
-0.055420774774768	1.23962225401379	12
0.042821080527548	1.09298243754648	12
-0.013892814921552	1.13254322033828	12
0.089247564489243	1.06175053691881	12
-0.032399289817173	1.29789210743273	57
-0.032600892643303	1.29915370337055	57
0.050752897695814	0.833511681599796	12
-0.069322253699696	1.40753277971396	11
0.050916141394487	0.832880887646557	11
-0.054485987553906	1.04892001500168	7
0.123995339070391	0.933361631465508	7
0.10650096639658	0.73086029040724	7
0.048183116294703	0.470731915364278	7
-0.075329265417905	0.599645011435276	7
0.0912947995307271	0.622151746026057	97
-0.042052298639449	0.630656110813843	415
0.040312239885015	1.34847179794825	12
-0.0163615331599321	0.663054207629342	12
0.122718930141738	0.897576297241317	12
-0.025340181590252	1.10382873572307	12
-0.085368888875214	1.18654642894976	12
-0.014024217225507	1.3602325499844	12
0.124056042166165	0.933095836287094	57
0.02662012056213	1.2889336589384	57
0.0667628901371991	0.896111895900211	12
0.017822069649896	0.441368127807516	12
0.017927465546806	0.732609980071866	12
0.017809065046073	0.732950060175185	12
0.0909711593715859	0.6223438187808	12
0.018014007904996	0.732649433554209	12
0.00311921498448697	0.697457472057385	12
0.018293823466997	0.732107972025925	11
0.115124403348209	0.797154342776926	7
0.01814960398396	0.440970472276922	7
0.075208565707402	0.545622611509452	7
0.10640046829823	0.731059995223998	7
-0.0554947384478151	1.24026634515606	7
-0.01367305489065	1.13226304268245	7
0.00311921498448697	0.697457472057385	7
0.048159832487555	0.470997103993803	7
-0.042126707406141	0.630748496181635	7
0.063394965740158	0.508064277585327	97
0.084182350474447	0.583957697516659	97
0.030224002920884	0.767444953286425	97
0.0751526903693121	0.545617365600518	97
-0.036410032633592	1.49230611414095	12
0.118224131462999	0.830226791130346	12
0.0480761847510181	0.471043419126657	12
0.017807134329266	0.441473163114747	12
0.0594035085335301	0.864549306339315	51
0.0782328333129581	0.959547358270032	51
-0.0969116280805889	1.70715729115577	12
0.091187979765687	0.622272623786636	12
-0.033024292766798	0.879147658074911	12
-0.042029090058758	0.630725452876737	12
0.091187979765687	0.622272623786636	12
-0.073991306393046	0.816234952867646	12
0.036162902156077	1.05996776896887	11
0.030318066175677	0.76741538842748	7
-0.054397690640078	1.04909955236046	7
0.084607151469186	0.583359862473295	7
0.101517531985938	0.696409457912416	7
0.072978003895333	0.927503441686384	7
0.017901499241205	0.732901068709391	7
0.075235782273917	0.545474998373273	7
-0.033002722042267	0.879174038283977	97
-0.075127181183508	0.599448766878507	97
0.122482210529496	0.898357063817774	12
-0.104734895983289	1.51784649888022	12
0.063277903257855	0.508273973989328	145
-0.097314325335099	0.352888726716764	12
-0.078962119253945	1.57162963162049	12
0.030346943864401	0.767329384359328	51
0.042921748261487	1.09254644583778	51
0.120772496556823	0.863761313473001	57
-0.032767074465792	1.29965492908721	57
-0.026914306680351	1.52133999049965	57
-0.124181395873013	1.65573951711646	12
-0.075224295078979	0.599634201404957	12
0.075075383686997	0.545765523362656	12
0.106449538519196	0.730915650386072	12
-0.0161226246794109	0.662495372105202	12
-0.093817956399095	0.995506580891877	12
0.050911498443585	0.833194473963572	12
0.066804106114161	0.896053118107321	11
0.063079844351383	0.508356092101914	11
0.030028932642383	0.767650080496136	11
-0.033255464639919	0.879557123819165	11
0.017699342444723	0.441384704650949	7
0.063250955301187	0.508320544769257	97
0.075340244041036	0.545452715371539	97
0.048137044135346	0.471051609861451	415
0.017885151515488	0.441422043241892	97
0.063644479097406	0.507593208935239	97
0.0867559333811721	1.33511146555097	12
-0.075150817760178	0.599509934408343	12
-0.02500655926871	1.10310795203468	57
0.07541984978312	1.28188164379434	57
-0.075224295078979	0.599634201404957	12
0.017941873253126	0.73286505952673	12
-0.111876785430642	1.32432879496584	12
0.072826945029969	0.92797949832754	11
-0.033284459182909	0.879654013737668	7
0.017963326955765	0.441341043477748	7
-0.025234801718878	1.10382934732178	7
0.075126927980529	0.545745098121915	97
0.027497641259424	1.4984373205428	12
0.053690802707164	1.4039139345168	12
-0.01630861954926	0.662972643880192	145
0.04800751798394	0.471042122206643	12
0.082009662831658	0.99427443025629	12
0.082415117169116	0.993196186396059	51
-0.013814543704821	1.1324821179885	12
-0.043581732632745	1.26969033743002	12
0.041149931768679	0.800920068322419	57
-0.00797797194966299	1.57328847649608	57
0.084474992835432	0.58358875340051	12
0.017807134329266	0.441473163114747	12
-0.05425866393656	1.04884416750637	12
-0.104129319640827	1.16190766513316	12
-0.025357647244177	1.10400445789848	11
0.072812801965395	0.928002293928782	7
-0.033060654015574	0.879309192246952	97
-0.074187426761161	0.816606642247111	97
-0.016148215318881	0.662566783718043	97
-0.119121831749253	1.49050521830643	12
0.0506874788731581	0.833490602242361	12
-0.038575520499092	0.414353051058273	12
-0.099800653817146	0.35408418104254	12
-0.055355801480366	1.23997126769282	51
0.0302603275330811	0.767435441902361	51
0.069986172106877	1.25257846478114	51
-0.0786639809111041	1.57038966273918	12
0.017967864460789	0.732821298651971	11
0.063093297955259	0.508417242046547	11
0.00461968864659401	1.19461067115183	7
0.00311921498448697	0.697457472057385	97
0.089347925804716	1.58958687650808	34
0.121137648948794	0.862433777876707	12
-0.11204513396439	1.32455458960622	12
0.050773995500973	0.833434727162141	51
0.120387429133377	0.863870084604003	51
-0.11023947176392	1.68225150221905	51
0.124045519738273	0.933281205527403	12
-0.016335915718494	0.662959083307172	12
0.120755362689707	0.863758001106822	12
-0.033103821624906	0.879408976519987	12
-0.073994520466937	0.816145306359558	12
-0.069401487824394	1.21233490696099	11
0.12078675141296	0.863731278218524	11
0.11837519267769	0.830013639264031	11
-0.025294536490298	1.10381298697763	7
-0.102711082516985	0.785806559178677	7
0.075022388324281	0.545756932496765	7
-0.016310304284051	0.662761454214825	97
0.092723176857994	1.0952391384263	12
-0.098235856286303	0.353414829103439	145
-0.0688798125633841	1.40635533096761	51
0.020261929175948	0.997818496513494	51
0.085815551581737	1.02814148624977	12
-0.00577230436070997	1.74182808796796	57
0.054156809808582	1.15810952268836	57
-0.025266364005302	1.10389702955598	12
0.117887180784536	0.830343855590098	12
0.0754204088045291	0.545223020806348	12
0.03630299790266	1.06026546209572	11
0.050867145477455	0.833314384010154	11
-0.051808408102043	0.848128932209231	11
0.081936068815084	0.994382345681432	11
0.0750209619564241	0.545799116154301	7
0.048030140972728	0.471086554526434	108
0.048068364212171	0.4711048335323	108
-0.075053757516349	0.59945569070679	7
-0.041931519146898	0.630510016423755	7
0.0751526903693121	0.545617365600518	7
0.0968756246910361	0.659268401068894	97
-0.079098857906275	1.57299340689983	12
-0.037990233828196	0.414043933099704	145
-0.038101962939554	0.414130609919789	12
-0.110283284484832	1.6824293015403	12
0.033437781638903	1.31900770439498	12
0.036008861510388	1.06067104052929	57
0.00952395346007295	0.968674615854253	12
-0.042126707406141	0.630748496181635	12
-0.0749646380190711	0.599304485288219	12
0.106544718597846	0.730870685159062	12
0.030216828572321	0.767608928160328	12
-0.075313591982397	0.599686009158765	11
0.112901450841078	1.24613510758963	7
0.004695084570561	1.19433750379327	51
-0.098554588996423	0.353709685597233	145
0.020221808937964	0.997841167125324	51
-0.072767564411144	1.02262963143096	51
-0.0000763528395469892	1.94193211317688	57
-0.11810721252512	0.96710687058265	12
0.048068364212171	0.4711048335323	11
0.036172130201798	1.06064388169754	7
-0.02317192462766	1.33007910772345	7
-0.013767218432536	1.13272614314929	7
-0.042066289731086	0.630748823283636	97
-0.00533582201593896	1.38966991009056	12
-0.038353018666431	0.414337941238971	145
0.030187946152239	0.767645000664507	12
-0.00790917585993001	1.57313005147909	51
0.075126927980529	0.545745098121915	51
0.096352396025853	0.66007976754343	51
0.078044401002927	0.95971264144076	12
0.091143360720645	0.622339256267809	12
0.063487175909114	0.507986633485621	12
-0.097833196182046	0.353207340512575	12
0.075126927980529	0.545745098121915	12
0.017875477368701	0.732920077295328	12
0.084522203630556	0.583629406919959	11
0.120866625831263	0.863338516984145	7
0.074940759779981	0.545724491019423	108
0.075260074216374	0.545605022666558	108
0.063343219674838	0.508238057982816	108
-0.097833196182046	0.353207340512575	7
-0.037990233828196	0.414043933099704	7
0.041738495091644	1.54927859569032	51
0.0177292753209	0.441490978820015	145
-0.02500655926871	1.10310795203468	12
0.042266594545896	1.54816374575912	12
0.054079903846479	1.15835057246128	57
0.122489937578083	0.898208945387929	12
0.0177143011176401	0.441519104636812	12
-0.054441841661519	1.04905064299078	12
-0.00282168608484501	0.939541816501361	7
-0.124746454178457	1.97085873084861	7
-0.033031690810956	0.879270841423898	7
-0.051966504581451	0.848216899238901	7
-0.016414454254694	0.663108225094003	7
0.048167513635818	0.471016343360915	7
0.00442815619846704	1.19504118766059	7
0.075234323214785	0.545649823465162	415
0.048205724416729	0.470910260347338	145
-0.038464314880281	0.414424326723021	145
0.100467627519648	1.15839395656865	51
0.059339900234837	1.19077684577859	12
0.029048642171601	1.028253159638	57
0.048159832487555	0.470997103993803	11
-0.081416626133219	1.37700304232785	7
0.096611469191095	0.659853640291209	97
0.063448965253187	0.507971440785624	97
0.017807134329266	0.441473163114747	97
-0.016281321352695	0.662925995029655	51
-0.102393270064865	0.785621271260328	51
0.124383665336218	0.932369646978165	12
0.041044675333898	0.801191981888201	12
-0.042005881270846	0.630719515069575	11
-0.095711181097985	1.35021163003922	11
0.084478180970231	0.583797970147497	108
-0.069256421823689	1.40732350133343	7
-0.102626121428237	0.785899865880792	97
0.0965095277865941	0.659705982328076	97
-0.099597513992659	0.354101235493265	145
0.122442046673355	0.898288866301486	145
-0.0725795200824581	1.0220444201303	51
0.106433958541662	0.731013916701746	51
0.093090811754519	1.09423074326722	51
-0.111890959566259	1.32445337085861	51
0.059267388295134	1.19101439314747	51
-0.111799689230496	1.32416587073105	12
0.085568937566181	1.02843946936719	57
0.118434938964708	0.829810525026358	12
-0.07503796297973	0.599333001659143	12
0.048091133154588	0.471042169258016	12
0.091469932201992	0.621800727696444	12
-0.00279818433735701	0.939535965995986	12
-0.085431577439116	1.18682956368873	12
0.084522203630556	0.583629406919959	11
0.040955480090218	0.801253007009373	7
0.04814485185986	0.4709545254248	108
-0.038232305482405	0.414275835906919	108
0.084748367134464	0.583002996926212	97
-0.057574465639717	1.4356111000261	51
-0.102604151174065	0.785927542903538	12
0.020047326620403	0.998279027251714	51
-0.095849867244281	1.35060532139545	51
0.011119034478952	1.44736590167952	57
-0.0695807302323011	1.21267158834708	57
-0.013704439511119	1.13247332015942	12
-0.033031690810956	0.879270841423898	57
0.084478180970231	0.583797970147497	12
0.0200442273322869	0.998196617850696	12
0.041160507428347	0.800947850610149	12
-0.016148215318881	0.662566783718043	108
0.018008252664161	0.732785272210026	108
0.00303432589534103	0.697538837656829	7
-0.016520318870356	0.663134379752832	7
0.00299358534899896	0.697678094612967	97
-0.038343745757691	0.414362328106443	97
0.084581942720471	0.583588716949427	97
0.00277673550704405	0.697777894903242	97
-0.04181077684651	0.63023594176319	97
0.047137032947544	1.37658931725965	12
0.063356704764237	0.50818911175335	12
0.081937144444534	0.993635886407121	51
0.0779394155626471	0.960483862677428	51
0.08569032127306	1.0282356558891	51
0.064490640600209	1.22243403447138	51
-0.043468115477689	1.2695358513658	12
-0.095532420248001	1.34965853221718	57
-0.02515759399367	1.10361380639981	57
0.0177292753209	0.441490978820015	12
-0.01630861954926	0.662972643880192	12
-0.094048998259988	0.995747228720074	12
-0.093854618549572	0.995282653686025	12
-0.075321423367854	0.599706575982585	11
0.101419309094661	0.696365552867998	11
0.019611947668921	1.25771496999413	7
-0.04361401191595	1.26960741158832	7
0.075340244041036	0.545452715371539	108
0.118329539335055	0.830125132981521	7
-0.111861664295819	1.8394029430323	12
0.01763654577387	0.441536831391427	12
0.075260074216374	0.545605022666558	145
0.053770516754733	1.40365470401965	57
0.118280506613031	0.830137717457295	57
0.026190637980019	1.28960249628957	12
0.059232419242514	1.19111316006315	57
0.009668997909826	0.968557449629606	57
0.050886024863598	0.833150402131769	57
0.084078279932287	0.583934285373817	12
0.106732790186799	0.730117395889237	7
-0.09751494297264	0.353113627072122	7
0.030028932642383	0.767650080496136	7
0.02886606496819	1.02861603897024	7
0.120632706756425	0.86391565056007	7
-0.102519190369605	0.785826602283405	7
-0.074187426761161	0.816606642247111	108
0.041049965119011	0.801241220018575	7
-0.073949855274927	0.816140733367379	97
0.091360124316574	0.622045105168558	97
0.084371226517559	0.583859348821932	415
0.048137044135346	0.471051609861451	145
0.048068364212171	0.4711048335323	145
-0.072772672389453	1.02252865191709	51
-0.068980029924911	1.40638408570664	51
0.101680146307319	1.4133676533256	12
0.019867258092249	1.25663082369318	57
-0.03291359057362	1.2993281222823	12
-0.075053757516349	0.59945569070679	12
0.041049965119011	0.801241220018575	12
-0.00271235126202196	0.939291115080948	11
-0.00427010447970599	1.1635472040603	11
0.12092367095708	0.863331309366866	7
0.075287287517624	0.545564195725926	108
0.017900032419528	0.441350213980641	7
0.084456162756553	0.583813760351764	97
0.085740438820106	1.02832727936666	12
0.075128371293633	0.5457500837636	145
-0.032847521218846	1.29986785378535	51
0.066766185126239	0.896125818164472	51
0.112845252286203	1.24589718623892	12
0.12418158743058	0.93299502262236	12
0.019492850285714	1.2580692765787	57
0.00279733770240898	0.697822392172466	12
0.018056432898871	0.441217944876616	12
0.101525163151104	0.696402792335681	12
0.0966775307892	0.659742172425277	12
-0.117970546668315	0.966834586262337	12
-0.01649467821567	0.663121538181514	7
-0.00416404743598497	1.16321580789807	7
-0.098235856286303	0.353414829103439	7
0.101690534223917	0.695882647989737	7
0.075129813422717	0.545529022056414	7
-0.0754107477259231	0.59972581114889	7
-0.119071614265974	1.49015193773357	12
-0.00275392830912502	0.939513411706335	12
-0.046567135949801	1.46336998181687	12
-0.111816987005703	1.32390897700294	57
0.063120194180064	0.508370712672486	57
-0.075337118126494	0.599426192311837	57
-0.093753601208443	0.994936110866735	12
-0.051828709496709	0.848046842153762	12
-0.0518949041164331	0.848116806170659	11
0.059611122122143	0.864374641713518	11
0.040955480090218	0.801253007009373	11
-0.06921242689783	1.21255138011587	7
0.0727954420109031	0.927977443523826	7
0.120512031065115	0.864020989946129	7
-0.102604151174065	0.785927542903538	108
-0.075589549961506	0.599650009939612	7
0.075179899331267	0.545683412508346	97
0.0631067478976231	0.508419637507065	97
-0.108582821900672	2.28233925736247	12
0.00183176695458198	1.76663712249452	12
0.117135025078423	1.27341164486553	12
-0.085365605230031	1.18672827420513	145
0.111146979469236	0.764243572648069	51
0.063277903257855	0.508273973989328	51
-0.104112948109029	1.16189911290059	51
0.082703412602255	1.53072292028327	12
-0.015431890393484	2.07248868955635	12
-0.041847927464025	0.630459992763821	57
-0.033219704423789	0.8794291957937	12
0.084478180970231	0.583797970147497	11
-0.102667159015211	0.785951560164861	11
-0.069243928934838	1.21268516462975	7
0.0267247391457049	1.28801600561787	7
-0.013752980187521	1.13265178799612	7
-0.075053757516349	0.59945569070679	97
-0.038232305482405	0.414275835906919	12
0.101734786271922	0.695881018030326	12
-0.119902433243011	2.26333180406594	51
0.030007187842875	0.767738167991569	51
-0.0264460910372309	1.51941066172537	51
0.124131395028744	0.933149436287989	57
-0.085434870499159	1.1868096206394	57
0.029048642171601	1.028253159638	57
-0.038581528592141	1.07592431315603	57
0.096529920771235	0.659845262382997	57
0.0412324261850821	0.800658993483522	12
0.115162414940706	0.797047284300199	11
0.122360567048558	0.898446849520651	7
0.084478180970231	0.583797970147497	73
0.091315539427417	0.622068107957982	7
0.041099324287684	0.800940227689054	97
-0.102689118389286	0.785923872930611	97
0.084267323025439	0.583979591146226	97
0.072644391092379	0.928117518837209	12
0.073255146633796	0.926529672828405	51
0.106338727939594	0.731059768802662	51
-0.014106461670908	1.36021479916207	51
0.089216976913623	1.06211101592047	12
0.00450351263636695	1.19492457654596	57
0.0175438809371939	0.441453292209616	57
-0.054509703753986	1.04891041336246	12
0.050953671332866	0.832910836902315	11
-0.094076577504426	0.995488882532676	73
0.0480761847510181	0.471043419126657	73
0.0507784561049071	0.833412662069903	7
-0.102500197789548	0.785757997478442	97
0.06456852115564	1.22223770800787	51
0.084327188189569	0.58353933427285	51
0.00311921498448697	0.697457472057385	51
-0.118214047976158	0.96759620565671	51
0.108812740381307	1.21750852087531	57
0.100440271683976	1.15859465327038	57
-0.102500197789548	0.785757997478442	57
0.124297842380172	0.932725895220056	11
0.111330100257992	0.763770857607715	73
0.069761438031877	1.25290842745248	7
-0.0980343570804339	0.353432748047731	7
0.115290110874545	0.79631781621454	7
0.110963909889554	0.764225710962132	7
-0.0332702735377191	0.879505439851604	7
-0.102541166752993	0.785872227558357	12
-0.075492339365296	0.599688769725692	12
0.020151529933808	0.998046884448874	51
0.089256276549895	1.06208535384605	12
0.08578516052846	1.02807537881544	12
0.124242359240785	0.932885751847047	12
-0.00615463825268803	1.91491587435276	57
0.075128371293633	0.5457500837636	57
0.091274054880803	0.622191717871612	12
-0.102393270064865	0.785621271260328	11
-0.025080383050471	1.10331527786405	7
0.117316414587293	1.27312630951651	7
0.092111585509145	1.36149772108999	73
0.0972025380516019	1.38721235448162	73
-0.102415268225124	0.785666912193693	7
0.066662322979702	0.896122574856881	7
0.116674868558776	1.95352579188654	34
0.092431258160705	1.6185596653336	34
-0.016124337343184	0.662305499122775	12
0.101380636101299	0.696481099561776	51
0.028663230211191	1.02885903022578	51
-0.095678806661281	1.35021566753029	51
0.040026751605134	1.34936712925792	12
-0.038584669491101	0.414442391647873	57
0.00307849189864695	0.697565218519348	12
0.066724968997399	0.89609134510041	73
-0.098352883478491	0.353483822010577	7
-0.096796269002475	0.352488687791578	7
-0.038353018666431	0.414337941238971	97
-0.051742222533774	0.848030929183181	51
0.096555055186716	1.12719850654615	12
0.017901499241205	0.732901068709391	11
0.018054415695141	0.732724845641667	7
0.08204195546011	0.994275052860852	73
-0.085368888875214	1.18654642894976	73
-0.016283009867109	0.662848621894492	73
0.084333269293257	0.583795320835331	7
-0.075135049387965	0.599550836734038	12
-0.085293048458531	1.18666662789196	51
0.00962721189639404	0.968518311400869	51
0.110896060644262	0.764087227749771	51
-0.062838762711836	1.92425278060327	12
-0.071953045343265	1.75477545005805	12
-0.075135049387965	0.599550836734038	57
-0.074276944220782	0.816610642593843	57
0.07288672063133	0.927783439690302	73
-0.041908305713741	0.630579329942369	73
-0.022991210526089	1.32885994391966	73
-0.102519190369605	0.785826602283405	7
-0.041945482047303	0.630661225316363	7
0.096415195024385	1.12773873066879	57
0.120986454397159	0.86316433386495	57
-0.025066292966231	1.10335293561354	57
0.091208718711636	0.622276283523047	57
0.026432105636103	1.28948083004415	11
0.0255442913459339	1.66671192206514	11
0.122531359369982	0.898248183058284	73
-0.054326530309547	1.04896475137573	73
0.048060623814151	0.471077472243728	73
0.050909292193253	0.833131747249764	7
0.084519064067727	0.583713359197363	7
-0.054400916845987	1.04903325736646	51
-0.102456218495276	0.785740006128746	51
0.091164084470982	0.622299304766125	12
-0.04961112928096	1.80055403444774	51
-0.085289764446022	1.18670287186486	57
-0.013644550782986	1.13236373722333	57
-0.118412160857184	0.967860115493285	57
0.101806708346061	0.695730821907008	12
0.096504635821028	0.660029290410333	12
-0.093738401867364	0.995273293191953	12
-0.118341291598363	0.967656052372211	11
0.00445847344556904	1.19484685976569	7
0.075208565707402	0.545622611509452	73
0.12080099887297	0.863644263616836	73
-0.025266364005302	1.10389702955598	73
0.10650096639658	0.73086029040724	97
-0.118214047976158	0.96759620565671	12
-0.075135049387965	0.599550836734038	12
-0.023302116395159	1.33056014369576	12
0.100057336272045	1.15854521160258	12
0.122489937578083	0.898208945387929	57
0.064334580279024	1.2223960053312	57
0.019638805217953	1.47271381623257	7
0.078021228179319	0.960273276878399	7
0.063329730916325	0.508235697146491	73
0.066863502597586	0.895708532547248	7
-0.075127181183508	0.599448766878507	7
-0.102519190369605	0.785826602283405	7
-0.012639030979075	1.88811403398309	51
0.070065761259653	1.25226246206973	51
0.0667293173996329	1.45482218132483	12
0.0669805431716221	0.895641106547828	57
-0.0385365544145641	1.07576869876349	12
0.059475208737528	0.864488418527876	73
-0.023423353476818	1.3306944835772	73
-0.013896492372418	1.13272403078145	73
0.019715199013808	1.25747284964294	73
0.00948954044974204	0.968678686002583	7
-0.071962261432893	1.75487323122981	51
-0.091380687084933	1.54479194889323	12
0.048129316552884	0.471060482975925	57
-0.042019876326016	0.630530640063288	12
0.0964842539687501	0.660007382276669	73
0.050843842870538	0.833378565150973	7
-0.102626121428237	0.785899865880792	73
0.0842702459960501	0.583805458488581	7
-0.051701613745023	0.847993548421683	7
0.015561815508269	1.81607652430523	51
-0.0690439872941711	1.2120264755551	12
0.108714544030242	1.21798647934187	57
0.012274831232206	1.22665274169391	57
0.120721028223252	0.863165396946543	57
0.066936061833785	0.895575987023821	57
-0.111999506797401	1.32448507432865	57
0.120723970745765	0.863744766352967	57
-0.10235235414452	0.785514109137052	57
-0.0386505890528091	1.07608440185804	7
0.124156495514505	0.933090590074214	7
0.026547636949134	1.28928934864213	73
0.017963326955765	0.441341043477748	73
-0.095655943630819	1.34903023903235	73
-0.102330345091486	0.785468465244391	73
0.075260074216374	0.545605022666558	73
-0.01646904351221	0.663007436278576	7
0.00296969497419597	0.697668597176143	51
0.017900032419528	0.441350213980641	51
0.063408471126852	0.508125343240681	51
0.100379482365894	1.15877083338888	51
0.104804085833545	1.18728695309183	51
0.089372114696901	1.06174446834677	51
-0.044780143502854	1.64954766805542	12
0.108794387258493	1.21778924816741	57
-0.044837280534531	1.65024951145704	12
0.118318746613447	0.829619038088677	11
0.081943758919499	0.994150286828884	11
0.00475578371979901	1.19415309240807	11
-0.013914156574251	1.35983365357049	11
-0.032711681296535	1.2995135433954	73
-0.074867619725942	0.599090428767936	73
0.017963326955765	0.441341043477748	73
0.075126927980529	0.545745098121915	7
0.082293787167143	0.99368540822557	7
0.0181409619267811	0.73254991886232	7
0.002907836355861	0.69770729158356	51
0.053752013355894	1.15897578224056	51
-0.024897760757521	1.10257545334267	12
0.048576957793788	1.12601948061307	57
0.120926544868014	0.863310261566928	11
0.122449863498626	0.898405772387523	11
-0.00409164573957599	1.16326494014073	7
0.101626157830299	0.696240291814015	7
-0.074122030630818	0.81651335162147	7
-0.09368791408267	0.995116678033945	73
0.07276716027729	0.928047290976061	73
-0.016970966090645	0.910002448809907	73
-0.052119306982737	0.848202576256546	73
0.040894458196407	0.800941408075033	7
0.122546845316987	0.898087706694959	7
-0.054377230036627	1.04907021249477	7
0.0479996846415251	0.471069360153076	51
-0.07300184930048	1.02226594888538	51
0.011355934158276	1.44662999941884	57
0.019578999605642	1.25742229602182	57
-0.068984199560109	1.21186388808817	57
0.096723180808149	0.65967225997152	57
0.017792214528392	0.441468073086455	57
0.018134870756271	0.441106968732687	12
0.114841296389306	0.797263369834564	11
0.018146641231236	0.732361241596209	11
-0.017004380888106	0.910076836441404	11
-0.06917610622888	1.40728223849305	7
-0.025266364005302	1.10389702955598	7
-0.024897760757521	1.10257545334267	73
0.043040269963739	1.09232707651574	73
0.123909475349228	0.933457866348688	7
0.075338766670477	0.54534540540273	7
0.00314130593738404	0.697441333128085	7
0.040171158242581	1.34901275857853	12
0.112957638042028	1.24618905821898	57
0.012335303958794	1.22626285856611	57
0.081198328394704	1.30887800037995	57
-0.051721916884086	0.848043425468633	11
-0.102689118389286	0.785923872930611	11
0.00294908055527099	0.697737592033022	73
0.018134870756271	0.441106968732687	73
0.077947188419055	0.9604355777347	73
-0.09751494297264	0.353113627072122	73
0.050846118450759	0.833299690855803	7
0.018008252664161	0.732785272210026	7
0.063172144305836	0.508381075212563	7
-0.016441749899156	0.663094658546721	51
0.048159832487555	0.470997103993803	51
0.048060623814151	0.471077472243728	51
-0.081490411135732	1.37630196312878	12
0.112976364148336	1.24616824980514	57
0.091253305477373	0.622188073930247	11
-0.017037786107609	0.91012511760372	11
-0.033262890990625	0.879669854109761	73
-0.072795896182648	1.02264040176664	73
-0.054194108745097	1.04871968629698	73
0.00318199696521804	0.697304602378743	7
-0.075127181183508	0.599448766878507	7
0.017963326955765	0.441341043477748	51
0.041165855218576	0.800847319206095	51
-0.069272216254451	1.21243474475569	12
0.02705412397926	1.4997978203852	12
0.042704707093424	1.09318481066926	12
-0.017001410703299	1.54724465338798	57
0.048129316552884	0.471060482975925	11
-0.08175676216144	1.3784066802243	73
-0.0574538239060099	1.4352231241301	73
-0.041885092082105	0.630573386077958	73
-0.0550129615594051	1.23888947458138	7
-0.0383344554852471	0.414193392330842	7
-0.00271235126202196	0.939291115080948	51
0.117267745239317	1.70070062246532	51
0.1125665584255	1.24674015144933	12
0.046981635089042	1.7752561405481	57
-0.029540895057756	1.84352097304651	57
0.075363935002157	1.28198044850718	7
-0.00252432104007905	0.938727350182839	73
-0.0518340276884049	0.848161563336183	73
0.030238569722612	0.767560566360836	73
0.048129316552884	0.471060482975925	73
0.048175274861663	0.470945497752617	73
0.075128371293633	0.5457500837636	7
0.072858444800004	0.927936580621221	7
-0.00438393333870502	1.16357704543696	7
-0.0980343570804339	0.353432748047731	51
-0.042005881270846	0.630719515069575	51
0.048121668982423	0.470978781688397	51
0.01814960398396	0.440970472276922	51
0.04809882712395	0.471095771394012	51
0.106578207080757	0.730783485480508	12
0.080619438901424	1.91919558280659	12
0.101424176184273	1.41440609542669	12
0.017885151515488	0.441422043241892	12
-0.016334235224492	0.663007552598854	12
0.124247572249965	0.932730759438112	73
-0.00407476623662295	1.16320769388809	73
0.0177292753209	0.441490978820015	73
-0.0980343570804339	0.353432748047731	73
-0.0980343570804339	0.353432748047731	73
0.017807134329266	0.441473163114747	7
-0.038213600919535	0.414059767247702	7
0.068064431380386	1.68101089200351	12
-0.079098857906275	1.57299340689983	51
-0.00409935362358504	1.16332090464238	12
0.10549211551987	1.44081546354893	12
-0.09771589802742	0.353095483927744	57
0.08466349758448	0.583130966181742	11
0.089075567842766	1.06230604270091	7
0.106433958541662	0.731013916701746	7
0.028877206187111	1.02864909465794	73
0.050846118450759	0.833299690855803	73
-0.0136131577088	1.13221007391103	7
0.063054716370341	0.508273958387836	212
0.084204331235085	0.583989672620801	212
-0.102733051397044	0.785497140065972	212
0.0301084413714871	0.767689363487349	51
0.030325218267761	0.767300271531753	51
0.0965910856076549	0.659917412289735	51
-0.10237436794994	0.785486517852404	51
-0.042089496111302	0.630754759552082	51
-0.038222961863263	0.414264406349458	51
-0.00417316219118702	1.1633389189362	12
-0.00571630070083795	1.39010565221355	51
0.09315606433899	1.0937878613718	12
0.00949323770395705	0.968667301219248	7
-0.014029048852313	1.36024769948142	7
-0.038473517099805	0.414356124603627	73
0.082066485511524	0.994196877233352	73
-0.051854317333041	0.848211428219714	73
-0.0980343570804339	0.353432748047731	73
-0.118729295390884	0.967258039073149	7
0.0843932388020811	0.583891294044359	7
0.017978153477464	0.441299012127764	212
-0.073946722165788	0.815989994097617	212
0.100540402698172	2.29395194222945	34
0.089220919882831	1.06215567987179	12
0.0547530639503711	1.59771551728888	51
0.081354644062974	1.30807274766641	12
0.096467389203135	1.12757492714603	12
0.040129424596742	1.34918746521245	12
0.042909959781374	1.09263843722839	57
0.017807134329266	0.441473163114747	12
-0.0554869706340621	1.24032617042332	7
0.020053239746643	0.998165670619008	73
0.080756598810713	1.3098138603265	73
0.118315437422708	0.830099179731866	73
0.066911279729608	0.89583190450586	73
0.120726857246421	0.863837448394153	73
-0.041922270637053	0.630589539613816	7
0.115227980948091	0.796885307231126	12
0.120632706756425	0.86391565056007	7
-0.0744457694487291	0.816162823466288	73
0.115089883340911	0.797204722600917	73
0.096657140778425	0.659805941212877	73
0.062908640108205	0.508166903673842	212
0.067051596479848	1.45362160079114	51
0.050710794196572	0.833449342403027	51
-0.017099280821417	0.910082194421809	51
0.00978331019799605	0.968105131079473	12
-0.00268888045695903	0.939310117634896	12
0.101387452576451	0.696504326824653	73
0.106444307745161	0.731009070221673	73
0.018207291709443	0.732392184835594	7
0.118326153274995	0.830006446369344	7
-0.016416122941331	0.662953426739208	212
0.091315539427417	0.622068107957982	212
0.062383794722542	2.01416042651996	34
0.092715897264198	1.09514943613033	12
0.101344590536463	0.696551216840321	57
-0.074080622929075	0.816419155705699	12
0.066586478048175	0.896129620063308	12
-0.016798639268105	0.909390536551433	12
0.091208718711636	0.622276283523047	11
-0.085324397605846	1.18675771589494	11
0.120940808275088	0.863317420836699	11
0.066807404248193	0.895956538006685	7
-0.085330968548915	1.18664487565667	73
0.017814933596513	0.732888927794764	7
0.00297151029416498	0.697635563753618	7
0.084522203630556	0.583629406919959	212
-0.0690439872941711	1.2120264755551	51
0.018134870756271	0.441106968732687	51
0.12437845564445	0.932487890066838	12
0.00956205924623099	0.968683378177568	57
0.041265726754033	0.800526550054351	12
0.091404661651203	0.621955343661036	12
-0.118432552723655	0.967915722527311	12
0.050664173683908	0.833509316117049	12
0.066835439542411	0.896021502018484	11
0.028634853120325	1.02892658963358	73
0.00463959378513801	1.1945095407654	73
0.12087803005272	0.863484409116004	73
-0.017037786107609	0.91012511760372	73
-0.016226718866288	0.662638820580915	7
-0.042052298639449	0.630656110813843	212
0.063185607178434	0.508383460359442	212
0.101501103438706	1.4141668989229	12
0.028740306395408	1.02888676377733	12
0.085961980210358	1.02781440398481	12
-0.118606132765399	0.96783087655858	7
0.115062367306211	0.796987020361434	73
-0.093926576391227	0.995612510243009	73
0.017543252087452	0.732792532136851	73
-0.042089496111302	0.630754759552082	7
0.059539411863159	0.864568200066137	7
0.00292153042099796	1.41912095232067	12
0.026434838460799	1.28961718277976	12
0.00442292818634704	1.19511640236217	57
-0.02506971337984	1.1031861095949	57
0.009668997909826	0.968557449629606	11
0.122400712169395	0.898439215899018	7
0.101517531985938	0.696409457912416	73
0.064681489435484	1.22180441458342	73
0.05095811890729	0.832994107674655	73
0.00981404944514397	0.96813261502577	73
0.00290412257635297	0.697717017964945	212
0.091360124316574	0.622045105168558	212
-0.074211481181239	0.816576302309726	212
0.019605156578984	1.25788385206455	51
0.08219551916961	0.993741558375593	12
-0.016387156575993	0.663061566941855	12
0.106444307745161	0.731009070221673	12
-0.0330748369865	0.879251056554049	11
-0.046754931874919	1.46407930885313	7
0.072872586386494	0.927893000038633	7
0.063394965740158	0.508064277585327	73
-0.0542349239346081	1.04871368645022	73
0.063356704764237	0.50818911175335	212
-0.041861878249689	0.630501710651017	12
0.00973416960192497	0.968299835530128	7
-0.00371631648128201	1.16166979594441	7
0.075128371293633	0.5457500837636	73
-0.00279538862760498	0.939411626944587	73
-0.00396091450672498	1.16293670207812	73
0.07308988368037	0.927222979526914	73
-0.11845294692131	0.967898691134635	7
0.12067590331791	0.863736837109783	7
0.074914964874669	0.545755927653591	212
0.017901499241205	0.732901068709391	12
0.0428462501958941	1.09294370168777	51
0.096928368857972	1.38822134623637	12
0.112981857483639	1.24538798010705	12
0.012249865776311	1.22667040601541	12
0.0302314665693471	0.767359704328581	12
0.020081309724159	0.998261077732167	12
0.050820550375013	0.833419791904555	12
-0.043411305280216	1.26941996967534	11
-0.016334235224492	0.663007552598854	7
-0.111845324953867	1.32432473103381	73
-0.11830047519012	0.967771091298143	73
-0.118234459093518	0.967651830842549	73
0.101070605459571	2.25520795719443	34
0.00959647480122106	0.968655328420351	51
0.050752897695814	0.833511681599796	12
0.0965755571770231	0.659594607818131	12
0.00957315385023505	0.968328990331642	12
-0.093746023278949	0.995265614945914	7
0.00303432589534103	0.697538837656829	73
0.063027853296225	0.50843016111244	73
-0.042126707406141	0.630748496181635	147
-0.075224295078979	0.599634201404957	212
0.084500194595213	0.583737580326332	212
0.084396270009057	0.58376226588378	212
-0.075321423367854	0.599706575982585	212
0.01942026955999	1.2582096866664	12
-0.05426520685343	1.04885436118068	73
0.0965095277865941	0.659705982328076	73
0.111211631993151	0.764126122812867	51
-0.093716971454895	0.995224858764752	51
0.059539411863159	0.864568200066137	51
0.05095811890729	0.832994107674655	51
0.118329539335055	0.830125132981521	51
-0.05178810921416	0.848141441079779	12
-0.081545214486744	1.37792569206239	57
0.059530513240229	0.864453179806545	12
0.00974520622145902	0.968309720767745	11
0.020157720298968	0.998122387966076	73
0.120803876213841	0.863659087010779	212
-0.041908305713741	0.630579329942369	212
0.101568040044437	0.696317763664638	212
0.101462002699468	1.41433554056169	12
0.018120754932501	0.732594284903955	51
0.101286432440022	0.696543038899367	57
0.030267446983573	0.767524505470819	11
-0.00396091450672498	1.16293670207812	7
0.030216828572321	0.767608928160328	73
0.106390231089239	0.73083860712828	73
0.066782704060925	0.89518443629394	212
0.0666418685856181	1.45492532484004	12
-0.104544297207197	1.51736830915782	12
0.0361475053003441	1.0606530420683	12
0.042972036963872	1.09202882522456	12
0.082261501652283	0.993723836299674	11
0.124045519738273	0.933281205527403	11
-0.118478228606644	0.967885471103077	11
0.017921687581491	0.73290941491741	11
0.120835252639555	0.863518796296686	7
-0.0251716869373561	1.10352433525027	7
-0.00411626284623001	1.16321561566654	7
-0.032894227043901	0.878627268936396	73
0.041132584763231	0.800905407826946	7
-0.01614992368499	0.662541981757469	212
0.00288351939022202	0.697785999055062	212
0.075182801725168	0.545513567053862	7
0.017718931330025	1.64503088246061	34
0.092480394059828	1.35976691618677	12
0.089256276549895	1.06208535384605	12
-0.014033920036592	1.35994800240187	12
-0.104081445620812	1.16169307168156	57
0.106266597873697	0.731042386236813	57
0.0302603275330811	0.767435441902361	57
0.00955468462208298	0.968525010918487	12
-0.112076593057979	1.32439843817527	11
0.106405643209764	0.731068209604634	11
0.018212932928985	0.732174141499654	11
0.018120754932501	0.732594284903955	11
0.0536637059987401	1.40376563568605	7
0.072872586386494	0.927893000038633	7
0.020296670344108	0.997667614049108	73
0.028526351456744	1.02882230883285	7
-0.111708414438184	1.32375416537172	73
-0.069349349483278	1.21263170389494	73
0.115234948213774	0.796831032986354	73
0.02879198750579	1.02821036533358	90
0.09672798270761	0.659443059233387	147
0.018100545250654	0.732585978686206	7
0.075049601844696	0.545668052412575	212
0.026730218921567	1.28830175569565	34
-0.033060654015574	0.879309192246952	12
0.086740913463089	1.33566862730179	12
-0.0694155984335461	1.21261994553061	12
0.015559533067526	1.81641797919564	12
-0.025234801718878	1.10382934732178	12
0.091363116198774	0.621899506241714	11
0.050818378759478	0.833314760811666	11
0.066945910119331	0.895747535789848	11
-0.093796521306471	0.995422279507028	11
0.124101007254758	0.933194971890507	7
0.017629877613072	0.732781392165239	73
0.077971876272029	0.960424234314509	73
-0.0233821484369871	1.33063737875964	73
0.050822798029651	0.833387554632983	73
0.018034213142027	0.732716523926003	73
-0.033190742077624	0.879521667621264	73
0.063237475822118	0.508259419397331	147
-0.118214047976158	0.96759620565671	7
-0.00268617026568596	0.939405030659462	7
0.00316339246913699	0.697370404864275	212
-0.023952062340026	1.69582948030954	12
0.0263999660826491	1.2897690163156	12
-0.043297681747597	1.26911020125184	12
-0.036817291303918	1.49372769560706	12
0.069892524840552	1.25282593027392	57
0.101387452576451	0.696504326824653	7
0.00423142003936605	1.19531710498048	7
0.101408908737101	0.696375666236438	7
0.018008252664161	0.732785272210026	7
-0.075321423367854	0.599706575982585	7
-0.074956711698704	0.599283845361732	34
0.063291371738374	0.508166632881355	12
0.048137044135346	0.471051609861451	12
0.066728263864228	0.896153405765258	12
0.115224503197299	0.796822726785042	12
0.091098694249095	0.622340682489739	57
0.0966775307892	0.659742172425277	11
-0.054329830166962	1.04906238465438	11
-0.102519190369605	0.785826602283405	73
0.084666848488965	0.583421581205999	73
0.048068364212171	0.4711048335323	73
-0.038343745757691	0.414362328106443	73
-0.079015612481209	1.57250892870382	73
0.00297151029416498	0.697635563753618	34
-0.015088512545557	1.72081831135344	12
0.104351508129362	1.18881165516636	12
-0.09363742542677	0.994926782066151	11
0.118252333705608	0.830297307380977	11
0.05967161610987	0.864263935767638	11
0.0965910856076549	0.659917412289735	73
-0.054373979412405	1.04908204867518	73
0.028845750598293	1.02858752348184	73
0.00959647480122106	0.968655328420351	90
0.084585136504098	0.583529006517462	147
0.091360124316574	0.622045105168558	147
0.047938851552826	0.470945196729944	7
-0.042019876326016	0.630530640063288	34
0.066914572041259	0.895732654649294	12
0.030187946152239	0.767645000664507	57
0.075207110278836	0.545690657241514	57
0.106606606984653	0.73060171770419	57
-0.104180903666722	1.16195834079505	11
0.101546593231265	0.696391400359992	11
-0.095433742816779	1.34886210047862	11
0.115048379580401	0.797251752187961	11
-0.038692083217107	1.07591897216574	11
0.11840674818044	0.829895501589517	73
-0.00270966697463204	0.939435683182701	73
-0.09363742542677	0.994926782066151	147
0.08443724960764	0.583815130524904	7
-0.0164930216918751	0.663087724450388	109
0.00309711961107395	0.697414993980128	109
-0.075321423367854	0.599706575982585	109
-0.032973747704676	0.879016195072736	57
0.115297047620231	0.796601005818068	11
0.082367407859957	0.993193899963988	11
0.067015178915129	0.895511887948319	73
0.085931661078189	1.02795214561066	73
0.122514537822889	0.898251849674851	73
0.030159069318855	0.767629011155119	73
0.111191141177085	0.764189511134367	73
-0.016283009867109	0.662848621894492	147
0.091339369202452	0.622085083749103	147
-0.052093582541958	0.848155795122739	147
-0.016467382827036	0.663135102628169	109
-0.075053757516349	0.59945569070679	12
-0.051701613745023	0.847993548421683	12
-0.084138964331576	1.73096169290696	12
0.120955064286384	0.863266535569294	12
0.123995339070391	0.933361631465508	12
0.096352396025853	0.66007976754343	57
0.106555103494061	0.730743048142469	11
0.018008252664161	0.732785272210026	11
0.106433958541662	0.731013916701746	73
0.115117430525826	0.797092524952295	73
-0.0939189378131891	0.995665967769638	73
0.048266703141926	0.470750763953156	73
0.041132584763231	0.800905407826946	73
0.075285818681739	0.545486301742271	73
0.091342336333715	0.621783503664458	147
0.00322264132060901	0.697077204422489	109
-0.102837124904475	0.785755954976757	109
-0.016175516073887	0.662673544333303	109
0.075154138563505	0.545752345612659	7
-0.102437271138424	0.785639292487699	7
0.019864987698253	1.25671150256863	12
-0.043250890269577	1.96649845392089	12
0.096302441038456	1.12799157558937	12
0.059194880038888	1.191186814652	12
-0.013784380309209	1.13263988148854	57
0.018074615566919	0.732680480598904	57
0.084456162756553	0.583813760351764	11
-0.033082246161423	0.879402376658291	11
0.0913808746746611	0.621961471167152	11
0.059495353666729	0.86457604362879	11
0.072855209123473	0.927732825099448	11
0.02011292751588	0.998196937494472	73
-0.033132800683004	0.879505831008133	73
0.042871424884132	1.09285833460054	73
0.0728899413181771	0.927850297546367	73
-0.013921266942212	1.13292241957287	73
-0.118275288389049	0.967536833013036	147
0.075099719386491	0.545679040142965	147
-0.093594524083868	0.994584733273662	147
0.00311921498448697	0.697457472057385	109
0.0751526903693121	0.545617365600518	109
0.030339819175753	0.767316521972096	34
-0.016440085400675	0.663088444368722	34
0.063277903257855	0.508273973989328	34
-0.102415268225124	0.785666912193693	34
0.108498184791095	1.21831211659187	12
0.075172988539007	1.78001074915821	12
0.075454330489525	1.28171898268097	12
0.066942624015939	0.895757981090526	57
0.063264431112624	0.508322918373419	57
0.0597432671038311	0.864070538085309	73
0.048190374916138	0.470900828404984	147
0.075287287517624	0.545564195725926	147
-0.074786552776952	0.598859514527893	109
0.041183274202388	0.800759527607728	34
0.115330128201229	1.56003696230828	12
0.00318199696521804	0.697304602378743	57
0.075128371293633	0.5457500837636	57
-0.075313591982397	0.599686009158765	57
-0.104037421198184	1.16167670934911	12
0.059638889405111	0.86397363021758	73
-0.069152646727863	1.21249476335361	73
0.0181870775779061	0.732436549156271	109
0.0486477994380911	1.57315551119102	12
0.081503345080219	1.99482332871035	12
-0.024396434335946	1.69769733233731	12
0.113077146866753	1.24585128073248	12
0.020299758678082	0.997691548361802	12
0.033108190827422	1.93645027360954	12
-0.119832275788629	2.26353164172365	12
-0.02327721058197	1.33054416894145	12
-0.0938393747873441	0.995492928282878	12
-0.013661711928126	1.13233730806593	11
0.120681218978383	0.86389504445934	11
0.082204669320468	0.993861706546026	12
0.115055366214585	0.797235917916143	73
0.030296329830318	0.767438477700058	73
-0.033313448133329	0.879692424932182	73
0.011243593559173	1.44713547637843	73
-0.016965758113602	0.910044166485404	147
0.101416518534445	0.696530628409834	109
0.091033282267716	0.622359946087841	109
0.0843932388020811	0.583891294044359	109
0.101474611795784	1.41427352352242	12
0.066690342333248	0.896132852171028	57
0.036523355353695	1.05947984149396	57
-0.118481394980538	1.48742615251234	73
0.082034178908962	0.994154482460983	73
-0.025220720574555	1.10380532636357	73
0.017948515857331	0.441276325037825	73
-0.085227041977842	1.18621709612222	73
-0.102434235979929	0.785621130114425	73
-0.033161774165633	0.879544208868488	147
-0.051655740378037	0.847916877979715	147
-0.00379785537875699	1.16217736390677	147
-0.016306935255432	0.662900709878385	109
-0.00645892315697605	2.13627031248377	18
-0.097988371184479	2.00904589672349	18
-0.014923786731223	1.72079936117186	18
-0.024316119721427	1.69751317371719	18
-0.0844244520581821	1.73246980120137	18
0.076747368388031	1.81448882373429	18
0.0580475005496131	2.49576342260141	12
0.060641955704183	1.98026519618783	48
0.089313905576626	1.58954174828484	48
-0.00699750958015699	2.1383255533201	48
0.078680268089193	1.84711179375334	12
0.116628559963483	1.8480958212881	48
-0.00287495786272995	2.17032999701555	48
0.101306888515038	1.41455362404403	48
-0.0449694358078701	2.34159140920951	33
-0.01280011688795	1.88861715902126	33
0.038539803503258	2.00440117060932	33
-0.078164700616567	2.19987829802611	33
-0.015743031405866	2.07389515563892	33
-0.098505919222169	2.01012539177636	33
-0.029708699748046	1.84363211211129	33
0.055407024925066	1.8745563141688	33
0.073188437319318	1.7465699755871	33
0.042288851503955	1.54804301365552	33
0.0984711248489289	1.82907517365998	33
0.018079555482219	1.64402930966072	33
-0.109304565405706	2.136230598169	33
-0.060554622254194	1.77829471143765	33
-0.034603956957263	1.67496211360252	33
-0.012817646405073	1.88881366388695	33
-0.00283961946080002	0.939301753784702	57
0.091036540068653	0.622324586594689	57
-0.085147930050432	1.18625197934447	57
-0.00273042436447402	0.93948274628369	12
0.075128371293633	0.5457500837636	12
0.101748610199917	0.695890910490014	73
-0.069229796323927	1.21267498544956	73
0.02032525166226	0.997151730179289	73
0.059124935442246	1.19124894568559	73
0.063500690585278	0.50798896479976	73
0.009668997909826	0.968557449629606	147
0.101517531985938	0.696409457912416	7
0.101684297871862	0.695994106714981	109
-0.074208127166386	0.816550490792073	18
0.009630893584892	0.968603298672205	18
-0.046964732503996	1.4654584702946	18
0.078053288440609	1.50445891206977	18
-0.025375135312401	1.10392296901957	18
0.0975039567510651	1.75642507870531	18
0.115314666384389	2.09931926355427	48
0.018381177500892	2.44563480198485	48
0.097544925140167	1.79465249061935	48
-0.038869400085557	1.82080372624557	48
-0.120070638298281	2.41614249175768	48
0.053974129956343	1.1587037010771	48
0.095351942558949	1.68729576468428	48
-0.015193805076527	2.07123880428292	48
0.100171779058936	2.08188956505091	48
0.044486844862594	2.10969496932713	33
-0.050688276974506	2.31324619826892	33
-0.120247640634933	2.41690535482897	33
0.042432060403125	2.07491894334832	33
0.06025947912413	1.62312037753551	33
-0.0255642647464081	2.23674786185503	33
0.026263907545348	2.21000389404931	33
-0.027897822273386	2.01743807020013	33
0.012239200684965	1.22657358698582	33
0.072858444800004	0.927936580621221	57
0.00955836968498602	0.968646566602164	12
0.0729040887843721	0.927850074260705	73
0.017716498223635	0.732678038100216	147
0.00296969497419597	0.697668597176143	7
0.092723176857994	1.0952391384263	18
0.0619265868861521	2.01606402395588	48
0.070465100878699	2.33552646451321	48
0.11466364390076	2.17084007274982	48
0.017926160701451	1.64456363198146	48
0.077453706413997	1.81162025070242	48
0.117190604926522	1.70097242753412	48
0.083579661049789	2.13970244926438	48
0.044537359941071	2.10962814462701	48
0.115571179484752	1.92381487981373	48
-0.036491287605086	2.41029809122371	48
-0.090441077420199	2.33171762979752	33
-0.045145174732632	2.34314732033264	33
0.064452590597444	2.08752970705555	33
-0.00671828557152698	2.13686910972621	33
0.1172607446256	1.70068816367901	33
0.00943773991769703	1.78982877814378	33
-0.082480817394316	2.35798034537968	33
0.030209698042491	0.767544572528136	57
-0.016337596682634	0.662516504594738	57
0.081911522216517	0.994330138089128	73
0.040312239885015	1.34847179794825	73
-0.057678115955438	1.43631078799914	90
0.050820550375013	0.833419791904555	109
-0.0162301115167101	0.662706630838277	109
-0.075681175067134	2.38694770189856	18
-0.021368692309695	2.04428543001762	48
0.0820752202160701	2.0314582006675	48
-0.062345984431172	2.24930309673181	48
0.098956863173011	1.86459388678737	48
-0.00537080230799203	2.44386454152037	48
0.049882250058047	2.25517304995382	48
0.075433517421366	1.28183052864708	33
0.025833102267657	1.8728485739487	33
-0.065258444614027	2.0701818424223	33
-0.0755900231033571	2.3863649263129	33
-0.0342724109457579	1.67388145681019	33
0.030289194066881	0.767451436739019	90
-0.0137186968362391	1.13235716315615	147
0.0965910856076549	0.659917412289735	147
-0.094041309778193	0.995572898552799	147
0.075075383686997	0.545765523362656	7
0.04809882712395	0.471095771394012	7
-0.033082246161423	0.879402376658291	7
-0.104197283460138	1.16190821073286	109
-0.074428585272746	0.816667191190689	7
-0.029799188210169	1.84371540308276	18
-0.069241967335429	1.40731552049673	18
0.0963817534485541	1.1278039910883	18
-0.102730190262548	0.785943353413654	18
0.04596192878143	2.14658500613287	48
0.031864816049629	1.6932293914398	48
0.036781895088694	2.42140582557397	48
0.0222416594231249	2.13714777047903	48
-0.00863161638258903	2.40977373000309	48
0.03344712666786	1.93480613573049	48
0.070714845406098	2.33431477171404	48
-0.020672981865285	1.86527649610688	48
-0.07592955728677	2.38801862290342	48
0.060886699557535	1.97840668203198	33
0.0429818400858411	2.07271184700827	33
-0.00752502983627101	2.40444337496378	33
-0.111067340179443	2.44049291779907	33
-0.069593193858465	2.41757597918331	33
-0.076466804800714	2.39002998688857	33
0.0776964006850001	1.85144738007091	33
0.048175274861663	0.470945497752617	57
0.091274054880803	0.622191717871612	57
-0.0749646380190711	0.599304485288219	57
0.084544208075379	0.583460234530752	57
-0.104029718037912	1.16152834928472	12
-0.055070103134364	1.2391401554606	12
0.017629877613072	0.732781392165239	73
-0.0544482644818251	1.04887546976076	73
0.00314130593738404	0.697441333128085	90
-0.051767812830155	0.84809156874333	7
-0.075061670752121	0.599394220982401	109
0.079898909973371	1.92220452923705	48
0.070455979907576	2.33559771013266	48
0.08959017752911	1.58890885474861	48
0.04394509904894	2.11260077100474	48
0.042454642282074	1.74743039707834	48
-0.0261337702494791	2.23978847283944	48
0.049499574537351	2.25707271641081	33
0.096539621724577	1.7215326526889	33
-0.0641918049540891	2.44968042754996	33
0.050376583133721	1.80736178111027	221
-0.064030235586707	2.44831820044413	33
-0.108692230034799	2.28274120199574	33
0.00429211592313805	1.19514913039912	57
0.091057262873807	0.622376934191527	57
0.0964842539687501	0.660007382276669	57
-0.033204917828327	0.879534569504142	11
0.118178480274249	0.830262358548563	11
0.072826945029969	0.92797949832754	12
0.030289194066881	0.767451436739019	73
-0.102289463536429	0.785323817891406	73
-0.023197173666851	1.33032800402637	73
-0.10258513378082	0.785727272580979	7
0.106578207080757	0.730783485480508	109
-0.093897514751612	0.995641991460564	18
0.03496846883093	1.52413336125047	48
0.039855560120232	2.04309094057688	48
-0.034815761436687	1.99016052206355	48
-0.102865923147622	2.46775926165433	48
-0.04920773984182	2.11931917244144	48
0.115796965118531	1.59596740368067	48
0.056200581509542	2.42649828060751	48
0.10422398680248	1.18967562608783	48
0.11735091972733	1.2730520159064	48
-0.00679614758230895	2.13716694576897	48
0.015559533067526	1.81641797919564	48
-0.00283079152083499	2.47901936724929	33
0.116124890976333	1.95662618559838	33
0.084039325054813	2.13751302424068	33
-0.015419717865467	2.07261067146951	33
0.072256436740094	2.40256100446231	33
-0.040763660303465	2.37718072033171	221
-0.00586962530448998	2.44616359367066	33
0.063171365172606	2.05215634609853	33
0.00313778146407295	0.697145036603345	57
-0.054217816937616	1.04879214137344	12
-0.091303602524232	1.54429547604807	73
0.084626016651156	0.583512518672696	147
0.0967435772623571	0.659608498567667	147
0.096222225355969	0.660096410778024	109
-0.032656287350152	1.29934660317188	18
-0.098707139170596	1.86211196765619	18
0.060154332564995	1.4299494733901	18
0.037969073565346	2.00672961282059	48
-0.102872056958406	2.46803252025878	48
-0.083297775876537	2.36028708963093	48
0.091884320744028	1.36246528316658	48
0.05340970818721	2.36074653370359	48
-0.011020646155254	2.10543151240963	48
0.0605030838762261	1.62177631546798	48
0.09729209924757	1.75714487461088	48
0.020786512839167	1.84471125257785	48
0.081578055399812	1.99452034817401	48
-0.055842982942045	2.27994630771443	33
0.068061469905316	1.68142825801232	33
0.072930138740675	1.47846237568283	33
-0.036595408763712	2.4106339192444	33
-0.08708957056164	2.17533086946269	33
0.040203289258998	1.3487128504723	221
0.010386266168105	1.61856895660724	221
-0.0653803928930951	2.07046238115549	221
-0.086792217137279	2.1736568680406	33
-0.00286315473252996	0.939357533814817	57
0.111306388860324	0.763884141915328	12
-0.00568245062586503	1.39079670157764	73
-0.02521733707711	1.10359070287432	73
0.077815970617362	0.960292891102893	90
0.122612861473418	0.898035081944322	7
0.099601231814936	2.12059173706839	18
0.090991871745561	0.622396171256163	18
-0.051946230848009	0.848104610745125	18
-0.08634920912599	2.02963219545222	48
0.082687080409415	1.5310594678731	48
0.00342614804420804	2.23901127893369	48
0.096915011747807	1.71976016093952	48
0.057035397231918	2.46053703745933	48
-0.018202788706536	2.30680295762368	48
0.117731397022536	1.27175625083425	48
0.082810677886635	2.06611625150781	48
-0.049308563972934	1.79953992925072	48
-0.00235026563747098	2.1673634978034	48
0.042210831384037	1.74805896406028	48
0.064168775667163	1.65260064209289	48
-0.098491433598728	1.86120264566382	48
-0.032339543021672	2.44269394521214	33
0.064101704985574	1.65300622709141	33
0.115586840644276	1.95917518123907	33
0.068906638405404	2.2658897647911	33
-0.00295938999550405	2.17056033740446	33
-0.042066289731086	0.630748823283636	57
-0.04181544997328	0.630056368510484	57
-0.038473517099805	0.414356124603627	57
0.0479996846415251	0.471069360153076	57
0.0966318504321359	0.659746051283924	12
-0.06913528232559	1.2122722672144	73
-0.099075640655895	0.353944854479088	147
-0.023391915014761	1.33058310945612	7
-0.046862396058359	1.46485148275613	18
-0.013875639119833	1.13285293332919	18
-0.00288668045498497	0.939388230858266	18
0.081158418595669	1.30908942855762	18
0.035692146001007	1.97153581592069	48
0.117137136434915	1.84499427806215	48
-0.00698469065339502	2.13809954110445	48
-0.070053939630779	2.41937554591602	48
-0.0359228709738419	2.17613396343673	48
-0.058765860500044	2.48022154696906	48
-0.049036144692535	2.1200718525844	33
0.057365816435748	2.45976379997511	33
0.0696191867042401	2.30072831908284	33
0.029413395692334	1.90572752942565	33
0.100052434628641	2.19017077912212	33
-0.032223821138803	2.44128235522126	221
-0.018523184624713	2.30817810380687	221
-0.038473517099805	0.414356124603627	57
0.019930338558974	0.998268697200479	12
0.020267465870182	0.997741417684404	12
0.030318066175677	0.76741538842748	12
0.0965910856076549	0.659917412289735	12
-0.016281321352695	0.662925995029655	73
0.053938863169206	1.15873041261273	90
0.063277903257855	0.508273973989328	7
-0.017004380888106	0.910076836441404	18
-0.0147197303779461	2.34101015726417	48
0.117541158719275	1.27248904573301	48
-0.01231493730251	1.88521645306693	48
-0.069841752092492	2.22471581359005	48
-0.049006208604641	2.12027059213994	48
0.100493718103825	2.2236514140862	48
0.006436190402906	2.2732467081029	48
0.00911412978037196	2.00425063984461	48
-0.036434423952786	2.40840258232847	48
-0.021713027233626	2.27143258511877	48
0.00544173386001001	1.97007344869938	48
-0.111647201306878	1.99182508957742	33
0.02633064595066	2.20989699947419	33
0.025625557281942	1.87326258623382	33
0.013621884289017	2.37959247163881	33
-0.0604928896677061	1.77778185397213	33
-0.000423286917359045	1.94306394648494	33
-0.00830003161856297	2.40921079490872	33
0.046090535036866	2.14564490877477	221
0.0000761928278969482	2.20613755776046	221
-0.00830771774862005	2.40916165572459	221
0.0893791827553631	1.58963627978235	33
-0.033291869196302	0.879647329905455	12
-0.072589807937356	1.02222003348671	12
-0.102371276659045	0.785502406310806	73
0.100336923999937	1.15885149878915	73
-0.075061670752121	0.599394220982401	147
-0.0980343570804339	0.353432748047731	147
-0.041968693252402	0.630667165648645	7
0.091425427238918	0.621915360766391	109
-0.044963739422771	1.65041469196589	18
0.025800912790713	1.87298482739024	18
0.017870634131112	1.64443718495057	18
-0.03874851249508	1.82006285863819	18
-0.049004839718291	2.1203087195765	48
0.033468853771858	2.35237543708662	48
-0.0623654742600061	2.25150489801382	48
0.01927486236027	2.10408321402241	48
0.082848136637814	1.53045954090618	48
0.011410637104588	1.44607567044751	48
0.018219120913292	2.44657125913605	33
-0.015419717865467	2.07261067146951	33
0.08624963638447	1.33718678538356	33
-0.096929880723295	1.7071925609274	33
0.045946523728149	2.14650538442359	33
0.116328178839198	1.63080803284876	33
-0.03900174011133	1.82108525022321	221
0.0528319772885401	1.84148739769769	221
0.108772565811511	1.46868436478665	221
0.0645340442192131	1.22234583043109	221
0.027533615425936	1.49828175896191	221
-0.029605447207629	1.84367089177729	33
-0.042029090058758	0.630725452876737	57
0.091229452906914	0.622236320719878	57
0.019884694444248	0.998226738701399	147
0.0964606986864029	0.659785497104339	7
-0.00279818433735701	0.939535965995986	7
-0.017053296578624	0.909579918739292	109
-0.055917737084533	1.6257809677145	48
0.092895999305269	1.09459676001752	48
-0.084564118402562	1.73269422711479	48
-0.0241515795928851	1.69705126189843	48
0.067847571798704	1.68227131362861	48
-0.0280342454372921	2.01714333587295	48
0.097265734237787	1.79533030175789	33
0.089322319291663	1.06187486360258	33
-0.000389320133492022	1.94318026733485	221
-0.099379243300983	2.30776195805526	221
-0.11195922239577	1.83992633418019	221
0.042760279058659	1.09309775795001	221
0.040106894673773	1.34921089786386	221
-0.044865851907925	1.65035248800337	221
0.029080084212101	1.02806112978826	57
0.114948326729627	0.797308974388257	57
0.12402043368606	0.933340011866479	57
0.115165907329884	0.796951133149107	57
0.075179899331267	0.545683412508346	12
-0.104845312508241	1.5179496411041	73
0.10139508984043	0.696542317612013	147
-0.023431987634434	1.33035967824007	7
0.002907836355861	0.69770729158356	7
0.096611469191095	0.659853640291209	7
0.101179487262861	1.41493239614476	48
-0.095882259163301	1.35051589618395	48
-0.0914158707238481	1.54469131377067	48
0.01202367182408	1.22710670163345	48
-0.044886222275652	1.65043555743298	48
0.03291081868819	1.93756211601373	48
-0.118955428852097	1.4901455950742	48
0.00444803120333004	1.19502542225652	48
0.070817067407752	1.71323038336154	33
-0.12199488795106	2.11805806740607	18
0.101517531985938	0.696409457912416	33
0.066873359767041	0.895948801209767	33
0.05417861174294	1.40203094604371	221
-0.081496173215543	1.37746638010903	221
-0.098786150558657	1.86246932381578	221
0.012208875255128	1.22645525233008	221
-0.085251844433244	1.18659007507583	221
-0.013872734351184	1.1328356317241	221
-0.10413652882232	1.16170076089326	221
-0.081650986307035	1.37831163931754	221
-0.038681624919386	1.0760927129335	12
0.124267474195447	0.932826871403199	147
0.101647599967366	0.696186535969026	7
0.082200767255282	2.0313171937894	48
0.050376583133721	1.80736178111027	48
0.018144794355345	1.64375102511515	48
0.097320496869486	1.38683240770393	18
0.095254738723114	1.68747581618768	33
-0.040840829004134	2.37720032110718	33
-0.110714962250982	2.43971083505939	33
-0.025518822780234	2.23672673026043	221
0.078118087501261	1.85001717550902	221
-0.10274469929479	2.46768138199608	221
0.105468727453473	1.4409586577972	221
-0.052491968472692	1.94489423631452	221
0.096571847741667	1.72117867606726	221
-0.000330151688509028	1.94262555869323	221
-0.052157824134485	1.94211405384799	12
0.07553105674627	1.28156446671225	12
0.096352093835923	0.660124404292348	73
0.052728488032682	1.84195987974805	18
0.086700763608982	2.34689236680634	48
0.026043572001123	2.2111360139869	48
-0.12010605270547	2.4163556490382	48
-0.030980596590457	2.20843274533524	48
0.071006128869139	1.71300811123508	48
-0.05887793085558	2.48071337004488	48
0.101628445260648	1.41358256940371	48
-0.0624226398314101	1.92182711683063	48
0.101757050562129	1.41291215737471	48
-0.073795525390609	1.90295615254512	48
-0.049412038504787	1.79994422646986	48
0.080932463049565	1.30973205265748	18
-0.10306084947038	2.46886350576861	18
-0.041693265448626	2.14578876919208	33
0.105723328346592	1.43999915001308	33
-0.069664675923807	2.41789188435973	221
0.00937429626942898	1.79004501063647	221
-0.038814084734028	1.82044284632541	221
0.122914367838617	0.896865243570288	12
0.106506084011186	0.730929768371253	12
0.115189970797891	0.79695371698568	73
0.03655425561377	1.05937882637182	73
0.00991367555854195	0.967612107428179	147
0.100929963229582	2.361643435496	48
-0.046969863061808	1.46534321143114	48
-0.062212430999165	2.25080082869016	48
0.085976424471532	1.02759211848766	48
-0.096005470573025	1.35064837430532	18
-0.015236735935109	2.07136636176925	18
-0.098550017338352	1.861384380953	18
-0.038619539390824	1.07590926202273	18
0.0285577887039969	1.02888391520218	33
-0.00273315429054799	0.939441509815697	33
0.075211083193171	1.78010482084778	33
-0.071853313806451	1.75427720910811	33
-0.111950776076368	1.32454725630751	33
0.00959647480122106	0.968655328420351	33
0.050797267936644	0.833438469017457	33
0.04083951622722	0.801347910398527	221
0.118178480274249	0.830262358548563	221
0.059564810986859	0.864457341509932	12
-0.021558659526041	2.27100770735573	12
-0.0208646280870191	1.86617806747381	73
0.0401390263681139	1.34917913379814	73
0.0177143011176401	0.441519104636812	73
-0.041982672273346	0.630647826107759	73
-0.038464314880281	0.414424326723021	73
0.036286171226996	1.06049507382394	90
-0.071784255323594	1.75389815330142	18
-0.012417002164162	1.88698511566459	18
0.066786236643651	1.45448794156552	18
0.113224712205736	2.41442458849481	48
-0.070014726477215	2.41851182700181	48
-0.112021604277331	1.84028330569006	48
0.040944737369518	0.801367041113006	48
0.096458929986788	0.660076529122411	18
0.0929359515763299	1.09470846794877	18
0.082091007928301	0.994076911424732	18
-0.109278662018528	2.13534090576988	18
-0.00259490356661396	0.939136543495739	18
-0.051701613745023	0.847993548421683	33
0.0199759839202081	0.998286182592865	33
-0.086115163631271	2.0286941357096	33
-0.062652734343531	1.92345009351912	33
-0.038578049121983	1.07597110667925	33
-0.085469499144339	1.18680780110117	33
-0.069275434222594	1.21275642407717	141
-0.102478205765596	0.785785640793822	221
0.063264431112624	0.508322918373419	221
0.0668387316304701	0.896011604803126	221
0.111350540085934	0.763750942770632	12
0.059637312218696	0.864303394871332	12
0.063343219674838	0.508238057982816	12
0.018134870756271	0.441106968732687	73
0.048190374916138	0.470900828404984	73
-0.016254021125977	0.662819169364524	109
0.03592207114331	2.38309864452845	18
0.11646408573259	1.84817943182111	48
-0.0250978598930151	1.10347675563196	48
-0.051747518947093	0.847979241733637	45
-0.093746023278949	0.995265614945914	48
0.111150242782401	0.764135560218197	48
0.00958543166618597	0.968205102542131	18
0.106516431991919	0.730883765181406	18
0.117679154546126	1.27193336924745	18
0.064776592543897	1.22146051951648	18
0.050795123779993	0.83328846563738	18
0.040110222941229	1.34913903423562	33
0.066769483189283	0.896073432594223	141
0.0750209619564241	0.545799116154301	221
0.018115007276855	0.732427275662804	221
-0.11198222547081	1.32462185123087	33
-0.060815654774561	1.77891698781202	33
0.100257906624782	1.15894602135016	57
-0.084578341703074	1.73284778443844	57
0.085956229768713	1.33733839232421	73
0.017822069649896	0.441368127807516	7
0.030209698042491	0.767544572528136	109
0.073607147882495	1.74408312554629	18
0.06862435604776	2.26732309235811	18
0.063716601405863	2.04875733699026	48
0.037542967921415	1.71924258834918	48
-0.118478228606644	0.967885471103077	48
-0.042029090058758	0.630725452876737	48
0.117575660501651	1.27237759727006	48
-0.074056657166924	0.81638992795693	48
-0.025280446577463	1.10389570198778	48
-0.038704809852949	0.414366420072622	18
0.085851207946111	1.0281108260097	18
0.00969974095591997	0.968426154649751	33
-0.00417316219118702	1.1633389189362	33
0.00277673550704405	0.697777894903242	221
0.00439781660205896	1.19515573888325	33
0.101554240680375	0.696301911241553	64
0.092980745024311	1.09466813875111	12
0.084519064067727	0.583713359197363	204
0.01777731021038	0.441303913539979	204
0.034977331327555	1.52389417224733	147
0.122539130335556	0.898254200954677	147
0.011271585893035	2.34443383177678	18
-0.062494373910612	2.25143595009444	48
0.050199733095292	1.8078648233146	48
0.061014164703576	1.4267612410063	48
0.12402043368606	0.933340011866479	48
0.106488229938963	0.730774909008887	48
-0.057541373560319	1.43488041291429	48
-0.111799689230496	1.32416587073105	48
-0.0139526624595659	1.13284936218053	48
-0.093897514751612	0.995641991460564	48
0.120667960076019	0.863403524945261	18
-0.014877077146357	1.71996983040577	18
-0.095661911494241	1.34967333369432	18
0.054084157035494	1.15838378967086	33
0.114986340487523	0.797240563086918	141
0.072738849007408	0.927858790034436	221
0.0427351190902751	1.09318308778037	221
-0.033197458756917	0.879170932402819	221
-0.062830278646337	2.25269911640411	33
-0.103901489632821	1.16108944486489	12
0.030187946152239	0.767645000664507	12
-0.041801495132781	0.63038238662287	73
0.075048171822478	0.545806361158126	90
-0.0329953077027511	0.878919509409014	90
-0.00426236050840301	1.16356302883691	109
0.0550764770224	1.87576970978395	48
-0.00627747146298596	2.13500254799506	48
-0.0693401729420829	2.41588686917891	48
0.061960416658537	2.01588408347327	48
0.075876459655984	1.77657384752339	48
-0.118280070505847	0.96771546914886	48
-0.0728345481371609	1.02267280677265	48
0.089218953036012	1.06216347390301	48
-0.067093898367051	1.59893201246938	48
0.066873359767041	0.895948801209767	141
-0.104140424296107	1.16187907908519	141
0.11125581079751	0.763992833069648	141
0.054044650300397	1.15851326415362	221
-0.032987849541197	0.87815955214308	221
0.066879947247269	0.895774168700673	221
0.101575660041353	0.696331961700475	221
-0.051676052804985	0.847904396814613	221
-0.054306116999991	1.04901760250863	221
0.0412045028064471	0.800603407876261	12
-0.074273535102991	0.816614282631155	64
0.063343219674838	0.508238057982816	64
-0.0385365544145641	1.07576869876349	73
0.050841643660876	0.833318508644783	73
-0.075597320795644	0.599588438386418	7
0.048266703141926	0.470750763953156	7
0.115082903568146	0.797182008122016	109
0.00307849189864695	0.697565218519348	109
-0.118214047976158	0.96759620565671	109
-0.109498218520381	2.13698625647235	48
0.03510645810117	1.52364244357551	48
-0.00281607458670596	0.939220327258384	48
0.063264431112624	0.508322918373419	48
-0.016412785933738	0.662981596025657	33
0.111191141177085	0.764189511134367	18
-0.104604852278745	1.51722040341032	18
0.017921687581491	0.73290941491741	18
-0.00277467314518598	0.939505288758611	18
-0.051808408102043	0.848128932209231	18
0.063079844351383	0.508356092101914	33
0.084522203630556	0.583629406919959	221
-0.102623254532969	0.78578711733964	221
0.122857405176892	0.897043715900619	73
0.01763654577387	0.441536831391427	204
0.017792214528392	0.441468073086455	73
-0.098756633713589	0.353692019334519	73
-0.098554588996423	0.353709685597233	90
0.059607363570782	0.864470326401724	147
0.0428462501958941	1.09294370168777	147
0.017992995459897	0.441102845894737	109
0.020189360355145	0.998020989997931	109
0.017900032419528	0.441350213980641	109
-0.085096879287656	1.184929563717	18
0.050689788843465	0.833294883386301	18
0.098671007752132	1.90352472464504	18
0.00932225131567199	1.7901348890927	48
-0.03498953114232	1.99001956088073	48
0.066762869336113	1.45472378500135	48
0.01814960398396	0.440970472276922	48
0.00294943082096499	0.697518286845058	48
-0.102519190369605	0.785826602283405	48
0.048137044135346	0.471051609861451	48
-0.051701613745023	0.847993548421683	48
-0.038111377288474	0.414177817025583	33
0.063120194180064	0.508370712672486	18
-0.025361070412277	1.10373697196638	18
-0.102522194565737	0.78564073577593	18
0.018120754932501	0.732594284903955	18
0.048175274861663	0.470945497752617	18
0.01777731021038	0.441303913539979	33
-0.096996344736511	0.352712982272515	221
0.053622253637426	1.40400122972137	12
-0.098873389158817	0.353718585819526	12
0.075126927980529	0.545745098121915	12
-0.041922270637053	0.630589539613816	12
-0.097833196182046	0.353207340512575	73
-0.099800653817146	0.35408418104254	73
-0.098235856286303	0.353414829103439	73
0.017699342444723	0.441384704650949	73
-0.098352883478491	0.353483822010577	7
-0.038575520499092	0.414353051058273	7
-0.038353018666431	0.414337941238971	7
0.063237475822118	0.508259419397331	109
-0.038575520499092	0.414353051058273	109
-0.062212430999165	2.25080082869016	18
0.018014007904996	0.732649433554209	18
0.060225100790466	1.62324508650333	18
-0.024717271678782	1.69880515141554	48
0.04809882712395	0.471095771394012	48
0.075314502806718	0.545475329450318	48
-0.096796269002475	0.352488687791578	45
0.0752328629001901	0.545597783452129	48
-0.038550465702076	1.07564008552336	48
-0.074101324313536	0.816499131413652	48
0.063343219674838	0.508238057982816	33
-0.096796269002475	0.352488687791578	33
-0.038232305482405	0.414275835906919	33
0.063199066387906	0.508334523103492	12
0.082220097639229	0.993793614074515	12
0.075313030370492	0.545493532457957	73
0.063500690585278	0.50798896479976	73
-0.098352883478491	0.353483822010577	73
-0.0980343570804339	0.353432748047731	73
-0.075321423367854	0.599706575982585	73
0.115189970797891	0.79695371698568	147
0.063079844351383	0.508356092101914	7
-0.038575520499092	0.414353051058273	109
-0.098873389158817	0.353718585819526	109
-0.037990233828196	0.414043933099704	109
0.0972150508037261	1.75762907388573	18
-0.091341026851174	1.54445591808161	48
-0.038111377288474	0.414177817025583	48
-0.042029090058758	0.630725452876737	48
-0.075150817760178	0.599509934408343	48
-0.097314325335099	0.352888726716764	33
0.063316238487333	0.508174597084697	12
0.00307849189864695	0.697565218519348	12
-0.075135049387965	0.599550836734038	12
0.00320755226674396	0.697036211301565	12
0.063185607178434	0.508383460359442	64
0.101626157830299	0.696240291814015	73
-0.0161226246794109	0.662495372105202	73
-0.0980343570804339	0.353432748047731	73
-0.098554588996423	0.353709685597233	73
-0.013767218432536	1.13272614314929	147
0.063421972840391	0.508127690026033	109
-0.038464314880281	0.414424326723021	109
0.097158467604708	1.38747490756777	18
0.02886302156323	1.02875794971495	48
0.00299358534899896	0.697678094612967	48
0.091315539427417	0.622068107957982	18
0.0178702860833611	0.441387161072424	33
-0.038704809852949	0.414366420072622	33
0.075154138563505	0.545752345612659	33
0.042959025944162	1.09261187696881	12
-0.016385484423359	0.662801208362155	12
0.091277075321575	0.621913130370035	12
-0.016414454254694	0.663108225094003	73
0.0914935934130811	0.621562684135761	73
-0.055298663154537	1.23985916074529	7
-0.093882161250179	0.99515426224991	7
-0.0752164506176301	0.599532139278292	7
-0.042005881270846	0.630719515069575	7
0.096438556878078	0.660098329044915	109
-0.086146247026119	1.88394117394683	18
-0.085255128609124	1.1866194626694	18
-0.038222961863263	0.414264406349458	45
-0.0164930216918751	0.663087724450388	48
-0.051635430468389	0.847866999017909	48
-0.123991513480216	1.65553214151754	48
0.041116599462428	0.801052662885613	48
0.048106601170115	0.471060653765222	18
-0.085352438606257	1.18646081883096	33
0.063277903257855	0.508273973989328	141
0.063185607178434	0.508383460359442	221
-0.111845324953867	1.32432473103381	64
0.066845325014131	0.895794495907032	64
0.0751011590761021	0.545790922920221	64
0.106655481674984	0.730543620846577	64
0.03015170560917	0.767295389573991	12
-0.01338493468776	1.13107785944718	12
0.111285961157039	0.763864431056543	12
0.074967967294757	0.545790526472073	73
0.018134870756271	0.441106968732687	73
-0.038343745757691	0.414362328106443	7
-0.074469894576805	0.816625160980822	7
-0.074318286925268	0.816704759460399	109
-0.027791666275918	2.01708774310413	18
-0.0982669116710479	2.00992356019755	18
0.092835618279305	1.09499492931464	18
0.0952078784843719	1.68770527343788	18
0.050820550375013	0.833419791904555	45
-0.042103503205385	0.630676821498528	48
-0.118280070505847	0.96771546914886	48
0.077899067686206	0.960229716534554	48
-0.118763863409885	1.48937537190729	18
-0.072546045426559	1.02195132777208	18
0.0966775307892	0.659742172425277	18
-0.033291869196302	0.879647329905455	33
0.091250182351835	0.622152684934269	33
-0.033161774165633	0.879544208868488	141
-0.042005881270846	0.630719515069575	141
0.120912274045094	0.863243727729671	141
-0.074056657166924	0.81638992795693	221
0.048137044135346	0.471051609861451	221
0.111191141177085	0.764189511134367	12
-0.102730190262548	0.785943353413654	64
-0.051635430468389	0.847866999017909	64
0.041121887953011	0.801077906797172	64
0.048052963427586	0.470904281816488	64
0.0859567199792251	1.02788998399473	73
-0.037747300096674	0.413595162312235	73
-0.09751494297264	0.353113627072122	73
0.017948515857331	0.441276325037825	73
0.07530801325307	1.28157730784649	147
-0.013876663162249	1.3596341291703	147
-0.074187426761161	0.816606642247111	109
0.066759598327326	0.896028550029544	109
-0.077992570969411	2.1993741281365	18
0.0328136000724421	1.93812688076828	18
0.089214991439192	1.06199836419131	48
0.036457238992086	1.06010510743871	48
-0.068995718309455	1.40660805581631	48
-0.104759850383714	1.5178871312896	48
0.030159069318855	0.767629011155119	48
-0.038695561467108	1.07565931951423	48
-0.054397690640078	1.04909955236046	48
-0.0169323535924441	0.909969798012273	48
0.089075567842766	1.06230604270091	18
-0.04345280819566	1.26916101271758	18
0.018120754932501	0.732594284903955	33
0.00301461825294003	0.697663368297709	141
0.050909292193253	0.833131747249764	141
0.120593963978883	0.863907447334503	33
-0.104212929852183	1.16191810347535	221
0.09118480347394	0.622215677471984	221
-0.016799817668647	1.54607486059962	64
-0.038574565768808	1.07593263088496	12
-0.033053272251413	0.87930554498685	73
0.063514201586973	0.507940032132344	73
0.111126528387805	0.764205933098242	147
0.078167982153638	0.959902929342611	7
-0.016441749899156	0.663094658546721	7
-0.032821788613413	2.44482735639916	18
0.093740136879038	1.65390721627018	18
-0.00268888045695903	0.939310117634896	45
-0.016414454254694	0.663108225094003	45
0.036417080423342	1.0600722721654	48
-0.11124000323695	1.99122210525124	48
0.017881308229619	0.732833937308275	48
0.00305641110687505	0.697581345058754	48
-0.085359028117235	1.18678422852048	33
0.084352289404545	0.58393081140269	33
0.063343219674838	0.508238057982816	221
0.118020736099391	0.830463897324599	64
-0.074190806397439	0.816425881774764	64
-0.016388829064612	0.663040642355053	64
-0.102522194565737	0.78564073577593	12
0.115082903568146	0.797182008122016	7
-0.054397690640078	1.04909955236046	109
0.100494907965256	2.22370298613053	18
0.097140801571473	1.79595022363992	18
-0.036957838166729	2.41206701687863	18
-0.096996344736511	0.352712982272515	45
-0.102648096435657	0.785782555930775	48
-0.074101324313536	0.816499131413652	48
0.017809065046073	0.732950060175185	48
0.00962721189639404	0.968518311400869	48
0.115117430525826	0.797092524952295	48
-0.093940344114945	0.995592818383262	48
0.00301461825294003	0.697663368297709	18
0.113099480545885	1.24560924821652	18
0.028908658546998	1.02865596607607	18
-0.00275663226745004	0.939422509570981	18
-0.038482701877198	0.414043062981242	141
-0.00550913717983004	1.39052223398938	141
0.048167513635818	0.471016343360915	141
0.0181870775779061	0.732436549156271	33
0.075126927980529	0.545745098121915	64
0.018048630177984	0.732532044015002	64
0.096850407313971	0.659185843866233	12
0.091229452906914	0.622236320719878	73
0.0845410928024371	0.583697557335818	73
-0.038232305482405	0.414275835906919	73
-0.01702725224526	0.910022538900263	7
-0.00412394874548605	1.16338137489168	109
0.042626355012512	1.74634912073799	18
0.014028492916431	2.37734658787687	18
-0.049985185683061	2.31001841258469	18
-0.104201068060683	1.16200234664933	45
0.00303524391238197	0.69759436484439	45
0.00967268468492599	0.968511631090407	48
0.075207110278836	0.545690657241514	48
0.0507784561049071	0.833412662069903	48
-0.02520664673843	1.10369837783699	33
-0.04345280819566	1.26916101271758	18
0.091167236068756	0.622220304538874	33
0.075128371293633	0.5457500837636	141
0.028985748381116	1.02848708991304	141
-0.118259668163957	0.967587127371435	141
0.0843112917921321	0.583903474694665	33
0.00288351939022202	0.697785999055062	33
-0.041945482047303	0.630661225316363	221
0.091119402820051	0.622257069897141	12
-0.055853490900132	1.62511955102737	12
0.048068364212171	0.4711048335323	73
0.111052272788872	0.764246924917478	7
0.059763440069892	0.863962554527256	7
-0.037999701638591	0.413940026884914	7
-0.042149911388244	0.630754431915372	7
0.050932569528318	0.833090556834481	7
0.048576957793788	1.12601948061307	109
-0.045045786731028	2.34270395914911	18
0.00879308471823304	2.30889967749579	18
0.106343978172442	0.730965340303	48
0.059564810986859	0.864457341509932	48
0.082058687354612	0.993991539486381	48
-0.072790694083213	1.02252246412554	48
0.106477768959131	0.730983083314581	33
0.0751011590761021	0.545790922920221	221
0.041132584763231	0.800905407826946	64
0.00311921498448697	0.697457472057385	64
0.018134870756271	0.441106968732687	64
-0.118214047976158	0.96759620565671	73
0.084412112566762	0.583689090508115	73
-0.038464314880281	0.414424326723021	73
0.000552402286478015	2.20409632051842	18
0.0648547725027701	1.22091069084407	18
-0.086153457746991	2.02873087009833	18
-0.098195394995765	2.1565601295355	18
-0.074059926477549	0.816268729099827	48
-0.0250978598930151	1.10347675563196	48
0.048068364212171	0.4711048335323	48
0.00956575319914099	0.968641601700954	18
-0.102437271138424	0.785639292487699	18
-0.016467382827036	0.663135102628169	141
-0.038222961863263	0.414264406349458	141
-0.038222961863263	0.414264406349458	33
-0.097833196182046	0.353207340512575	221
0.12423174554863	0.932690889056847	64
0.050683087618003	0.833432411989008	12
0.017792214528392	0.441468073086455	64
-0.0980343570804339	0.353432748047731	12
0.072749804433996	0.928043137824976	73
-0.051569263035344	0.847710839351726	73
-0.074122030630818	0.81651335162147	7
-0.098352883478491	0.353483822010577	7
-0.074142741880797	0.816457223948004	7
0.091253305477373	0.622188073930247	109
-0.075224295078979	0.599634201404957	109
0.036179879409624	1.06054832860869	45
-0.016970966090645	0.910002448809907	18
-0.104519338790327	1.51719174193665	48
-0.095842151171904	1.35062888766397	48
-0.0332702735377191	0.879505439851604	48
0.075179899331267	0.545683412508346	18
0.00431723741335899	1.19521929028658	141
-0.102478205765596	0.785785640793822	12
-0.041778278670169	0.63023596164161	64
-0.075224295078979	0.599634201404957	64
0.017809065046073	0.732950060175185	64
-0.038222961863263	0.414264406349458	64
0.030238569722612	0.767560566360836	73
0.01814960398396	0.440970472276922	73
-0.041968693252402	0.630667165648645	73
-0.074059926477549	0.816268729099827	7
0.084245331761483	0.583947621249913	7
0.091229452906914	0.622236320719878	109
0.072763806558008	1.74777371365125	18
0.061762484030735	2.01674828405055	45
-0.00512553069822896	2.4409802249442	18
-0.018105064051584	2.30637406777244	18
-0.086907571631743	2.17460498566356	18
-0.109162509671019	2.13488541174381	18
-0.0993438599091	2.30765584400857	18
0.053698750067619	1.40362304968607	33
0.096406830924343	1.12778413406174	141
0.0553942318744191	1.87470842887958	141
-0.062708258789522	1.92391147133392	141
0.113191907458135	1.24543512753724	33
-0.042100074312987	2.14668933598716	33
0.117195186305406	1.2733666903749	64
0.092948072446899	1.09457268685756	12
-0.022866316800121	1.32891998508489	12
-0.074035939998639	0.816375692949902	64
0.08221241101027	0.993922046745771	12
0.059559594628945	0.864532651974016	12
0.096390110203415	1.12781660284484	73
0.063237475822118	0.508259419397331	73
-0.0254314682114361	1.10378274360422	7
0.078135525098875	0.959983238907961	7
-0.00275115245477697	0.939449512722338	109
0.048751181191955	1.57305423946208	18
-0.062740880175433	1.92403787281244	18
0.077971876272029	0.960424234314509	18
-0.00547367004807298	1.3902712125384	18
0.064137072719858	1.65293764502687	18
0.0194715345595891	1.47350299476551	18
0.101255186790048	1.41450325019047	18
-0.00636179523950198	2.13561821257835	18
0.029668910828119	1.90450727197094	18
0.092975890961054	1.09470092754123	141
0.060432006982585	1.42957855124708	141
0.042815851661388	1.09298897301669	141
-0.057792357230731	1.43639208069618	141
-0.026886217863681	1.52139656896264	221
0.099015380656306	1.86446118126712	221
-0.055397442051139	1.24009513482188	12
0.042896590906472	1.09272636355506	64
0.059534421248735	0.864290605369675	64
0.00970341925948603	0.968481213220923	12
0.00298232787770203	1.41902589063446	12
-0.0692580689046331	1.21260552905463	73
0.078029010796172	0.960289710261067	7
0.00301461825294003	0.697663368297709	7
0.118389285832159	0.829962325025715	109
0.063199066387906	0.508334523103492	109
0.118371801155769	0.829854669759377	109
-0.120167480643683	2.26418515533798	18
0.081002952706	1.95747860315581	18
0.099312124375017	1.93897090516667	18
0.098479472276365	1.86630268368132	18
-0.0621550837001	1.91974448882264	18
-0.056364659318908	2.0917480835446	18
0.121697383576056	1.29885029424182	18
0.033366795010927	1.31933503568608	18
0.067118666659622	1.45319815608103	18
-0.00603283330640503	1.74304332065372	18
-0.102659464907814	2.46739557617733	18
0.04727740401882	2.18377804807156	33
0.037947514945029	2.00696675151062	33
-0.0059562330199	1.74273766643353	141
-0.097939830677791	2.15640501005861	141
0.042007132032473	2.07767037254506	33
0.046979565610624	2.18517784341764	221
-0.091277433049155	1.54456950192923	221
-0.042066289731086	0.630748823283636	64
0.081790184575405	0.994500156911111	12
0.019715199013808	1.25747284964294	12
0.122677570585368	0.897957037313408	12
-0.118975437341576	1.48996262245738	73
0.050729617714078	0.833507949359797	7
-0.016441749899156	0.663094658546721	109
0.116383136768004	1.81274519897076	18
0.095417701658662	1.68696659743955	18
0.033883343358463	2.34993971800345	18
0.0812111138121921	1.99606036656019	141
0.053345814673827	2.318679694724	33
0.0971595114239689	1.75707566666054	141
0.03372139134768	2.3516304692727	33
0.061869594109273	2.01645203382878	221
-0.0259008558388471	2.23884095260415	221
0.017809065046073	0.732950060175185	64
0.00960385937098096	0.968543761219349	64
-0.042089496111302	0.630754759552082	7
0.02886606496819	1.02861603897024	109
0.113593991844348	2.31185614571364	18
-0.031856800749651	2.4399180548459	18
-0.099479045334061	2.30734156550493	18
0.031883693968688	2.31668093767097	141
0.014317612350369	2.37553467708224	141
0.014206906132805	2.3763203567714	221
-0.09368791408267	0.995116678033945	64
0.115120915008096	0.79715301838972	64
0.085790522470571	1.02824466297526	12
-0.043144243128334	1.26817345923179	73
-0.023134593171522	1.32998305078466	73
-0.00280090799564803	0.939500257128384	7
-0.098554588996423	0.353709685597233	7
0.017682134913054	0.732923026998396	109
-0.0545571097770871	1.04880896979304	109
-0.118457845445239	0.967757158139738	109
0.066291269445626	2.1600783063895	18
0.062210338662302	2.01489135289305	18
-0.0698771402096971	2.22478166274094	18
0.081479299129796	1.95485466736906	141
0.100048666629753	2.08098608612078	221
0.017651574411606	0.441465173551282	64
-0.016228414967052	0.662815534712448	12
0.063264431112624	0.508322918373419	12
0.053899378506138	1.15886523147925	64
0.064672878113317	1.22175923241261	73
-0.0978440320577571	2.00814536889566	73
-0.072829364465433	1.02261931607925	7
0.096616353695589	0.659805884953559	109
-0.00275392830912502	0.939513411706335	109
0.111123289706496	0.764273865968177	109
-0.11845294692131	0.967898691134635	109
-0.09938052393198	2.30765768675935	18
0.116184415616531	1.92127902035909	18
0.100275567389908	2.15349477654903	18
0.03418587277393	2.34917850840463	141
-0.012868914768288	1.88853406558832	221
0.05843446124667	1.90401699875282	33
0.049692812571753	2.25626750927048	221
0.011450978383854	2.3437041386619	221
-0.051742222533774	0.848030929183181	64
0.091466944138325	0.62169931960784	64
0.017921687581491	0.73290941491741	64
-0.11830047519012	0.967771091298143	12
-0.081594285995508	1.37812234802226	64
0.00319509034967203	1.41817373732349	64
-0.00401784084308998	1.16308430134186	12
-0.038111377288474	0.414177817025583	73
-0.057460161456501	1.43539655703252	73
0.01202367182408	1.22710670163345	73
0.124045519738273	0.933281205527403	73
0.048159832487555	0.470997103993803	7
0.091360124316574	0.622045105168558	7
-0.00264191085383103	0.939273660560237	7
-0.104624475565608	1.51762881715343	109
-0.032474509243327	2.4433422961218	18
0.068976409076425	2.26558763641985	33
0.092630673025652	1.6175532915448	221
-0.110822786698507	2.44037709160309	221
-0.041862343725929	2.14606241856721	221
-0.0137215832829271	1.13260716010756	64
0.029154133507894	1.0278739965689	64
0.042568427190018	1.09337883055189	73
-0.003953208873544	1.16293828498336	73
0.101467024812931	0.696480310691995	7
-0.102522194565737	0.78564073577593	7
0.117307556467192	1.27313632455223	109
0.060933333081333	1.97886208238012	18
0.10074708774963	2.328109032735	18
-0.020712875344761	1.86558310187854	18
-0.0219391947169429	2.27290960218879	33
0.052054233646441	2.32615640831738	221
0.090991871745561	0.622396171256163	12
0.01556067468184	1.81628630664268	73
0.00964196540074502	0.968393892493573	109
0.0566814041650801	2.46327955678742	18
0.037332771967161	2.41812422833738	18
0.00358719375063399	2.23866152958765	221
0.0328198953216829	1.93809833452436	221
-0.06971693096281	2.41733653836185	221
0.115314930452799	2.06477148014247	221
0.048355720772533	1.12633900187908	64
-0.0420151150564541	0.630374085506201	64
0.091425427238918	0.621915360766391	64
0.00320409808434496	0.697288451086869	12
0.066832150663736	0.895964717877258	64
-0.093658851157551	0.994938087164457	73
0.115124403348209	0.797154342776926	109
-0.038847154908591	1.82065555105783	18
-0.050525784484494	2.31259248235258	18
0.05273473191204	1.84197941705288	18
-0.035027934720085	1.99077878797702	18
-0.000119253288025978	1.94183522242571	18
0.05523936737744	2.39075048347933	18
-0.0557445169730531	1.62491439984215	33
-0.060551770428636	1.77809068545599	33
0.117765896355752	1.27162650937507	221
0.100278962866008	2.15331254177025	221
0.096390110203415	1.12781660284484	221
0.059049874565007	1.19133374223955	221
-0.0295925215255201	1.84360739121968	221
0.02886606496819	1.02861603897024	221
-0.01388149868271	1.35969150444097	64
-0.057673918303211	1.43608301410675	64
0.0645423859450101	1.22201636523321	64
0.101604732420919	0.696231098283398	64
-0.00270691094721598	0.939426980632852	64
0.101626157830299	0.696240291814015	73
0.0843112917921321	0.583903474694665	73
-0.023142033320414	1.33015876618628	7
0.11502085193993	0.797247926350976	7
0.019539334473378	1.25783967446513	109
0.084434139955068	0.583781834448672	109
0.075128371293633	0.5457500837636	109
-0.00263914845351998	0.939267867914455	18
-0.014027843263844	1.13299763205116	18
-0.085324397605846	1.18675771589494	33
-0.03418474519976	1.67338804909226	221
0.017921687581491	0.73290941491741	221
-0.119177297969067	1.49056629200269	221
0.081021630229091	1.30944323472561	221
-0.042066289731086	0.630748823283636	221
0.111123289706496	0.764273865968177	221
0.0337222129577121	1.31807149086796	64
-0.119010897173727	1.49029494240698	73
0.092938395483662	1.09480183109078	73
0.0750209619564241	0.545799116154301	109
0.07550310138156	1.28163740453726	18
-0.00421318851574104	1.16349574834751	18
-0.046857238238992	1.46515234947383	18
-0.112167939795806	1.84058365607022	18
0.068509245413039	2.22872976564187	18
0.00979436568418202	1.62150376279016	18
-0.00775290202135903	1.57288656140947	18
-0.075553564334205	2.05024043802961	33
0.00918674558537502	2.00376202694588	33
0.020157720298968	0.998122387966076	33
0.0992006744250959	1.97676292056388	221
-0.015804056939846	2.07408937318819	221
0.0779394155626471	0.960483862677428	221
-0.047074776178393	1.465578412968	221
0.100361790490694	2.15305123733325	221
-0.094078075317927	0.995717789138187	221
0.020207761213781	0.997697621906308	221
0.00981037392180095	0.968156161185521	64
-0.036704629978871	1.49369258049081	64
0.018014007904996	0.732649433554209	64
0.00303524391238197	0.69759436484439	64
-0.095916164882157	1.35027439713922	64
0.122336015902752	0.898519816877767	73
0.00299030427202895	0.697540867601289	73
0.050932569528318	0.833090556834481	109
0.030238569722612	0.767560566360836	109
0.041227119642511	0.800708807474198	109
-0.121983478453786	2.11782851963966	18
0.054449583056677	1.5987299779443	33
0.120601316810111	0.863858757013525	33
0.00933365195054703	1.79003855666851	221
0.00297928499994105	1.4189820184894	221
-0.085327684713305	1.1867500348482	18
-0.00264191085383103	0.939273660560237	221
-0.023209254330081	1.33015040691438	221
-0.044706849087289	1.64969830735834	221
-0.026694234329429	1.52086993514262	64
0.036098232033264	1.0605149760047	64
0.00284229766136301	0.697755670727159	12
0.063277903257855	0.508273973989328	12
-0.0163615331599321	0.663054207629342	64
0.089187143935487	1.06218052095605	73
0.01808033287871	0.732518919974955	73
0.074969385211641	0.545722332536396	7
-0.0332413060537901	0.879597911233598	7
-0.085396949174958	1.18683138644181	109
-0.03290896771568	0.878728341242511	109
-0.097944638137538	2.00866064792659	18
0.113293279792805	1.52935517817387	18
0.0350285929563841	1.52394377503848	18
0.116755928987711	1.62921296365689	18
0.05378938009399	1.15896897608094	18
-0.0157919213947419	2.07375834707105	33
0.00966163794160502	0.968417412565183	33
0.015542962224917	2.41540442792207	221
-0.093955632475464	0.995502353071431	18
0.105375151752967	1.44075696088486	221
0.050708532943279	0.833536822379356	64
0.041088586376288	0.801159832729146	73
-0.104180903666722	1.16195834079505	73
0.091164084470982	0.622299304766125	7
-0.085213924680047	1.18641160297409	7
-0.094149982720978	0.995665205566195	7
-0.00275115245477697	0.939449512722338	109
-0.038688600972386	1.07606933570764	109
-0.0911696780546331	1.54394371237922	109
-0.011262520915315	2.10629955956853	18
0.025158410413502	1.66885101711266	18
0.029571484295092	1.9051366175094	18
-0.095857448662583	2.49800642492367	18
0.089414566687435	1.58955588006333	18
-0.090474967114866	2.33179960844108	18
0.081998386108791	1.99222657058829	18
-0.048970818428714	2.12016504069451	18
0.039619220512547	2.49032799616204	18
0.035640362722091	1.97148445156106	221
0.040212890487504	1.34876956148799	221
-0.112136384983627	1.32460563992805	221
0.08584592082694	1.02814629300857	221
-0.00412394874548605	1.16338137489168	18
0.036229150284989	1.06058054974899	18
0.00967637584519498	0.968389805830619	221
-0.023092235745987	1.32984841285523	221
-0.104353657001583	1.51656028999515	64
-0.038685114837968	1.0761248974427	73
0.048052963427586	0.470904281816488	73
0.075313030370492	0.545493532457957	109
-0.111879934487354	1.32349363902721	109
-0.012702271058565	1.88839128229202	18
-0.024499204334815	1.69826791352309	18
-0.0559882831116491	1.62588521836193	18
0.104369774007931	1.18929397559508	18
-0.04699971488588	1.46547705031931	18
-0.043197612362173	1.96722360797934	221
0.115262512770971	0.796754325251839	221
-0.025312006227436	1.10396337520236	221
0.11837519267769	0.830013639264031	221
0.095750065185262	1.68553990151275	221
0.122425291697095	0.8984416103194	221
0.124256811748125	0.932478168848291	221
-0.111505469148355	1.32240214038175	221
-0.016412785933738	0.662981596025657	221
-0.086478777123577	2.02977522942483	18
-0.074252845534053	0.816670451212182	221
-0.023356571839212	1.3304276926224	64
0.00956945143643595	0.968523629004483	12
-0.016281321352695	0.662925995029655	73
0.069972117340406	1.25253390959232	7
0.017885151515488	0.441422043241892	109
0.042684637511067	2.07455165124933	18
0.031859630220029	1.69303357740158	18
-0.09043803884598	2.33145211681525	18
0.016504903919876	2.06875615798924	18
0.116741521347214	1.73926978602185	18
0.0304735082729331	2.28029732297218	221
-0.043435865971269	1.26948312946887	221
0.026324779731856	1.28987550917466	221
-0.124845316399352	1.97128461519553	221
0.05385775026379	1.15875885953201	221
0.028971553568901	1.02851966173628	221
0.026144995706455	1.29005408581639	18
-0.104285433566786	1.16185637231307	221
0.030166210951231	0.767669262259195	221
0.02058696980787	0.995949665288554	64
-0.00246213693610498	0.938383280668241	64
0.106382681004902	0.730865984271612	73
0.048167513635818	0.471016343360915	73
0.048198009660274	0.470952990233888	73
0.0859368972178251	1.02779183043352	7
0.00307849189864695	0.697565218519348	109
0.00507715269490905	1.97178716095223	18
0.062560059088454	2.05421089305221	221
0.054121541899671	1.15822724141553	221
0.060709689765682	1.42844722820255	221
-0.109265851379958	2.13591851379185	221
0.060622024028253	1.98034230729211	221
0.054046773853339	1.15851822628688	221
0.0525714390868281	1.84243841669534	221
-0.056218600432457	2.28069121744103	18
-0.0367566479024331	1.49374001675825	221
0.081129521900764	1.30918190402944	221
0.043015741946091	1.09241090181589	221
-0.104323413964286	1.51646585797268	64
0.106405643209764	0.731068209604634	12
0.090840332714853	0.622310929990488	12
0.111191141177085	0.764189511134367	12
0.082301483713854	0.993620696203029	12
0.111214832851478	0.764139415462275	73
-0.041968693252402	0.630667165648645	73
0.063408471126852	0.508125343240681	73
-0.042005881270846	0.630719515069575	73
0.036400215601918	1.06025756576674	7
0.101604732420919	0.696231098283398	109
0.116783039553448	1.81115694867201	221
-0.112098368922053	1.84043544087737	221
0.036481889279906	1.06004768414795	221
-0.051589579730977	0.847760717326087	12
0.043072459044791	1.09218615970349	73
0.075099719386491	0.545679040142965	73
-0.016335915718494	0.662959083307172	73
-0.104809784091838	1.51775453454322	7
0.086128144199856	1.02721327288785	7
0.0965910856076549	0.659917412289735	109
0.037612629546901	1.71915676392969	18
-0.0761464783963	2.3891039043334	18
0.0537795228314361	2.35856555696126	18
0.015486512975842	1.81660946094051	221
0.030119154425224	1.90235139755393	221
0.116683569915957	1.77579477992605	221
0.077830113668679	1.85107302121885	221
0.116463798206528	1.66724580251789	221
-0.00752695931332603	1.57194592082649	221
0.000969951272546954	1.59837280027093	221
0.086533457513414	1.3364336839176	18
-0.047037246167481	1.46554059992032	221
0.04018704705385	1.34880500224473	221
-0.014339134303499	1.71760797474875	221
-0.082480817394316	2.35798034537968	221
0.101358591738509	1.41454148292856	64
0.0426095763559911	1.09285470907148	64
0.0780861459810071	0.960134238545104	64
-0.07873101654742	1.57142925901844	12
-0.033262890990625	0.879669854109761	7
0.050841643660876	0.833318508644783	7
-0.069138517051728	1.21242917919825	7
0.118361092200194	0.83000698683485	7
0.060293852613486	1.62295035067118	18
0.084944227896593	2.2453813647974	18
-0.015122059723076	1.72096157290285	221
-0.036565821790549	1.49317902014975	221
0.054121239697977	1.40234587464275	221
0.085818857898341	2.24018659277713	221
0.001119353963418	1.59792305422746	221
-0.0172101448015149	1.54794801333387	221
-0.09523063774755	2.49515920017269	221
-0.0958344922630659	1.35034448826464	221
-0.0541670553297821	1.04846992441158	221
-0.105005587305902	1.51794775897671	221
-0.063384233830163	2.44513952457758	221
0.066832150663736	0.895964717877258	73
0.063185607178434	0.508383460359442	73
0.069700293575633	2.30088602472023	18
0.072373328212424	2.43961886655822	18
0.115410287951258	2.06437860317245	18
0.0574504270927621	1.90918649572103	18
-0.03554572191058	2.1743171691118	221
-0.07774836257526	2.19734693559278	221
0.072983096759987	1.47787955804398	221
-0.059242402049233	2.48250503943911	18
0.03592207114331	2.38309864452845	221
0.042174504979729	2.07708802737834	221
-0.014557796124084	1.71937211140913	221
0.00952764285016305	1.62206881048762	221
0.040190362164787	1.34901778564625	12
0.029154133507894	1.0278739965689	73
0.020267465870182	0.997741417684404	73
0.101336942055247	0.69653411354096	7
0.063277903257855	0.508273973989328	7
0.12084951918661	0.863564281581963	109
0.064516502821268	1.22232180717718	109
0.099699713567013	1.93695261073904	18
-0.120249415478992	2.26469989863318	221
-0.111159754142203	1.99077617284164	221
0.042983547689701	1.09252805736392	221
-0.086244711892604	2.02925189325817	221
-0.01718217344326	1.54792921967246	221
0.096294078190562	1.12801745952704	221
0.091253305477373	0.622188073930247	221
0.010985468338527	1.44785806385406	221
0.066766185126239	0.896125818164472	64
-0.095614119081908	1.34993578931638	64
0.066794230351654	0.89594418348838	73
0.082261501652283	0.993723836299674	73
-0.00279538862760498	0.939411626944587	109
0.096193410634143	0.66013025478103	109
0.020261929175948	0.997818496513494	109
0.048167513635818	0.471016343360915	109
0.075128371293633	0.5457500837636	109
-0.055853490900132	1.62511955102737	221
0.0808441213016931	1.30991273092464	221
0.00106882578227296	1.59762306726121	221
-0.065455239645593	2.07073860406103	221
0.04841636290596	1.12630669304647	221
-0.02478722792859	1.69886180818915	221
-0.04336220682581	1.26911778821522	64
-0.0980343570804339	0.353432748047731	73
0.047047336510669	1.37682687011584	221
-0.036635357705288	1.49350206932065	221
-0.01424871201149	1.71751060066161	221
0.117662392629846	1.2719605550048	221
0.028925911345457	1.02862165685476	221
0.041011352635689	0.801273952586243	221
0.0332972192759971	1.31922846571067	221
0.066797519060817	0.896049094442892	12
0.00452861430862095	1.19478192730293	64
0.08938274671017	1.06145411945063	64
0.121123399112572	0.862575753047227	73
-0.05426520685343	1.04885436118068	7
-0.075053757516349	0.59945569070679	7
0.033985435118183	2.35010401715957	221
-0.048936801966934	2.11995992942844	221
-0.00669900586803596	2.13728527201649	221
-0.049489900258485	1.80024503308839	221
0.092755817071937	1.09521638525342	221
0.028894468072883	1.02871421131662	64
-0.112059306779562	1.32466610331625	80
0.086103820967823	2.31294261859891	221
0.08627837255886	2.34935881994187	221
0.047270048623695	2.18382994839871	221
0.116429934237029	1.81280399381171	221
-0.023350675677637	1.33066180476549	64
0.084308290447826	0.583914618045903	12
-0.095817495598912	1.35059975311781	64
0.0538581973301	1.40342859108945	64
0.115086391559744	0.797222764842826	12
0.028922841663127	1.0285239909274	7
0.050937114505437	0.83297509996436	109
-0.085334249008608	1.18643401206979	109
0.115402012526163	2.09880599385635	18
0.00867250519199603	2.00571062787758	18
0.048776954732524	1.57303311743943	221
-0.123954018732561	1.65534996835026	221
0.069981525025261	1.25206526208965	221
0.059655165473687	0.864318905112001	64
0.040983370943716	0.80133427153077	73
0.106578207080757	0.730783485480508	73
0.066930590442735	1.45392186893005	7
0.118066374079305	0.830428372688354	80
-0.00273581280852198	0.939247017419504	80
-0.00270966697463204	0.939435683182701	80
0.118234861166679	0.830249191399859	109
-0.038757650677973	1.07612419014672	64
0.120972192551988	0.863177164297654	64
0.059407252134848	0.864420673888749	12
0.063291371738374	0.508166632881355	7
-0.0163615331599321	0.663054207629342	7
0.063487175909114	0.507986633485621	7
0.07507394885366	0.545783675338654	80
-0.01702725224526	0.910022538900263	80
-0.045321648398128	2.34402943371764	18
0.087653988625251	2.44992512652736	18
-0.039089535683404	1.82161065111666	18
0.01294104590783	2.036731671252	221
-0.098352883478491	0.353483822010577	64
0.0480761847510181	0.471043419126657	12
-0.042005881270846	0.630719515069575	12
0.030267446983573	0.767524505470819	64
0.00981037392180095	0.968156161185521	73
0.048129316552884	0.471060482975925	7
-0.051767812830155	0.84809156874333	80
0.050222094782059	2.25365088089335	18
-0.102884340396547	2.46836450817046	18
0.0607523381406611	1.97953810365557	18
-0.097772168503403	2.15560995222342	18
-0.054285675790862	1.04898009161567	64
0.106511239233643	0.730937039839339	64
0.084415246499077	0.583875515619935	64
0.096723180808149	0.65967225997152	64
-0.033168447407239	0.878848313433234	64
0.048091133154588	0.471042169258016	73
-0.017009569967118	0.909974685050655	73
0.084267323025439	0.583979591146226	80
-0.041908305713741	0.630579329942369	109
-0.075053757516349	0.59945569070679	109
-0.058983006607339	2.48111226450327	18
0.00303524391238197	0.69759436484439	64
0.00969974095591997	0.968426154649751	64
0.015592625208627	1.81634074464458	64
0.101575660041353	0.696331961700475	64
-0.096996344736511	0.352712982272515	12
-0.041847927464025	0.630459992763821	12
0.0751011590761021	0.545790922920221	73
-0.036816977758095	1.49323079675383	73
-0.118168458157863	0.967500403990842	80
0.048198009660274	0.470952990233888	80
-0.016281321352695	0.662925995029655	80
-0.0754107477259231	0.59972581114889	109
0.04454541232547	2.10966659577227	18
0.000258269206738992	2.20539731699012	18
0.068548218393809	2.26759204337234	18
-0.00594962061582405	1.9139358850204	18
0.083915016291833	2.09943457206412	18
0.0766332176061541	1.81519687136622	18
-0.062114769307815	2.25047531610143	18
-0.096996344736511	0.352712982272515	64
-0.118234459093518	0.967651830842549	64
0.106328339531791	0.731058558934121	64
-0.074187426761161	0.816606642247111	64
-0.041847927464025	0.630459992763821	64
-0.0788384068999189	1.57213075936291	73
-0.102437271138424	0.785639292487699	73
-0.056052536008864	1.62596640163723	80
-0.0170325384847601	0.910114911383211	80
0.091428365776226	0.621744954604799	7
0.017558948417229	0.44151093634167	7
0.075313030370492	0.545493532457957	80
0.075181351138205	0.545711507796161	109
-0.0561830961206941	2.28190802912086	18
0.0601439286025079	1.43017027153365	18
0.057706394451664	2.49750180429264	18
-0.05906714798011	2.48179235979998	18
-0.090441077420199	2.33171762979752	18
-0.035849921463751	2.17591632126422	221
-0.01484651234444	1.72058667918222	221
0.0914907082724939	0.621760743097196	64
0.0363185482017721	1.060396685606	64
-0.0546076241794981	1.04838326440176	73
0.092706608356615	1.61727904609163	80
0.048129316552884	0.471060482975925	109
-0.041885092082105	0.630573386077958	109
0.080798279214232	1.95842370908321	221
-0.098352883478491	0.353483822010577	12
-0.075135049387965	0.599550836734038	64
0.042715330464194	1.09304335524212	64
0.030043271663547	0.767619545845241	64
-0.062543411893734	1.92290374669105	64
0.084308290447826	0.583914618045903	12
0.063185607178434	0.508383460359442	73
-0.038473517099805	0.414356124603627	80
0.100188009953568	1.15889418962554	80
0.115183020234133	0.796685374894623	80
0.00283852674213603	0.697739283194232	109
-0.016255713429042	0.662862174171496	109
0.101655225066754	0.696139451980418	109
0.0965910856076549	0.659917412289735	109
0.100455704674178	2.29384508555764	18
0.035672729559814	1.97125618588534	18
0.026216233914665	1.87064840092765	18
-0.014151913865726	2.33821282850016	18
-0.03595356691389	2.17625865244045	18
-0.011174509257197	2.37376312700151	18
-0.051854317333041	0.848211428219714	64
0.048167513635818	0.471016343360915	64
0.00301461825294003	0.697663368297709	64
0.040026751605134	1.34936712925792	64
-0.099278232245566	0.35392746874739	73
0.122726742964545	0.897773763558564	80
0.0113389014749991	2.34419917063912	18
-0.024369653634242	1.69792106161154	221
0.017651574411606	0.441465173551282	12
-0.118168458157863	0.967500403990842	64
-0.016228414967052	0.662815534712448	64
0.084522203630556	0.583629406919959	80
-0.038343745757691	0.414362328106443	80
-0.037990233828196	0.414043933099704	80
-0.0754029400831731	0.599705268512402	109
0.072644584141367	1.47958465515403	18
0.092287944506357	1.61933757584707	18
-0.097314325335099	0.352888726716764	64
0.075260074216374	0.545605022666558	64
-0.016441749899156	0.663094658546721	64
-0.051813740537856	0.848049241128343	64
-0.043386752231534	1.26929850410957	64
-0.102500197789548	0.785757997478442	64
0.114979340398373	0.797333322539547	64
0.059519255386415	0.864533923182388	64
0.077718684467476	0.960769044562876	64
-0.055241524135154	1.23972043929069	73
0.10143796399458	0.696454001076441	80
-0.074101324313536	0.816499131413652	80
0.084500194595213	0.583737580326332	80
-0.016441749899156	0.663094658546721	80
0.101366013159498	0.696560403236024	80
-0.10258218567443	0.785881930049397	109
0.048144709897587	0.470603784478576	109
-0.0619375521682341	2.24913663617645	221
-0.069384086032262	1.21275733621669	64
0.050888203448457	0.833258632868648	64
0.036139721467995	1.06062761567574	64
-0.068844386637368	1.40589798833625	73
0.089347221107829	1.06183000145326	73
-0.124321648405899	1.65633367920577	80
-0.016175516073887	0.662673544333303	80
0.030267446983573	0.767524505470819	80
0.085926363308291	1.02792490974321	80
0.030036080177775	0.76775412514677	80
0.073177977015061	0.926866960778495	80
0.030202611170759	0.7672039451182	109
0.106439114394858	0.731042205742158	109
-0.0420151150564541	0.630374085506201	109
-0.044891977969977	2.34120511669505	221
0.084729692313625	0.58323943561875	64
-0.016335915718494	0.662959083307172	64
0.020438737061799	0.996922076929276	64
0.054009392335215	1.15863097554832	73
-0.0541531819307	1.04835622278154	73
0.00314130593738404	0.697441333128085	80
0.00313778146407295	0.697145036603345	80
-0.093977076923764	0.995677308316404	109
0.067968195094491	2.23157855938549	18
0.045473168496539	2.14892056974556	18
0.025389176626412	1.66769854665374	221
0.096550311400883	0.659917332501928	12
0.017948515857331	0.441276325037825	12
-0.0161226246794109	0.662495372105202	64
0.063277903257855	0.508273973989328	64
0.078078376298101	0.960138729154487	64
0.082098772900553	0.994177509644416	80
0.043763873770757	2.11344728128167	18
0.121917514830731	1.29808844853173	221
-0.073897552145217	1.90349642362944	221
0.030376929477937	2.28078853257741	221
0.106482980745953	0.730909735640533	64
0.026483256382108	1.28926984225595	64
-0.038470973906367	1.07565200611269	73
0.059264806771422	1.19094510352404	73
0.028940107675192	1.0286122190176	73
-0.085289764446022	1.18670287186486	80
-0.102415268225124	0.785666912193693	109
0.0912947995307271	0.622151746026057	109
0.072455813567208	2.43949879022419	18
0.040300620965014	2.48639420180754	18
0.049913036706069	1.80889014363143	18
-0.102665623269359	2.46731286093334	221
0.049851972540597	1.80852520628455	221
0.124317678379722	0.932598525698277	64
-0.043102653857656	1.26832197845265	64
0.00475578371979901	1.19415309240807	12
0.081871509841932	0.99444724052994	73
0.096545392504077	0.659943711696897	80
0.0729072738464	0.927611690399524	80
-0.051564089565075	0.847478749417598	324
0.066890350493408	2.19716014299719	18
-0.025732577048813	2.23796132269126	18
0.097803617207761	1.7934709075323	18
-0.021431973394434	2.04374738381256	221
-0.069612474769569	2.41737155460213	221
-0.120382442881724	2.41699282249627	221
0.08686294593475	2.34588612460629	221
0.059723120609582	0.864106785621324	12
0.012390511267483	1.22604027503775	80
-0.016412785933738	0.662981596025657	324
0.118312071891068	0.83013544900813	109
0.055325693773252	2.39019088703685	18
-0.011585281504836	2.37585094252283	18
-0.00265492346873197	2.16909938560972	18
0.037147958746336	2.41949395775983	18
-0.090444121661252	2.33159179574192	221
-0.049368670485054	1.79966472667338	221
-0.045073786160722	1.65071658200459	221
-0.110855039042837	2.4401924170194	221
0.030144492492137	0.767619627834334	12
0.100388598098535	1.15874289094437	64
0.0426847731755849	1.09321258697769	73
0.0668766519737351	0.895894704152792	73
-0.016255713429042	0.662862174171496	73
0.115127895440262	0.797097661927264	324
0.0364079149015309	1.0600731006246	80
0.018028442755938	0.732688152598174	109
0.040047430804508	2.48825787013703	18
0.015454533907352	1.81669388055171	18
-0.015523416832413	2.07249547994241	18
-0.075989353955119	2.38848768029848	18
0.00114192110156697	1.59761864350433	221
-0.121961809418343	2.11795492094311	221
-0.034781429224804	1.99017689662809	221
0.101424172102774	0.696482847151341	12
0.028894468072883	1.02871421131662	12
-0.00274830389302505	0.939222197028696	12
0.020154623788566	0.998122084382263	64
0.092755817071937	1.09521638525342	73
-0.038726613070269	1.07598570078681	73
-0.081342909262314	1.3770021863476	73
0.00948954044974204	0.968678686002583	73
0.106578207080757	0.730783485480508	73
0.048676861971059	1.125289408271	80
0.106555103494061	0.730743048142469	80
-0.00280090799564803	0.939500257128384	80
0.069424034521233	2.26315083238701	18
0.099812345947945	2.04729890894021	18
-0.076152738711612	2.38913105919065	18
0.074867102196677	1.78113285922411	18
-0.030993203039964	2.20860758816891	18
-0.0978440320577571	2.00814536889566	221
0.067884414126292	1.68219677460823	221
0.115464973044693	2.13240288395523	221
-0.066833246748329	1.59751934593071	64
0.028768662639584	1.02856558869351	73
0.096682380817284	0.659672230044936	80
0.00907491212807498	2.30669154444081	18
-0.04524454274173	2.34356448913146	18
0.057230434122444	1.90977496633256	18
-0.036539952177325	1.49316874828445	18
-0.00770363213993297	1.57278933384932	221
0.111191141177085	0.764189511134367	64
-0.054465550963523	1.04904101455468	64
0.059495353666729	0.86457604362879	73
-0.013678895265691	1.13205557360225	80
0.03011559412965	0.767705696631912	80
0.08443724960764	0.583815130524904	109
0.078581791083451	1.8476373570496	221
-0.06913528232559	1.2122722672144	64
-0.085110011545114	1.18607356027983	73
0.0729040887843721	0.927850074260705	73
0.120863778317635	0.863552757333763	12
0.017762798160516	0.732857137080317	80
-0.0939189378131891	0.995665967769638	80
0.00297151029416498	0.697635563753618	80
0.101467024812931	0.696480310691995	80
-0.0163615331599321	0.663054207629342	109
0.087079192144349	2.45385578485164	18
0.052013451078908	2.28538833421925	18
-0.082627291017666	2.35838650034755	18
0.035115332710174	1.52358270809023	18
-0.124281775896732	1.65626427287592	221
0.040026751605134	1.34936712925792	221
0.096939801038576	1.38812775912898	221
-0.069015714723954	1.21199764660259	64
0.106366987138921	0.731086016567874	12
0.118255673125599	0.83006903587321	73
-0.033233907202916	0.879631453075957	80
0.041006082187117	0.801172532030009	80
-0.07278017779956	1.0220004334108	109
0.0997318513304401	2.08382250517835	18
0.0164897061980041	2.40880933433297	18
-0.0757660688799841	2.38734231219509	18
-0.016816464355334	0.909529420532318	12
0.101467024812931	0.696480310691995	64
-0.032600892643303	1.29915370337055	12
-0.00410711750834003	1.16314030564908	64
0.040212890487504	1.34876956148799	73
-0.00756517836672299	1.57152166670145	80
-0.073991306393046	0.816234952867646	80
0.063185607178434	0.508383460359442	80
-0.0726284183671559	1.02231674754737	80
0.075181351138205	0.545711507796161	109
0.020105698254364	2.48121299205665	221
0.020956584775502	1.84416017223162	221
0.063500690585278	0.50798896479976	12
0.048137044135346	0.471051609861451	12
-0.072790694083213	1.02252246412554	64
-0.016387156575993	0.663061566941855	12
-0.069243928934838	1.21268516462975	80
-0.085355734858884	1.18666962534773	80
-0.042066289731086	0.630748823283636	109
0.00303432589534103	0.697538837656829	109
0.00614763690157905	2.27451975896203	221
0.033366795010927	1.31933503568608	221
-0.03775690953188	0.413628552068713	12
-0.075224295078979	0.599634201404957	12
-0.016412785933738	0.662981596025657	73
-0.034729864016902	1.67509157270893	73
0.124514575138603	0.931973778425716	80
-0.098554588996423	0.353709685597233	80
0.017941873253126	0.73286505952673	80
-0.00629626662392901	1.91576761543546	221
-0.016545965442813	0.663057988239818	12
-0.01630861954926	0.662972643880192	64
-0.00257685118434303	0.938870388572559	64
-0.013879076064666	1.35970277952168	12
0.075261538141902	0.545560938008652	73
-0.016334235224492	0.663007552598854	80
-0.075127181183508	0.599448766878507	12
-0.075240015986526	0.599593248021543	80
-0.0420430831368011	0.630677137943554	109
0.048129316552884	0.471060482975925	109
0.116394947052012	1.92001557685885	18
0.0777477287487271	1.50568323008563	221
-0.072734058875889	1.02256539831459	12
0.050710794196572	0.833449342403027	12
0.011137388759904	1.44716625717292	73
0.053787263436893	1.15894914505054	80
0.100543617262802	1.15818000229466	80
0.066652420538413	0.896058039594103	80
0.091098694249095	0.622340682489739	80
-0.052543677426075	1.94509982600702	18
0.091119402820051	0.622257069897141	12
0.106462358768315	0.730832786881369	12
-0.033262890990625	0.879669854109761	12
0.122766818878402	0.897655393662617	12
0.122751317541904	0.89762532641167	80
0.030216828572321	0.767608928160328	12
-0.104212929852183	1.16191810347535	80
0.063079844351383	0.508356092101914	80
-0.102541166752993	0.785872227558357	109
0.115330418858426	2.03014075504546	18
0.000573314307695028	2.20400385089197	18
0.045007861846274	2.15048120130193	221
-0.082651634033725	2.35875051892336	221
0.10630528379561	0.731024519851333	12
0.106194465360952	0.730958083807645	12
0.115086391559744	0.797222764842826	12
-0.036808666014826	1.49372435396227	12
0.0856547048581781	1.02844413889785	12
-0.024974987085188	1.10298416365353	73
0.040978039990463	0.801332141951838	73
0.106521662212925	0.730769002674578	73
0.059499125370192	0.864424087788331	12
-0.043267782825714	1.96730316050508	80
-0.051609898950477	0.847748253910572	80
0.063237475822118	0.508259419397331	12
-0.072589807937356	1.02222003348671	80
-0.10237436794994	0.785486517852404	109
-0.018105064051584	2.30637406777244	18
0.096481361496638	1.7217095822881	18
-0.082816309357468	2.35928217666169	221
-0.09558943680206	1.34990655180622	221
0.00294531359015005	0.697386606954188	12
0.042991206367628	1.09244815813459	80
0.106361830668377	0.731032519528418	80
-0.016518666460027	0.662951172837911	80
-0.017839207648142	2.30517527827013	18
-0.011099855493894	2.37351180973258	221
-0.120277614872369	2.41683746877677	221
0.075022388324281	0.545756932496765	12
0.0967435772623571	0.659608498567667	12
0.0912947995307271	0.622151746026057	12
0.118371801155769	0.829854669759377	12
0.059611122122143	0.864374641713518	12
0.12070972755969	0.863852792853037	12
0.059607363570782	0.864470326401724	12
0.092800539023185	1.09496271594565	12
0.00444803120333004	1.19502542225652	73
0.06463779019907	1.22192769872699	73
0.086233731312115	1.02688552705482	80
0.041049965119011	0.801241220018575	12
0.051025780009346	0.832687386118746	12
-0.051946230848009	0.848104610745125	80
0.115638147020773	1.92364829097124	18
-0.055880149244771	2.28029017247426	18
0.050236142290032	1.80772043913509	18
-0.086010682175686	2.02785961462286	221
-0.069770955362001	2.22450203862589	221
0.09877530111586	1.94040042759104	221
-0.033262890990625	0.879669854109761	12
0.106439114394858	0.731042205742158	12
-0.093817956399095	0.995506580891877	12
0.08581016560444	1.02788741628788	12
-0.104180903666722	1.16195834079505	12
0.07798873803486	0.960247613277874	64
0.120626534735461	0.863952346803874	64
0.109159680645963	1.21624644042295	12
0.063172144305836	0.508381075212563	73
0.111241827226724	0.763918439133669	80
0.00303432589534103	0.697538837656829	12
-0.073839923238086	0.815804916582811	80
0.020854556096227	1.84464566655699	18
-0.110827530351543	2.44010877100488	221
-0.032711681296535	1.2995135433954	12
0.030187946152239	0.767645000664507	12
-0.074256280257576	0.816460243625329	12
-0.054288888683491	1.04884468440464	12
0.096723180808149	0.65967225997152	12
-0.033212332998339	0.87962044583674	12
-0.08151303877252	1.37783794999074	12
0.066942624015939	0.895757981090526	73
-0.038726613070269	1.07598570078681	73
0.050820550375013	0.833419791904555	80
-0.051986780795005	0.848266740933482	324
0.00284229766136301	0.697755670727159	324
0.115119023161497	2.13456773291445	18
-0.058457406465766	2.47821118602718	18
0.076886637678633	1.81417117659293	18
0.021657038591501	2.1399928850635	18
-0.020637009979221	1.86516298003624	221
0.063343219674838	0.508238057982816	12
-0.00277742283487203	0.939519248983861	12
0.096438556878078	0.660098329044915	12
0.075154138563505	0.545752345612659	80
-0.038681624919386	1.0760927129335	80
0.063199066387906	0.508334523103492	12
0.048159832487555	0.470997103993803	324
0.086265559042475	2.31280294988875	18
0.116580658788564	1.73978680515372	18
0.0972581971962601	1.75671057574662	221
-0.078097545798654	2.19992810157699	18
0.066797519060817	0.896049094442892	64
-0.00542983463338798	1.38995098328007	12
0.020157720298968	0.998122387966076	12
0.096636748414928	0.659827762496698	12
0.048060623814151	0.471077472243728	80
0.026625796253733	2.20844711447123	18
-0.04015900494703	2.37407578303132	18
0.030058402635926	2.28244001840822	221
-0.00787804251169799	2.40669648508122	221
-0.042080298783546	0.630530345816743	12
-0.075321423367854	0.599706575982585	12
0.00310056827005101	0.697494286811066	12
0.072753008344973	0.92798523406662	64
0.030477047225427	0.766894083590797	12
-0.038101962939554	0.414130609919789	12
0.059499125370192	0.864424087788331	12
-0.028603272630916	2.47622499341556	18
0.00349673332532297	2.23912043596937	18
0.009592789153958	0.968594540372231	18
0.048175274861663	0.470945497752617	12
-0.0743389656665699	0.816648580414172	12
0.059447574892174	0.864594775743278	12
0.033384530691601	1.3193870212997	73
0.063264431112624	0.508322918373419	12
0.017807134329266	0.441473163114747	12
0.0751011590761021	0.545790922920221	12
-0.102667159015211	0.785951560164861	12
-0.033306010579182	0.879552427593375	12
0.096636748414928	0.659827762496698	12
-0.042089496111302	0.630754759552082	80
0.098724773637662	1.90346455475798	18
0.091101898976369	0.622283245957269	12
-0.00412394874548605	1.16338137489168	12
0.100440271683976	1.15859465327038	12
0.118129486835306	0.830466700584667	12
0.050776187706151	0.833492992697793	12
-0.074039234959029	0.816028367762159	80
0.089653890304404	1.5880552862199	18
-0.017070990318067	1.54753417267587	18
0.120726857246421	0.863837448394153	12
0.050773995500973	0.833434727162141	12
0.077726450583508	0.960599214152317	12
0.0424824259572319	1.09331369487462	12
0.048091133154588	0.471042169258016	12
0.017907262066864	0.732291382077844	12
0.017855298774389	0.732964424136766	80
-0.016927126718744	0.909955148110897	12
0.020261929175948	0.997818496513494	80
0.091232551320138	0.622135778002015	80
-0.016069740789741	0.66227241244221	80
0.124979729747494	2.39757248355029	18
0.098735312868851	1.97837049156628	18
0.113531776909006	1.52877092842282	18
-0.11200800252775	1.84003874477278	18
0.0347605045473111	1.52471117974169	18
-0.090541260438864	2.33144842100268	18
-0.062610017253552	1.92276692705025	18
-0.025262986018726	1.10363182247111	12
-0.016898939475831	0.909868635809946	12
0.111143784149882	0.764230476341464	12
0.078013387372894	0.960062807367619	12
0.0485269553445	1.1261041864666	12
0.042977336826217	1.09239369990854	12
-0.0325654179930031	1.29880630296655	12
0.106410855562397	0.731014996816122	12
0.017885151515488	0.441422043241892	12
0.122442046673355	0.898288866301486	12
0.041093935409697	0.801087862695575	12
0.115024354014782	0.797133521578463	12
-0.0938393747873441	0.995492928282878	80
0.081380819735616	1.95542405731906	18
0.0727225994328849	1.47933738254596	18
0.059583475006097	0.864512426311869	12
0.012349677735177	1.22629527235871	12
-0.00279818433735701	0.939535965995986	80
0.077547314399722	0.96080220152683	80
0.051025648564328	2.29067805173191	18
0.04004582022309	2.48817773062163	18
-0.072129537067212	1.75515368408898	18
0.00128381202397798	1.59735592544516	18
0.081227226221223	1.3088277686787	18
-0.119733549784218	2.26277283236106	18
-0.0992428826901141	2.30661520237541	18
-0.036212535260457	2.40863652442032	18
0.101676656508942	0.696127132054422	12
0.041022013287219	0.801252841972289	12
0.0967435772623571	0.659608498567667	12
-0.00282438384554196	0.939456161996305	80
0.122555922194187	0.898137987802473	12
0.00953134464301797	0.968621459505813	80
-0.051767812830155	0.84809156874333	12
-0.033212332998339	0.87962044583674	12
0.017941873253126	0.73286505952673	80
0.053820374965654	1.15874433476989	80
0.086401161353016	1.55955219321894	18
0.0813163991829839	1.30814974727375	18
0.093090811754519	1.09423074326722	12
-0.103909081296091	1.16112033604376	80
0.00970341925948603	0.968481213220923	12
0.106683824534521	0.730443542438687	12
0.082106482963932	0.994089787277874	80
0.059543165397823	0.864469592730684	80
0.00470546496288204	1.19417900233188	103
0.081733379161527	0.994495692533308	12
0.01957451620162	1.25786870855078	12
0.050886024863598	0.833150402131769	80
-0.11936355370626	1.49059508387715	80
-0.055323345977774	1.24000943521945	80
0.096896031709191	0.65916091625093	80
0.00296969497419597	0.697668597176143	12
0.082163289790898	0.993951978484212	80
0.041116599462428	0.801052662885613	80
0.106688959278513	0.730434799481231	103
0.0590473101344809	1.19133683236276	64
0.122555922194187	0.898137987802473	12
-0.023389948059492	1.3306860976005	12
-0.072795896182648	1.02264040176664	12
-0.1118311523182	1.32416995271775	80
0.08238303632305	2.06820554316014	18
0.065467923948906	2.12388955621319	18
0.067435982021269	2.19450577476934	18
0.0998014009082731	2.04701789661597	103
0.084500194595213	0.583737580326332	12
-0.0692895683092321	1.21273930262182	103
0.096544687152223	1.12711475488786	12
0.084371226517559	0.583859348821932	12
0.069990848799571	1.25230661659655	80
0.100306092065895	2.1887443780779	18
-0.023423353476818	1.3306944835772	12
0.115158926265748	0.797084598437523	80
0.00271114991597599	0.697772920055963	103
0.00294908055527099	0.697737592033022	103
-0.103977036930142	1.16148467356945	103
0.029735759143123	1.90440510198393	12
0.02040398870506	0.99715781007937	12
0.00291240882119304	1.41916285673384	80
0.101655225066754	0.696139451980418	80
0.097747123865534	1.79382667799652	18
0.017963326955765	0.441341043477748	103
0.082309125027744	0.99336127215643	12
0.073138695785644	0.926502817645364	103
0.017992995459897	0.441102845894737	12
-0.016281321352695	0.662925995029655	12
0.063343219674838	0.508238057982816	80
0.100819521884577	2.1858941552511	18
0.032528479788812	2.31393340278292	18
0.106717330508274	0.73028692914344	103
0.0631067478976231	0.508419637507065	103
-0.055298663154537	1.23985916074529	12
-0.102604151174065	0.785927542903538	12
-0.111725720391406	1.32343199998537	12
0.067025037993921	0.895194941131597	103
0.042573673967224	1.09336480842525	103
0.084204331235085	0.583989672620801	12
0.030318066175677	0.76741538842748	12
-0.03812077431086	0.414038094571237	12
0.101921620494001	0.69495614419581	12
-0.00548402666551995	1.39040177300817	12
-0.0163615331599321	0.663054207629342	103
-0.104251130457006	1.16192217547769	12
-0.057559708911809	1.43515983278057	12
0.048091133154588	0.471042169258016	12
0.120772496556823	0.863761313473001	12
0.0177143011176401	0.441519104636812	12
-0.038222961863263	0.414264406349458	12
0.084519064067727	0.583713359197363	12
-0.016335915718494	0.662959083307172	80
0.0751526903693121	0.545617365600518	80
0.0525714390868281	1.84243841669534	18
0.009668997909826	0.968557449629606	12
0.042573673967224	1.09336480842525	12
0.101618548979437	0.696204577260159	12
0.064603640757958	1.2218226862492	12
-0.10237436794994	0.785486517852404	12
0.048159832487555	0.470997103993803	12
0.036367829978823	1.06033006883637	80
0.09101257937746	0.622399868172444	80
0.063199066387906	0.508334523103492	103
0.117897910378951	0.830388412750211	103
-0.102623254532969	0.78578711733964	12
-0.033190742077624	0.879521667621264	12
0.026437560950939	1.28968229105051	80
0.101734786271922	0.695881018030326	80
0.096545392504077	0.659943711696897	80
0.017857684891732	2.44849098779162	18
0.077783562675242	0.960526048198246	12
-0.016335915718494	0.662959083307172	12
0.120986454397159	0.86316433386495	80
0.030267446983573	0.767524505470819	80
0.00303400169895096	1.41894172453452	103
-0.02520324269526	1.1037055192052	103
0.059587210401438	0.864461764795493	12
0.096193410634143	0.66013025478103	12
-0.095597124990144	1.34986554193951	12
-0.095849867244281	1.35060532139545	80
-0.051589579730977	0.847760717326087	80
-0.00279567265927205	2.47874691204048	18
0.048114455422043	0.470937287450026	103
0.059603011798249	0.864321106077235	103
-0.033255464639919	0.879557123819165	12
-0.093990827409125	0.995598102864822	12
-0.074276944220782	0.816610642593843	12
-0.069241967335429	1.40731552049673	103
0.115048379580401	0.797251752187961	103
0.0866344715447011	1.33592222703586	12
0.109050686717487	1.21678910433212	12
0.041127216408995	0.801029741977259	12
0.0843932388020811	0.583891294044359	12
0.053963447085224	1.15813083623525	80
-0.118234459093518	0.967651830842549	80
0.066866784974543	0.895858274606413	80
0.030267446983573	0.767524505470819	80
0.063172144305836	0.508381075212563	103
0.063264431112624	0.508322918373419	103
-0.11845294692131	0.967898691134635	12
0.059170081244318	1.19054253308232	12
0.115048379580401	0.797251752187961	12
0.00286291108509595	0.697800159750851	12
0.101618548979437	0.696204577260159	12
0.01777731021038	0.441303913539979	12
0.048045794888565	0.470997917343372	12
0.096555055186716	1.12719850654615	80
-0.0694155984335461	1.21261994553061	103
-0.104133109257504	1.16198400416238	103
-0.06917610622888	1.40728223849305	12
0.0409500888469499	0.801346017915586	12
-0.0729066798451971	1.02261508743757	12
-0.038612577316588	1.07603785305031	80
0.018120754932501	0.732594284903955	80
0.096682380817284	0.659672230044936	103
0.096527948656722	1.12730614632357	103
0.115304000732515	0.796631811155027	12
-0.102708246520331	0.785897774579404	12
0.065125722415098	2.12545414513458	18
-0.085110011545114	1.18607356027983	103
-0.098786150558657	1.86246932381578	103
0.0507784561049071	0.833412662069903	12
0.115082903568146	0.797182008122016	12
0.096546697660333	1.12720510206453	12
-0.078873305443085	1.57227572297519	12
-0.017042995043463	0.910049084680373	80
0.111306388860324	0.763884141915328	80
-0.055226104795598	1.23959778209915	103
-0.05537273542711	1.24012852966739	103
0.036286171226996	1.06049507382394	12
0.00461968864659401	1.19461067115183	12
0.072858444800004	0.927936580621221	12
-0.124319249984113	1.65629695129246	103
0.00464482919864795	1.19457123397653	103
0.040363574277434	1.34816794770986	12
0.116762301919372	1.62906926993513	12
0.115290110874545	0.79631781621454	12
0.121060600045943	0.862742652711881	12
0.10048282883524	1.15843507574449	12
-0.0817322200562161	1.37847386455432	80
0.00307655204450696	1.41887052000248	80
0.101568040044437	0.696317763664638	80
0.116299812352822	1.84954174935207	18
0.089214991439192	1.06199836419131	12
-0.017126932259607	1.54733399609416	12
0.00452861430862095	1.19478192730293	12
-0.054231524038976	1.04837697847007	80
0.050801784186238	0.833324789493295	80
0.106467457898179	0.730947526364226	103
-0.038858579490557	1.82060189191932	12
0.076717700186235	1.81504870157099	12
-0.081586698901031	1.37783847498953	12
-0.102415268225124	0.785666912193693	80
0.09657069967864	0.659939226936215	80
0.063394965740158	0.508064277585327	103
-0.057530701207418	1.43578781045534	103
0.124126091952116	0.933099419894389	12
0.017768719325702	0.732986033736395	12
0.0302746101922871	0.76738464964987	12
-0.0749646380190711	0.599304485288219	12
0.017807134329266	0.441473163114747	12
-0.102604151174065	0.785927542903538	12
0.115086391559744	0.797222764842826	12
0.096390110203415	1.12781660284484	80
-0.067196143241181	1.59870696868772	80
0.041066073762603	0.800951934763787	103
0.091404661651203	0.621955343661036	103
0.011040192943452	1.44772925526706	103
-0.074321776684566	0.816464432517311	12
0.075046740623488	0.545717615515664	12
0.0964777927641119	1.12740488719633	12
0.122711061364197	0.897178518855294	80
0.106521662212925	0.730769002674578	12
0.0843932388020811	0.583891294044359	103
0.040988741716828	0.801264572434265	103
0.027468493630273	1.49829678590501	103
0.099206562886803	1.82433816770822	12
-0.0754029400831731	0.599705268512402	12
0.084308290447826	0.583914618045903	12
-0.112104934357571	1.32467693252904	80
-0.016883202238715	0.909651878431025	80
0.096504635821028	0.660029290410333	103
0.041060664401423	0.801122703678353	12
-0.0136213960764739	1.35800481723292	12
0.115082903568146	0.797182008122016	80
0.096352093835923	0.660124404292348	103
0.106410855562397	0.731014996816122	103
-0.051523434977558	0.847573144561789	103
0.113241522910013	1.24498276638762	103
0.07532946281838	1.28208449831245	103
0.122368373859279	0.898507835644223	12
0.048052963427586	0.470904281816488	103
0.124292580575518	0.932731282728327	12
0.064170000761931	1.65274875790567	12
-0.074056657166924	0.81638992795693	12
-0.07262331176257	1.02234309930215	12
0.111143784149882	0.764230476341464	80
0.063250955301187	0.508320544769257	80
0.091600407510906	0.62140362472847	103
-0.118341291598363	0.967656052372211	103
-0.054238254417617	1.04886284514049	103
0.091425427238918	0.621915360766391	103
0.096504635821028	0.660029290410333	12
0.116684318736576	1.73927070956152	12
-0.038719637698417	1.07613925748687	12
-0.09830764845916	2.01027131136368	12
0.091077980933823	0.622380620436406	80
0.0486478600699231	1.57343320285093	12
-0.0295150462301	1.84336870872727	12
-0.017081600580887	0.909950495542739	12
-0.036696003371426	1.49366378871327	80
0.124292580575518	0.932731282728327	103
0.0893956536087161	1.0611867041479	103
0.03064496379149	2.27955554482481	12
0.120755362689707	0.863758001106822	12
0.00467962417925605	1.97304912417602	103
0.073012734226058	0.927526591685462	12
0.012219612854841	1.22680346715545	12
-0.111890959566259	1.32445337085861	12
0.101667543248216	1.41344862879378	12
-0.108829505721565	2.28373645284507	12
0.100248795011208	1.15891687807552	80
0.111214832851478	0.764139415462275	12
-0.055946601717951	2.28083859757649	12
0.047414319631403	1.37551251160459	12
0.111123289706496	0.764273865968177	12
0.084500194595213	0.583737580326332	12
0.07536728970497	1.77948565269848	80
0.08221241101027	0.993922046745771	80
0.063199066387906	0.508334523103492	103
-0.041824711396637	0.630454044297698	103
0.0843302922197891	0.583946577934216	12
0.045668612946193	2.14805136826953	12
0.116822943619778	1.84712903725009	12
0.034588007394033	1.52515688966331	80
-0.059971238139461	1.77476419299177	103
0.048501941533327	1.12607546699595	103
0.0508627674846061	0.833146652071288	12
-0.102645204396027	0.785905962761285	12
0.091143360720645	0.622339256267809	80
-0.072556294924683	1.02206572690046	103
-0.038754157663335	1.07612736507647	12
0.030064978116923	0.767718023455184	12
0.00470030613883798	1.19437472738148	12
-0.069201553094239	1.2123760911246	103
-0.041982672273346	0.630647826107759	12
0.00960586711727096	2.00210440328982	103
0.086575745525604	1.5587808851433	12
0.075234323214785	0.545649823465162	12
0.124045519738273	0.933281205527403	80
-0.118193639208266	0.967467872110204	103
0.075287287517624	0.545564195725926	103
-0.043063824884121	1.96589322479763	103
-0.054509703753986	1.04891041336246	103
-0.042029090058758	0.630725452876737	12
-0.051589579730977	0.847760717326087	103
-0.072878319375258	1.02251095255377	103
-0.016334235224492	0.663007552598854	12
0.106472594652315	0.730996143549834	12
0.0507784561049071	0.833412662069903	80
0.075099719386491	0.545679040142965	12
-0.00290738752929498	0.939148372688724	103
-0.0386505890528091	1.07608440185804	103
-0.057686624293577	1.43571139753787	103
-0.095874508336688	1.35070110658566	103
-0.026801936354091	1.52127487746342	103
-0.016520318870356	0.663134379752832	103
-0.074166731286506	0.816592436654914	103
-0.12437671155251	1.96805378669789	103
-0.00396091450672498	1.16293670207812	103
0.100841330929186	2.46586696350302	103
-0.00372554348756804	1.16198974414266	103
0.116275949639576	1.63117779914932	103
-0.072806187928571	1.02259290000407	103
-0.025101295301595	1.10313548521176	103
0.04084488936258	0.80133193786774	103
0.049862662376288	2.25556326679623	12
0.11613311449789	1.63145544307249	12
0.030159069318855	0.767629011155119	103
0.0841603651283021	0.583864902586556	103
0.075234323214785	0.545649823465162	103
-0.043752149958988	1.26972653554513	103
0.002112793465886	1.76570480515398	12
0.106573090148683	0.730733618380338	103
0.091644799878974	0.621144583586166	103
-0.074056657166924	0.81638992795693	103
0.066731561842556	0.89614612927632	103
-0.072929715278671	1.02237793588627	103
0.124353326185731	0.932546798910183	12
0.101416518534445	0.696530628409834	103
0.063421972840391	0.508127690026033	103
0.048091133154588	0.471042169258016	12
0.11519345212268	0.796995116441068	12
0.091617598820105	1.36290289698949	103
-0.058983006607339	2.48111226450327	12
-0.124253937336684	1.65596892359926	103
0.032514605461812	2.31413083804628	12
0.054748895555137	1.59766012206593	12
-0.068998338045189	1.21186110258123	12
-0.086232884214021	2.02921991258104	103
0.059631260375782	0.864406014988219	103
0.042079535826271	1.54877302311346	103
-0.057680228798546	1.43629199943194	103
-0.04325630219579	1.26842207863533	103
0.069256040023335	2.30256003458918	103
0.100233454783019	2.18906256243236	12
0.028954296636671	1.0285308452082	103
0.001233289343055	1.59752160302704	12
-0.05771549202767	1.43639673957443	103
0.084434139955068	0.583781834448672	12
0.017914928832515	0.441120871664386	12
-0.038232305482405	0.414275835906919	103
-0.036687095606699	1.49344713815458	103
0.0363185482017721	1.060396685606	103
0.063473657557236	0.507925612342817	103
-0.051808408102043	0.848128932209231	103
-0.042029090058758	0.630725452876737	103
0.091122632222559	0.622335582429877	103
-0.032736749902072	1.29961041766299	12
0.098151640300484	1.86805441385023	12
0.084603981980349	0.583572903561045	12
0.101589503540426	0.696178267004561	12
0.017963326955765	0.441341043477748	103
0.093478684248398	1.6543633138806	103
0.00440302024980399	1.19497108649364	103
-0.102311488236569	0.785296260314082	103
0.018100545250654	0.732585978686206	12
0.091229452906914	0.622236320719878	103
0.075287287517624	0.545564195725926	12
-0.075240015986526	0.599593248021543	12
0.063093297955259	0.508417242046547	103
0.030202611170759	0.7672039451182	103
0.073078764454248	1.74695489335632	103
0.064620858463244	1.22197512466458	12
0.0301084413714871	0.767689363487349	12
0.096611469191095	0.659853640291209	103
-0.0164930216918751	0.663087724450388	12
-0.072767564411144	1.02262963143096	103
0.073058385773918	0.927397614354712	12
-0.00550913717983004	1.39052223398938	12
-0.075142928248916	0.599571444913089	103
-0.072801060821945	1.02266537964766	103
0.017875477368701	0.732920077295328	103
0.101517531985938	0.696409457912416	103
-0.016849838063258	0.909603690889478	103
0.033618525887923	1.31867484186122	103
0.074942174040501	0.545763158963254	103
-0.04176434001203	0.630299228341388	103
-0.093753601208443	0.994936110866735	103
0.0845410928024371	0.583697557335818	103
-0.00266266410985305	0.939349280187943	103
0.072872586386494	0.927893000038633	12
0.106688959278513	0.730434799481231	103
-0.072661932213419	1.0224398466382	103
-0.085359028117235	1.18678422852048	103
-0.016310304284051	0.662761454214825	12
-0.0384550952589881	0.414291169728785	12
0.10166150453791	0.695804402445195	103
0.028768662639584	1.02856558869351	103
0.063329730916325	0.508235697146491	103
-0.075135049387965	0.599550836734038	12
0.104497308713118	1.18877061643146	103
-0.026670835476559	1.5209176384589	103
-0.011425784407589	2.10671845950144	103
-0.102390285219487	0.785012716812973	103
0.026437560950939	1.28968229105051	103
0.096479300764425	0.660012762681798	103
-0.085255128609124	1.1866194626694	103
0.106578207080757	0.730783485480508	103
-0.074146040742489	0.816512466993869	103
-0.104169479454203	1.16147980449038	12
-0.11883935879562	1.48958761844529	103
-0.063740284786861	2.44647065332188	103
0.115051871036953	0.797273144851552	12
0.106573090148683	0.730733618380338	12
-0.075232150203982	0.599654790054676	12
-0.052053036066266	0.84825042052051	103
0.00955468462208298	0.968525010918487	103
-0.00576173651293199	1.3907413957972	103
0.047206352665253	1.37638955079718	103
0.053976238058846	1.15861769269019	12
0.100397715227084	1.15869565659715	103
0.046827209261159	1.37710641086235	12
0.036514263155616	1.05992963493217	12
0.020047326620403	0.998279027251714	12
0.080756598810713	1.3098138603265	103
0.017807134329266	0.441473163114747	103
0.029002996225365	1.0283782794719	12
0.115017353410534	0.797304338435852	103
-0.074875569768949	0.599111080191056	103
0.018041660723745	0.441230120289073	12
0.075287287517624	0.545564195725926	103
0.096479300764425	0.660012762681798	103
0.048091133154588	0.471042169258016	103
-0.0420430831368011	0.630677137943554	103
0.069869106836112	1.25271230925744	12
-0.093724565567512	0.995046186482964	103
-0.038232305482405	0.414275835906919	12
0.091098694249095	0.622340682489739	12
0.101731848825767	1.41309301017412	12
0.091274054880803	0.622191717871612	103
-0.017065914392792	0.91011161215185	12
-0.013872734351184	1.1328356317241	12
-0.043428218187988	1.26928711148367	103
0.00121068277654302	1.59650197920335	103
-0.118864541085984	1.48951293979478	103
0.124322964582479	0.932666999828739	103
0.082727731530987	1.5307995085135	12
0.057945870922586	1.90688211166143	103
-0.068904854296219	1.40645820185378	103
0.111208498483671	0.763994576172531	103
-0.072713327930039	1.02213047766396	103
0.075234323214785	0.545649823465162	103
0.124126091952116	0.933099419894389	103
-0.081557286757911	1.37704489380414	103
-0.0141318658167791	1.36034093514612	103
0.019752643845461	1.2573190858015	12
0.0812764954855511	1.30863463283982	103
-0.023389948059492	1.3306860976005	103
-0.060505038381671	1.77807860319282	103
0.027247641591823	1.49928417881118	12
0.041595312396647	1.54931623569225	12
-0.00541508265400503	1.38998670989065	103
0.124211984500425	0.932967959616007	103
0.118389285832159	0.829962325025715	103
-0.057491210243946	1.43547545137238	103
0.011088791135466	1.44748553930274	103
0.058379256443348	2.49304287413621	103
0.03348822177314	1.31917055641151	12
0.114982838651213	0.797316343227134	103
0.089183599665323	1.06223378768913	12
-0.0250978598930151	1.10347675563196	103
-0.00399325468795098	1.16291748830087	103
-0.0253294983549111	1.10385664669217	103
0.00431723741335899	1.19521929028658	103
-0.032495342646902	1.29856830088722	103
-0.079050525333313	1.57238223076074	103
-0.0329811346407261	0.879109835102303	103
0.08584592082694	1.02814629300857	103
0.00316339246913699	0.697370404864275	103
0.111232150324555	0.764003500086687	103
0.019333417793051	1.47386517098407	12
0.115013858533517	0.797302130322379	103
0.066870070732413	0.895937121976554	103
-0.124061680543211	1.65582943337119	103
-0.023497971098545	1.33071354593262	103
0.120664093479715	0.863928912406167	103
0.026951810498993	1.50029866501777	103
-0.10235235414452	0.785514109137052	103
0.10143796399458	0.696454001076441	103
0.077914742430417	0.960538168092364	103
0.114979340398373	0.797333322539547	103
0.101835778802577	2.24996310409695	103
0.108981620194163	1.21711721253905	103
0.0410274033549331	0.801134420971553	103
0.089146281204208	1.0622923130373	103
0.079026096647512	1.88646408073641	103
0.07288672063133	0.927783439690302	103
0.120755362689707	0.863758001106822	12
-0.051981404921415	0.847985376117397	103
-0.11952466866119	1.49009993017052	103
0.0727954420109031	0.927977443523826	103
0.019572260287078	1.25797506868612	103
0.00450875125809003	1.19493064688676	103
0.00973416960192497	0.968299835530128	103
0.108576426064362	1.21829181010939	103
0.11125581079751	0.763992833069648	103
0.075181351138205	0.545711507796161	103
-0.081738682483689	1.37853656814041	103
-0.110274903612087	1.68237022879746	103
0.060283873654437	1.42999512212424	103
0.118315437422708	0.830099179731866	103
0.042709950462107	1.09322180810346	103
-0.016960511410826	0.910003387790672	103
0.042548502722246	1.09330467662956	103
-0.069266951645184	1.40748057634623	103
0.00293672729709604	1.41911810654229	103
0.0822845260848391	0.99325917333187	103
0.116618184793858	1.81207920744968	103
-0.087075054299896	2.17540163920331	103
0.12418158743058	0.93299502262236	103
-0.117929675030174	0.966650778077541	103
0.104278677962208	1.18953989999336	103
0.0363185482017721	1.060396685606	103
-0.043549472557581	1.26968909125998	103
0.028571976616086	1.02885804782817	103
-0.057754982694575	1.43638502360008	103
-0.0689601553810389	1.40670227611594	103
-0.104599515722315	1.51752019927511	103
0.00914508513960499	2.00425323511488	103
0.116128645281651	1.95667657324252	103
0.124192103613007	0.932890557622285	103
-0.054187416727964	1.0483573533087	103
-0.00277467314518598	0.939505288758611	103
0.026402680621628	1.28978567920509	103
0.11502085193993	0.797247926350976	103
-0.074056657166924	0.81638992795693	103
0.0729072738464	0.927611690399524	103
0.091167236068756	0.622220304538874	103
0.122173072837486	0.898592260415899	103
0.0631067478976231	0.508419637507065	103
0.091357004962392	0.621738986772904	103
0.059237536258994	1.19096519449917	103
-0.016574907106478	0.663033619029199	103
0.0914935934130811	0.621562684135761	103
-0.0169323535924441	0.909969798012273	103
0.030216828572321	0.767608928160328	103
0.120681218978383	0.86389504445934	103
-0.038654071680585	1.07600259679399	103
0.028726117215276	1.02892757014913	103
0.08441825342715	0.58359308397199	103
0.060170725101961	1.43022487241132	103
-0.0163615331599321	0.663054207629342	103
0.106356711728705	0.730905009139711	103
0.077832935012163	0.960643017421814	103
-0.054359882306979	1.04864995290288	103
0.050643132718631	0.833400353002629	103
-0.124064084729951	1.65586796618727	103
-0.051640719362645	0.84742512694835	103
0.00105593768146195	1.59815130080865	103
-0.0364967916845	1.49263093972151	103
0.096657140778425	0.659805941212877	103
0.0425550839202981	2.07519296496502	103
0.037932210587439	1.71739771783558	103
0.082098772900553	0.994177509644416	103
-0.00270408236602504	0.939260076031647	103
0.075218277178697	1.28218990899527	103
-0.0842149384611121	1.73163389481642	103
0.017768719325702	0.732986033736395	103
0.0843932388020811	0.583891294044359	103
0.07822512542508	0.959703784074155	103
-0.081743908994295	1.37830995155201	103
0.048428344161256	1.57369172025392	103
0.036065866603699	1.06065262210592	103
0.120626534735461	0.863952346803874	103
0.118175131290744	0.83041232827605	103
0.091229452906914	0.622236320719878	103
0.101286432440022	0.696543038899367	103
0.04083951622722	0.801347910398527	103
0.115244738554297	1.56053410164077	103
0.059699213802682	0.864217545723177	103
0.01115250804054	1.44746624811025	103
0.00554637755806198	1.96940270788582	103
0.115127895440262	0.797097661927264	103
0.019411672347306	1.47366470760816	103
0.048466337437542	1.12622208327257	103
0.066870070732413	0.895937121976554	103
0.084519064067727	0.583713359197363	103
0.084500194595213	0.583737580326332	103
0.053679627780347	1.40374927212483	103
0.082488841406285	0.992961465784916	103
-0.085185848789892	1.1863647526785	103
-0.073991306393046	0.816234952867646	103
0.030318066175677	0.76741538842748	103
0.011319546791956	1.44651768920146	103
0.048030140972728	0.471086554526434	103
0.00301461825294003	0.697663368297709	103
0.048717876935896	1.12561900807949	103
0.111140656006271	0.764099137704296	103
-0.069198288408785	1.21260371707587	103
0.0908817110629641	0.622366984737751	103
0.076404960961895	1.81601863208564	103
-0.055754125598577	1.62495961847567	103
0.118083843580105	0.830502237996785	103
-0.091488475012752	1.54458438420241	103
0.106467457898179	0.730947526364226	103
-0.085362318275914	1.18680487644342	103
0.00322619478161601	0.697217532176898	103
0.096529920771235	0.659845262382997	103
0.00451392730699396	1.19469895360867	103
0.047104453645244	1.37659574363974	103
-0.081569746461703	1.37805605078398	103
0.085876268214269	1.02809026303862	103
-0.00589003955761203	1.74261800354881	103
0.018100545250654	0.732585978686206	103
0.099681888375437	2.01095669558725	103
0.028634853120325	1.02892658963358	103
0.026518159389702	1.2892657972455	103
0.077475675422518	1.81132952073418	103
0.070299868055403	1.25071432210914	103
-0.00413169066637598	1.16330709638818	103
0.072826945029969	0.92797949832754	103
-0.046889659222567	1.46525380789086	103
0.040337100387317	2.04126330451656	103
0.082106482963932	0.994089787277874	103
0.075363935002157	1.28198044850718	103
0.111326844547221	0.763842207018556	103
0.017962056258793	0.732767940869475	103
0.106472594652315	0.730996143549834	103
0.094202185361392	1.65217745092238	103
-0.0241433697058721	1.69695789760462	103
0.077857609293188	0.960631718012069	103
-0.033053272251413	0.87930554498685	103
0.00301461825294003	0.697663368297709	103
0.017651574411606	0.441465173551282	103
-0.037999701638591	0.413940026884914	103
0.033547584526709	1.3184673596424	103
-0.025052210190354	1.10330632534201	103
0.106511239233643	0.730937039839339	103
-0.091057339642141	1.54354761247885	103
0.059566781172251	1.9424385689989	103
0.082276906488531	0.993614238844972	103
-0.054370660518772	1.04891581862762	103
-0.102371276659045	0.785502406310806	103
-0.074056657166924	0.81638992795693	103
-0.041968693252402	0.630667165648645	103
0.078103047143019	0.959999096534797	103
0.118266423815382	0.830246937213061	103
-0.043630823471366	1.26975729281268	103
0.069986172106877	1.25257846478114	103
0.00981037392180095	0.968156161185521	103
0.098940790618756	1.86485712869129	103
-0.00558642093707795	1.39058586586069	103
0.089322319291663	1.06187486360258	103
0.111306388860324	0.763884141915328	103
0.101416518534445	0.696530628409834	103
0.041022013287219	0.801252841972289	103
0.050752897695814	0.833511681599796	103
-0.0267270173458229	1.52073029291645	103
0.063500690585278	0.50798896479976	103
0.063329730916325	0.508235697146491	103
-0.06916678374173	1.21246992690346	103
0.02011292751588	0.998196937494472	103
0.122889795717361	0.897098826327411	103
0.122555922194187	0.898137987802473	103
0.017900032419528	0.441350213980641	103
-0.051986780795005	0.848266740933482	103
-0.051548948860771	0.847598546590723	103
0.101618548979437	0.696204577260159	103
0.017963326955765	0.441341043477748	103
0.083493453926075	2.06254734308566	103
0.00960016490921101	0.968637532039267	103
0.063408471126852	0.508125343240681	103
-0.00255602727209103	0.938556574382419	103
0.097180411672024	1.7186044574878	103
0.118385873862672	0.829641034423249	103
0.075234323214785	0.545649823465162	103
0.084481242056007	0.583537769419985	103
-0.0204733190295821	1.86393808129512	103
-0.104765165503854	1.51780390702283	103
-0.112073486969758	1.32467292917833	103
0.105277747718108	1.44124978087112	103
0.094561406184224	1.6498700477105	103
0.019387382063104	1.25829151053886	103
-0.069306942758276	1.21276387220846	103
0.082009662831658	0.99427443025629	103
0.082709873936716	1.53101062043211	103
-0.046969863061808	1.46534321143114	103
0.116129888988109	1.991345894131	103
-0.003953208873544	1.16293828498336	103
0.089216976913623	1.06211101592047	103
-0.085227041977842	1.18621709612222	103
0.09294566786224	1.09472183004466	103
-0.043305382818958	1.2689759875726	103
0.00461968864659401	1.19461067115183	103
0.064490640600209	1.22243403447138	103
0.020230284248981	0.997918159962934	103
0.064612248735211	1.22190929646768	103
-0.018341570715281	2.30722245842862	103
