x	y	clickSelects
0.11219813888498	1.19730010441067	9
0.06652179801436	0.589470978357053	9
0.05832400447743	0.79777889706228	10
0.0929896814290101	1.01511461811393	10
0.0582951134101599	0.797784880803241	10
0.0669079876023899	0.590129049397097	19
0.0400757313518501	0.361162560899904	107
0.04035320892594	0.361169722228799	107
0.03995666139643	0.361009605400419	107
0.01775514367867	1.31681679420971	10
0.04035320892594	0.361169722228799	10
-0.0378356869230301	0.970853229111692	13
0.06754699712777	0.590324009457586	13
-0.0954149203138901	1.10902660350339	5
0.0404719114938299	0.361322640689658	5
0.04035320892594	0.361169722228799	3
0.04035320892594	0.361169722228799	22
0.0404719114938299	0.361322640689658	3
0.0404719114938299	0.361322640689658	148
0.0400757313518501	0.361162560899904	155
0.0666544403313301	0.59000828848376	38
0.0666544403313301	0.59000828848376	38
0.0405904054674899	0.361273728188317	75
0.0666544403313301	0.59000828848376	75
0.0581070063731699	0.797487899674034	75
0.0405904054674899	0.361273728188317	28
0.0405904054674899	0.361273728188317	16
0.03995666139643	0.361009605400419	31
0.0405904054674899	0.361273728188317	6
0.0400757313518501	0.361162560899904	6
0.0404719114938299	0.361322640689658	6
0.0928959523292201	1.01499095487319	50
0.0405904054674899	0.361273728188317	50
0.0405904054674899	0.361273728188317	50
0.06640050781925	0.589791315671906	50
-0.0951641281873601	1.10916123929984	50
0.11841370585021	1.36328124103043	50
0.03995666139643	0.361009605400419	50
0.0657592596523799	0.589174142486685	50
-0.0377494238306	0.971192499435083	50
0.0660138251920299	0.589391230638723	10
-0.0375552278978399	0.971348728509458	10
-0.0953091164470401	1.10916330782568	115
0.05806373276334	0.79713982138369	115
0.05822273219915	0.797691987551502	10
-0.0996297969318301	0.774437355317741	10
-0.00399415082933996	1.14588779083778	5
0.0660138251920299	0.589391230638723	19
0.0400757313518501	0.361162560899904	426
0.11220611551615	1.19737223627029	5
0.0400757313518501	0.361162560899904	107
0.04019459198889	0.361113808702474	107
0.0404719114938299	0.361322640689658	107
-0.10020639985157	0.773743447762429	10
0.0405904054674899	0.361273728188317	5
0.06640050781925	0.589791315671906	178
0.0661461894111901	0.58941996665963	5
0.0666544403313301	0.59000828848376	3
0.0404719114938299	0.361322640689658	3
0.0404719114938299	0.361322640689658	3
0.0400757313518501	0.361162560899904	148
0.05835291915452	0.797338851830935	23
0.04035320892594	0.361169722228799	38
0.0928959523292201	1.01499095487319	75
0.04035320892594	0.361169722228799	75
0.03995666139643	0.361009605400419	75
0.06729408016793	0.590203599966043	75
0.0405904054674899	0.361273728188317	75
0.0400757313518501	0.361162560899904	403
0.04035320892594	0.361169722228799	16
0.0404719114938299	0.361322640689658	31
0.0405904054674899	0.361273728188317	31
0.05832400447743	0.79777889706228	6
0.0660138251920299	0.589391230638723	50
0.04035320892594	0.361169722228799	50
0.04019459198889	0.361113808702474	50
0.11212966873912	1.19733244835361	50
0.06729408016793	0.590203599966043	50
0.0404719114938299	0.361322640689658	50
0.0400757313518501	0.361162560899904	50
0.06704077902752	0.589986987289273	9
0.0582516470812999	0.797772341886517	10
0.0666544403313301	0.59000828848376	10
0.05820827665872	0.79742393937989	10
-0.0997349038953601	0.774341633185776	10
0.0661461894111901	0.58941996665963	10
-0.03764100734363	0.971148479720349	10
0.0669079876023899	0.590129049397097	10
0.0584399501503501	0.79769982874826	10
0.0666544403313301	0.59000828848376	5
0.0584399501503501	0.79769982874826	133
0.0400757313518501	0.361162560899904	426
0.0405904054674899	0.361273728188317	426
0.11224436008658	1.1972638547983	13
0.04019459198889	0.361113808702474	178
0.06729408016793	0.590203599966043	3
0.0400757313518501	0.361162560899904	22
0.0405904054674899	0.361273728188317	3
0.04035320892594	0.361169722228799	148
0.05832400447743	0.79777889706228	157
0.0404719114938299	0.361322640689658	75
0.0404719114938299	0.361322640689658	75
0.06704077902752	0.589986987289273	75
0.04035320892594	0.361169722228799	75
0.0404719114938299	0.361322640689658	16
0.0582516470812999	0.797772341886517	16
0.04035320892594	0.361169722228799	6
0.11838646618932	1.36382581239861	6
0.0666544403313301	0.59000828848376	50
0.05832400447743	0.79777889706228	50
0.11216788507174	1.197393867706	50
-0.0376847296890701	0.971317789997125	50
0.09307053574539	1.01506199733172	50
0.0404719114938299	0.361322640689658	50
0.04035320892594	0.361169722228799	50
0.05819384091091	0.797199179169602	24
-0.0562805553753201	1.76815098586625	24
0.0400757313518501	0.361162560899904	153
0.0666544403313301	0.59000828848376	9
0.0404719114938299	0.361322640689658	10
0.11215994324786	1.1972387166861	10
-0.0560270524319499	1.76772054756414	115
0.0583963866130599	0.797687194353385	115
0.06704077902752	0.589986987289273	10
0.11216788507174	1.197393867706	5
0.0400757313518501	0.361162560899904	133
0.0404719114938299	0.361322640689658	252
-0.00406904319074997	1.14524319683518	426
0.06626800442765	0.58951227776968	107
0.04019459198889	0.361113808702474	107
0.0400757313518501	0.361162560899904	178
0.0405904054674899	0.361273728188317	3
0.06729408016793	0.590203599966043	22
0.06704077902752	0.589986987289273	3
0.04019459198889	0.361113808702474	148
0.0404719114938299	0.361322640689658	148
0.04035320892594	0.361169722228799	16
0.06640050781925	0.589791315671906	31
0.0176945665369199	1.31667104625431	6
-0.00372472551665992	1.14617763393206	50
0.0666544403313301	0.59000828848376	50
0.06754699712777	0.590324009457586	50
-0.10021485757782	0.773583964004878	50
0.0404719114938299	0.361322640689658	50
-0.0996297969318301	0.774437355317741	24
0.0582805855647599	0.797430473384385	24
0.0404719114938299	0.361322640689658	9
0.05822273219915	0.797691987551502	9
0.0404719114938299	0.361322640689658	10
-0.0953883297057601	1.10900921430707	52
0.06729408016793	0.590203599966043	5
0.0405904054674899	0.361273728188317	252
0.0405904054674899	0.361273728188317	136
0.04019459198889	0.361113808702474	3
0.0400757313518501	0.361162560899904	22
0.0404719114938299	0.361322640689658	148
-0.0997436122822399	0.774418861125706	155
0.06704077902752	0.589986987289273	23
0.0404719114938299	0.361322640689658	38
0.11853232022508	1.363809344998	157
0.0347914132198801	1.48877720275613	23
-0.0997436122822399	0.774418861125706	23
0.0400757313518501	0.361162560899904	75
0.03995666139643	0.361009605400419	75
0.0404719114938299	0.361322640689658	28
0.0404719114938299	0.361322640689658	28
0.0400757313518501	0.361162560899904	16
0.04035320892594	0.361169722228799	31
0.0404719114938299	0.361322640689658	31
0.0400757313518501	0.361162560899904	31
0.0404719114938299	0.361322640689658	50
0.0404719114938299	0.361322640689658	153
0.01775514367867	1.31681679420971	9
0.0404719114938299	0.361322640689658	9
-0.10009301784278	0.773998601930091	9
0.0404719114938299	0.361322640689658	10
0.0666544403313301	0.59000828848376	10
0.06704077902752	0.589986987289273	115
0.0400757313518501	0.361162560899904	115
0.0404719114938299	0.361322640689658	10
0.05817931439108	0.797679491776654	10
-0.0377494238306	0.971192499435083	5
0.0404719114938299	0.361322640689658	252
0.03995666139643	0.361009605400419	252
0.03995666139643	0.361009605400419	252
0.06640050781925	0.589791315671906	426
0.0404719114938299	0.361322640689658	5
0.04035320892594	0.361169722228799	389
0.0582951134101599	0.797784880803241	10
0.04035320892594	0.361169722228799	178
0.04035320892594	0.361169722228799	5
0.0405904054674899	0.361273728188317	22
0.04035320892594	0.361169722228799	22
0.04019459198889	0.361113808702474	148
0.04035320892594	0.361169722228799	148
0.0404719114938299	0.361322640689658	38
0.04019459198889	0.361113808702474	75
0.0404719114938299	0.361322640689658	75
0.03995666139643	0.361009605400419	75
0.0660138251920299	0.589391230638723	75
0.0404719114938299	0.361322640689658	75
0.0405904054674899	0.361273728188317	28
0.04035320892594	0.361169722228799	28
0.0666544403313301	0.59000828848376	28
0.0404719114938299	0.361322640689658	31
0.04019459198889	0.361113808702474	31
0.0405904054674899	0.361273728188317	31
0.0671611502856	0.590087165510619	6
0.0657592596523799	0.589174142486685	50
0.05832400447743	0.79777889706228	50
-0.0993930088925701	0.774381147082806	50
0.11209146650402	1.19718453032602	50
0.12251955191022	1.53139961388408	9
-0.09975230417822	0.774274178577378	10
-0.0996210340312	0.774433753881929	133
0.0928699186772299	1.01401546247052	252
0.0405904054674899	0.361273728188317	426
0.0400757313518501	0.361162560899904	426
0.0404719114938299	0.361322640689658	5
0.0404719114938299	0.361322640689658	107
-0.0997436122822399	0.774418861125706	13
0.04019459198889	0.361113808702474	13
-0.0998486787805399	0.774176029611433	13
0.06704077902752	0.589986987289273	3
0.03995666139643	0.361009605400419	22
0.04035320892594	0.361169722228799	148
0.0404719114938299	0.361322640689658	148
0.0660138251920299	0.589391230638723	148
0.04035320892594	0.361169722228799	148
0.0661461894111901	0.58941996665963	38
-0.0995070690697399	0.774452381792266	157
0.04035320892594	0.361169722228799	23
0.0404719114938299	0.361322640689658	28
0.0405904054674899	0.361273728188317	16
0.0400757313518501	0.361162560899904	31
0.04035320892594	0.361169722228799	31
0.05817931439108	0.797679491776654	50
0.0404719114938299	0.361322640689658	293
-0.00390429105450996	1.14612220009606	24
0.06640050781925	0.589791315671906	153
0.0404719114938299	0.361322640689658	9
-0.09520414738843	1.10888808105017	9
0.06640050781925	0.589791315671906	115
-0.0954149203138901	1.10902660350339	10
0.05813599240279	0.797331200154474	52
0.0928959523292201	1.01499095487319	5
0.0400757313518501	0.361162560899904	5
0.0661461894111901	0.58941996665963	252
0.0582951134101599	0.797784880803241	5
0.06729408016793	0.590203599966043	5
0.0400757313518501	0.361162560899904	5
0.06640050781925	0.589791315671906	10
0.0405904054674899	0.361273728188317	10
0.0660138251920299	0.589391230638723	10
0.0404719114938299	0.361322640689658	13
0.06729408016793	0.590203599966043	5
0.0405904054674899	0.361273728188317	3
0.0404719114938299	0.361322640689658	3
0.0400757313518501	0.361162560899904	3
0.04019459198889	0.361113808702474	22
0.0404719114938299	0.361322640689658	22
0.0671611502856	0.590087165510619	148
0.0405904054674899	0.361273728188317	157
0.0671611502856	0.590087165510619	23
0.04019459198889	0.361113808702474	23
0.06729408016793	0.590203599966043	75
0.0405904054674899	0.361273728188317	28
0.03995666139643	0.361009605400419	28
0.0400757313518501	0.361162560899904	23
0.04019459198889	0.361113808702474	31
0.04035320892594	0.361169722228799	31
0.0405904054674899	0.361273728188317	6
0.0660138251920299	0.589391230638723	50
0.0666544403313301	0.59000828848376	50
0.0405904054674899	0.361273728188317	50
-0.10021485757782	0.773583964004878	50
0.04035320892594	0.361169722228799	50
-0.00383730678130001	1.1460589544713	50
0.04019459198889	0.361113808702474	293
-0.0953883297057601	1.10900921430707	24
-0.0998573327016901	0.774326861652598	9
0.12269622096408	1.53236133849357	9
-0.10008448922115	0.773906023057076	10
0.11829392314132	1.36354507986644	10
0.11838646618932	1.36382581239861	10
-0.09949823518252	0.774211913438795	133
0.11202299036526	1.19684698041237	5
0.0657592596523799	0.589174142486685	252
0.04035320892594	0.361169722228799	107
0.0400757313518501	0.361162560899904	107
-0.10252068117834	1.74383860621644	10
0.0405904054674899	0.361273728188317	3
0.03995666139643	0.361009605400419	3
0.0666544403313301	0.59000828848376	22
0.06729408016793	0.590203599966043	3
0.0669079876023899	0.590129049397097	3
0.0400757313518501	0.361162560899904	3
0.0669079876023899	0.590129049397097	148
-0.00343543447703998	1.79726626153048	157
0.06754699712777	0.590324009457586	23
0.0405904054674899	0.361273728188317	28
0.0405904054674899	0.361273728188317	28
0.0400757313518501	0.361162560899904	16
-0.0999795413065401	0.774163935987156	31
0.0400757313518501	0.361162560899904	31
0.0657592596523799	0.589174142486685	337
0.0582516470812999	0.797772341886517	50
0.0404719114938299	0.361322640689658	50
0.03995666139643	0.361009605400419	216
-0.0376847296890701	0.971317789997125	24
-0.0640272556393799	2.08204732076679	9
0.0400757313518501	0.361162560899904	9
-0.0998745909997401	0.773859043017742	9
0.0583675193827	0.797791482115468	9
0.0928959523292201	1.01499095487319	52
-0.03792170318155	0.970127505285688	115
0.09308347816206	1.01515253512817	52
-0.0998400084105799	0.773698687949079	10
0.0929896814290101	1.01511461811393	5
-0.03770645584084	0.97118520731588	5
0.0400757313518501	0.361162560899904	5
0.0666544403313301	0.59000828848376	5
0.0669079876023899	0.590129049397097	137
0.0657592596523799	0.589174142486685	10
-0.0997349038953601	0.774341633185776	13
0.04019459198889	0.361113808702474	5
0.0405904054674899	0.361273728188317	3
0.06626800442765	0.58951227776968	3
0.06640050781925	0.589791315671906	3
0.04035320892594	0.361169722228799	22
0.0666544403313301	0.59000828848376	22
0.04019459198889	0.361113808702474	385
0.0580347229940099	0.797093811834519	148
0.04019459198889	0.361113808702474	23
0.11846594563983	1.36392177573483	157
0.04019459198889	0.361113808702474	75
0.0400757313518501	0.361162560899904	75
0.0404719114938299	0.361322640689658	75
0.06729408016793	0.590203599966043	75
0.0400757313518501	0.361162560899904	75
0.0405904054674899	0.361273728188317	75
0.0400757313518501	0.361162560899904	28
0.06704077902752	0.589986987289273	28
0.03995666139643	0.361009605400419	28
0.06640050781925	0.589791315671906	23
0.03995666139643	0.361009605400419	23
0.0400757313518501	0.361162560899904	120
0.0404719114938299	0.361322640689658	31
0.0405904054674899	0.361273728188317	337
0.05841113039771	0.79749024913428	151
0.05817931439108	0.797679491776654	50
-0.0999795413065401	0.774163935987156	50
0.06729408016793	0.590203599966043	50
0.06754699712777	0.590324009457586	50
0.0404719114938299	0.361322640689658	50
0.0404719114938299	0.361322640689658	49
0.0400757313518501	0.361162560899904	216
0.0581070063731699	0.797487899674034	293
-0.0377710902494499	0.971060007159056	24
0.035007559069	1.48997297966207	24
0.0400757313518501	0.361162560899904	9
0.0583963866130599	0.797687194353385	153
-0.0375332920209499	0.971335989947976	10
-0.0997349038953601	0.774341633185776	5
-0.0629696105244899	1.28210048280107	5
0.0671611502856	0.590087165510619	5
0.0581070063731699	0.797487899674034	10
0.05813599240279	0.797331200154474	5
0.0400757313518501	0.361162560899904	3
0.04019459198889	0.361113808702474	3
0.0671611502856	0.590087165510619	22
0.0400757313518501	0.361162560899904	22
0.0404719114938299	0.361322640689658	3
0.0404719114938299	0.361322640689658	3
0.04019459198889	0.361113808702474	148
0.0400757313518501	0.361162560899904	148
0.0405904054674899	0.361273728188317	23
0.0929089962157501	1.01496515257567	23
0.06754699712777	0.590324009457586	157
-0.0953224228540199	1.10920392728072	157
0.0661461894111901	0.58941996665963	75
0.0404719114938299	0.361322640689658	75
0.0404719114938299	0.361322640689658	28
0.0404719114938299	0.361322640689658	120
0.0669079876023899	0.590129049397097	16
0.0404719114938299	0.361322640689658	16
0.04035320892594	0.361169722228799	16
0.0405904054674899	0.361273728188317	20
0.0404719114938299	0.361322640689658	337
0.06626800442765	0.58951227776968	50
0.03995666139643	0.361009605400419	50
0.0583675193827	0.797791482115468	49
0.0400757313518501	0.361162560899904	151
0.04019459198889	0.361113808702474	216
0.0405904054674899	0.361273728188317	216
0.0660138251920299	0.589391230638723	153
0.0666544403313301	0.59000828848376	153
0.0660138251920299	0.589391230638723	153
0.0666544403313301	0.59000828848376	10
0.0405904054674899	0.361273728188317	5
0.06729408016793	0.590203599966043	13
0.0404719114938299	0.361322640689658	3
0.0400757313518501	0.361162560899904	3
0.0657592596523799	0.589174142486685	3
0.0655043071522501	0.588802943698808	157
-0.06285963242489	1.28220934756036	157
-0.0378140801872999	0.970985606335259	157
0.0929896814290101	1.01511461811393	23
0.11212966873912	1.19733244835361	23
0.0405904054674899	0.361273728188317	75
0.0400757313518501	0.361162560899904	28
0.0404719114938299	0.361322640689658	23
0.0400757313518501	0.361162560899904	6
0.06704077902752	0.589986987289273	151
0.0400757313518501	0.361162560899904	216
0.03995666139643	0.361009605400419	24
0.04019459198889	0.361113808702474	153
0.05806373276334	0.79713982138369	10
0.0669079876023899	0.590129049397097	10
0.0176483205234499	1.31628266286347	10
-0.09975230417822	0.774274178577378	115
0.0927218239130401	1.0146264042384	10
-0.0999795413065401	0.774163935987156	10
0.11227457245336	1.19717008777991	5
-0.0040765471445301	1.14541272867225	133
0.0582951134101599	0.797784880803241	5
0.0405904054674899	0.361273728188317	5
0.0405904054674899	0.361273728188317	5
-0.0376417836587299	0.971237252051548	5
0.0669079876023899	0.590129049397097	5
0.06640050781925	0.589791315671906	106
-0.0999995531079201	1.4299530809016	10
0.06729408016793	0.590203599966043	10
0.06640050781925	0.589791315671906	5
0.06754699712777	0.590324009457586	13
0.0176802224153201	1.31647167770262	3
0.04035320892594	0.361169722228799	3
0.0583675193827	0.797791482115468	3
0.04019459198889	0.361113808702474	3
0.0404719114938299	0.361322640689658	3
0.0666544403313301	0.59000828848376	3
0.0405904054674899	0.361273728188317	148
0.05813599240279	0.797331200154474	157
0.09319026129936	1.01477745885181	23
0.0582516470812999	0.797772341886517	28
0.04019459198889	0.361113808702474	422
0.0400757313518501	0.361162560899904	6
0.0400757313518501	0.361162560899904	337
0.04035320892594	0.361169722228799	337
0.0405904054674899	0.361273728188317	337
0.0405904054674899	0.361273728188317	6
-0.10009301784278	0.773998601930091	78
-0.03770645584084	0.97118520731588	6
-0.0952958137295801	1.1090568619249	50
0.04019459198889	0.361113808702474	151
0.06754699712777	0.590324009457586	50
0.09307053574539	1.01506199733172	50
0.04035320892594	0.361169722228799	293
-0.0997436122822399	0.774418861125706	153
-0.0764286236806699	1.59901997540362	153
0.0666544403313301	0.59000828848376	153
0.06640050781925	0.589791315671906	9
0.0929637311571201	1.01434754167408	10
0.05817931439108	0.797679491776654	10
0.0930026836146201	1.0150029618971	5
0.0657592596523799	0.589174142486685	5
-0.06302268659683	1.28213799022895	5
0.05817931439108	0.797679491776654	106
0.11203095978099	1.19682218114904	10
-0.0375770736646299	0.971216031525722	5
0.0657592596523799	0.589174142486685	5
0.0404719114938299	0.361322640689658	3
0.06754699712777	0.590324009457586	3
0.0400757313518501	0.361162560899904	148
0.0583675193827	0.797791482115468	23
0.06626800442765	0.58951227776968	157
0.0666544403313301	0.59000828848376	23
0.0400757313518501	0.361162560899904	75
0.0404719114938299	0.361322640689658	75
0.0400757313518501	0.361162560899904	28
0.0400757313518501	0.361162560899904	28
0.05832400447743	0.79777889706228	151
-0.0998573327016901	0.774326861652598	50
0.04019459198889	0.361113808702474	151
0.06754699712777	0.590324009457586	50
0.06704077902752	0.589986987289273	49
0.04019459198889	0.361113808702474	216
0.03500903285456	1.4898366749406	153
-0.09548085875698	1.10878704990263	5
0.0582516470812999	0.797772341886517	5
-0.0376847296890701	0.971317789997125	106
0.0580347229940099	0.797093811834519	106
0.0929896814290101	1.01511461811393	5
0.06704077902752	0.589986987289273	3
0.0661461894111901	0.58941996665963	3
-0.00382968794147009	1.14619044136978	22
-0.0998573327016901	0.774326861652598	3
0.0404719114938299	0.361322640689658	3
0.0404719114938299	0.361322640689658	3
-0.0376417836587299	0.971237252051548	157
0.0404719114938299	0.361322640689658	75
0.04035320892594	0.361169722228799	94
-0.0998486787805399	0.774176029611433	28
0.04019459198889	0.361113808702474	20
0.03995666139643	0.361009605400419	78
0.0400757313518501	0.361162560899904	78
0.11220611551615	1.19737223627029	6
0.11219813888498	1.19730010441067	151
-0.00382207988244998	1.14624413498319	50
0.0928959523292201	1.01499095487319	151
0.03995666139643	0.361009605400419	216
0.0404719114938299	0.361322640689658	216
0.0927218239130401	1.0146264042384	24
0.11837342604012	1.36380080845913	6
0.12271009537197	1.53252357342144	115
-0.0188205068445499	1.62833412282284	10
-0.09544152567958	1.10877688420549	5
-0.00382968794147009	1.14619044136978	10
-0.0998573327016901	0.774326861652598	3
0.05832400447743	0.79777889706228	3
0.05832400447743	0.79777889706228	3
-0.10009301784278	0.773998601930091	148
0.0932584159624801	1.0150461797237	148
0.11224436008658	1.1972638547983	23
0.0405904054674899	0.361273728188317	23
0.0404719114938299	0.361322640689658	23
0.05822273219915	0.797691987551502	28
0.0582516470812999	0.797772341886517	28
-0.0998659701244799	0.774255798157072	28
0.0400757313518501	0.361162560899904	28
0.0404719114938299	0.361322640689658	30
0.04019459198889	0.361113808702474	30
0.04019459198889	0.361113808702474	30
0.0928284799924399	1.01447188278909	50
0.11845289174257	1.36389674047384	151
0.0666544403313301	0.59000828848376	216
-0.0997436122822399	0.774418861125706	216
0.0404719114938299	0.361322640689658	216
-0.0189340635122801	1.62853320997993	24
-0.0763218373946699	1.59903332337702	10
0.0405904054674899	0.361273728188317	106
0.0657592596523799	0.589174142486685	106
0.05820827665872	0.79742393937989	3
0.06779953055876	0.590281779562666	157
-0.00380689612946994	1.14613373756296	23
0.0581070063731699	0.797487899674034	78
-0.0954149203138901	1.10902660350339	5
0.11847899550541	1.3638658606658	5
0.0582516470812999	0.797772341886517	3
-0.0998486787805399	0.774176029611433	3
0.0671611502856	0.590087165510619	3
0.0930026836146201	1.0150029618971	148
0.0583963866130599	0.797687194353385	28
0.0927218239130401	1.0146264042384	50
0.09270869671627	1.01444337638405	6
-0.0561356577916601	1.76825309950282	5
0.0929089962157501	1.01496515257567	106
-0.0952958137295801	1.1090568619249	10
0.05848360988298	0.79739877281669	3
-0.0998659701244799	0.774255798157072	3
0.0582951134101599	0.797784880803241	3
0.06729408016793	0.590203599966043	28
0.1121074612167	1.19703151090983	78
0.01786196807041	1.31690885537426	151
0.12264251944422	1.5320526084213	151
0.11206119919618	1.1970941656282	151
0.0669079876023899	0.590129049397097	216
-0.0562805553753201	1.76815098586625	10
-0.0381470270873801	1.45669085329474	115
0.01029123487348	1.96722740762584	10
0.11836038186052	1.36369259288262	5
0.04035320892594	0.361169722228799	106
-0.0629696105244899	1.28210048280107	10
0.12273335371078	1.53256434383476	10
0.0579203140791	1.83340984956378	5
-0.0953490467445901	1.10909169821672	5
0.0926415257655	1.01413360573067	3
0.0927218239130401	1.0146264042384	3
0.0660138251920299	0.589391230638723	3
0.0405904054674899	0.361273728188317	3
-0.0999795413065401	0.774163935987156	3
0.0660138251920299	0.589391230638723	3
0.0583675193827	0.797791482115468	23
-0.0376199977242699	0.971369902993594	123
0.0667870930537	0.589616020977837	23
-0.0999795413065401	0.774163935987156	28
0.0660138251920299	0.589391230638723	23
0.0669079876023899	0.590129049397097	16
-0.00388917670528999	1.14586100594575	78
-0.0999995531079201	1.4299530809016	151
-0.10009301784278	0.773998601930091	151
0.06754699712777	0.590324009457586	151
0.09307053574539	1.01506199733172	216
0.02243849743809	2.13676346706407	24
-0.0381688973524601	1.45672094938458	52
0.0669079876023899	0.590129049397097	5
-0.00382968794147009	1.14619044136978	106
0.0582951134101599	0.797784880803241	10
0.09270869671627	1.01444337638405	3
-0.09975230417822	0.774274178577378	3
0.06779953055876	0.590281779562666	3
-0.10008448922115	0.773906023057076	3
0.06640050781925	0.589791315671906	3
-0.09997095830854	0.774161366781223	3
0.09270869671627	1.01444337638405	3
-0.09975230417822	0.774274178577378	3
-0.00382207988244998	1.14624413498319	123
0.11843983381257	1.363788488939	123
0.0666544403313301	0.59000828848376	23
0.06704077902752	0.589986987289273	28
0.0581070063731699	0.797487899674034	28
-0.0997436122822399	0.774418861125706	28
0.09262833885246	1.01429436864152	28
-0.0375770736646299	0.971216031525722	78
0.11217591035637	1.19728192741819	151
-0.0999795413065401	0.774163935987156	151
-0.10092519020656	2.05911116384849	9
-0.0763419813633699	1.59916179368756	9
0.0666544403313301	0.59000828848376	106
0.0929896814290101	1.01511461811393	106
-0.0997436122822399	0.774418861125706	10
0.0928284799924399	1.01447188278909	10
-0.06291526649569	1.28239460259991	10
-0.09542822115104	1.10893769082864	10
-0.09997095830854	0.774161366781223	13
-0.0998486787805399	0.774176029611433	3
0.05813599240279	0.797331200154474	3
0.04035320892594	0.361169722228799	3
-0.0997436122822399	0.774418861125706	3
0.0400757313518501	0.361162560899904	148
-0.09997095830854	0.774161366781223	148
0.06729408016793	0.590203599966043	148
0.0582951134101599	0.797784880803241	23
0.0931644419440201	1.01510003139785	23
-0.03594074106543	2.41205605679202	157
-0.0377710902494499	0.971060007159056	28
0.0583675193827	0.797791482115468	28
0.0667870930537	0.589616020977837	28
0.0582951134101599	0.797784880803241	28
0.0666544403313301	0.59000828848376	28
0.0400757313518501	0.361162560899904	16
0.04035320892594	0.361169722228799	334
0.0927349692105499	1.01434853374846	30
0.05817931439108	0.797679491776654	78
0.05783362617202	1.83339899528949	6
-0.10020639985157	0.773743447762429	6
-0.0952565809111401	1.10922586789114	6
0.0404719114938299	0.361322640689658	151
0.11842677184877	1.3635891291235	6
0.0929766972884001	1.01493823898538	10
-0.0631288619968899	1.28186897875034	5
-0.0953224228540199	1.10920392728072	3
-0.0998573327016901	0.774326861652598	3
0.0666544403313301	0.59000828848376	3
0.05817931439108	0.797679491776654	148
-0.0378140801872999	0.970985606335259	148
-0.0189141130177399	1.62856574270787	229
-0.09975230417822	0.774274178577378	229
-0.09976097953372	0.773787596943409	157
-0.06304860009623	1.2822409578562	123
0.0655043071522501	0.588802943698808	28
-0.00373234668673006	1.14619646041486	28
0.0669079876023899	0.590129049397097	28
0.0582805855647599	0.797430473384385	30
-0.0998573327016901	0.774326861652598	30
0.0476870348054499	1.66248880595867	151
0.0669079876023899	0.590129049397097	151
-0.0999881077500799	0.773840743719683	151
0.11216788507174	1.197393867706	6
0.04035320892594	0.361169722228799	151
0.0666544403313301	0.59000828848376	216
0.04790503651697	1.66307642519192	6
0.0178388397673299	1.31690586529848	6
-0.00384493639627004	1.14583628083278	10
0.04019459198889	0.361113808702474	3
0.04019459198889	0.361113808702474	5
0.06729408016793	0.590203599966043	148
-0.03764100734363	0.971148479720349	157
0.0583963866130599	0.797687194353385	123
0.04777780703685	1.66279658773289	123
0.0582516470812999	0.797772341886517	28
-0.09975230417822	0.774274178577378	28
0.06729408016793	0.590203599966043	28
-0.00390429105450996	1.14612220009606	23
0.06779953055876	0.590281779562666	28
0.0666544403313301	0.59000828848376	16
0.0405904054674899	0.361273728188317	334
0.0400757313518501	0.361162560899904	30
-0.00382207988244998	1.14624413498319	6
-0.08190192399151	1.91297248780411	24
0.06704077902752	0.589986987289273	24
0.05786013929473	1.83319840024763	9
-0.00325437557696007	1.79750997382437	10
-0.10244873777282	1.74411941594856	10
-0.0190278163790201	1.628124904035	10
0.11833299028881	1.36337478414972	5
0.0404719114938299	0.361322640689658	10
0.06704077902752	0.589986987289273	10
0.0666544403313301	0.59000828848376	13
0.04035320892594	0.361169722228799	3
0.0669079876023899	0.590129049397097	3
0.0404719114938299	0.361322640689658	5
-0.03759812173156	0.971357094877432	148
-0.00390429105450996	1.14612220009606	157
-0.0998659701244799	0.774255798157072	157
-0.09997095830854	0.774161366781223	149
0.0660138251920299	0.589391230638723	23
0.0400757313518501	0.361162560899904	16
0.04019459198889	0.361113808702474	16
0.05820827665872	0.79742393937989	334
-0.06307452000059	1.2821630293222	151
-0.0376190111045001	0.970723521706025	6
-0.0998659701244799	0.774255798157072	6
0.0404719114938299	0.361322640689658	216
0.06640050781925	0.589791315671906	6
0.03490000968004	1.48964343968168	153
-0.0954149203138901	1.10902660350339	115
-0.0996297969318301	0.774437355317741	10
0.0583675193827	0.797791482115468	10
0.04019459198889	0.361113808702474	106
0.11837342604012	1.36380080845913	10
-0.0953357329525499	1.109180653183	10
-0.0376629135311699	0.971304917656255	5
0.0929896814290101	1.01511461811393	5
0.0666544403313301	0.59000828848376	3
0.09307053574539	1.01506199733172	3
0.0927218239130401	1.0146264042384	3
0.06779953055876	0.590281779562666	3
0.03995666139643	0.361009605400419	148
0.0582805855647599	0.797430473384385	148
0.0400757313518501	0.361162560899904	87
0.03995666139643	0.361009605400419	28
0.05813599240279	0.797331200154474	23
-0.09545430138779	1.10863999144858	6
-0.0378140801872999	0.970985606335259	6
0.05822273219915	0.797691987551502	6
-0.0997349038953601	0.774341633185776	24
0.0351136205954199	1.48968761244544	24
-0.00379932044668996	1.14596412600775	9
0.11213765917752	1.19730352814855	9
-0.0954149203138901	1.10902660350339	9
0.12275661239863	1.53252501484665	10
-0.09997095830854	0.774161366781223	52
0.03490000968004	1.48964343968168	10
-0.0999995531079201	1.4299530809016	10
-0.0997349038953601	0.774341633185776	10
0.0669079876023899	0.590129049397097	10
0.06704077902752	0.589986987289273	10
-0.03802322481627	1.45632330100297	5
0.06729408016793	0.590203599966043	5
0.0405904054674899	0.361273728188317	10
-0.0376199977242699	0.971369902993594	10
0.04785966131973	1.66293773686411	3
0.0669079876023899	0.590129049397097	3
0.0404719114938299	0.361322640689658	3
0.0929089962157501	1.01496515257567	3
0.0657592596523799	0.589174142486685	3
0.0660138251920299	0.589391230638723	3
-0.0375552278978399	0.971348728509458	3
0.06640050781925	0.589791315671906	23
-0.09996235880499	0.773920592462937	148
-0.00400170030462999	1.14590672917174	229
0.06640050781925	0.589791315671906	87
0.09307053574539	1.01506199733172	28
0.06704077902752	0.589986987289273	16
0.03995666139643	0.361009605400419	30
0.04035320892594	0.361169722228799	30
0.0669079876023899	0.590129049397097	30
0.0404719114938299	0.361322640689658	30
0.0404719114938299	0.361322640689658	30
-0.0190008659921499	1.62838942906632	6
0.01775514367867	1.31681679420971	390
0.0583675193827	0.797791482115468	390
0.06729408016793	0.590203599966043	6
0.06754699712777	0.590324009457586	6
-0.03744633836762	0.971076764465405	6
-0.09949823518252	0.774211913438795	9
0.0928284799924399	1.01447188278909	9
-0.10247653092568	1.74439422965289	52
0.0931644419440201	1.01510003139785	115
0.11834733364942	1.3634932741219	10
0.0666544403313301	0.59000828848376	5
0.05832400447743	0.79777889706228	5
0.0400757313518501	0.361162560899904	3
0.04035320892594	0.361169722228799	3
0.0669079876023899	0.590129049397097	3
0.09308347816206	1.01515253512817	3
0.03995666139643	0.361009605400419	5
0.0669079876023899	0.590129049397097	5
0.0405904054674899	0.361273728188317	5
0.0404719114938299	0.361322640689658	3
0.0400757313518501	0.361162560899904	3
0.04019459198889	0.361113808702474	23
0.04019459198889	0.361113808702474	23
0.0400757313518501	0.361162560899904	87
0.04035320892594	0.361169722228799	87
0.06640050781925	0.589791315671906	28
0.0400757313518501	0.361162560899904	23
0.04035320892594	0.361169722228799	368
-0.0997436122822399	0.774418861125706	30
0.06754699712777	0.590324009457586	390
0.0400757313518501	0.361162560899904	6
-0.0762754942362101	1.59926032830311	6
0.0404719114938299	0.361322640689658	6
0.0400757313518501	0.361162560899904	6
0.06640050781925	0.589791315671906	6
-0.00391944859509996	1.14608745729724	9
0.06627634128066	2.00182195834439	10
-0.0375552278978399	0.971348728509458	5
0.05832400447743	0.79777889706228	10
0.0404719114938299	0.361322640689658	10
0.0400757313518501	0.361162560899904	10
0.06754699712777	0.590324009457586	10
0.05833867576296	0.79748357258179	10
-0.09544152567958	1.10877688420549	5
0.05832400447743	0.79777889706228	13
0.0929089962157501	1.01496515257567	3
0.04035320892594	0.361169722228799	5
0.0927218239130401	1.0146264042384	3
0.05833867576296	0.79748357258179	3
0.0404719114938299	0.361322640689658	3
0.0178531401997599	1.31653011638209	123
0.03995666139643	0.361009605400419	87
0.0669079876023899	0.590129049397097	28
0.0404719114938299	0.361322640689658	28
-0.03751232582008	0.971112865480314	28
0.05833867576296	0.79748357258179	28
0.04035320892594	0.361169722228799	368
0.04035320892594	0.361169722228799	368
0.0655043071522501	0.588802943698808	16
0.0400757313518501	0.361162560899904	16
0.0404719114938299	0.361322640689658	30
0.12281699540143	1.53253161115609	151
-0.0998476772385599	1.42966195033058	151
0.05813599240279	0.797331200154474	151
0.06729408016793	0.590203599966043	6
0.0405904054674899	0.361273728188317	6
0.06729408016793	0.590203599966043	6
0.11838646618932	1.36382581239861	9
0.11220611551615	1.19737223627029	9
-0.0998486787805399	0.774176029611433	9
0.0581070063731699	0.797487899674034	9
0.0927218239130401	1.0146264042384	10
-0.09997095830854	0.774161366781223	115
-0.0952565809111401	1.10922586789114	10
0.09308347816206	1.01515253512817	5
0.0582516470812999	0.797772341886517	5
0.06754699712777	0.590324009457586	3
-0.0997436122822399	0.774418861125706	5
0.06779953055876	0.590281779562666	5
0.05822273219915	0.797691987551502	3
0.05817931439108	0.797679491776654	28
0.0404719114938299	0.361322640689658	98
0.04019459198889	0.361113808702474	23
0.0405904054674899	0.361273728188317	23
0.0582951134101599	0.797784880803241	16
0.0404719114938299	0.361322640689658	16
0.03995666139643	0.361009605400419	30
0.0400757313518501	0.361162560899904	297
0.06779953055876	0.590281779562666	151
0.0405904054674899	0.361273728188317	6
0.0400757313518501	0.361162560899904	6
-0.0628880914728101	1.28243929288868	6
0.06754699712777	0.590324009457586	6
0.0582805855647599	0.797430473384385	313
0.11215994324786	1.1972387166861	10
0.0927218239130401	1.0146264042384	5
-0.10008448922115	0.773906023057076	5
0.0400757313518501	0.361162560899904	192
0.06626800442765	0.58951227776968	192
0.0657592596523799	0.589174142486685	23
-0.09542822115104	1.10893769082864	87
0.0405904054674899	0.361273728188317	87
0.05817931439108	0.797679491776654	98
0.0669079876023899	0.590129049397097	23
0.03995666139643	0.361009605400419	16
0.0666544403313301	0.59000828848376	16
0.0405904054674899	0.361273728188317	30
0.11205327835221	1.19693733715299	151
0.0660138251920299	0.589391230638723	6
0.0404719114938299	0.361322640689658	6
0.0349817739679401	1.48989882444926	24
0.11849204134042	1.36372654826103	9
0.0740890957606499	2.17228476682502	10
-0.10238797213265	1.7444240972426	10
0.0400757313518501	0.361162560899904	217
-0.10008448922115	0.773906023057076	3
-0.0998573327016901	0.774326861652598	208
0.06704077902752	0.589986987289273	208
-0.03770645584084	0.97118520731588	5
0.04035320892594	0.361169722228799	3
0.0400757313518501	0.361162560899904	16
0.0666544403313301	0.59000828848376	16
0.11212966873912	1.19733244835361	151
-0.09997095830854	0.774161366781223	151
-0.0998573327016901	0.774326861652598	313
-0.12032374734933	1.89323881396351	9
0.0400757313518501	0.361162560899904	150
0.0669079876023899	0.590129049397097	10
0.11212966873912	1.19733244835361	5
0.0669079876023899	0.590129049397097	208
-0.00373234668673006	1.14619646041486	5
-0.0998486787805399	0.774176029611433	3
-0.05618627413796	1.76823065462531	23
0.0404719114938299	0.361322640689658	87
0.0666544403313301	0.59000828848376	87
0.04019459198889	0.361113808702474	23
-0.0378356869230301	0.970853229111692	16
-0.0998659701244799	0.774255798157072	16
0.0583675193827	0.797791482115468	16
0.01774081341129	1.31674960255633	6
0.06704077902752	0.589986987289273	6
-0.00382968794147009	1.14619044136978	151
-0.0995070690697399	0.774452381792266	151
0.06729408016793	0.590203599966043	6
0.0583963866130599	0.797687194353385	6
-0.03770645584084	0.97118520731588	313
0.0663417096248	2.0021923382519	9
-0.00322558531257	1.79749323100415	115
0.04035320892594	0.361169722228799	150
0.0669079876023899	0.590129049397097	5
0.04019459198889	0.361113808702474	3
0.06754699712777	0.590324009457586	208
0.0400757313518501	0.361162560899904	87
0.06754699712777	0.590324009457586	16
0.0405904054674899	0.361273728188317	16
0.06754699712777	0.590324009457586	16
-0.0375552278978399	0.971348728509458	297
0.0176714434238701	1.31651925107115	151
0.1121074612167	1.19703151090983	6
0.11838646618932	1.36382581239861	6
0.06729408016793	0.590203599966043	6
0.04035320892594	0.361169722228799	6
0.09317734260664	1.01509854295805	6
-0.09996235880499	0.773920592462937	10
-0.0953224228540199	1.10920392728072	3
0.0929896814290101	1.01511461811393	312
-0.03823453567672	1.45640251714541	229
0.11213765917752	1.19730352814855	23
-0.09542822115104	1.10893769082864	123
0.0929089962157501	1.01496515257567	98
0.0655043071522501	0.588802943698808	16
0.06626800442765	0.58951227776968	16
0.0928829264948601	1.01472280325666	16
-0.0378570618469201	0.970658678019384	297
0.05833867576296	0.79748357258179	297
-0.0953357329525499	1.109180653183	151
0.0584687935218	0.797395144295211	6
0.0400757313518501	0.361162560899904	24
-0.03823210558299	1.45654942606327	313
0.0582951134101599	0.797784880803241	313
0.0404719114938299	0.361322640689658	5
-0.0375552278978399	0.971348728509458	208
-0.10030771790498	1.42883896295587	3
-0.00365798731020006	1.14565388966793	312
0.1225893123695	1.53203929792298	14
-0.00382207988244998	1.14624413498319	14
0.0581070063731699	0.797487899674034	23
0.09308347816206	1.01515253512817	98
-0.00372472551665992	1.14617763393206	98
0.05832400447743	0.79777889706228	23
-0.00400170030462999	1.14590672917174	6
0.0349559830724	1.48962129723847	6
0.06640050781925	0.589791315671906	35
-0.0997349038953601	0.774341633185776	6
-0.0953091164470401	1.10916330782568	6
0.09307053574539	1.01506199733172	98
0.09309643861636	1.01494888434125	16
0.05832400447743	0.79777889706228	16
0.01781571167214	1.31683026639572	6
-0.0629955159293201	1.28232067962445	6
0.11212176168975	1.19709085061033	6
0.11215994324786	1.1972387166861	24
-0.10006524007874	1.42992918005617	5
-0.0998573327016901	0.774326861652598	3
-0.0996297969318301	0.774437355317741	3
-0.0762956472084699	1.59932353647788	3
-0.06296834325455	1.28243214104642	5
-0.03759812173156	0.971357094877432	3
0.11217591035637	1.19728192741819	312
-0.03766347955932	0.970824474083088	123
0.0478187443982301	1.66301596808641	14
-0.0376847296890701	0.971317789997125	98
0.11849204134042	1.36372654826103	98
-0.10018044594398	1.42911617587349	297
0.11212966873912	1.19733244835361	151
-0.09548085875698	1.10878704990263	151
-0.00389672847823008	1.14603064260661	6
0.11829392314132	1.36354507986644	6
-0.09975230417822	0.774274178577378	35
0.05822273219915	0.797691987551502	35
-0.0376847296890701	0.971317789997125	150
0.09305761133047	1.01456292338557	150
-0.00382207988244998	1.14624413498319	3
-0.0382298020340199	1.45596447751077	5
-0.0952565809111401	1.10922586789114	208
-0.03759812173156	0.971357094877432	208
-0.0376199977242699	0.971369902993594	5
-0.0995158865319701	0.774365971673596	3
0.0929089962157501	1.01496515257567	3
0.0926415257655	1.01413360573067	16
-0.00380689612946994	1.14613373756296	151
-0.0952565809111401	1.10922586789114	151
0.11842677184877	1.3635891291235	151
-0.00388917670528999	1.14586100594575	6
0.0931644419440201	1.01510003139785	6
0.0666544403313301	0.59000828848376	24
0.01775514367867	1.31681679420971	313
-0.0998573327016901	0.774326861652598	150
0.0349817739679401	1.48989882444926	10
-0.00399415082933996	1.14588779083778	5
0.0400757313518501	0.361162560899904	3
-0.00384493639627004	1.14583628083278	5
-0.03759812173156	0.971357094877432	98
-0.00389672847823008	1.14603064260661	98
-0.0996297969318301	0.774437355317741	16
0.11831997193212	1.36351409835264	6
0.11829392314132	1.36354507986644	6
0.06704077902752	0.589986987289273	35
-0.09546757823198	1.10874641219142	5
-0.00391186442864	1.14614110823046	3
-0.0995246875187901	0.773938666265461	5
-0.00391944859509996	1.14608745729724	23
-0.10008578196885	1.42980015774128	23
-0.0764689106511101	1.59895512819937	98
-0.0376199977242699	0.971369902993594	98
-0.0995070690697399	0.774452381792266	98
0.12271009537197	1.53252357342144	98
0.0176714434238701	1.31651925107115	6
-0.0378140801872999	0.970985606335259	6
0.12285410708172	1.5323853087147	151
-0.10225521735756	1.74481781086795	6
0.04035320892594	0.361169722228799	6
-0.0996297969318301	0.774437355317741	6
0.06640050781925	0.589791315671906	24
-0.0377705969878599	0.970816165302698	44
-0.06294116856962	1.28247683048444	5
0.11851924853759	1.36370108964016	5
-0.0997436122822399	0.774418861125706	23
0.0584399501503501	0.79769982874826	23
-0.03772766745806	0.971179568236575	23
0.01790822531065	1.31669303880721	98
-0.0953357329525499	1.109180653183	149
0.0929896814290101	1.01511461811393	16
0.0927349692105499	1.01434853374846	6
0.06626800442765	0.58951227776968	3
-0.0998573327016901	0.774326861652598	5
-0.0996297969318301	0.774437355317741	23
0.09262833885246	1.01429436864152	23
-0.0997349038953601	0.774341633185776	14
0.12279373463079	1.5325709279016	14
-0.0382977124944499	1.45623110654825	16
0.06640050781925	0.589791315671906	6
0.0400757313518501	0.361162560899904	6
0.06779953055876	0.590281779562666	6
0.11212966873912	1.19733244835361	6
-0.06291526649569	1.28239460259991	6
-0.10021485757782	0.773583964004878	6
0.0400757313518501	0.361162560899904	6
0.0660138251920299	0.589391230638723	5
-0.09975230417822	0.774274178577378	10
-0.0952699076686101	1.1091368898902	5
-0.0375552278978399	0.971348728509458	312
0.11851924853759	1.36370108964016	312
-0.0763359604824001	1.59925861224011	23
-0.0376629135311699	0.971304917656255	14
0.0405904054674899	0.361273728188317	6
0.04019459198889	0.361113808702474	6
0.11217591035637	1.19728192741819	6
0.0929089962157501	1.01496515257567	6
-0.10019792555775	0.773458065814013	54
-0.09520331083685	1.1089235160465	52
-0.0999795413065401	0.774163935987156	10
0.04019459198889	0.361113808702474	3
0.06754699712777	0.590324009457586	3
0.04035320892594	0.361169722228799	3
0.0179225316853	1.31676048657897	5
0.0177320181824601	1.31666496861891	3
-0.03772766745806	0.971179568236575	3
-0.0999881077500799	0.773840743719683	14
0.04019459198889	0.361113808702474	14
0.0405904054674899	0.361273728188317	14
0.03995666139643	0.361009605400419	14
0.0404719114938299	0.361322640689658	14
0.11841253440115	1.36363053588237	98
-0.03764100734363	0.971148479720349	98
0.11846594563983	1.36392177573483	98
-0.06294116856962	1.28247683048444	16
0.06754699712777	0.590324009457586	6
0.06640050781925	0.589791315671906	6
0.11847899550541	1.3638658606658	151
0.0581070063731699	0.797487899674034	6
0.11212176168975	1.19709085061033	6
0.0583963866130599	0.797687194353385	6
-0.03772766745806	0.971179568236575	6
0.06704077902752	0.589986987289273	6
0.0657592596523799	0.589174142486685	6
0.0400757313518501	0.361162560899904	6
0.05817931439108	0.797679491776654	54
-0.0997436122822399	0.774418861125706	54
-0.12009824235652	1.89295670534039	5
-0.07639449249768	1.59769692468552	10
0.0404719114938299	0.361322640689658	5
-0.06296834325455	1.28243214104642	5
0.0929089962157501	1.01496515257567	5
0.09319026129936	1.01477745885181	3
-0.03770582110758	0.971023102627933	3
0.0583675193827	0.797791482115468	23
-0.0997436122822399	0.774418861125706	14
-0.0376847296890701	0.971317789997125	98
-0.0997436122822399	0.774418861125706	6
0.0657592596523799	0.589174142486685	6
0.0581503757161399	0.797500355917327	6
0.0669079876023899	0.590129049397097	6
0.04794596554537	1.66284829890858	6
0.04035320892594	0.361169722228799	6
0.0929896814290101	1.01511461811393	24
-0.0375332920209499	0.971335989947976	52
0.01765710123163	1.3164687002915	10
-0.0999379246558501	1.42996081624991	10
0.09281537634135	1.01484161778391	3
0.12256605852973	1.5319168782061	312
0.0405904054674899	0.361273728188317	14
-0.00379175556709011	1.14570275095466	98
0.11224436008658	1.1972638547983	98
0.06754699712777	0.590324009457586	98
0.0932584159624801	1.0150461797237	23
0.05806373276334	0.79713982138369	16
-0.06302268659683	1.28213799022895	6
0.11213765917752	1.19730352814855	6
0.0583675193827	0.797791482115468	6
0.11205327835221	1.19693733715299	6
0.0405904054674899	0.361273728188317	6
0.11206119919618	1.1970941656282	6
0.0405904054674899	0.361273728188317	6
0.06754699712777	0.590324009457586	6
0.11841253440115	1.36363053588237	24
-0.00380689612946994	1.14613373756296	115
0.05822273219915	0.797691987551502	10
0.06729408016793	0.590203599966043	3
0.0929766972884001	1.01493823898538	3
0.05832400447743	0.79777889706228	23
-0.0375332920209499	0.971335989947976	23
-0.00389672847823008	1.14603064260661	98
0.0582951134101599	0.797784880803241	98
0.06729408016793	0.590203599966043	6
0.0400757313518501	0.361162560899904	6
0.0666544403313301	0.59000828848376	6
0.04035320892594	0.361169722228799	6
0.04019459198889	0.361113808702474	6
0.09315155927538	1.0146867240711	6
-0.0998659701244799	0.774255798157072	6
0.05822273219915	0.797691987551502	6
0.0404719114938299	0.361322640689658	6
-0.00399415082933996	1.14588779083778	54
0.0660138251920299	0.589391230638723	24
-0.0999795413065401	0.774163935987156	156
0.07414999480973	2.17212927983987	52
0.0400757313518501	0.361162560899904	5
0.09262833885246	1.01429436864152	5
-0.00392704354834006	1.14595601921863	5
0.0404719114938299	0.361322640689658	5
0.04035320892594	0.361169722228799	3
0.0666544403313301	0.59000828848376	23
-0.0996210340312	0.774433753881929	23
0.03995666139643	0.361009605400419	14
0.06754699712777	0.590324009457586	14
0.06626800442765	0.58951227776968	14
-0.06307327055322	1.28188006485585	98
-0.03772766745806	0.971179568236575	98
0.0928022907844199	1.01477559073757	156
0.0582516470812999	0.797772341886517	10
-0.0376417836587299	0.971237252051548	10
0.0405904054674899	0.361273728188317	5
0.04035320892594	0.361169722228799	393
0.0404719114938299	0.361322640689658	3
-0.0996297969318301	0.774437355317741	3
-0.0999795413065401	0.774163935987156	3
-0.0376417836587299	0.971237252051548	3
-0.0998573327016901	0.774326861652598	23
0.0581070063731699	0.797487899674034	14
0.0400757313518501	0.361162560899904	14
0.0669079876023899	0.590129049397097	14
0.0931644419440201	1.01510003139785	14
-0.06310169200595	1.28205160600231	98
0.0584687935218	0.797395144295211	98
0.0478142354659199	1.66258908884664	23
0.0928284799924399	1.01447188278909	6
-0.0996297969318301	0.774437355317741	6
0.0405904054674899	0.361273728188317	6
0.0400757313518501	0.361162560899904	6
-0.01884112879761	1.62815937269588	54
0.0666544403313301	0.59000828848376	6
0.06652179801436	0.589470978357053	156
-0.00326946275430995	1.79724504193947	5
0.06779953055876	0.590281779562666	10
-0.0383171901967201	1.45622569558396	208
-0.00381448260992001	1.14622526380948	130
0.0666544403313301	0.59000828848376	14
0.09281537634135	1.01484161778391	14
-0.0998573327016901	0.774326861652598	98
0.0578865978751	1.8325165065398	23
0.0929766972884001	1.01493823898538	6
0.09309643861636	1.01494888434125	6
0.0400757313518501	0.361162560899904	6
0.0583675193827	0.797791482115468	35
-0.03766347955932	0.970824474083088	6
-0.00351499085762996	1.79683407359496	5
0.03995666139643	0.361009605400419	10
0.03995666139643	0.361009605400419	3
0.0404719114938299	0.361322640689658	3
0.06754699712777	0.590324009457586	3
0.035007559069	1.48997297966207	5
-0.0629398986510801	1.28228870221773	5
0.0350893363835301	1.48978374689817	23
-0.0999795413065401	0.774163935987156	14
0.05817931439108	0.797679491776654	14
0.0660138251920299	0.589391230638723	14
-0.0953357329525499	1.109180653183	98
0.0176945665369199	1.31667104625431	98
-0.0997436122822399	0.774418861125706	23
-0.09511082103587	1.10857102376558	23
0.0932584159624801	1.0150461797237	6
0.0404719114938299	0.361322640689658	6
0.06640050781925	0.589791315671906	6
-0.0629955159293201	1.28232067962445	6
-0.09997095830854	0.774161366781223	6
-0.0998659701244799	0.774255798157072	6
0.0929089962157501	1.01496515257567	6
0.05832400447743	0.79777889706228	6
-0.0997436122822399	0.774418861125706	6
0.06640050781925	0.589791315671906	54
0.04019459198889	0.361113808702474	6
-0.01902081196765	1.62828783186218	10
-0.0377710902494499	0.971060007159056	5
-0.0996297969318301	0.774437355317741	3
-0.0561356577916601	1.76825309950282	3
0.0666544403313301	0.59000828848376	3
0.0584399501503501	0.79769982874826	3
0.0405904054674899	0.361273728188317	14
0.0669079876023899	0.590129049397097	14
-0.0953091164470401	1.10916330782568	23
-0.0381907722060499	1.456684008713	23
-0.00400926057792006	1.14585313470885	6
0.0400757313518501	0.361162560899904	6
0.0400757313518501	0.361162560899904	6
-0.03808634456884	1.45656340224725	6
-0.10009301784278	0.773998601930091	54
-0.0996210340312	0.774433753881929	44
0.06626800442765	0.58951227776968	24
0.05848360988298	0.79739877281669	156
0.04790503651697	1.66307642519192	10
-0.0629437115773499	1.28165083552786	5
0.0400757313518501	0.361162560899904	3
0.0404719114938299	0.361322640689658	3
0.06640050781925	0.589791315671906	3
0.0177782693851201	1.31689238990432	5
0.11199273025046	1.1965750860903	3
0.11212966873912	1.19733244835361	23
-0.0377710902494499	0.971060007159056	130
-0.00371711513271	1.14608617026441	14
0.0927349692105499	1.01434853374846	14
-0.0378356869230301	0.970853229111692	98
-0.09997900536895	1.43001801170539	98
-0.0997436122822399	0.774418861125706	98
-0.00382968794147009	1.14619044136978	98
-0.00390429105450996	1.14612220009606	98
0.0927218239130401	1.0146264042384	98
0.0666544403313301	0.59000828848376	6
0.0657592596523799	0.589174142486685	6
0.11212966873912	1.19733244835361	6
0.06729408016793	0.590203599966043	6
-0.09949823518252	0.774211913438795	54
0.12271009537197	1.53252357342144	54
0.0404719114938299	0.361322640689658	196
0.0666544403313301	0.59000828848376	54
-0.00389672847823008	1.14603064260661	54
-0.0627534839800401	1.28198509134066	54
0.0405904054674899	0.361273728188317	3
-0.0998659701244799	0.774255798157072	3
0.01774081341129	1.31674960255633	130
0.11213765917752	1.19730352814855	98
-0.0382977124944499	1.45623110654825	98
0.04788456433404	1.66307856400046	23
-0.03751126601183	0.97117970489929	6
-0.0376199977242699	0.971369902993594	207
0.11220611551615	1.19737223627029	207
0.09307053574539	1.01506199733172	54
-0.0997349038953601	0.774341633185776	3
-0.10021485757782	0.773583964004878	3
0.11830694955005	1.36357004823443	5
-0.03764100734363	0.971148479720349	3
-0.06294116856962	1.28247683048444	130
-0.00381448260992001	1.14622526380948	6
0.11217591035637	1.19728192741819	6
0.05813599240279	0.797331200154474	54
0.11846594563983	1.36392177573483	54
-0.00391186442864	1.14614110823046	357
0.11843858650567	1.36305961863308	5
-0.06283373539569	1.28233093364841	5
0.06754699712777	0.590324009457586	3
-0.09997095830854	0.774161366781223	130
-0.09542822115104	1.10893769082864	130
0.0666544403313301	0.59000828848376	170
-0.0953224228540199	1.10920392728072	98
0.04783920541394	1.66301380313369	98
-0.0996210340312	0.774433753881929	98
-0.00376293911344994	1.14544183354134	6
-0.03772766745806	0.971179568236575	6
0.0582805855647599	0.797430473384385	6
-0.00391944859509996	1.14608745729724	35
-0.09997095830854	0.774161366781223	35
0.0404719114938299	0.361322640689658	54
0.0400757313518501	0.361162560899904	220
-0.0998573327016901	0.774326861652598	5
0.06729408016793	0.590203599966043	3
0.0582516470812999	0.797772341886517	130
0.06652179801436	0.589470978357053	14
0.0404719114938299	0.361322640689658	14
0.0582516470812999	0.797772341886517	6
0.0931644419440201	1.01510003139785	6
-0.10009301784278	0.773998601930091	6
-0.0996210340312	0.774433753881929	6
-0.01886727796986	1.62855467235667	10
-0.0953750399306299	1.10890276686122	14
0.0671611502856	0.590087165510619	14
0.0349014677914199	1.48967236359433	169
0.05817931439108	0.797679491776654	169
0.09307053574539	1.01506199733172	14
0.11846594563983	1.36392177573483	98
-0.0999795413065401	0.774163935987156	98
0.0176945665369199	1.31667104625431	23
0.06626800442765	0.58951227776968	6
0.0928284799924399	1.01447188278909	118
-0.0954941429649601	1.10876383623045	6
-0.00373234668673006	1.14619646041486	54
0.11203095978099	1.19682218114904	54
0.0583675193827	0.797791482115468	54
0.05817931439108	0.797679491776654	156
-0.0998573327016901	0.774326861652598	156
-0.00399415082933996	1.14588779083778	5
-0.0628880914728101	1.28243929288868	283
0.03483487627271	1.48870604218131	5
0.0582951134101599	0.797784880803241	5
0.11843858650567	1.36305961863308	3
0.05822273219915	0.797691987551502	23
-0.0952825146996299	1.10887818635539	169
-0.0996210340312	0.774433753881929	14
-0.0382298020340199	1.45596447751077	98
-0.0377494238306	0.971192499435083	98
-0.03759812173156	0.971357094877432	85
0.0400757313518501	0.361162560899904	6
-0.0997349038953601	0.774341633185776	118
0.0405904054674899	0.361273728188317	35
0.0669079876023899	0.590129049397097	35
0.0405904054674899	0.361273728188317	35
-0.0375770736646299	0.971216031525722	35
0.11836038186052	1.36369259288262	54
0.11843983381257	1.363788488939	54
0.0928829264948601	1.01472280325666	220
0.0666544403313301	0.59000828848376	3
-0.00390429105450996	1.14612220009606	283
0.0178850965839901	1.31683916792252	14
-0.0995070690697399	0.774452381792266	14
-0.0998573327016901	0.774326861652598	23
0.0476415727748401	1.66200587594227	98
-0.0038525767806401	1.1454894827741	98
0.09308347816206	1.01515253512817	6
-0.0999881077500799	0.773840743719683	6
0.0666544403313301	0.59000828848376	6
0.04785509943299	1.66203459013219	6
-0.00390429105450996	1.14612220009606	118
0.03498030408266	1.4898887383622	54
0.0582516470812999	0.797772341886517	220
-0.01917438717069	1.62746940639961	10
-0.0953357329525499	1.109180653183	10
0.0400757313518501	0.361162560899904	3
-0.0628350221232301	1.28225234432498	283
-0.0381907722060499	1.456684008713	5
0.05832400447743	0.79777889706228	14
0.11829392314132	1.36354507986644	14
0.01775514367867	1.31681679420971	98
-0.0376417836587299	0.971237252051548	6
-0.0375761556577601	0.97120071712665	35
0.0582951134101599	0.797784880803241	54
0.0928959523292201	1.01499095487319	220
-0.06318319594719	1.28124548263608	10
0.0582516470812999	0.797772341886517	5
-0.0953224228540199	1.10920392728072	5
-0.0954016231661601	1.10904984901962	23
-0.03770645584084	0.97118520731588	23
0.05806373276334	0.79713982138369	14
-0.03770645584084	0.97118520731588	14
0.0929896814290101	1.01511461811393	14
-0.0375332920209499	0.971335989947976	14
0.11221417567966	1.19717358906083	98
0.0582805855647599	0.797430473384385	98
-0.03759812173156	0.971357094877432	98
-0.0954016231661601	1.10904984901962	6
0.11220611551615	1.19737223627029	6
-0.0374684243610801	0.971232920512448	85
0.0405904054674899	0.361273728188317	6
0.06640050781925	0.589791315671906	6
-0.0997349038953601	0.774341633185776	6
-0.0996210340312	0.774433753881929	6
0.0582951134101599	0.797784880803241	357
-0.0998400084105799	0.773698687949079	5
0.03995666139643	0.361009605400419	5
0.11214573315028	1.19700995913641	3
-0.0377926667403099	0.970647456267243	23
0.05813599240279	0.797331200154474	14
0.11845289174257	1.36389674047384	23
-0.0996297969318301	0.774437355317741	391
0.0929089962157501	1.01496515257567	6
0.0583963866130599	0.797687194353385	6
0.09308347816206	1.01515253512817	6
-0.0997436122822399	0.774418861125706	6
-0.00383730678130001	1.1460589544713	211
-0.06280784475197	1.28223162234305	211
-0.06302268659683	1.28213799022895	35
0.0928829264948601	1.01472280325666	35
-0.0998659701244799	0.774255798157072	35
0.05813599240279	0.797331200154474	54
0.0177176898651701	1.31674662495615	54
-0.0996297969318301	0.774437355317741	54
-0.0376847296890701	0.971317789997125	54
0.12268683737928	1.53240107921969	10
0.0400757313518501	0.361162560899904	202
-0.0999795413065401	0.774163935987156	202
-0.03759812173156	0.971357094877432	283
-0.1002214308639	1.4292999346812	5
-0.0998573327016901	0.774326861652598	14
0.0582662459451999	0.797390693711427	14
-0.0952299384867099	1.10920857535553	98
-0.0996297969318301	0.774437355317741	85
0.11853232022508	1.363809344998	85
0.0405904054674899	0.361273728188317	6
-0.0376847296890701	0.971317789997125	35
0.05817931439108	0.797679491776654	44
-0.0375540994816399	0.970775811600493	5
0.0476870348054499	1.66248880595867	283
0.0178850965839901	1.31683916792252	3
0.0669079876023899	0.590129049397097	14
-0.0993930088925701	0.774381147082806	14
0.0177782693851201	1.31689238990432	98
0.05832400447743	0.79777889706228	391
0.05817931439108	0.797679491776654	391
-0.0629942534069401	1.28239709328681	6
0.0929637311571201	1.01434754167408	6
0.09308347816206	1.01515253512817	77
0.0582516470812999	0.797772341886517	6
-0.03772766745806	0.971179568236575	6
0.11202299036526	1.19684698041237	6
0.11834733364942	1.3634932741219	6
0.05832400447743	0.79777889706228	35
-0.03764100734363	0.971148479720349	35
-0.0999795413065401	0.774163935987156	35
-0.10009301784278	0.773998601930091	54
-0.09504500906271	1.10846279140912	10
-0.0375770736646299	0.971216031525722	3
0.0667870930537	0.589616020977837	23
0.11846594563983	1.36392177573483	130
0.0404719114938299	0.361322640689658	14
0.04035320892594	0.361169722228799	14
0.0666544403313301	0.59000828848376	14
-0.0376847296890701	0.971317789997125	14
0.11223634861539	1.19727846089222	14
-0.09542822115104	1.10893769082864	98
0.0582951134101599	0.797784880803241	23
-0.10020639985157	0.773743447762429	6
0.01786196807041	1.31690885537426	6
-0.0037399786372001	1.14614273997489	211
-0.0376190111045001	0.970723521706025	211
0.11217591035637	1.19728192741819	35
0.0929896814290101	1.01511461811393	54
0.0584687935218	0.797395144295211	54
0.0404719114938299	0.361322640689658	54
-0.0375341413300701	0.970700170155479	5
0.04019459198889	0.361113808702474	202
-0.00391186442864	1.14614110823046	3
-0.00332708133020998	1.7974901574212	23
-0.0955207224383601	1.108514272444	23
0.0928959523292201	1.01499095487319	14
0.0400757313518501	0.361162560899904	14
0.0666544403313301	0.59000828848376	14
0.05822273219915	0.797691987551502	23
-0.0375552278978399	0.971348728509458	6
-0.10018044594398	1.42911617587349	85
-0.10008448922115	0.773906023057076	6
0.0582951134101599	0.797784880803241	6
0.0666544403313301	0.59000828848376	6
0.03995666139643	0.361009605400419	211
0.11838646618932	1.36382581239861	35
0.0666544403313301	0.59000828848376	54
0.06626800442765	0.58951227776968	54
0.04035320892594	0.361169722228799	54
0.06626800442765	0.58951227776968	54
0.04035320892594	0.361169722228799	220
0.0582516470812999	0.797772341886517	10
0.06779953055876	0.590281779562666	283
0.04035320892594	0.361169722228799	283
0.12280313083314	1.53219521344883	5
-0.0040915874888201	1.14552322374695	5
0.01774081341129	1.31674960255633	5
0.0582805855647599	0.797430473384385	3
0.0405904054674899	0.361273728188317	14
0.0404719114938299	0.361322640689658	37
-0.00391944859509996	1.14608745729724	14
-0.09975230417822	0.774274178577378	98
-0.06296707703879	1.28237633464647	98
-0.0953091164470401	1.10916330782568	23
0.0931644419440201	1.01510003139785	54
0.0405904054674899	0.361273728188317	44
0.09307053574539	1.01506199733172	10
-0.0953883297057601	1.10900921430707	10
-0.09963854334916	0.77420270997835	5
-0.09524325785113	1.10924916729094	3
0.11828089270471	1.3634369282367	3
-0.09524325785113	1.10924916729094	3
0.11854538787763	1.36383440668015	130
-0.0381470270873801	1.45669085329474	130
-0.09997095830854	0.774161366781223	14
0.04035320892594	0.361169722228799	6
0.01784764779204	1.31667952320161	391
0.0175877390075201	1.31600493038784	6
-0.03751232582008	0.971112865480314	85
0.0580347229940099	0.797093811834519	6
0.0404719114938299	0.361322640689658	6
-0.0376199977242699	0.971369902993594	6
0.11839950230927	1.36376987050119	6
-0.0374255745066701	0.971034627776287	35
0.09308347816206	1.01515253512817	35
0.0929766972884001	1.01493823898538	54
-0.00374762136233997	1.14601124538298	357
-0.00400926057792006	1.14585313470885	10
0.12271009537197	1.53252357342144	5
0.06754699712777	0.590324009457586	5
0.0400757313518501	0.361162560899904	202
0.06729408016793	0.590203599966043	5
0.01786196807041	1.31690885537426	5
-0.06294116856962	1.28247683048444	23
0.11845289174257	1.36389674047384	6
0.12284025651849	1.53241045230602	6
0.0405904054674899	0.361273728188317	6
0.0666544403313301	0.59000828848376	6
-0.00373234668673006	1.14619646041486	6
-0.0377926667403099	0.970647456267243	162
0.0400757313518501	0.361162560899904	35
-0.0631288619968899	1.28186897875034	35
0.0404719114938299	0.361322640689658	163
0.04035320892594	0.361169722228799	163
0.11223634861539	1.19727846089222	44
0.0404719114938299	0.361322640689658	202
0.05822273219915	0.797691987551502	283
-0.0375552278978399	0.971348728509458	3
-0.0999795413065401	0.774163935987156	3
0.03995666139643	0.361009605400419	303
0.0582516470812999	0.797772341886517	6
0.05813599240279	0.797331200154474	6
-0.09997095830854	0.774161366781223	23
-0.09524325785113	1.10924916729094	98
-0.00370192674578007	1.14565536984142	98
-0.0377710902494499	0.971060007159056	98
0.0929896814290101	1.01511461811393	98
0.0582516470812999	0.797772341886517	6
-0.0952958137295801	1.1090568619249	6
0.0583963866130599	0.797687194353385	6
0.0404719114938299	0.361322640689658	6
-0.10020639985157	0.773743447762429	6
-0.0952166228159399	1.10910215926925	6
0.0583675193827	0.797791482115468	35
0.0176714434238701	1.31651925107115	35
-0.0997436122822399	0.774418861125706	54
-0.0954941429649601	1.10876383623045	54
-0.09524325785113	1.10924916729094	54
0.0928959523292201	1.01499095487319	54
0.0404719114938299	0.361322640689658	54
0.11841370585021	1.36328124103043	10
0.11209146650402	1.19718453032602	10
-0.09997095830854	0.774161366781223	5
0.03995666139643	0.361009605400419	283
0.11217591035637	1.19728192741819	283
-0.10002417105518	1.42999665247261	283
-0.0375332920209499	0.971335989947976	130
0.0671611502856	0.590087165510619	303
0.0404719114938299	0.361322640689658	303
0.11206920343166	1.19697006676344	98
-0.03759812173156	0.971357094877432	391
-0.00381448260992001	1.14622526380948	23
0.11212176168975	1.19709085061033	6
0.0400757313518501	0.361162560899904	35
-0.0996210340312	0.774433753881929	54
0.0582516470812999	0.797772341886517	54
0.0666544403313301	0.59000828848376	54
0.0400757313518501	0.361162560899904	163
0.06729408016793	0.590203599966043	163
0.0582516470812999	0.797772341886517	54
-0.08165466056381	1.9138792602156	5
-0.00389672847823008	1.14603064260661	5
0.0400757313518501	0.361162560899904	6
-0.10020639985157	0.773743447762429	6
-0.0954149203138901	1.10902660350339	23
-0.0376847296890701	0.971317789997125	98
0.12273335371078	1.53256434383476	23
0.05817931439108	0.797679491776654	391
-0.10009301784278	0.773998601930091	85
0.0177639371779299	1.31667991034522	85
0.0929089962157501	1.01496515257567	6
0.06729408016793	0.590203599966043	6
-0.0997436122822399	0.774418861125706	162
-0.0954016231661601	1.10904984901962	35
0.12272395436852	1.53219799065654	35
0.06640050781925	0.589791315671906	54
0.05832400447743	0.79777889706228	163
-0.0997349038953601	0.774341633185776	163
0.04019459198889	0.361113808702474	163
-0.0998486787805399	0.774176029611433	54
-0.09975230417822	0.774274178577378	54
0.06729408016793	0.590203599966043	283
0.11854538787763	1.36383440668015	3
-0.0376629135311699	0.971304917656255	3
-0.10021485757782	0.773583964004878	3
0.0351136205954199	1.48968761244544	6
-0.03759812173156	0.971357094877432	85
0.0580347229940099	0.797093811834519	6
0.06640050781925	0.589791315671906	6
-0.0998573327016901	0.774326861652598	162
0.04019459198889	0.361113808702474	35
0.12280758236323	1.53222206883487	35
0.0669079876023899	0.590129049397097	163
-0.10009301784278	0.773998601930091	54
0.06626800442765	0.58951227776968	54
0.0669079876023899	0.590129049397097	54
0.0400757313518501	0.361162560899904	202
0.04019459198889	0.361113808702474	283
-0.00388917670528999	1.14586100594575	3
-0.06318196131114	1.28156221939634	6
0.0580347229940099	0.797093811834519	6
-0.0629929918688601	1.28209934618668	162
0.11839950230927	1.36376987050119	162
-0.0998659701244799	0.774255798157072	35
-0.09545430138779	1.10863999144858	35
0.06729408016793	0.590203599966043	54
0.0404719114938299	0.361322640689658	54
-0.10017616579415	1.42963399279425	10
0.0405904054674899	0.361273728188317	5
0.04035320892594	0.361169722228799	202
0.0930026836146201	1.0150029618971	283
0.0669079876023899	0.590129049397097	283
-0.0375332920209499	0.971335989947976	283
-0.0376629135311699	0.971304917656255	3
0.0666544403313301	0.59000828848376	37
0.0582516470812999	0.797772341886517	6
-0.00389672847823008	1.14603064260661	391
0.09307053574539	1.01506199733172	6
-0.09515079585498	1.10912068986755	85
0.0405904054674899	0.361273728188317	6
0.0400757313518501	0.361162560899904	6
-0.10009301784278	0.773998601930091	6
-0.0378353350226599	0.970502277229373	35
0.04019459198889	0.361113808702474	54
-0.0997436122822399	0.774418861125706	54
0.03995666139643	0.361009605400419	54
0.04035320892594	0.361169722228799	202
0.11830694955005	1.36357004823443	3
0.09281537634135	1.01484161778391	23
0.03995666139643	0.361009605400419	6
0.0932584159624801	1.0150461797237	391
-0.00373234668673006	1.14619646041486	391
0.05806373276334	0.79713982138369	6
0.06754699712777	0.590324009457586	6
-0.0998659701244799	0.774255798157072	6
-0.0997436122822399	0.774418861125706	35
0.05817931439108	0.797679491776654	54
0.03995666139643	0.361009605400419	54
0.0404719114938299	0.361322640689658	54
0.0660138251920299	0.589391230638723	54
0.09281537634135	1.01484161778391	54
-0.0377494238306	0.971192499435083	54
0.0582951134101599	0.797784880803241	54
0.0400757313518501	0.361162560899904	54
-0.09996235880499	0.773920592462937	54
0.04035320892594	0.361169722228799	54
0.0178388397673299	1.31690586529848	10
-0.0383390487025601	1.45612077282494	10
0.06729408016793	0.590203599966043	283
0.0404719114938299	0.361322640689658	6
0.0667870930537	0.589616020977837	6
0.05813599240279	0.797331200154474	6
-0.10010152990328	0.773749047438567	6
0.0348211566880099	1.48923327676469	23
0.12272395436852	1.53219799065654	85
0.03511511015036	1.48986792541451	85
0.05832400447743	0.79777889706228	6
0.0581070063731699	0.797487899674034	6
0.0669079876023899	0.590129049397097	6
0.12274721411719	1.53240765743908	6
0.11228261879729	1.19705561837483	6
0.0669079876023899	0.590129049397097	6
-0.00388917670528999	1.14586100594575	5
-0.0630498552599601	1.28187504866877	3
0.0929896814290101	1.01511461811393	6
0.0580780439275299	0.797106236295213	6
-0.0953091164470401	1.10916330782568	6
-0.0378356869230301	0.970853229111692	6
-0.09542822115104	1.10893769082864	6
0.05817931439108	0.797679491776654	98
-0.09544152567958	1.10877688420549	23
-0.03751126601183	0.97117970489929	23
-0.10015565523953	1.42963651481672	6
-0.10010152990328	0.773749047438567	85
0.0661461894111901	0.58941996665963	6
-0.0954016231661601	1.10904984901962	6
0.11206119919618	1.1970941656282	6
0.0926415257655	1.01413360573067	162
0.0666544403313301	0.59000828848376	162
0.0655043071522501	0.588802943698808	54
0.06640050781925	0.589791315671906	54
0.0581503757161399	0.797500355917327	54
-0.0999795413065401	0.774163935987156	10
0.11217591035637	1.19728192741819	3
0.0405904054674899	0.361273728188317	6
-0.0996210340312	0.774433753881929	6
-0.06294116856962	1.28247683048444	6
-0.0952832381254201	1.10897600538362	6
-0.00400926057792006	1.14585313470885	6
0.04788888022569	1.66254420522039	6
-0.0997436122822399	0.774418861125706	6
0.0660138251920299	0.589391230638723	6
-0.00391944859509996	1.14608745729724	35
-0.09995374284522	0.773250911867399	54
0.0583963866130599	0.797687194353385	54
0.0932584159624801	1.0150461797237	54
0.04035320892594	0.361169722228799	5
-0.0377710902494499	0.971060007159056	5
-0.10009301784278	0.773998601930091	6
0.06729408016793	0.590203599966043	5
0.06704077902752	0.589986987289273	5
0.0350591117418799	1.48944337418782	3
-0.09997095830854	0.774161366781223	6
-0.10002417105518	1.42999665247261	23
0.11206119919618	1.1970941656282	6
-0.0628350221232301	1.28225234432498	6
0.12279373463079	1.5325709279016	85
0.11833299028881	1.36337478414972	6
0.0669079876023899	0.590129049397097	6
0.11857151108193	1.36363929871807	6
0.0928829264948601	1.01472280325666	2
-0.0376199977242699	0.971369902993594	162
0.0405904054674899	0.361273728188317	54
0.04035320892594	0.361169722228799	54
0.05820827665872	0.79742393937989	54
-0.00380689612946994	1.14613373756296	54
0.09262833885246	1.01429436864152	54
0.05813599240279	0.797331200154474	10
0.0577068367953	1.83280259761787	10
-0.10006524007874	1.42992918005617	5
0.11825340902879	1.36293766366264	23
0.0666544403313301	0.59000828848376	6
0.09305761133047	1.01456292338557	23
-0.0377705969878599	0.970816165302698	6
0.11212966873912	1.19733244835361	162
-0.00391944859509996	1.14608745729724	54
0.05813599240279	0.797331200154474	54
0.0928959523292201	1.01499095487319	54
-0.03759812173156	0.971357094877432	54
0.01763398027087	1.31639315234962	54
-0.0188273651284201	1.62855152203801	10
0.04035320892594	0.361169722228799	10
0.06754699712777	0.590324009457586	10
-0.0952299384867099	1.10920857535553	10
-0.05640349611775	1.76790020774577	10
0.09307053574539	1.01506199733172	104
-0.0997436122822399	0.774418861125706	270
-0.0998573327016901	0.774326861652598	5
0.11215994324786	1.1972387166861	23
0.11209146650402	1.19718453032602	6
0.05819384091091	0.797199179169602	6
-0.0952565809111401	1.10922586789114	6
0.06637059399151	2.00220878527785	23
0.01765710123163	1.3164687002915	23
-0.10009301784278	0.773998601930091	391
-0.0763419813633699	1.59916179368756	6
0.1225893123695	1.53203929792298	6
-0.0999881077500799	0.773840743719683	2
-0.0375552278978399	0.971348728509458	6
-0.0630473459779199	1.28220770319229	162
-0.00390429105450996	1.14612220009606	54
-0.09997095830854	0.774161366781223	54
-0.0996210340312	0.774433753881929	54
0.0669079876023899	0.590129049397097	10
-0.0629955159293201	1.28232067962445	104
-0.0375332920209499	0.971335989947976	270
0.0929896814290101	1.01511461811393	270
0.0350591117418799	1.48944337418782	5
0.0931644419440201	1.01510003139785	3
0.11212966873912	1.19733244835361	243
-0.0998573327016901	0.774326861652598	243
-0.0999795413065401	0.774163935987156	6
0.12268683737928	1.53240107921969	6
-0.0377926667403099	0.970647456267243	6
0.05833867576296	0.79748357258179	6
0.0178707743656501	1.31644816263867	23
-0.0998573327016901	0.774326861652598	6
-0.0628880914728101	1.28243929288868	85
-0.0376199977242699	0.971369902993594	6
0.11837342604012	1.36380080845913	6
0.11821438307055	1.36310791750677	35
-0.00391944859509996	1.14608745729724	162
-0.0997349038953601	0.774341633185776	54
0.0581070063731699	0.797487899674034	5
-0.0999795413065401	0.774163935987156	10
0.06626800442765	0.58951227776968	10
0.0657592596523799	0.589174142486685	10
-0.0953091164470401	1.10916330782568	6
0.0400757313518501	0.361162560899904	5
-0.0999795413065401	0.774163935987156	3
0.05817931439108	0.797679491776654	3
-0.0997436122822399	0.774418861125706	23
0.0929896814290101	1.01511461811393	53
0.12275661239863	1.53252501484665	23
-0.0376199977242699	0.971369902993594	23
0.05832400447743	0.79777889706228	391
0.05817931439108	0.797679491776654	6
-0.0996297969318301	0.774437355317741	6
-0.0629139918716399	1.2824560732317	6
-0.0999795413065401	0.774163935987156	6
0.0351969004971699	1.48919549342426	162
0.06754699712777	0.590324009457586	162
-0.09963854334916	0.77420270997835	162
0.11212966873912	1.19733244835361	54
-0.03772766745806	0.971179568236575	54
0.09307053574539	1.01506199733172	54
-0.10020639985157	0.773743447762429	54
-0.0997436122822399	0.774418861125706	10
-0.09997095830854	0.774161366781223	10
0.11828089270471	1.3634369282367	6
0.0660138251920299	0.589391230638723	3
-0.0377710902494499	0.971060007159056	3
0.11209942212886	1.19724209000592	243
0.0583675193827	0.797791482115468	6
-0.09976097953372	0.773787596943409	35
-0.0999795413065401	0.774163935987156	162
-0.0999795413065401	0.774163935987156	54
-0.12021304010696	1.89335302141397	10
-0.0998573327016901	0.774326861652598	5
0.0405904054674899	0.361273728188317	10
0.11845289174257	1.36389674047384	10
-0.00391186442864	1.14614110823046	5
-0.0998486787805399	0.774176029611433	3
-0.03751126601183	0.97117970489929	6
0.04786408703858	1.66300682995499	6
-0.00391944859509996	1.14608745729724	391
0.12269622096408	1.53236133849357	6
0.1121074612167	1.19703151090983	6
-0.0376199977242699	0.971369902993594	6
0.0930026836146201	1.0150029618971	6
0.09281537634135	1.01484161778391	6
-0.0952299384867099	1.10920857535553	6
-0.0375332920209499	0.971335989947976	162
-0.0998659701244799	0.774255798157072	162
-0.00391944859509996	1.14608745729724	35
0.06626800442765	0.58951227776968	54
-0.00381448260992001	1.14622526380948	6
0.04019459198889	0.361113808702474	358
-0.0038525767806401	1.1454894827741	5
-0.0954149203138901	1.10902660350339	5
-0.0997436122822399	0.774418861125706	5
-0.0996210340312	0.774433753881929	5
-0.03738137268704	0.9708660684124	3
-0.0629929918688601	1.28209934618668	243
-0.0374684243610801	0.971232920512448	6
0.11831997193212	1.36351409835264	391
-0.0378356869230301	0.970853229111692	391
0.11220611551615	1.19737223627029	23
-0.09520331083685	1.1089235160465	6
0.05820827665872	0.79742393937989	6
-0.00391944859509996	1.14608745729724	6
-0.0997436122822399	0.774418861125706	6
-0.03772766745806	0.971179568236575	162
0.0405904054674899	0.361273728188317	35
-0.0999881077500799	0.773840743719683	162
0.0404719114938299	0.361322640689658	10
0.06640050781925	0.589791315671906	6
-0.0999795413065401	0.774163935987156	23
0.05781357485547	1.83332908591627	6
-0.0376417836587299	0.971237252051548	6
-0.0996297969318301	0.774437355317741	6
0.0657592596523799	0.589174142486685	6
-0.0997436122822399	0.774418861125706	162
-0.09553401770792	1.10826795893098	54
0.0404719114938299	0.361322640689658	54
0.04019459198889	0.361113808702474	10
-0.0376199977242699	0.971369902993594	5
-0.10002010576898	1.42982404312891	5
0.12273335371078	1.53256434383476	6
-0.03770645584084	0.97118520731588	3
-0.0951774642191801	1.10913791862697	243
0.0177782693851201	1.31689238990432	23
0.11836038186052	1.36369259288262	53
-0.00412179777515997	1.1447698636921	6
-0.09976097953372	0.773787596943409	6
0.11221417567966	1.19717358906083	2
-0.0629139918716399	1.2824560732317	2
-0.0952565809111401	1.10922586789114	6
-0.00390429105450996	1.14612220009606	35
-0.00389672847823008	1.14603064260661	162
0.09281537634135	1.01484161778391	54
-0.0374255745066701	0.971034627776287	54
-0.03779238355054	0.970972622298318	10
-0.0996297969318301	0.774437355317741	5
-0.00390429105450996	1.14612220009606	6
-0.09542822115104	1.10893769082864	104
0.11854538787763	1.36383440668015	5
0.0583675193827	0.797791482115468	23
-0.09975230417822	0.774274178577378	6
0.12277047420366	1.53253015141933	6
0.0929896814290101	1.01511461811393	6
-0.0375552278978399	0.971348728509458	6
-0.00400926057792006	1.14585313470885	6
-0.00373234668673006	1.14619646041486	6
-0.0375341413300701	0.970700170155479	6
-0.09997095830854	0.774161366781223	6
0.09281537634135	1.01484161778391	2
-0.00391944859509996	1.14608745729724	6
-0.10021485757782	0.773583964004878	162
0.11213765917752	1.19730352814855	162
-0.00391186442864	1.14614110823046	54
-0.10008448922115	0.773906023057076	54
0.09315155927538	1.0146867240711	54
0.0666544403313301	0.59000828848376	54
0.03495305115064	1.4897286396594	6
0.0580780439275299	0.797106236295213	358
0.0400757313518501	0.361162560899904	358
0.01029123487348	1.96722740762584	5
-0.0376629135311699	0.971304917656255	270
0.0581070063731699	0.797487899674034	270
0.0178388397673299	1.31690586529848	23
0.0669079876023899	0.590129049397097	53
-0.0999881077500799	0.773840743719683	23
0.0179456625882399	1.31669083918847	6
-0.0953224228540199	1.10920392728072	6
0.09270869671627	1.01444337638405	2
0.11846594563983	1.36392177573483	2
-0.0997436122822399	0.774418861125706	54
0.0929220581896699	1.01450959971465	54
0.11838646618932	1.36382581239861	54
-0.0998659701244799	0.774255798157072	54
0.0666544403313301	0.59000828848376	54
-0.0999173916809499	1.42983685316694	270
0.11841370585021	1.36328124103043	3
0.0175733849048401	1.3159538746158	243
0.05848360988298	0.79739877281669	53
-0.0188074129101801	1.62844669310854	23
0.12253518544123	1.53153814534135	23
-0.09997095830854	0.774161366781223	23
-0.0952699076686101	1.1091368898902	6
0.11206119919618	1.1970941656282	6
0.03508785082435	1.48993005552971	6
-0.00391186442864	1.14614110823046	6
0.0669079876023899	0.590129049397097	6
-0.00371711513271	1.14608617026441	2
0.11843983381257	1.363788488939	2
-0.10020639985157	0.773743447762429	6
-0.00365032070149995	1.14578530741327	162
0.0929896814290101	1.01511461811393	54
0.0400757313518501	0.361162560899904	5
0.04019459198889	0.361113808702474	358
0.06729408016793	0.590203599966043	5
-0.0952958137295801	1.1090568619249	104
0.01768576781048	1.31608938464407	23
-0.10021485757782	0.773583964004878	53
0.0657592596523799	0.589174142486685	53
0.0400757313518501	0.361162560899904	23
-0.0999881077500799	0.773840743719683	23
0.0581070063731699	0.797487899674034	23
-0.0952299384867099	1.10920857535553	6
-0.03802322481627	1.45632330100297	6
0.11845289174257	1.36389674047384	6
0.0928959523292201	1.01499095487319	6
0.06729408016793	0.590203599966043	6
-0.0998659701244799	0.774255798157072	6
0.05817931439108	0.797679491776654	6
0.0931644419440201	1.01510003139785	6
-0.0955207224383601	1.108514272444	2
-0.09542822115104	1.10893769082864	162
0.09305761133047	1.01456292338557	162
0.0404719114938299	0.361322640689658	54
0.05822273219915	0.797691987551502	54
-0.09997095830854	0.774161366781223	54
0.0667870930537	0.589616020977837	69
-0.10002010576898	1.42982404312891	6
0.0404719114938299	0.361322640689658	5
0.04019459198889	0.361113808702474	358
-0.10009301784278	0.773998601930091	5
0.06640050781925	0.589791315671906	104
0.04783920541394	1.66301380313369	270
-0.03770645584084	0.97118520731588	23
-0.0955335980690699	1.10824450891626	23
-0.0995070690697399	0.774452381792266	53
0.04019459198889	0.361113808702474	53
0.0405904054674899	0.361273728188317	53
0.06640050781925	0.589791315671906	23
0.11209146650402	1.19718453032602	23
-0.0378356869230301	0.970853229111692	85
0.0666544403313301	0.59000828848376	6
-0.0999795413065401	0.774163935987156	2
-0.0998745909997401	0.773859043017742	69
-0.0382564242927499	1.45614804715158	5
0.0657592596523799	0.589174142486685	104
0.0582951134101599	0.797784880803241	104
-0.0763359604824001	1.59925861224011	104
-0.00352180156842996	1.79668011324814	270
-0.0993841204043999	0.774230707923706	3
-0.0997349038953601	0.774341633185776	3
0.11219024564013	1.19679049914489	3
0.0666544403313301	0.59000828848376	53
0.0404719114938299	0.361322640689658	53
0.0405904054674899	0.361273728188317	53
0.06626800442765	0.58951227776968	23
-0.0997349038953601	0.774341633185776	6
-0.10009301784278	0.773998601930091	6
0.12269670754495	1.53173660500413	6
0.03503333833898	1.48983474314799	6
-0.0996210340312	0.774433753881929	6
0.0582951134101599	0.797784880803241	6
-0.0376417836587299	0.971237252051548	6
-0.09546757823198	1.10874641219142	6
0.0929896814290101	1.01511461811393	35
0.03995666139643	0.361009605400419	35
0.07418322941778	2.17175570788823	162
0.04035320892594	0.361169722228799	54
0.0583675193827	0.797791482115468	54
-0.00382968794147009	1.14619044136978	10
0.0660138251920299	0.589391230638723	6
-0.06291526649569	1.28239460259991	6
-0.0375761556577601	0.97120071712665	23
-0.0997436122822399	0.774418861125706	243
0.06626800442765	0.58951227776968	23
-0.09997095830854	0.774161366781223	6
-0.0189939318045	1.6280080459876	85
0.06729408016793	0.590203599966043	6
0.0929896814290101	1.01511461811393	35
0.0657592596523799	0.589174142486685	54
0.0657592596523799	0.589174142486685	54
-0.0999881077500799	0.773840743719683	54
0.0400757313518501	0.361162560899904	5
0.0583963866130599	0.797687194353385	6
-0.10010152990328	0.773749047438567	5
0.03506059355487	1.4899189792874	5
-0.0628324496702599	1.28196961925628	5
-0.00373234668673006	1.14619646041486	5
0.04019459198889	0.361113808702474	53
0.11215208473825	1.19664277256518	23
-0.0376199977242699	0.971369902993594	6
-0.0376199977242699	0.971369902993594	6
0.0667870930537	0.589616020977837	6
-0.0999795413065401	0.774163935987156	2
0.0928959523292201	1.01499095487319	2
0.11213765917752	1.19730352814855	6
0.05833867576296	0.79748357258179	35
0.12269622096408	1.53236133849357	10
0.11206119919618	1.1970941656282	5
0.0657592596523799	0.589174142486685	5
-0.01906768537195	1.62812815699714	270
0.04788011211571	1.66278562209654	5
0.0349817739679401	1.48989882444926	3
0.0582951134101599	0.797784880803241	53
0.0669079876023899	0.590129049397097	6
-0.0376847296890701	0.971317789997125	6
0.0177320181824601	1.31666496861891	6
0.0400757313518501	0.361162560899904	2
0.0582951134101599	0.797784880803241	6
-0.1001309494723	1.42979981415944	2
-0.0377926667403099	0.970647456267243	6
0.0660138251920299	0.589391230638723	6
0.11215994324786	1.1972387166861	35
-0.09997095830854	0.774161366781223	5
-0.00400926057792006	1.14585313470885	5
-0.06296834325455	1.28243214104642	243
-0.10020639985157	0.773743447762429	53
0.11839950230927	1.36376987050119	23
0.12277987143844	1.53240383744197	6
0.0928022907844199	1.01477559073757	6
-0.0376199977242699	0.971369902993594	2
-0.03779238355054	0.970972622298318	6
0.11858456663579	1.3634085749302	6
0.05813599240279	0.797331200154474	129
0.0584399501503501	0.79769982874826	54
0.0929896814290101	1.01511461811393	54
-0.0996297969318301	0.774437355317741	54
-0.03751126601183	0.97117970489929	54
0.06729408016793	0.590203599966043	5
-0.0376629135311699	0.971304917656255	6
-0.09520414738843	1.10888808105017	3
-0.0629955159293201	1.28232067962445	243
0.0930026836146201	1.0150029618971	23
-0.0376199977242699	0.971369902993594	6
-0.0040765471445301	1.14541272867225	6
0.11838646618932	1.36382581239861	6
0.11215994324786	1.1972387166861	6
0.1183081648165	1.36191662322604	35
0.05806373276334	0.79713982138369	69
0.1186378702582	1.36331441541324	5
-0.00391186442864	1.14614110823046	6
0.0349545171453001	1.48988775933262	6
0.0177176898651701	1.31674662495615	6
0.06640050781925	0.589791315671906	5
0.06729408016793	0.590203599966043	5
0.0404719114938299	0.361322640689658	5
0.11845289174257	1.36389674047384	270
-0.1000036439209	1.42993684133984	6
-0.0997436122822399	0.774418861125706	53
0.0404719114938299	0.361322640689658	53
0.0582516470812999	0.797772341886517	53
-0.0374684243610801	0.971232920512448	23
0.0582516470812999	0.797772341886517	6
0.11839950230927	1.36376987050119	54
-0.0377926667403099	0.970647456267243	35
0.09307053574539	1.01506199733172	54
-0.03600082359756	2.41143304652932	10
0.11222842060246	1.19685183075257	10
0.04782311711014	1.66263087729654	6
-0.06296707703879	1.28237633464647	6
0.05833867576296	0.79748357258179	6
0.0404719114938299	0.361322640689658	6
-0.09542822115104	1.10893769082864	23
0.06729408016793	0.590203599966043	53
-0.03772766745806	0.971179568236575	6
0.11212966873912	1.19733244835361	6
-0.09515079585498	1.10912068986755	6
0.11853232022508	1.363809344998	23
0.11220611551615	1.19737223627029	23
-0.10009301784278	0.773998601930091	6
-0.0996297969318301	0.774437355317741	2
-0.0999795413065401	0.774163935987156	6
0.0660138251920299	0.589391230638723	129
-0.0999795413065401	0.774163935987156	54
0.0581070063731699	0.797487899674034	276
-0.09996235880499	0.773920592462937	6
0.0927892232866001	1.01439054729322	5
0.12261542837083	1.53208511509422	23
0.05822273219915	0.797691987551502	53
0.06704077902752	0.589986987289273	53
0.0400757313518501	0.361162560899904	53
0.0404719114938299	0.361322640689658	6
-0.09991333007018	1.42992094326867	6
-0.0763501909970401	1.59829079383016	6
0.09307053574539	1.01506199733172	6
-0.06286219748853	1.28220765920754	162
-0.0375770736646299	0.971216031525722	54
0.0582951134101599	0.797784880803241	23
-0.00397908429432992	1.14562661712368	23
-0.00400926057792006	1.14585313470885	6
0.0582805855647599	0.797430473384385	6
0.0669079876023899	0.590129049397097	6
0.06754699712777	0.590324009457586	54
-0.09996235880499	0.773920592462937	5
0.0349545171453001	1.48988775933262	270
-0.0189340635122801	1.62853320997993	5
-0.0376417836587299	0.971237252051548	6
-0.09997095830854	0.774161366781223	6
0.11853232022508	1.363809344998	6
0.01776945609522	1.31644181728237	6
0.0582805855647599	0.797430473384385	6
-0.0999795413065401	0.774163935987156	6
-0.0997436122822399	0.774418861125706	6
0.0582951134101599	0.797784880803241	23
-0.09995846255172	1.43002059814717	23
0.11212176168975	1.19709085061033	6
0.0583963866130599	0.797687194353385	6
-0.03781351830072	0.97007771886859	54
-0.10020639985157	0.773743447762429	54
0.0929220581896699	1.01450959971465	276
-0.10007594408703	0.773472574326896	276
-0.10020639985157	0.773743447762429	5
-0.0998486787805399	0.774176029611433	5
0.12261542837083	1.53208511509422	6
0.0177782693851201	1.31689238990432	6
-0.0628609144404499	1.28241854695205	6
0.0929896814290101	1.01511461811393	6
0.11842677184877	1.3635891291235	6
-0.10028722880484	1.42884145862917	6
-0.06283373539569	1.28233093364841	6
-0.00391944859509996	1.14608745729724	2
0.0349545171453001	1.48988775933262	6
0.12262645217491	1.53223743572122	54
-0.0995070690697399	0.774452381792266	35
0.0581070063731699	0.797487899674034	54
-0.0998573327016901	0.774326861652598	276
0.0175877390075201	1.31600493038784	5
0.11208359419639	1.19684373267159	6
0.09309643861636	1.01494888434125	53
0.06754699712777	0.590324009457586	53
0.06779953055876	0.590281779562666	53
0.0583675193827	0.797791482115468	6
-0.00390429105450996	1.14612220009606	6
-0.0952166228159399	1.10910215926925	6
0.11221417567966	1.19717358906083	6
0.03995666139643	0.361009605400419	6
0.0667870930537	0.589616020977837	6
-0.03812759693346	1.4567403881436	6
0.0661461894111901	0.58941996665963	54
0.11842556246621	1.36339969894907	54
-0.03827583893741	1.45640753424195	276
-0.09545483390151	1.1085304379891	6
0.11209146650402	1.19718453032602	6
-0.0375552278978399	0.971348728509458	270
0.12277047420366	1.53253015141933	6
0.0928959523292201	1.01499095487319	53
-0.0381907722060499	1.456684008713	6
0.11206119919618	1.1970941656282	6
-0.00400926057792006	1.14585313470885	6
0.11216788507174	1.197393867706	6
0.11838646618932	1.36382581239861	2
0.0349545171453001	1.48988775933262	2
0.05841113039771	0.79749024913428	129
0.0582516470812999	0.797772341886517	54
0.0349559830724	1.48962129723847	6
0.0177782693851201	1.31689238990432	6
0.04786408703858	1.66300682995499	335
-0.0953224228540199	1.10920392728072	270
0.11845289174257	1.36389674047384	5
-0.0998486787805399	0.774176029611433	6
-0.00371711513271	1.14608617026441	6
0.0932584159624801	1.0150461797237	6
-0.0631560299763301	1.28160612642831	6
-0.0999881077500799	0.773840743719683	54
0.0928022907844199	1.01477559073757	5
0.0927349692105499	1.01434853374846	6
-0.0997436122822399	0.774418861125706	6
-0.0994018809641699	0.774101951035146	6
0.11826785823903	1.36323770450564	6
-0.03802065713569	1.45667538238408	23
0.03498030408266	1.4898887383622	23
-0.09975230417822	0.774274178577378	6
-0.06302142775844	1.28235240942454	6
-0.0997349038953601	0.774341633185776	6
-0.0375332920209499	0.971335989947976	2
-0.0999795413065401	0.774163935987156	25
-0.09548085875698	1.10878704990263	35
-0.00383730678130001	1.1460589544713	46
-0.0999881077500799	0.773840743719683	6
0.0582662459451999	0.797390693711427	5
0.0581070063731699	0.797487899674034	5
0.11842677184877	1.3635891291235	5
-0.0377494238306	0.971192499435083	6
-0.09997095830854	0.774161366781223	6
-0.03779238355054	0.970972622298318	5
-0.0630757704231899	1.28205828288189	5
-0.0377494238306	0.971192499435083	23
0.11206920343166	1.19697006676344	23
0.0666544403313301	0.59000828848376	53
0.0581503757161399	0.797500355917327	53
-0.0374684243610801	0.971232920512448	6
0.12266357972983	1.53219140551557	6
-0.0955734008747899	1.10836831635989	54
0.06729408016793	0.590203599966043	54
-0.00390429105450996	1.14612220009606	54
0.0928959523292201	1.01499095487319	276
0.03995666139643	0.361009605400419	6
-0.0232006172430901	2.10725507344918	6
0.0178388397673299	1.31690586529848	6
0.0404719114938299	0.361322640689658	6
-0.0999881077500799	0.773840743719683	23
-0.00383730678130001	1.1460589544713	53
0.0582516470812999	0.797772341886517	6
-0.0375761556577601	0.97120071712665	6
-0.0376199977242699	0.971369902993594	6
0.0177782693851201	1.31689238990432	6
0.11846594563983	1.36392177573483	6
-0.0999881077500799	0.773840743719683	6
0.0929896814290101	1.01511461811393	2
0.11219813888498	1.19730010441067	276
-0.0955999544781501	1.10811897629575	6
0.04019459198889	0.361113808702474	6
0.0928829264948601	1.01472280325666	335
-0.0377710902494499	0.971060007159056	6
0.0928959523292201	1.01499095487319	6
-0.0998486787805399	0.774176029611433	6
0.0579203140791	1.83340984956378	23
-0.0376199977242699	0.971369902993594	132
0.0576802758419701	1.83288441673066	2
-0.0954149203138901	1.10902660350339	2
0.11196249802231	1.19596376725455	2
-0.0951774642191801	1.10913791862697	2
0.11825481974314	1.36292999563512	6
-0.06310169200595	1.28205160600231	5
0.11845289174257	1.36389674047384	23
-0.0376629135311699	0.971304917656255	6
-0.10009301784278	0.773998601930091	6
0.09281537634135	1.01484161778391	407
-0.0377710902494499	0.971060007159056	2
0.09327127484108	1.01492717427538	6
-0.0950716885813401	1.10874735108489	54
-0.0997349038953601	0.774341633185776	35
-0.06315355429291	1.28144407450187	54
0.0669079876023899	0.590129049397097	46
0.0929637311571201	1.01434754167408	46
0.09309643861636	1.01494888434125	46
0.05822273219915	0.797691987551502	6
-0.0762493440695899	1.59930731157968	6
0.0931644419440201	1.01510003139785	6
0.11209146650402	1.19718453032602	5
-0.0763419813633699	1.59916179368756	6
-0.0998573327016901	0.774326861652598	6
0.09307053574539	1.01506199733172	6
-0.0375770736646299	0.971216031525722	6
0.11820136636916	1.36299986156957	6
-0.0953490467445901	1.10909169821672	54
-0.03770645584084	0.97118520731588	54
0.06729408016793	0.590203599966043	6
-0.0995070690697399	0.774452381792266	6
0.0400757313518501	0.361162560899904	6
0.0580347229940099	0.797093811834519	6
0.12269670754495	1.53173660500413	5
0.05822273219915	0.797691987551502	23
-0.0996210340312	0.774433753881929	6
-0.07635612079095	1.59912906093742	6
0.06729408016793	0.590203599966043	2
0.11849204134042	1.36372654826103	25
-0.00373234668673006	1.14619646041486	54
-0.0952958137295801	1.1090568619249	54
-0.10126003599584	2.05745752696075	5
0.0350620752164601	1.48992189893102	6
-0.0998573327016901	0.774326861652598	6
0.05832400447743	0.79777889706228	6
0.06626800442765	0.58951227776968	6
0.0927218239130401	1.0146264042384	6
0.03498324381748	1.4894831888696	23
0.0928829264948601	1.01472280325666	23
-0.0952832381254201	1.10897600538362	6
0.01784764779204	1.31667952320161	6
-0.0998659701244799	0.774255798157072	2
-0.10009301784278	0.773998601930091	25
0.0177925837822901	1.31667844288435	54
-0.00371711513271	1.14608617026441	54
0.12271009537197	1.53252357342144	46
0.0177925837822901	1.31667844288435	276
0.0669079876023899	0.590129049397097	86
0.12267296434739	1.53240066471627	335
-0.06283373539569	1.28233093364841	335
-0.0190078860534499	1.6280200552004	5
-0.01910756550709	1.62785330445709	5
0.11821438307055	1.36310791750677	6
0.0669079876023899	0.590129049397097	23
-0.0999881077500799	0.773840743719683	23
0.11206119919618	1.1970941656282	6
-0.00331870469949003	1.79665548321502	6
-0.09997095830854	0.774161366781223	2
0.09270869671627	1.01444337638405	2
0.0666544403313301	0.59000828848376	2
0.0666544403313301	0.59000828848376	54
-0.10103565406994	2.05901686386188	10
0.09315155927538	1.0146867240711	6
-0.00979070580371011	2.27555292031012	6
0.0577870195739201	1.83323939379169	6
0.0579203140791	1.83340984956378	86
0.11841370585021	1.36328124103043	6
-0.0629942534069401	1.28239709328681	5
-0.06296834325455	1.28243214104642	6
0.0669079876023899	0.590129049397097	6
0.0404719114938299	0.361322640689658	6
-0.0997349038953601	0.774341633185776	23
0.0178388397673299	1.31690586529848	6
0.0477074735157601	1.66248660245	2
0.09281537634135	1.01484161778391	2
-0.06296834325455	1.28243214104642	6
-0.09512414228116	1.1088357833323	6
0.0405904054674899	0.361273728188317	54
-0.0952699076686101	1.1091368898902	54
0.04019459198889	0.361113808702474	68
0.0583675193827	0.797791482115468	6
0.0404719114938299	0.361322640689658	6
-0.05632387640284	1.76823034859287	6
0.11215994324786	1.1972387166861	23
0.0669079876023899	0.590129049397097	2
0.11219813888498	1.19730010441067	6
0.0669079876023899	0.590129049397097	54
0.11842677184877	1.3635891291235	54
0.12264970808531	1.53235990515963	6
-0.10023772693249	1.42924331145538	5
-0.0998659701244799	0.774255798157072	23
0.0178531401997599	1.31653011638209	132
0.05813599240279	0.797331200154474	2
0.0479913225983599	1.66291378413268	6
0.0178850965839901	1.31683916792252	6
0.12292389670225	1.5320164214826	6
0.09315155927538	1.0146867240711	54
0.12285410708172	1.5323853087147	46
0.11829392314132	1.36354507986644	6
-0.0995070690697399	0.774452381792266	6
-0.0377494238306	0.971192499435083	6
0.03498324381748	1.4894831888696	6
-0.0998573327016901	0.774326861652598	6
0.01780139530442	1.31689537172487	23
-0.06286219748853	1.28220765920754	132
-0.0999795413065401	0.774163935987156	6
-0.00408406191229993	1.14550426291643	2
-0.0763419813633699	1.59916179368756	25
-0.0376199977242699	0.971369902993594	54
-0.03764100734363	0.971148479720349	54
-0.09520414738843	1.10888808105017	46
-0.03764100734363	0.971148479720349	46
0.04790055780199	1.66255279360323	6
0.0478187443982301	1.66301596808641	6
0.0930026836146201	1.0150029618971	6
0.0930026836146201	1.0150029618971	23
-0.09515079585498	1.10912068986755	6
0.0177925837822901	1.31667844288435	25
-0.03770645584084	0.97118520731588	327
0.05817931439108	0.797679491776654	54
0.09317734260664	1.01509854295805	54
0.05820827665872	0.79742393937989	54
-0.0374904201714199	0.971245583613829	54
0.0584399501503501	0.79769982874826	54
0.0103630688616601	1.96721146416229	10
-0.07642258157942	1.59903060029235	5
0.11215994324786	1.1972387166861	6
0.06754699712777	0.590324009457586	6
-0.03759812173156	0.971357094877432	6
-0.09536236423209	1.10893083428085	23
0.05813599240279	0.797331200154474	23
-0.0996210340312	0.774433753881929	39
0.0929896814290101	1.01511461811393	39
0.03508785082435	1.48993005552971	6
0.0178388397673299	1.31690586529848	6
0.0583963866130599	0.797687194353385	6
-0.0383171901967201	1.45622569558396	2
0.12266357972983	1.53219140551557	6
0.06626800442765	0.58951227776968	6
-0.03751126601183	0.97117970489929	6
0.1121074612167	1.19703151090983	46
-0.09546757823198	1.10874641219142	46
0.0577003133220999	1.83295426805294	5
-0.0377926667403099	0.970647456267243	6
0.11215994324786	1.1972387166861	335
0.03503333833898	1.48983474314799	5
-0.0995070690697399	0.774452381792266	5
-0.0997349038953601	0.774341633185776	6
0.11199273025046	1.1965750860903	6
-0.0630201699349899	1.28218695244773	6
-0.00382968794147009	1.14619044136978	6
-0.06302142775844	1.28235240942454	2
-0.0997436122822399	0.774418861125706	327
0.0349014677914199	1.48967236359433	54
-0.00382207988244998	1.14624413498319	54
-0.06296707703879	1.28237633464647	46
-0.0374904201714199	0.971245583613829	54
-0.0629942534069401	1.28239709328681	6
0.01775514367867	1.31681679420971	6
0.0404719114938299	0.361322640689658	86
-0.0763883464149899	1.59882829187898	6
0.09301570388066	1.01445552987221	5
0.0929089962157501	1.01496515257567	6
-0.03821265164765	1.45657899516567	6
0.0350362938081401	1.48969852742977	2
0.11854538787763	1.36383440668015	6
-0.0954016231661601	1.10904984901962	6
-0.06294116856962	1.28247683048444	335
-0.00391944859509996	1.14608745729724	5
0.0929089962157501	1.01496515257567	6
-0.0995070690697399	0.774452381792266	6
0.0930026836146201	1.0150029618971	6
0.09308347816206	1.01515253512817	6
0.0929896814290101	1.01511461811393	6
0.0478436046305999	1.66285913384774	23
-0.0955999544781501	1.10811897629575	6
-0.0998659701244799	0.774255798157072	6
-0.0998659701244799	0.774255798157072	54
-0.03764100734363	0.971148479720349	54
0.06729408016793	0.590203599966043	5
-0.0953357329525499	1.109180653183	86
-0.0999795413065401	0.774163935987156	6
0.0931644419440201	1.01510003139785	5
0.0582516470812999	0.797772341886517	6
0.06640050781925	0.589791315671906	6
0.11854538787763	1.36383440668015	6
-0.00390429105450996	1.14612220009606	6
0.12273335371078	1.53256434383476	6
-0.10004066335244	1.42962701810972	6
0.12277047420366	1.53253015141933	6
0.11228261879729	1.19705561837483	6
0.09281537634135	1.01484161778391	6
0.0666544403313301	0.59000828848376	6
0.0582516470812999	0.797772341886517	6
-0.0996297969318301	0.774437355317741	6
0.05822273219915	0.797691987551502	2
-0.0817185818331001	1.91390728333712	2
0.03490000968004	1.48964343968168	6
0.0929896814290101	1.01511461811393	54
0.11851924853759	1.36370108964016	54
0.05819384091091	0.797199179169602	54
-0.06280655433564	1.28217187672816	10
-0.00390429105450996	1.14612220009606	6
0.0405904054674899	0.361273728188317	6
0.0405904054674899	0.361273728188317	6
0.04035320892594	0.361169722228799	86
-0.09997095830854	0.774161366781223	6
-0.0378140801872999	0.970985606335259	5
0.06754699712777	0.590324009457586	6
-0.0382734869424399	1.45623247122664	6
0.0666544403313301	0.59000828848376	6
-0.03759812173156	0.971357094877432	6
-0.09996235880499	0.773920592462937	43
-0.00382968794147009	1.14619044136978	43
0.0928959523292201	1.01499095487319	6
0.11833428140573	1.36318543318518	39
0.0928959523292201	1.01499095487319	6
-0.00391186442864	1.14614110823046	2
0.0660138251920299	0.589391230638723	2
-0.05638183942529	1.76799340856351	2
0.09309643861636	1.01494888434125	6
0.04792550358741	1.66300038588337	6
0.06754699712777	0.590324009457586	54
0.0405904054674899	0.361273728188317	54
0.0350620752164601	1.48992189893102	54
-0.10008448922115	0.773906023057076	54
-0.09519080395228	1.10904894116388	46
0.04258111105564	2.47461052746238	9
-0.0376417836587299	0.971237252051548	86
0.11837342604012	1.36380080845913	6
-0.0996297969318301	0.774437355317741	6
-0.0998573327016901	0.774326861652598	43
-0.06310169200595	1.28205160600231	43
0.0669079876023899	0.590129049397097	6
-0.0376199977242699	0.971369902993594	6
-0.09542822115104	1.10893769082864	2
0.11224436008658	1.1972638547983	2
-0.0376199977242699	0.971369902993594	6
-0.0375332920209499	0.971335989947976	54
0.11209942212886	1.19724209000592	54
0.03995666139643	0.361009605400419	6
0.0348469607694299	1.48942810497968	6
-0.00390429105450996	1.14612220009606	6
-0.03770645584084	0.97118520731588	6
0.05833867576296	0.79748357258179	6
-0.0999795413065401	0.774163935987156	6
0.09281537634135	1.01484161778391	23
0.06729408016793	0.590203599966043	6
-0.0995070690697399	0.774452381792266	132
-0.03772766745806	0.971179568236575	6
-0.0377494238306	0.971192499435083	6
-0.0953883297057601	1.10900921430707	2
-0.0376847296890701	0.971317789997125	54
0.0479503609941501	1.66299188305672	54
0.11837342604012	1.36380080845913	54
-0.0377710902494499	0.971060007159056	5
0.0404719114938299	0.361322640689658	6
0.0400757313518501	0.361162560899904	6
-0.0376199977242699	0.971369902993594	6
0.09317734260664	1.01509854295805	6
0.0582516470812999	0.797772341886517	132
0.11215994324786	1.1972387166861	198
0.01768576781048	1.31608938464407	2
0.0927218239130401	1.0146264042384	54
0.12289120640026	1.53174684006665	54
0.0400757313518501	0.361162560899904	6
-0.0953091164470401	1.10916330782568	86
0.05835291915452	0.797338851830935	5
0.0929896814290101	1.01511461811393	6
0.11212966873912	1.19733244835361	6
-0.03759812173156	0.971357094877432	6
-0.00382207988244998	1.14624413498319	6
-0.0996210340312	0.774433753881929	6
0.05813599240279	0.797331200154474	132
0.0929089962157501	1.01496515257567	39
0.0582951134101599	0.797784880803241	6
-0.0953091164470401	1.10916330782568	6
0.0932584159624801	1.0150461797237	2
0.01786196807041	1.31690885537426	2
-0.00381448260992001	1.14622526380948	2
0.03995666139643	0.361009605400419	54
-0.00372472551665992	1.14617763393206	54
-0.09949823518252	0.774211913438795	54
-0.09996235880499	0.773920592462937	54
0.03506059355487	1.4899189792874	10
0.0349545171453001	1.48988775933262	5
0.0929089962157501	1.01496515257567	5
0.0404719114938299	0.361322640689658	6
0.0582951134101599	0.797784880803241	6
-0.038105711604	1.45677735085545	86
-0.0998659701244799	0.774255798157072	6
0.09308347816206	1.01515253512817	6
0.09308347816206	1.01515253512817	6
0.0931644419440201	1.01510003139785	6
0.0669079876023899	0.590129049397097	6
-0.0997436122822399	0.774418861125706	6
0.0669079876023899	0.590129049397097	39
0.09308347816206	1.01515253512817	39
-0.09997095830854	0.774161366781223	6
-0.0998659701244799	0.774255798157072	6
-0.10010152990328	0.773749047438567	205
-0.0376199977242699	0.971369902993594	54
-0.0382102457865401	1.45651931710557	54
-0.0998486787805399	0.774176029611433	54
-0.10007594408703	0.773472574326896	5
0.11847899550541	1.3638658606658	6
-0.0953224228540199	1.10920392728072	6
-0.0998659701244799	0.774255798157072	6
-0.0952958137295801	1.1090568619249	60
-0.0377494238306	0.971192499435083	6
0.0582805855647599	0.797430473384385	6
0.05822273219915	0.797691987551502	43
-0.10021485757782	0.773583964004878	43
-0.0997436122822399	0.774418861125706	6
0.0348469607694299	1.48942810497968	54
0.11836038186052	1.36369259288262	54
0.09307053574539	1.01506199733172	54
-0.0997436122822399	0.774418861125706	54
0.0349287243980301	1.48968342793261	54
-0.00388917670528999	1.14586100594575	54
0.0332174880973199	2.30593355981734	10
-0.05627324529955	1.76836546070695	10
0.12278432050403	1.53201246588894	5
0.0666544403313301	0.59000828848376	6
0.0669079876023899	0.590129049397097	428
-0.0953490467445901	1.10909169821672	86
-0.0955074308580699	1.10867498506767	86
0.04035320892594	0.361169722228799	6
-0.0953357329525499	1.109180653183	6
-0.00379932044668996	1.14596412600775	6
-0.0630473459779199	1.28220770319229	6
-0.00365798731020006	1.14565388966793	39
-0.0995158865319701	0.774365971673596	2
0.06729408016793	0.590203599966043	205
0.11834733364942	1.3634932741219	54
0.0404719114938299	0.361322640689658	327
0.06652179801436	0.589470978357053	26
0.11208359419639	1.19684373267159	54
-0.0998573327016901	0.774326861652598	10
-0.0376417836587299	0.971237252051548	10
0.0404719114938299	0.361322640689658	6
0.04035320892594	0.361169722228799	6
0.04019459198889	0.361113808702474	6
0.0582516470812999	0.797772341886517	86
-0.0189072020368299	1.62827963255453	6
0.0661461894111901	0.58941996665963	6
-0.0376629135311699	0.971304917656255	6
0.0582516470812999	0.797772341886517	6
0.11839950230927	1.36376987050119	6
0.0583675193827	0.797791482115468	6
0.0669079876023899	0.590129049397097	6
0.0669079876023899	0.590129049397097	43
0.0928959523292201	1.01499095487319	39
-0.03759812173156	0.971357094877432	199
0.06640050781925	0.589791315671906	199
0.0582516470812999	0.797772341886517	2
0.06626800442765	0.58951227776968	205
-0.09997095830854	0.774161366781223	205
-0.03759812173156	0.971357094877432	54
0.0930026836146201	1.0150029618971	54
0.0405904054674899	0.361273728188317	26
-0.09548085875698	1.10878704990263	54
0.11834733364942	1.3634932741219	10
0.05817931439108	0.797679491776654	5
0.0669079876023899	0.590129049397097	6
0.06704077902752	0.589986987289273	6
0.06754699712777	0.590324009457586	39
-0.00400170030462999	1.14590672917174	39
-0.0375332920209499	0.971335989947976	39
0.06754699712777	0.590324009457586	2
0.0404719114938299	0.361322640689658	2
-0.10000786591196	1.4292241367715	2
-0.0996297969318301	0.774437355317741	54
-0.0996210340312	0.774433753881929	54
-0.0998573327016901	0.774326861652598	25
-0.0996297969318301	0.774437355317741	54
0.11216788507174	1.197393867706	10
0.04019459198889	0.361113808702474	6
0.0405904054674899	0.361273728188317	6
0.12268683737928	1.53240107921969	6
-0.09545430138779	1.10863999144858	86
0.0405904054674899	0.361273728188317	6
0.0661461894111901	0.58941996665963	6
0.0666544403313301	0.59000828848376	6
0.12257994139743	1.53171995828018	6
-0.0630498552599601	1.28187504866877	6
-0.0999795413065401	0.774163935987156	6
-0.0037399786372001	1.14614273997489	6
0.0583675193827	0.797791482115468	6
0.05835291915452	0.797338851830935	23
0.0661461894111901	0.58941996665963	43
-0.03779238355054	0.970972622298318	43
0.05832400447743	0.79777889706228	39
0.04019459198889	0.361113808702474	6
0.0405904054674899	0.361273728188317	205
-0.0631029387422299	1.2817953608954	2
0.0348484110150999	1.48931745609142	2
-0.00388917670528999	1.14586100594575	54
0.0583963866130599	0.797687194353385	54
0.11222231951993	1.19669368080822	54
-0.00391944859509996	1.14608745729724	54
-0.00392704354834006	1.14595601921863	54
-0.0230442491173	2.10804195863261	10
0.11202299036526	1.19684698041237	6
-0.0952832381254201	1.10897600538362	86
-0.00363501979483005	1.1458202561062	6
0.0666544403313301	0.59000828848376	6
-0.00390429105450996	1.14612220009606	121
-0.00382207988244998	1.14624413498319	6
-0.0377710902494499	0.971060007159056	6
-0.00388163574111	1.14559961299406	23
0.0929089962157501	1.01496515257567	39
0.0583963866130599	0.797687194353385	6
0.09308347816206	1.01515253512817	2
0.05832400447743	0.79777889706228	205
-0.0997349038953601	0.774341633185776	205
-0.0996297969318301	0.774437355317741	205
0.0400757313518501	0.361162560899904	205
0.09281537634135	1.01484161778391	54
0.12277047420366	1.53253015141933	54
0.05822273219915	0.797691987551502	6
0.11831997193212	1.36351409835264	6
0.01775514367867	1.31681679420971	6
0.11846594563983	1.36392177573483	60
0.12266357972983	1.53219140551557	121
-0.0383414733657099	1.45563278150928	6
0.05817931439108	0.797679491776654	43
-0.00381448260992001	1.14622526380948	2
0.0349545171453001	1.48988775933262	54
-0.0951641281873601	1.10916123929984	54
-0.03823210558299	1.45654942606327	6
0.0349014677914199	1.48967236359433	6
0.0477529012131299	1.66281945885999	6
-0.0993930088925701	0.774381147082806	43
-0.0040765471445301	1.14541272867225	43
-0.0629967795361699	1.28183757524028	39
-0.00401683164371991	1.14572178126967	311
0.05813599240279	0.797331200154474	205
0.0928022907844199	1.01477559073757	2
-0.06307452000059	1.2821630293222	6
0.0177782693851201	1.31689238990432	6
-0.10008448922115	0.773906023057076	6
-0.0039866121574399	1.14579622944292	6
-0.10008448922115	0.773906023057076	6
0.09319026129936	1.01477745885181	60
0.0928284799924399	1.01447188278909	43
-0.10021485757782	0.773583964004878	43
-0.10009301784278	0.773998601930091	43
-0.0954149203138901	1.10902660350339	43
0.1225893123695	1.53203929792298	6
-0.0954016231661601	1.10904984901962	199
0.0582951134101599	0.797784880803241	199
0.05822273219915	0.797691987551502	54
0.0179456625882399	1.31669083918847	54
0.04019459198889	0.361113808702474	6
-0.09974090148599	1.42897358164577	6
-0.0951774642191801	1.10913791862697	6
0.11209942212886	1.19724209000592	60
0.0582516470812999	0.797772341886517	121
-0.03759812173156	0.971357094877432	6
0.11222231951993	1.19669368080822	39
0.09281537634135	1.01484161778391	2
0.12273335371078	1.53256434383476	2
-0.06296707703879	1.28237633464647	54
-0.09520414738843	1.10888808105017	54
0.06704077902752	0.589986987289273	6
-0.10009301784278	0.773998601930091	6
-0.0627534839800401	1.28198509134066	6
0.11849204134042	1.36372654826103	60
-0.0953490467445901	1.10909169821672	60
0.0927218239130401	1.0146264042384	121
0.12284025651849	1.53241045230602	6
0.09317734260664	1.01509854295805	132
-0.0954941429649601	1.10876383623045	39
-0.0563311978672001	1.7681285161059	2
-0.0997349038953601	0.774341633185776	54
-0.00394226579270995	1.14538666943175	54
0.11206920343166	1.19697006676344	54
-0.0377710902494499	0.971060007159056	54
0.1121074612167	1.19703151090983	60
0.0933524578789799	1.01487498135219	121
0.09307053574539	1.01506199733172	6
0.0582951134101599	0.797784880803241	6
-0.0999995531079201	1.4299530809016	6
0.11818834564131	1.36280079410331	6
-0.0382102457865401	1.45651931710557	6
-0.0953883297057601	1.10900921430707	43
0.09308347816206	1.01515253512817	39
0.0929089962157501	1.01496515257567	6
0.01019187009286	1.96692672205541	2
0.05817931439108	0.797679491776654	54
0.04790937893004	1.66277244095682	54
0.11853232022508	1.363809344998	230
-0.03751126601183	0.97117970489929	54
-0.0628609144404499	1.28241854695205	54
-0.00382207988244998	1.14624413498319	54
-0.0817898522871601	1.91351309340749	5
0.0178245214391799	1.31682567095759	5
0.04035320892594	0.361169722228799	6
-0.0376629135311699	0.971304917656255	6
-0.0998573327016901	0.774326861652598	6
0.11224436008658	1.1972638547983	39
-0.0996297969318301	0.774437355317741	39
0.11209146650402	1.19718453032602	199
0.11222842060246	1.19685183075257	411
0.0176945665369199	1.31667104625431	205
-0.03842186497484	1.45526118050203	205
0.05832400447743	0.79777889706228	54
0.11845289174257	1.36389674047384	54
-0.0993930088925701	0.774381147082806	230
-0.0629942534069401	1.28239709328681	54
0.11212966873912	1.19733244835361	54
0.0577798694913101	1.83173627269229	86
0.09281537634135	1.01484161778391	6
-0.0998659701244799	0.774255798157072	121
-0.0382953362765299	1.45626258320291	121
0.0581070063731699	0.797487899674034	6
0.0929089962157501	1.01496515257567	6
-0.06307452000059	1.2821630293222	43
0.09281537634135	1.01484161778391	2
0.12268683737928	1.53240107921969	54
-0.0377926667403099	0.970647456267243	81
-0.0953883297057601	1.10900921430707	54
0.06640050781925	0.589791315671906	54
0.12278432050403	1.53201246588894	21
0.04035320892594	0.361169722228799	6
0.04035320892594	0.361169722228799	6
0.03995666139643	0.361009605400419	6
-0.0629139918716399	1.2824560732317	6
-0.0995158865319701	0.774365971673596	6
0.0400757313518501	0.361162560899904	121
-0.0038525767806401	1.1454894827741	121
-0.03804254835633	1.456705422094	6
-0.0376629135311699	0.971304917656255	6
0.06640050781925	0.589791315671906	43
0.0930026836146201	1.0150029618971	43
0.05822273219915	0.797691987551502	6
0.06729408016793	0.590203599966043	6
0.0660138251920299	0.589391230638723	54
-0.0998573327016901	0.774326861652598	54
0.11216788507174	1.197393867706	230
0.05832400447743	0.79777889706228	81
0.0178994009879301	1.31675748331694	54
-0.03770645584084	0.97118520731588	21
0.0669079876023899	0.590129049397097	6
0.0404719114938299	0.361322640689658	6
-0.0953224228540199	1.10920392728072	23
-0.10120823072131	2.05781909787028	6
0.06704077902752	0.589986987289273	43
0.11206119919618	1.1970941656282	39
0.0666544403313301	0.59000828848376	54
0.0582662459451999	0.797390693711427	116
-0.03770645584084	0.97118520731588	116
-0.0953357329525499	1.109180653183	10
0.0669079876023899	0.590129049397097	10
0.0666544403313301	0.59000828848376	6
-0.0998659701244799	0.774255798157072	6
0.05820827665872	0.79742393937989	60
0.0405904054674899	0.361273728188317	121
0.0580780439275299	0.797106236295213	121
0.09281537634135	1.01484161778391	6
0.0400757313518501	0.361162560899904	6
0.04019459198889	0.361113808702474	6
0.0582516470812999	0.797772341886517	132
-0.06296707703879	1.28237633464647	43
0.04019459198889	0.361113808702474	43
-0.0376199977242699	0.971369902993594	2
0.03995666139643	0.361009605400419	2
0.09307053574539	1.01506199733172	2
0.0669079876023899	0.590129049397097	2
0.06626800442765	0.58951227776968	411
0.11843983381257	1.363788488939	54
0.0404719114938299	0.361322640689658	54
0.0404719114938299	0.361322640689658	54
0.0931644419440201	1.01510003139785	116
0.11846594563983	1.36392177573483	10
-0.0641074564333599	2.08149037124196	6
0.11215994324786	1.1972387166861	6
-0.0377494238306	0.971192499435083	6
-0.0953224228540199	1.10920392728072	6
-0.0762754942362101	1.59926032830311	6
0.0582516470812999	0.797772341886517	132
-0.09972617906736	0.773954066072917	43
0.0929089962157501	1.01496515257567	43
0.11205327835221	1.19693733715299	39
-0.00993930218557004	2.27495767355454	2
0.0577870195739201	1.83323939379169	2
0.06754699712777	0.590324009457586	54
-0.0376417836587299	0.971237252051548	54
0.0584687935218	0.797395144295211	10
-0.10010152990328	0.773749047438567	6
0.11830694955005	1.36357004823443	6
-0.00388917670528999	1.14586100594575	6
-0.0375341413300701	0.970700170155479	6
0.11212176168975	1.19709085061033	6
0.11851924853759	1.36370108964016	6
0.0666544403313301	0.59000828848376	6
-0.0951900025474299	1.10865863942886	2
-0.0377280920115699	0.970772505341636	2
-0.09524325785113	1.10924916729094	54
-0.07644876595102	1.59901942963573	54
0.11220611551615	1.19737223627029	54
-0.00338467720872004	1.79745453597946	116
0.09281537634135	1.01484161778391	116
-0.00362738550852004	1.14572891934992	6
-0.09524325785113	1.10924916729094	6
-0.0377494238306	0.971192499435083	6
-0.0374904201714199	0.971245583613829	6
-0.09997095830854	0.774161366781223	2
0.0405904054674899	0.361273728188317	4
-0.10015565523953	1.42963651481672	6
0.06754699712777	0.590324009457586	6
0.0581503757161399	0.797500355917327	6
0.0660138251920299	0.589391230638723	6
0.03498030408266	1.4898887383622	6
0.0814794937621599	2.34215964020822	6
0.06729408016793	0.590203599966043	6
-0.03779238355054	0.970972622298318	43
0.11209146650402	1.19718453032602	2
0.11838646618932	1.36382581239861	54
-0.0997436122822399	0.774418861125706	54
0.0404719114938299	0.361322640689658	54
-0.0995246875187901	0.773938666265461	54
-0.09963854334916	0.77420270997835	116
0.0404719114938299	0.361322640689658	4
0.06729408016793	0.590203599966043	6
0.1185061728142	1.36350175071276	6
0.06626800442765	0.58951227776968	6
0.11213765917752	1.19730352814855	6
-0.0953490467445901	1.10909169821672	132
0.0405904054674899	0.361273728188317	2
-0.0628609144404499	1.28241854695205	2
-0.03759812173156	0.971357094877432	54
-0.0377710902494499	0.971060007159056	54
-0.0999881077500799	0.773840743719683	54
-0.0376847296890701	0.971317789997125	116
0.0661461894111901	0.58941996665963	116
-0.10010152990328	0.773749047438567	4
0.0400757313518501	0.361162560899904	6
0.05822273219915	0.797691987551502	6
-0.0816777788441301	1.91368738841989	99
0.0478187443982301	1.66301596808641	6
0.05835291915452	0.797338851830935	278
-0.03764100734363	0.971148479720349	6
0.0582951134101599	0.797784880803241	6
-0.09515079585498	1.10912068986755	6
0.05822273219915	0.797691987551502	6
0.11843983381257	1.363788488939	132
-0.06304609280399	1.28179266602802	43
-0.06302142775844	1.28235240942454	2
0.0666544403313301	0.59000828848376	2
-0.0995158865319701	0.774365971673596	2
-0.03823210558299	1.45654942606327	2
0.0929089962157501	1.01496515257567	54
-0.0999795413065401	0.774163935987156	54
-0.0998927764778701	1.42992355814236	54
-0.00391944859509996	1.14608745729724	116
-0.08183251078774	1.91387588787007	4
0.05806373276334	0.79713982138369	6
-0.00381448260992001	1.14622526380948	278
-0.0995070690697399	0.774452381792266	43
-0.03759812173156	0.971357094877432	39
0.0350060851737299	1.48967466244509	43
-0.0997436122822399	0.774418861125706	54
0.11198479562185	1.19646685579905	54
0.0583675193827	0.797791482115468	116
0.0657592596523799	0.589174142486685	6
0.06640050781925	0.589791315671906	99
-0.0191615347526899	1.6272154181189	60
-0.06294116856962	1.28247683048444	6
0.0932455750699099	1.01472489053794	6
0.05833867576296	0.79748357258179	6
0.0582516470812999	0.797772341886517	6
-0.0998573327016901	0.774326861652598	6
-0.06315355429291	1.28144407450187	6
-0.0360662130200999	2.41139280836043	54
-0.0999881077500799	0.773840743719683	54
-0.07021009859898	2.38555347095751	8
-0.07006239230513	2.38566568824199	8
-0.00340663411284003	1.79731862565397	4
0.06754699712777	0.590324009457586	6
0.0350362938081401	1.48969852742977	6
0.03995666139643	0.361009605400419	6
-0.0998659701244799	0.774255798157072	6
0.06729408016793	0.590203599966043	6
-0.00382207988244998	1.14624413498319	6
0.0929089962157501	1.01496515257567	6
-0.0629942534069401	1.28239709328681	6
-0.09519080395228	1.10904894116388	2
0.0177176898651701	1.31674662495615	54
0.11836038186052	1.36369259288262	54
-0.03823453567672	1.45640251714541	54
-0.0376199977242699	0.971369902993594	54
-0.0377710902494499	0.971060007159056	54
0.11829392314132	1.36354507986644	116
0.04035320892594	0.361169722228799	4
0.0405904054674899	0.361273728188317	6
-0.0376199977242699	0.971369902993594	6
0.0179599530233701	1.31626207337294	6
0.0581070063731699	0.797487899674034	278
-0.09995846255172	1.43002059814717	6
-0.0953224228540199	1.10920392728072	6
0.09281537634135	1.01484161778391	6
0.11219813888498	1.19730010441067	6
-0.03770645584084	0.97118520731588	43
0.0347666542274401	1.48883144765576	39
-0.0375761556577601	0.97120071712665	6
-0.0995158865319701	0.774365971673596	6
0.0931644419440201	1.01510003139785	6
0.03511511015036	1.48986792541451	54
0.11828089270471	1.3634369282367	54
-0.10184626508125	2.36202548665274	4
-0.00382207988244998	1.14624413498319	4
0.05813599240279	0.797331200154474	6
-0.0954016231661601	1.10904984901962	278
0.0582951134101599	0.797784880803241	6
0.11223634861539	1.19727846089222	6
-0.0952166228159399	1.10910215926925	65
-0.10008990196047	1.42986723711651	54
-0.0374684243610801	0.971232920512448	54
0.05817931439108	0.797679491776654	54
-0.10234920030004	1.74437798404627	42
-0.0189809228092399	1.62842194119861	42
0.01774081341129	1.31674960255633	6
0.0404719114938299	0.361322640689658	6
-0.0997349038953601	0.774341633185776	39
-0.00373234668673006	1.14619646041486	6
0.0582951134101599	0.797784880803241	2
-0.03770645584084	0.97118520731588	54
0.0177782693851201	1.31689238990432	54
-0.0996210340312	0.774433753881929	54
0.0669079876023899	0.590129049397097	54
-0.0763822765961599	1.59922445738388	54
0.0929896814290101	1.01511461811393	4
-0.00968748810111997	2.27615655963909	4
-0.00371711513271	1.14608617026441	4
-0.03759812173156	0.971357094877432	4
0.0349272623836601	1.48980352606368	4
-0.0953750399306299	1.10890276686122	6
-0.03751126601183	0.97117970489929	6
0.0350348161126099	1.48998404867528	6
0.11209942212886	1.19724209000592	39
0.11209942212886	1.19724209000592	6
0.0581503757161399	0.797500355917327	54
0.06640050781925	0.589791315671906	54
0.05817931439108	0.797679491776654	116
-0.0998659701244799	0.774255798157072	116
0.12275661239863	1.53252501484665	116
0.09270869671627	1.01444337638405	116
-0.0996472732334099	0.773523797851794	4
0.11838646618932	1.36382581239861	4
0.11203095978099	1.19682218114904	6
-0.0375770736646299	0.971216031525722	6
0.0405904054674899	0.361273728188317	36
-0.0954941429649601	1.10876383623045	6
-0.0998659701244799	0.774255798157072	15
-0.00391944859509996	1.14608745729724	6
-0.0189809228092399	1.62842194119861	60
0.06704077902752	0.589986987289273	6
-0.0629139918716399	1.2824560732317	6
-0.0381688973524601	1.45672094938458	39
0.11217591035637	1.19728192741819	43
0.0929896814290101	1.01511461811393	39
0.11839950230927	1.36376987050119	39
0.05832400447743	0.79777889706228	2
0.0349287243980301	1.48968342793261	2
-0.00382207988244998	1.14624413498319	2
0.11212966873912	1.19733244835361	54
0.12256227410495	1.53158566582011	54
-0.0996210340312	0.774433753881929	54
-0.00383730678130001	1.1460589544713	21
-0.00340663411284003	1.79731862565397	4
0.06729408016793	0.590203599966043	4
-0.06406542072247	2.08190151453305	4
-0.06302142775844	1.28235240942454	4
0.11820136636916	1.36299986156957	278
-0.0375332920209499	0.971335989947976	6
0.06704077902752	0.589986987289273	6
-0.03823210558299	1.45654942606327	39
-0.00382207988244998	1.14624413498319	39
-0.0034642291709901	1.79714412526986	6
0.11224436008658	1.1972638547983	2
0.0349014677914199	1.48967236359433	2
0.0929896814290101	1.01511461811393	54
-0.09521749452937	1.10864159471949	54
0.0927349692105499	1.01434853374846	116
-0.0818306242414699	1.91378677605428	42
-0.00394989307252991	1.14474991647763	4
-0.10117025839322	2.05793201140458	4
-0.0381470270873801	1.45669085329474	4
-0.0998573327016901	0.774326861652598	6
0.0660138251920299	0.589391230638723	6
0.0582516470812999	0.797772341886517	6
-0.09509750348243	1.10818711268389	6
0.11217591035637	1.19728192741819	6
0.06754699712777	0.590324009457586	6
0.06704077902752	0.589986987289273	6
0.03498030408266	1.4898887383622	2
-0.10004887410837	1.42968340615724	6
-0.00402441349652993	1.14549928132957	54
-0.06283373539569	1.28233093364841	54
0.01786196807041	1.31690885537426	54
-0.07644876595102	1.59901942963573	4
0.11845289174257	1.36389674047384	4
-0.0563671291279899	1.76760387564672	4
-0.00373234668673006	1.14619646041486	4
-0.10011042325869	1.42986469679142	4
-0.12031965123793	1.89311818280751	6
0.0400757313518501	0.361162560899904	6
0.06729408016793	0.590203599966043	6
0.0404719114938299	0.361322640689658	6
-0.01889416531986	1.62853001712296	6
-0.0384241335553399	1.45552879464548	6
0.0666544403313301	0.59000828848376	6
0.0929896814290101	1.01511461811393	65
-0.00380689612946994	1.14613373756296	2
-0.0628609144404499	1.28241854695205	54
-0.10002417105518	1.42999665247261	54
-0.10010152990328	0.773749047438567	116
-0.0099502838343799	2.2751539427119	4
0.04019459198889	0.361113808702474	6
0.05822273219915	0.797691987551502	6
0.11209942212886	1.19724209000592	6
-0.0385517837128799	1.93830577024954	6
0.05796687454404	1.8332689962492	116
-0.09536175383862	1.10872410477597	116
-0.06409195080796	2.08124338791515	8
0.0334170905639399	2.30735075529963	4
0.09308347816206	1.01515253512817	6
0.0669079876023899	0.590129049397097	6
-0.0377710902494499	0.971060007159056	60
0.0927892232866001	1.01439054729322	6
0.05817931439108	0.797679491776654	6
-0.09963854334916	0.77420270997835	54
0.06754699712777	0.590324009457586	21
-0.06409971148526	2.08171586143302	8
0.0224600489023199	2.13718904285594	8
0.03995666139643	0.361009605400419	4
-0.00320362107826999	1.79729373336212	6
0.03995666139643	0.361009605400419	6
0.0404719114938299	0.361322640689658	6
0.0478346700028201	1.66235628070595	6
0.11213765917752	1.19730352814855	6
-0.0381494868519801	1.45663535323792	6
0.0660138251920299	0.589391230638723	60
0.0660138251920299	0.589391230638723	6
-0.0639890907390099	2.08212927027219	6
0.0400757313518501	0.361162560899904	6
0.05822273219915	0.797691987551502	6
-0.1001309494723	1.42979981415944	6
0.06754699712777	0.590324009457586	39
-0.05640349611775	1.76790020774577	6
-0.0385796606600199	1.93836877689049	6
0.09307053574539	1.01506199733172	54
0.0931644419440201	1.01510003139785	54
0.12273335371078	1.53256434383476	2
0.0580334744553299	1.83290894370704	2
-0.0997436122822399	0.774418861125706	54
-0.0999795413065401	0.774163935987156	54
0.11216788507174	1.197393867706	116
-0.10096660643931	2.05875824565163	4
0.04019459198889	0.361113808702474	4
0.05842527746167	0.797047091922073	4
-0.0999379246558501	1.42996081624991	6
0.0405904054674899	0.361273728188317	6
0.0666544403313301	0.59000828848376	6
0.05832400447743	0.79777889706228	6
-0.00372472551665992	1.14617763393206	278
0.0177320181824601	1.31666496861891	6
0.05832400447743	0.79777889706228	65
0.0404719114938299	0.361322640689658	2
0.06704077902752	0.589986987289273	409
0.0669079876023899	0.590129049397097	409
-0.0377494238306	0.971192499435083	2
0.0176802224153201	1.31647167770262	116
0.01778706116773	1.31653378456756	4
0.00128601221955993	2.44022688032205	6
0.05806373276334	0.79713982138369	6
-0.10019668126085	1.42956914577828	6
0.0671611502856	0.590087165510619	65
0.06729408016793	0.590203599966043	2
-0.0998573327016901	0.774326861652598	54
-0.09996235880499	0.773920592462937	54
0.05819384091091	0.797199179169602	21
-0.09997095830854	0.774161366781223	116
0.035007559069	1.48997297966207	4
-0.0640272556393799	2.08204732076679	4
0.03511511015036	1.48986792541451	4
0.0333487287991101	2.30721224236028	4
0.0177782693851201	1.31689238990432	4
-0.10015148060176	1.429670826661	6
-0.0998659701244799	0.774255798157072	6
-0.03766347955932	0.970824474083088	6
-0.0953224228540199	1.10920392728072	15
-0.0998659701244799	0.774255798157072	6
0.11853232022508	1.363809344998	6
0.0927349692105499	1.01434853374846	6
0.06652179801436	0.589470978357053	2
-0.00390429105450996	1.14612220009606	2
0.11837342604012	1.36380080845913	54
-0.0998573327016901	0.774326861652598	54
0.0350903500456901	1.48916326807804	2
-0.09524325785113	1.10924916729094	54
-0.00365032070149995	1.14578530741327	54
0.05832400447743	0.79777889706228	116
-0.00991587283272	2.27523561554677	4
-0.10187902993231	2.36193528254609	4
0.05817931439108	0.797679491776654	6
-0.0997349038953601	0.774341633185776	6
0.0404719114938299	0.361322640689658	6
0.06626800442765	0.58951227776968	6
0.11212966873912	1.19733244835361	6
0.11836038186052	1.36369259288262	2
-0.0376847296890701	0.971317789997125	2
-0.0955734008747899	1.10836831635989	2
-0.0376847296890701	0.971317789997125	2
-0.0953357329525499	1.109180653183	2
-0.09545483390151	1.1085304379891	2
0.01025810317807	1.96725312698199	4
0.0582951134101599	0.797784880803241	36
-0.0381470270873801	1.45669085329474	99
0.11826785823903	1.36323770450564	15
-0.0999995531079201	1.4299530809016	21
0.09307053574539	1.01506199733172	21
-0.0374035187136901	0.971022047825128	116
0.00142016142501999	2.44151233171149	42
0.11838646618932	1.36382581239861	34
-0.0039866121574399	1.14579622944292	6
0.11847899550541	1.3638658606658	6
0.0929089962157501	1.01496515257567	278
-0.00338467720872004	1.79745453597946	278
0.09309643861636	1.01494888434125	6
-0.0999795413065401	0.774163935987156	6
0.0669079876023899	0.590129049397097	6
-0.0999795413065401	0.774163935987156	6
0.12272275959094	1.53224599844284	54
0.05833867576296	0.79748357258179	54
-0.0818537967969499	1.9138056002905	2
0.05817931439108	0.797679491776654	54
-0.0952699076686101	1.1091368898902	54
0.04243956700105	2.47468723553995	42
0.03346760062869	2.30713892272486	42
0.11826785823903	1.36323770450564	6
0.09281537634135	1.01484161778391	278
-0.0378786987975499	0.970671706966367	278
0.05822273219915	0.797691987551502	15
0.12256605852973	1.5319168782061	6
-0.0996210340312	0.774433753881929	6
0.11824040439905	1.36307690904494	6
0.0669079876023899	0.590129049397097	6
0.11216788507174	1.197393867706	6
-0.0997349038953601	0.774341633185776	6
0.09281537634135	1.01484161778391	6
-0.0564108124804401	1.76777320264438	2
-0.03764100734363	0.971148479720349	54
0.0929637311571201	1.01434754167408	21
-0.00382207988244998	1.14624413498319	21
-0.10020639985157	0.773743447762429	21
0.0928959523292201	1.01499095487319	116
-0.10008990196047	1.42986723711651	42
-0.10008578196885	1.42980015774128	42
-0.09524325785113	1.10924916729094	4
0.0929896814290101	1.01511461811393	4
-0.06312761997409	1.28185613861312	6
-0.0995158865319701	0.774365971673596	6
0.09281537634135	1.01484161778391	6
0.11834733364942	1.3634932741219	6
0.11829392314132	1.36354507986644	15
-0.0188273651284201	1.62855152203801	6
0.11209146650402	1.19718453032602	39
0.0349559830724	1.48962129723847	39
-0.0998573327016901	0.774326861652598	2
-0.0190008659921499	1.62838942906632	54
0.0404719114938299	0.361322640689658	431
-0.04874855297202	2.24792761476101	42
0.00137745548463997	2.44123324727273	42
-0.00380689612946994	1.14613373756296	4
0.0400757313518501	0.361162560899904	4
0.035007559069	1.48997297966207	4
0.11219813888498	1.19730010441067	4
0.02241413139712	2.13701365519192	99
-0.10021485757782	0.773583964004878	6
-0.0376629135311699	0.971304917656255	39
0.0928022907844199	1.01477559073757	6
0.0929089962157501	1.01496515257567	6
0.0669079876023899	0.590129049397097	6
-0.0998659701244799	0.774255798157072	6
-0.0629955159293201	1.28232067962445	54
0.0582516470812999	0.797772341886517	21
0.0740890957606499	2.17228476682502	4
-0.038105711604	1.45677735085545	6
-0.00399415082933996	1.14588779083778	15
-0.0629955159293201	1.28232067962445	6
-0.0997436122822399	0.774418861125706	6
0.09307053574539	1.01506199733172	6
0.05848360988298	0.79739877281669	2
-0.0952166228159399	1.10910215926925	2
0.11841253440115	1.36363053588237	54
0.0349545171453001	1.48988775933262	54
-0.09996235880499	0.773920592462937	431
0.0669079876023899	0.590129049397097	21
0.04251549677593	2.47478684235692	4
-0.0190278163790201	1.628124904035	4
0.0177639371779299	1.31667991034522	4
0.11216788507174	1.197393867706	4
-0.00352180156842996	1.79668011324814	6
-0.0630201699349899	1.28218695244773	6
-0.0190278163790201	1.628124904035	15
-0.0951774642191801	1.10913791862697	6
0.12286351798487	1.53220185361672	6
0.0663994840095501	2.00215060836794	6
-0.10009301784278	0.773998601930091	6
-0.0951117356240601	1.10867556627241	39
-0.0954681458187401	1.1081659039861	2
0.11212966873912	1.19733244835361	54
0.09270869671627	1.01444337638405	54
0.05832400447743	0.79777889706228	54
0.08136744734323	2.34239688895943	4
0.0102968167348001	1.967402053039	4
-0.10004470310765	1.42999409071848	4
-0.0630473459779199	1.28220770319229	6
0.03995666139643	0.361009605400419	6
-0.06384804064601	2.08203461925622	6
0.12273335371078	1.53256434383476	6
-0.0952565809111401	1.10922586789114	15
0.11851924853759	1.36370108964016	6
-0.0378140801872999	0.970985606335259	6
0.01786196807041	1.31690885537426	6
-0.0377710902494499	0.971060007159056	39
-0.0630473459779199	1.28220770319229	2
-0.03759812173156	0.971357094877432	54
0.05817931439108	0.797679491776654	21
-0.00390429105450996	1.14612220009606	21
-0.06302142775844	1.28235240942454	116
0.12273335371078	1.53256434383476	4
0.11216788507174	1.197393867706	4
0.05833867576296	0.79748357258179	15
-0.0629942534069401	1.28239709328681	15
-0.10020639985157	0.773743447762429	6
-0.06310169200595	1.28205160600231	6
-0.10032821191032	1.42877421216894	6
0.0669079876023899	0.590129049397097	6
-0.0376847296890701	0.971317789997125	2
0.11824040439905	1.36307690904494	54
0.09307053574539	1.01506199733172	54
-0.0952299384867099	1.10920857535553	21
-0.0376629135311699	0.971304917656255	6
-0.00390429105450996	1.14612220009606	6
0.11836038186052	1.36369259288262	6
-0.0998659701244799	0.774255798157072	6
0.06729408016793	0.590203599966043	15
0.0176714434238701	1.31651925107115	15
0.11846594563983	1.36392177573483	15
-0.0036426648611001	1.1458390220679	15
0.11208359419639	1.19684373267159	6
0.01786196807041	1.31690885537426	6
-0.00390429105450996	1.14612220009606	6
-0.0376199977242699	0.971369902993594	6
0.06640050781925	0.589791315671906	6
0.0177782693851201	1.31689238990432	6
-0.0998659701244799	0.774255798157072	6
-0.0376847296890701	0.971317789997125	6
0.0930026836146201	1.0150029618971	2
-0.0376199977242699	0.971369902993594	54
-0.10010152990328	0.773749047438567	54
-0.0377710902494499	0.971060007159056	21
-0.10010152990328	0.773749047438567	116
0.0582951134101599	0.797784880803241	116
0.0928959523292201	1.01499095487319	4
-0.09997095830854	0.774161366781223	6
0.12281699540143	1.53253161115609	6
-0.00382207988244998	1.14624413498319	15
0.03508785082435	1.48993005552971	15
0.12287736994666	1.53234602256309	6
-0.0382953362765299	1.45626258320291	6
-0.03770582110758	0.971023102627933	6
-0.0039866121574399	1.14579622944292	6
-0.0629942534069401	1.28239709328681	2
0.05817931439108	0.797679491776654	54
0.0929896814290101	1.01511461811393	54
0.0477483356232999	1.66225846886558	54
0.0477074735157601	1.66248660245	21
-0.0628868131577001	1.28236843791619	21
-0.0998573327016901	0.774326861652598	116
0.0929896814290101	1.01511461811393	4
-0.0376629135311699	0.971304917656255	34
0.03995666139643	0.361009605400419	6
0.11843983381257	1.363788488939	15
-0.0997436122822399	0.774418861125706	6
-0.0631029387422299	1.2817953608954	6
-0.03770582110758	0.971023102627933	2
-0.0374684243610801	0.971232920512448	54
-0.0374904201714199	0.971245583613829	21
-0.09963854334916	0.77420270997835	21
-0.0358035777027099	2.41212552409692	42
-0.0845540851437001	2.22260606878334	4
0.05832400447743	0.79777889706228	6
0.0666544403313301	0.59000828848376	6
-0.0996210340312	0.774433753881929	2
-0.0953357329525499	1.109180653183	2
0.0930026836146201	1.0150029618971	2
0.12273335371078	1.53256434383476	2
0.12277987143844	1.53240383744197	2
-0.0761829009753701	1.599157929418	2
-0.0631288619968899	1.28186897875034	54
-0.02296024254827	2.10755317308046	4
-0.00390429105450996	1.14612220009606	4
-0.0359668990139601	2.40967925433253	34
-0.00392704354834006	1.14595601921863	15
0.01775514367867	1.31681679420971	15
0.11216788507174	1.197393867706	15
-0.09997095830854	0.774161366781223	6
-0.0996297969318301	0.774437355317741	172
-0.01884112879761	1.62815937269588	6
-0.0376417836587299	0.971237252051548	6
0.0176108595303801	1.31624142002555	6
0.0928022907844199	1.01477559073757	21
0.0477982782725499	1.66294425936402	4
0.11206920343166	1.19697006676344	6
0.0584399501503501	0.79769982874826	6
0.06704077902752	0.589986987289273	6
-0.00372472551665992	1.14617763393206	15
-0.06302268659683	1.28213799022895	172
0.11219813888498	1.19730010441067	172
-0.0375332920209499	0.971335989947976	6
-0.0953883297057601	1.10900921430707	6
-0.0952166228159399	1.10910215926925	56
0.11837342604012	1.36380080845913	2
0.0578400757883899	1.83297288433816	54
0.0929896814290101	1.01511461811393	54
-0.10009301784278	0.773998601930091	21
-0.0629139918716399	1.2824560732317	4
0.0582951134101599	0.797784880803241	4
-0.06302142775844	1.28235240942454	4
0.0177176898651701	1.31674662495615	34
-0.02309099869339	2.10797028416138	6
0.0350620752164601	1.48992189893102	126
-0.09997900536895	1.43001801170539	15
-0.0381494868519801	1.45663535323792	126
0.12266357972983	1.53219140551557	15
-0.0998659701244799	0.774255798157072	6
-0.09546757823198	1.10874641219142	6
-0.0996297969318301	0.774437355317741	21
0.02270709548543	2.13691995043021	4
-0.10015565523953	1.42963651481672	4
0.04035320892594	0.361169722228799	6
-0.0954149203138901	1.10902660350339	6
0.0176802224153201	1.31647167770262	15
-0.00322558531257	1.79749323100415	6
-0.09997095830854	0.774161366781223	6
-0.0629139918716399	1.2824560732317	6
0.09327127484108	1.01492717427538	6
0.11841253440115	1.36363053588237	6
0.04773244624769	1.66274778512536	2
0.11206119919618	1.1970941656282	2
-0.0040915874888201	1.14552322374695	2
-0.0953490467445901	1.10909169821672	54
0.06640050781925	0.589791315671906	54
0.0584399501503501	0.79769982874826	6
-0.0998659701244799	0.774255798157072	6
-0.0378356869230301	0.970853229111692	15
-0.0996297969318301	0.774437355317741	6
0.035007559069	1.48997297966207	6
-0.06312761997409	1.28185613861312	2
0.11831997193212	1.36351409835264	54
0.11209146650402	1.19718453032602	54
0.11837342604012	1.36380080845913	54
0.09281537634135	1.01484161778391	21
-0.10031968745125	0.773295741823345	21
0.0578536748777201	1.83339457708488	4
-0.0489282275776	2.24739737983682	4
-0.07644876595102	1.59901942963573	4
0.0581070063731699	0.797487899674034	6
0.04035320892594	0.361169722228799	6
0.0405904054674899	0.361273728188317	6
-0.0954941429649601	1.10876383623045	2
0.05832400447743	0.79777889706228	2
-0.10009301784278	0.773998601930091	54
0.07422193498022	2.17179905489213	4
-0.00327633373999992	1.79755683296425	4
0.06626212954208	2.00218034343273	4
0.0669079876023899	0.590129049397097	34
-0.0763883464149899	1.59882829187898	15
-0.0629139918716399	1.2824560732317	126
0.11829392314132	1.36354507986644	6
0.07422193498022	2.17179905489213	6
-0.03759812173156	0.971357094877432	2
0.0350591117418799	1.48944337418782	2
0.04783920541394	1.66301380313369	54
-0.0998659701244799	0.774255798157072	21
-0.05631651045343	1.7679615652181	4
0.0667870930537	0.589616020977837	4
-0.10221648704829	1.74477158367262	34
-0.06310169200595	1.28205160600231	6
-0.0953357329525499	1.109180653183	126
0.01786196807041	1.31690885537426	15
-0.0953357329525499	1.109180653183	6
0.11202299036526	1.19684698041237	6
0.11216788507174	1.197393867706	2
-0.0763964487681901	1.59865981506235	56
0.03498030408266	1.4898887383622	2
-0.00394226579270995	1.14538666943175	2
-0.0382298020340199	1.45596447751077	54
-0.00391944859509996	1.14608745729724	2
0.0931644419440201	1.01510003139785	54
-0.0376629135311699	0.971304917656255	21
0.03331455293376	2.30694849475898	42
-0.0952565809111401	1.10922586789114	4
-0.0954016231661601	1.10904984901962	4
0.11223634861539	1.19727846089222	6
0.11209146650402	1.19718453032602	15
-0.0998573327016901	0.774326861652598	126
0.0177176898651701	1.31674662495615	126
-0.03875704307269	1.93736727770752	6
-0.00409912386875	1.14546970137552	172
0.06626800442765	0.58951227776968	6
0.11851924853759	1.36370108964016	2
0.05832400447743	0.79777889706228	343
0.0928284799924399	1.01447188278909	343
0.01015314406805	1.96670555269114	6
0.09319026129936	1.01477745885181	126
0.0177176898651701	1.31674662495615	126
-0.0998659701244799	0.774255798157072	126
0.0350362938081401	1.48969852742977	6
-0.0376629135311699	0.971304917656255	6
-0.00400926057792006	1.14585313470885	39
-0.0953224228540199	1.10920392728072	6
0.05822273219915	0.797691987551502	2
-0.0998659701244799	0.774255798157072	56
-0.03808634456884	1.45656340224725	56
0.05817931439108	0.797679491776654	54
0.0669079876023899	0.590129049397097	2
-0.0376417836587299	0.971237252051548	343
0.11839950230927	1.36376987050119	4
0.12264970808531	1.53235990515963	15
-0.09997095830854	0.774161366781223	6
-0.0996297969318301	0.774437355317741	6
0.12272395436852	1.53219799065654	6
0.11843983381257	1.363788488939	6
0.01774081341129	1.31674960255633	6
-0.00400926057792006	1.14585313470885	2
-0.1000036439209	1.42993684133984	42
0.01030243897355	1.9673791897759	6
0.09281537634135	1.01484161778391	6
0.0582516470812999	0.797772341886517	6
0.11220611551615	1.19737223627029	6
-0.0998573327016901	0.774326861652598	2
-0.10015148060176	1.429670826661	56
-0.0630473459779199	1.28220770319229	54
0.0176802224153201	1.31647167770262	54
-0.0996210340312	0.774433753881929	54
-0.0999795413065401	0.774163935987156	6
-0.0189141130177399	1.62856574270787	126
0.11843983381257	1.363788488939	15
0.04773244624769	1.66274778512536	6
-0.0996297969318301	0.774437355317741	6
0.0666544403313301	0.59000828848376	6
0.0177639371779299	1.31667991034522	2
-0.06307327055322	1.28188006485585	56
0.0349287243980301	1.48968342793261	56
0.0477529012131299	1.66281945885999	2
-0.06296834325455	1.28243214104642	21
-0.0228668859314301	2.10816649915218	4
-0.09975230417822	0.774274178577378	6
0.06640050781925	0.589791315671906	6
0.04035320892594	0.361169722228799	6
-0.0999795413065401	0.774163935987156	6
-0.0629942534069401	1.28239709328681	15
-0.09524325785113	1.10924916729094	15
0.0404719114938299	0.361322640689658	6
-0.0998573327016901	0.774326861652598	6
-0.07660192225959	1.59821701108248	6
0.11839950230927	1.36376987050119	2
0.05822273219915	0.797691987551502	56
-0.0997436122822399	0.774418861125706	54
-0.00390429105450996	1.14612220009606	343
-0.00327633373999992	1.79755683296425	4
0.04035320892594	0.361169722228799	6
0.0662332512333901	2.00201328178605	15
0.0177320181824601	1.31666496861891	15
0.0582516470812999	0.797772341886517	6
0.0400757313518501	0.361162560899904	6
-0.0376847296890701	0.971317789997125	6
0.01786196807041	1.31690885537426	2
-0.09996235880499	0.773920592462937	56
0.0657592596523799	0.589174142486685	56
0.09317734260664	1.01509854295805	2
0.09308347816206	1.01515253512817	2
0.00142317888116006	2.44154838371589	4
0.11215994324786	1.1972387166861	4
0.0661461894111901	0.58941996665963	4
-0.08183251078774	1.91387588787007	15
-0.0998573327016901	0.774326861652598	6
0.0932584159624801	1.0150461797237	6
-0.00317483605775992	1.79727700412502	126
0.11831997193212	1.36351409835264	126
-0.0377710902494499	0.971060007159056	2
0.0582805855647599	0.797430473384385	54
0.06729408016793	0.590203599966043	54
-0.0999795413065401	0.774163935987156	54
-0.0999795413065401	0.774163935987156	21
-0.05630222440082	1.76828006173345	343
0.09327127484108	1.01492717427538	21
0.0404719114938299	0.361322640689658	15
0.0103630688616601	1.96721146416229	15
0.11849204134042	1.36372654826103	6
0.05820827665872	0.79742393937989	6
0.04019459198889	0.361113808702474	2
-0.0376847296890701	0.971317789997125	2
-0.0996122546974201	0.774119696180458	54
0.09281537634135	1.01484161778391	341
0.0928829264948601	1.01472280325666	21
-0.0190477494841901	1.62816064668296	4
0.0477119861748401	1.66260016227449	6
0.0405904054674899	0.361273728188317	6
0.06640050781925	0.589791315671906	6
-0.0999795413065401	0.774163935987156	15
-0.0953490467445901	1.10909169821672	15
-0.00383730678130001	1.1460589544713	126
0.11212966873912	1.19733244835361	126
0.0584399501503501	0.79769982874826	126
0.0929089962157501	1.01496515257567	15
-0.03772766745806	0.971179568236575	126
-0.0037399786372001	1.14614273997489	6
-0.0376847296890701	0.971317789997125	56
-0.0998573327016901	0.774326861652598	2
-0.0376199977242699	0.971369902993594	2
-0.00374762136233997	1.14601124538298	2
0.01770889289392	1.31642833506968	15
0.0175877390075201	1.31600493038784	15
-0.00380689612946994	1.14613373756296	6
-0.0037399786372001	1.14614273997489	6
-0.0375552278978399	0.971348728509458	56
0.0927218239130401	1.0146264042384	56
0.11228261879729	1.19705561837483	6
0.04796642239093	1.66261549908735	2
-0.10009301784278	0.773998601930091	54
0.0581503757161399	0.797500355917327	54
-0.06280784475197	1.28223162234305	343
-0.02302328824649	2.10819727436533	4
0.12264970808531	1.53235990515963	4
-0.09548085875698	1.10878704990263	6
0.0661461894111901	0.58941996665963	375
0.0176945665369199	1.31667104625431	6
0.11215994324786	1.1972387166861	15
0.05822273219915	0.797691987551502	6
0.12264970808531	1.53235990515963	6
-0.0763621277627	1.59922501695886	2
-0.0375770736646299	0.971216031525722	2
-0.00391186442864	1.14614110823046	341
-0.0952299384867099	1.10920857535553	4
0.0740559098451401	2.17203725344073	4
-0.03779238355054	0.970972622298318	15
-0.0954149203138901	1.10902660350339	126
-0.0376847296890701	0.971317789997125	15
0.09281537634135	1.01484161778391	6
-0.09996235880499	0.773920592462937	6
0.11212966873912	1.19733244835361	6
-0.00391944859509996	1.14608745729724	6
-0.0376629135311699	0.971304917656255	6
-0.0997436122822399	0.774418861125706	2
-0.10008990196047	1.42986723711651	56
0.0929766972884001	1.01493823898538	2
0.11834733364942	1.3634932741219	2
-0.0953224228540199	1.10920392728072	2
0.06640050781925	0.589791315671906	2
-0.09997095830854	0.774161366781223	54
-0.00391186442864	1.14614110823046	341
-0.09997900536895	1.43001801170539	4
-0.02297894318175	2.10826212728672	4
0.04790503651697	1.66307642519192	4
-0.0381907722060499	1.456684008713	34
0.06729408016793	0.590203599966043	6
-0.0388840663324399	1.93641460881118	15
0.01786196807041	1.31690885537426	126
-0.00393464928276011	1.14573340161201	126
-0.0999795413065401	0.774163935987156	15
-0.0999795413065401	0.774163935987156	15
0.0657592596523799	0.589174142486685	6
-0.00391186442864	1.14614110823046	6
-0.0996210340312	0.774433753881929	6
0.11212966873912	1.19733244835361	2
-0.10009415304299	1.42926061350159	54
-0.0953490467445901	1.10909169821672	54
-0.0376629135311699	0.971304917656255	54
0.0813211187012699	2.34249500876256	4
0.03506059355487	1.4899189792874	4
0.0661461894111901	0.58941996665963	6
0.11845289174257	1.36389674047384	126
0.0582516470812999	0.797772341886517	6
-0.00391186442864	1.14614110823046	6
0.0577870195739201	1.83323939379169	6
0.11219813888498	1.19730010441067	6
0.12261542837083	1.53208511509422	6
-0.0378140801872999	0.970985606335259	6
0.11223634861539	1.19727846089222	6
0.11838646618932	1.36382581239861	54
0.11213765917752	1.19730352814855	341
-0.09978204690105	1.42903043783076	4
0.0226382356213399	2.13772352952938	4
0.0930026836146201	1.0150029618971	282
0.11830694955005	1.36357004823443	126
-0.0953091164470401	1.10916330782568	126
0.05794036710618	1.8333311161014	126
-0.06304860009623	1.2822409578562	126
-0.09548085875698	1.10878704990263	15
0.03522416807892	1.48876616730139	6
-0.0953357329525499	1.109180653183	6
0.09309643861636	1.01494888434125	6
0.11213765917752	1.19730352814855	2
-0.0993841204043999	0.774230707923706	2
-0.06310044627561	1.2819007977585	2
-0.0996210340312	0.774433753881929	341
0.12277047420366	1.53253015141933	4
-0.10102529260303	2.0587628176364	4
0.0405904054674899	0.361273728188317	6
-0.09997095830854	0.774161366781223	6
-0.00391186442864	1.14614110823046	6
-0.0631041865846	1.28101601412377	41
0.0177639371779299	1.31667991034522	6
0.0476052289170701	1.66172488267175	2
-0.00399415082933996	1.14588779083778	2
-0.10019668126085	1.42956914577828	54
0.11834733364942	1.3634932741219	21
-0.10006524007874	1.42992918005617	21
0.02259368064495	2.13769652138223	4
-0.0629955159293201	1.28232067962445	4
-0.03770645584084	0.97118520731588	6
-0.09519080395228	1.10904894116388	282
0.12264970808531	1.53235990515963	126
0.12270069495481	1.53189010543725	126
-0.03821265164765	1.45657899516567	126
-0.0381688973524601	1.45672094938458	15
0.12273335371078	1.53256434383476	15
-0.09542822115104	1.10893769082864	6
-0.0376199977242699	0.971369902993594	34
0.0349014677914199	1.48967236359433	282
0.0177925837822901	1.31667844288435	282
-0.06307452000059	1.2821630293222	91
0.0671611502856	0.590087165510619	4
-0.0998927764778701	1.42992355814236	4
0.0405904054674899	0.361273728188317	6
-0.0628868131577001	1.28236843791619	15
0.09254814957884	1.01380198269698	15
-0.0951374672202101	1.1090143381644	15
-0.01906768537195	1.62812815699714	126
0.1225893123695	1.53203929792298	126
-0.06291526649569	1.28239460259991	6
-0.06302142775844	1.28235240942454	41
0.0929766972884001	1.01493823898538	6
-0.0381883905778799	1.45642108075477	6
0.09301570388066	1.01445552987221	6
-0.09997095830854	0.774161366781223	6
-0.0039866121574399	1.14579622944292	6
-0.0999795413065401	0.774163935987156	6
0.05832400447743	0.79777889706228	91
0.06729408016793	0.590203599966043	2
0.03321614691374	2.30458814480649	341
-0.0386958750709101	1.93803134942667	42
-0.08458550817078	2.22257099743856	42
-0.0762896754575899	1.59911339689425	4
0.12285410708172	1.5323853087147	4
-0.0954016231661601	1.10904984901962	4
0.11212966873912	1.19733244835361	4
0.0928959523292201	1.01499095487319	4
0.0404719114938299	0.361322640689658	4
-0.0560560492831801	1.76797288323453	15
0.11215994324786	1.1972387166861	15
0.11834600462141	1.36314399876403	126
0.11223634861539	1.19727846089222	15
-0.00389672847823008	1.14603064260661	6
-0.10010152990328	0.773749047438567	2
0.03995666139643	0.361009605400419	4
0.0582516470812999	0.797772341886517	4
0.0666544403313301	0.59000828848376	15
0.0581070063731699	0.797487899674034	15
-0.0998573327016901	0.774326861652598	15
0.0404719114938299	0.361322640689658	15
-0.0998573327016901	0.774326861652598	15
-0.00382968794147009	1.14619044136978	41
0.0666544403313301	0.59000828848376	6
0.1121074612167	1.19703151090983	6
0.0666544403313301	0.59000828848376	91
-0.0189340635122801	1.62853320997993	2
0.0582516470812999	0.797772341886517	2
0.0928284799924399	1.01447188278909	54
0.0669079876023899	0.590129049397097	2
0.0581070063731699	0.797487899674034	54
0.0582951134101599	0.797784880803241	21
0.1185061728142	1.36350175071276	42
0.0350863651451601	1.48960339827223	4
-0.00333391910780989	1.797521222313	4
0.0405904054674899	0.361273728188317	4
0.05832400447743	0.79777889706228	15
0.0582516470812999	0.797772341886517	15
0.11216788507174	1.197393867706	15
0.04019459198889	0.361113808702474	126
0.0400757313518501	0.361162560899904	126
-0.0995070690697399	0.774452381792266	15
0.06754699712777	0.590324009457586	126
0.11836038186052	1.36369259288262	6
0.0404719114938299	0.361322640689658	41
0.04035320892594	0.361169722228799	41
-0.09949823518252	0.774211913438795	41
0.11222231951993	1.19669368080822	6
0.06704077902752	0.589986987289273	6
0.06754699712777	0.590324009457586	2
0.0404719114938299	0.361322640689658	2
0.05833867576296	0.79748357258179	2
0.0405904054674899	0.361273728188317	2
0.0581070063731699	0.797487899674034	54
0.05817931439108	0.797679491776654	21
0.0177782693851201	1.31689238990432	4
0.0666544403313301	0.59000828848376	4
-0.06296707703879	1.28237633464647	4
0.1122666096395	1.19683021120762	4
-0.0377710902494499	0.971060007159056	282
-0.03759812173156	0.971357094877432	282
-0.0993930088925701	0.774381147082806	282
0.0581503757161399	0.797500355917327	126
0.0583963866130599	0.797687194353385	15
-0.0954016231661601	1.10904984901962	126
0.01775514367867	1.31681679420971	126
-0.0376417836587299	0.971237252051548	6
0.0347666542274401	1.48883144765576	2
0.0176427414040301	1.31596275236084	6
0.09308347816206	1.01515253512817	54
0.03995666139643	0.361009605400419	21
0.0929896814290101	1.01511461811393	4
0.11837342604012	1.36380080845913	4
0.04019459198889	0.361113808702474	209
-0.0378356869230301	0.970853229111692	15
-0.1001351495965	1.42957668788431	126
-0.0951774642191801	1.10913791862697	6
0.0669079876023899	0.590129049397097	6
0.0666544403313301	0.59000828848376	6
0.0400757313518501	0.361162560899904	91
-0.1012186088448	2.05813109907652	2
0.03995666139643	0.361009605400419	54
-0.0951774642191801	1.10913791862697	54
-0.10008990196047	1.42986723711651	42
-0.0563745065491099	1.76798560130706	42
-0.06394317037463	2.08151249290646	4
0.0227273621345701	2.13756275970094	4
-0.0374046517442901	0.970034257233897	4
0.06640050781925	0.589791315671906	15
-0.0997349038953601	0.774341633185776	15
0.05806373276334	0.79713982138369	15
0.03995666139643	0.361009605400419	6
0.0404719114938299	0.361322640689658	6
-0.0376629135311699	0.971304917656255	41
0.06640050781925	0.589791315671906	6
0.05822273219915	0.797691987551502	91
-0.00972555156836008	2.27617421921281	2
-0.0998573327016901	0.774326861652598	54
0.0404719114938299	0.361322640689658	54
0.0671611502856	0.590087165510619	54
0.0583675193827	0.797791482115468	21
-0.0846169345241099	2.22247442466588	42
-0.0845540851437001	2.22260606878334	42
-0.05626589079858	1.76820627737318	4
0.0931644419440201	1.01510003139785	4
-0.0954149203138901	1.10902660350339	15
0.0582516470812999	0.797772341886517	282
0.0581503757161399	0.797500355917327	15
0.0657592596523799	0.589174142486685	15
-0.09949823518252	0.774211913438795	15
0.0582951134101599	0.797784880803241	126
-0.0763621277627	1.59922501695886	15
0.03995666139643	0.361009605400419	6
-0.03759812173156	0.971357094877432	6
-0.0376199977242699	0.971369902993594	6
0.0584399501503501	0.79769982874826	91
-0.0997436122822399	0.774418861125706	6
-0.09548085875698	1.10878704990263	2
0.06704077902752	0.589986987289273	54
-0.0375761556577601	0.97120071712665	54
0.06640050781925	0.589791315671906	21
-0.11713493921718	2.20042356851593	4
-0.0628350221232301	1.28225234432498	4
0.11209942212886	1.19724209000592	15
-0.10009301784278	0.773998601930091	15
0.11209146650402	1.19718453032602	15
-0.0998573327016901	0.774326861652598	41
0.0582951134101599	0.797784880803241	1
-0.0998573327016901	0.774326861652598	6
0.0348469607694299	1.48942810497968	2
-0.0995246875187901	0.773938666265461	54
-0.06304860009623	1.2822409578562	282
-0.09556012959518	1.10839149421193	282
-0.0953490467445901	1.10909169821672	15
0.04792550358741	1.66300038588337	6
-0.0382102457865401	1.45651931710557	6
0.0929766972884001	1.01493823898538	1
0.12272395436852	1.53219799065654	1
0.0929896814290101	1.01511461811393	6
-0.03825164219481	1.4561342572749	6
0.11838646618932	1.36382581239861	54
-0.0034642291709901	1.79714412526986	4
0.12275661239863	1.53252501484665	282
-0.00365213332424008	1.79557747399449	15
-0.0376199977242699	0.971369902993594	6
-0.0995070690697399	0.774452381792266	1
-0.0952565809111401	1.10922586789114	1
-0.0039866121574399	1.14579622944292	6
-0.06294243951196	1.28228315099964	1
-0.06272760309296	1.28162721573795	91
-0.0954149203138901	1.10902660350339	2
-0.0378356869230301	0.970853229111692	110
0.0740890957606499	2.17228476682502	4
0.0929089962157501	1.01496515257567	282
-0.09544152567958	1.10877688420549	6
-0.0996297969318301	0.774437355317741	6
-0.0954149203138901	1.10902660350339	6
-0.09997095830854	0.774161366781223	6
0.0930026836146201	1.0150029618971	6
0.05817931439108	0.797679491776654	1
-0.00382968794147009	1.14619044136978	6
0.0581503757161399	0.797500355917327	6
-0.03802322481627	1.45632330100297	6
-0.0377710902494499	0.971060007159056	54
-0.0188074129101801	1.62844669310854	21
0.04035320892594	0.361169722228799	4
0.03500903285456	1.4898366749406	4
0.09308347816206	1.01515253512817	209
-0.10009301784278	0.773998601930091	15
-0.0374904201714199	0.971245583613829	15
0.01781571167214	1.31683026639572	15
-0.0376199977242699	0.971369902993594	6
0.11212176168975	1.19709085061033	41
0.04788456433404	1.66307856400046	6
-0.03759812173156	0.971357094877432	6
-0.0630473459779199	1.28220770319229	2
0.0348742132495401	1.48958815068983	54
0.04788456433404	1.66307856400046	21
0.0177782693851201	1.31689238990432	21
0.11209146650402	1.19718453032602	4
-0.05640349611775	1.76790020774577	4
0.11853232022508	1.363809344998	4
-0.0997436122822399	0.774418861125706	34
0.09262833885246	1.01429436864152	15
0.0929896814290101	1.01511461811393	15
-0.10232161389722	1.7448256318819	282
0.0178850965839901	1.31683916792252	6
0.0928022907844199	1.01477559073757	126
0.0660138251920299	0.589391230638723	15
0.05806373276334	0.79713982138369	15
-0.00382968794147009	1.14619044136978	15
0.11205327835221	1.19693733715299	6
-0.0376847296890701	0.971317789997125	2
-0.0998573327016901	0.774326861652598	2
-0.0952166228159399	1.10910215926925	54
0.0583675193827	0.797791482115468	21
-0.10180592597631	2.36189425915938	4
0.0404719114938299	0.361322640689658	4
-0.10008448922115	0.773906023057076	15
-0.03823210558299	1.45654942606327	6
-0.00323240044763007	1.79724139663788	126
0.0175877390075201	1.31600493038784	15
0.11831997193212	1.36351409835264	6
0.05783362617202	1.83339899528949	1
0.0582516470812999	0.797772341886517	181
0.0929766972884001	1.01493823898538	6
0.09281537634135	1.01484161778391	2
0.0405904054674899	0.361273728188317	209
-0.0953091164470401	1.10916330782568	126
-0.0377710902494499	0.971060007159056	126
-0.0953357329525499	1.109180653183	15
-0.00383730678130001	1.1460589544713	15
-0.09536236423209	1.10893083428085	6
0.0577003133220999	1.83295426805294	6
0.0178245214391799	1.31682567095759	6
-0.00391186442864	1.14614110823046	6
0.0349272623836601	1.48980352606368	6
-0.0378140801872999	0.970985606335259	6
-0.03759812173156	0.971357094877432	2
0.0224803151703701	2.13714512235801	4
-0.0230956436282901	2.10656624617436	4
0.0404719114938299	0.361322640689658	15
0.01033553918886	1.96748051751922	15
0.0478187443982301	1.66301596808641	15
0.09281537634135	1.01484161778391	126
0.11216788507174	1.197393867706	126
-0.07612840867174	1.59829645596379	126
0.0927892232866001	1.01439054729322	15
-0.0381033003246301	1.45642277608248	1
-0.0376199977242699	0.971369902993594	1
0.0177320181824601	1.31666496861891	6
-0.00419656173572003	1.14465216138894	6
0.04035320892594	0.361169722228799	2
-0.10096316069098	2.05905877650969	4
0.0334211686839701	2.30750197409314	4
-0.12024721356298	1.89327955144247	4
0.0476415727748401	1.66200587594227	34
-0.0629398986510801	1.28228870221773	15
0.0404719114938299	0.361322640689658	6
-0.09995846255172	1.43002059814717	6
0.11830694955005	1.36357004823443	6
-0.06296834325455	1.28243214104642	6
0.11206119919618	1.1970941656282	6
-0.0953883297057601	1.10900921430707	6
-0.0188742204157299	1.62842515904195	6
0.11216788507174	1.197393867706	2
0.0177176898651701	1.31674662495615	54
-0.00371711513271	1.14608617026441	21
-0.05627324529955	1.76836546070695	4
0.0475802747518399	1.66178906843013	6
0.0177176898651701	1.31674662495615	15
-0.09975230417822	0.774274178577378	6
0.09317734260664	1.01509854295805	6
0.05790667099148	1.83282768175294	6
0.09307053574539	1.01506199733172	6
0.01774081341129	1.31674960255633	21
0.03356605386802	2.3074640630677	4
0.11215994324786	1.1972387166861	4
0.06704077902752	0.589986987289273	6
0.11206920343166	1.19697006676344	6
0.0104460997159399	1.96740136374131	6
0.0176714434238701	1.31651925107115	2
0.0226166315455101	2.13758721279142	6
0.01019187009286	1.96692672205541	21
-0.0377705969878599	0.970816165302698	110
0.11200730134684	1.19577744654246	4
0.12279373463079	1.5325709279016	4
-0.0376199977242699	0.971369902993594	4
-0.0998722278100099	1.42986382201375	34
-0.06302142775844	1.28235240942454	6
0.05817931439108	0.797679491776654	15
0.01780139530442	1.31689537172487	126
0.06640050781925	0.589791315671906	6
0.0582951134101599	0.797784880803241	181
-0.0954941429649601	1.10876383623045	6
-0.0998659701244799	0.774255798157072	54
-0.03759812173156	0.971357094877432	21
0.04767105070666	1.6620551779775	21
-0.00373234668673006	1.14619646041486	21
0.11837342604012	1.36380080845913	4
-0.03770645584084	0.97118520731588	4
0.0400757313518501	0.361162560899904	4
0.0175965035089101	1.31602937498602	4
0.0400757313518501	0.361162560899904	6
0.01774081341129	1.31674960255633	6
0.04786408703858	1.66300682995499	15
0.03495305115064	1.4897286396594	15
-0.0375770736646299	0.971216031525722	15
0.11222231951993	1.19669368080822	6
0.11209942212886	1.19724209000592	6
-0.0997436122822399	0.774418861125706	6
0.09270869671627	1.01444337638405	6
0.0350348161126099	1.48998404867528	2
0.0740890957606499	2.17228476682502	4
-0.01886727796986	1.62855467235667	4
0.035007559069	1.48997297966207	4
-0.0387237529381299	1.93776628032884	4
0.0576802758419701	1.83288441673066	4
0.0929089962157501	1.01496515257567	15
-0.00399415082933996	1.14588779083778	6
-0.0953091164470401	1.10916330782568	282
-0.06304609280399	1.28179266602802	15
0.09307053574539	1.01506199733172	6
-0.09520331083685	1.1089235160465	6
0.04760071252804	1.6619365177802	6
-0.0631288619968899	1.28186897875034	6
-0.0953357329525499	1.109180653183	54
0.06631990310633	2.00228786519719	4
-0.10201770642392	2.36113711765545	4
0.08125169414936	2.34156739278319	4
-0.0953224228540199	1.10920392728072	4
0.0660138251920299	0.589391230638723	4
0.01037427054142	1.96748908734426	4
0.12275661239863	1.53252501484665	4
-0.0764024278672399	1.59916012968247	6
-0.0763098448397499	1.59891555528064	6
-0.07646289634083	1.5985614056659	15
0.0349545171453001	1.48988775933262	6
0.0931644419440201	1.01510003139785	6
-0.0764286236806699	1.59901997540362	6
0.02272612175766	2.13719575250641	4
-0.0638441754097101	2.0821450534786	4
-0.0376199977242699	0.971369902993594	6
-0.0378356869230301	0.970853229111692	126
0.11215994324786	1.1972387166861	6
0.0582516470812999	0.797772341886517	6
-0.00382207988244998	1.14624413498319	6
-0.00388917670528999	1.14586100594575	15
0.0669079876023899	0.590129049397097	6
0.0347924619826001	1.48885092431738	6
-0.0376847296890701	0.971317789997125	21
0.0669079876023899	0.590129049397097	110
0.0349272623836601	1.48980352606368	171
0.04019459198889	0.361113808702474	4
0.12271009537197	1.53252357342144	4
-0.03766347955932	0.970824474083088	126
0.0400757313518501	0.361162560899904	231
0.0661461894111901	0.58941996665963	6
0.11223634861539	1.19727846089222	6
-0.0381907722060499	1.456684008713	6
-0.03770645584084	0.97118520731588	6
0.06754699712777	0.590324009457586	110
-0.0997349038953601	0.774341633185776	171
-0.1015528439094	2.36191087197927	4
-0.03772766745806	0.971179568236575	34
0.0666544403313301	0.59000828848376	6
0.0400757313518501	0.361162560899904	6
-0.0192412256916601	1.62694418166047	6
0.0404719114938299	0.361322640689658	6
0.01787627049361	1.31668189807039	15
0.06614665014155	2.00101686695916	15
-0.0997436122822399	0.774418861125706	1
0.03506059355487	1.4899189792874	6
-0.0381470270873801	1.45669085329474	6
-0.0629942534069401	1.28239709328681	6
0.08149896256367	2.34228939390763	6
-0.06296707703879	1.28237633464647	6
0.0928959523292201	1.01499095487319	6
0.06640050781925	0.589791315671906	6
-0.10009301784278	0.773998601930091	54
0.04019459198889	0.361113808702474	110
0.05832400447743	0.79777889706228	21
0.0582516470812999	0.797772341886517	21
0.0669079876023899	0.590129049397097	6
0.0404719114938299	0.361322640689658	6
0.09281537634135	1.01484161778391	15
0.11846594563983	1.36392177573483	15
-0.01917438717069	1.62746940639961	15
-0.00380689612946994	1.14613373756296	6
-0.0998659701244799	0.774255798157072	6
0.12281699540143	1.53253161115609	6
-0.0951774642191801	1.10913791862697	6
-0.0375770736646299	0.971216031525722	6
0.06704077902752	0.589986987289273	6
0.06754699712777	0.590324009457586	6
0.0583675193827	0.797791482115468	6
-0.09536175383862	1.10872410477597	54
-0.06302268659683	1.28213799022895	54
-0.0998573327016901	0.774326861652598	21
-0.05624426055854	1.76838590016672	4
0.0660138251920299	0.589391230638723	6
-0.10021720164015	1.4294402116929	282
0.0581070063731699	0.797487899674034	15
0.0666544403313301	0.59000828848376	231
-0.0998659701244799	0.774255798157072	231
-0.0953756854169301	1.10868431283942	15
-0.0375332920209499	0.971335989947976	1
-0.0995070690697399	0.774452381792266	6
0.11851924853759	1.36370108964016	2
0.0930026836146201	1.0150029618971	2
0.0581503757161399	0.797500355917327	171
-0.09546757823198	1.10874641219142	171
0.04035320892594	0.361169722228799	4
-0.0952565809111401	1.10922586789114	4
-0.00382968794147009	1.14619044136978	34
0.01787627049361	1.31668189807039	15
0.11838646618932	1.36382581239861	15
0.12260319661325	1.53202780162261	6
0.11843983381257	1.363788488939	6
0.0929089962157501	1.01496515257567	6
0.11204544075352	1.19646368726614	6
0.0404719114938299	0.361322640689658	55
0.0582951134101599	0.797784880803241	110
-0.0358636586301999	2.41219981100409	4
-0.05640349611775	1.76790020774577	4
0.05835291915452	0.797338851830935	6
-0.10026243541634	1.42923262423122	15
-0.00372472551665992	1.14617763393206	231
0.04035320892594	0.361169722228799	15
0.0931644419440201	1.01510003139785	231
0.06640050781925	0.589791315671906	231
-0.0954016231661601	1.10904984901962	6
-0.0953224228540199	1.10920392728072	6
-0.00382968794147009	1.14619044136978	105
0.09309643861636	1.01494888434125	105
0.1121074612167	1.19703151090983	6
-0.10011042325869	1.42986469679142	54
-0.12012912955934	1.89287907753375	4
-0.11688886108246	2.20064051656475	4
0.08147763193596	2.34248124454421	4
0.0176945665369199	1.31667104625431	15
0.0404719114938299	0.361322640689658	6
0.0405904054674899	0.361273728188317	6
0.11839950230927	1.36376987050119	6
0.12274721411719	1.53240765743908	15
0.12275661239863	1.53252501484665	15
-0.09972617906736	0.773954066072917	15
0.03995666139643	0.361009605400419	15
0.0404719114938299	0.361322640689658	15
0.0928959523292201	1.01499095487319	231
0.11212966873912	1.19733244835361	6
0.0227044437897199	2.13753874262459	6
0.11837342604012	1.36380080845913	6
-0.10009301784278	0.773998601930091	21
-0.06291526649569	1.28239460259991	21
-0.038105711604	1.45677735085545	21
-0.0381907722060499	1.456684008713	4
-0.1203155505064	1.89284093567216	4
-0.03808383086413	1.45674727746957	15
0.0348727590314899	1.48940141111926	6
0.0404719114938299	0.361322640689658	231
0.12283084455485	1.5323445320253	6
0.0177176898651701	1.31674662495615	6
-0.10008990196047	1.42986723711651	1
0.04035320892594	0.361169722228799	6
0.0477733510712299	1.66281727234075	105
0.11219813888498	1.19730010441067	6
0.0583963866130599	0.797687194353385	6
0.0929896814290101	1.01511461811393	21
-0.10004066335244	1.42962701810972	171
0.0579203140791	1.83340984956378	4
-0.0998659701244799	0.774255798157072	6
-0.10004470310765	1.42999409071848	15
-0.0377705969878599	0.970816165302698	15
-0.00372472551665992	1.14617763393206	6
-0.0375770736646299	0.971216031525722	1
-0.07642258157942	1.59903060029235	6
0.11851812092335	1.36315565934837	6
-0.00408406191229993	1.14550426291643	6
-0.0377710902494499	0.971060007159056	105
0.04786408703858	1.66300682995499	6
0.0349272623836601	1.48980352606368	6
0.11208359419639	1.19684373267159	54
-0.03821265164765	1.45657899516567	171
-0.0817880561937701	1.91397099615555	4
-0.10004470310765	1.42999409071848	4
-0.0999995531079201	1.4299530809016	34
0.11830694955005	1.36357004823443	231
-0.10004470310765	1.42999409071848	6
0.11206920343166	1.19697006676344	6
0.0405904054674899	0.361273728188317	105
0.0175733849048401	1.3159538746158	4
-0.0376847296890701	0.971317789997125	4
-0.0952699076686101	1.1091368898902	6
-0.00390429105450996	1.14612220009606	6
-0.0376629135311699	0.971304917656255	6
0.11845289174257	1.36389674047384	231
-0.00401683164371991	1.14572178126967	6
0.0662910134980801	2.0022714163901	6
0.05806373276334	0.79713982138369	1
0.0582516470812999	0.797772341886517	6
-0.0764750016161599	1.59864502208977	54
0.11212966873912	1.19733244835361	54
0.0583963866130599	0.797687194353385	54
-0.0188205068445499	1.62833412282284	21
-0.03759812173156	0.971357094877432	21
0.0739895664575401	2.17110062930211	21
-0.09546757823198	1.10874641219142	4
0.0334936103721699	2.30758869145664	4
0.11846594563983	1.36392177573483	4
-0.00383730678130001	1.1460589544713	6
-0.00382207988244998	1.14624413498319	126
0.0926415257655	1.01413360573067	6
-0.0999795413065401	0.774163935987156	6
-0.0377280920115699	0.970772505341636	6
0.06729408016793	0.590203599966043	6
0.09301570388066	1.01445552987221	6
0.05822273219915	0.797691987551502	1
0.09281537634135	1.01484161778391	6
-0.00338467720872004	1.79745453597946	34
-0.0037399786372001	1.14614273997489	6
-0.10002417105518	1.42999665247261	15
0.0400757313518501	0.361162560899904	15
-0.0953883297057601	1.10900921430707	6
-0.0188273651284201	1.62855152203801	1
0.09319026129936	1.01477745885181	6
-0.03821265164765	1.45657899516567	54
-0.0377494238306	0.971192499435083	21
-0.0385796606600199	1.93836877689049	4
0.11216788507174	1.197393867706	4
-0.10006524007874	1.42992918005617	282
0.0178245214391799	1.31682567095759	6
0.0349559830724	1.48962129723847	6
-0.0953357329525499	1.109180653183	6
-0.0629955159293201	1.28232067962445	6
-0.00390429105450996	1.14612220009606	21
0.0400757313518501	0.361162560899904	6
-0.0952299384867099	1.10920857535553	6
0.0814350569733899	2.34217219732517	15
0.0404719114938299	0.361322640689658	15
0.09281537634135	1.01484161778391	6
-0.1000036439209	1.42993684133984	6
-0.10010152990328	0.773749047438567	6
-0.00382207988244998	1.14624413498319	6
0.0177176898651701	1.31674662495615	6
-0.0628868131577001	1.28236843791619	6
-0.00403200613082011	1.14515271177722	6
0.11837342604012	1.36380080845913	21
-0.00382968794147009	1.14619044136978	21
-0.00400170030462999	1.14590672917174	15
0.0660138251920299	0.589391230638723	15
0.0928959523292201	1.01499095487319	15
-0.0954016231661601	1.10904984901962	6
-0.0039866121574399	1.14579622944292	6
0.0671611502856	0.590087165510619	6
0.11209942212886	1.19724209000592	105
-0.0376847296890701	0.971317789997125	21
-0.0377705969878599	0.970816165302698	21
0.0404719114938299	0.361322640689658	4
-0.09993388858726	1.42985600137303	15
0.0929089962157501	1.01496515257567	79
0.0405904054674899	0.361273728188317	6
0.06704077902752	0.589986987289273	15
0.0400757313518501	0.361162560899904	15
0.0666544403313301	0.59000828848376	277
-0.0996122546974201	0.774119696180458	15
-0.10023772693249	1.42924331145538	6
-0.03779238355054	0.970972622298318	6
0.0404719114938299	0.361322640689658	6
0.04019459198889	0.361113808702474	6
-0.0383804328766899	1.45580988034692	15
0.0404719114938299	0.361322640689658	277
-0.0383390487025601	1.45612077282494	6
-0.0377926667403099	0.970647456267243	6
-0.0629398986510801	1.28228870221773	6
-0.03759812173156	0.971357094877432	6
0.0667870930537	0.589616020977837	6
0.09281537634135	1.01484161778391	105
0.0669079876023899	0.590129049397097	105
0.0400757313518501	0.361162560899904	21
0.0669079876023899	0.590129049397097	21
0.0669079876023899	0.590129049397097	21
0.03487566741069	1.48932852299017	171
0.0405904054674899	0.361273728188317	6
0.0583963866130599	0.797687194353385	15
0.0400757313518501	0.361162560899904	277
-0.0188542783024399	1.62824844824229	6
0.05832400447743	0.79777889706228	6
0.11215994324786	1.1972387166861	6
0.0932455750699099	1.01472489053794	105
0.0405904054674899	0.361273728188317	54
0.0404719114938299	0.361322640689658	21
0.0405904054674899	0.361273728188317	4
0.12271009537197	1.53252357342144	15
0.0178245214391799	1.31682567095759	15
0.12287736994666	1.53234602256309	15
0.05832400447743	0.79777889706228	15
-0.0381470270873801	1.45669085329474	6
-0.03852430458986	1.93703460639318	6
-0.0999379246558501	1.42996081624991	1
0.04019459198889	0.361113808702474	6
0.0669079876023899	0.590129049397097	6
-0.09542822115104	1.10893769082864	6
0.0669079876023899	0.590129049397097	21
-0.0376629135311699	0.971304917656255	54
0.0669079876023899	0.590129049397097	6
-0.10236587563073	1.74478282942808	15
0.0404719114938299	0.361322640689658	15
0.04035320892594	0.361169722228799	15
-0.0993841204043999	0.774230707923706	15
-0.0952299384867099	1.10920857535553	6
0.0660138251920299	0.589391230638723	187
0.04035320892594	0.361169722228799	187
0.06626800442765	0.58951227776968	6
0.06754699712777	0.590324009457586	6
0.0176714434238701	1.31651925107115	105
-0.0954016231661601	1.10904984901962	21
0.0177176898651701	1.31674662495615	21
0.11836038186052	1.36369259288262	54
0.0424016015790201	2.47452964743809	4
0.0740116102670001	2.17212294325092	4
0.04019459198889	0.361113808702474	6
-0.00338467720872004	1.79745453597946	6
0.0666544403313301	0.59000828848376	15
0.0405904054674899	0.361273728188317	15
0.06626800442765	0.58951227776968	15
-0.0996122546974201	0.774119696180458	15
-0.0189272991267599	1.6280292100756	6
0.09281537634135	1.01484161778391	6
0.04035320892594	0.361169722228799	187
0.0405904054674899	0.361273728188317	6
0.0666544403313301	0.59000828848376	6
0.0178531401997599	1.31653011638209	6
0.05819384091091	0.797199179169602	54
0.0582951134101599	0.797784880803241	54
0.04035320892594	0.361169722228799	4
-0.10240459012265	1.74464471217592	4
0.0404719114938299	0.361322640689658	6
0.11220611551615	1.19737223627029	6
-0.0189809228092399	1.62842194119861	6
0.12281699540143	1.53253161115609	15
0.0404719114938299	0.361322640689658	15
0.0580780439275299	0.797106236295213	15
-0.05611402604748	1.76826296957861	6
-0.0374684243610801	0.971232920512448	1
-0.0998573327016901	0.774326861652598	6
-0.10010152990328	0.773749047438567	6
0.01763398027087	1.31639315234962	7
0.11209942212886	1.19724209000592	54
0.04242925197083	2.47383124778525	4
0.06640050781925	0.589791315671906	367
0.0671611502856	0.590087165510619	79
0.04019459198889	0.361113808702474	6
-0.0999795413065401	0.774163935987156	6
-0.00390429105450996	1.14612220009606	6
0.03500903285456	1.4898366749406	6
-0.0954016231661601	1.10904984901962	15
-0.00383730678130001	1.1460589544713	15
0.06640050781925	0.589791315671906	277
0.04019459198889	0.361113808702474	277
0.0576536608143301	1.83251981334249	6
-0.00330512925551996	1.79757357899727	1
-0.0381907722060499	1.456684008713	6
0.05832400447743	0.79777889706228	7
-0.0630757704231899	1.28205828288189	7
-0.00341346664912989	1.79733239026595	54
0.06640050781925	0.589791315671906	54
0.0666544403313301	0.59000828848376	54
0.02248302263572	2.13707985602529	42
0.11841253440115	1.36363053588237	6
0.04019459198889	0.361113808702474	1
0.06729408016793	0.590203599966043	15
-0.0376847296890701	0.971317789997125	15
0.0929089962157501	1.01496515257567	6
-0.0953224228540199	1.10920392728072	6
0.0669079876023899	0.590129049397097	105
-0.00397156724531	1.14536528168191	7
0.0405904054674899	0.361273728188317	54
0.0669079876023899	0.590129049397097	54
0.12268683737928	1.53240107921969	54
0.05820827665872	0.79742393937989	4
0.0405904054674899	0.361273728188317	95
0.04019459198889	0.361113808702474	95
0.12288429413066	1.53088288490942	15
-0.06283373539569	1.28233093364841	15
0.11223634861539	1.19727846089222	15
0.0669079876023899	0.590129049397097	15
0.05806373276334	0.79713982138369	6
-0.0377494238306	0.971192499435083	6
0.09281537634135	1.01484161778391	6
0.0405904054674899	0.361273728188317	187
0.04035320892594	0.361169722228799	187
0.0404719114938299	0.361322640689658	187
-0.0953883297057601	1.10900921430707	7
0.03995666139643	0.361009605400419	54
0.05822273219915	0.797691987551502	54
0.03995666139643	0.361009605400419	54
0.11212966873912	1.19733244835361	54
0.0581070063731699	0.797487899674034	54
-0.11720086904636	2.20001894862982	42
0.0400757313518501	0.361162560899904	95
0.0404719114938299	0.361322640689658	15
0.0671611502856	0.590087165510619	6
-0.09997095830854	0.774161366781223	6
0.0405904054674899	0.361273728188317	188
0.0657592596523799	0.589174142486685	187
0.0400757313518501	0.361162560899904	187
0.09328415174204	1.01434598521396	6
-0.0999795413065401	0.774163935987156	6
0.0666544403313301	0.59000828848376	54
-0.0386238281461899	1.9382618287073	4
0.0405904054674899	0.361273728188317	6
0.04035320892594	0.361169722228799	95
0.04035320892594	0.361169722228799	95
0.0927349692105499	1.01434853374846	1
0.0404719114938299	0.361322640689658	15
0.0400757313518501	0.361162560899904	6
0.0660138251920299	0.589391230638723	188
0.0582516470812999	0.797772341886517	187
-0.09975230417822	0.774274178577378	6
0.0400757313518501	0.361162560899904	6
-0.0997349038953601	0.774341633185776	7
-0.0953883297057601	1.10900921430707	7
-0.0997436122822399	0.774418861125706	54
-0.0997436122822399	0.774418861125706	6
0.0666544403313301	0.59000828848376	6
0.0405904054674899	0.361273728188317	95
0.0405904054674899	0.361273728188317	95
-0.0847112335131499	2.22180671521908	6
0.05832400447743	0.79777889706228	6
0.05832400447743	0.79777889706228	6
0.0582516470812999	0.797772341886517	6
-0.10008990196047	1.42986723711651	6
0.0928959523292201	1.01499095487319	6
0.11857151108193	1.36363929871807	7
0.0404719114938299	0.361322640689658	54
0.00136021445383006	2.44141670818081	42
0.12284025651849	1.53241045230602	34
0.0405904054674899	0.361273728188317	347
0.0400757313518501	0.361162560899904	95
0.0400757313518501	0.361162560899904	15
0.0400757313518501	0.361162560899904	277
-0.0954149203138901	1.10902660350339	6
-0.0383171901967201	1.45622569558396	6
0.11845289174257	1.36389674047384	6
0.0404719114938299	0.361322640689658	6
0.06640050781925	0.589791315671906	188
-0.00382207988244998	1.14624413498319	187
-0.09963854334916	0.77420270997835	6
0.11209942212886	1.19724209000592	6
-0.09524325785113	1.10924916729094	6
0.0404719114938299	0.361322640689658	7
0.0666544403313301	0.59000828848376	7
0.11830694955005	1.36357004823443	105
-0.09536236423209	1.10893083428085	105
-0.09519080395228	1.10904894116388	54
0.0404719114938299	0.361322640689658	54
0.06640050781925	0.589791315671906	347
0.05813599240279	0.797331200154474	1
-0.0954277587329699	1.10819660615017	15
-0.00317483605775992	1.79727700412502	6
-0.03759812173156	0.971357094877432	6
0.0400757313518501	0.361162560899904	6
0.12279373463079	1.5325709279016	6
0.0349014677914199	1.48967236359433	6
-0.08183251078774	1.91387588787007	54
0.06640050781925	0.589791315671906	54
0.11227457245336	1.19717008777991	54
-0.01908762404527	1.62802660136231	54
-0.0954149203138901	1.10902660350339	54
0.06729408016793	0.590203599966043	42
0.0662910134980801	2.0022714163901	42
-0.0844655123387601	2.22263459227691	42
0.11213765917752	1.19730352814855	347
-0.0189211099867299	1.62810462801149	6
-0.10011042325869	1.42986469679142	166
-0.10015565523953	1.42963651481672	6
0.01780139530442	1.31689537172487	6
0.0102249815950299	1.96715176329688	6
0.03490000968004	1.48964343968168	6
0.0477733510712299	1.66281727234075	1
0.11825340902879	1.36293766366264	6
-0.01894104480949	1.62828133768762	105
-0.0953883297057601	1.10900921430707	54
0.0580347229940099	0.797093811834519	42
-0.1009976829692	2.05912979857977	42
-0.01910756550709	1.62785330445709	6
-0.0386238281461899	1.9382618287073	6
-0.0630473459779199	1.28220770319229	6
-0.09542822115104	1.10893769082864	6
-0.07649513492307	1.59870823427886	15
-0.0765354087949901	1.59864343026132	15
0.01780139530442	1.31689537172487	6
0.11822739574673	1.36313284550206	6
-0.0382102457865401	1.45651931710557	6
0.0477529012131299	1.66281945885999	6
0.12273335371078	1.53256434383476	105
-0.0952699076686101	1.1091368898902	54
0.04035320892594	0.361169722228799	42
0.11839950230927	1.36376987050119	15
0.11227457245336	1.19717008777991	6
-0.01895401680637	1.628431585013	6
0.0177320181824601	1.31666496861891	54
0.11846594563983	1.36392177573483	54
-0.00330512925551996	1.79757357899727	42
0.11215994324786	1.1972387166861	203
0.0178388397673299	1.31690586529848	6
0.12275661239863	1.53252501484665	6
0.0928022907844199	1.01477559073757	6
0.11217591035637	1.19728192741819	6
-0.0766483259111701	1.59771988724404	1
-0.0564757639324101	1.7671460905375	6
-0.10028722880484	1.42884145862917	6
0.0927218239130401	1.0146264042384	140
0.11217591035637	1.19728192741819	54
-0.0381907722060499	1.456684008713	15
0.12264970808531	1.53235990515963	6
-0.0041066710467399	1.14533847320095	1
-0.09553401770792	1.10826795893098	54
0.0582516470812999	0.797772341886517	54
-0.00383730678130001	1.1460589544713	54
0.0661461894111901	0.58941996665963	42
-0.0381470270873801	1.45669085329474	6
-0.00331193913925998	1.79733550393028	6
-0.0375552278978399	0.971348728509458	6
-0.08165285285507	1.91404221905441	138
0.01019187009286	1.96692672205541	138
-0.00399415082933996	1.14588779083778	6
-0.0379002459000599	0.970539477060549	203
-0.0817861894046199	1.91394466032993	1
0.0176802224153201	1.31647167770262	1
-0.00382207988244998	1.14624413498319	6
0.0350348161126099	1.48998404867528	6
-0.00326117417092009	1.79711931261546	6
0.01766586070056	1.31581680120886	6
0.0741554961954001	2.17236106975345	7
0.0671611502856	0.590087165510619	42
0.11212176168975	1.19709085061033	6
0.06754699712777	0.590324009457586	203
-0.1001351495965	1.42957668788431	6
0.05817931439108	0.797679491776654	6
-0.0998659701244799	0.774255798157072	15
-0.0998486787805399	0.774176029611433	6
-0.03804254835633	1.456705422094	6
0.11213765917752	1.19730352814855	6
0.0350060851737299	1.48967466244509	6
-0.08210106035312	1.91192426843681	7
-0.0998659701244799	0.774255798157072	54
0.0404719114938299	0.361322640689658	203
0.11836038186052	1.36369259288262	6
-0.00382207988244998	1.14624413498319	15
0.11223634861539	1.19727846089222	6
0.05820827665872	0.79742393937989	6
0.05822273219915	0.797691987551502	6
0.0582662459451999	0.797390693711427	6
0.0404719114938299	0.361322640689658	6
0.06729408016793	0.590203599966043	6
0.06729408016793	0.590203599966043	246
0.0582951134101599	0.797784880803241	7
-0.00399415082933996	1.14588779083778	42
0.09307053574539	1.01506199733172	6
0.0400757313518501	0.361162560899904	6
-0.08449407379027	2.22294509532881	1
0.06729408016793	0.590203599966043	218
0.0477733510712299	1.66281727234075	6
-0.0998659701244799	0.774255798157072	1
-0.12030898564699	1.89313404536443	1
0.0404719114938299	0.361322640689658	27
0.11203095978099	1.19682218114904	54
0.04035320892594	0.361169722228799	203
0.0666544403313301	0.59000828848376	1
0.03995666139643	0.361009605400419	6
-0.03766347955932	0.970824474083088	6
0.0657592596523799	0.589174142486685	6
0.0400757313518501	0.361162560899904	6
0.04019459198889	0.361113808702474	138
-0.10010152990328	0.773749047438567	138
0.06754699712777	0.590324009457586	6
0.06704077902752	0.589986987289273	6
0.11223634861539	1.19727846089222	7
0.0666544403313301	0.59000828848376	7
-0.03772766745806	0.971179568236575	1
-0.0996297969318301	0.774437355317741	54
-0.0998573327016901	0.774326861652598	1
0.06640050781925	0.589791315671906	54
-0.10008990196047	1.42986723711651	6
0.0405904054674899	0.361273728188317	6
0.0671611502856	0.590087165510619	1
-0.0630757704231899	1.28205828288189	1
-0.06302142775844	1.28235240942454	6
0.0405904054674899	0.361273728188317	6
0.0667870930537	0.589616020977837	6
0.06652179801436	0.589470978357053	6
0.12273335371078	1.53256434383476	6
0.0655043071522501	0.588802943698808	6
0.06640050781925	0.589791315671906	6
0.0657592596523799	0.589174142486685	6
0.06729408016793	0.590203599966043	6
0.0400757313518501	0.361162560899904	6
0.05822273219915	0.797691987551502	307
-0.0997436122822399	0.774418861125706	307
0.09307053574539	1.01506199733172	54
0.05806373276334	0.79713982138369	32
-0.0999881077500799	0.773840743719683	54
0.0405904054674899	0.361273728188317	42
0.0176802224153201	1.31647167770262	42
0.05832400447743	0.79777889706228	6
0.07400610716389	2.17203771487478	1
0.07382898158222	2.17066271395959	1
0.09307053574539	1.01506199733172	1
0.03511511015036	1.48986792541451	1
0.11216788507174	1.197393867706	6
0.0666544403313301	0.59000828848376	6
-0.00391186442864	1.14614110823046	6
-0.0817861894046199	1.91394466032993	7
0.03995666139643	0.361009605400419	42
0.0405904054674899	0.361273728188317	6
0.0671611502856	0.590087165510619	6
0.06729408016793	0.590203599966043	6
-0.0995070690697399	0.774452381792266	34
-0.0378140801872999	0.970985606335259	6
0.0400757313518501	0.361162560899904	365
-0.0376838847565499	0.970598175368164	166
-0.0379002459000599	0.970539477060549	6
-0.00335588210409998	1.79750689780164	6
-0.0382539699667599	1.45651251041773	7
0.05817931439108	0.797679491776654	7
0.0400757313518501	0.361162560899904	7
0.0929766972884001	1.01493823898538	7
-0.0376847296890701	0.971317789997125	54
0.05822273219915	0.797691987551502	54
0.0400757313518501	0.361162560899904	6
0.06729408016793	0.590203599966043	1
-0.0386958750709101	1.93803134942667	1
-0.07620902249422	1.59924473130883	6
0.03995666139643	0.361009605400419	365
-0.0997436122822399	0.774418861125706	1
0.0400757313518501	0.361162560899904	6
0.0404719114938299	0.361322640689658	6
-0.0376417836587299	0.971237252051548	6
-0.0382539699667599	1.45651251041773	1
0.03995666139643	0.361009605400419	250
0.03995666139643	0.361009605400419	6
0.0657592596523799	0.589174142486685	135
0.11208359419639	1.19684373267159	7
-0.03770645584084	0.97118520731588	54
0.0405904054674899	0.361273728188317	54
0.04035320892594	0.361169722228799	54
-0.00373234668673006	1.14619646041486	54
-0.0995070690697399	0.774452381792266	42
0.0928959523292201	1.01499095487319	6
-0.00391186442864	1.14614110823046	6
0.0666544403313301	0.59000828848376	34
-0.0998573327016901	0.774326861652598	6
-0.0952166228159399	1.10910215926925	6
0.11206920343166	1.19697006676344	6
0.0926415257655	1.01413360573067	289
0.0666544403313301	0.59000828848376	6
0.0657592596523799	0.589174142486685	6
0.04803662889808	1.66270750534231	1
0.06754699712777	0.590324009457586	6
0.05822273219915	0.797691987551502	6
0.11212966873912	1.19733244835361	7
0.0404719114938299	0.361322640689658	135
-0.0377494238306	0.971192499435083	54
-0.00371711513271	1.14608617026441	54
-0.03772766745806	0.971179568236575	89
-0.0374684243610801	0.971232920512448	6
0.0405904054674899	0.361273728188317	6
0.0581070063731699	0.797487899674034	6
0.0583963866130599	0.797687194353385	6
-0.0997349038953601	0.774341633185776	6
0.0669079876023899	0.590129049397097	6
0.03995666139643	0.361009605400419	1
0.0400757313518501	0.361162560899904	289
-0.00400170030462999	1.14590672917174	6
0.0583963866130599	0.797687194353385	6
0.0404719114938299	0.361322640689658	6
0.04019459198889	0.361113808702474	1
0.03995666139643	0.361009605400419	250
0.0405904054674899	0.361273728188317	250
0.03995666139643	0.361009605400419	174
0.0671611502856	0.590087165510619	7
0.0478187443982301	1.66301596808641	54
0.0400757313518501	0.361162560899904	54
0.0582516470812999	0.797772341886517	54
-0.0997436122822399	0.774418861125706	89
0.03995666139643	0.361009605400419	7
0.04019459198889	0.361113808702474	42
0.04019459198889	0.361113808702474	42
0.0405904054674899	0.361273728188317	42
0.0405904054674899	0.361273728188317	325
0.0404719114938299	0.361322640689658	42
0.0404719114938299	0.361322640689658	42
0.0404719114938299	0.361322640689658	6
0.0405904054674899	0.361273728188317	1
-0.00401683164371991	1.14572178126967	6
0.0177925837822901	1.31667844288435	180
0.0400757313518501	0.361162560899904	166
0.0666544403313301	0.59000828848376	6
0.04019459198889	0.361113808702474	6
-0.00389672847823008	1.14603064260661	6
-0.07651527064815	1.59870769876568	1
0.0584399501503501	0.79769982874826	1
-0.0999420920226901	1.42935356858745	1
0.03995666139643	0.361009605400419	174
-0.0377710902494499	0.971060007159056	7
0.0582662459451999	0.797390693711427	7
-0.03759812173156	0.971357094877432	54
-0.0996297969318301	0.774437355317741	54
0.04019459198889	0.361113808702474	54
-0.0998573327016901	0.774326861652598	7
0.0400757313518501	0.361162560899904	6
0.11220611551615	1.19737223627029	6
-0.0996210340312	0.774433753881929	1
0.0404719114938299	0.361322640689658	6
0.11217591035637	1.19728192741819	6
-0.0996297969318301	0.774437355317741	6
0.05817931439108	0.797679491776654	289
0.0404719114938299	0.361322640689658	6
-0.0999795413065401	0.774163935987156	6
0.05833867576296	0.79748357258179	6
0.04035320892594	0.361169722228799	6
0.0404719114938299	0.361322640689658	6
-0.03770645584084	0.97118520731588	6
0.04019459198889	0.361113808702474	319
0.0400757313518501	0.361162560899904	7
0.0666544403313301	0.59000828848376	7
-0.09972617906736	0.773954066072917	54
0.0405904054674899	0.361273728188317	54
0.04035320892594	0.361169722228799	7
0.11839950230927	1.36376987050119	42
0.05820827665872	0.79742393937989	42
0.0405904054674899	0.361273728188317	34
0.0400757313518501	0.361162560899904	1
0.0404719114938299	0.361322640689658	6
0.0404719114938299	0.361322640689658	6
0.03995666139643	0.361009605400419	6
0.04035320892594	0.361169722228799	7
0.04019459198889	0.361113808702474	7
0.04019459198889	0.361113808702474	7
0.0405904054674899	0.361273728188317	1
0.04019459198889	0.361113808702474	54
0.0404719114938299	0.361322640689658	34
0.0404719114938299	0.361322640689658	34
0.0404719114938299	0.361322640689658	6
0.0404719114938299	0.361322640689658	6
0.0405904054674899	0.361273728188317	6
0.0400757313518501	0.361162560899904	7
0.0666544403313301	0.59000828848376	34
0.0404719114938299	0.361322640689658	1
0.0930026836146201	1.0150029618971	6
0.0400757313518501	0.361162560899904	6
-0.0378140801872999	0.970985606335259	6
0.0584687935218	0.797395144295211	6
0.0400757313518501	0.361162560899904	6
0.0404719114938299	0.361322640689658	6
0.0404719114938299	0.361322640689658	6
0.05819384091091	0.797199179169602	6
0.0404719114938299	0.361322640689658	6
0.0404719114938299	0.361322640689658	6
0.0404719114938299	0.361322640689658	6
0.0400757313518501	0.361162560899904	1
0.03995666139643	0.361009605400419	6
0.0404719114938299	0.361322640689658	6
0.0669079876023899	0.590129049397097	138
-0.0997436122822399	0.774418861125706	1
0.0404719114938299	0.361322640689658	6
0.0404719114938299	0.361322640689658	6
0.04035320892594	0.361169722228799	6
0.0404719114938299	0.361322640689658	6
0.0400757313518501	0.361162560899904	7
0.05832400447743	0.79777889706228	7
0.0400757313518501	0.361162560899904	319
0.06779953055876	0.590281779562666	7
0.06626800442765	0.58951227776968	54
0.03995666139643	0.361009605400419	54
0.0404719114938299	0.361322640689658	54
0.0666544403313301	0.59000828848376	7
0.0405904054674899	0.361273728188317	7
-0.09524325785113	1.10924916729094	34
0.0404719114938299	0.361322640689658	113
0.04019459198889	0.361113808702474	6
0.035007559069	1.48997297966207	6
-0.0952565809111401	1.10922586789114	6
-0.0374255745066701	0.971034627776287	6
-0.03751126601183	0.97117970489929	6
0.05832400447743	0.79777889706228	6
0.05817931439108	0.797679491776654	6
-0.09996235880499	0.773920592462937	6
0.04019459198889	0.361113808702474	356
-0.09997095830854	0.774161366781223	289
-0.0954149203138901	1.10902660350339	138
0.0404719114938299	0.361322640689658	6
0.04019459198889	0.361113808702474	174
0.0666544403313301	0.59000828848376	6
0.03490000968004	1.48964343968168	7
0.0400757313518501	0.361162560899904	319
0.0405904054674899	0.361273728188317	27
0.0349014677914199	1.48967236359433	42
0.04035320892594	0.361169722228799	34
0.04035320892594	0.361169722228799	34
0.04019459198889	0.361113808702474	6
0.0404719114938299	0.361322640689658	6
0.04019459198889	0.361113808702474	34
0.0405904054674899	0.361273728188317	6
0.0405904054674899	0.361273728188317	6
0.0400757313518501	0.361162560899904	6
0.0400757313518501	0.361162560899904	1
0.06626800442765	0.58951227776968	1
0.0400757313518501	0.361162560899904	6
0.0400757313518501	0.361162560899904	6
0.04019459198889	0.361113808702474	6
0.0657592596523799	0.589174142486685	7
0.03995666139643	0.361009605400419	27
0.04035320892594	0.361169722228799	1
0.0400757313518501	0.361162560899904	54
0.0404719114938299	0.361322640689658	54
0.04035320892594	0.361169722228799	89
0.0405904054674899	0.361273728188317	89
-0.0561936337368401	1.76840834442538	6
-0.0999795413065401	0.774163935987156	34
-0.0639663897987099	2.08128415565447	6
0.0400757313518501	0.361162560899904	6
0.11221417567966	1.19717358906083	6
0.12254280504429	1.53170733018651	1
0.06626800442765	0.58951227776968	1
0.0660138251920299	0.589391230638723	1
0.05776697778755	1.8332438296105	1
0.0669079876023899	0.590129049397097	6
0.0582516470812999	0.797772341886517	6
0.09281537634135	1.01484161778391	6
0.0582662459451999	0.797390693711427	319
-0.06296834325455	1.28243214104642	7
0.0101144269323401	1.96640895533476	1
-0.00372472551665992	1.14617763393206	54
0.0400757313518501	0.361162560899904	54
-0.0562152701729599	1.76834136850512	54
0.03995666139643	0.361009605400419	6
0.11220611551615	1.19737223627029	34
0.0671611502856	0.590087165510619	356
0.0405904054674899	0.361273728188317	6
0.0404719114938299	0.361322640689658	6
0.0405904054674899	0.361273728188317	6
0.0929896814290101	1.01511461811393	6
0.0582516470812999	0.797772341886517	6
-0.0998573327016901	0.774326861652598	1
-0.00383730678130001	1.1460589544713	1
-0.0953357329525499	1.109180653183	1
-0.09545430138779	1.10863999144858	6
0.0404719114938299	0.361322640689658	174
0.0400757313518501	0.361162560899904	6
0.0404719114938299	0.361322640689658	54
0.0929766972884001	1.01493823898538	32
-0.0998573327016901	0.774326861652598	54
-0.09975230417822	0.774274178577378	7
0.0928022907844199	1.01477559073757	34
0.0178850965839901	1.31683916792252	6
0.06754699712777	0.590324009457586	356
-0.12050689286634	1.89228994243507	1
-0.0631288619968899	1.28186897875034	6
-0.10009301784278	0.773998601930091	1
0.0666544403313301	0.59000828848376	12
0.04035320892594	0.361169722228799	174
0.0581503757161399	0.797500355917327	139
0.11838646618932	1.36382581239861	7
0.0404719114938299	0.361322640689658	27
0.0404719114938299	0.361322640689658	6
0.11214573315028	1.19700995913641	6
-0.0951641281873601	1.10916123929984	6
0.0404719114938299	0.361322640689658	289
-0.12025130622375	1.89336235489069	1
0.03995666139643	0.361009605400419	6
-0.0378140801872999	0.970985606335259	1
-0.10018044594398	1.42911617587349	1
0.0928959523292201	1.01499095487319	1
0.0400757313518501	0.361162560899904	12
0.0400757313518501	0.361162560899904	12
0.06754699712777	0.590324009457586	174
0.04035320892594	0.361169722228799	6
0.06754699712777	0.590324009457586	1
0.0657592596523799	0.589174142486685	54
0.03995666139643	0.361009605400419	54
0.0405904054674899	0.361273728188317	34
0.0669079876023899	0.590129049397097	6
-0.03770645584084	0.97118520731588	173
0.0666544403313301	0.59000828848376	289
-0.09542822115104	1.10893769082864	1
-0.0995070690697399	0.774452381792266	174
-0.0998659701244799	0.774255798157072	6
0.0583963866130599	0.797687194353385	6
0.06729408016793	0.590203599966043	6
-0.0387958028533699	1.93718815458789	6
-0.10225521735756	1.74481781086795	6
-0.0630473459779199	1.28220770319229	6
-0.0999379246558501	1.42996081624991	6
0.0582662459451999	0.797390693711427	1
0.04019459198889	0.361113808702474	289
-0.10008990196047	1.42986723711651	6
0.11217591035637	1.19728192741819	1
0.0583963866130599	0.797687194353385	7
-0.03770582110758	0.971023102627933	7
-0.0996210340312	0.774433753881929	54
0.0928829264948601	1.01472280325666	7
0.0660138251920299	0.589391230638723	7
0.03995666139643	0.361009605400419	6
0.01780139530442	1.31689537172487	6
0.0584399501503501	0.79769982874826	34
0.0928959523292201	1.01499095487319	6
0.0400757313518501	0.361162560899904	6
0.04019459198889	0.361113808702474	6
0.0404719114938299	0.361322640689658	72
0.0580780439275299	0.797106236295213	7
-0.0953883297057601	1.10900921430707	27
0.04035320892594	0.361169722228799	7
0.0404719114938299	0.361322640689658	7
-0.00390429105450996	1.14612220009606	7
-0.0998573327016901	0.774326861652598	7
0.03995666139643	0.361009605400419	1
0.03995666139643	0.361009605400419	54
0.0404719114938299	0.361322640689658	7
0.0666544403313301	0.59000828848376	34
0.06754699712777	0.590324009457586	34
0.0404719114938299	0.361322640689658	34
0.0404719114938299	0.361322640689658	6
0.0404719114938299	0.361322640689658	6
-0.03751126601183	0.97117970489929	6
0.0932455750699099	1.01472489053794	6
0.06624031826364	2.00220330688268	6
0.04019459198889	0.361113808702474	173
0.0669079876023899	0.590129049397097	1
0.05841113039771	0.79749024913428	289
-0.0998573327016901	0.774326861652598	1
0.06640050781925	0.589791315671906	6
0.0671611502856	0.590087165510619	1
0.0927218239130401	1.0146264042384	1
-0.0998486787805399	0.774176029611433	12
0.04019459198889	0.361113808702474	12
0.04019459198889	0.361113808702474	72
0.0405904054674899	0.361273728188317	72
0.0929896814290101	1.01511461811393	7
-0.03751126601183	0.97117970489929	27
-0.0997349038953601	0.774341633185776	1
0.0581070063731699	0.797487899674034	54
0.05806373276334	0.79713982138369	54
0.0405904054674899	0.361273728188317	54
0.06754699712777	0.590324009457586	54
0.05817931439108	0.797679491776654	7
0.11213765917752	1.19730352814855	6
-0.06294116856962	1.28247683048444	173
-0.00401683164371991	1.14572178126967	1
-0.00408406191229993	1.14550426291643	1
0.0929766972884001	1.01493823898538	12
0.0666544403313301	0.59000828848376	72
0.0225911512230199	2.13681364252251	7
-0.00391944859509996	1.14608745729724	34
-0.10008448922115	0.773906023057076	6
0.12260319661325	1.53202780162261	6
0.0350348161126099	1.48998404867528	7
0.11206119919618	1.1970941656282	6
-0.10110469188057	2.05884340693817	6
-0.10092519020656	2.05911116384849	6
-0.02308857707975	2.10784239447078	27
0.06704077902752	0.589986987289273	34
-0.03744633836762	0.971076764465405	173
-0.0703982393703799	2.38492068567815	1
0.06626212954208	2.00218034343273	6
0.04783920541394	1.66301380313369	72
-0.00380689612946994	1.14613373756296	173
-0.00391944859509996	1.14608745729724	54
-0.0384301021626901	1.93815691197084	7
-0.0377710902494499	0.971060007159056	6
-0.0190008659921499	1.62838942906632	6
-0.10032821191032	1.42877421216894	1
-0.03827583893741	1.45640753424195	6
-0.07646289634083	1.5985614056659	6
-0.00320362107826999	1.79729373336212	34
0.0177782693851201	1.31689238990432	1
-0.0378140801872999	0.970985606335259	1
0.06704077902752	0.589986987289273	12
0.12270069495481	1.53189010543725	27
0.05832400447743	0.79777889706228	7
0.05820827665872	0.79742393937989	1
0.09309643861636	1.01494888434125	1
-0.0998486787805399	0.774176029611433	173
-0.02311196300894	2.10786588156713	1
0.0178101853834201	1.3163024609337	12
-0.0641035859828301	2.08169070767271	12
-0.0190278163790201	1.628124904035	12
-0.1023713558291	1.7445878457856	6
0.0930026836146201	1.0150029618971	1
0.11855845149624	1.36377854002924	12
-0.03764100734363	0.971148479720349	72
-0.09997095830854	0.774161366781223	7
0.05817931439108	0.797679491776654	7
-0.0999795413065401	0.774163935987156	1
0.12267296434739	1.53240066471627	54
0.06631283090447	2.00210127974404	7
0.12271009537197	1.53252357342144	1
-0.02302328824649	2.10819727436533	72
-0.0380644441675699	1.45666844067004	7
0.11212966873912	1.19733244835361	6
-0.01902081196765	1.62828783186218	6
-0.03779238355054	0.970972622298318	1
-0.03764100734363	0.971148479720349	7
-0.03759812173156	0.971357094877432	1
0.12277047420366	1.53253015141933	12
0.04803662889808	1.66270750534231	12
-0.0387119114108501	1.93684640122705	7
-0.00984339475230001	2.27552193092081	6
0.0664283796838801	2.00201641747692	1
0.09308347816206	1.01515253512817	12
-0.0953750399306299	1.10890276686122	12
0.11847899550541	1.3638658606658	12
0.0660740800717501	2.00116416074675	7
-0.00388917670528999	1.14586100594575	1
-0.0386571455065701	1.93821051775139	12
-0.10242113696594	1.74406628821598	12
-0.0953357329525499	1.109180653183	12
-0.0378570618469201	0.970658678019384	12
-0.0818556576468801	1.91368388079987	72
0.0669079876023899	0.590129049397097	7
-0.0376847296890701	0.971317789997125	1
-0.0377705969878599	0.970816165302698	12
-0.0189809228092399	1.62842194119861	7
0.0928829264948601	1.01472280325666	7
-0.0377494238306	0.971192499435083	7
-0.12039742418093	1.89270094659611	34
-0.00348619090289004	1.7969561863172	1
0.11828089270471	1.3634369282367	1
0.09308347816206	1.01515253512817	7
0.02243708517555	2.13716488121543	7
-0.0995070690697399	0.774452381792266	7
0.0349272623836601	1.48980352606368	7
-0.0765555493671399	1.59851399598763	1
-0.0952299384867099	1.10920857535553	1
0.01780139530442	1.31689537172487	1
-0.0998486787805399	0.774176029611433	1
-0.0950850338918301	1.10878782594068	1
-0.10008448922115	0.773906023057076	12
-0.0040915874888201	1.14552322374695	12
-0.0189141130177399	1.62856574270787	72
0.0669079876023899	0.590129049397097	7
0.0405904054674899	0.361273728188317	34
0.11215994324786	1.1972387166861	34
0.06640050781925	0.589791315671906	1
-0.0377494238306	0.971192499435083	12
-0.0818111958883601	1.9137790042434	72
-0.0952565809111401	1.10922586789114	7
-0.1002214308639	1.4292999346812	7
0.0404719114938299	0.361322640689658	34
0.12267296434739	1.53240066471627	6
-0.0562948864258599	1.76825079536558	6
0.12267296434739	1.53240066471627	6
0.0177782693851201	1.31689238990432	1
-0.0998573327016901	0.774326861652598	12
0.0349014677914199	1.48967236359433	12
-0.06294116856962	1.28247683048444	72
0.0178101853834201	1.3163024609337	72
-0.0630201699349899	1.28218695244773	12
-0.00372472551665992	1.14617763393206	27
0.04035320892594	0.361169722228799	7
-0.06294243951196	1.28228315099964	1
-0.0998476772385599	1.42966195033058	1
-0.0629955159293201	1.28232067962445	6
-0.09545483390151	1.1085304379891	1
0.0475552324311701	1.66132996495305	12
0.0583675193827	0.797791482115468	72
0.11211393788251	1.19639588975264	72
0.06754699712777	0.590324009457586	34
-0.09548085875698	1.10878704990263	1
-0.0998271128610499	1.42966459864359	12
0.12277047420366	1.53253015141933	27
0.0350046110646001	1.4888663142498	1
-0.0641378773151999	2.08150506929899	12
-0.00973649658300002	2.27527347456018	6
0.04232566969311	2.47399329290426	6
-0.01889416531986	1.62853001712296	12
-0.10176471905689	2.36222609407463	72
-0.03802322481627	1.45632330100297	1
0.08136376642641	2.34207290555259	7
-0.04883678127323	2.24809540946947	7
-0.0952825146996299	1.10887818635539	7
-0.00399415082933996	1.14588779083778	1
-0.00333391910780989	1.797521222313	7
-0.01894104480949	1.62828133768762	7
-0.0999379246558501	1.42996081624991	72
-0.0189141130177399	1.62856574270787	72
-0.00340663411284003	1.79731862565397	7
-0.0033778280733201	1.79730189920733	7
0.0400757313518501	0.361162560899904	34
-0.0381688973524601	1.45672094938458	1
0.0103575287261499	1.96673223892242	7
0.00149737559477003	2.44162260012019	7
0.01775514367867	1.31681679420971	12
0.05775340520887	1.83264642398155	7
0.0582516470812999	0.797772341886517	7
-0.0032982748819701	1.7974036035008	7
-0.09515079585498	1.10912068986755	7
-0.0386074523811899	1.93790475609245	12
0.0177320181824601	1.31666496861891	72
0.0928959523292201	1.01499095487319	72
-0.0998573327016901	0.774326861652598	34
-0.037598829345	0.970803252796057	12
0.1121074612167	1.19703151090983	72
0.0929766972884001	1.01493823898538	72
-0.0954016231661601	1.10904984901962	7
-0.0376199977242699	0.971369902993594	7
-0.05627324529955	1.76836546070695	34
0.06729408016793	0.590203599966043	1
-0.10231603631593	1.74462929302577	1
-0.0764689106511101	1.59895512819937	12
-0.06302142775844	1.28235240942454	12
-0.12039618666614	1.89295867695724	100
-0.00333391910780989	1.797521222313	72
-0.0630757704231899	1.28205828288189	7
0.11839950230927	1.36376987050119	7
0.0577403804983101	1.83287105460428	6
-0.03764100734363	0.971148479720349	12
0.09281537634135	1.01484161778391	72
-0.0383171901967201	1.45622569558396	7
-0.03759812173156	0.971357094877432	7
0.00156035616983008	2.4417542634336	34
0.0813211187012699	2.34249500876256	6
0.0582516470812999	0.797772341886517	1
0.06729408016793	0.590203599966043	1
-0.0628880914728101	1.28243929288868	12
-0.09524325785113	1.10924916729094	7
0.03995666139643	0.361009605400419	7
-0.0639852151364	2.0819620921436	6
-0.09997900536895	1.43001801170539	12
0.06640050781925	0.589791315671906	7
-0.04899454282952	2.247442111658	12
0.0226153022008899	2.13769946697242	7
-0.0230256484991001	2.10795543765001	6
-0.0377710902494499	0.971060007159056	6
-0.0998659701244799	0.774255798157072	12
0.0929089962157501	1.01496515257567	12
0.0669079876023899	0.590129049397097	100
0.0176108595303801	1.31624142002555	7
0.09317734260664	1.01509854295805	7
-0.03759812173156	0.971357094877432	7
-0.0996210340312	0.774433753881929	7
-0.03823210558299	1.45654942606327	34
0.0404719114938299	0.361322640689658	34
0.03995666139643	0.361009605400419	34
0.04035320892594	0.361169722228799	6
0.0404719114938299	0.361322640689658	34
0.0405904054674899	0.361273728188317	6
0.04019459198889	0.361113808702474	6
0.0404719114938299	0.361322640689658	6
0.04019459198889	0.361113808702474	6
0.06754699712777	0.590324009457586	12
0.0400757313518501	0.361162560899904	1
0.0400757313518501	0.361162560899904	12
0.0405904054674899	0.361273728188317	12
0.0400757313518501	0.361162560899904	12
0.0404719114938299	0.361322640689658	12
0.0404719114938299	0.361322640689658	72
0.0400757313518501	0.361162560899904	7
0.0669079876023899	0.590129049397097	7
0.0405904054674899	0.361273728188317	7
0.06754699712777	0.590324009457586	7
0.0400757313518501	0.361162560899904	7
-0.03759812173156	0.971357094877432	34
-0.09544152567958	1.10877688420549	51
0.06640050781925	0.589791315671906	1
-0.0999881077500799	0.773840743719683	12
0.04019459198889	0.361113808702474	7
0.0669079876023899	0.590129049397097	7
0.05841113039771	0.79749024913428	7
0.01780139530442	1.31689537172487	6
-0.0375552278978399	0.971348728509458	34
0.05832400447743	0.79777889706228	12
-0.0376629135311699	0.971304917656255	1
0.06779953055876	0.590281779562666	12
0.0583963866130599	0.797687194353385	17
-0.00401683164371991	1.14572178126967	12
-0.10114611794421	2.05857015986159	12
-0.10020639985157	0.773743447762429	7
-0.0953883297057601	1.10900921430707	34
0.0577870195739201	1.83323939379169	34
-0.0377710902494499	0.971060007159056	6
-0.0996297969318301	0.774437355317741	51
-0.10009301784278	0.773998601930091	12
0.0177176898651701	1.31674662495615	12
0.0582951134101599	0.797784880803241	17
0.0666544403313301	0.59000828848376	12
0.12264032242076	1.53188350584169	7
0.0404719114938299	0.361322640689658	7
-0.09963854334916	0.77420270997835	7
0.0400757313518501	0.361162560899904	7
-0.07625534370248	1.59913187077709	34
0.01784764779204	1.31667952320161	6
-0.00336270330194011	1.79739908121717	12
0.11217591035637	1.19728192741819	12
0.04019459198889	0.361113808702474	12
0.0581070063731699	0.797487899674034	17
-0.0638364330738099	2.08181439513897	12
0.0178245214391799	1.31682567095759	12
-0.0953224228540199	1.10920392728072	7
-0.10010152990328	0.773749047438567	7
-0.00391944859509996	1.14608745729724	7
-0.10034871082145	1.428645446158	7
-0.09997095830854	0.774161366781223	6
-0.0995070690697399	0.774452381792266	34
-0.06310044627561	1.2819007977585	34
0.06729408016793	0.590203599966043	12
0.06779953055876	0.590281779562666	12
0.11209942212886	1.19724209000592	12
0.0928959523292201	1.01499095487319	12
0.06640050781925	0.589791315671906	12
0.0177925837822901	1.31667844288435	12
-0.0375761556577601	0.97120071712665	72
0.0348484110150999	1.48931745609142	7
0.0400757313518501	0.361162560899904	7
-0.0381713813589999	1.45645885457535	7
-0.0375552278978399	0.971348728509458	6
0.0400757313518501	0.361162560899904	34
-0.10006938557721	1.42980741116409	34
-0.0376629135311699	0.971304917656255	6
0.0669079876023899	0.590129049397097	315
0.0583675193827	0.797791482115468	6
0.04019459198889	0.361113808702474	12
0.0400757313518501	0.361162560899904	12
-0.0997349038953601	0.774341633185776	12
0.0405904054674899	0.361273728188317	17
0.06626800442765	0.58951227776968	17
0.0400757313518501	0.361162560899904	259
0.0400757313518501	0.361162560899904	259
0.0477982782725499	1.66294425936402	12
0.0582951134101599	0.797784880803241	72
0.05832400447743	0.79777889706228	72
0.0404719114938299	0.361322640689658	433
0.0405904054674899	0.361273728188317	433
-0.00391186442864	1.14614110823046	7
0.0929766972884001	1.01493823898538	34
0.0582951134101599	0.797784880803241	34
0.0404719114938299	0.361322640689658	6
-0.03759812173156	0.971357094877432	6
0.0400757313518501	0.361162560899904	12
0.0405904054674899	0.361273728188317	51
0.05817931439108	0.797679491776654	12
0.0400757313518501	0.361162560899904	259
0.04019459198889	0.361113808702474	259
-0.0996297969318301	0.774437355317741	7
0.0400757313518501	0.361162560899904	7
0.05822273219915	0.797691987551502	97
0.05813599240279	0.797331200154474	6
0.0405904054674899	0.361273728188317	6
0.03995666139643	0.361009605400419	6
0.11209942212886	1.19724209000592	315
0.05820827665872	0.79742393937989	12
0.12267296434739	1.53240066471627	12
0.0405904054674899	0.361273728188317	12
0.0405904054674899	0.361273728188317	17
0.0404719114938299	0.361322640689658	259
-0.03779238355054	0.970972622298318	12
0.06640050781925	0.589791315671906	7
0.0400757313518501	0.361162560899904	433
0.0404719114938299	0.361322640689658	433
0.03995666139643	0.361009605400419	433
0.0405904054674899	0.361273728188317	6
0.03995666139643	0.361009605400419	6
0.0405904054674899	0.361273728188317	6
0.05822273219915	0.797691987551502	34
0.0657592596523799	0.589174142486685	6
0.0405904054674899	0.361273728188317	1
0.0582951134101599	0.797784880803241	1
0.0400757313518501	0.361162560899904	12
0.04035320892594	0.361169722228799	12
0.0404719114938299	0.361322640689658	12
0.06729408016793	0.590203599966043	1
0.04035320892594	0.361169722228799	12
0.0657592596523799	0.589174142486685	12
0.0400757313518501	0.361162560899904	12
0.0400757313518501	0.361162560899904	17
0.04019459198889	0.361113808702474	17
-0.0377710902494499	0.971060007159056	12
0.05832400447743	0.79777889706228	12
-0.10009301784278	0.773998601930091	12
0.03995666139643	0.361009605400419	12
0.03995666139643	0.361009605400419	72
0.0404719114938299	0.361322640689658	72
0.0404719114938299	0.361322640689658	72
-0.0374904201714199	0.971245583613829	7
0.05806373276334	0.79713982138369	7
0.04035320892594	0.361169722228799	7
0.06640050781925	0.589791315671906	7
0.0929896814290101	1.01511461811393	7
0.0405904054674899	0.361273728188317	7
0.0405904054674899	0.361273728188317	34
-0.0998573327016901	0.774326861652598	6
-0.0038525767806401	1.1454894827741	12
0.0405904054674899	0.361273728188317	51
0.0405904054674899	0.361273728188317	12
0.03995666139643	0.361009605400419	12
0.06729408016793	0.590203599966043	51
0.04035320892594	0.361169722228799	12
-0.0998486787805399	0.774176029611433	1
0.0405904054674899	0.361273728188317	12
0.06754699712777	0.590324009457586	17
0.09281537634135	1.01484161778391	12
0.0405904054674899	0.361273728188317	72
-0.0376847296890701	0.971317789997125	7
0.03995666139643	0.361009605400419	433
0.04019459198889	0.361113808702474	433
0.03995666139643	0.361009605400419	12
0.04035320892594	0.361169722228799	12
0.0404719114938299	0.361322640689658	12
0.0404719114938299	0.361322640689658	12
0.03995666139643	0.361009605400419	7
0.06640050781925	0.589791315671906	7
0.0400757313518501	0.361162560899904	7
-0.09997095830854	0.774161366781223	34
0.0660138251920299	0.589391230638723	6
0.0176945665369199	1.31667104625431	12
0.1122524551616	1.19696540999428	6
0.0400757313518501	0.361162560899904	51
-0.0998659701244799	0.774255798157072	12
-0.0996297969318301	0.774437355317741	12
-0.0034642291709901	1.79714412526986	12
0.11837342604012	1.36380080845913	11
0.06640050781925	0.589791315671906	7
-0.0041066710467399	1.14533847320095	7
0.0177782693851201	1.31689238990432	34
-0.0998573327016901	0.774326861652598	6
0.11820136636916	1.36299986156957	12
0.0476870348054499	1.66248880595867	12
-0.1001309494723	1.42979981415944	12
-0.0999795413065401	0.774163935987156	12
0.0657592596523799	0.589174142486685	12
0.0404719114938299	0.361322640689658	17
0.05806373276334	0.79713982138369	11
-0.0376199977242699	0.971369902993594	7
0.04019459198889	0.361113808702474	51
0.0400757313518501	0.361162560899904	51
0.0404719114938299	0.361322640689658	12
0.0349545171453001	1.48988775933262	17
0.1121074612167	1.19703151090983	12
-0.0996210340312	0.774433753881929	7
0.0400757313518501	0.361162560899904	7
0.05841113039771	0.79749024913428	112
-0.0999995531079201	1.4299530809016	6
0.11846594563983	1.36392177573483	6
0.00136021445383006	2.44141670818081	12
0.0669079876023899	0.590129049397097	51
0.09308347816206	1.01515253512817	12
0.0657592596523799	0.589174142486685	12
-0.0376847296890701	0.971317789997125	12
-0.0998573327016901	0.774326861652598	72
-0.10232715240058	1.74485934442892	34
0.12269622096408	1.53236133849357	12
-0.09997095830854	0.774161366781223	6
0.04035320892594	0.361169722228799	51
0.11206119919618	1.1970941656282	72
0.0584399501503501	0.79769982874826	7
0.06640050781925	0.589791315671906	51
-0.0377280920115699	0.970772505341636	12
0.12254280504429	1.53170733018651	12
0.06626800442765	0.58951227776968	12
0.0404719114938299	0.361322640689658	12
0.0405904054674899	0.361273728188317	11
0.0400757313518501	0.361162560899904	7
-0.06294243951196	1.28228315099964	12
-0.0376629135311699	0.971304917656255	51
-0.0954016231661601	1.10904984901962	12
-0.0100190976482299	2.27463207075835	12
-0.0953091164470401	1.10916330782568	12
0.05832400447743	0.79777889706228	11
0.01763398027087	1.31639315234962	11
0.11851924853759	1.36370108964016	7
-0.0377494238306	0.971192499435083	7
0.12261706544919	1.53145587192273	12
-0.03779238355054	0.970972622298318	12
-0.09995846255172	1.43002059814717	12
0.0929896814290101	1.01511461811393	12
-0.03808383086413	1.45674727746957	12
0.05766023576277	1.83273859458479	12
-0.00391186442864	1.14614110823046	7
0.05817931439108	0.797679491776654	7
-0.03772766745806	0.971179568236575	7
0.11208359419639	1.19684373267159	7
0.11216788507174	1.197393867706	12
-0.0998573327016901	0.774326861652598	12
-0.00412179777515997	1.1447698636921	12
-0.07631580262272	1.59932295954998	12
0.09308347816206	1.01515253512817	51
-0.0763822765961599	1.59922445738388	12
0.0582951134101599	0.797784880803241	11
0.04035320892594	0.361169722228799	11
-0.09975230417822	0.774274178577378	11
0.0405904054674899	0.361273728188317	11
0.04035320892594	0.361169722228799	7
-0.0998486787805399	0.774176029611433	97
-0.0629955159293201	1.28232067962445	12
0.11213765917752	1.19730352814855	51
0.0579203140791	1.83340984956378	72
-0.09554731666872	1.10790361100506	97
-0.0997436122822399	0.774418861125706	7
-0.0382977124944499	1.45623110654825	12
-0.0844169238193699	2.22300898121897	12
0.0929896814290101	1.01511461811393	11
0.06779953055876	0.590281779562666	7
-0.0953357329525499	1.109180653183	7
-0.10009301784278	0.773998601930091	7
-0.09544152567958	1.10877688420549	7
0.035007559069	1.48997297966207	161
-0.10198494547278	2.3613660875749	7
-0.0379002459000599	0.970539477060549	12
0.05817931439108	0.797679491776654	12
0.09262833885246	1.01429436864152	12
-0.00391186442864	1.14614110823046	12
-0.0996297969318301	0.774437355317741	12
0.12284025651849	1.53241045230602	51
-0.0999379246558501	1.42996081624991	51
-0.00373234668673006	1.14619646041486	12
-0.0998659701244799	0.774255798157072	97
-0.0999881077500799	0.773840743719683	12
-0.0952299384867099	1.10920857535553	12
0.03490000968004	1.48964343968168	12
-0.03808383086413	1.45674727746957	11
-0.0996297969318301	0.774437355317741	7
0.06754699712777	0.590324009457586	7
-0.10008990196047	1.42986723711651	72
0.0582951134101599	0.797784880803241	12
0.03489855143779	1.48915126960785	12
-0.0996210340312	0.774433753881929	12
-0.05632387640284	1.76823034859287	12
-0.10253743115458	1.74383606776533	7
0.0014516540226801	2.4416812346988	7
-0.09972617906736	0.773954066072917	7
0.0928022907844199	1.01477559073757	7
0.12260319661325	1.53202780162261	12
0.06640050781925	0.589791315671906	12
-0.0377710902494499	0.971060007159056	12
0.11219813888498	1.19730010441067	12
0.06704077902752	0.589986987289273	12
-0.10187902993231	2.36193528254609	51
0.05822273219915	0.797691987551502	12
-0.00323240044763007	1.79724139663788	7
-0.03812759693346	1.4567403881436	97
-0.0953756854169301	1.10868431283942	12
0.0224816311490701	2.13740613241228	12
-0.03853540946903	1.93809685057855	12
0.04799563468964	1.66263782589384	11
0.0739341596801	2.17165547014314	97
0.01019187009286	1.96692672205541	12
-0.10004470310765	1.42999409071848	415
-0.0628052648909001	1.28163143445517	97
0.0178850965839901	1.31683916792252	12
0.12271009537197	1.53252357342144	12
0.01775514367867	1.31681679420971	7
-0.00399415082933996	1.14588779083778	7
-0.00392704354834006	1.14595601921863	7
-0.0953091164470401	1.10916330782568	415
0.0743436620457201	2.1715784493095	11
-0.10019792555775	0.773458065814013	12
-0.0953224228540199	1.10920392728072	12
0.0582516470812999	0.797772341886517	7
0.11216788507174	1.197393867706	12
0.1225893123695	1.53203929792298	12
-0.03770645584084	0.97118520731588	12
0.0669079876023899	0.590129049397097	12
0.0929896814290101	1.01511461811393	12
-0.00402441349652993	1.14549928132957	7
-0.00384493639627004	1.14583628083278	7
0.12266357972983	1.53219140551557	7
0.0928022907844199	1.01477559073757	12
-0.0191814533321499	1.62725113510865	12
0.11837342604012	1.36380080845913	7
-0.0628609144404499	1.28241854695205	7
-0.10004470310765	1.42999409071848	7
0.08129796812097	2.3423292941349	12
-0.03744633836762	0.971076764465405	97
-0.04882583738987	2.24790898325216	12
0.11211558391165	1.19639833757585	12
-0.0377926667403099	0.970647456267243	7
-0.0953750399306299	1.10890276686122	12
-0.00372472551665992	1.14617763393206	12
0.0929896814290101	1.01511461811393	7
-0.06291271824087	1.28212961930865	97
0.05782636268694	1.83093237459105	12
-0.0382564242927499	1.45614804715158	97
-0.10015565523953	1.42963651481672	12
0.0576536608143301	1.83251981334249	12
0.09317734260664	1.01509854295805	12
-0.10028294505612	1.42910376299383	11
-0.0998659701244799	0.774255798157072	12
0.0177176898651701	1.31674662495615	12
0.0477982782725499	1.66294425936402	11
0.0660138251920299	0.589391230638723	7
0.0177176898651701	1.31674662495615	7
0.05813599240279	0.797331200154474	12
0.0348469607694299	1.48942810497968	12
-0.0189141130177399	1.62856574270787	12
0.0660138251920299	0.589391230638723	7
-0.00381448260992001	1.14622526380948	7
0.0926415257655	1.01413360573067	7
0.0931644419440201	1.01510003139785	7
-0.00363501979483005	1.1458202561062	97
-0.0377280920115699	0.970772505341636	145
-0.0762754942362101	1.59926032830311	12
-0.00390429105450996	1.14612220009606	415
0.0479503609941501	1.66299188305672	12
0.06704077902752	0.589986987289273	145
0.11849204134042	1.36372654826103	7
-0.00381448260992001	1.14622526380948	415
0.0350863651451601	1.48960339827223	12
-0.0376199977242699	0.971369902993594	12
0.11216788507174	1.197393867706	11
0.04234291252486	2.47230462154737	7
0.0178994009879301	1.31675748331694	7
-0.0847255046434801	2.22175155768377	57
0.11216788507174	1.197393867706	7
-0.0952565809111401	1.10922586789114	415
-0.0378356869230301	0.970853229111692	415
0.09305761133047	1.01456292338557	12
0.12267296434739	1.53240066471627	12
-0.0996210340312	0.774433753881929	145
0.05781357485547	1.83332908591627	12
0.0480203364448	1.66153800297574	7
-0.10019792555775	0.773458065814013	12
-0.10096316069098	2.05905877650969	11
0.0669079876023899	0.590129049397097	12
0.05832400447743	0.79777889706228	12
0.0740890957606499	2.17228476682502	7
0.11209146650402	1.19718453032602	7
-0.0191886046716301	1.62621903063198	57
0.1185061728142	1.36350175071276	11
-0.0953357329525499	1.109180653183	12
0.06704077902752	0.589986987289273	7
-0.0953357329525499	1.109180653183	7
-0.10118063618846	2.05843255731613	7
-0.00391186442864	1.14614110823046	415
-0.0820547038814701	1.91241457573988	12
0.01780139530442	1.31689537172487	97
-0.03770645584084	0.97118520731588	12
0.11215994324786	1.1972387166861	12
-0.09996235880499	0.773920592462937	12
0.03495305115064	1.4897286396594	7
-0.06310169200595	1.28205160600231	415
0.11843983381257	1.363788488939	415
-0.09997095830854	0.774161366781223	415
0.0405904054674899	0.361273728188317	12
0.0661461894111901	0.58941996665963	57
0.06626800442765	0.58951227776968	57
-0.0817667288312001	1.9138117433748	7
0.11208359419639	1.19684373267159	7
-0.0996297969318301	0.774437355317741	7
0.06754699712777	0.590324009457586	415
-0.08167414355049	1.913939934726	415
0.11845289174257	1.36389674047384	12
-0.0953357329525499	1.109180653183	7
-0.03770645584084	0.97118520731588	57
-0.0998573327016901	0.774326861652598	57
-0.00399415082933996	1.14588779083778	7
0.11206920343166	1.19697006676344	7
-0.00344902198600994	1.79658283800573	51
0.0928022907844199	1.01477559073757	7
0.12277047420366	1.53253015141933	7
-0.0639166339296999	2.08222517953443	7
-0.09524325785113	1.10924916729094	7
-0.10020093595017	1.42924012122068	12
-0.07649513492307	1.59870823427886	12
0.11214573315028	1.19700995913641	7
-0.0952958137295801	1.1090568619249	7
-0.0844169238193699	2.22300898121897	73
-0.0954149203138901	1.10902660350339	7
-0.038105711604	1.45677735085545	7
-0.09997095830854	0.774161366781223	51
0.03506059355487	1.4899189792874	7
0.0929089962157501	1.01496515257567	7
0.11855845149624	1.36377854002924	51
0.11838646618932	1.36382581239861	51
-0.12042102534205	1.8927568594099	12
0.02259368064495	2.13769652138223	11
-0.00333391910780989	1.797521222313	73
-0.00372472551665992	1.14617763393206	73
-0.03772766745806	0.971179568236575	12
-0.00380689612946994	1.14613373756296	11
0.0929089962157501	1.01496515257567	7
0.06626800442765	0.58951227776968	12
0.0927892232866001	1.01439054729322	11
-0.0187406223305699	1.62832794850119	73
0.0928829264948601	1.01472280325666	73
-0.0995070690697399	0.774452381792266	12
0.0582516470812999	0.797772341886517	73
-0.0189879585044299	1.62784338098938	7
-0.0377494238306	0.971192499435083	7
0.0405904054674899	0.361273728188317	51
0.0404719114938299	0.361322640689658	51
0.0739564089208	2.17036712919684	12
-0.0998659701244799	0.774255798157072	7
-0.0376847296890701	0.971317789997125	7
-0.0953357329525499	1.109180653183	12
0.0931644419440201	1.01510003139785	12
-0.06304860009623	1.2822409578562	7
-0.0999795413065401	0.774163935987156	12
-0.0762232456176299	1.59896402848228	7
0.0400757313518501	0.361162560899904	7
0.07411676983341	2.17231768473462	7
-0.03823453567672	1.45640251714541	7
-0.0387012585028901	1.93783440094344	7
-0.0639547980834601	2.08220672885799	73
0.0351408780956	1.48969870015602	12
0.01025254091345	1.9670062704168	12
0.0348742132495401	1.48958815068983	7
-0.09544102822222	1.10846138863176	7
-0.0192142638651001	1.62688462082082	212
0.03316559127823	2.30564168402983	73
0.0928284799924399	1.01447188278909	7
-0.03823210558299	1.45654942606327	51
-0.10021720164015	1.4294402116929	7
-0.11723314864905	2.19939054523009	12
-0.11692184229421	2.20064744341303	7
0.0663994840095501	2.00215060836794	7
-0.0376629135311699	0.971304917656255	7
-0.0953883297057601	1.10900921430707	12
-0.00391944859509996	1.14608745729724	73
0.0928959523292201	1.01499095487319	73
-0.01911459300459	1.62777657942508	12
-0.037598829345	0.970803252796057	7
-0.0562805553753201	1.76815098586625	12
-0.05644675820629	1.76716657334868	12
-0.0996297969318301	0.774437355317741	73
-0.11701235953177	2.20035477643621	7
-0.03772766745806	0.971179568236575	7
-0.00338467720872004	1.79745453597946	7
-0.0999795413065401	0.774163935987156	73
0.0425017492888899	2.4737721817059	12
0.0584399501503501	0.79769982874826	147
-0.10175637524783	2.36194049725082	7
0.11841370585021	1.36328124103043	7
0.0349014677914199	1.48967236359433	7
-0.11715112437232	2.1998761639174	12
0.01036864949182	1.96745474305063	7
0.11830694955005	1.36357004823443	7
-0.0376847296890701	0.971317789997125	73
0.0176714434238701	1.31651925107115	7
-0.09542822115104	1.10893769082864	57
-0.00311724904301003	1.79703202193389	12
-0.0631029387422299	1.2817953608954	12
0.00137745548463997	2.44123324727273	73
-0.00352180156842996	1.79668011324814	12
-0.00380689612946994	1.14613373756296	7
0.12271009537197	1.53252357342144	57
0.03500903285456	1.4898366749406	147
-0.0954941429649601	1.10876383623045	34
-0.0639243667807099	2.08193425757533	12
-0.01904076073863	1.62811447352614	57
0.11214573315028	1.19700995913641	7
-0.10008990196047	1.42986723711651	7
-0.06304609280399	1.28179266602802	57
0.00160608431097997	2.44155449106746	12
-0.08165285285507	1.91404221905441	73
-0.0998745909997401	0.773859043017742	204
0.0350348161126099	1.48998404867528	12
0.12251955191022	1.53139961388408	90
-0.0953357329525499	1.109180653183	57
0.11217591035637	1.19728192741819	7
-0.0564976978796901	1.766646046208	73
0.04801179572794	1.66276176226898	7
-0.0387958028533699	1.93718815458789	90
-0.01888723859875	1.62845303400302	90
0.0583675193827	0.797791482115468	147
0.11849204134042	1.36372654826103	204
-0.09997900536895	1.43001801170539	7
-0.0375332920209499	0.971335989947976	73
-0.0997436122822399	0.774418861125706	7
-0.01906768537195	1.62812815699714	12
0.12280758236323	1.53222206883487	204
0.0669079876023899	0.590129049397097	90
0.06640050781925	0.589791315671906	7
0.0583675193827	0.797791482115468	204
0.09317734260664	1.01509854295805	7
0.0349272623836601	1.48980352606368	109
0.0660138251920299	0.589391230638723	33
-0.10006524007874	1.42992918005617	64
0.06754699712777	0.590324009457586	90
0.04019459198889	0.361113808702474	7
-0.0998659701244799	0.774255798157072	12
-0.10010152990328	0.773749047438567	12
0.04019459198889	0.361113808702474	204
0.0347666542274401	1.48883144765576	109
0.06729408016793	0.590203599966043	33
0.0671611502856	0.590087165510619	33
0.0405904054674899	0.361273728188317	221
-0.0376629135311699	0.971304917656255	204
0.0583963866130599	0.797687194353385	204
0.04035320892594	0.361169722228799	73
0.11834733364942	1.3634932741219	109
-0.09997095830854	0.774161366781223	12
-0.00374762136233997	1.14601124538298	204
0.0671611502856	0.590087165510619	204
0.11199273025046	1.1965750860903	7
-0.0953490467445901	1.10909169821672	109
-0.0996210340312	0.774433753881929	12
-0.0998659701244799	0.774255798157072	12
0.05822273219915	0.797691987551502	12
0.05833867576296	0.79748357258179	12
0.0404719114938299	0.361322640689658	204
0.06704077902752	0.589986987289273	204
-0.0376629135311699	0.971304917656255	73
0.11839950230927	1.36376987050119	7
-0.0765354087949901	1.59864343026132	12
0.0814972156012801	2.3415688780774	204
-0.10010152990328	0.773749047438567	204
0.09317734260664	1.01509854295805	73
0.12266961250129	1.53193830381129	64
0.0400757313518501	0.361162560899904	73
-0.0998659701244799	0.774255798157072	7
0.0669079876023899	0.590129049397097	7
0.0404719114938299	0.361322640689658	7
0.0657592596523799	0.589174142486685	73
0.0583675193827	0.797791482115468	7
0.05833867576296	0.79748357258179	141
-0.0384459907701999	1.45527465733533	12
-0.10008578196885	1.42980015774128	7
0.0349817739679401	1.48989882444926	12
0.05832400447743	0.79777889706228	12
0.0400757313518501	0.361162560899904	73
0.0667870930537	0.589616020977837	73
0.06779953055876	0.590281779562666	7
0.09307053574539	1.01506199733172	7
-0.01897397290283	1.62825819146897	12
0.0582805855647599	0.797430473384385	73
-0.10020639985157	0.773743447762429	7
0.0928959523292201	1.01499095487319	7
-0.09524325785113	1.10924916729094	12
-0.00965307689669004	2.27611426334521	7
0.12271009537197	1.53252357342144	7
-0.10012688050754	1.42933130066622	64
-0.0703248828874701	2.38496302730661	12
0.11854538787763	1.36383440668015	12
-0.06294116856962	1.28247683048444	12
-0.0954941429649601	1.10876383623045	7
-0.0629942534069401	1.28239709328681	73
0.11213765917752	1.19730352814855	7
0.11205327835221	1.19693733715299	12
-0.0953756854169301	1.10868431283942	73
-0.0953224228540199	1.10920392728072	109
-0.09997095830854	0.774161366781223	7
0.12268683737928	1.53240107921969	7
-0.0953357329525499	1.109180653183	7
-0.11699543148422	2.20068814544605	109
-0.06291526649569	1.28239460259991	7
0.01775514367867	1.31681679420971	7
0.0179456625882399	1.31669083918847	7
-0.01894104480949	1.62828133768762	7
-0.0381907722060499	1.456684008713	109
-0.0230651824944099	2.10769231905687	109
-0.06294243951196	1.28228315099964	109
0.0926415257655	1.01413360573067	12
-0.00381448260992001	1.14622526380948	12
0.11847899550541	1.3638658606658	12
-0.0377710902494499	0.971060007159056	7
-0.0377710902494499	0.971060007159056	7
-0.09997095830854	0.774161366781223	12
-0.00349301819975989	1.79695005488816	64
0.0349817739679401	1.48989882444926	7
0.0582951134101599	0.797784880803241	7
-0.0374241621712299	0.970652223644828	324
0.0929089962157501	1.01496515257567	12
0.06626800442765	0.58951227776968	64
-0.10195220385055	2.36143334865836	12
-0.07622918205702	1.59930790965775	12
0.11212966873912	1.19733244835361	7
-0.0998745909997401	0.773859043017742	64
-0.00393464928276011	1.14573340161201	12
-0.0952166228159399	1.10910215926925	80
0.05832400447743	0.79777889706228	12
0.05820827665872	0.79742393937989	7
0.03995666139643	0.361009605400419	7
-0.0954149203138901	1.10902660350339	12
-0.0764427377361501	1.59883277731152	109
-0.07631580262272	1.59932295954998	109
0.11213765917752	1.19730352814855	12
0.05780705876019	1.83316062132578	12
0.07394520652737	2.17148530492508	324
-0.00980167930480991	2.27600644766488	324
-0.0384743221022601	1.93833188977404	109
-0.09546757823198	1.10874641219142	80
0.0577068367953	1.83280259761787	80
0.0662981136404499	2.00216157887629	80
0.0660138251920299	0.589391230638723	12
0.0929220581896699	1.01450959971465	12
-0.0996210340312	0.774433753881929	12
0.11831997193212	1.36351409835264	324
-0.01906071230799	1.62786437121098	324
-0.03823453567672	1.45640251714541	324
-0.10171594960224	2.36225869650497	12
-0.03827583893741	1.45640753424195	324
-0.00335588210409998	1.79750689780164	80
0.09308347816206	1.01515253512817	324
-0.0764286236806699	1.59901997540362	12
-0.0765555493671399	1.59851399598763	12
-0.0382539699667599	1.45651251041773	12
-0.0818306242414699	1.91378677605428	12
-0.0382539699667599	1.45651251041773	12
0.04785966131973	1.66293773686411	12
-0.0228668859314301	2.10816649915218	12
-0.10258170036487	1.74372542006738	12
-0.10002417105518	1.42999665247261	12
-0.12032960470024	1.89278358118053	80
-0.0562299119591301	1.76805018272538	12
0.0930026836146201	1.0150029618971	103
0.0929896814290101	1.01511461811393	12
-0.05635286073438	1.76814494866596	80
-0.0376847296890701	0.971317789997125	103
-0.037598829345	0.970803252796057	12
0.1121074612167	1.19703151090983	80
-0.0950850338918301	1.10878782594068	12
0.11219813888498	1.19730010441067	12
0.11211558391165	1.19639833757585	103
-0.0377926667403099	0.970647456267243	12
0.0929766972884001	1.01493823898538	80
-0.0997349038953601	0.774341633185776	12
-0.08185186455328	1.91343242925304	12
-0.0997436122822399	0.774418861125706	103
-0.10165040326065	2.36208603903081	12
-0.0814731964726501	1.91316321437694	12
0.0350591117418799	1.48944337418782	12
0.12261542837083	1.53208511509422	80
-0.10110814590112	2.05880687799508	12
-0.0953357329525499	1.109180653183	12
0.01029123487348	1.96722740762584	80
0.11843983381257	1.363788488939	12
-0.0629398986510801	1.28228870221773	12
0.11846594563983	1.36392177573483	12
0.0479298725195601	1.66292013445354	80
-0.10129455513515	2.05731999296572	12
0.0423670795142399	2.47431273799532	80
-0.0997436122822399	0.774418861125706	12
0.11213765917752	1.19730352814855	12
0.05819384091091	0.797199179169602	12
0.11214573315028	1.19700995913641	103
-0.0377926667403099	0.970647456267243	12
-0.0630201699349899	1.28218695244773	12
-0.0230256484991001	2.10795543765001	12
-0.00390429105450996	1.14612220009606	12
-0.0639547980834601	2.08220672885799	103
-0.11699543148422	2.20068814544605	103
-0.0641074564333599	2.08149037124196	12
-0.0231094984150499	2.10742324140079	103
-0.03819328045391	1.4562043647236	103
-0.0628350221232301	1.28225234432498	12
-0.0953091164470401	1.10916330782568	12
0.0583675193827	0.797791482115468	12
-0.0763822765961599	1.59922445738388	103
0.0929089962157501	1.01496515257567	12
0.09262833885246	1.01429436864152	103
-0.0378356869230301	0.970853229111692	12
-0.10004066335244	1.42962701810972	103
-0.0998659701244799	0.774255798157072	12
0.0334635126799401	2.30746222180617	12
-0.03751126601183	0.97117970489929	103
-0.10009301784278	0.773998601930091	12
0.1225362020403	1.53064342386883	12
0.0740448264456	2.17223219312175	103
-0.0562515871266001	1.76830251945181	103
-0.12028548040605	1.8932888744844	103
-0.10107017418744	2.05898102298756	103
0.07402273342151	2.17164718794563	103
0.09319026129936	1.01477745885181	103
-0.0378140801872999	0.970985606335259	103
0.03498030408266	1.4898887383622	103
0.01784764779204	1.31667952320161	103
-0.0999795413065401	0.774163935987156	103
0.11219813888498	1.19730010441067	103
-0.00335588210409998	1.79750689780164	103
0.12271009537197	1.53252357342144	103
0.05786013929473	1.83319840024763	103
-0.12012831467972	1.89244911765303	103
