x	y	clickSelects
0.095425868011931	2.35657070745863	9
0.122979304866702	0.576798736351056	9
0.110103382513894	0.758357339826199	9
-0.11355579595234	0.53988363364333	9
0.122681295519488	0.577012560144428	9
0.031966956155177	0.567023112730889	9
0.12300033719795	0.576773649682754	9
0.018626072092205	0.890781296672914	10
0.032079229085774	0.56691647468837	10
0.122915077536795	0.577091573709713	10
0.018467274549559	0.891190458093011	52
0.102568195055912	0.940168529644805	115
0.110080032811791	0.758268439784129	115
-0.1144886963805	0.541000350984738	115
-0.00956173625136003	0.719582795507295	52
0.032191595406	0.566591842753788	10
0.032086881231415	0.566880494409038	10
0.102458237699464	0.940059117359875	5
0.110247101668791	0.758159798405766	5
0.031966956155177	0.567023112730889	5
0.031959373972186	0.567014988604947	10
0.122892804737198	0.577129826927392	10
0.122915077536795	0.577091573709713	10
0.0317352150006121	0.567000612677095	136
0.122850887569758	0.577216000555005	5
0.048231954119922	0.27264192625531	13
0.048231954119922	0.27264192625531	13
0.048489868525968	0.272461351367526	5
0.047864940117501	0.272770263417896	5
0.047755745628836	0.272799090918146	5
0.047387879055768	0.272853156193857	22
0.048231954119922	0.27264192625531	193
0.047755745628836	0.272799090918146	148
0.048231954119922	0.27264192625531	23
0.048231954119922	0.27264192625531	157
0.122894193752737	0.577078965683136	23
0.031959373972186	0.567014988604947	23
0.048598433462579	0.272432782475208	28
-0.1144886963805	0.541000350984738	16
-0.1143440462202	0.540707013154826	16
0.048489868525968	0.272461351367526	31
0.110019839610098	0.758313948686625	6
0.032079229085774	0.56691647468837	50
-0.1143440462202	0.540707013154826	50
0.031727756362024	0.567172585007472	50
0.031727756362024	0.567172585007472	50
0.09432656702687	1.60526244456839	9
0.110330630084249	0.7579225607507	9
0.048598433462579	0.272432782475208	9
-0.1144886963805	0.541000350984738	9
-0.0447016488104299	0.875080672215587	10
-0.1145954954322	0.541089063658969	52
0.0662405712755521	0.913286505454926	115
-0.1145954954322	0.541089063658969	115
0.031839735720063	0.567066206054291	10
0.047864940117501	0.272770263417896	5
-0.11480387759856	0.540899159478976	133
-0.11469959880058	0.540907832368884	19
0.047755745628836	0.272799090918146	5
0.031847247933781	0.567121503023109	10
0.122722619569568	0.577081252829866	136
0.061001474558287	0.734414306613764	5
-0.11394961846196	0.540358650867839	13
0.048598433462579	0.272432782475208	13
0.047864940117501	0.272770263417896	5
0.048598433462579	0.272432782475208	5
0.048489868525968	0.272461351367526	3
0.061093686495544	0.734349776969803	23
0.00750165282099602	1.21868572613769	157
0.04812307490303	0.272670624519378	157
-0.1145954954322	0.541089063658969	23
0.04812307490303	0.272670624519378	75
0.047864940117501	0.272770263417896	28
0.047864940117501	0.272770263417896	28
0.047497389810397	0.272824202108595	28
0.048231954119922	0.27264192625531	16
0.047387879055768	0.272853156193857	254
0.047755745628836	0.272799090918146	6
0.122786734926908	0.577236204859608	151
-0.0096302871393199	0.719349342460465	50
-0.1143440462202	0.540707013154826	50
0.048231954119922	0.27264192625531	50
0.047864940117501	0.272770263417896	50
-0.0841700861242001	1.183860058015	24
-0.01100712019044	1.0467688034003	24
-0.1144886963805	0.541000350984738	164
-0.1144886963805	0.541000350984738	9
0.032086881231415	0.566880494409038	9
0.10994611442796	0.758387165212466	10
0.060962287922118	0.734420173128497	52
0.102719565469647	0.939796328569853	115
0.060909248816591	0.734241533691457	115
0.068043390930196	1.09124755463046	115
-0.11409385166674	0.540651439280993	52
0.123021458939366	0.576712431640606	10
-0.0444520453949799	0.874915515762286	10
0.060738270626774	0.734162417173894	5
-0.00956173625136003	0.719582795507295	5
0.048598433462579	0.272432782475208	5
0.047755745628836	0.272799090918146	107
-0.09732876167257	1.33596223889326	13
-0.1145954954322	0.541089063658969	5
0.032079229085774	0.56691647468837	5
0.047497389810397	0.272824202108595	22
0.047387879055768	0.272853156193857	193
0.047864940117501	0.272770263417896	3
0.047864940117501	0.272770263417896	3
0.048231954119922	0.27264192625531	23
-0.11480389157877	0.541093044086259	23
0.061014750006396	0.734486826092846	23
0.04812307490303	0.272670624519378	233
0.048231954119922	0.27264192625531	333
0.04812307490303	0.272670624519378	6
0.048231954119922	0.27264192625531	6
0.032079229085774	0.56691647468837	50
-0.11409385166674	0.540651439280993	50
-0.11459535646121	0.54087500274063	50
0.04812307490303	0.272670624519378	50
0.047864940117501	0.272770263417896	50
-0.04463646342788	0.874990427387679	50
0.047864940117501	0.272770263417896	24
-0.11409385166674	0.540651439280993	9
-0.11459571417205	0.540895302433044	10
0.031966956155177	0.567023112730889	10
0.122850887569758	0.577216000555005	10
0.048231954119922	0.27264192625531	107
0.018440055416845	0.890855981465677	5
0.047864940117501	0.272770263417896	206
0.048231954119922	0.27264192625531	206
0.04812307490303	0.272670624519378	148
0.04812307490303	0.272670624519378	23
-0.11409385166674	0.540651439280993	23
0.031847247933781	0.567121503023109	23
0.047864940117501	0.272770263417896	233
0.047864940117501	0.272770263417896	28
0.04812307490303	0.272670624519378	6
0.04812307490303	0.272670624519378	326
0.047755745628836	0.272799090918146	50
-0.0444520453949799	0.874915515762286	50
-0.1146996213552	0.541121784175122	151
0.122850887569758	0.577216000555005	50
0.048598433462579	0.272432782475208	164
0.047497389810397	0.272824202108595	10
0.032079229085774	0.56691647468837	10
0.048598433462579	0.272432782475208	10
0.00755960685033796	1.21861263453586	115
0.048598433462579	0.272432782475208	115
0.018414326479441	0.891246435034977	115
0.032071593233322	0.566690436445225	52
0.047864940117501	0.272770263417896	10
0.048598433462579	0.272432782475208	52
0.048231954119922	0.27264192625531	5
0.047864940117501	0.272770263417896	19
0.047755745628836	0.272799090918146	19
0.047864940117501	0.272770263417896	5
0.04812307490303	0.272670624519378	5
0.047387879055768	0.272853156193857	5
0.048231954119922	0.27264192625531	5
0.048489868525968	0.272461351367526	5
-0.11459571417205	0.540895302433044	62
-0.1145954954322	0.541089063658969	3
0.047864940117501	0.272770263417896	148
0.048231954119922	0.27264192625531	23
0.048231954119922	0.27264192625531	28
0.031966956155177	0.567023112730889	28
0.048231954119922	0.27264192625531	295
0.122873399258265	0.577023179258317	6
0.018309877080754	0.891279358919034	6
0.032086881231415	0.566880494409038	6
-0.11469972387002	0.540927932422351	50
-0.00962268959251	0.719542660462454	50
-0.00960724628834009	0.719199401490895	50
-0.1145954954322	0.541089063658969	151
0.01852171877891	0.89128782209467	50
0.122915077536795	0.577091573709713	50
-0.00953121808197999	0.719538579271265	24
0.122871801503524	0.577191008258668	24
0.048231954119922	0.27264192625531	164
0.047864940117501	0.272770263417896	9
0.048598433462579	0.272432782475208	10
0.122999506217293	0.576763743067721	10
0.047864940117501	0.272770263417896	115
0.109899427439278	0.758302416946051	115
0.122871801503524	0.577191008258668	10
-0.00949318472380001	0.719548716819513	5
-0.0446881325680699	0.875044381033776	5
-0.11449125834891	0.540788176297302	13
-0.0259601290096501	1.50561995424969	13
0.047864940117501	0.272770263417896	62
0.047864940117501	0.272770263417896	62
0.048598433462579	0.272432782475208	3
0.047497389810397	0.272824202108595	206
0.04812307490303	0.272670624519378	22
0.048598433462579	0.272432782475208	23
0.047864940117501	0.272770263417896	157
-0.1146996213552	0.541121784175122	23
0.04812307490303	0.272670624519378	28
0.048489868525968	0.272461351367526	16
0.04812307490303	0.272670624519378	6
0.047755745628836	0.272799090918146	6
0.060764483006036	0.73459676282174	6
0.0423659078624991	1.2373836188013	6
0.048231954119922	0.27264192625531	151
-0.11355579595234	0.53988363364333	50
-0.1144886963805	0.541000350984738	50
-0.11469972387002	0.540927932422351	151
0.047864940117501	0.272770263417896	50
0.122788681233789	0.577033792669191	50
-0.0334649347520599	1.19949733873006	50
0.12280758973809	0.577211271023757	9
-0.00954648594502006	0.719429089721718	52
0.03185477649666	0.566902385585879	52
0.122745292903087	0.577167546274364	5
0.00758117420136895	1.218593081794	5
-0.11490830644642	0.540939147061005	19
0.031847247933781	0.567121503023109	5
0.047864940117501	0.272770263417896	5
0.102633505665751	0.940086363572764	10
0.047864940117501	0.272770263417896	3
-0.1144886963805	0.541000350984738	148
0.04812307490303	0.272670624519378	23
0.065753013111403	0.913886833412179	157
-0.1146996213552	0.541121784175122	23
0.047387879055768	0.272853156193857	23
0.031966956155177	0.567023112730889	28
0.04812307490303	0.272670624519378	239
-0.11459535646121	0.54087500274063	50
-0.11480389157877	0.541093044086259	9
-0.11394961846196	0.540358650867839	10
-0.0676749506448899	1.0295945475418	52
-0.0448457001486799	0.874900258146591	115
-0.11409385166674	0.540651439280993	52
-0.00953121808197999	0.719538579271265	52
0.122871801503524	0.577191008258668	5
0.031959373972186	0.567014988604947	5
0.04812307490303	0.272670624519378	19
0.065941741208157	0.913876341257033	10
0.047497389810397	0.272824202108595	136
0.122871801503524	0.577191008258668	5
0.04812307490303	0.272670624519378	62
-0.11469972387002	0.540927932422351	62
0.047755745628836	0.272799090918146	3
0.047864940117501	0.272770263417896	3
0.047864940117501	0.272770263417896	148
-0.1144886963805	0.541000350984738	119
0.047864940117501	0.272770263417896	23
0.04812307490303	0.272670624519378	23
0.048231954119922	0.27264192625531	75
0.048231954119922	0.27264192625531	28
0.047864940117501	0.272770263417896	363
0.048231954119922	0.27264192625531	23
0.122913897302031	0.57703082808025	6
0.01833562708671	0.891348219855638	6
0.061120252841419	0.734185107924619	6
-0.11469972387002	0.540927932422351	151
0.04812307490303	0.272670624519378	50
0.110150082914474	0.758267834539312	50
-0.1146996213552	0.541121784175122	151
0.048231954119922	0.27264192625531	151
0.109848999500303	0.758136061425411	24
-0.1144886963805	0.541000350984738	24
0.122871801503524	0.577191008258668	24
-0.11459571417205	0.540895302433044	52
0.110163569243204	0.758278106424201	52
0.098074202385922	1.11506632749244	5
-0.09737429445385	1.33618961895253	10
-0.00953873661837989	0.719001799339647	136
0.060777717413549	0.734669327956872	5
-0.00954648594502006	0.719429089721718	5
0.018627593052595	0.891057998572292	5
0.047755745628836	0.272799090918146	3
0.047864940117501	0.272770263417896	3
0.0626040145928321	1.8849172557513	23
0.0609357763180281	0.734584867529678	23
0.048231954119922	0.27264192625531	75
0.048598433462579	0.272432782475208	285
0.048231954119922	0.27264192625531	285
0.03243225177931	0.566259034919588	6
0.066133612393815	0.913817896990738	78
-0.0445307058590401	0.875000983365389	151
-0.04454424783783	0.875037302287801	151
0.018574659801723	0.891193190806152	50
0.12293750830751	0.576730565295779	50
0.060764483006036	0.73459676282174	50
0.047864940117501	0.272770263417896	151
0.048231954119922	0.27264192625531	50
-0.00942463255137005	0.719335114329613	9
0.122871801503524	0.577191008258668	9
-0.11469972387002	0.540927932422351	9
0.122849567125542	0.577051214111517	52
0.042278124699848	1.23815457462586	52
0.0608700095575661	0.734614739532522	115
-0.04422986940011	0.874422999949284	10
0.031720314122376	0.567057194652099	10
-0.1146996213552	0.541121784175122	5
0.018494495669324	0.891295148402178	5
0.12300033719795	0.576773649682754	5
-0.1144886963805	0.541000350984738	19
0.048231954119922	0.27264192625531	19
-0.0676510708407601	1.02955906828335	5
-0.00955415243894997	0.719594277702576	5
0.122957113106258	0.577005310114962	13
-0.0112867475593299	1.04699179572721	5
0.047387879055768	0.272853156193857	96
0.047755745628836	0.272799090918146	3
0.04812307490303	0.272670624519378	119
0.047864940117501	0.272770263417896	119
0.047755745628836	0.272799090918146	148
0.114786936123177	1.46397557678856	23
0.0317352150006121	0.567000612677095	23
0.047864940117501	0.272770263417896	23
-0.11469959880058	0.540907832368884	23
0.04812307490303	0.272670624519378	94
0.048598433462579	0.272432782475208	20
0.048598433462579	0.272432782475208	20
0.04812307490303	0.272670624519378	151
0.04812307490303	0.272670624519378	151
0.048231954119922	0.27264192625531	50
0.018574659801723	0.891193190806152	24
0.122830062903215	0.577203324418684	24
0.065941741208157	0.913876341257033	24
0.031974554636492	0.56675996581703	164
-0.11459571417205	0.540895302433044	9
0.060922514554735	0.734512322363123	52
-0.00953121808197999	0.719538579271265	115
0.122785274386409	0.576896558652864	52
0.032086881231415	0.566880494409038	52
0.032711093713825	1.06790851633205	5
0.047755745628836	0.272799090918146	19
0.04812307490303	0.272670624519378	19
0.122936050643944	0.577066528922155	5
-0.0675981806957899	1.02947828761807	10
-0.1146996213552	0.541121784175122	136
0.031966956155177	0.567023112730889	10
0.032079229085774	0.56691647468837	5
0.122850887569758	0.577216000555005	226
0.047864940117501	0.272770263417896	226
0.048231954119922	0.27264192625531	96
0.048489868525968	0.272461351367526	3
0.048231954119922	0.27264192625531	3
0.047864940117501	0.272770263417896	3
0.048598433462579	0.272432782475208	23
0.04812307490303	0.272670624519378	23
0.122849567125542	0.577051214111517	157
-0.00959222676060989	0.719584185538748	23
0.04812307490303	0.272670624519378	23
0.048489868525968	0.272461351367526	75
0.048231954119922	0.27264192625531	223
-0.1145954954322	0.541089063658969	94
0.047864940117501	0.272770263417896	94
0.04812307490303	0.272670624519378	28
0.047755745628836	0.272799090918146	28
0.04812307490303	0.272670624519378	20
0.047864940117501	0.272770263417896	6
0.048489868525968	0.272461351367526	6
-0.04463646342788	0.874990427387679	6
0.018361370640517	0.89126434873263	151
0.031974554636492	0.56675996581703	151
-0.1144886963805	0.541000350984738	151
0.122745292903087	0.577167546274364	24
-0.04454424783783	0.875037302287801	9
-0.1146996213552	0.541121784175122	9
0.04812307490303	0.272670624519378	9
-0.00942463255137005	0.719335114329613	10
0.110140217393594	0.75818922164643	9
0.048598433462579	0.272432782475208	115
0.06609277487246	0.913789457162529	52
0.068325301302859	1.09102669388464	52
0.0680144815032731	1.09132426173096	10
0.018390073185487	0.891235733129596	5
0.0606721867886571	0.734310406449492	5
-0.11394961846196	0.540358650867839	5
0.047497389810397	0.272824202108595	5
0.048598433462579	0.272432782475208	137
0.04812307490303	0.272670624519378	96
-0.11469959880058	0.540907832368884	96
0.047755745628836	0.272799090918146	96
0.048231954119922	0.27264192625531	316
0.031615869941974	0.567051569300168	23
0.047864940117501	0.272770263417896	23
0.047864940117501	0.272770263417896	20
0.048598433462579	0.272432782475208	78
-0.1145954954322	0.541089063658969	151
0.047864940117501	0.272770263417896	50
-0.1145954954322	0.541089063658969	50
0.047755745628836	0.272799090918146	151
0.048231954119922	0.27264192625531	151
0.031951808133683	0.566741793143772	24
0.048489868525968	0.272461351367526	24
0.00750165282099602	1.21868572613769	9
-0.1146996213552	0.541121784175122	164
-0.0446229306980801	0.875080562846637	153
0.047497389810397	0.272824202108595	9
0.122849567125542	0.577051214111517	9
0.048231954119922	0.27264192625531	52
-0.1143440462202	0.540707013154826	10
-0.00961500935902992	0.719465002182	5
-0.00951606416000006	0.719470647168065	5
0.048231954119922	0.27264192625531	374
0.047755745628836	0.272799090918146	137
-0.1143440462202	0.540707013154826	137
-0.04454424783783	0.875037302287801	136
0.047864940117501	0.272770263417896	5
0.03185477649666	0.566902385585879	5
0.119393728942089	1.30050867748643	3
0.047864940117501	0.272770263417896	3
0.048231954119922	0.27264192625531	3
-0.11480389157877	0.541093044086259	23
0.048489868525968	0.272461351367526	23
0.122809327469738	0.577147451985876	157
-0.04435985610666	0.874625311859659	23
0.048598433462579	0.272432782475208	23
0.048489868525968	0.272461351367526	23
0.048231954119922	0.27264192625531	28
-0.1143440462202	0.540707013154826	78
-0.04463646342788	0.874990427387679	6
0.04812307490303	0.272670624519378	151
0.047864940117501	0.272770263417896	151
0.048231954119922	0.27264192625531	216
0.122850887569758	0.577216000555005	24
0.122786734926908	0.577236204859608	24
0.0661523359715051	0.9136864910444	24
0.122852694018439	0.576909629894032	9
0.03185477649666	0.566902385585879	9
-0.11384369426122	0.540061252740227	9
0.031966956155177	0.567023112730889	10
-0.0112418576936999	1.04696151548129	52
0.061001474558287	0.734414306613764	52
0.060764483006036	0.73459676282174	5
0.110113231896788	0.758135516388884	5
0.048231954119922	0.27264192625531	19
0.060711849000988	0.734622762965473	137
0.048231954119922	0.27264192625531	5
0.031966956155177	0.567023112730889	5
-0.11459571417205	0.540895302433044	3
0.04812307490303	0.272670624519378	3
0.047497389810397	0.272824202108595	96
0.047864940117501	0.272770263417896	3
-0.1145954954322	0.541089063658969	3
0.048598433462579	0.272432782475208	22
0.047755745628836	0.272799090918146	3
0.033062738197978	1.06739074452298	23
-0.0676749506448899	1.0295945475418	23
0.031959373972186	0.567014988604947	23
0.047755745628836	0.272799090918146	28
-0.1145954954322	0.541089063658969	28
0.047864940117501	0.272770263417896	20
0.04812307490303	0.272670624519378	78
0.032086881231415	0.566880494409038	151
0.018495994737287	0.891238633380212	50
0.01852171877891	0.89128782209467	50
0.047755745628836	0.272799090918146	151
0.04812307490303	0.272670624519378	151
0.048231954119922	0.27264192625531	216
0.04812307490303	0.272670624519378	216
0.048598433462579	0.272432782475208	24
0.047755745628836	0.272799090918146	24
-0.10666890579771	1.483654016303	24
0.032079229085774	0.56691647468837	6
-0.0338618469981	1.20017015535788	24
0.061054552500399	0.733995339864422	24
-0.0676220447934699	1.02959898870171	9
0.065985814116982	0.914054579689335	9
0.066111561791409	0.913869462420194	9
-0.0843007427131801	1.18416297802057	9
-0.11776703288389	1.76595419798651	115
0.123654381603585	1.13813809793109	115
0.048231954119922	0.27264192625531	5
-0.0446229306980801	0.875080562846637	136
-0.01122121898675	1.0470081680928	5
-0.1145954954322	0.541089063658969	5
0.047755745628836	0.272799090918146	3
-0.00958459475678008	0.719552722677059	148
-0.11480398571088	0.54087926587085	157
0.018494495669324	0.891295148402178	157
0.110270456321804	0.758074443440553	23
-0.01126612517745	1.04693636677886	23
-0.1143440462202	0.540707013154826	94
0.047864940117501	0.272770263417896	16
0.048231954119922	0.27264192625531	20
0.047755745628836	0.272799090918146	78
0.060777717413549	0.734669327956872	78
0.032086881231415	0.566880494409038	151
0.031839735720063	0.567066206054291	50
0.047864940117501	0.272770263417896	151
0.061028021479132	0.734455823851989	24
0.066007843702619	0.914003033691674	24
-0.04457134267591	0.874614940191236	6
0.066196462785352	0.913670596019875	24
-0.0507061960373301	1.34974828548476	164
-0.0509586062491101	1.34977847178465	9
-0.06307747145193	1.49401923990855	52
-0.11273112646533	1.62608999958418	52
0.018494495669324	0.891295148402178	115
0.032745782811282	1.06791490925739	52
-0.00942463255137005	0.719335114329613	52
-0.0334395457344401	1.19936448777331	5
-0.06741049607932	1.02918447124468	5
-0.00952368242224999	0.719592912783372	5
0.048231954119922	0.27264192625531	5
0.048231954119922	0.27264192625531	137
0.110186921419238	0.758273976852272	5
0.123705431158669	1.13854006989708	5
-0.11480398571088	0.54087926587085	3
0.031847247933781	0.567121503023109	238
-0.10657426901393	1.48391039257502	23
0.066048699269289	0.913979811896187	23
-0.1144886963805	0.541000350984738	94
0.048231954119922	0.27264192625531	20
0.0661556584154081	0.913679106263852	151
0.048231954119922	0.27264192625531	151
0.060949034106964	0.734553872901206	151
-0.11469972387002	0.540927932422351	151
0.047755745628836	0.272799090918146	151
0.047864940117501	0.272770263417896	24
0.122765969326838	0.57722347245481	6
0.0720206719903031	1.25775136112317	52
0.098040891180962	1.1151166226222	115
-0.03405515974291	1.2000986712386	52
0.068216917591202	1.09134486803983	5
0.066196462785352	0.913670596019875	5
0.04812307490303	0.272670624519378	5
0.047497389810397	0.272824202108595	217
0.03185477649666	0.566902385585879	217
-0.00956173625136003	0.719582795507295	3
-0.00945513744605009	0.719425138137918	3
0.031847247933781	0.567121503023109	3
0.061172585768852	0.734169359590649	3
0.047755745628836	0.272799090918146	3
0.0317352150006121	0.567000612677095	238
-0.00945513744605009	0.719425138137918	23
0.060843517364767	0.734573163138473	23
-0.11459571417205	0.540895302433044	28
-0.11394961846196	0.540358650867839	28
-0.00965312473012991	0.719454975106926	16
0.047755745628836	0.272799090918146	78
0.047864940117501	0.272770263417896	78
0.12280758973809	0.577211271023757	151
-0.0674633720414	1.02935545738054	151
0.122786734926908	0.577236204859608	151
0.061172585768852	0.734169359590649	151
0.048231954119922	0.27264192625531	151
-0.0446229306980801	0.875080562846637	6
0.094728774842722	1.60412382224247	9
0.108357351834109	2.37318433480788	9
0.022346911322999	1.37995969437608	9
-0.08438682576281	1.18431059237427	9
0.042278124699848	1.23815457462586	9
-0.0337497983296899	1.20022282333808	9
0.00742953525074497	1.21879102188578	9
0.068245806311512	1.09126818710388	5
-0.06754356591929	1.02960059011662	5
-0.1144886963805	0.541000350984738	106
-0.11469959880058	0.540907832368884	137
-0.0675691464047901	1.02956080335463	5
0.068289267538998	1.09114061465758	5
0.122913897302031	0.57703082808025	3
0.122892804737198	0.577129826927392	3
0.060790947849236	0.734638357608288	3
-0.1145954954322	0.541089063658969	405
0.060843517364767	0.734573163138473	23
0.068311023091626	1.09088875201966	23
0.04812307490303	0.272670624519378	94
0.047387879055768	0.272853156193857	28
-0.11469972387002	0.540927932422351	16
0.031959373972186	0.567014988604947	20
-0.1144886963805	0.541000350984738	342
-0.0505898890640899	1.34866752360555	78
0.066174401668377	0.913722165965181	151
0.102526680568705	0.940274502101517	151
0.032791941282912	1.06808061328527	151
0.061001474558287	0.734414306613764	151
0.066322095586219	0.913253237878811	151
0.031839735720063	0.567066206054291	151
0.122809327469738	0.577147451985876	24
0.018601885262457	0.89108804281965	24
-0.0256805039632699	1.50507559547987	9
-0.0841908394185	1.1839217961835	9
0.068397626178061	1.090918671406	52
0.0979250656844119	1.1150480895648	5
0.098130427993526	1.11456661895987	5
-0.0333327575929401	1.19892518996362	5
0.102938912995267	0.939233195947751	5
-0.08449363449674	1.18409769739597	5
-0.1144886963805	0.541000350984738	217
0.047755745628836	0.272799090918146	217
-0.04435985610666	0.874625311859659	10
0.066303420048057	0.91309981288968	10
0.031720314122376	0.567057194652099	5
0.060922514554735	0.734512322363123	3
0.122786734926908	0.577236204859608	3
0.032319590710896	0.566583655563607	3
-0.11459571417205	0.540895302433044	405
-0.04460940159171	0.875044256076931	148
-0.00946265936106006	0.719458642516027	23
0.102591970277568	0.940192360461248	23
-0.11480387759856	0.540899159478976	23
0.018468769989692	0.891343802585796	123
0.110223747339957	0.758163932303549	23
0.12293750830751	0.576730565295779	28
-0.11409385166674	0.540651439280993	23
0.102571195461337	0.940123855262361	151
-0.04446560025431	0.874951843477017	151
-0.00962268959251	0.719542660462454	151
0.032071593233322	0.566690436445225	151
0.060949034106964	0.734553872901206	151
-0.00946265936106006	0.719458642516027	24
0.122806337787929	0.576754248697381	24
0.110066535075841	0.758398727133385	24
0.061014750006396	0.734486826092846	24
0.01852171877891	0.89128782209467	24
-0.09726281254122	1.33580254085195	9
0.110080032811791	0.758268439784129	9
0.123703136843931	1.13851610491653	115
0.102808509665419	0.939727088354476	115
0.097688784643191	1.27818554167985	5
0.110043187174885	0.758402852078309	5
0.1023960356935	0.940339593994941	5
0.102722484111155	0.939927270681426	5
0.018415813439741	0.891361705052936	10
-0.1146996213552	0.541121784175122	3
-0.00941707623437993	0.719085475768888	3
0.031959373972186	0.567014988604947	3
-0.00950067227012008	0.71944848988664	23
-0.0442948303691	0.874612671953292	23
-0.00949318472380001	0.719548716819513	23
0.047755745628836	0.272799090918146	23
-0.11394961846196	0.540358650867839	28
-0.1144886963805	0.541000350984738	28
0.122828533793664	0.577150150243609	28
-0.1146996213552	0.541121784175122	23
0.032191595406	0.566591842753788	16
-0.1145954954322	0.541089063658969	16
-0.1144886963805	0.541000350984738	20
0.031959373972186	0.567014988604947	20
0.048231954119922	0.27264192625531	151
-0.11469959880058	0.540907832368884	151
0.031974554636492	0.56675996581703	151
-0.0674633720414	1.02935545738054	24
-0.0337497983296899	1.20022282333808	24
0.097647002231158	1.27837990509818	9
0.0395340273453439	1.69823852848876	9
0.018734972891022	0.890557154783962	9
0.075779142402507	1.41646158015781	52
0.098162188936846	1.11403270495909	52
0.098097055218547	1.11475606239778	52
-0.11459535646121	0.54087500274063	417
0.047755745628836	0.272799090918146	417
0.04235536745731	1.23793885253156	5
0.022282491196856	1.37955482116464	5
0.01865481887587	0.890952875697173	5
0.032207023364778	0.566690506749215	3
-0.00953121808197999	0.719538579271265	5
0.031959373972186	0.567014988604947	3
0.031966956155177	0.567023112730889	148
-0.11459535646121	0.54087500274063	148
0.098118152030552	1.11476029759259	23
-0.09733343839638	1.33604860809438	23
-0.08432147431859	1.18422470011317	23
-0.11469972387002	0.540927932422351	28
-0.1143440462202	0.540707013154826	23
-0.11459535646121	0.54087500274063	23
0.110126732547253	0.758353213221804	151
-0.00952368242224999	0.719592912783372	390
0.03185477649666	0.566902385585879	151
0.122936050643944	0.577066528922155	151
-0.0447939091537699	0.874944528103677	151
-0.06772956796868	1.0297201300256	24
-0.0799718194583901	2.35659955690094	9
-0.0879936978810401	1.91381502387909	9
-0.03370397294107	1.20014450289202	9
0.102571195461337	0.940123855262361	9
0.018653294319131	0.890885888045407	9
-0.0383083558205299	1.6440324529003	52
0.068339885220984	1.09098852714648	52
0.098123526044673	1.11446739495134	115
0.096583989135799	1.43950665457699	52
-0.0841908394185	1.1839217961835	5
-0.0443219952901699	0.87455898053866	5
-0.05067712763806	1.34965680556092	5
0.032079229085774	0.56691647468837	106
0.031847247933781	0.567121503023109	217
-0.03350562865797	1.19962555668558	5
0.065881984569559	0.914046639201442	5
-0.0844521998383301	1.18435363304479	5
-0.06749242287696	1.02918275724483	5
0.060949034106964	0.734553872901206	5
-0.00955415243894997	0.719594277702576	148
0.122850887569758	0.577216000555005	23
0.061172585768852	0.734169359590649	23
-0.0675179913994	1.02948100786859	23
0.068093993557482	1.09130569717365	23
0.031839735720063	0.567066206054291	23
0.031496758217042	0.567042315970506	28
-0.1144886963805	0.541000350984738	28
-0.00947009883374994	0.719304676003473	78
0.018682046687891	0.89073648086914	6
-0.11480389157877	0.541093044086259	151
0.122745292903087	0.577167546274364	151
0.122936050643944	0.577066528922155	151
0.122978264954337	0.576906289496621	151
0.061001474558287	0.734414306613764	24
-0.00952368242224999	0.719592912783372	24
0.018680518526093	0.890878556348043	24
0.066196462785352	0.913670596019875	24
0.066007843702619	0.914003033691674	9
-0.0338618469981	1.20017015535788	5
0.04230639406978	1.23795429631017	5
0.110113231896788	0.758135516388884	5
-0.00942463255137005	0.719335114329613	3
0.0323118148547	0.566449087740737	5
0.031966956155177	0.567023112730889	5
0.047864940117501	0.272770263417896	5
0.03185477649666	0.566902385585879	3
-0.1144886963805	0.541000350984738	359
-0.1145954954322	0.541089063658969	23
0.03185477649666	0.566902385585879	23
-0.00946265936106006	0.719458642516027	23
0.068216917591202	1.09134486803983	23
0.065944925433499	0.91404265035613	123
0.032086881231415	0.566880494409038	123
-0.00951606416000006	0.719470647168065	23
0.048231954119922	0.27264192625531	30
0.122873399258265	0.577023179258317	151
-0.01106991729155	1.04686660568732	151
0.031966956155177	0.567023112730889	151
0.03185477649666	0.566902385585879	151
-0.00939409998832996	0.719191379540725	151
-0.11459535646121	0.54087500274063	24
0.122828533793664	0.577150150243609	6
-0.00952368242224999	0.719592912783372	9
0.110150082914474	0.758267834539312	9
0.122913897302031	0.57703082808025	9
0.060856765447748	0.734645723530448	9
0.122830062903215	0.577203324418684	10
0.110283916781517	0.758012030530767	10
0.061120252841419	0.734185107924619	5
0.122894193752737	0.577078965683136	5
-0.11459535646121	0.54087500274063	5
-0.1145954954322	0.541089063658969	10
0.031966956155177	0.567023112730889	3
-0.1143440462202	0.540707013154826	5
0.031959373972186	0.567014988604947	5
0.048231954119922	0.27264192625531	3
0.031847247933781	0.567121503023109	148
-0.1144886963805	0.541000350984738	148
-0.11459571417205	0.540895302433044	23
-0.1145954954322	0.541089063658969	23
-0.11490817570086	0.540745347078142	149
0.048231954119922	0.27264192625531	23
0.048231954119922	0.27264192625531	23
0.047755745628836	0.272799090918146	20
0.047864940117501	0.272770263417896	78
-0.0971764277188401	1.33570905904217	78
0.122892804737198	0.577129826927392	151
0.102526680568705	0.940274502101517	24
0.042383578448162	1.23791559703069	6
-0.01120058538935	1.04695271671224	9
0.00595781473406498	1.51934999798343	9
0.061093686495544	0.734349776969803	9
-0.08456232745863	1.18424678290924	52
-0.0110489251933601	1.04670851481839	5
-0.00948561465469999	0.719469300354575	5
0.061106971656411	0.734318770281423	3
0.047755745628836	0.272799090918146	5
0.04812307490303	0.272670624519378	3
-0.11409385166674	0.540651439280993	3
0.047755745628836	0.272799090918146	148
0.060843517364767	0.734573163138473	3
0.033149230036195	1.06720632995556	23
0.11039079518897	0.757727760199147	23
-0.11459571417205	0.540895302433044	28
0.048231954119922	0.27264192625531	149
-0.11409385166674	0.540651439280993	23
0.048231954119922	0.27264192625531	20
0.047497389810397	0.272824202108595	20
-0.1144886963805	0.541000350984738	30
0.04812307490303	0.272670624519378	342
0.097886474720398	1.11481416312826	78
-0.00948561465469999	0.719469300354575	151
0.122830062903215	0.577203324418684	151
0.047387879055768	0.272853156193857	24
-0.0444520453949799	0.874915515762286	24
0.066010955200841	0.913184807463847	6
0.122871801503524	0.577191008258668	24
0.0183885910418971	0.891369034784776	24
0.018682046687891	0.89073648086914	24
0.123817436289982	1.13814087423673	9
-0.04459587610723	0.874882532020824	9
0.060856765447748	0.734645723530448	9
0.102633505665751	0.940086363572764	9
0.097570795570497	1.2782934614296	10
-0.04446560025431	0.874951843477017	5
-0.00971391185688009	0.719096866699673	5
0.075473699605894	1.41758321370854	5
0.048489868525968	0.272461351367526	5
-0.00956173625136003	0.719582795507295	5
-0.06757087432184	1.02960559429657	5
0.102722484111155	0.939927270681426	5
-0.11459535646121	0.54087500274063	5
0.047755745628836	0.272799090918146	5
0.031966956155177	0.567023112730889	3
-0.11469972387002	0.540927932422351	3
0.04812307490303	0.272670624519378	359
0.122722619569568	0.577081252829866	23
-0.08438682576281	1.18431059237427	229
-0.0115346253436099	1.36445409058896	23
0.032690250305878	1.53769541484883	23
-0.11409385166674	0.540651439280993	23
0.047387879055768	0.272853156193857	23
-0.11384369426122	0.540061252740227	23
-0.11449125834891	0.540788176297302	23
0.048231954119922	0.27264192625531	23
0.048231954119922	0.27264192625531	23
0.048231954119922	0.27264192625531	16
0.048231954119922	0.27264192625531	342
0.061106971656411	0.734318770281423	6
0.032079229085774	0.56691647468837	151
0.018680518526093	0.890878556348043	6
0.048489868525968	0.272461351367526	24
0.068318140372424	1.09114737529994	24
-0.0674378070355801	1.02930498309819	24
-0.04437342022381	0.87478702664477	24
0.122722619569568	0.577081252829866	9
-0.00950067227012008	0.71944848988664	9
0.031966956155177	0.567023112730889	9
0.0609357763180281	0.734584867529678	9
0.122849567125542	0.577051214111517	10
0.122915077536795	0.577091573709713	115
0.04232724442387	1.23772945943506	52
-0.0673320781203299	1.02880172923917	10
-0.04459587610723	0.874882532020824	5
-0.1144886963805	0.541000350984738	5
0.048598433462579	0.272432782475208	5
0.047755745628836	0.272799090918146	404
0.048231954119922	0.27264192625531	217
0.031847247933781	0.567121503023109	5
0.032207023364778	0.566690506749215	5
0.048231954119922	0.27264192625531	3
0.047864940117501	0.272770263417896	5
0.047864940117501	0.272770263417896	5
0.047755745628836	0.272799090918146	23
0.048598433462579	0.272432782475208	23
-0.08099667555114	1.77383641025923	23
0.047864940117501	0.272770263417896	87
0.048598433462579	0.272432782475208	28
0.048231954119922	0.27264192625531	149
0.032191595406	0.566591842753788	149
-0.1144886963805	0.541000350984738	23
0.122871801503524	0.577191008258668	23
0.048489868525968	0.272461351367526	23
0.048598433462579	0.272432782475208	175
0.04812307490303	0.272670624519378	20
0.031727756362024	0.567172585007472	151
-0.00952368242224999	0.719592912783372	151
-0.11449125834891	0.540788176297302	151
-0.00952368242224999	0.719592912783372	151
-0.1146996213552	0.541121784175122	24
-0.00966077046648994	0.719307892669355	24
-0.11459571417205	0.540895302433044	24
-0.11469959880058	0.540907832368884	9
-0.1144886963805	0.541000350984738	9
-0.0444520453949799	0.874915515762286	9
0.04812307490303	0.272670624519378	9
-0.1143440462202	0.540707013154826	10
0.123682102336998	1.13860186848024	115
0.018600369215321	0.891065326956382	10
-0.00951606416000006	0.719470647168065	5
-0.00950067227012008	0.71944848988664	5
-0.0678610218807101	1.02942553692985	5
0.04812307490303	0.272670624519378	10
0.047755745628836	0.272799090918146	5
0.04812307490303	0.272670624519378	5
0.04812307490303	0.272670624519378	5
0.04812307490303	0.272670624519378	10
-0.03254460870432	1.94448247498359	10
0.032094549623495	0.566570214515686	5
0.031839735720063	0.567066206054291	5
-0.11394961846196	0.540358650867839	5
0.047864940117501	0.272770263417896	5
0.048231954119922	0.27264192625531	5
0.048231954119922	0.27264192625531	3
-0.1146996213552	0.541121784175122	359
-0.11409385166674	0.540651439280993	3
-0.11469959880058	0.540907832368884	23
0.048489868525968	0.272461351367526	23
0.122850887569758	0.577216000555005	229
-0.11423834940659	0.540537025048118	149
-0.11459571417205	0.540895302433044	149
0.047387879055768	0.272853156193857	23
0.048231954119922	0.27264192625531	23
0.048231954119922	0.27264192625531	16
0.047864940117501	0.272770263417896	30
0.122850887569758	0.577216000555005	78
0.11023362676084	0.758010794911154	6
0.047864940117501	0.272770263417896	6
-0.0970900475501299	1.33544414843131	6
-0.11469972387002	0.540927932422351	24
0.031727756362024	0.567172585007472	24
-0.11449125834891	0.540788176297302	9
-0.0447016488104299	0.875080672215587	9
-0.00959977615633001	0.719347916460793	9
-0.04438698797144	0.874823359724042	9
0.122871801503524	0.577191008258668	10
-0.0336175076704801	1.20000036554384	52
-0.01150112825717	1.36451584130126	10
0.110043187174885	0.758402852078309	10
0.122915077536795	0.577091573709713	10
-0.1145954954322	0.541089063658969	5
0.122830062903215	0.577203324418684	5
-0.1146996213552	0.541121784175122	5
0.032079229085774	0.56691647468837	5
0.123658783671944	1.13863240837444	5
0.031727756362024	0.567172585007472	10
0.0323118148547	0.566449087740737	10
0.122786734926908	0.577236204859608	5
-0.1144886963805	0.541000350984738	5
0.048598433462579	0.272432782475208	3
-0.1145954954322	0.541089063658969	5
-0.11423834940659	0.540537025048118	5
-0.1144886963805	0.541000350984738	5
0.048231954119922	0.27264192625531	5
0.047755745628836	0.272799090918146	131
0.12293750830751	0.576730565295779	3
-0.11449125834891	0.540788176297302	23
0.122871801503524	0.577191008258668	23
-0.0843661049894899	1.18424888419965	123
0.110210273924257	0.758188605908356	23
-0.11480389157877	0.541093044086259	16
0.048231954119922	0.27264192625531	30
0.061185884621858	0.734138351979046	78
-0.01080044173231	1.04596484450822	78
0.048231954119922	0.27264192625531	134
-0.1145954954322	0.541089063658969	6
-0.0096302871393199	0.719349342460465	6
-0.1144886963805	0.541000350984738	24
0.031615869941974	0.567051569300168	24
0.122871801503524	0.577191008258668	9
0.032079229085774	0.56691647468837	115
-0.00953121808197999	0.719538579271265	52
0.050424401981454	2.02356971518114	5
0.031615869941974	0.567051569300168	5
0.047864940117501	0.272770263417896	5
0.048489868525968	0.272461351367526	10
0.04812307490303	0.272670624519378	5
0.047864940117501	0.272770263417896	5
0.04812307490303	0.272670624519378	5
0.04812307490303	0.272670624519378	5
0.031839735720063	0.567066206054291	5
-0.1145954954322	0.541089063658969	5
-0.11480389157877	0.541093044086259	5
0.047755745628836	0.272799090918146	359
-0.11459535646121	0.54087500274063	3
0.061054552500399	0.733995339864422	3
0.060777717413549	0.734669327956872	3
-0.11459571417205	0.540895302433044	23
-0.0442948303691	0.874612671953292	23
-0.1143440462202	0.540707013154826	149
0.032071593233322	0.566690436445225	149
0.047755745628836	0.272799090918146	146
0.048489868525968	0.272461351367526	146
0.047755745628836	0.272799090918146	146
0.047864940117501	0.272770263417896	297
0.048489868525968	0.272461351367526	297
0.122871801503524	0.577191008258668	6
0.122765969326838	0.57722347245481	151
0.110126732547253	0.758353213221804	151
0.04812307490303	0.272670624519378	151
-0.0444384941634399	0.874753778962291	151
0.031727756362024	0.567172585007472	6
0.04812307490303	0.272670624519378	6
-0.11369961316531	0.540175728256294	6
0.033057202782908	1.0675801720725	24
-0.1144886963805	0.541000350984738	24
-0.0843661049894899	1.18424888419965	9
0.060922514554735	0.734512322363123	9
-0.04463646342788	0.874990427387679	52
0.0978228362738091	1.27782199085727	115
0.04245045366254	1.23759192745126	52
0.031727756362024	0.567172585007472	10
-0.0335717275230001	1.19984085753893	5
-0.11459571417205	0.540895302433044	5
0.047864940117501	0.272770263417896	5
0.122892804737198	0.577129826927392	217
0.031727756362024	0.567172585007472	10
0.031966956155177	0.567023112730889	5
0.047864940117501	0.272770263417896	5
0.047755745628836	0.272799090918146	5
-0.1144886963805	0.541000350984738	3
-0.11423834940659	0.540537025048118	5
-0.11355579595234	0.53988363364333	5
0.032079229085774	0.56691647468837	3
-0.04434629561867	0.874227830580801	23
0.047755745628836	0.272799090918146	23
0.031966956155177	0.567023112730889	23
0.047387879055768	0.272853156193857	247
0.048231954119922	0.27264192625531	23
0.048489868525968	0.272461351367526	23
-0.11459571417205	0.540895302433044	297
0.102826391579342	0.938851421595375	6
0.031720314122376	0.567057194652099	151
0.031839735720063	0.567066206054291	151
0.060856765447748	0.734645723530448	151
-0.0110513300666999	1.04678228127872	6
0.047864940117501	0.272770263417896	6
-0.00952368242224999	0.719592912783372	9
0.032996485716648	1.06761328279377	52
-0.1144886963805	0.541000350984738	52
0.122871801503524	0.577191008258668	52
0.122936050643944	0.577066528922155	10
0.122786734926908	0.577236204859608	5
0.066300013428533	0.91330480517364	5
0.04812307490303	0.272670624519378	5
0.048598433462579	0.272432782475208	5
0.047497389810397	0.272824202108595	217
0.08141073758174	2.34014663879495	5
-0.06757087432184	1.02960559429657	3
0.0658599759831871	0.914098152341415	5
-0.1144886963805	0.541000350984738	5
0.048231954119922	0.27264192625531	5
-0.11469959880058	0.540907832368884	3
0.048489868525968	0.272461351367526	23
0.122915077536795	0.577091573709713	23
0.048598433462579	0.272432782475208	247
0.047387879055768	0.272853156193857	98
0.04812307490303	0.272670624519378	175
0.047755745628836	0.272799090918146	146
0.031966956155177	0.567023112730889	146
0.031615869941974	0.567051569300168	297
0.031490226713548	0.567020696167977	297
0.122936050643944	0.577066528922155	151
-0.0676493547222801	1.02971956899807	151
0.047755745628836	0.272799090918146	151
-0.00939409998832996	0.719191379540725	151
-0.1143440462202	0.540707013154826	151
-0.0843007427131801	1.18416297802057	6
0.077348264017411	1.74440366831802	24
0.0681880344578319	1.09133812448806	24
-0.01114048197009	1.36340409102329	9
-0.00958459475678008	0.719552722677059	52
0.102069042888084	0.939844222374839	10
-0.0258040600520699	1.50556638685916	5
0.047864940117501	0.272770263417896	5
0.122892804737198	0.577129826927392	5
-0.11459535646121	0.54087500274063	5
-0.01120058538935	1.04695271671224	5
0.032751522829547	1.06819642967814	3
-0.00942463255137005	0.719335114329613	23
0.048231954119922	0.27264192625531	87
0.031839735720063	0.567066206054291	23
0.031727756362024	0.567172585007472	16
0.047755745628836	0.272799090918146	16
0.110210273924257	0.758188605908356	146
0.047387879055768	0.272853156193857	6
-0.11459535646121	0.54087500274063	6
0.00244344441962296	1.8212253375789	6
0.0323118148547	0.566449087740737	151
-0.1145954954322	0.541089063658969	24
-0.1145954954322	0.541089063658969	6
0.00771123535373697	1.21818590462679	24
0.068318140372424	1.09114737529994	10
0.114407140344994	2.09940808138322	5
0.061264760359251	0.73390564546803	10
0.048598433462579	0.272432782475208	150
-0.0722472549939901	1.63339788193192	10
0.059369453164718	1.7211263912829	10
-0.11409385166674	0.540651439280993	5
-0.00955415243894997	0.719594277702576	5
-0.0842115976406601	1.18386588923938	5
0.032191595406	0.566591842753788	5
0.031839735720063	0.567066206054291	5
-0.00949318472380001	0.719548716819513	3
0.122828533793664	0.577150150243609	23
0.0978970308950809	1.1151620722002	6
0.066218519321411	0.913531824301823	151
-0.00956173625136003	0.719582795507295	151
0.031959373972186	0.567014988604947	151
-0.0975062813766701	1.33629196450453	6
0.031839735720063	0.567066206054291	35
0.047864940117501	0.272770263417896	6
0.047755745628836	0.272799090918146	6
-0.11469959880058	0.540907832368884	6
-0.01113506903312	1.04692897665662	24
-0.00958459475678008	0.719552722677059	24
-0.10661285918559	1.48391142432305	115
-0.0950526100206099	2.05726628600688	52
0.032751522829547	1.06819642967814	52
-0.00876031306115999	1.66018281768268	52
0.060830265308043	0.734302350012981	217
0.122873399258265	0.577023179258317	5
-0.04437342022381	0.87478702664477	5
0.0608700095575661	0.734614739532522	3
0.032079229085774	0.56691647468837	5
-0.11409385166674	0.540651439280993	208
0.047497389810397	0.272824202108595	208
0.047755745628836	0.272799090918146	5
0.032199301264988	0.566773743831677	5
-0.0445307058590401	0.875000983365389	5
0.032199301264988	0.566773743831677	3
-0.1144886963805	0.541000350984738	312
0.032086881231415	0.566880494409038	23
0.122786734926908	0.577236204859608	16
-0.11469959880058	0.540907832368884	146
0.031966956155177	0.567023112730889	297
0.048231954119922	0.27264192625531	297
0.122830062903215	0.577203324418684	297
0.047864940117501	0.272770263417896	6
-0.1145954954322	0.541089063658969	6
-0.0675964565840099	1.02968138226897	6
-0.1144886963805	0.541000350984738	151
-0.01109200987748	1.04692438485415	151
0.110186921419238	0.758273976852272	6
0.061120252841419	0.734185107924619	35
0.047387879055768	0.272853156193857	35
0.031966956155177	0.567023112730889	24
0.066215142670211	0.913499728136811	24
0.031727756362024	0.567172585007472	313
0.076530106599063	1.58012234451696	10
0.07664372294357	1.57987584562842	10
-0.01122121898675	1.0470081680928	10
-0.03385659856149	1.20019023313274	5
0.123661098743887	1.13858345641386	3
0.122957113106258	0.577005310114962	5
0.072206057482589	1.25743917810406	3
-0.04454424783783	0.875037302287801	23
0.066007843702619	0.914003033691674	149
0.032086881231415	0.566880494409038	16
0.031966956155177	0.567023112730889	16
0.110103382513894	0.758357339826199	151
0.110113231896788	0.758135516388884	151
0.018414326479441	0.891246435034977	6
-0.0111769055397299	1.04693867028586	6
-0.00939409998832996	0.719191379540725	6
0.102502862637504	0.940217754935799	6
0.122915077536795	0.577091573709713	6
0.122871801503524	0.577191008258668	24
0.109982983249307	0.758414603504005	24
0.03185477649666	0.566902385585879	44
0.119611443868231	1.30006219651883	52
0.110785649167118	1.63043416497434	52
0.09459818580558	1.6049499729463	10
0.122828533793664	0.577150150243609	217
0.096583989135799	1.43950665457699	217
-0.0335717275230001	1.19984085753893	5
0.048489868525968	0.272461351367526	3
0.060790947849236	0.734638357608288	5
0.12300033719795	0.576773649682754	5
0.122722619569568	0.577081252829866	5
0.110163569243204	0.758278106424201	5
-0.00953867129288	0.719213659450249	3
-0.00945513744605009	0.719425138137918	23
-0.1145954954322	0.541089063658969	23
0.122830062903215	0.577203324418684	149
-0.00952368242224999	0.719592912783372	23
-0.00949318472380001	0.719548716819513	23
-0.04471516867313	0.874990540305417	16
0.06068541149692	0.734581157638396	6
-0.00950067227012008	0.71944848988664	35
-0.00948561465469999	0.719469300354575	35
-0.00956173625136003	0.719582795507295	6
-0.06772956796868	1.0297201300256	24
0.03185477649666	0.566902385585879	24
0.11512071400647	1.46294167173908	52
0.0222281751937941	1.38029739757137	5
0.031959373972186	0.567014988604947	150
0.031847247933781	0.567121503023109	217
0.050942738571668	1.39788853136469	217
-0.0841255560090199	1.18370102376939	10
0.060856765447748	0.734645723530448	5
0.110080032811791	0.758268439784129	5
0.047387879055768	0.272853156193857	3
-0.0443219952901699	0.87455898053866	5
0.110089883315592	0.75831334866461	5
-0.0096302871393199	0.719349342460465	3
-0.05066332544332	1.34930127545276	23
0.110019839610098	0.758313948686625	23
0.102440615115746	0.940255157185055	149
0.018494495669324	0.891295148402178	149
0.122936050643944	0.577066528922155	23
0.0609357763180281	0.734584867529678	16
0.031951808133683	0.566741793143772	35
-0.0676237647283999	1.02968638703922	6
-0.0842354030835699	1.18403381258987	24
0.119469390891177	1.30049005460688	5
-0.0336175076704801	1.20000036554384	10
-0.11459571417205	0.540895302433044	5
0.060962287922118	0.734420173128497	5
0.047497389810397	0.272824202108595	3
0.00768966678262595	1.218188779409	5
0.00750165282099602	1.21868572613769	3
0.007761779821717	1.21796248219116	23
0.032214761658003	0.566320089561136	23
0.060922514554735	0.734512322363123	23
0.110186921419238	0.758273976852272	23
0.122786734926908	0.577236204859608	23
0.031496758217042	0.567042315970506	23
0.060764483006036	0.73459676282174	16
-0.00935607972878993	0.718851991772044	16
-0.04446560025431	0.874951843477017	16
0.060804174313783	0.734504686788496	16
-0.00946265936106006	0.719458642516027	16
-0.04446560025431	0.874951843477017	297
0.110247101668791	0.758159798405766	297
-0.0675964565840099	1.02968138226897	6
0.032904383029822	1.06800777077185	151
-0.01085947296921	1.0462914439344	151
0.123546770082781	1.138640728954	6
-0.11480398571088	0.54087926587085	35
0.122786734926908	0.577236204859608	35
0.032904383029822	1.06800777077185	6
0.061185884621858	0.734138351979046	6
-0.1146996213552	0.541121784175122	24
0.12412416239631	1.81675651748884	10
-0.0631265344027501	1.49400335144429	10
0.01833562708671	0.891348219855638	5
-0.04437342022381	0.87478702664477	5
0.031966956155177	0.567023112730889	5
0.110270456321804	0.758074443440553	5
0.068086804482226	1.09139785801806	23
-0.0674395552152001	1.02896072052952	23
-0.04454424783783	0.875037302287801	23
-0.0338821521412001	1.20028548040552	23
0.061172585768852	0.734169359590649	23
0.042321973761406	1.23797261405448	23
-0.0109037146347	1.04650903893007	151
0.061028021479132	0.734455823851989	151
-0.00953867129288	0.719213659450249	24
0.102832093608003	0.939448099990635	24
0.0169863624087641	1.67809709798944	10
0.018653294319131	0.890885888045407	217
0.00748752104880102	1.21852835493637	217
0.00753062705021101	1.21869653416016	217
0.032725584642066	1.06811368328866	5
0.00748008073029605	1.21876243070717	5
0.122871801503524	0.577191008258668	5
0.042566233112678	1.23685394718304	3
0.061199179498226	0.734004736031384	5
-0.0111769055397299	1.04693867028586	23
-0.0675162554853099	1.0294800228211	312
0.061028021479132	0.734455823851989	23
0.031839735720063	0.567066206054291	16
-0.00948561465469999	0.719469300354575	16
0.018574659801723	0.891193190806152	6
0.066026654597668	0.913944086266714	151
0.007422127556454	1.21863519883637	151
0.065985814116982	0.914054579689335	151
0.032079229085774	0.56691647468837	24
0.122894193752737	0.577078965683136	24
0.0611465367465041	0.733825797972998	24
-0.00951606416000006	0.719470647168065	24
0.060856765447748	0.734645723530448	313
0.122850887569758	0.577216000555005	44
0.110043187174885	0.758402852078309	217
-0.11409385166674	0.540651439280993	5
0.018680518526093	0.890878556348043	5
-0.0112418576936999	1.04696151548129	23
-0.01120058538935	1.04695271671224	23
0.060909248816591	0.734241533691457	23
0.110043187174885	0.758402852078309	23
0.122830062903215	0.577203324418684	98
-0.06772956796868	1.0297201300256	149
0.061041288976964	0.734322134192378	16
-0.00945513744605009	0.719425138137918	23
0.06609277487246	0.913789457162529	6
-0.06754356591929	1.02960059011662	6
-0.0674906827344	1.02947600253339	6
-0.01094434495271	1.04663097728092	6
0.031615869941974	0.567051569300168	35
-0.00949318472380001	0.719548716819513	35
0.032199301264988	0.566773743831677	24
0.066237218885544	0.913535369249191	24
0.061093686495544	0.734349776969803	44
0.047387879055768	0.272853156193857	217
0.097670434675978	1.27762543831193	217
-0.11755285147454	1.76549174959708	217
0.048489868525968	0.272461351367526	5
-0.00955415243894997	0.719594277702576	3
0.04232724442387	1.23772945943506	5
0.033143717509046	1.06715893034372	5
-0.00956923753491989	0.719303703505991	3
0.110029675150969	0.758325108616574	23
0.122681295519488	0.577012560144428	23
0.031847247933781	0.567121503023109	23
0.066111561791409	0.913869462420194	23
0.060962287922118	0.734420173128497	23
-0.0446229306980801	0.875080562846637	23
0.066193061876097	0.913357429235738	23
0.061251598364894	0.733936477959649	23
-0.04446560025431	0.874951843477017	98
0.110043187174885	0.758402852078309	98
0.110163569243204	0.758278106424201	149
0.060909248816591	0.734241533691457	16
-0.0442948303691	0.874612671953292	16
0.102850098356703	0.93946085437114	6
0.061159282938835	0.734096925613319	6
-0.11394961846196	0.540358650867839	6
0.061093686495544	0.734349776969803	151
0.047864940117501	0.272770263417896	24
-0.0257044734409899	1.50528829502695	52
-0.00944753293435996	0.719129583406553	10
-0.09734920201165	1.33569273781561	10
0.065941741208157	0.913876341257033	5
-0.0504966277002199	1.34894689723225	5
-0.12253165267419	1.90204816701128	5
0.048489868525968	0.272461351367526	5
0.048489868525968	0.272461351367526	3
0.031974554636492	0.56675996581703	3
0.032079229085774	0.56691647468837	23
0.018414326479441	0.891246435034977	16
0.033123476720764	1.06735759628624	6
0.048489868525968	0.272461351367526	6
0.047387879055768	0.272853156193857	151
-0.1144886963805	0.541000350984738	151
-0.00952368242224999	0.719592912783372	35
-0.0447939091537699	0.874944528103677	35
-0.0337243033016801	1.20004770280729	35
-0.1145954954322	0.541089063658969	24
0.0609881951343571	0.734143578649317	44
0.066322095586219	0.913253237878811	5
0.056245617531282	1.55737141185117	217
0.01852171877891	0.89128782209467	217
0.04812307490303	0.272670624519378	5
0.032071593233322	0.566690436445225	5
-0.08434538913818	1.18406953562115	5
0.047755745628836	0.272799090918146	23
-0.0674378070355801	1.02930498309819	149
-0.06757087432184	1.02960559429657	149
0.110270456321804	0.758074443440553	6
0.032191595406	0.566591842753788	151
-0.1144886963805	0.541000350984738	35
0.047497389810397	0.272824202108595	6
0.102547440184871	0.940260218229084	35
0.102636452853247	0.940008480427255	24
-0.01098857513235	1.0466444883025	52
0.068108536371283	1.09128536857297	5
-0.0676220447934699	1.02959898870171	10
-0.0442948303691	0.874612671953292	10
-0.0336175076704801	1.20000036554384	5
-0.00946265936106006	0.719458642516027	5
0.060856765447748	0.734645723530448	3
0.061093686495544	0.734349776969803	23
0.032079229085774	0.56691647468837	23
0.047755745628836	0.272799090918146	322
0.047864940117501	0.272770263417896	23
0.047864940117501	0.272770263417896	23
0.048231954119922	0.27264192625531	340
0.047864940117501	0.272770263417896	23
0.102873722301616	0.939502079698032	98
0.01833562708671	0.891348219855638	23
0.066111561791409	0.913869462420194	23
-0.01100712019044	1.0467688034003	23
0.122850887569758	0.577216000555005	23
0.060962287922118	0.734420173128497	6
0.03243225177931	0.566259034919588	151
0.122850887569758	0.577216000555005	151
0.018520214845332	0.891095845361931	35
-0.1143440462202	0.540707013154826	35
-0.1144886963805	0.541000350984738	44
0.077528938951411	1.74320700890352	52
0.11059450891371	1.95134713487432	52
0.122892804737198	0.577129826927392	5
0.022184033488774	1.38024276731453	10
-0.0676510708407601	1.02955906828335	217
-0.04447915874277	0.874861737721261	5
0.048231954119922	0.27264192625531	5
0.048489868525968	0.272461351367526	3
0.06609277487246	0.913789457162529	5
0.122724705619511	0.577053836575578	5
0.122936050643944	0.577066528922155	5
0.122915077536795	0.577091573709713	23
0.065966939937158	0.913903875523373	23
0.122957113106258	0.577005310114962	23
0.01862911271523	0.890871592352123	98
-0.00948561465469999	0.719469300354575	98
0.032191595406	0.566591842753788	98
0.06816630737094	1.09139188343664	23
0.0609357763180281	0.734584867529678	23
-0.11409385166674	0.540651439280993	6
0.048231954119922	0.27264192625531	240
0.04812307490303	0.272670624519378	151
0.032199301264988	0.566773743831677	151
0.122979304866702	0.576798736351056	6
0.048231954119922	0.27264192625531	35
0.047864940117501	0.272770263417896	207
0.048231954119922	0.27264192625531	207
0.047864940117501	0.272770263417896	54
0.031959373972186	0.567014988604947	24
0.048231954119922	0.27264192625531	156
0.032858281451982	1.06801105527549	52
0.021833289010836	2.14246688461357	5
0.122871801503524	0.577191008258668	5
0.01854743633026	0.891200517436491	5
0.102440615115746	0.940255157185055	10
0.048231954119922	0.27264192625531	5
0.04812307490303	0.272670624519378	3
-0.11394961846196	0.540358650867839	3
0.031966956155177	0.567023112730889	5
0.110056683438365	0.757988708239315	3
0.048231954119922	0.27264192625531	23
0.018815121846475	0.889884369532945	23
0.048598433462579	0.272432782475208	14
-0.1145954954322	0.541089063658969	340
0.031974554636492	0.56675996581703	14
0.032079229085774	0.56691647468837	14
0.061159282938835	0.734096925613319	23
-0.11469959880058	0.540907832368884	240
0.098135621432704	1.11477501209057	35
0.061080397358425	0.734277294146734	35
0.03185477649666	0.566902385585879	35
-0.1144886963805	0.541000350984738	35
-0.03348528044262	1.19961266473414	35
-0.0108631309492999	1.04623996533236	207
-0.11449125834891	0.540788176297302	207
0.031959373972186	0.567014988604947	207
0.018520214845332	0.891095845361931	196
0.048231954119922	0.27264192625531	156
0.042283337808234	1.23812382734132	10
0.122745292903087	0.577167546274364	5
0.031959373972186	0.567014988604947	5
-0.00944753293435996	0.719129583406553	5
0.122809327469738	0.577147451985876	5
-0.0972470238215	1.33568001013183	3
-0.1145954954322	0.541089063658969	23
0.110150082914474	0.758267834539312	23
-0.00958459475678008	0.719552722677059	23
-0.11459535646121	0.54087500274063	23
0.060949034106964	0.734553872901206	23
-0.1146996213552	0.541121784175122	23
0.031847247933781	0.567121503023109	23
-0.11423834940659	0.540537025048118	23
0.04812307490303	0.272670624519378	14
0.031847247933781	0.567121503023109	340
0.061106971656411	0.734318770281423	98
-0.00961500935902992	0.719465002182	98
0.110260560606779	0.757923214285955	23
-0.1145954954322	0.541089063658969	6
0.047864940117501	0.272770263417896	6
0.048231954119922	0.27264192625531	6
0.122892804737198	0.577129826927392	35
0.018468769989692	0.891343802585796	35
-0.1144886963805	0.541000350984738	6
0.122850887569758	0.577216000555005	35
0.018176688725584	0.89102352226532	35
-0.11423834940659	0.540537025048118	207
0.047755745628836	0.272799090918146	207
0.047864940117501	0.272770263417896	196
-0.10639706176029	1.48319475526606	52
0.018626072092205	0.890781296672914	5
-0.1144886963805	0.541000350984738	5
-0.08432147431859	1.18422470011317	217
0.122786734926908	0.577236204859608	5
0.032950451150972	1.06787771696256	5
0.048489868525968	0.272461351367526	5
0.00727790394579897	1.21864750660147	5
0.098130427993526	1.11456661895987	5
-0.01122278980938	1.36404557595975	5
0.122936050643944	0.577066528922155	5
-0.0676493547222801	1.02971956899807	3
0.032086881231415	0.566880494409038	23
0.047755745628836	0.272799090918146	14
0.032207023364778	0.566690506749215	14
-0.11480387759856	0.540899159478976	23
0.122827490471234	0.576553485674759	23
0.031966956155177	0.567023112730889	98
0.031727756362024	0.567172585007472	23
0.110126732547253	0.758353213221804	6
-0.11459535646121	0.54087500274063	6
-0.1145954954322	0.541089063658969	6
0.122830062903215	0.577203324418684	429
-0.1144886963805	0.541000350984738	35
0.110103382513894	0.758357339826199	35
0.122958361914198	0.576786214582943	35
0.110186921419238	0.758273976852272	35
0.018574659801723	0.891193190806152	35
0.047864940117501	0.272770263417896	207
0.122701912984862	0.577068484962905	207
-0.1146996213552	0.541121784175122	207
0.047755745628836	0.272799090918146	196
0.110066535075841	0.758398727133385	54
0.032199301264988	0.566773743831677	44
0.00761014885896605	1.21850920142598	10
0.047864940117501	0.272770263417896	3
0.048231954119922	0.27264192625531	3
0.047755745628836	0.272799090918146	5
-0.00955415243894997	0.719594277702576	3
0.048489868525968	0.272461351367526	14
0.048598433462579	0.272432782475208	14
0.047864940117501	0.272770263417896	170
0.12280758973809	0.577211271023757	340
0.031727756362024	0.567172585007472	14
0.122871801503524	0.577191008258668	14
0.031966956155177	0.567023112730889	23
-0.0446746199444299	0.87488269178405	98
-0.00962268959251	0.719542660462454	98
0.122871801503524	0.577191008258668	23
-0.0675964565840099	1.02968138226897	23
0.031847247933781	0.567121503023109	23
0.032086881231415	0.566880494409038	6
0.047497389810397	0.272824202108595	6
0.060949034106964	0.734553872901206	35
0.060949034106964	0.734553872901206	35
0.048489868525968	0.272461351367526	196
0.050932312981091	1.39769860437783	52
0.066362785283348	0.913023346162497	5
0.102808509665419	0.939727088354476	5
0.102766901950977	0.939673038658141	5
0.048231954119922	0.27264192625531	14
0.048231954119922	0.27264192625531	170
-0.00956923753491989	0.719303703505991	23
0.018601885262457	0.89108804281965	23
0.122701912984862	0.577068484962905	6
0.048231954119922	0.27264192625531	6
-0.1143440462202	0.540707013154826	35
0.048231954119922	0.27264192625531	6
0.110317166610566	0.757530584352461	6
-0.01106991729155	1.04686660568732	54
0.04812307490303	0.272670624519378	207
0.047864940117501	0.272770263417896	196
-0.11480398571088	0.54087926587085	196
0.122871801503524	0.577191008258668	24
0.047864940117501	0.272770263417896	44
0.047864940117501	0.272770263417896	44
-0.00955415243894997	0.719594277702576	44
0.098146128569227	1.114845139633	5
-0.07257917492974	1.63414308281956	5
-0.0844521998383301	1.18435363304479	10
-0.0108815915949201	1.04645124106137	5
-0.0676237647283999	1.02968638703922	5
-0.0096302871393199	0.719349342460465	5
0.048231954119922	0.27264192625531	3
-0.04422986940011	0.874422999949284	5
-0.01109200987748	1.04692438485415	5
-0.04446560025431	0.874951843477017	3
-0.00942463255137005	0.719335114329613	130
-0.00952368242224999	0.719592912783372	23
0.04812307490303	0.272670624519378	170
0.031959373972186	0.567014988604947	85
-0.00949318472380001	0.719548716819513	429
-0.0443219952901699	0.87455898053866	35
-0.11459571417205	0.540895302433044	35
0.065878854445562	0.913915921489835	207
-0.1143440462202	0.540707013154826	207
0.048489868525968	0.272461351367526	196
-0.00949318472380001	0.719548716819513	44
-0.0421095051779099	2.08846990068665	52
-0.0505042520498	1.34897621644971	5
0.060764483006036	0.73459676282174	5
0.04812307490303	0.272670624519378	3
-0.00950067227012008	0.71944848988664	5
0.018574659801723	0.891193190806152	5
0.032319590710896	0.566583655563607	3
-0.0675179913994	1.02948100786859	3
0.102461369032137	0.940323696699579	3
0.01865481887587	0.890952875697173	23
0.048489868525968	0.272461351367526	14
0.110076368438553	0.757781106680667	169
-0.1144886963805	0.541000350984738	169
-0.00952368242224999	0.719592912783372	169
0.12280758973809	0.577211271023757	23
-0.00956173625136003	0.719582795507295	98
-0.0842354030835699	1.18403381258987	23
-0.11459571417205	0.540895302433044	85
0.048598433462579	0.272432782475208	6
0.047864940117501	0.272770263417896	6
0.122892804737198	0.577129826927392	429
0.0609357763180281	0.734584867529678	6
0.060949034106964	0.734553872901206	35
0.047497389810397	0.272824202108595	6
0.110186921419238	0.758273976852272	35
0.061185884621858	0.734138351979046	207
-0.11449125834891	0.540788176297302	196
-0.1146996213552	0.541121784175122	196
-0.00956173625136003	0.719582795507295	44
-0.11449125834891	0.540788176297302	156
-0.10561759021501	2.34413319338914	5
0.031727756362024	0.567172585007472	5
0.032086881231415	0.566880494409038	5
-0.11480389157877	0.541093044086259	3
0.066133612393815	0.913817896990738	5
0.060843517364767	0.734573163138473	3
-0.0112418576936999	1.04696151548129	14
0.110344077545518	0.757817202440817	23
0.122873399258265	0.577023179258317	23
0.0323118148547	0.566449087740737	23
0.060975537764048	0.734093335797519	23
0.068505987297412	1.09031551747251	85
0.122915077536795	0.577091573709713	6
-0.0107561505840501	1.04595121918338	6
-0.00945513744605009	0.719425138137918	35
0.01833562708671	0.891348219855638	35
0.102547440184871	0.940260218229084	35
0.122830062903215	0.577203324418684	207
0.048231954119922	0.27264192625531	207
0.060790947849236	0.734638357608288	44
0.031615869941974	0.567051569300168	156
0.060777717413549	0.734669327956872	5
-0.00952368242224999	0.719592912783372	5
-0.0334649347520599	1.19949733873006	5
0.018520214845332	0.891095845361931	5
-0.00950067227012008	0.71944848988664	5
-0.00959222676060989	0.719584185538748	5
-0.0675179913994	1.02948100786859	3
-0.0335920714567599	1.19974411881959	23
-0.04446560025431	0.874951843477017	170
0.066007843702619	0.914003033691674	169
0.0609357763180281	0.734584867529678	23
-0.06754356591929	1.02960059011662	23
0.122978264954337	0.576906289496621	23
0.122724705619511	0.577053836575578	6
-0.0447016488104299	0.875080672215587	6
0.122892804737198	0.577129826927392	85
0.032079229085774	0.56691647468837	85
-0.0444384941634399	0.874753778962291	6
0.12280758973809	0.577211271023757	207
0.031966956155177	0.567023112730889	196
0.032079229085774	0.56691647468837	196
0.122936050643944	0.577066528922155	44
0.047755745628836	0.272799090918146	5
0.102678018662703	0.940062642864547	5
-0.00958459475678008	0.719552722677059	5
0.047497389810397	0.272824202108595	3
-0.04446560025431	0.874951843477017	5
0.110066535075841	0.758398727133385	3
0.066196462785352	0.913670596019875	130
0.109982983249307	0.758414603504005	130
0.066007843702619	0.914003033691674	23
0.048231954119922	0.27264192625531	14
-0.1144886963805	0.541000350984738	170
0.110066535075841	0.758398727133385	23
-0.0842354030835699	1.18403381258987	23
-0.00952368242224999	0.719592912783372	6
-0.04447915874277	0.874861737721261	85
0.032191595406	0.566591842753788	85
-0.1144886963805	0.541000350984738	85
-0.0841255560090199	1.18370102376939	118
-0.1144886963805	0.541000350984738	35
-0.0676237647283999	1.02968638703922	35
-0.04454424783783	0.875037302287801	35
0.0317352150006121	0.567000612677095	207
-0.11449125834891	0.540788176297302	54
-0.1145954954322	0.541089063658969	196
-0.11480389157877	0.541093044086259	156
0.032086881231415	0.566880494409038	156
-0.11480389157877	0.541093044086259	156
0.060804174313783	0.734504686788496	10
0.047864940117501	0.272770263417896	3
0.060764483006036	0.73459676282174	5
-0.1144886963805	0.541000350984738	14
0.12300033719795	0.576773649682754	169
-0.11394961846196	0.540358650867839	169
-0.04438698797144	0.874823359724042	23
-0.00955415243894997	0.719594277702576	23
0.122936050643944	0.577066528922155	98
-0.0444927208617201	0.874529546850024	98
0.065963779951847	0.914018836599402	23
-0.0674378070355801	1.02930498309819	23
-0.00949318472380001	0.719548716819513	23
0.10252360232716	0.94004315172749	85
-0.04447915874277	0.874861737721261	118
0.102571195461337	0.940123855262361	118
0.066193061876097	0.913357429235738	35
-0.11449125834891	0.540788176297302	54
-0.11355579595234	0.53988363364333	54
0.018415813439741	0.891361705052936	44
0.047755745628836	0.272799090918146	156
0.075442128629356	1.41761585390513	52
0.032639017798224	1.06821227333676	5
-0.0447016488104299	0.875080672215587	10
-0.11480398571088	0.54087926587085	5
-0.0974402803622201	1.33626237931806	23
0.0609357763180281	0.734584867529678	14
0.048598433462579	0.272432782475208	170
-0.11469972387002	0.540927932422351	170
0.048231954119922	0.27264192625531	170
0.12280758973809	0.577211271023757	169
0.060856765447748	0.734645723530448	23
-0.0842354030835699	1.18403381258987	23
0.122978264954337	0.576906289496621	23
0.032191595406	0.566591842753788	85
0.031966956155177	0.567023112730889	118
-0.11459571417205	0.540895302433044	35
-0.03348528044262	1.19961266473414	35
-0.0442948303691	0.874612671953292	44
0.031615869941974	0.567051569300168	44
-0.01128984454058	1.36434645967255	10
-0.0674360593176	1.02910344958402	5
0.098184742272744	1.11462691895282	5
-0.0444005593508501	0.874733287180993	5
0.122786734926908	0.577236204859608	5
0.047387879055768	0.272853156193857	5
0.048598433462579	0.272432782475208	5
0.061172585768852	0.734169359590649	5
0.066007843702619	0.914003033691674	5
-0.11423834940659	0.540537025048118	5
0.122915077536795	0.577091573709713	23
0.061185884621858	0.734138351979046	23
0.110006329028242	0.758410478909053	85
0.110103382513894	0.758357339826199	85
-0.11480389157877	0.541093044086259	6
0.048489868525968	0.272461351367526	6
-0.04424346658303	0.87433303486305	118
0.031720314122376	0.567057194652099	35
-0.1144886963805	0.541000350984738	54
-0.1146996213552	0.541121784175122	44
0.047387879055768	0.272853156193857	156
0.07443650970199	2.19535155395476	10
0.122850887569758	0.577216000555005	10
-0.0443084110125001	0.874649006739739	10
0.018415813439741	0.891361705052936	10
-0.00950067227012008	0.71944848988664	5
0.060949034106964	0.734553872901206	5
0.048231954119922	0.27264192625531	3
-0.0337497983296899	1.20022282333808	5
0.110223747339957	0.758163932303549	5
0.122979304866702	0.576798736351056	5
-0.01109200987748	1.04692438485415	5
0.018600369215321	0.891065326956382	5
0.122871801503524	0.577191008258668	5
-0.0447668987624801	0.874998371336222	14
0.048231954119922	0.27264192625531	170
-0.0673576276052099	1.02896241203675	169
0.060843517364767	0.734573163138473	23
-0.00944753293435996	0.719129583406553	23
0.122764300237126	0.576995364187196	23
0.0609881951343571	0.734143578649317	85
0.122701912984862	0.577068484962905	85
-0.01106991729155	1.04686660568732	85
0.031959373972186	0.567014988604947	353
0.031615869941974	0.567051569300168	6
0.122894193752737	0.577078965683136	6
0.122681295519488	0.577012560144428	6
0.018545927487861	0.890626361593795	118
-0.00959222676060989	0.719584185538748	35
0.032327382754399	0.566440097305884	35
0.122850887569758	0.577216000555005	35
0.110126732547253	0.758353213221804	35
-0.0445577934429899	0.874947175637136	35
0.122765969326838	0.57722347245481	35
0.061080397358425	0.734277294146734	35
-0.0488492539251799	1.78582478922194	52
0.068159156906471	1.0912383276251	5
-0.00962268959251	0.719542660462454	5
-0.1144886963805	0.541000350984738	5
-0.0842354030835699	1.18403381258987	283
0.061199179498226	0.734004736031384	5
0.061001474558287	0.734414306613764	5
-0.11449125834891	0.540788176297302	170
0.061041288976964	0.734322134192378	14
0.032199301264988	0.566773743831677	23
0.0609357763180281	0.734584867529678	98
-0.06770226032767	1.02971511897472	23
0.018653294319131	0.890885888045407	6
-0.00950067227012008	0.71944848988664	85
-0.11449125834891	0.540788176297302	6
0.031615869941974	0.567051569300168	118
0.066029868707851	0.913864241707956	35
0.018256897283601	0.891173339213407	35
0.048231954119922	0.27264192625531	35
0.12280758973809	0.577211271023757	35
0.047864940117501	0.272770263417896	44
-0.0805684343552899	1.77331076119525	10
0.123593427743363	1.13861050970406	10
0.079409387200494	1.90779192074421	5
-0.0845383005732801	1.18429735969941	5
-0.0444520453949799	0.874915515762286	5
0.0661556584154081	0.913679106263852	5
0.122936050643944	0.577066528922155	202
-0.00945513744605009	0.719425138137918	5
-0.09726745476458	1.33593267607984	5
0.0323118148547	0.566449087740737	5
0.060949034106964	0.734553872901206	5
0.122745292903087	0.577167546274364	5
0.122722619569568	0.577081252829866	23
-0.0445036327747099	0.874441664820524	23
0.03185477649666	0.566902385585879	14
0.018361370640517	0.89126434873263	6
0.122913897302031	0.57703082808025	169
0.032079229085774	0.56691647468837	23
0.122873399258265	0.577023179258317	23
0.122892804737198	0.577129826927392	6
-0.00953121808197999	0.719538579271265	85
0.122935079227786	0.576888285316872	118
0.061014750006396	0.734486826092846	35
0.032079229085774	0.56691647468837	35
-0.1146996213552	0.541121784175122	54
-0.11459535646121	0.54087500274063	196
0.122916744012362	0.576617221119818	54
0.122828533793664	0.577150150243609	357
0.031959373972186	0.567014988604947	44
0.042244710472197	1.23818838192643	5
0.048231954119922	0.27264192625531	5
0.031966956155177	0.567023112730889	5
0.061093686495544	0.734349776969803	5
0.122849567125542	0.577051214111517	5
0.061014750006396	0.734486826092846	5
0.110307273273172	0.75800789084331	5
-0.00957687999319989	0.719341383679869	5
-0.00949318472380001	0.719548716819513	3
0.122892804737198	0.577129826927392	23
-0.01094434495271	1.04663097728092	23
0.048231954119922	0.27264192625531	170
0.060922514554735	0.734512322363123	23
0.110186921419238	0.758273976852272	98
0.0609357763180281	0.734584867529678	23
0.031727756362024	0.567172585007472	6
0.122957113106258	0.577005310114962	85
-0.00950836314294001	0.719089409895543	77
-0.0111362082825699	1.04671084251534	118
0.110066535075841	0.758398727133385	118
-0.0447668987624801	0.874998371336222	6
0.047387879055768	0.272853156193857	35
-0.09741985758335	1.33624984776813	35
-0.04422986940011	0.874422999949284	35
-0.04408651531532	0.873666898173181	54
-0.11394961846196	0.540358650867839	44
-0.1145954954322	0.541089063658969	44
0.033012979690721	1.53681769853002	9
0.099636716860013	2.08181935993182	52
0.00761014885896605	1.21850920142598	52
-0.11409385166674	0.540651439280993	5
-0.11469959880058	0.540907832368884	5
-0.0443084110125001	0.874649006739739	5
0.122957113106258	0.577005310114962	5
0.018495994737287	0.891238633380212	5
0.03243225177931	0.566259034919588	23
0.04812307490303	0.272670624519378	170
-0.0675418341878999	1.02930872282752	6
0.0324400976214519	0.566333160806335	23
0.12280758973809	0.577211271023757	23
0.12280758973809	0.577211271023757	23
0.110223747339957	0.758163932303549	23
0.060764483006036	0.73459676282174	23
-0.11480398571088	0.54087926587085	6
0.109992802812111	0.758124032531201	35
0.110150082914474	0.758267834539312	35
0.122936050643944	0.577066528922155	35
0.03185477649666	0.566902385585879	54
0.051053290789599	1.39744675391126	10
0.0757932064226861	1.4162804777056	10
-0.10654092444152	1.48383585102106	5
0.031959373972186	0.567014988604947	5
0.031847247933781	0.567121503023109	5
0.061185884621858	0.734138351979046	5
-0.1146996213552	0.541121784175122	5
-0.1145954954322	0.541089063658969	5
0.018601885262457	0.89108804281965	5
0.018548943881068	0.891182658817562	283
0.061243347681466	0.733858328376305	5
0.0661556584154081	0.913679106263852	5
0.061172585768852	0.734169359590649	5
0.122871801503524	0.577191008258668	23
-0.0674906827344	1.02947600253339	3
0.018390073185487	0.891235733129596	23
-0.04437342022381	0.87478702664477	23
0.047755745628836	0.272799090918146	14
0.031839735720063	0.567066206054291	14
0.061028021479132	0.734455823851989	14
0.12280758973809	0.577211271023757	23
-0.01094434495271	1.04663097728092	6
0.047387879055768	0.272853156193857	182
0.032207023364778	0.566690506749215	182
-0.1144886963805	0.541000350984738	6
-0.11469972387002	0.540927932422351	77
0.018229675922561	0.89118068462681	118
0.122745292903087	0.577167546274364	118
0.061106971656411	0.734318770281423	35
-0.11423834940659	0.540537025048118	35
0.031959373972186	0.567014988604947	35
-0.11423834940659	0.540537025048118	44
-0.00943210635186009	0.719314837631752	44
0.059067924991298	1.72216691921565	10
0.00740055072757595	1.21878024165857	5
0.109982983249307	0.758414603504005	5
0.061041288976964	0.734322134192378	5
0.060922514554735	0.734512322363123	5
-0.00959222676060989	0.719584185538748	5
0.032199301264988	0.566773743831677	5
-0.00959222676060989	0.719584185538748	5
0.066026654597668	0.913944086266714	283
-0.0844107848588001	1.18411261581604	283
0.122850887569758	0.577216000555005	5
0.018653294319131	0.890885888045407	5
0.065819021126853	0.914013581839109	5
-0.11469972387002	0.540927932422351	23
0.122764300237126	0.576995364187196	23
0.04812307490303	0.272670624519378	37
0.12280758973809	0.577211271023757	14
0.047755745628836	0.272799090918146	14
0.122957113106258	0.577005310114962	23
-0.00955415243894997	0.719594277702576	23
0.061106971656411	0.734318770281423	23
0.122786734926908	0.577236204859608	23
-0.0675179913994	1.02948100786859	23
0.060856765447748	0.734645723530448	6
-0.00958459475678008	0.719552722677059	85
0.060698632234123	0.734653716487146	85
-0.00956923753491989	0.719303703505991	85
0.12280758973809	0.577211271023757	85
0.047864940117501	0.272770263417896	182
0.048231954119922	0.27264192625531	6
0.031847247933781	0.567121503023109	118
0.047864940117501	0.272770263417896	35
0.109839208516917	0.758241188937691	35
0.031847247933781	0.567121503023109	35
-0.06772956796868	1.0297201300256	35
-0.11459535646121	0.54087500274063	35
-0.11480398571088	0.54087926587085	54
0.047864940117501	0.272770263417896	54
0.12293750830751	0.576730565295779	54
0.047755745628836	0.272799090918146	44
0.061264760359251	0.73390564546803	44
0.048231954119922	0.27264192625531	54
-0.0489091012196201	1.78594786384129	10
-0.00966077046648994	0.719307892669355	5
-0.00949318472380001	0.719548716819513	5
-0.11480389157877	0.541093044086259	5
0.04812307490303	0.272670624519378	5
0.065881984569559	0.914046639201442	283
0.102764061357437	0.939821244116649	283
0.122830062903215	0.577203324418684	3
-0.00952368242224999	0.719592912783372	23
0.0661776998552021	0.913433739663781	23
0.048489868525968	0.272461351367526	37
0.047864940117501	0.272770263417896	37
0.110247101668791	0.758159798405766	6
-0.11469972387002	0.540927932422351	23
0.047387879055768	0.272853156193857	182
0.032079229085774	0.56691647468837	77
0.031959373972186	0.567014988604947	6
-0.04438698797144	0.874823359724042	35
0.110210273924257	0.758188605908356	54
0.06819520125749	1.09131519015588	9
0.072096980452837	1.25740964038657	10
0.119501040446634	1.30036400963261	10
0.0978250972939571	1.11500377971119	10
0.059233817632083	1.72178902750664	5
-0.0272700994883901	2.24679869617386	5
-0.00957687999319989	0.719341383679869	10
-0.00945513744605009	0.719425138137918	5
-0.00953121808197999	0.719538579271265	5
-0.00949318472380001	0.719548716819513	5
0.122894193752737	0.577078965683136	5
0.102485147099845	0.940031908257637	5
0.048598433462579	0.272432782475208	5
0.065944925433499	0.91404265035613	5
0.110103382513894	0.758357339826199	5
0.048231954119922	0.27264192625531	23
-0.0674378070355801	1.02930498309819	23
-0.06772956796868	1.0297201300256	23
-0.1145954954322	0.541089063658969	37
0.047864940117501	0.272770263417896	37
0.04812307490303	0.272670624519378	37
0.122828533793664	0.577150150243609	23
0.12280758973809	0.577211271023757	23
-0.0674906827344	1.02947600253339	23
0.048231954119922	0.27264192625531	6
0.031720314122376	0.567057194652099	77
-0.0676749506448899	1.0295945475418	6
0.122894193752737	0.577078965683136	35
0.061093686495544	0.734349776969803	35
0.110126732547253	0.758353213221804	35
-0.11394961846196	0.540358650867839	54
0.04812307490303	0.272670624519378	54
-0.00948561465469999	0.719469300354575	54
-0.00946265936106006	0.719458642516027	54
-0.1145954954322	0.541089063658969	44
0.039413039330222	1.69872294451294	5
0.04812307490303	0.272670624519378	5
0.048598433462579	0.272432782475208	5
-0.0113078542978	1.36366830434398	5
-0.0676766626128	1.02972457605802	5
-0.00945513744605009	0.719425138137918	5
-0.0444520453949799	0.874915515762286	5
0.110019839610098	0.758313948686625	23
0.061093686495544	0.734349776969803	130
0.122765969326838	0.57722347245481	23
-0.00953121808197999	0.719538579271265	37
0.12280758973809	0.577211271023757	23
-0.00950067227012008	0.71944848988664	23
-0.0842768929011299	1.18403960371508	391
0.110126732547253	0.758353213221804	23
0.031720314122376	0.567057194652099	182
-0.1143440462202	0.540707013154826	6
0.122871801503524	0.577191008258668	35
0.110223747339957	0.758163932303549	35
0.110126732547253	0.758353213221804	35
0.061014750006396	0.734486826092846	35
0.122765969326838	0.57722347245481	54
-0.1146996213552	0.541121784175122	54
0.060698632234123	0.734653716487146	44
0.0184172992416281	0.891019279351557	44
0.031615869941974	0.567051569300168	54
-0.03234296568902	1.94446819637532	5
0.122957113106258	0.577005310114962	5
0.031847247933781	0.567121503023109	5
-0.0844107848588001	1.18411261581604	5
0.048231954119922	0.27264192625531	5
-0.0447286921576899	0.874658341561647	5
0.04812307490303	0.272670624519378	37
0.04812307490303	0.272670624519378	37
0.031847247933781	0.567121503023109	23
-0.00961500935902992	0.719465002182	23
-0.00958459475678008	0.719552722677059	23
0.110053021620181	0.758147293453786	23
0.102678018662703	0.940062642864547	391
-0.11459535646121	0.54087500274063	391
-0.00965312473012991	0.719454975106926	391
0.031615869941974	0.567051569300168	6
-0.1143440462202	0.540707013154826	6
0.122850887569758	0.577216000555005	77
0.032199301264988	0.566773743831677	35
0.048489868525968	0.272461351367526	54
0.031727756362024	0.567172585007472	54
-0.03377011942518	1.20023567172394	10
-0.06757087432184	1.02960559429657	10
0.07190864667968	1.25766317685632	10
0.060764483006036	0.73459676282174	5
0.061080397358425	0.734277294146734	5
0.061041288976964	0.734322134192378	3
-0.11459535646121	0.54087500274063	23
-0.00951606416000006	0.719470647168065	23
-0.11394961846196	0.540358650867839	37
0.048231954119922	0.27264192625531	37
-0.03370397294107	1.20014450289202	23
0.0609357763180281	0.734584867529678	85
0.048598433462579	0.272432782475208	182
0.048598433462579	0.272432782475208	6
0.047497389810397	0.272824202108595	35
0.047864940117501	0.272770263417896	162
0.122765969326838	0.57722347245481	35
-0.00949318472380001	0.719548716819513	35
0.122915077536795	0.577091573709713	35
-0.11409385166674	0.540651439280993	54
0.061080397358425	0.734277294146734	54
-0.1144886963805	0.541000350984738	44
0.047755745628836	0.272799090918146	44
-0.1143440462202	0.540707013154826	54
0.109992802812111	0.758124032531201	9
0.114730040181058	1.46406413635514	5
0.032199301264988	0.566773743831677	5
0.110330630084249	0.7579225607507	5
0.032079229085774	0.56691647468837	5
0.018523221483567	0.891022138441651	5
0.04812307490303	0.272670624519378	5
0.110126732547253	0.758353213221804	5
0.110066535075841	0.758398727133385	5
0.122871801503524	0.577191008258668	3
0.110140217393594	0.75818922164643	23
-0.06754529803915	1.02935372906116	23
0.047864940117501	0.272770263417896	23
0.048598433462579	0.272432782475208	303
0.048231954119922	0.27264192625531	37
0.018308407038457	0.891243556312028	23
0.065778018148952	0.913802214182439	23
0.047755745628836	0.272799090918146	182
-0.11480398571088	0.54087926587085	77
0.0317352150006121	0.567000612677095	6
0.122830062903215	0.577203324418684	6
-0.11409385166674	0.540651439280993	35
0.032199301264988	0.566773743831677	35
-0.1145954954322	0.541089063658969	162
0.048231954119922	0.27264192625531	54
0.048598433462579	0.272432782475208	54
0.04812307490303	0.272670624519378	163
0.047864940117501	0.272770263417896	163
0.048231954119922	0.27264192625531	54
0.071911429838848	1.25765595429069	9
0.119570530700355	1.30006393920962	5
0.123021458939366	0.576712431640606	10
-0.00957687999319989	0.719341383679869	10
-0.00962268959251	0.719542660462454	10
-0.1145954954322	0.541089063658969	5
0.122978264954337	0.576906289496621	5
0.122894193752737	0.577078965683136	3
-0.00943949779121001	0.719087797282374	3
0.122871801503524	0.577191008258668	23
0.047755745628836	0.272799090918146	304
0.102612740345623	0.940178061589571	6
0.048598433462579	0.272432782475208	23
-0.00954648594502006	0.719429089721718	23
0.110186921419238	0.758273976852272	85
-0.11480389157877	0.541093044086259	6
0.032071593233322	0.566690436445225	35
0.122830062903215	0.577203324418684	35
0.110260560606779	0.757923214285955	35
0.110247101668791	0.758159798405766	35
-0.11459571417205	0.540895302433044	35
-0.11409385166674	0.540651439280993	44
0.047864940117501	0.272770263417896	44
0.119469390891177	1.30049005460688	9
0.0564664031382181	1.55648251634971	9
0.00768227096094298	1.21826973374442	10
-0.01142899420268	1.36457225482966	10
0.096586902488386	1.43912121078436	10
0.098007589998965	1.11513441446806	5
0.076708170033687	1.57979449814521	5
0.04812307490303	0.272670624519378	5
0.061106971656411	0.734318770281423	5
0.109802320188212	0.758225486510253	23
0.031847247933781	0.567121503023109	23
0.048598433462579	0.272432782475208	23
0.047864940117501	0.272770263417896	37
0.031966956155177	0.567023112730889	23
-0.04437342022381	0.87478702664477	23
-0.1144886963805	0.541000350984738	182
0.04812307490303	0.272670624519378	182
0.047387879055768	0.272853156193857	77
0.122788681233789	0.577033792669191	6
0.04812307490303	0.272670624519378	44
-0.04463646342788	0.874990427387679	10
-0.01109200987748	1.04692438485415	5
0.0223435159872289	1.38016258055009	5
0.122745292903087	0.577167546274364	10
-0.04446560025431	0.874951843477017	5
-0.08425614552937	1.18409554472181	5
0.048231954119922	0.27264192625531	5
0.110283916781517	0.758012030530767	5
-0.00949318472380001	0.719548716819513	5
0.110247101668791	0.758159798405766	3
0.122935079227786	0.576888285316872	3
0.03185477649666	0.566902385585879	23
-0.00945513744605009	0.719425138137918	23
0.0609357763180281	0.734584867529678	23
0.032079229085774	0.56691647468837	23
-0.0843661049894899	1.18424888419965	23
0.122788681233789	0.577033792669191	23
0.102850098356703	0.93946085437114	23
0.031720314122376	0.567057194652099	23
-0.04447915874277	0.874861737721261	6
-0.0108409933343601	1.04628417682407	85
0.047864940117501	0.272770263417896	182
0.04812307490303	0.272670624519378	6
-0.00949318472380001	0.719548716819513	77
-0.0337497983296899	1.20022282333808	6
0.047755745628836	0.272799090918146	35
0.047864940117501	0.272770263417896	35
0.032071593233322	0.566690436445225	54
-0.11469959880058	0.540907832368884	54
0.10224458107498	0.940197878683585	5
-0.08845053335011	1.91465707317397	10
-0.0677568735707701	1.02959283321938	5
0.0658599759831871	0.914098152341415	5
-0.1145954954322	0.541089063658969	23
-0.1145954954322	0.541089063658969	23
0.110163569243204	0.758278106424201	23
0.018441547238006	0.891351129934286	23
0.102437508436495	0.940233689247385	391
0.048231954119922	0.27264192625531	2
0.031966956155177	0.567023112730889	6
-0.00950067227012008	0.71944848988664	6
-0.1146996213552	0.541121784175122	35
0.122936050643944	0.577066528922155	35
0.032079229085774	0.56691647468837	35
0.048231954119922	0.27264192625531	44
-0.04863531535096	1.78468613970877	10
-0.0445307058590401	0.875000983365389	10
0.031839735720063	0.567066206054291	10
0.047864940117501	0.272770263417896	5
0.048231954119922	0.27264192625531	5
0.048231954119922	0.27264192625531	5
-0.00943210635186009	0.719314837631752	3
0.047755745628836	0.272799090918146	37
0.047864940117501	0.272770263417896	37
0.122894193752737	0.577078965683136	23
0.061199179498226	0.734004736031384	23
-0.0335971755572899	1.19988500775753	23
-0.04454424783783	0.875037302287801	23
0.031959373972186	0.567014988604947	85
-0.00940886916122996	0.718700368313044	182
0.031966956155177	0.567023112730889	2
0.018682046687891	0.89073648086914	77
0.060949034106964	0.734553872901206	35
-0.00956173625136003	0.719582795507295	35
0.031959373972186	0.567014988604947	35
0.122957113106258	0.577005310114962	35
0.032199301264988	0.566773743831677	35
0.122745292903087	0.577167546274364	35
0.032990912236226	1.06776186767796	35
-0.0096302871393199	0.719349342460465	35
0.110307273273172	0.75800789084331	35
0.122894193752737	0.577078965683136	44
0.047864940117501	0.272770263417896	54
0.124960261175187	1.97183179731944	9
-0.00946265936106006	0.719458642516027	10
0.060804174313783	0.734504686788496	10
0.060949034106964	0.734553872901206	5
-0.05057616760425	1.34935857748123	5
0.122830062903215	0.577203324418684	3
-0.00946265936106006	0.719458642516027	23
0.031832239901136	0.566732996748212	23
-0.00954648594502006	0.719429089721718	23
0.110330630084249	0.7579225607507	23
0.066070739361206	0.913928254492498	23
0.122915077536795	0.577091573709713	391
-0.08425614552937	1.18409554472181	23
0.018495994737287	0.891238633380212	85
0.031727756362024	0.567172585007472	182
0.031727756362024	0.567172585007472	6
-0.00952368242224999	0.719592912783372	6
-0.04475339899079	0.874836737298934	6
0.122743415309001	0.57705638656403	35
-0.00949318472380001	0.719548716819513	35
0.032086881231415	0.566880494409038	35
0.110283916781517	0.758012030530767	35
-0.0445307058590401	0.875000983365389	35
0.110103382513894	0.758357339826199	35
0.110163569243204	0.758278106424201	54
0.110140217393594	0.75818922164643	44
0.0980795172196009	1.11497858902513	10
-0.08460370903054	1.18425241673028	5
0.109982983249307	0.758414603504005	5
0.048598433462579	0.272432782475208	5
0.048598433462579	0.272432782475208	5
0.060790947849236	0.734638357608288	5
-0.0676220447934699	1.02959898870171	23
-0.1144886963805	0.541000350984738	6
0.122915077536795	0.577091573709713	6
0.032199301264988	0.566773743831677	23
0.061028021479132	0.734455823851989	6
0.066029868707851	0.913864241707956	23
0.122892804737198	0.577129826927392	85
0.061080397358425	0.734277294146734	85
0.12293750830751	0.576730565295779	182
-0.00948561465469999	0.719469300354575	6
-0.1145954954322	0.541089063658969	35
0.031847247933781	0.567121503023109	44
-0.1144886963805	0.541000350984738	54
0.096643840545	1.43930299722983	10
0.096555516999156	1.43935306216273	5
0.109969458444249	0.758301811363702	10
0.110186921419238	0.758273976852272	5
0.110297361151113	0.757449095607594	5
0.068296412155814	1.09118687231564	5
-0.00953121808197999	0.719538579271265	5
-0.0443219952901699	0.87455898053866	23
0.060856765447748	0.734645723530448	243
0.031847247933781	0.567121503023109	23
0.122809327469738	0.577147451985876	23
0.032199301264988	0.566773743831677	6
0.031720314122376	0.567057194652099	23
0.065941741208157	0.913876341257033	23
0.12293750830751	0.576730565295779	85
0.122786734926908	0.577236204859608	85
0.122765969326838	0.57722347245481	85
-0.0443084110125001	0.874649006739739	85
0.047755745628836	0.272799090918146	2
-0.1144886963805	0.541000350984738	6
0.122724705619511	0.577053836575578	6
0.122765969326838	0.57722347245481	2
0.122745292903087	0.577167546274364	35
0.110066535075841	0.758398727133385	35
0.122894193752737	0.577078965683136	35
0.0609357763180281	0.734584867529678	35
0.047387879055768	0.272853156193857	54
-0.1144886963805	0.541000350984738	44
-0.11459535646121	0.54087500274063	44
0.061014750006396	0.734486826092846	44
0.122850887569758	0.577216000555005	54
-0.1146996213552	0.541121784175122	54
0.048231954119922	0.27264192625531	54
-0.1145954954322	0.541089063658969	54
0.0673914601294771	2.04510850547081	10
-0.0381222869886799	1.64572581975044	5
-0.08067723251228	1.77394806866108	10
0.033103233241119	1.06746029824322	10
0.018229675922561	0.89118068462681	10
0.04812307490303	0.272670624519378	5
0.031839735720063	0.567066206054291	5
-0.03374463617313	1.19981114825436	5
0.060843517364767	0.734573163138473	243
0.123707802428864	1.13836283104991	23
0.122830062903215	0.577203324418684	6
-0.0841908394185	1.1839217961835	23
0.018523221483567	0.891022138441651	85
-0.11459571417205	0.540895302433044	2
-0.00961500935902992	0.719465002182	2
0.018468769989692	0.891343802585796	6
0.102505916207118	0.940205975951383	35
0.032319590710896	0.566583655563607	35
-0.11409385166674	0.540651439280993	35
0.122850887569758	0.577216000555005	162
-0.04417858698584	0.873712627502975	35
0.031951808133683	0.566741793143772	35
-0.11459571417205	0.540895302433044	54
-0.1145954954322	0.541089063658969	5
-0.0677551733936499	1.02966677680237	5
0.032199301264988	0.566773743831677	5
-0.11449125834891	0.540788176297302	5
0.110126732547253	0.758353213221804	5
0.066215142670211	0.913499728136811	5
0.122915077536795	0.577091573709713	5
0.110103382513894	0.758357339826199	5
-0.0445577934429899	0.874947175637136	5
-0.0444520453949799	0.874915515762286	5
0.061028021479132	0.734455823851989	5
0.060764483006036	0.73459676282174	3
0.110150082914474	0.758267834539312	3
0.0608700095575661	0.734614739532522	3
-0.00943210635186009	0.719314837631752	243
0.122957113106258	0.577005310114962	23
0.047755745628836	0.272799090918146	6
-0.11459535646121	0.54087500274063	6
-0.0335971755572899	1.19988500775753	6
0.018574659801723	0.891193190806152	6
0.110043187174885	0.758402852078309	23
0.018548943881068	0.891182658817562	23
0.122936050643944	0.577066528922155	23
0.110066535075841	0.758398727133385	23
0.110270456321804	0.758074443440553	23
0.031959373972186	0.567014988604947	85
0.122828533793664	0.577150150243609	6
0.109922770760536	0.758391290815041	35
0.047755745628836	0.272799090918146	54
0.032079229085774	0.56691647468837	44
-0.04442494655826	0.874356224735044	44
0.031727756362024	0.567172585007472	54
-0.1144886963805	0.541000350984738	54
0.031966956155177	0.567023112730889	54
-0.0809054121403101	1.77407645084151	10
0.039047080707833	1.6990596218295	5
0.060830265308043	0.734302350012981	5
-0.00950067227012008	0.71944848988664	5
-0.08451759652118	1.1843533689843	10
-0.00956923753491989	0.719303703505991	5
-0.1144886963805	0.541000350984738	5
-0.0336175076704801	1.20000036554384	3
0.031727756362024	0.567172585007472	3
-0.0111557138537499	1.04698444683563	23
-0.11449125834891	0.540788176297302	23
-0.08421466556394	1.18385446363481	6
-0.00956923753491989	0.719303703505991	23
0.110270456321804	0.758074443440553	23
0.032199301264988	0.566773743831677	23
0.031966956155177	0.567023112730889	23
0.110163569243204	0.758278106424201	391
-0.00952368242224999	0.719592912783372	23
0.110223747339957	0.758163932303549	6
-0.11459571417205	0.540895302433044	85
0.122850887569758	0.577216000555005	6
0.122873399258265	0.577023179258317	35
-0.1145954954322	0.541089063658969	44
-0.11449125834891	0.540788176297302	54
-0.0631708796781401	1.49397571560257	10
0.031847247933781	0.567121503023109	5
-0.0444520453949799	0.874915515762286	5
-0.04466111093792	0.874485207359074	5
-0.0676766626128	1.02972457605802	5
0.031974554636492	0.56675996581703	5
0.0608700095575661	0.734614739532522	5
0.018495994737287	0.891238633380212	5
0.060764483006036	0.73459676282174	5
-0.00946265936106006	0.719458642516027	5
0.122936050643944	0.577066528922155	3
0.061120252841419	0.734185107924619	3
0.122828533793664	0.577150150243609	243
0.0609357763180281	0.734584867529678	243
0.110210273924257	0.758188605908356	243
0.061001474558287	0.734414306613764	6
0.047755745628836	0.272799090918146	23
0.11023362676084	0.758010794911154	6
0.031966956155177	0.567023112730889	23
0.018600369215321	0.891065326956382	85
0.122850887569758	0.577216000555005	6
0.031966956155177	0.567023112730889	2
-0.1144886963805	0.541000350984738	6
0.10265723813339	0.940076957017963	35
0.060764483006036	0.73459676282174	35
-0.00938659182668	0.718995558718003	54
0.050949707992245	1.39740855831029	10
-0.07236155114085	1.63414672358936	5
0.102743275110927	0.93991294095813	5
-0.01113506903312	1.04692897665662	5
0.00761014885896605	1.21850920142598	10
0.01833562708671	0.891348219855638	5
0.122786734926908	0.577236204859608	5
0.031951808133683	0.566741793143772	5
0.061014750006396	0.734486826092846	5
-0.00948561465469999	0.719469300354575	5
-0.0447286921576899	0.874658341561647	5
0.10994611442796	0.758387165212466	104
0.097819798032552	1.11481748190839	5
0.12280758973809	0.577211271023757	6
-0.11480389157877	0.541093044086259	6
-0.0108409933343601	1.04628417682407	23
0.122850887569758	0.577216000555005	23
-0.03396865355852	1.20026839362394	23
-0.00954648594502006	0.719429089721718	391
0.032079229085774	0.56691647468837	391
0.122978264954337	0.576906289496621	23
0.12280758973809	0.577211271023757	6
0.03185477649666	0.566902385585879	85
0.109885891298775	0.758325900391627	85
0.031959373972186	0.567014988604947	85
-0.00962268959251	0.719542660462454	85
0.110283916781517	0.758012030530767	35
0.032071593233322	0.566690436445225	35
0.061041288976964	0.734322134192378	54
0.031727756362024	0.567172585007472	44
0.047864940117501	0.272770263417896	44
0.109885891298775	0.758325900391627	54
0.110741343942666	1.95071759489749	9
-0.0443084110125001	0.874649006739739	104
0.03185477649666	0.566902385585879	5
-0.1144886963805	0.541000350984738	3
0.032079229085774	0.56691647468837	23
-0.0113522995484401	1.04693339197068	6
0.032199301264988	0.566773743831677	6
-0.1145954954322	0.541089063658969	23
0.018626072092205	0.890781296672914	23
-0.0444005593508501	0.874733287180993	23
0.122764300237126	0.576995364187196	391
0.031966956155177	0.567023112730889	23
-0.04435985610666	0.874625311859659	23
0.061093686495544	0.734349776969803	85
0.060949034106964	0.734553872901206	85
0.031959373972186	0.567014988604947	85
0.03185477649666	0.566902385585879	2
0.122957113106258	0.577005310114962	35
0.061093686495544	0.734349776969803	35
-0.0109664578361399	1.04668877277751	35
-0.1145954954322	0.541089063658969	35
0.061028021479132	0.734455823851989	54
0.110150082914474	0.758267834539312	5
0.122681295519488	0.577012560144428	5
0.122830062903215	0.577203324418684	5
0.122957113106258	0.577005310114962	5
0.110126732547253	0.758353213221804	5
0.032970683034459	1.06786460606963	5
0.0609357763180281	0.734584867529678	104
0.018760662776942	0.89054329536455	104
-0.00954648594502006	0.719429089721718	23
-0.11423834940659	0.540537025048118	6
0.032086881231415	0.566880494409038	6
0.122850887569758	0.577216000555005	23
0.018390073185487	0.891235733129596	23
-0.00962268959251	0.719542660462454	391
0.12280758973809	0.577211271023757	23
0.031951808133683	0.566741793143772	85
0.032447959596329	0.566055985930107	2
0.060830265308043	0.734302350012981	2
0.061080397358425	0.734277294146734	2
0.060804174313783	0.734504686788496	35
0.122936050643944	0.577066528922155	54
-0.1145954954322	0.541089063658969	44
-0.04457134267591	0.874614940191236	54
0.110785649167118	1.63043416497434	10
0.022370685624333	1.37977822323095	5
-0.11394961846196	0.540358650867839	5
0.122724705619511	0.577053836575578	5
0.061243347681466	0.733858328376305	5
-0.0445577934429899	0.874947175637136	6
0.122892804737198	0.577129826927392	5
-0.04446560025431	0.874951843477017	104
0.110210273924257	0.758188605908356	5
0.0608700095575661	0.734614739532522	23
0.110056683438365	0.757988708239315	243
0.122765969326838	0.57722347245481	23
0.122957113106258	0.577005310114962	23
-0.00952368242224999	0.719592912783372	6
0.018573147361327	0.890960687427876	6
0.048598433462579	0.272432782475208	6
-0.00950067227012008	0.71944848988664	23
0.031847247933781	0.567121503023109	23
0.060698632234123	0.734653716487146	391
0.122830062903215	0.577203324418684	23
-0.00956923753491989	0.719303703505991	23
0.122894193752737	0.577078965683136	23
0.066004605347318	0.913801615790373	6
-0.1146996213552	0.541121784175122	85
0.032207023364778	0.566690506749215	85
-0.1144886963805	0.541000350984738	85
0.031847247933781	0.567121503023109	2
0.0323118148547	0.566449087740737	2
0.032086881231415	0.566880494409038	2
-0.00946265936106006	0.719458642516027	2
0.04812307490303	0.272670624519378	2
-0.00954648594502006	0.719429089721718	2
0.122786734926908	0.577236204859608	35
0.066196462785352	0.913670596019875	35
0.04812307490303	0.272670624519378	35
0.031974554636492	0.56675996581703	162
0.031966956155177	0.567023112730889	35
0.032086881231415	0.566880494409038	35
0.0323118148547	0.566449087740737	54
0.047387879055768	0.272853156193857	54
-0.0506266480578701	1.34952866145398	10
-0.04437342022381	0.87478702664477	5
0.047497389810397	0.272824202108595	5
0.061080397358425	0.734277294146734	5
0.065966939937158	0.913903875523373	5
0.018468769989692	0.891343802585796	5
0.0609357763180281	0.734584867529678	5
-0.04424346658303	0.87433303486305	5
0.032071593233322	0.566690436445225	5
0.102591970277568	0.940192360461248	5
-0.1145954954322	0.541089063658969	3
0.122873399258265	0.577023179258317	23
0.01862911271523	0.890871592352123	23
-0.00951606416000006	0.719470647168065	23
0.0317352150006121	0.567000612677095	23
0.098130427993526	1.11456661895987	6
0.110223747339957	0.758163932303549	6
0.122828533793664	0.577150150243609	23
-0.00948561465469999	0.719469300354575	23
0.0608700095575661	0.734614739532522	2
-0.00959222676060989	0.719584185538748	2
0.018494495669324	0.891295148402178	35
-0.1145954954322	0.541089063658969	35
0.02466210901306	1.84120137246842	10
0.114648536906758	1.46407542855669	5
0.061028021479132	0.734455823851989	5
0.122765969326838	0.57722347245481	5
-0.0444384941634399	0.874753778962291	5
-0.01109555758862	1.04617630445201	5
0.018627593052595	0.891057998572292	6
0.09817419642474	1.11471393856318	104
-0.0673576276052099	1.02896241203675	5
-0.0841255560090199	1.18370102376939	5
0.110066535075841	0.758398727133385	5
-0.11459571417205	0.540895302433044	23
0.122936050643944	0.577066528922155	23
-0.1143440462202	0.540707013154826	23
-0.1145954954322	0.541089063658969	23
-0.0448591906896001	0.874936506671943	23
0.031966956155177	0.567023112730889	23
-0.04446560025431	0.874951843477017	23
0.018574659801723	0.891193190806152	23
-0.0447939091537699	0.874944528103677	85
-0.04454424783783	0.875037302287801	85
-0.00946265936106006	0.719458642516027	2
0.060883249694848	0.734481046029501	35
0.032199301264988	0.566773743831677	35
0.048231954119922	0.27264192625531	54
-0.00955415243894997	0.719594277702576	44
-0.1144886963805	0.541000350984738	54
-0.00952368242224999	0.719592912783372	5
0.048489868525968	0.272461351367526	361
0.048231954119922	0.27264192625531	361
-0.11469959880058	0.540907832368884	5
0.060949034106964	0.734553872901206	5
0.032791941282912	1.06808061328527	5
0.0323118148547	0.566449087740737	6
0.122892804737198	0.577129826927392	5
-0.00957687999319989	0.719341383679869	5
-0.00947009883374994	0.719304676003473	5
0.110140217393594	0.75818922164643	3
0.060922514554735	0.734512322363123	3
-0.04457134267591	0.874614940191236	23
0.122850887569758	0.577216000555005	23
-0.00955415243894997	0.719594277702576	23
0.031959373972186	0.567014988604947	23
0.122915077536795	0.577091573709713	23
0.122979304866702	0.576798736351056	23
0.122894193752737	0.577078965683136	6
-0.0445307058590401	0.875000983365389	23
0.018574659801723	0.891193190806152	23
-0.11469959880058	0.540907832368884	23
-0.00957687999319989	0.719341383679869	85
0.122871801503524	0.577191008258668	2
0.110103382513894	0.758357339826199	2
0.018601885262457	0.89108804281965	2
0.031608481231659	0.567163423048126	2
0.061001474558287	0.734414306613764	2
0.122894193752737	0.577078965683136	35
0.047864940117501	0.272770263417896	35
-0.1143440462202	0.540707013154826	54
0.032199301264988	0.566773743831677	54
0.032199301264988	0.566773743831677	44
0.094794597048267	1.6042794430495	9
0.097677760589477	1.27820626461245	5
0.0608700095575661	0.734614739532522	5
0.066026654597668	0.913944086266714	6
0.032079229085774	0.56691647468837	5
0.031839735720063	0.567066206054291	5
0.122958361914198	0.576786214582943	23
-0.00946265936106006	0.719458642516027	23
0.122828533793664	0.577150150243609	23
0.110116865867852	0.75790953065701	23
-0.0443084110125001	0.874649006739739	23
-0.04460940159171	0.875044256076931	23
0.03243225177931	0.566259034919588	23
0.122743415309001	0.57705638656403	6
0.110043187174885	0.758402852078309	23
0.032086881231415	0.566880494409038	85
0.031847247933781	0.567121503023109	6
0.11023362676084	0.758010794911154	6
-0.00955415243894997	0.719594277702576	2
0.032086881231415	0.566880494409038	35
0.048489868525968	0.272461351367526	69
0.032878493767784	1.06781225444113	10
0.093618504264952	1.77004927996696	5
0.060777717413549	0.734669327956872	361
-0.11480389157877	0.541093044086259	5
-0.1143440462202	0.540707013154826	5
-0.10664620424317	1.48394251741134	5
0.018495994737287	0.891238633380212	5
-0.06772956796868	1.0297201300256	5
0.018495994737287	0.891238633380212	23
0.032086881231415	0.566880494409038	6
-0.00944753293435996	0.719129583406553	23
-0.04437342022381	0.87478702664477	6
-0.11409385166674	0.540651439280993	2
0.122828533793664	0.577150150243609	2
0.060698632234123	0.734653716487146	6
0.122830062903215	0.577203324418684	35
-0.0096302871393199	0.719349342460465	35
0.032199301264988	0.566773743831677	54
-0.1145954954322	0.541089063658969	54
0.122850887569758	0.577216000555005	54
0.031727756362024	0.567172585007472	5
-0.11480389157877	0.541093044086259	5
-0.11409385166674	0.540651439280993	5
0.061014750006396	0.734486826092846	3
-0.0445307058590401	0.875000983365389	243
0.031847247933781	0.567121503023109	23
-0.1146996213552	0.541121784175122	53
0.047864940117501	0.272770263417896	53
0.048489868525968	0.272461351367526	23
0.048598433462579	0.272432782475208	23
-0.1146996213552	0.541121784175122	23
0.065963779951847	0.914018836599402	23
-0.0676766626128	1.02972457605802	23
0.110247101668791	0.758159798405766	6
-0.0447016488104299	0.875080672215587	6
-0.00952368242224999	0.719592912783372	6
-0.0110292229225499	1.04682659260225	6
-0.06770396846786	1.02959726058999	85
0.06606744684808	0.913691329519322	6
-0.00952368242224999	0.719592912783372	2
0.032191595406	0.566591842753788	2
0.031727756362024	0.567172585007472	2
-0.11459571417205	0.540895302433044	6
0.061172585768852	0.734169359590649	35
0.060949034106964	0.734553872901206	162
0.122915077536795	0.577091573709713	35
-0.00956173625136003	0.719582795507295	54
0.047497389810397	0.272824202108595	54
0.122850887569758	0.577216000555005	5
0.068289267538998	1.09114061465758	6
0.102678018662703	0.940062642864547	5
0.04812307490303	0.272670624519378	23
0.03185477649666	0.566902385585879	23
0.032191595406	0.566591842753788	6
-0.04463646342788	0.874990427387679	6
0.122935079227786	0.576888285316872	6
-0.0444384941634399	0.874753778962291	23
-0.00955415243894997	0.719594277702576	6
0.048231954119922	0.27264192625531	129
0.060922514554735	0.734512322363123	54
-0.11449125834891	0.540788176297302	54
0.047864940117501	0.272770263417896	69
0.095010974321246	1.60314872374901	10
-0.00960724628834009	0.719199401490895	5
0.042417011224308	1.23777318623601	6
-0.1065303757575	1.48358326895773	5
0.12280758973809	0.577211271023757	23
-0.1146996213552	0.541121784175122	23
0.110076368438553	0.757781106680667	6
0.102571195461337	0.940123855262361	23
-0.1144886963805	0.541000350984738	2
0.122913897302031	0.57703082808025	6
0.102678018662703	0.940062642864547	2
-0.1144886963805	0.541000350984738	6
-0.1145954954322	0.541089063658969	6
-0.1143440462202	0.540707013154826	6
0.065922906349755	0.914094181612971	6
-0.00942463255137005	0.719335114329613	35
0.122764300237126	0.576995364187196	35
0.12280758973809	0.577211271023757	162
0.122786734926908	0.577236204859608	35
0.031608481231659	0.567163423048126	129
0.048231954119922	0.27264192625531	129
-0.00946265936106006	0.719458642516027	54
-0.0379771309176999	1.64542025114398	9
0.051160369535278	1.39695198952935	5
-0.0842323607904301	1.18366610938203	5
-0.1143440462202	0.540707013154826	5
-0.0842354030835699	1.18403381258987	5
-0.1145954954322	0.541089063658969	23
0.018228217980179	0.890847762678238	23
0.12280758973809	0.577211271023757	23
-0.0445307058590401	0.875000983365389	23
0.04812307490303	0.272670624519378	23
0.047864940117501	0.272770263417896	23
0.122870689764117	0.576908736532363	23
-0.0674616285118901	1.02870799195652	6
0.031847247933781	0.567121503023109	6
-0.0674633720414	1.02935545738054	23
0.122850887569758	0.577216000555005	23
0.032327382754399	0.566440097305884	23
0.060711849000988	0.734622762965473	6
0.018495994737287	0.891238633380212	2
0.00760275821234202	1.21844045928042	2
0.018468769989692	0.891343802585796	2
-0.00942463255137005	0.719335114329613	2
0.122786734926908	0.577236204859608	6
-0.00952368242224999	0.719592912783372	6
0.0660518891317951	0.913618848568669	35
0.048231954119922	0.27264192625531	54
-0.00945513744605009	0.719425138137918	54
0.048598433462579	0.272432782475208	54
-0.11369961316531	0.540175728256294	54
-0.11469959880058	0.540907832368884	69
-0.11409385166674	0.540651439280993	69
0.122915077536795	0.577091573709713	5
0.031608481231659	0.567163423048126	5
-0.0843422108479699	1.18416873197409	5
0.122830062903215	0.577203324418684	5
-0.06754356591929	1.02960059011662	23
-0.0443355832033001	0.874227008981024	23
-0.11469972387002	0.540927932422351	53
0.047497389810397	0.272824202108595	159
0.048231954119922	0.27264192625531	23
0.122936050643944	0.577066528922155	6
-0.04471516867313	0.874990540305417	23
0.032079229085774	0.56691647468837	85
-0.11394961846196	0.540358650867839	85
-0.04447915874277	0.874861737721261	2
-0.04437342022381	0.87478702664477	2
-0.1146996213552	0.541121784175122	2
-0.00956173625136003	0.719582795507295	35
0.110019839610098	0.758313948686625	35
0.032079229085774	0.56691647468837	129
0.031847247933781	0.567121503023109	129
-0.1145954954322	0.541089063658969	129
-0.1146996213552	0.541121784175122	54
0.122871801503524	0.577191008258668	54
-0.1144886963805	0.541000350984738	69
-0.10551227699732	2.34374826269702	9
-0.06307986581841	1.49410651093932	10
-0.0843422108479699	1.18416873197409	6
-0.06770396846786	1.02959726058999	6
-0.01120058538935	1.04695271671224	6
0.018548943881068	0.891182658817562	5
-0.0841908394185	1.1839217961835	5
0.119614530216885	1.30000266664127	5
0.060856765447748	0.734645723530448	5
-0.00953121808197999	0.719538579271265	23
0.060922514554735	0.734512322363123	23
0.04812307490303	0.272670624519378	53
0.048598433462579	0.272432782475208	23
-0.0444384941634399	0.874753778962291	6
-0.1144886963805	0.541000350984738	23
0.066089506609154	0.91383375945112	85
-0.1143440462202	0.540707013154826	129
-0.11469972387002	0.540927932422351	129
-0.11409385166674	0.540651439280993	129
0.047864940117501	0.272770263417896	54
-0.11469959880058	0.540907832368884	54
-0.1145954954322	0.541089063658969	54
0.093918819802447	1.76929399905818	5
0.061014750006396	0.734486826092846	5
-0.0675418341878999	1.02930872282752	5
0.110103382513894	0.758357339826199	6
-0.04463646342788	0.874990427387679	5
0.102461369032137	0.940323696699579	23
0.01852171877891	0.89128782209467	23
-0.00955415243894997	0.719594277702576	23
-0.1144886963805	0.541000350984738	159
0.047387879055768	0.272853156193857	159
-0.11459571417205	0.540895302433044	159
-0.11459571417205	0.540895302433044	53
0.032191595406	0.566591842753788	23
-0.06741049607932	1.02918447124468	23
0.122850887569758	0.577216000555005	6
0.110150082914474	0.758267834539312	23
0.122849567125542	0.577051214111517	85
0.031847247933781	0.567121503023109	85
-0.0444384941634399	0.874753778962291	85
0.047755745628836	0.272799090918146	2
-0.1145954954322	0.541089063658969	2
0.032884158269554	1.06802087090465	2
0.122871801503524	0.577191008258668	129
-0.00948561465469999	0.719469300354575	54
-0.00948561465469999	0.719469300354575	69
0.031839735720063	0.567066206054291	69
-0.0675691464047901	1.02956080335463	5
0.097941017588138	1.11507205382206	5
-0.0446229306980801	0.875080562846637	6
0.068368752914815	1.09099529213687	5
-0.0111583141005001	1.04627397933672	5
-0.01100712019044	1.0467688034003	5
-0.00958459475678008	0.719552722677059	53
0.060962287922118	0.734420173128497	23
-0.00957687999319989	0.719341383679869	23
0.065819021126853	0.914013581839109	23
0.066070739361206	0.913928254492498	6
0.122871801503524	0.577191008258668	2
0.110019839610098	0.758313948686625	2
0.122785274386409	0.576896558652864	6
-0.06754356591929	1.02960059011662	25
0.066340688020198	0.912987792805011	25
0.031951808133683	0.566741793143772	35
0.122786734926908	0.577236204859608	35
-0.00962268959251	0.719542660462454	129
0.031966956155177	0.567023112730889	129
0.122830062903215	0.577203324418684	54
0.032079229085774	0.56691647468837	54
-0.01090013242667	1.04618666193125	5
0.031601108969	0.566915321537061	5
0.066130265695783	0.913544117933911	6
0.0659008826868051	0.914058426198824	5
0.068289267538998	1.09114061465758	5
0.032797628494054	1.06804406547909	5
0.122979304866702	0.576798736351056	5
-0.0444520453949799	0.874915515762286	5
0.122892804737198	0.577129826927392	5
-0.0444005593508501	0.874733287180993	5
0.110066535075841	0.758398727133385	23
0.061028021479132	0.734455823851989	23
-0.0442948303691	0.874612671953292	6
0.122786734926908	0.577236204859608	23
0.068065089317637	1.0913824036287	85
0.110043187174885	0.758402852078309	6
0.122850887569758	0.577216000555005	6
0.122828533793664	0.577150150243609	2
0.0183885910418971	0.891369034784776	2
0.060856765447748	0.734645723530448	2
0.061041288976964	0.734322134192378	35
0.122743415309001	0.57705638656403	35
0.047497389810397	0.272824202108595	35
0.122936050643944	0.577066528922155	35
0.03185477649666	0.566902385585879	54
-0.11459571417205	0.540895302433044	69
-0.0273486079076799	2.24660136548109	10
0.060856765447748	0.734645723530448	5
0.102636452853247	0.940008480427255	6
0.110163569243204	0.758278106424201	6
0.102764061357437	0.939821244116649	6
0.110247101668791	0.758159798405766	5
0.018415813439741	0.891361705052936	270
-0.04460940159171	0.875044256076931	5
0.04812307490303	0.272670624519378	53
0.048598433462579	0.272432782475208	53
0.048231954119922	0.27264192625531	53
0.12280758973809	0.577211271023757	23
0.061001474558287	0.734414306613764	6
-0.00952368242224999	0.719592912783372	85
0.122915077536795	0.577091573709713	6
0.032071593233322	0.566690436445225	6
-0.0678080939135699	1.02957183162047	35
0.110163569243204	0.758278106424201	54
0.031959373972186	0.567014988604947	129
0.047387879055768	0.272853156193857	129
-0.11449125834891	0.540788176297302	54
0.032086881231415	0.566880494409038	54
0.018545927487861	0.890626361593795	54
-0.1145954954322	0.541089063658969	46
0.124288038309568	1.81522441932899	10
0.050966855205779	1.39757367610574	10
0.031974554636492	0.56675996581703	5
0.048231954119922	0.27264192625531	5
-0.06778417713676	1.02919412786553	6
0.04812307490303	0.272670624519378	5
-0.04446560025431	0.874951843477017	5
0.0661523359715051	0.9136864910444	5
0.122915077536795	0.577091573709713	23
-0.11459571417205	0.540895302433044	53
0.048231954119922	0.27264192625531	53
0.031966956155177	0.567023112730889	53
-0.11409385166674	0.540651439280993	23
0.047755745628836	0.272799090918146	23
-0.00946265936106006	0.719458642516027	200
0.060698632234123	0.734653716487146	6
0.061014750006396	0.734486826092846	6
-0.0973994371378799	1.33612138652643	23
0.018627593052595	0.891057998572292	6
0.102938912995267	0.939233195947751	6
-0.01113506903312	1.04692897665662	6
-0.11409385166674	0.540651439280993	2
0.122722619569568	0.577081252829866	2
0.109885891298775	0.758325900391627	54
0.048231954119922	0.27264192625531	129
-0.00947009883374994	0.719304676003473	46
-0.11369961316531	0.540175728256294	276
0.110840864464233	1.63025863070387	10
0.119428468195816	1.30043733874397	10
0.110196784660968	0.757723786085476	6
0.048489868525968	0.272461351367526	5
-0.00956923753491989	0.719303703505991	5
-0.03377011942518	1.20023567172394	5
0.0658379628179731	0.914062389811693	5
0.061199179498226	0.734004736031384	5
-0.00959222676060989	0.719584185538748	23
0.018495994737287	0.891238633380212	23
-0.00958459475678008	0.719552722677059	23
-0.01132800764634	1.04677363370794	23
-0.0676237647283999	1.02968638703922	23
0.122871801503524	0.577191008258668	23
0.031847247933781	0.567121503023109	6
-0.00955415243894997	0.719594277702576	6
-0.0442162758538001	0.87438666757598	200
0.066070739361206	0.913928254492498	200
0.060909248816591	0.734241533691457	6
0.032079229085774	0.56691647468837	6
0.061041288976964	0.734322134192378	23
-0.04438698797144	0.874823359724042	6
0.0323118148547	0.566449087740737	6
0.047864940117501	0.272770263417896	6
-0.0675691464047901	1.02956080335463	2
0.018468769989692	0.891343802585796	6
0.031839735720063	0.567066206054291	129
-0.11277535191372	1.62629602964912	6
-0.00956173625136003	0.719582795507295	5
0.042167481646779	1.2380332965968	5
0.01865481887587	0.890952875697173	6
0.018468769989692	0.891343802585796	6
0.12300033719795	0.576773649682754	5
-0.0676749506448899	1.0295945475418	5
0.122978264954337	0.576906289496621	5
0.122743415309001	0.57705638656403	5
-0.00946265936106006	0.719458642516027	23
0.110270456321804	0.758074443440553	23
0.061014750006396	0.734486826092846	23
0.018441547238006	0.891351129934286	6
0.122701912984862	0.577068484962905	200
-0.00962268959251	0.719542660462454	200
-0.00950807744836002	0.71906994013096	6
0.122915077536795	0.577091573709713	6
0.12280758973809	0.577211271023757	6
-0.00946265936106006	0.719458642516027	23
0.122979304866702	0.576798736351056	23
-0.0675162554853099	1.0294800228211	6
0.060909248816591	0.734241533691457	6
0.122871801503524	0.577191008258668	6
-0.1145954954322	0.541089063658969	6
-0.00966077046648994	0.719307892669355	2
0.122936050643944	0.577066528922155	2
0.018441547238006	0.891351129934286	2
-0.06762548504392	1.02907956654247	6
0.122828533793664	0.577150150243609	25
-0.00951606416000006	0.719470647168065	54
-0.00959222676060989	0.719584185538748	35
-0.00959977615633001	0.719347916460793	54
-0.00956173625136003	0.719582795507295	46
-0.00956173625136003	0.719582795507295	46
-0.04446560025431	0.874951843477017	5
-0.04424346658303	0.87433303486305	6
0.110043187174885	0.758402852078309	6
-0.1144886963805	0.541000350984738	6
0.031966956155177	0.567023112730889	5
0.122827490471234	0.576553485674759	5
0.110103382513894	0.758357339826199	5
-0.0446229306980801	0.875080562846637	5
-0.04460940159171	0.875044256076931	5
-0.1143440462202	0.540707013154826	5
0.10233068057872	0.9403211353412	5
-0.04422986940011	0.874422999949284	23
0.122936050643944	0.577066528922155	23
-0.0443084110125001	0.874649006739739	23
0.122915077536795	0.577091573709713	23
-0.11469972387002	0.540927932422351	23
0.03243225177931	0.566259034919588	6
0.066362785283348	0.913023346162497	23
0.060949034106964	0.734553872901206	23
-0.0676749506448899	1.0295945475418	6
-0.0675179913994	1.02948100786859	6
0.066111561791409	0.913869462420194	2
0.123021458939366	0.576712431640606	2
-0.00942463255137005	0.719335114329613	25
0.110223747339957	0.758163932303549	54
-0.0442162758538001	0.87438666757598	54
-0.1144886963805	0.541000350984738	46
-0.00955415243894997	0.719594277702576	46
0.031839735720063	0.567066206054291	46
0.018576170978571	0.890966175334784	10
-0.04464999978255	0.874658189007031	86
0.031727756362024	0.567172585007472	5
-0.11469972387002	0.540927932422351	5
0.122871801503524	0.577191008258668	5
-0.00951606416000006	0.719470647168065	5
-0.04454424783783	0.875037302287801	6
-0.0841908394185	1.1839217961835	23
0.047864940117501	0.272770263417896	53
0.042494209508226	1.23738058036974	6
-0.11423834940659	0.540537025048118	6
0.110186921419238	0.758273976852272	6
0.061041288976964	0.734322134192378	6
0.066111561791409	0.913869462420194	2
-0.04437342022381	0.87478702664477	25
0.018600369215321	0.891065326956382	35
0.047755745628836	0.272799090918146	46
0.060777717413549	0.734669327956872	46
0.076829326958069	1.57894850368479	5
-0.00965312473012991	0.719454975106926	6
-0.1144886963805	0.541000350984738	6
0.031720314122376	0.567057194652099	6
0.048598433462579	0.272432782475208	286
0.110173433618173	0.758090003658094	5
-0.0447804021495899	0.875034643261629	5
0.110126732547253	0.758353213221804	5
0.01865481887587	0.890952875697173	6
0.04812307490303	0.272670624519378	53
0.110006329028242	0.758410478909053	6
-0.00957687999319989	0.719341383679869	6
0.060922514554735	0.734512322363123	6
0.122786734926908	0.577236204859608	6
-0.0110489251933601	1.04670851481839	6
-0.0447016488104299	0.875080672215587	6
0.065941741208157	0.913876341257033	6
-0.06754529803915	1.02935372906116	23
0.122786734926908	0.577236204859608	6
0.060790947849236	0.734638357608288	2
0.110089883315592	0.75831334866461	6
0.110186921419238	0.758273976852272	6
0.031966956155177	0.567023112730889	25
-0.1143440462202	0.540707013154826	25
0.122894193752737	0.577078965683136	54
0.122935079227786	0.576888285316872	46
0.03185477649666	0.566902385585879	46
-0.11423834940659	0.540537025048118	5
0.048598433462579	0.272432782475208	6
0.110223747339957	0.758163932303549	5
0.061080397358425	0.734277294146734	5
-0.00944753293435996	0.719129583406553	6
0.122958361914198	0.576786214582943	6
0.047387879055768	0.272853156193857	23
0.060790947849236	0.734638357608288	23
0.048231954119922	0.27264192625531	132
-0.00951606416000006	0.719470647168065	2
0.110126732547253	0.758353213221804	2
0.018443037836819	0.891256539139616	6
-0.1144886963805	0.541000350984738	2
0.0605930918145931	0.734251152616582	2
0.060962287922118	0.734420173128497	2
-0.04463646342788	0.874990427387679	6
0.03185477649666	0.566902385585879	25
0.031839735720063	0.567066206054291	54
0.122913897302031	0.57703082808025	46
0.122830062903215	0.577203324418684	276
0.110103382513894	0.758357339826199	46
-0.00956173625136003	0.719582795507295	6
0.048598433462579	0.272432782475208	6
0.032079229085774	0.56691647468837	6
0.110080032811791	0.758268439784129	5
-0.0675179913994	1.02948100786859	5
0.018334152232815	0.890929877892481	5
-0.0445577934429899	0.874947175637136	6
-0.00950067227012008	0.71944848988664	23
0.047864940117501	0.272770263417896	23
-0.04438698797144	0.874823359724042	23
-0.04447915874277	0.874861737721261	6
0.122871801503524	0.577191008258668	6
0.122915077536795	0.577091573709713	2
0.031959373972186	0.567014988604947	2
0.031727756362024	0.567172585007472	2
0.110089883315592	0.75831334866461	2
0.060922514554735	0.734512322363123	2
-0.0447016488104299	0.875080672215587	2
0.122765969326838	0.57722347245481	2
0.110186921419238	0.758273976852272	2
0.060764483006036	0.73459676282174	35
0.032199301264988	0.566773743831677	129
0.031608481231659	0.567163423048126	46
0.122830062903215	0.577203324418684	46
0.048231954119922	0.27264192625531	5
-0.0630307058839501	1.49379356038676	5
0.032751522829547	1.06819642967814	86
-0.11469959880058	0.540907832368884	6
-0.11459571417205	0.540895302433044	6
0.03185477649666	0.566902385585879	5
0.060856765447748	0.734645723530448	5
-0.00953121808197999	0.719538579271265	6
-0.0096302871393199	0.719349342460465	23
0.102808509665419	0.939727088354476	23
0.047864940117501	0.272770263417896	407
0.122809327469738	0.577147451985876	25
0.031959373972186	0.567014988604947	35
-0.00955415243894997	0.719594277702576	35
0.12280758973809	0.577211271023757	54
-0.00956173625136003	0.719582795507295	35
0.122979304866702	0.576798736351056	129
0.031608481231659	0.567163423048126	46
-0.1090579844576	2.48647978513428	10
0.122830062903215	0.577203324418684	5
0.122830062903215	0.577203324418684	5
0.033016727428183	1.06769601839155	6
-0.00966077046648994	0.719307892669355	86
-0.0443219952901699	0.87455898053866	86
0.122828533793664	0.577150150243609	5
-0.00943210635186009	0.719314837631752	6
-0.11449125834891	0.540788176297302	23
0.122892804737198	0.577129826927392	23
0.048231954119922	0.27264192625531	23
0.01854743633026	0.891200517436491	23
0.018441547238006	0.891351129934286	6
0.060962287922118	0.734420173128497	23
0.122871801503524	0.577191008258668	6
0.122892804737198	0.577129826927392	6
-0.01100712019044	1.0467688034003	2
0.122850887569758	0.577216000555005	2
0.066029868707851	0.913864241707956	2
-0.00942463255137005	0.719335114329613	54
-0.04463646342788	0.874990427387679	54
-0.11751830338735	1.76537032951471	10
0.056645439143146	1.55568375216043	5
0.047864940117501	0.272770263417896	117
0.018337100789235	0.891174228198898	6
-0.11275178763461	1.62622311378166	86
0.032079229085774	0.56691647468837	86
0.06844823433749	1.09072891542923	5
0.110140217393594	0.75818922164643	5
0.122830062903215	0.577203324418684	23
-0.0676749506448899	1.0295945475418	23
-0.1143440462202	0.540707013154826	23
0.066007843702619	0.914003033691674	23
0.060922514554735	0.734512322363123	132
-0.00959977615633001	0.719347916460793	407
-0.0442948303691	0.874612671953292	407
0.122764300237126	0.576995364187196	2
-0.04446560025431	0.874951843477017	2
0.122830062903215	0.577203324418684	6
0.032207023364778	0.566690506749215	46
0.110043187174885	0.758402852078309	46
-0.00955415243894997	0.719594277702576	5
-0.11409385166674	0.540651439280993	5
0.048231954119922	0.27264192625531	5
0.003159157489802	1.81999397792216	6
0.065863003575906	0.913629612932512	5
-0.0337956554968599	1.20015887213489	5
0.122809327469738	0.577147451985876	6
-0.00941707623437993	0.719085475768888	23
0.122873399258265	0.577023179258317	23
-0.00953121808197999	0.719538579271265	23
0.122892804737198	0.577129826927392	23
-0.08460370903054	1.18425241673028	23
-0.1145954954322	0.541089063658969	132
-0.11423834940659	0.540537025048118	132
-0.00950067227012008	0.71944848988664	6
-0.0676237647283999	1.02968638703922	407
0.110297361151113	0.757449095607594	407
0.122850887569758	0.577216000555005	407
-0.04438698797144	0.874823359724042	407
0.066070739361206	0.913928254492498	2
0.102678018662703	0.940062642864547	25
0.061172585768852	0.734169359590649	54
-0.11469972387002	0.540927932422351	35
0.048598433462579	0.272432782475208	35
-0.1146996213552	0.541121784175122	54
-0.1143440462202	0.540707013154826	46
0.0795041838409341	1.90761580492308	10
0.108352412995412	2.37351728564154	10
0.066070739361206	0.913928254492498	6
0.04812307490303	0.272670624519378	6
-0.00949318472380001	0.719548716819513	5
0.032552445992313	1.06818256302703	6
-0.0676766626128	1.02972457605802	23
-0.1143440462202	0.540707013154826	6
-0.00950067227012008	0.71944848988664	132
0.031839735720063	0.567066206054291	407
0.061080397358425	0.734277294146734	2
0.122743415309001	0.57705638656403	2
-0.01092223648267	1.04647115178995	2
0.061080397358425	0.734277294146734	2
0.031974554636492	0.56675996581703	35
0.12280758973809	0.577211271023757	46
-0.00950067227012008	0.71944848988664	46
0.032199301264988	0.566773743831677	46
0.061041288976964	0.734322134192378	46
-0.04471516867313	0.874990540305417	6
-0.11409385166674	0.540651439280993	6
-0.00953873661837989	0.719001799339647	86
0.102678018662703	0.940062642864547	86
-0.00951606416000006	0.719470647168065	23
-0.04446560025431	0.874951843477017	6
-0.03366331974116	1.2000162830891	23
0.031615869941974	0.567051569300168	132
0.0323118148547	0.566449087740737	6
0.065963779951847	0.914018836599402	2
0.110270456321804	0.758074443440553	2
-0.00947796190947003	0.719130924368753	2
-0.00948561465469999	0.719469300354575	2
-0.0843007427131801	1.18416297802057	6
0.110113231896788	0.758135516388884	25
0.110126732547253	0.758353213221804	68
0.031966956155177	0.567023112730889	46
0.032079229085774	0.56691647468837	46
0.018680518526093	0.890878556348043	46
-0.0499732029062401	2.23159933300084	10
0.031966956155177	0.567023112730889	428
-0.0842976451986299	1.18383975553519	6
0.122894193752737	0.577078965683136	86
0.102633505665751	0.940086363572764	5
-0.00943210635186009	0.719314837631752	5
0.01854743633026	0.891200517436491	5
-0.00952368242224999	0.719592912783372	6
-0.04447915874277	0.874861737721261	6
-0.0675162554853099	1.0294800228211	6
0.00771123535373697	1.21818590462679	6
0.110186921419238	0.758273976852272	23
0.031959373972186	0.567014988604947	6
0.110247101668791	0.758159798405766	23
0.0609357763180281	0.734584867529678	23
-0.01120058538935	1.04695271671224	23
-0.00953121808197999	0.719538579271265	6
0.122936050643944	0.577066528922155	6
0.060949034106964	0.734553872901206	6
-0.1143440462202	0.540707013154826	2
0.060949034106964	0.734553872901206	2
-0.11490817570086	0.540745347078142	2
0.122957113106258	0.577005310114962	2
0.060922514554735	0.734512322363123	2
0.122871801503524	0.577191008258668	2
0.031847247933781	0.567121503023109	54
0.06609277487246	0.913789457162529	5
0.06609277487246	0.913789457162529	86
-0.0970946476579499	1.33490439325079	86
0.03185477649666	0.566902385585879	86
-0.1145954954322	0.541089063658969	86
0.048231954119922	0.27264192625531	5
-0.00959222676060989	0.719584185538748	241
0.11023362676084	0.758010794911154	6
-0.0106973016662799	1.04505451118413	23
-0.11469959880058	0.540907832368884	23
-0.11449125834891	0.540788176297302	23
-0.1144886963805	0.541000350984738	23
-0.1145954954322	0.541089063658969	6
0.061014750006396	0.734486826092846	23
-0.04438698797144	0.874823359724042	23
0.110186921419238	0.758273976852272	6
0.0658599759831871	0.914098152341415	407
0.032904383029822	1.06800777077185	407
-0.0674378070355801	1.02930498309819	2
-0.1144886963805	0.541000350984738	2
0.110043187174885	0.758402852078309	6
0.031847247933781	0.567121503023109	2
0.12300033719795	0.576773649682754	6
-0.1145954954322	0.541089063658969	54
-0.0108631309492999	1.04623996533236	6
0.031966956155177	0.567023112730889	86
-0.1143440462202	0.540707013154826	86
-0.0112867475593299	1.04699179572721	5
0.102633505665751	0.940086363572764	5
-0.0675964565840099	1.02968138226897	241
-0.04438698797144	0.874823359724042	241
-0.11469972387002	0.540927932422351	23
0.04812307490303	0.272670624519378	23
0.042483905791014	1.23736940930748	23
0.122936050643944	0.577066528922155	23
-0.11469959880058	0.540907832368884	23
-0.00966077046648994	0.719307892669355	132
0.102568195055912	0.940168529644805	6
-0.0339889569573399	1.20017158639916	6
0.068238650614869	1.091256783625	2
-0.1143440462202	0.540707013154826	25
0.122936050643944	0.577066528922155	54
-0.00959222676060989	0.719584185538748	54
-0.0677568735707701	1.02959283321938	54
0.122957113106258	0.577005310114962	68
-0.00955415243894997	0.719594277702576	54
0.058037567491675	2.17756717039528	9
0.032705383819015	1.06821640467112	10
-0.0843007427131801	1.18416297802057	10
0.122850887569758	0.577216000555005	6
0.068216917591202	1.09134486803983	86
0.047755745628836	0.272799090918146	86
-0.0108409933343601	1.04628417682407	6
0.061028021479132	0.734455823851989	6
0.110126732547253	0.758353213221804	6
0.031959373972186	0.567014988604947	23
0.031847247933781	0.567121503023109	23
-0.00946265936106006	0.719458642516027	132
-0.04463646342788	0.874990427387679	132
0.066070739361206	0.913928254492498	6
-0.0676493547222801	1.02971956899807	6
0.007761779821717	1.21796248219116	6
-0.0108409933343601	1.04628417682407	2
0.110116865867852	0.75790953065701	2
0.122850887569758	0.577216000555005	2
-0.11449125834891	0.540788176297302	2
0.032970683034459	1.06786460606963	2
0.0979969977276	1.11510856408097	6
-0.0843661049894899	1.18424888419965	25
0.0608700095575661	0.734614739532522	54
-0.06757087432184	1.02960559429657	68
-0.00949318472380001	0.719548716819513	68
0.031727756362024	0.567172585007472	54
0.122871801503524	0.577191008258668	46
0.068368752914815	1.09099529213687	10
0.102722484111155	0.939927270681426	6
0.060949034106964	0.734553872901206	428
0.122785274386409	0.576896558652864	428
0.110307273273172	0.75800789084331	6
0.11023362676084	0.758010794911154	6
0.065982551519208	0.913430353327258	6
-0.04438698797144	0.874823359724042	6
-0.11480387759856	0.540899159478976	6
0.031839735720063	0.567066206054291	86
-0.11459535646121	0.54087500274063	86
-0.0675179913994	1.02948100786859	335
-0.00956173625136003	0.719582795507295	5
-0.00943210635186009	0.719314837631752	5
0.102743275110927	0.93991294095813	5
0.068086804482226	1.09139785801806	241
0.0608700095575661	0.734614739532522	241
-0.0445171675051601	0.874839243596844	6
0.018627593052595	0.891057998572292	23
0.0608700095575661	0.734614739532522	23
0.048231954119922	0.27264192625531	23
0.031601108969	0.566915321537061	6
-0.06754356591929	1.02960059011662	6
-0.0843422108479699	1.18416873197409	132
-0.00955415243894997	0.719594277702576	2
-0.00955415243894997	0.719594277702576	2
-0.04428125335874	0.874450999488996	6
0.061106971656411	0.734318770281423	6
0.122809327469738	0.577147451985876	25
-0.04428125335874	0.874450999488996	68
0.122830062903215	0.577203324418684	46
-0.0446881325680699	0.875044381033776	46
0.109969458444249	0.758301811363702	86
0.110140217393594	0.75818922164643	5
-0.00946265936106006	0.719458642516027	5
0.032705383819015	1.06821640467112	5
0.122850887569758	0.577216000555005	6
0.018282655378293	0.891286697584015	6
0.060856765447748	0.734645723530448	23
-0.08458301578702	1.18430842606492	23
0.12300033719795	0.576773649682754	23
0.0608700095575661	0.734614739532522	132
-0.0675691464047901	1.02956080335463	2
0.065963779951847	0.914018836599402	2
0.122722619569568	0.577081252829866	2
0.109909233219326	0.75824057193376	2
-0.1145954954322	0.541089063658969	6
0.060949034106964	0.734553872901206	25
0.122871801503524	0.577191008258668	81
0.122957113106258	0.577005310114962	68
0.066029868707851	0.913864241707956	46
-0.00959222676060989	0.719584185538748	46
0.06606744684808	0.913691329519322	46
0.123612176595794	1.13860072994926	5
0.060856765447748	0.734645723530448	6
0.018470264235955	0.891040053985082	6
0.018574659801723	0.891193190806152	86
-0.00950067227012008	0.71944848988664	5
0.061264760359251	0.73390564546803	5
-0.00946265936106006	0.719458642516027	5
-0.00949318472380001	0.719548716819513	5
-0.0110489251933601	1.04670851481839	5
-0.04454424783783	0.875037302287801	6
-0.00944753293435996	0.719129583406553	6
-0.00950067227012008	0.71944848988664	23
-0.01106991729155	1.04686660568732	23
-0.00949318472380001	0.719548716819513	23
-0.00954648594502006	0.719429089721718	132
-0.06754356591929	1.02960059011662	132
-0.0112625015097401	1.046789994541	39
-0.0445577934429899	0.874947175637136	6
0.018653294319131	0.890885888045407	2
0.122892804737198	0.577129826927392	2
0.122701912984862	0.577068484962905	2
0.0721354553010159	1.25768488465148	2
-0.0675179913994	1.02948100786859	2
0.123726447905206	1.13848557971854	25
0.109982983249307	0.758414603504005	25
-0.1145954954322	0.541089063658969	81
0.122892804737198	0.577129826927392	68
0.031847247933781	0.567121503023109	46
0.102701688357973	0.939858830586143	46
0.102850098356703	0.93946085437114	428
-0.00959977615633001	0.719347916460793	86
0.102526680568705	0.940274502101517	86
0.047864940117501	0.272770263417896	86
0.122873399258265	0.577023179258317	5
0.110283916781517	0.758012030530767	5
0.12280758973809	0.577211271023757	5
0.10265723813339	0.940076957017963	6
-0.01094434495271	1.04663097728092	6
-0.0445307058590401	0.875000983365389	23
-0.00938659182668	0.718995558718003	23
0.032843700712197	1.06773303844651	23
0.109899427439278	0.758302416946051	132
-0.0976587345109401	1.33610672520008	39
0.122809327469738	0.577147451985876	6
0.032319590710896	0.566583655563607	198
-0.1145954954322	0.541089063658969	2
-0.1143440462202	0.540707013154826	2
-0.0842768929011299	1.18403960371508	2
0.018627593052595	0.891057998572292	2
-0.03350562865797	1.19962555668558	25
0.065815945074774	0.913919891438734	81
-0.11480389157877	0.541093044086259	81
-0.1145954954322	0.541089063658969	68
-0.0445307058590401	0.875000983365389	54
-0.0629336713112501	1.49340480983504	10
0.04812307490303	0.272670624519378	428
-0.0334649347520599	1.19949733873006	428
-0.00949318472380001	0.719548716819513	86
0.110186921419238	0.758273976852272	5
0.061041288976964	0.734322134192378	5
-0.00953121808197999	0.719538579271265	5
-0.00949318472380001	0.719548716819513	5
0.122850887569758	0.577216000555005	6
-0.0445307058590401	0.875000983365389	6
0.12280758973809	0.577211271023757	6
0.032751522829547	1.06819642967814	23
0.031496758217042	0.567042315970506	132
-0.00955415243894997	0.719594277702576	132
0.12280758973809	0.577211271023757	6
0.018520214845332	0.891095845361931	2
-0.0446229306980801	0.875080562846637	25
0.110103382513894	0.758357339826199	68
-0.1143440462202	0.540707013154826	54
-0.0841908394185	1.1839217961835	46
-0.0337497983296899	1.20022282333808	6
0.097902368728173	1.11513328825868	86
0.102526680568705	0.940274502101517	6
0.031615869941974	0.567051569300168	5
-0.11469972387002	0.540927932422351	5
0.110270456321804	0.758074443440553	23
-0.1145954954322	0.541089063658969	23
-0.11459535646121	0.54087500274063	132
0.065985814116982	0.914054579689335	132
-0.0444520453949799	0.874915515762286	132
0.065775020361061	0.914029309125745	39
-0.1146996213552	0.541121784175122	6
0.031727756362024	0.567172585007472	2
0.098007589998965	1.11513441446806	2
-0.00946265936106006	0.719458642516027	2
-0.11459571417205	0.540895302433044	25
0.0317352150006121	0.567000612677095	25
0.031966956155177	0.567023112730889	54
0.066029868707851	0.913864241707956	68
0.060856765447748	0.734645723530448	54
0.123614436001102	1.1386758221763	5
-0.0841255560090199	1.18370102376939	86
0.066111561791409	0.913869462420194	6
-0.0441513631561801	0.874134056622482	5
0.0183885910418971	0.891369034784776	5
-0.06741049607932	1.02918447124468	5
0.122871801503524	0.577191008258668	6
-0.0444005593508501	0.874733287180993	241
0.122894193752737	0.577078965683136	6
-0.0447668987624801	0.874998371336222	6
0.060856765447748	0.734645723530448	6
-0.00962268959251	0.719542660462454	6
-0.0447016488104299	0.875080672215587	23
0.031847247933781	0.567121503023109	132
0.061106971656411	0.734318770281423	39
-0.00946265936106006	0.719458642516027	39
-0.1146996213552	0.541121784175122	198
-0.00953121808197999	0.719538579271265	2
0.018443037836819	0.891256539139616	2
-0.06778248078956	1.02967179359155	25
0.033016727428183	1.06769601839155	25
0.060777717413549	0.734669327956872	54
0.048231954119922	0.27264192625531	81
0.122809327469738	0.577147451985876	81
-0.11469959880058	0.540907832368884	54
0.066007843702619	0.914003033691674	10
-0.06726281745398	2.07198021031875	10
0.07195567307618	1.25780305657354	10
-0.0445577934429899	0.874947175637136	428
0.0609357763180281	0.734584867529678	86
0.01865481887587	0.890952875697173	86
0.018468769989692	0.891343802585796	86
0.060949034106964	0.734553872901206	5
0.122724705619511	0.577053836575578	6
-0.08412859432016	1.18335772876772	23
0.031727756362024	0.567172585007472	6
0.048231954119922	0.27264192625531	198
0.018415813439741	0.891361705052936	2
0.047755745628836	0.272799090918146	2
0.060949034106964	0.734553872901206	6
0.061028021479132	0.734455823851989	6
0.047497389810397	0.272824202108595	25
0.122892804737198	0.577129826927392	81
0.123021458939366	0.576712431640606	54
0.119431560077312	1.30053762555948	9
0.0981794493338139	1.11472818189512	10
-0.10562235497251	2.34440445161647	10
0.122870689764117	0.576908736532363	5
-0.00948561465469999	0.719469300354575	6
0.04812307490303	0.272670624519378	5
0.00771123535373697	1.21818590462679	86
0.031727756362024	0.567172585007472	86
0.047387879055768	0.272853156193857	86
0.102722484111155	0.939927270681426	86
0.03243225177931	0.566259034919588	6
0.102591970277568	0.940192360461248	6
0.031951808133683	0.566741793143772	23
-0.0673576276052099	1.02896241203675	23
-0.11355579595234	0.53988363364333	2
-0.06754356591929	1.02960059011662	2
0.018361370640517	0.89126434873263	2
0.122660767136685	0.576898901053876	2
0.032079229085774	0.56691647468837	2
-0.1145954954322	0.541089063658969	81
-0.0446746199444299	0.87488269178405	68
0.122745292903087	0.577167546274364	46
-0.02582035949102	1.50571713467448	9
0.018495994737287	0.891238633380212	10
-0.0844521998383301	1.18435363304479	5
0.018627593052595	0.891057998572292	86
0.018441547238006	0.891351129934286	86
0.122936050643944	0.577066528922155	86
-0.00959977615633001	0.719347916460793	6
-0.00959977615633001	0.719347916460793	6
-0.11459535646121	0.54087500274063	5
-0.11384369426122	0.540061252740227	5
-0.11409385166674	0.540651439280993	5
0.04812307490303	0.272670624519378	5
-0.11459535646121	0.54087500274063	6
-0.00948561465469999	0.719469300354575	6
-0.05067712763806	1.34965680556092	23
0.018443037836819	0.891256539139616	23
-0.05053329445456	1.34896121129556	23
0.047387879055768	0.272853156193857	132
0.0608700095575661	0.734614739532522	43
-0.1145954954322	0.541089063658969	132
0.032079229085774	0.56691647468837	39
0.122871801503524	0.577191008258668	198
0.031720314122376	0.567057194652099	2
0.123661098743887	1.13858345641386	2
-0.0109037146347	1.04650903893007	2
-0.06754356591929	1.02960059011662	2
0.110270456321804	0.758074443440553	25
0.102568195055912	0.940168529644805	25
0.04812307490303	0.272670624519378	81
0.047497389810397	0.272824202108595	81
0.060764483006036	0.73459676282174	68
0.065944925433499	0.91404265035613	54
0.102440615115746	0.940255157185055	54
0.122892804737198	0.577129826927392	54
0.060764483006036	0.73459676282174	46
-0.0257801474511301	1.50559350189003	10
-0.0504966277002199	1.34894689723225	10
0.110293811301542	0.757896671481691	5
0.110173433618173	0.758090003658094	6
-0.0445577934429899	0.874947175637136	86
0.066215142670211	0.913499728136811	86
0.110307273273172	0.75800789084331	6
0.018600369215321	0.891065326956382	6
0.122915077536795	0.577091573709713	5
0.122892804737198	0.577129826927392	6
0.122892804737198	0.577129826927392	6
0.110089883315592	0.75831334866461	23
0.122830062903215	0.577203324418684	6
0.031966956155177	0.567023112730889	132
0.031847247933781	0.567121503023109	39
-0.00948561465469999	0.719469300354575	198
0.0611465367465041	0.733825797972998	2
-0.11469959880058	0.540907832368884	2
0.110140217393594	0.75818922164643	2
-0.04438698797144	0.874823359724042	6
0.122913897302031	0.57703082808025	25
-0.00959977615633001	0.719347916460793	81
-0.1144886963805	0.541000350984738	81
-0.04438698797144	0.874823359724042	54
-0.04982284269502	2.23088752777088	5
0.062311322161251	1.88618595698781	10
-0.0676766626128	1.02972457605802	5
-0.1145954954322	0.541089063658969	5
0.061014750006396	0.734486826092846	6
0.0609357763180281	0.734584867529678	86
-0.0110513300666999	1.04678228127872	86
-0.0446229306980801	0.875080562846637	5
-0.0444005593508501	0.874733287180993	6
0.061080397358425	0.734277294146734	6
0.110270456321804	0.758074443440553	6
-0.0675964565840099	1.02968138226897	6
0.01854743633026	0.891200517436491	6
0.066174401668377	0.913722165965181	23
0.047387879055768	0.272853156193857	132
-0.0444520453949799	0.874915515762286	39
-0.04463646342788	0.874990427387679	39
-0.11449125834891	0.540788176297302	6
0.122722619569568	0.577081252829866	198
0.060843517364767	0.734573163138473	198
-0.11409385166674	0.540651439280993	2
-0.1144886963805	0.541000350984738	25
0.122850887569758	0.577216000555005	54
0.122894193752737	0.577078965683136	327
-0.0444520453949799	0.874915515762286	327
0.061093686495544	0.734349776969803	81
-0.1143440462202	0.540707013154826	54
-0.0444520453949799	0.874915515762286	54
0.075656267597236	1.41704929696716	10
0.096598214111204	1.4394208760361	10
0.061199179498226	0.734004736031384	6
0.065922906349755	0.914094181612971	86
-0.00949318472380001	0.719548716819513	6
0.031608481231659	0.567163423048126	5
-0.0444384941634399	0.874753778962291	6
-0.03385659856149	1.20019023313274	6
-0.04454424783783	0.875037302287801	6
-0.08449363449674	1.18409769739597	23
0.018523221483567	0.891022138441651	23
-0.11355579595234	0.53988363364333	132
0.110150082914474	0.758267834539312	132
0.122850887569758	0.577216000555005	132
0.032199301264988	0.566773743831677	39
-0.0107561505840501	1.04595121918338	39
0.110006329028242	0.758410478909053	2
0.061106971656411	0.734318770281423	2
0.110200393332759	0.758075075130584	54
0.065815945074774	0.913919891438734	54
0.122701912984862	0.577068484962905	25
-0.1145954954322	0.541089063658969	26
0.032990912236226	1.06776186767796	10
0.022316473975137	1.38012105229694	10
-0.0447939091537699	0.874944528103677	5
-0.1145954954322	0.541089063658969	5
0.048489868525968	0.272461351367526	5
0.047755745628836	0.272799090918146	6
-0.0675179913994	1.02948100786859	5
-0.00950067227012008	0.71944848988664	5
-0.11459571417205	0.540895302433044	6
0.018520214845332	0.891095845361931	6
0.122936050643944	0.577066528922155	6
-0.1146996213552	0.541121784175122	6
0.032319590710896	0.566583655563607	6
-0.0505256862861301	1.34914482493701	23
0.047755745628836	0.272799090918146	6
0.04812307490303	0.272670624519378	132
-0.11459571417205	0.540895302433044	132
-0.0444005593508501	0.874733287180993	43
0.031847247933781	0.567121503023109	39
0.048231954119922	0.27264192625531	198
0.110330630084249	0.7579225607507	2
-0.11469959880058	0.540907832368884	2
-0.11449125834891	0.540788176297302	2
0.066004605347318	0.913801615790373	2
0.066133612393815	0.913817896990738	2
-0.00948561465469999	0.719469300354575	2
-0.0446229306980801	0.875080562846637	2
0.031966956155177	0.567023112730889	26
0.110293811301542	0.757896671481691	54
0.109969458444249	0.758301811363702	54
0.048231954119922	0.27264192625531	54
-0.11459535646121	0.54087500274063	54
0.047497389810397	0.272824202108595	54
0.048231954119922	0.27264192625531	54
0.018523221483567	0.891022138441651	46
-0.1144886963805	0.541000350984738	430
0.047864940117501	0.272770263417896	428
0.032751522829547	1.06819642967814	86
-0.0443219952901699	0.87455898053866	86
0.060856765447748	0.734645723530448	5
-0.00944753293435996	0.719129583406553	60
-0.00946265936106006	0.719458642516027	6
-0.00959222676060989	0.719584185538748	23
0.122915077536795	0.577091573709713	198
-0.01107344162228	1.04661310520642	2
0.122979304866702	0.576798736351056	54
-0.04435985610666	0.874625311859659	54
0.079643422040352	1.90675905982273	9
0.114730040181058	1.46406413635514	10
-0.0843661049894899	1.18424888419965	5
0.04812307490303	0.272670624519378	5
0.048231954119922	0.27264192625531	430
-0.0444005593508501	0.874733287180993	6
-0.0113935372149501	1.04671526678486	6
0.061001474558287	0.734414306613764	5
0.0317352150006121	0.567000612677095	6
-0.04437342022381	0.87478702664477	6
0.03243225177931	0.566259034919588	241
-0.0445307058590401	0.875000983365389	60
-0.0677568735707701	1.02959283321938	6
-0.0974811329326699	1.33588134076142	6
0.122894193752737	0.577078965683136	6
0.061080397358425	0.734277294146734	23
0.0323118148547	0.566449087740737	132
-0.00956173625136003	0.719582795507295	43
-0.11449125834891	0.540788176297302	132
-0.0440728923021101	0.873756679825084	39
-0.00955415243894997	0.719594277702576	2
-0.00956173625136003	0.719582795507295	205
0.122828533793664	0.577150150243609	205
0.0609357763180281	0.734584867529678	2
-0.04457134267591	0.874614940191236	54
0.04812307490303	0.272670624519378	81
0.047864940117501	0.272770263417896	26
-0.1145954954322	0.541089063658969	26
0.032319590710896	0.566583655563607	54
-0.0442162758538001	0.87438666757598	54
0.061014750006396	0.734486826092846	54
0.018574659801723	0.891193190806152	54
0.0172542199533779	1.67628108258295	9
-0.03385659856149	1.20019023313274	9
-0.05057616760425	1.34935857748123	5
0.048231954119922	0.27264192625531	6
0.047864940117501	0.272770263417896	428
0.109982983249307	0.758414603504005	6
0.122957113106258	0.577005310114962	86
0.047755745628836	0.272799090918146	92
0.032086881231415	0.566880494409038	5
-0.11394961846196	0.540358650867839	6
-0.00954648594502006	0.719429089721718	6
0.065944925433499	0.91404265035613	6
0.122828533793664	0.577150150243609	23
0.033103233241119	1.06746029824322	23
0.00768227096094298	1.21826973374442	6
0.032199301264988	0.566773743831677	132
0.048231954119922	0.27264192625531	132
-0.00962268959251	0.719542660462454	39
-0.1143440462202	0.540707013154826	39
0.047387879055768	0.272853156193857	6
-0.1144886963805	0.541000350984738	6
0.060790947849236	0.734638357608288	2
0.061001474558287	0.734414306613764	2
-0.0674378070355801	1.02930498309819	25
0.122892804737198	0.577129826927392	25
0.048489868525968	0.272461351367526	26
-0.11409385166674	0.540651439280993	54
-0.0841463250894501	1.18364515818927	21
-0.09728788805208	1.33606114583743	9
0.114140162550298	2.1005123951524	10
0.110006329028242	0.758410478909053	5
-0.04454424783783	0.875037302287801	86
0.044402823549164	1.86247744853069	6
-0.0971764277188401	1.33570905904217	86
-0.05067712763806	1.34965680556092	6
0.061028021479132	0.734455823851989	5
-0.11423834940659	0.540537025048118	6
0.066218519321411	0.913531824301823	6
-0.11409385166674	0.540651439280993	23
0.032079229085774	0.56691647468837	23
0.048231954119922	0.27264192625531	132
-0.1145954954322	0.541089063658969	43
0.031727756362024	0.567172585007472	43
0.048231954119922	0.27264192625531	6
0.031966956155177	0.567023112730889	199
-0.11480387759856	0.540899159478976	205
-0.04437342022381	0.87478702664477	2
0.122743415309001	0.57705638656403	25
-0.1146996213552	0.541121784175122	81
-0.11490830644642	0.540939147061005	26
0.018231132786235	0.89091111654133	54
-0.11490851753597	0.540725673400983	54
0.018574659801723	0.891193190806152	5
0.031966956155177	0.567023112730889	5
0.122745292903087	0.577167546274364	6
0.031847247933781	0.567121503023109	6
-0.1144886963805	0.541000350984738	6
-0.00953867129288	0.719213659450249	60
0.04812307490303	0.272670624519378	121
0.12280758973809	0.577211271023757	60
0.032199301264988	0.566773743831677	6
0.047864940117501	0.272770263417896	60
-0.0336378422954899	1.2000132345587	6
0.097951850927729	1.1145176493482	6
0.047755745628836	0.272799090918146	132
0.047755745628836	0.272799090918146	132
0.047864940117501	0.272770263417896	132
0.066029868707851	0.913864241707956	39
0.047755745628836	0.272799090918146	39
0.047864940117501	0.272770263417896	199
0.0682747006237	1.09110798624752	2
-0.11409385166674	0.540651439280993	2
0.122850887569758	0.577216000555005	25
0.032884158269554	1.06802087090465	54
0.01865481887587	0.890952875697173	5
0.068216917591202	1.09134486803983	5
-0.11459571417205	0.540895302433044	5
-0.0444005593508501	0.874733287180993	86
0.061041288976964	0.734322134192378	86
0.065985814116982	0.914054579689335	86
0.066196462785352	0.913670596019875	86
-0.10663561185512	1.48375392808795	86
-0.04435985610666	0.874625311859659	86
0.110163569243204	0.758278106424201	92
0.03243225177931	0.566259034919588	6
0.122915077536795	0.577091573709713	6
-0.0442162758538001	0.87438666757598	6
0.031959373972186	0.567014988604947	60
-0.00955415243894997	0.719594277702576	60
0.122849567125542	0.577051214111517	60
0.060949034106964	0.734553872901206	60
-0.00953121808197999	0.719538579271265	6
-0.00950067227012008	0.71944848988664	23
0.110126732547253	0.758353213221804	23
-0.1143440462202	0.540707013154826	132
0.031839735720063	0.567066206054291	132
-0.00962268959251	0.719542660462454	2
0.122830062903215	0.577203324418684	2
-0.0336378422954899	1.2000132345587	2
0.065944925433499	0.91404265035613	2
-0.0676766626128	1.02972457605802	230
0.031608481231659	0.567163423048126	54
0.122871801503524	0.577191008258668	54
0.102678018662703	0.940062642864547	5
-0.0629187186234701	1.49355895600663	86
0.022224903502336	1.38013593410753	86
0.122830062903215	0.577203324418684	6
-0.00965312473012991	0.719454975106926	60
0.122765969326838	0.57722347245481	60
0.065878854445562	0.913915921489835	23
0.00742953525074497	1.21879102188578	23
-0.1144886963805	0.541000350984738	43
-0.00949318472380001	0.719548716819513	311
0.110186921419238	0.758273976852272	2
0.110029675150969	0.758325108616574	2
0.061014750006396	0.734486826092846	230
-0.0675162554853099	1.0294800228211	21
0.016897013046952	1.67822022380462	5
0.061172585768852	0.734169359590649	86
-0.0111557138537499	1.04698444683563	86
0.066196462785352	0.913670596019875	86
0.122936050643944	0.577066528922155	6
-0.00951606416000006	0.719470647168065	60
0.061001474558287	0.734414306613764	60
0.110186921419238	0.758273976852272	60
0.066007843702619	0.914003033691674	60
-0.00955415243894997	0.719594277702576	60
-0.00959977615633001	0.719347916460793	6
0.061120252841419	0.734185107924619	6
0.031959373972186	0.567014988604947	6
0.032079229085774	0.56691647468837	6
0.04812307490303	0.272670624519378	132
-0.1146996213552	0.541121784175122	132
-0.0337243033016801	1.20004770280729	39
-0.06778248078956	1.02967179359155	39
0.061185884621858	0.734138351979046	39
0.122743415309001	0.57705638656403	2
-0.11409385166674	0.540651439280993	2
-0.11409385166674	0.540651439280993	2
0.10233068057872	0.9403211353412	2
0.065963779951847	0.914018836599402	230
0.060909248816591	0.734241533691457	54
-0.0674360593176	1.02910344958402	54
-0.06741049607932	1.02918447124468	21
0.076530106599063	1.58012234451696	9
0.09661538631375	1.43942848206497	10
0.018203909749457	0.891016168312227	5
-0.0974402803622201	1.33626237931806	5
0.048231954119922	0.27264192625531	5
-0.00946265936106006	0.719458642516027	86
0.031966956155177	0.567023112730889	86
0.032094549623495	0.566570214515686	60
-0.1144886963805	0.541000350984738	121
-0.00955415243894997	0.719594277702576	60
0.110344077545518	0.757817202440817	60
0.12300033719795	0.576773649682754	6
0.018707744715812	0.890773469300487	6
0.110247101668791	0.758159798405766	6
0.102550415896717	0.939949816100454	6
0.110140217393594	0.75818922164643	132
0.018441547238006	0.891351129934286	132
0.031727756362024	0.567172585007472	2
0.031966956155177	0.567023112730889	21
0.018468769989692	0.891343802585796	21
-0.1145954954322	0.541089063658969	54
0.077269300200182	1.74520643645777	9
-0.0422195417856499	2.08881768037751	9
0.032841255546998	1.53729198852991	5
0.032199301264988	0.566773743831677	6
0.018760662776942	0.89054329536455	86
0.042244710472197	1.23818838192643	86
-0.06770226032767	1.02971511897472	86
0.061014750006396	0.734486826092846	6
0.122894193752737	0.577078965683136	60
-0.0676493547222801	1.02971956899807	60
-0.0334445915835799	1.19927226392489	6
-0.0445307058590401	0.875000983365389	6
0.122979304866702	0.576798736351056	6
0.122809327469738	0.577147451985876	6
0.110186921419238	0.758273976852272	6
0.061120252841419	0.734185107924619	6
-0.1144886963805	0.541000350984738	132
-0.00948561465469999	0.719469300354575	43
0.122958361914198	0.576786214582943	43
-0.08432467820894	1.18374644870246	132
0.032191595406	0.566591842753788	43
-0.00958459475678008	0.719552722677059	39
0.122786734926908	0.577236204859608	39
0.04812307490303	0.272670624519378	81
0.122871801503524	0.577191008258668	26
0.060856765447748	0.734645723530448	21
-0.0091510400580499	1.96378451883502	9
-0.04900332643013	1.78603312653642	5
0.031847247933781	0.567121503023109	5
-0.01136197447248	1.36450514747123	86
-0.01113506903312	1.04692897665662	6
-0.00956173625136003	0.719582795507295	6
-0.0445577934429899	0.874947175637136	6
0.122785274386409	0.576896558652864	60
0.110404229609813	0.757569621293322	6
-0.11469972387002	0.540927932422351	6
0.031966956155177	0.567023112730889	6
0.110126732547253	0.758353213221804	23
-0.0674360593176	1.02910344958402	132
0.03185477649666	0.566902385585879	43
0.0661523359715051	0.9136864910444	39
-0.00949318472380001	0.719548716819513	2
-0.04424346658303	0.87433303486305	205
-0.06757087432184	1.02960559429657	2
0.0660518891317951	0.913618848568669	2
0.031847247933781	0.567121503023109	2
0.122785274386409	0.576896558652864	26
0.016758349005995	1.67851617424988	9
0.110344077545518	0.757817202440817	5
-0.01100712019044	1.0467688034003	86
-0.00945513744605009	0.719425138137918	6
0.110043187174885	0.758402852078309	6
0.122745292903087	0.577167546274364	60
0.032199301264988	0.566773743831677	60
0.060856765447748	0.734645723530448	60
0.122871801503524	0.577191008258668	6
0.122828533793664	0.577150150243609	6
0.122871801503524	0.577191008258668	6
0.102505916207118	0.940205975951383	84
0.122786734926908	0.577236204859608	23
-0.00949318472380001	0.719548716819513	43
0.03243225177931	0.566259034919588	311
0.122850887569758	0.577216000555005	2
-0.00962268959251	0.719542660462454	2
0.122957113106258	0.577005310114962	2
0.065712055332106	0.913956569569172	230
0.032884158269554	1.06802087090465	230
0.110126732547253	0.758353213221804	54
0.022109659857261	1.37971979294716	10
0.123747495512262	1.13832683832846	5
-0.03366331974116	1.2000162830891	5
-0.00964539622932992	0.719322985686137	5
-0.11459535646121	0.54087500274063	6
-0.0110513300666999	1.04678228127872	86
0.032199301264988	0.566773743831677	92
0.102743275110927	0.93991294095813	92
0.110006329028242	0.758410478909053	99
0.018441547238006	0.891351129934286	99
0.122979304866702	0.576798736351056	6
-0.1144886963805	0.541000350984738	6
-0.04454424783783	0.875037302287801	60
0.12280758973809	0.577211271023757	6
0.110103382513894	0.758357339826199	6
0.03185477649666	0.566902385585879	84
0.097899036642241	1.27743417381619	84
-0.0108188601333701	1.04622638080939	6
-0.11469959880058	0.540907832368884	43
0.031847247933781	0.567121503023109	39
-0.0446229306980801	0.875080562846637	39
-0.00958459475678008	0.719552722677059	2
0.12280758973809	0.577211271023757	2
-0.04460940159171	0.875044256076931	2
0.122828533793664	0.577150150243609	2
0.032079229085774	0.56691647468837	81
-0.00946265936106006	0.719458642516027	81
-0.00958459475678008	0.719552722677059	81
0.110140217393594	0.75818922164643	54
-0.00955415243894997	0.719594277702576	21
-0.0111557138537499	1.04698444683563	21
0.042249943395588	1.2381224020176	5
-0.08440755145801	1.18425460382918	5
0.065775020361061	0.914029309125745	86
-0.0112625015097401	1.046789994541	6
0.122957113106258	0.577005310114962	60
0.122936050643944	0.577066528922155	60
0.060843517364767	0.734573163138473	60
-0.00949318472380001	0.719548716819513	60
0.109982983249307	0.758414603504005	6
-0.11469959880058	0.540907832368884	43
0.031727756362024	0.567172585007472	43
0.110210273924257	0.758188605908356	39
-0.11459571417205	0.540895302433044	311
-0.1146996213552	0.541121784175122	2
0.12280758973809	0.577211271023757	2
0.110210273924257	0.758188605908356	2
-0.0673320781203299	1.02880172923917	230
-0.1146996213552	0.541121784175122	54
-0.11423834940659	0.540537025048118	81
0.123726447905206	1.13848557971854	81
0.032207023364778	0.566690506749215	21
0.060949034106964	0.734553872901206	21
0.065985814116982	0.914054579689335	21
0.061028021479132	0.734455823851989	21
-0.0441513631561801	0.874134056622482	5
0.110247101668791	0.758159798405766	5
0.12280758973809	0.577211271023757	86
0.060711849000988	0.734622762965473	86
-0.11369961316531	0.540175728256294	86
-0.0676510708407601	1.02955906828335	86
-0.0109664578361399	1.04668877277751	92
-0.00959222676060989	0.719584185538748	99
-0.11369961316531	0.540175728256294	6
-0.00955415243894997	0.719594277702576	6
-0.08438682576281	1.18431059237427	6
0.065985814116982	0.914054579689335	6
0.047755745628836	0.272799090918146	2
0.048231954119922	0.27264192625531	2
-0.0508653034583499	1.34973382362398	2
0.04235536745731	1.23793885253156	2
-0.01139035785652	1.36450441248164	2
0.061028021479132	0.734455823851989	230
0.066089506609154	0.91383375945112	230
0.0608700095575661	0.734614739532522	230
0.047387879055768	0.272853156193857	81
0.109959637811511	0.758325708685114	21
-0.01122278980938	1.36404557595975	9
0.061014750006396	0.734486826092846	5
0.102505916207118	0.940205975951383	86
-0.00962268959251	0.719542660462454	6
0.102678018662703	0.940062642864547	92
0.048489868525968	0.272461351367526	92
0.119376950023262	1.30046122691308	92
0.122850887569758	0.577216000555005	99
0.060949034106964	0.734553872901206	6
0.109982983249307	0.758414603504005	6
-0.1143440462202	0.540707013154826	132
0.048231954119922	0.27264192625531	132
0.031966956155177	0.567023112730889	132
0.031966956155177	0.567023112730889	39
0.048598433462579	0.272432782475208	39
-0.1145954954322	0.541089063658969	311
0.109899427439278	0.758302416946051	230
0.047864940117501	0.272770263417896	81
-0.11449125834891	0.540788176297302	81
0.022363913907587	1.38009583404878	54
-0.07235789506043	1.63414842541519	9
0.114087912224286	2.10104672858485	9
0.102743275110927	0.93991294095813	10
-0.0445307058590401	0.875000983365389	5
0.110043187174885	0.758402852078309	5
0.0317352150006121	0.567000612677095	5
0.0608700095575661	0.734614739532522	86
-0.08469325522577	1.18401151322589	6
0.122852694018439	0.576909629894032	6
-0.1143440462202	0.540707013154826	6
0.032199301264988	0.566773743831677	60
-0.01092584208787	1.04646478757565	60
0.032079229085774	0.56691647468837	6
-0.04438698797144	0.874823359724042	6
0.032884158269554	1.06802087090465	84
0.123595812569418	1.13832853510392	84
0.12280758973809	0.577211271023757	23
0.048231954119922	0.27264192625531	311
-0.00953121808197999	0.719538579271265	54
0.051118891259205	1.39742998414626	54
-0.11459571417205	0.540895302433044	54
-0.1146996213552	0.541121784175122	54
-0.11459571417205	0.540895302433044	81
0.047864940117501	0.272770263417896	81
-0.1146996213552	0.541121784175122	81
0.031839735720063	0.567066206054291	81
0.122765969326838	0.57722347245481	54
0.031727756362024	0.567172585007472	21
0.0840380496118181	2.06332347118089	10
-0.0213220183442999	1.80161541305958	10
0.0719999216194061	1.25784747559237	86
-0.1014133758794	2.20166960150542	86
0.060883249694848	0.734481046029501	6
-0.1144886963805	0.541000350984738	60
0.12280758973809	0.577211271023757	60
0.047864940117501	0.272770263417896	60
-0.11480398571088	0.54087926587085	6
0.018468769989692	0.891343802585796	6
0.031847247933781	0.567121503023109	6
0.0609881951343571	0.734143578649317	6
-0.0445307058590401	0.875000983365389	84
0.018574659801723	0.891193190806152	23
0.061172585768852	0.734169359590649	23
-0.1146996213552	0.541121784175122	132
0.03185477649666	0.566902385585879	2
-0.0335717275230001	1.19984085753893	2
0.031966956155177	0.567023112730889	54
0.042255214949799	1.23793432074642	54
0.122786734926908	0.577236204859608	21
0.031966956155177	0.567023112730889	21
-0.08432147431859	1.18422470011317	116
0.050873684263929	1.39782877630007	116
0.122701912984862	0.577068484962905	116
0.065985814116982	0.914054579689335	116
0.0980795172196009	1.11497858902513	5
0.047755745628836	0.272799090918146	86
-0.0630121883586101	1.49401295200464	86
0.032705383819015	1.06821640467112	6
0.122765969326838	0.57722347245481	60
-0.0444520453949799	0.874915515762286	6
0.110474313083102	0.757302700090388	6
-0.00953121808197999	0.719538579271265	60
0.10994611442796	0.758387165212466	60
0.060843517364767	0.734573163138473	60
0.12280758973809	0.577211271023757	6
-0.0338821521412001	1.20028548040552	23
-0.11459535646121	0.54087500274063	311
0.122936050643944	0.577066528922155	311
0.031615869941974	0.567051569300168	2
-0.0336175076704801	1.20000036554384	2
0.018494495669324	0.891295148402178	54
0.110150082914474	0.758267834539312	116
0.032207023364778	0.566690506749215	6
0.04812307490303	0.272670624519378	6
0.032990912236226	1.06776186767796	6
0.065775020361061	0.914029309125745	6
-0.1144886963805	0.541000350984738	84
0.110247101668791	0.758159798405766	6
0.122957113106258	0.577005310114962	39
0.09785841008285	1.11505132520686	39
-0.0676493547222801	1.02971956899807	2
0.122870689764117	0.576908736532363	2
-0.08438682576281	1.18431059237427	2
-0.0844107848588001	1.18411261581604	81
0.031727756362024	0.567172585007472	54
0.061106971656411	0.734318770281423	54
-0.1144886963805	0.541000350984738	54
0.06798557768668	1.09131758502348	116
-0.00969122612077	0.719220324858859	86
0.123500152821536	1.1385469518068	6
0.047755745628836	0.272799090918146	6
0.048231954119922	0.27264192625531	99
0.00758117420136895	1.218593081794	6
0.098135621432704	1.11477501209057	6
-0.1145954954322	0.541089063658969	60
0.122871801503524	0.577191008258668	84
0.048231954119922	0.27264192625531	84
0.122850887569758	0.577216000555005	39
0.066174401668377	0.913722165965181	2
0.060856765447748	0.734645723530448	21
0.032207023364778	0.566690506749215	116
0.018308407038457	0.891243556312028	116
-0.0112455079038001	1.04677890051786	116
0.031959373972186	0.567014988604947	116
0.031966956155177	0.567023112730889	86
0.039339388999483	1.69906521588966	6
0.047864940117501	0.272770263417896	6
-0.11480387759856	0.540899159478976	6
0.031832239901136	0.566732996748212	99
-0.08440755145801	1.18425460382918	6
-0.00955415243894997	0.719594277702576	60
0.0658379628179731	0.914062389811693	6
0.110103382513894	0.758357339826199	6
-0.11459535646121	0.54087500274063	84
-0.0337294797327301	1.20010746623289	23
-0.00966077046648994	0.719307892669355	6
-0.0675964565840099	1.02968138226897	132
0.10265723813339	0.940076957017963	132
0.060949034106964	0.734553872901206	39
0.018550450231306	0.890578806593691	311
-0.04428125335874	0.874450999488996	2
0.047755745628836	0.272799090918146	2
0.032843700712197	1.06773303844651	116
0.061014750006396	0.734486826092846	116
0.109982983249307	0.758414603504005	116
-0.0272108593306	2.2456216086654	10
-0.11293446606533	1.62630670520801	6
-0.1146996213552	0.541121784175122	6
0.047864940117501	0.272770263417896	6
0.122850887569758	0.577216000555005	99
0.018414326479441	0.891246435034977	60
0.0609357763180281	0.734584867529678	6
0.109932575496599	0.758062850223566	6
0.122913897302031	0.57703082808025	23
0.122786734926908	0.577236204859608	132
-0.00950067227012008	0.71944848988664	2
-0.0675691464047901	1.02956080335463	2
0.0328380664694921	1.06811379957822	2
0.102680887851236	0.93968490016281	54
0.018415813439741	0.891361705052936	54
0.018548943881068	0.891182658817562	230
-0.0843007427131801	1.18416297802057	81
-0.0108815915949201	1.04645124106137	54
0.065985814116982	0.914054579689335	54
0.047864940117501	0.272770263417896	54
-0.0380813723531801	1.64570823498749	86
-0.00964539622932992	0.719322985686137	86
-0.08434538913818	1.18406953562115	99
-0.11277535191372	1.62629602964912	6
0.032199301264988	0.566773743831677	6
0.122913897302031	0.57703082808025	84
0.122850887569758	0.577216000555005	6
-0.00949318472380001	0.719548716819513	6
0.102419856456453	0.940081077850025	39
0.102416774434647	0.94032533926777	311
0.097869086932755	1.11505185367019	311
0.110163569243204	0.758278106424201	2
-0.0675964565840099	1.02968138226897	2
-0.11409385166674	0.540651439280993	2
0.031727756362024	0.567172585007472	54
-0.10660760351608	1.48394145936372	54
-0.00962268959251	0.719542660462454	230
-0.0675964565840099	1.02968138226897	81
0.042383578448162	1.23791559703069	54
0.031847247933781	0.567121503023109	116
0.072138283745567	1.25768053773344	34
-0.05064805367925	1.34945872895967	99
-0.03377011942518	1.20023567172394	6
-0.00952368242224999	0.719592912783372	60
-0.00945513744605009	0.719425138137918	60
-0.00969122612077	0.719220324858859	60
0.047497389810397	0.272824202108595	84
0.032207023364778	0.566690506749215	84
-0.0447668987624801	0.874998371336222	6
0.032207023364778	0.566690506749215	6
-0.06770396846786	1.02959726058999	132
0.061172585768852	0.734169359590649	39
-0.10657426901393	1.48391039257502	2
0.032086881231415	0.566880494409038	2
-0.0676220447934699	1.02959898870171	2
-0.01109200987748	1.04692438485415	54
0.122722619569568	0.577081252829866	81
0.06106710424467	0.734006664912678	54
-0.01106991729155	1.04686660568732	81
0.122722619569568	0.577081252829866	6
0.047755745628836	0.272799090918146	6
-0.00962268959251	0.719542660462454	99
-0.04437342022381	0.87478702664477	6
0.018574659801723	0.891193190806152	60
0.110223747339957	0.758163932303549	60
-0.0444141343633	0.874401183342803	60
-0.0256604599491399	1.50514602389848	6
0.122979304866702	0.576798736351056	6
0.018415813439741	0.891361705052936	132
0.018626072092205	0.890781296672914	39
-0.0446746199444299	0.87488269178405	39
-0.00949318472380001	0.719548716819513	39
0.122785274386409	0.576896558652864	2
0.018494495669324	0.891295148402178	2
-0.00947796190947003	0.719130924368753	54
-0.00951606416000006	0.719470647168065	54
-0.0109037146347	1.04650903893007	54
0.0609357763180281	0.734584867529678	54
0.122849567125542	0.577051214111517	54
0.060619509928838	0.734594351378015	21
-0.0334599033012499	1.19926785168813	21
0.102526680568705	0.940274502101517	6
0.122786734926908	0.577236204859608	6
0.122892804737198	0.577129826927392	99
0.12300033719795	0.576773649682754	60
0.031959373972186	0.567014988604947	60
-0.0842976451986299	1.18383975553519	60
-0.0675964565840099	1.02968138226897	60
0.032970683034459	1.06786460606963	60
0.018308407038457	0.891243556312028	6
-0.1144886963805	0.541000350984738	6
-0.1145954954322	0.541089063658969	6
0.018523221483567	0.891022138441651	39
0.110126732547253	0.758353213221804	39
-0.04454424783783	0.875037302287801	39
0.110103382513894	0.758357339826199	2
0.0608700095575661	0.734614739532522	2
-0.04437342022381	0.87478702664477	2
-0.0108815915949201	1.04645124106137	2
-0.0443084110125001	0.874649006739739	54
0.060856765447748	0.734645723530448	54
0.032990912236226	1.06776186767796	2
-0.0973947259963901	1.3360781394605	54
0.122786734926908	0.577236204859608	54
-0.00958459475678008	0.719552722677059	54
0.119570530700355	1.30006393920962	86
-0.0674906827344	1.02947600253339	99
0.110330630084249	0.7579225607507	99
-0.0110292229225499	1.04682659260225	99
0.122936050643944	0.577066528922155	60
0.031727756362024	0.567172585007472	60
0.122765969326838	0.57722347245481	6
0.122786734926908	0.577236204859608	84
0.122850887569758	0.577216000555005	132
-0.00959222676060989	0.719584185538748	39
-0.00950067227012008	0.71944848988664	54
-0.0447016488104299	0.875080672215587	54
0.110293811301542	0.757896671481691	21
-0.00948561465469999	0.719469300354575	21
0.123021458939366	0.576712431640606	116
0.00752324157699202	1.21846582069693	86
0.122850887569758	0.577216000555005	34
0.110283916781517	0.758012030530767	6
0.122828533793664	0.577150150243609	6
-0.00951606416000006	0.719470647168065	60
-0.04446560025431	0.874951843477017	84
-0.00959977615633001	0.719347916460793	84
-0.06754529803915	1.02935372906116	6
0.047755745628836	0.272799090918146	6
-0.11459571417205	0.540895302433044	6
0.122830062903215	0.577203324418684	6
0.0682315385782331	1.09081902439004	39
0.110126732547253	0.758353213221804	39
0.122828533793664	0.577150150243609	2
0.018467274549559	0.891190458093011	230
0.047755745628836	0.272799090918146	54
-0.0675179913994	1.02948100786859	54
-0.11409385166674	0.540651439280993	21
0.114811549677105	1.46394673144361	6
0.059283853556616	1.72121306163837	86
0.00761014885896605	1.21850920142598	36
0.060962287922118	0.734420173128497	99
-0.0675981806957899	1.02947828761807	99
-0.00952368242224999	0.719592912783372	60
0.031727756362024	0.567172585007472	278
0.110186921419238	0.758273976852272	60
0.061001474558287	0.734414306613764	39
0.110283916781517	0.758012030530767	39
0.12280758973809	0.577211271023757	39
-0.1145954954322	0.541089063658969	6
-0.0334142101397801	1.19872069740358	2
0.031966956155177	0.567023112730889	2
-0.05079947165776	1.3495994592284	2
0.061028021479132	0.734455823851989	54
-0.1145954954322	0.541089063658969	54
-0.0445307058590401	0.875000983365389	21
-0.00950067227012008	0.71944848988664	54
0.110126732547253	0.758353213221804	21
0.048231954119922	0.27264192625531	21
-0.00952368242224999	0.719592912783372	21
0.047755745628836	0.272799090918146	116
0.047755745628836	0.272799090918146	36
0.06590398857626	0.913907893473794	278
-0.04428125335874	0.874450999488996	60
0.033189734016266	1.06709051291316	60
0.122871801503524	0.577191008258668	84
0.0183885910418971	0.891369034784776	6
0.0661523359715051	0.9136864910444	2
0.018520214845332	0.891095845361931	2
-0.00946265936106006	0.719458642516027	2
0.048598433462579	0.272432782475208	54
0.048231954119922	0.27264192625531	54
-0.1145954954322	0.541089063658969	54
-0.0443084110125001	0.874649006739739	21
0.031847247933781	0.567121503023109	21
0.060962287922118	0.734420173128497	116
-0.00958459475678008	0.719552722677059	86
0.075642199383926	1.41712017946149	86
-0.0629445104652999	1.49377125926658	34
0.03185477649666	0.566902385585879	36
0.047755745628836	0.272799090918146	36
0.102568195055912	0.940168529644805	6
0.102698794441381	0.939970942027738	6
0.018494495669324	0.891295148402178	278
0.065944925433499	0.91404265035613	60
0.042288589601939	1.23797117367548	6
0.061199179498226	0.734004736031384	6
0.122957113106258	0.577005310114962	6
-0.00945513744605009	0.719425138137918	6
-0.0674889430171199	1.02922796641989	6
0.110006329028242	0.758410478909053	39
-0.06749242287696	1.02918275724483	2
0.065944925433499	0.91404265035613	2
0.110186921419238	0.758273976852272	2
0.122745292903087	0.577167546274364	2
0.018523221483567	0.891022138441651	54
0.122830062903215	0.577203324418684	54
0.060949034106964	0.734553872901206	21
-0.03355138611036	1.19982797735367	116
0.097650680902687	1.27834020139292	6
0.07212358805089	1.25656325902576	34
0.047497389810397	0.272824202108595	36
0.031959373972186	0.567014988604947	36
-0.11449125834891	0.540788176297302	99
0.032858281451982	1.06801105527549	99
0.110043187174885	0.758402852078309	60
-0.00956173625136003	0.719582795507295	278
-0.0444520453949799	0.874915515762286	60
0.032858281451982	1.06801105527549	6
-0.11449125834891	0.540788176297302	6
0.097935660470675	1.11518091544644	6
0.031608481231659	0.567163423048126	39
0.060856765447748	0.734645723530448	2
-0.0336836450885101	1.20013164447268	2
-0.0442948303691	0.874612671953292	2
0.060949034106964	0.734553872901206	2
0.065881984569559	0.914046639201442	54
-0.0443084110125001	0.874649006739739	54
-0.00946265936106006	0.719458642516027	21
0.066215142670211	0.913499728136811	21
0.102764061357437	0.939821244116649	116
-0.0096302871393199	0.719349342460465	116
0.031847247933781	0.567121503023109	36
0.122892804737198	0.577129826927392	36
0.102832093608003	0.939448099990635	99
0.018494495669324	0.891295148402178	6
0.06609277487246	0.913789457162529	15
0.122743415309001	0.57705638656403	15
0.122809327469738	0.577147451985876	84
-0.0445307058590401	0.875000983365389	6
-0.00943210635186009	0.719314837631752	6
-0.04437342022381	0.87478702664477	2
0.060909248816591	0.734241533691457	2
0.066340688020198	0.912987792805011	54
0.061080397358425	0.734277294146734	2
-0.04446560025431	0.874951843477017	2
-0.10660760351608	1.48394145936372	54
0.110126732547253	0.758353213221804	54
0.01833562708671	0.891348219855638	21
0.110150082914474	0.758267834539312	21
0.110043187174885	0.758402852078309	116
-0.0485754708147901	1.78405131405085	6
0.122830062903215	0.577203324418684	6
-0.11423834940659	0.540537025048118	6
0.110126732547253	0.758353213221804	99
-0.0108815915949201	1.04645124106137	6
0.110210273924257	0.758188605908356	60
0.098035595670948	1.1151274797835	60
-0.0677551733936499	1.02966677680237	60
0.00753062705021101	1.21869653416016	278
0.110186921419238	0.758273976852272	278
0.122871801503524	0.577191008258668	60
0.031847247933781	0.567121503023109	84
0.047864940117501	0.272770263417896	84
-0.06770226032767	1.02971511897472	39
0.102354543991856	0.94009697487724	6
-0.01100712019044	1.0467688034003	2
-0.11409385166674	0.540651439280993	421
0.110307273273172	0.75800789084331	2
0.031727756362024	0.567172585007472	2
0.066237218885544	0.913535369249191	54
0.032086881231415	0.566880494409038	21
0.018786346119862	0.890355254357853	21
0.042255214949799	1.23793432074642	6
0.04812307490303	0.272670624519378	6
-0.10656367913535	1.48357108333185	6
0.123593427743363	1.13861050970406	60
-0.04471516867313	0.874990540305417	278
-0.00952368242224999	0.719592912783372	60
0.047864940117501	0.272770263417896	60
-0.11480387759856	0.540899159478976	6
0.06590398857626	0.913907893473794	6
-0.06780978614306	1.02954453126558	6
0.110089883315592	0.75831334866461	39
0.061172585768852	0.734169359590649	6
0.102482118205951	0.94030942754423	6
0.060856765447748	0.734645723530448	2
-0.0445171675051601	0.874839243596844	2
-0.11469959880058	0.540907832368884	2
0.068245806311512	1.09126818710388	2
-0.00946265936106006	0.719458642516027	54
0.00760275821234202	1.21844045928042	54
-0.00945513744605009	0.719425138137918	21
0.122743415309001	0.57705638656403	21
0.12280758973809	0.577211271023757	21
0.047755745628836	0.272799090918146	36
0.047755745628836	0.272799090918146	6
0.072114742409588	1.25776216142976	99
-0.02591607909525	1.50568533639299	99
0.097891732870101	1.11506595429393	60
-0.08428001603188	1.18398362201332	278
-0.00955415243894997	0.719594277702576	60
0.048231954119922	0.27264192625531	60
-0.1145954954322	0.541089063658969	421
0.0317352150006121	0.567000612677095	2
-0.0674633720414	1.02935545738054	2
-0.11459535646121	0.54087500274063	2
0.110126732547253	0.758353213221804	54
-0.1146996213552	0.541121784175122	21
0.122722619569568	0.577081252829866	21
-0.0114056381243499	1.36423219907183	21
-0.11449125834891	0.540788176297302	36
-0.1146996213552	0.541121784175122	99
-0.01092584208787	1.04646478757565	15
-0.09722192601032	1.3359014050852	278
0.061093686495544	0.734349776969803	60
0.018494495669324	0.891295148402178	60
0.018574659801723	0.891193190806152	60
0.110103382513894	0.758357339826199	60
0.047864940117501	0.272770263417896	60
0.048598433462579	0.272432782475208	191
-0.0844107848588001	1.18411261581604	6
0.047755745628836	0.272799090918146	6
-0.11449125834891	0.540788176297302	6
-0.0447016488104299	0.875080672215587	39
0.066111561791409	0.913869462420194	39
0.033123476720764	1.06735759628624	2
0.007660691696459	1.21836742587107	2
-0.06757087432184	1.02960559429657	54
-0.0676237647283999	1.02968638703922	54
0.047387879055768	0.272853156193857	21
0.047755745628836	0.272799090918146	21
-0.11480389157877	0.541093044086259	21
0.018548943881068	0.891182658817562	21
0.110103382513894	0.758357339826199	86
0.123658783671944	1.13863240837444	36
-0.0337904430220499	1.20013885545986	99
-0.0675964565840099	1.02968138226897	6
-0.00949318472380001	0.719548716819513	15
-0.00962268959251	0.719542660462454	15
0.110126732547253	0.758353213221804	60
-0.04446560025431	0.874951843477017	60
-0.1145954954322	0.541089063658969	191
0.109996492378858	0.758034210233106	6
-0.0675179913994	1.02948100786859	6
0.110150082914474	0.758267834539312	39
-0.0442948303691	0.874612671953292	39
0.065815945074774	0.913919891438734	6
0.018361370640517	0.89126434873263	54
-0.11459571417205	0.540895302433044	21
-0.08425614552937	1.18409554472181	21
0.032199301264988	0.566773743831677	116
-0.0676766626128	1.02972457605802	6
-0.0446229306980801	0.875080562846637	36
-0.04471516867313	0.874990540305417	15
0.061028021479132	0.734455823851989	60
0.122765969326838	0.57722347245481	15
0.110056683438365	0.757988708239315	15
0.110270456321804	0.758074443440553	60
0.123021458939366	0.576712431640606	60
-0.00945513744605009	0.719425138137918	6
0.0658599759831871	0.914098152341415	6
-0.0676766626128	1.02972457605802	6
-0.1144886963805	0.541000350984738	191
0.122936050643944	0.577066528922155	39
0.018255435679037	0.891182070906623	39
0.031832239901136	0.566732996748212	421
-0.1145954954322	0.541089063658969	2
-0.11480389157877	0.541093044086259	2
-0.01073401163232	1.04579152609069	54
-0.00951606416000006	0.719470647168065	54
-0.04459587610723	0.874882532020824	21
0.122743415309001	0.57705638656403	116
0.061041288976964	0.734322134192378	6
-0.00966077046648994	0.719307892669355	36
-0.11449125834891	0.540788176297302	36
0.04812307490303	0.272670624519378	36
0.060883249694848	0.734481046029501	15
-0.0444520453949799	0.874915515762286	60
0.060975537764048	0.734093335797519	60
-0.00955415243894997	0.719594277702576	6
0.061106971656411	0.734318770281423	39
-0.04454424783783	0.875037302287801	2
0.061041288976964	0.734322134192378	2
-0.0448726848441801	0.874846423169941	421
0.0609357763180281	0.734584867529678	54
0.065966939937158	0.913903875523373	2
-0.0340145688215201	1.20018264146141	54
0.098218052467267	1.11451001659966	54
0.060922514554735	0.734512322363123	54
-0.0447668987624801	0.874998371336222	21
-0.08438682576281	1.18431059237427	6
0.068238650614869	1.091256783625	36
-0.00956173625136003	0.719582795507295	6
-0.0442948303691	0.874612671953292	99
0.061014750006396	0.734486826092846	6
-0.0844521998383301	1.18435363304479	15
-0.0335920714567599	1.19974411881959	15
-0.00956173625136003	0.719582795507295	60
0.102743275110927	0.93991294095813	15
0.066237218885544	0.913535369249191	278
0.122850887569758	0.577216000555005	15
-0.08451759652118	1.1843533689843	6
-0.1143440462202	0.540707013154826	191
-0.09711050258711	1.33545673472299	6
0.018362849134788	0.891340886373901	6
0.031966956155177	0.567023112730889	6
0.110307273273172	0.75800789084331	39
0.060606302856461	0.734521811114938	39
-0.0843007427131801	1.18416297802057	6
0.060922514554735	0.734512322363123	2
0.060856765447748	0.734645723530448	421
0.122724705619511	0.577053836575578	2
0.122830062903215	0.577203324418684	2
0.110210273924257	0.758188605908356	2
-0.0109037146347	1.04650903893007	2
0.098068927491198	1.1150442420731	2
0.066218519321411	0.913531824301823	431
-0.0443219952901699	0.87455898053866	21
0.060764483006036	0.73459676282174	6
-0.04454424783783	0.875037302287801	6
-0.11409385166674	0.540651439280993	15
0.061028021479132	0.734455823851989	15
-0.1128224518334	1.62631140046086	6
0.110223747339957	0.758163932303549	6
0.123796442090775	1.13820325501289	6
0.048231954119922	0.27264192625531	39
-0.00949318472380001	0.719548716819513	39
-0.0096302871393199	0.719349342460465	6
0.032904383029822	1.06800777077185	2
-0.00951606416000006	0.719470647168065	2
0.110126732547253	0.758353213221804	2
0.110210273924257	0.758188605908356	2
0.072161834680566	1.25756393776782	2
0.065944925433499	0.91404265035613	2
-0.11409385166674	0.540651439280993	2
-0.00945513744605009	0.719425138137918	21
0.102636452853247	0.940008480427255	6
0.031959373972186	0.567014988604947	6
0.122828533793664	0.577150150243609	36
0.031720314122376	0.567057194652099	6
0.066133612393815	0.913817896990738	6
0.031959373972186	0.567014988604947	6
0.122915077536795	0.577091573709713	2
0.110150082914474	0.758267834539312	2
-0.00949318472380001	0.719548716819513	2
0.018467274549559	0.891190458093011	2
0.047864940117501	0.272770263417896	54
-0.1146996213552	0.541121784175122	21
0.122850887569758	0.577216000555005	21
0.0317352150006121	0.567000612677095	21
0.047755745628836	0.272799090918146	21
0.022255269079648	1.38015062893446	34
0.098074202385922	1.11506632749244	6
0.018680518526093	0.890878556348043	15
0.018441547238006	0.891351129934286	6
0.018415813439741	0.891361705052936	6
0.03185477649666	0.566902385585879	15
0.110260560606779	0.757923214285955	15
0.060790947849236	0.734638357608288	278
-0.0110292229225499	1.04682659260225	15
0.031839735720063	0.567066206054291	6
0.032817848817712	1.06812688940222	6
-0.0674651159672	1.0293099914417	6
-0.00948561465469999	0.719469300354575	39
0.031959373972186	0.567014988604947	6
-0.09724236809706	1.33591396738743	2
0.061001474558287	0.734414306613764	6
-0.11480387759856	0.540899159478976	2
0.110080032811791	0.758268439784129	2
-0.0445171675051601	0.874839243596844	2
0.102764061357437	0.939821244116649	2
0.110330630084249	0.7579225607507	54
-0.03350562865797	1.19962555668558	2
0.12300033719795	0.576773649682754	431
0.031839735720063	0.567066206054291	21
0.060922514554735	0.734512322363123	21
0.123658783671944	1.13863240837444	34
-0.0335920714567599	1.19974411881959	6
0.065985814116982	0.914054579689335	36
0.122871801503524	0.577191008258668	36
-0.00952368242224999	0.719592912783372	6
0.109982983249307	0.758414603504005	15
-0.08428001603188	1.18398362201332	15
-0.04454424783783	0.875037302287801	15
0.018627593052595	0.891057998572292	278
-0.0447804021495899	0.875034643261629	15
0.031839735720063	0.567066206054291	6
-0.00950067227012008	0.71944848988664	6
-0.06757087432184	1.02960559429657	6
0.122764300237126	0.576995364187196	39
0.097968962189366	1.11519561105545	39
-0.11480389157877	0.541093044086259	6
-0.1144886963805	0.541000350984738	2
0.031727756362024	0.567172585007472	6
-0.1146996213552	0.541121784175122	6
0.122957113106258	0.577005310114962	6
0.122915077536795	0.577091573709713	2
0.00784128479357005	1.21751555535523	2
0.11023362676084	0.758010794911154	2
-0.00955415243894997	0.719594277702576	2
0.061093686495544	0.734349776969803	2
-0.00952368242224999	0.719592912783372	2
0.10994611442796	0.758387165212466	2
0.031847247933781	0.567121503023109	54
0.122765969326838	0.57722347245481	431
0.031966956155177	0.567023112730889	431
0.047497389810397	0.272824202108595	431
0.122892804737198	0.577129826927392	21
-0.04454424783783	0.875037302287801	21
0.102568195055912	0.940168529644805	34
0.018653294319131	0.890885888045407	99
-0.00953121808197999	0.719538579271265	15
0.061054552500399	0.733995339864422	15
0.066133612393815	0.913817896990738	15
0.110126732547253	0.758353213221804	15
0.03185477649666	0.566902385585879	15
0.018390073185487	0.891235733129596	15
-0.04446560025431	0.874951843477017	6
0.122765969326838	0.57722347245481	39
0.061106971656411	0.734318770281423	6
-0.0675964565840099	1.02968138226897	2
-0.01106991729155	1.04686660568732	2
-0.0676510708407601	1.02955906828335	2
0.122871801503524	0.577191008258668	2
0.110186921419238	0.758273976852272	2
0.102547440184871	0.940260218229084	54
0.060949034106964	0.734553872901206	2
0.032086881231415	0.566880494409038	54
0.032094549623495	0.566570214515686	54
0.060949034106964	0.734553872901206	54
-0.04422986940011	0.874422999949284	21
0.061251598364894	0.733936477959649	21
0.110043187174885	0.758402852078309	21
0.047755745628836	0.272799090918146	4
0.122892804737198	0.577129826927392	6
-0.0337904430220499	1.20013885545986	167
0.122873399258265	0.577023179258317	15
-0.00952368242224999	0.719592912783372	15
-0.0444384941634399	0.874753778962291	15
0.122849567125542	0.577051214111517	15
-0.00949318472380001	0.719548716819513	2
0.110150082914474	0.758267834539312	2
-0.00945513744605009	0.719425138137918	2
0.110043187174885	0.758402852078309	2
-0.00959222676060989	0.719584185538748	54
0.061093686495544	0.734349776969803	2
-0.00941707623437993	0.719085475768888	2
0.060856765447748	0.734645723530448	54
-0.11480387759856	0.540899159478976	431
0.12300033719795	0.576773649682754	431
-0.06764763891751	1.02934249022698	21
-0.0111557138537499	1.04698444683563	21
-0.00953121808197999	0.719538579271265	21
-0.0628977909939501	1.49354569777032	167
0.018548943881068	0.891182658817562	15
0.10994611442796	0.758387165212466	15
0.122681295519488	0.577012560144428	15
0.031847247933781	0.567121503023109	15
-0.0443219952901699	0.87455898053866	15
0.12280758973809	0.577211271023757	15
0.061041288976964	0.734322134192378	15
0.032191595406	0.566591842753788	15
-0.00951606416000006	0.719470647168065	84
0.060777717413549	0.734669327956872	6
0.122743415309001	0.57705638656403	39
0.122871801503524	0.577191008258668	39
0.0609357763180281	0.734584867529678	2
0.060606302856461	0.734521811114938	6
-0.0336175076704801	1.20000036554384	2
0.018574659801723	0.891193190806152	2
0.122871801503524	0.577191008258668	54
0.047755745628836	0.272799090918146	4
-0.01140058235095	1.36447205132947	34
-0.00959222676060989	0.719584185538748	15
0.0609881951343571	0.734143578649317	15
0.122892804737198	0.577129826927392	15
0.031966956155177	0.567023112730889	15
0.066133612393815	0.913817896990738	15
0.031720314122376	0.567057194652099	15
0.122916744012362	0.576617221119818	15
0.122850887569758	0.577216000555005	15
0.066130265695783	0.913544117933911	6
0.122892804737198	0.577129826927392	6
0.018548943881068	0.891182658817562	6
0.122701912984862	0.577068484962905	39
-0.0441513631561801	0.874134056622482	39
0.018494495669324	0.891295148402178	2
0.122786734926908	0.577236204859608	2
0.018362849134788	0.891340886373901	2
-0.0442026859429301	0.874225060290528	2
0.066111561791409	0.913869462420194	54
-0.11409385166674	0.540651439280993	54
-0.0335310472160599	1.19971263124176	2
-0.0444005593508501	0.874733287180993	2
-0.08432147431859	1.18422470011317	2
0.110116865867852	0.75790953065701	2
-0.1145954954322	0.541089063658969	21
0.032079229085774	0.56691647468837	21
-0.00966077046648994	0.719307892669355	21
-0.00954648594502006	0.719429089721718	21
0.068397626178061	1.090918671406	167
-0.0675179913994	1.02948100786859	99
0.102461369032137	0.940323696699579	15
0.018627593052595	0.891057998572292	15
0.031974554636492	0.56675996581703	6
-0.00948561465469999	0.719469300354575	39
0.061251598364894	0.733936477959649	39
0.110076368438553	0.757781106680667	2
0.0608700095575661	0.734614739532522	54
0.018653294319131	0.890885888045407	2
0.018362849134788	0.891340886373901	2
-0.1145954954322	0.541089063658969	431
-0.1144886963805	0.541000350984738	54
0.065863003575906	0.913629612932512	21
0.122765969326838	0.57722347245481	21
0.122936050643944	0.577066528922155	21
0.048231954119922	0.27264192625531	21
0.066073904973549	0.913145127223089	4
0.109982983249307	0.758414603504005	34
0.031496758217042	0.567042315970506	167
0.018494495669324	0.891295148402178	167
0.031959373972186	0.567014988604947	6
0.060790947849236	0.734638357608288	15
0.018734972891022	0.890557154783962	15
0.10994611442796	0.758387165212466	15
0.110066535075841	0.758398727133385	15
0.061001474558287	0.734414306613764	6
-0.04454424783783	0.875037302287801	172
0.03185477649666	0.566902385585879	6
-0.01098857513235	1.0466444883025	6
-0.00951606416000006	0.719470647168065	6
-0.00966077046648994	0.719307892669355	6
-0.00954648594502006	0.719429089721718	6
0.122850887569758	0.577216000555005	6
0.048598433462579	0.272432782475208	2
-0.0842354030835699	1.18403381258987	2
0.060856765447748	0.734645723530448	2
-0.00952368242224999	0.719592912783372	2
-0.00949318472380001	0.719548716819513	2
0.110066535075841	0.758398727133385	2
-0.04438698797144	0.874823359724042	2
0.122871801503524	0.577191008258668	54
0.06609277487246	0.913789457162529	54
0.122871801503524	0.577191008258668	2
0.01865481887587	0.890952875697173	21
0.0608700095575661	0.734614739532522	21
-0.0676749506448899	1.0295945475418	116
-0.0843007427131801	1.18416297802057	34
0.047497389810397	0.272824202108595	167
0.122936050643944	0.577066528922155	167
-0.1145954954322	0.541089063658969	99
-0.0112867475593299	1.04699179572721	15
0.01852171877891	0.89128782209467	15
0.122871801503524	0.577191008258668	15
0.102743275110927	0.93991294095813	15
0.060843517364767	0.734573163138473	15
-0.04475339899079	0.874836737298934	15
0.031966956155177	0.567023112730889	15
-0.00959222676060989	0.719584185538748	6
-0.00952368242224999	0.719592912783372	172
0.110210273924257	0.758188605908356	6
-0.0676237647283999	1.02968638703922	39
-0.01100712019044	1.0467688034003	2
-0.04459587610723	0.874882532020824	2
0.109982983249307	0.758414603504005	2
-0.0444384941634399	0.874753778962291	2
0.122957113106258	0.577005310114962	2
0.031966956155177	0.567023112730889	54
-0.0444520453949799	0.874915515762286	2
-0.1143440462202	0.540707013154826	2
0.018733436216923	0.890648334294871	21
-0.0676493547222801	1.02971956899807	21
0.0609357763180281	0.734584867529678	21
0.031959373972186	0.567014988604947	21
-0.08438682576281	1.18431059237427	167
0.031966956155177	0.567023112730889	167
0.122850887569758	0.577216000555005	167
-0.0110489251933601	1.04670851481839	99
0.102547440184871	0.940260218229084	15
-0.04459587610723	0.874882532020824	15
0.122786734926908	0.577236204859608	6
0.110140217393594	0.75818922164643	39
-0.0676766626128	1.02972457605802	2
-0.0839327145250801	1.1825370031169	2
0.122871801503524	0.577191008258668	2
-0.04435985610666	0.874625311859659	2
0.122979304866702	0.576798736351056	54
0.032079229085774	0.56691647468837	54
-0.04459587610723	0.874882532020824	21
-0.1144886963805	0.541000350984738	21
0.031966956155177	0.567023112730889	99
0.04812307490303	0.272670624519378	99
0.047864940117501	0.272770263417896	99
0.122765969326838	0.57722347245481	99
-0.00945513744605009	0.719425138137918	99
0.066004605347318	0.913801615790373	15
-0.0674633720414	1.02935545738054	15
-0.0673849388289001	1.02908287832302	15
0.102482118205951	0.94030942754423	15
-0.0507138212365501	1.34947137160839	6
-0.0843422108479699	1.18416873197409	39
-0.0445307058590401	0.875000983365389	39
0.018390073185487	0.891235733129596	39
0.018627593052595	0.891057998572292	2
-0.08425614552937	1.18409554472181	2
-0.0841700861242001	1.183860058015	2
-0.03366331974116	1.2000162830891	2
-0.00953121808197999	0.719538579271265	54
0.102654266238225	0.93991173958222	2
-0.06778078470952	1.02945131019107	2
0.060922514554735	0.734512322363123	2
0.122765969326838	0.57722347245481	2
0.018759121162086	0.890362598460478	21
-0.01092223648267	1.04647115178995	21
0.061080397358425	0.734277294146734	34
0.110223747339957	0.758163932303549	34
-0.0842115976406601	1.18386588923938	34
-0.0109479739537199	1.04629573419161	15
-0.0674378070355801	1.02930498309819	15
0.061251598364894	0.733936477959649	15
0.032214761658003	0.566320089561136	172
0.122894193752737	0.577078965683136	172
0.061080397358425	0.734277294146734	172
0.018731898177944	0.890258161340428	6
0.0609357763180281	0.734584867529678	6
-0.0448591906896001	0.874936506671943	39
0.031966956155177	0.567023112730889	39
0.102591970277568	0.940192360461248	2
-0.00959222676060989	0.719584185538748	2
0.0183885910418971	0.891369034784776	2
-0.04446560025431	0.874951843477017	2
0.061093686495544	0.734349776969803	2
-0.00948561465469999	0.719469300354575	2
0.102698794441381	0.939970942027738	2
0.031959373972186	0.567014988604947	2
0.031847247933781	0.567121503023109	2
0.01854743633026	0.891200517436491	2
-0.04488618261415	0.874514446049686	21
0.032079229085774	0.56691647468837	21
0.066174401668377	0.913722165965181	34
0.066070739361206	0.913928254492498	6
0.047755745628836	0.272799090918146	6
-0.11449125834891	0.540788176297302	99
-0.0841700861242001	1.183860058015	15
-0.01109200987748	1.04692438485415	15
-0.0507780841424299	1.349791008941	15
-0.01100712019044	1.0467688034003	15
-0.05093720940146	1.34983984957122	6
-0.0107561505840501	1.04595121918338	6
0.032071593233322	0.566690436445225	172
0.031832239901136	0.566732996748212	172
-0.01098857513235	1.0466444883025	6
0.110066535075841	0.758398727133385	39
0.110210273924257	0.758188605908356	39
0.0325726353604739	1.06816950991893	2
-0.0445307058590401	0.875000983365389	2
0.065878854445562	0.913915921489835	2
0.018470264235955	0.891040053985082	2
0.032079229085774	0.56691647468837	2
0.122894193752737	0.577078965683136	2
0.031615869941974	0.567051569300168	21
0.060883249694848	0.734481046029501	21
0.061014750006396	0.734486826092846	21
-0.10657950404703	1.48383685949534	34
0.032904383029822	1.06800777077185	34
0.031959373972186	0.567014988604947	6
0.060764483006036	0.73459676282174	15
0.00745110135749105	1.21875163505965	15
0.102134484841739	0.940034215293713	15
-0.00940152571439001	0.719097959638431	172
0.110223747339957	0.758163932303549	39
-0.01122121898675	1.0470081680928	2
-0.0444520453949799	0.874915515762286	6
0.032745782811282	1.06791490925739	2
0.032079229085774	0.56691647468837	2
0.031727756362024	0.567172585007472	21
0.061014750006396	0.734486826092846	21
-0.09748586500187	1.3362794418562	34
0.068361646649024	1.09069899497515	15
0.061041288976964	0.734322134192378	15
0.060790947849236	0.734638357608288	172
-0.11459571417205	0.540895302433044	172
0.065922906349755	0.914094181612971	2
0.109936292712197	0.758045997006066	2
-0.00958459475678008	0.719552722677059	2
-0.00945513744605009	0.719425138137918	2
-0.04460940159171	0.875044256076931	2
-0.08458301578702	1.18430842606492	2
-0.0678080939135699	1.02957183162047	2
0.032079229085774	0.56691647468837	2
0.110163569243204	0.758278106424201	21
0.12280758973809	0.577211271023757	21
0.098018341600509	1.11471568578051	6
0.031608481231659	0.567163423048126	99
0.068267528594792	1.09126353709328	15
0.042334751878688	1.2375012000343	15
-0.0111557138537499	1.04698444683563	6
0.122892804737198	0.577129826927392	397
-0.0446881325680699	0.875044381033776	2
-0.0676220447934699	1.02959898870171	2
0.098151442136748	1.11471005709961	2
0.110186921419238	0.758273976852272	2
-0.1145954954322	0.541089063658969	2
0.0609357763180281	0.734584867529678	2
0.110103382513894	0.758357339826199	2
0.032751522829547	1.06819642967814	54
-0.00962268959251	0.719542660462454	2
0.110210273924257	0.758188605908356	2
-0.00947009883374994	0.719304676003473	21
-0.0442162758538001	0.87438666757598	34
0.01852171877891	0.89128782209467	34
0.119268072781992	1.30057451104105	6
-0.01100712019044	1.0467688034003	6
0.018548943881068	0.891182658817562	15
0.042272950345939	1.23805958415503	6
0.110210273924257	0.758188605908356	397
-0.0444520453949799	0.874915515762286	6
0.061014750006396	0.734486826092846	2
-0.0445577934429899	0.874947175637136	2
0.060843517364767	0.734573163138473	2
0.031966956155177	0.567023112730889	54
-0.1143440462202	0.540707013154826	54
-0.03366331974116	1.2000162830891	21
0.03309766739638	1.06706017561046	21
0.00755960685033796	1.21861263453586	34
0.098090266434572	1.11445267211647	34
-0.0109037146347	1.04650903893007	34
-0.0442026859429301	0.874225060290528	15
0.110150082914474	0.758267834539312	15
0.018362849134788	0.891340886373901	126
-0.08445551386974	1.18378940346143	15
-0.0841700861242001	1.183860058015	15
0.066259290520992	0.91348379854643	6
0.031847247933781	0.567121503023109	172
0.097941017588138	1.11507205382206	172
-0.03394308249163	1.19996492680522	397
0.018387107711221	0.890911942182745	2
-0.0111144293240799	1.04677144394078	2
0.0682747006237	1.09110798624752	2
-0.00952368242224999	0.719592912783372	2
-0.04437342022381	0.87478702664477	2
0.122871801503524	0.577191008258668	21
0.110150082914474	0.758267834539312	21
-0.08451759652118	1.1843533689843	99
0.032191595406	0.566591842753788	126
-0.0335971755572899	1.19988500775753	15
-0.00949318472380001	0.719548716819513	15
-0.00956173625136003	0.719582795507295	15
0.110019839610098	0.758313948686625	15
-0.0111144293240799	1.04677144394078	15
-0.0445577934429899	0.874947175637136	15
-0.01146288489921	1.04662007258095	6
-0.03399427706876	1.20006738094579	172
0.042460797325766	1.23752287917278	6
-0.0110292229225499	1.04682659260225	6
0.033011138758799	1.0675631016747	397
0.031951808133683	0.566741793143772	397
-0.0674633720414	1.02935545738054	6
-0.0446229306980801	0.875080562846637	6
0.10994611442796	0.758387165212466	2
0.122850887569758	0.577216000555005	2
0.018601885262457	0.89108804281965	54
0.032924605114544	1.0679050257715	54
-0.0676237647283999	1.02968638703922	2
0.031966956155177	0.567023112730889	2
0.122894193752737	0.577078965683136	2
0.031847247933781	0.567121503023109	2
0.066007843702619	0.914003033691674	2
-0.00952368242224999	0.719592912783372	21
0.122850887569758	0.577216000555005	21
0.122849567125542	0.577051214111517	21
0.032771733387711	1.0681833497165	34
0.075715972193659	1.41660730898163	34
0.061106971656411	0.734318770281423	15
0.122913897302031	0.57703082808025	15
-0.06287683213136	1.49337609217389	15
-0.06754529803915	1.02935372906116	6
-0.0675179913994	1.02948100786859	6
0.031727756362024	0.567172585007472	39
0.031847247933781	0.567121503023109	6
-0.04438698797144	0.874823359724042	2
0.110353987217274	0.757744848510225	2
0.061001474558287	0.734414306613764	2
0.066070739361206	0.913928254492498	2
-0.0112278248267399	1.36389990595108	2
-0.04460940159171	0.875044256076931	2
-0.11409385166674	0.540651439280993	2
0.110186921419238	0.758273976852272	2
0.122745292903087	0.577167546274364	21
0.032827146285232	1.53749063950567	34
0.032506236541136	1.06808572954884	15
0.061054552500399	0.733995339864422	15
0.122681295519488	0.577012560144428	15
0.018733436216923	0.890648334294871	15
0.102351408897053	0.940306894743437	15
0.032079229085774	0.56691647468837	6
0.122957113106258	0.577005310114962	2
0.060777717413549	0.734669327956872	2
-0.1146996213552	0.541121784175122	2
0.022360631041065	1.37989654842354	2
0.061212470398299	0.733678163180558	2
0.032079229085774	0.56691647468837	2
-0.00956173625136003	0.719582795507295	2
0.122915077536795	0.577091573709713	2
-0.03350562865797	1.19962555668558	2
0.031847247933781	0.567121503023109	2
0.066048699269289	0.913979811896187	34
0.098107523642557	1.1149831143537	15
0.032598622313073	1.06814250103363	126
0.122978264954337	0.576906289496621	15
0.065985814116982	0.914054579689335	15
-0.10646373891316	1.48347777736668	6
-0.11469959880058	0.540907832368884	6
-0.1145954954322	0.541089063658969	172
0.047497389810397	0.272824202108595	172
0.122830062903215	0.577203324418684	2
-0.0675162554853099	1.0294800228211	56
0.031966956155177	0.567023112730889	56
-0.1145954954322	0.541089063658969	2
0.060949034106964	0.734553872901206	2
0.061028021479132	0.734455823851989	2
0.032327382754399	0.566440097305884	21
0.109982983249307	0.758414603504005	21
-0.01152424842893	1.36417642908161	15
0.066070739361206	0.913928254492498	15
-0.10663025594682	1.48341554251906	15
0.018495994737287	0.891238633380212	6
0.0661556584154081	0.913679106263852	15
0.102743275110927	0.93991294095813	126
0.0609357763180281	0.734584867529678	15
0.109992802812111	0.758124032531201	6
0.122701912984862	0.577068484962905	15
-0.11469959880058	0.540907832368884	15
0.065963779951847	0.914018836599402	6
0.102698794441381	0.939970942027738	2
-0.04447915874277	0.874861737721261	6
-0.0336581794351001	1.19991646024318	2
-0.0844521998383301	1.18435363304479	2
0.110126732547253	0.758353213221804	2
0.12280758973809	0.577211271023757	2
-0.07259890262312	1.63396298361277	2
0.0317352150006121	0.567000612677095	21
-0.11423834940659	0.540537025048118	21
0.032086881231415	0.566880494409038	21
0.018680518526093	0.890878556348043	21
0.018601885262457	0.89108804281965	6
0.072029198419124	1.25741543743741	15
-0.01150112825717	1.36451584130126	15
0.0423167417687	1.23809004308569	126
-0.03350562865797	1.19962555668558	126
-0.06772956796868	1.0297201300256	15
0.06609277487246	0.913789457162529	15
0.060856765447748	0.734645723530448	6
0.122830062903215	0.577203324418684	15
0.032191595406	0.566591842753788	172
-0.00962268959251	0.719542660462454	6
-0.04422986940011	0.874422999949284	2
-0.09737429445385	1.33618961895253	2
-0.06757087432184	1.02960559429657	2
0.065863003575906	0.913629612932512	2
0.0658599759831871	0.914098152341415	2
0.04812307490303	0.272670624519378	2
0.0323118148547	0.566449087740737	21
-0.0445307058590401	0.875000983365389	21
0.0754877661726781	1.41753220294386	15
-0.0676749506448899	1.0295945475418	15
0.060922514554735	0.734512322363123	15
0.102615662822086	0.939834486849967	15
-0.00955415243894997	0.719594277702576	15
0.048231954119922	0.27264192625531	15
0.031839735720063	0.567066206054291	15
0.032086881231415	0.566880494409038	6
0.122786734926908	0.577236204859608	6
0.110223747339957	0.758163932303549	2
0.018441547238006	0.891351129934286	6
0.060896485860232	0.734154207204953	2
-0.1143440462202	0.540707013154826	2
0.122894193752737	0.577078965683136	2
0.068115697943313	1.09140457364152	2
-0.00953121808197999	0.719538579271265	21
-0.00948561465469999	0.719469300354575	21
-0.04460940159171	0.875044256076931	34
0.110103382513894	0.758357339826199	34
-0.04460940159171	0.875044256076931	15
-0.01121771699011	1.36405176431989	15
0.0609357763180281	0.734584867529678	15
0.060962287922118	0.734420173128497	15
0.065944925433499	0.91404265035613	15
-0.1145954954322	0.541089063658969	15
0.048598433462579	0.272432782475208	15
-0.0445307058590401	0.875000983365389	6
-0.00959977615633001	0.719347916460793	2
0.0608700095575661	0.734614739532522	2
0.042460797325766	1.23752287917278	6
0.110210273924257	0.758188605908356	2
-0.0442948303691	0.874612671953292	2
0.032996485716648	1.06761328279377	2
0.122915077536795	0.577091573709713	2
0.109982983249307	0.758414603504005	2
0.122894193752737	0.577078965683136	2
0.110089883315592	0.75831334866461	21
0.031847247933781	0.567121503023109	21
0.110140217393594	0.75818922164643	21
0.123637762281472	1.13864526852551	34
0.122765969326838	0.57722347245481	15
0.048231954119922	0.27264192625531	15
0.122957113106258	0.577005310114962	6
0.00757379980473305	1.21832402858514	15
0.061185884621858	0.734138351979046	15
0.048231954119922	0.27264192625531	172
0.066174401668377	0.913722165965181	6
0.032327382754399	0.566440097305884	2
-0.06754356591929	1.02960059011662	2
0.12280758973809	0.577211271023757	2
0.032771733387711	1.0681833497165	2
0.10224131540215	0.940066612727466	2
-0.04447915874277	0.874861737721261	2
0.032086881231415	0.566880494409038	56
-0.0675179913994	1.02948100786859	2
0.048231954119922	0.27264192625531	54
-0.11459571417205	0.540895302433044	54
-0.1146996213552	0.541121784175122	21
0.122850887569758	0.577216000555005	21
0.075775668013063	1.41592669840765	15
0.032817848817712	1.06812688940222	15
-0.1145954954322	0.541089063658969	15
-0.04426767998017	0.874053642748374	6
0.00737899062069702	1.2187820399153	15
-0.10643563775539	1.48343306154168	15
0.122870689764117	0.576908736532363	6
-0.0673849388289001	1.02908287832302	6
-0.0109664578361399	1.04668877277751	6
-0.01107344162228	1.04661310520642	6
-0.0445307058590401	0.875000983365389	6
0.110126732547253	0.758353213221804	2
-0.0446229306980801	0.875080562846637	2
0.122809327469738	0.577147451985876	2
0.102464373246621	0.939624540059683	2
0.031615869941974	0.567051569300168	54
0.122936050643944	0.577066528922155	21
-0.0970445927363299	1.33515362586304	34
0.048231954119922	0.27264192625531	6
-0.00959977615633001	0.719347916460793	15
0.102612740345623	0.940178061589571	126
0.048231954119922	0.27264192625531	172
0.123020836922725	0.576562714951828	172
-0.00949318472380001	0.719548716819513	172
-0.04424346658303	0.87433303486305	6
0.031839735720063	0.567066206054291	6
0.110223747339957	0.758163932303549	2
0.066196462785352	0.913670596019875	2
-0.00950067227012008	0.71944848988664	2
0.0609357763180281	0.734584867529678	2
0.122722619569568	0.577081252829866	21
-0.11459571417205	0.540895302433044	15
-0.0111799569019	1.04679521053548	126
0.032904383029822	1.06800777077185	15
-0.00959222676060989	0.719584185538748	15
0.12300033719795	0.576773649682754	172
0.122786734926908	0.577236204859608	6
-0.0673593875976399	1.02880675001314	6
-0.0111989968050601	1.04676944355582	2
-0.00950836314294001	0.719089409895543	2
0.102440615115746	0.940255157185055	2
-0.04438698797144	0.874823359724042	2
-0.04460940159171	0.875044256076931	54
-0.0675964565840099	1.02968138226897	21
-0.0839327145250801	1.1825370031169	34
-0.10671814175597	1.4837991463385	15
0.066174401668377	0.913722165965181	6
0.122786734926908	0.577236204859608	15
-0.00953121808197999	0.719538579271265	15
-0.04454424783783	0.875037302287801	126
-0.00952368242224999	0.719592912783372	126
-0.0675162554853099	1.0294800228211	126
0.066111561791409	0.913869462420194	15
-0.0674378070355801	1.02930498309819	15
0.122915077536795	0.577091573709713	6
0.032086881231415	0.566880494409038	6
-0.0844521998383301	1.18435363304479	41
0.060777717413549	0.734669327956872	2
-0.0445577934429899	0.874947175637136	2
-0.03370397294107	1.20014450289202	2
0.110260560606779	0.757923214285955	2
0.068296412155814	1.09118687231564	54
-0.04446560025431	0.874951843477017	21
0.060790947849236	0.734638357608288	15
0.0609357763180281	0.734584867529678	15
0.042234360796321	1.23793018855622	15
0.00588197924746503	1.5200045607929	15
-0.0444520453949799	0.874915515762286	126
0.12280758973809	0.577211271023757	126
0.018494495669324	0.891295148402178	126
-0.00956173625136003	0.719582795507295	15
0.109959637811511	0.758325708685114	15
0.032079229085774	0.56691647468837	15
-0.00950067227012008	0.71944848988664	172
-0.00943210635186009	0.719314837631752	6
0.110103382513894	0.758357339826199	15
-0.0442948303691	0.874612671953292	2
0.061014750006396	0.734486826092846	2
-0.08438682576281	1.18431059237427	2
0.031720314122376	0.567057194652099	6
-0.0674906827344	1.02947600253339	2
0.122765969326838	0.57722347245481	2
0.031847247933781	0.567121503023109	2
-0.1143440462202	0.540707013154826	2
0.122786734926908	0.577236204859608	2
0.110247101668791	0.758159798405766	2
-0.0445577934429899	0.874947175637136	21
-0.0676237647283999	1.02968638703922	21
0.033082987067662	1.0674734320829	21
0.018229675922561	0.89118068462681	21
0.122786734926908	0.577236204859608	341
0.00278121145617005	1.82099053036873	34
-0.00954648594502006	0.719429089721718	15
0.122722619569568	0.577081252829866	15
0.031847247933781	0.567121503023109	15
0.110210273924257	0.758188605908356	15
0.110136580822085	0.757769294225534	6
0.032990912236226	1.06776186767796	2
-0.04446560025431	0.874951843477017	2
0.110053021620181	0.758147293453786	2
0.122849567125542	0.577051214111517	2
0.0609881951343571	0.734143578649317	2
0.110140217393594	0.75818922164643	21
0.110163569243204	0.758278106424201	341
0.04812307490303	0.272670624519378	15
-0.04438698797144	0.874823359724042	15
0.066007843702619	0.914003033691674	15
0.03286393083119	1.06793806756168	15
0.122765969326838	0.57722347245481	41
0.122871801503524	0.577191008258668	41
0.0609357763180281	0.734584867529678	41
0.122765969326838	0.57722347245481	41
0.018733436216923	0.890648334294871	6
0.068202682441025	1.09032125746656	2
-0.08442828207497	1.18405467928785	2
-0.08406029532364	1.18342931697841	2
0.109922770760536	0.758391290815041	2
0.110247101668791	0.758159798405766	2
0.122850887569758	0.577216000555005	2
0.122828533793664	0.577150150243609	2
-0.04435985610666	0.874625311859659	54
0.00761014885896605	1.21850920142598	15
-0.00955415243894997	0.719594277702576	126
0.110223747339957	0.758163932303549	126
0.018682046687891	0.89073648086914	126
0.110126732547253	0.758353213221804	15
0.061159282938835	0.734096925613319	6
-0.09724236809706	1.33591396738743	6
0.031959373972186	0.567014988604947	6
0.01833562708671	0.891348219855638	6
0.01865481887587	0.890952875697173	6
0.032079229085774	0.56691647468837	6
0.122873399258265	0.577023179258317	6
0.066133612393815	0.913817896990738	2
0.031847247933781	0.567121503023109	2
-0.00955415243894997	0.719594277702576	54
0.110247101668791	0.758159798405766	21
-0.06749242287696	1.02918275724483	21
-0.1127960004422	1.62631086463846	34
0.072114742409588	1.25776216142976	34
0.032086881231415	0.566880494409038	6
-0.0676749506448899	1.0295945475418	15
-0.08438682576281	1.18431059237427	15
0.110043187174885	0.758402852078309	15
0.032086881231415	0.566880494409038	15
0.066215142670211	0.913499728136811	15
0.110043187174885	0.758402852078309	15
0.122913897302031	0.57703082808025	41
-0.0445577934429899	0.874947175637136	41
-0.04437342022381	0.87478702664477	41
0.122850887569758	0.577216000555005	6
0.122873399258265	0.577023179258317	6
0.110066535075841	0.758398727133385	2
0.060856765447748	0.734645723530448	2
0.066174401668377	0.913722165965181	2
0.042211305803683	1.23818697801754	54
0.110307273273172	0.75800789084331	21
0.0609357763180281	0.734584867529678	21
-0.03790762419121	1.64502737980272	15
0.123749769097589	1.13842380055509	15
0.122830062903215	0.577203324418684	15
0.122913897302031	0.57703082808025	15
-0.0676766626128	1.02972457605802	126
0.06609277487246	0.913789457162529	15
-0.0444005593508501	0.874733287180993	6
-0.0110489251933601	1.04670851481839	6
0.110270456321804	0.758074443440553	41
0.122894193752737	0.577078965683136	41
-0.0443084110125001	0.874649006739739	6
0.03243225177931	0.566259034919588	6
0.060645912168345	0.734429846552257	2
-0.0109664578361399	1.04668877277751	2
0.110150082914474	0.758267834539312	2
0.032924605114544	1.0679050257715	21
-0.06770226032767	1.02971511897472	21
0.066111561791409	0.913869462420194	15
-0.0442162758538001	0.87438666757598	15
0.110247101668791	0.758159798405766	15
-0.0110513300666999	1.04678228127872	15
-0.01120058538935	1.04695271671224	126
-0.00952368242224999	0.719592912783372	15
-0.06770226032767	1.02971511897472	126
-0.00962268959251	0.719542660462454	41
-0.0445577934429899	0.874947175637136	6
0.061106971656411	0.734318770281423	2
-0.0446229306980801	0.875080562846637	2
0.110126732547253	0.758353213221804	2
-0.0445307058590401	0.875000983365389	2
0.110019839610098	0.758313948686625	54
0.066218519321411	0.913531824301823	21
0.109899427439278	0.758302416946051	15
0.110247101668791	0.758159798405766	15
-0.0442026859429301	0.874225060290528	15
0.031959373972186	0.567014988604947	15
0.032199301264988	0.566773743831677	15
0.122936050643944	0.577066528922155	15
0.066215142670211	0.913499728136811	126
0.031966956155177	0.567023112730889	41
0.068339885220984	1.09098852714648	41
0.066259290520992	0.91348379854643	1
0.102746090959797	0.93949918990685	2
-0.0337497983296899	1.20022282333808	21
0.122788681233789	0.577033792669191	21
-0.00950067227012008	0.71944848988664	341
-0.11769448661724	1.76586086341048	15
0.031966956155177	0.567023112730889	15
-0.11469972387002	0.540927932422351	15
0.066196462785352	0.913670596019875	15
-0.0675981806957899	1.02947828761807	15
-0.00959222676060989	0.719584185538748	126
0.032777405495927	1.0678390027079	15
-0.0673849388289001	1.02908287832302	15
0.048231954119922	0.27264192625531	41
0.122849567125542	0.577051214111517	41
-0.00955415243894997	0.719594277702576	41
0.12280758973809	0.577211271023757	1
-0.1146996213552	0.541121784175122	6
0.047755745628836	0.272799090918146	2
0.032327382754399	0.566440097305884	2
-0.11369961316531	0.540175728256294	2
-0.1144886963805	0.541000350984738	2
0.00765331212197296	1.21825890731164	21
0.032079229085774	0.56691647468837	341
-0.11449125834891	0.540788176297302	4
0.102547440184871	0.940260218229084	15
0.047755745628836	0.272799090918146	15
0.122870689764117	0.576908736532363	15
-0.1144886963805	0.541000350984738	15
-0.11459535646121	0.54087500274063	15
0.048489868525968	0.272461351367526	15
0.048598433462579	0.272432782475208	15
0.042494209508226	1.23738058036974	6
0.102591970277568	0.940192360461248	6
0.047864940117501	0.272770263417896	41
0.047864940117501	0.272770263417896	41
0.0609357763180281	0.734584867529678	41
0.047755745628836	0.272799090918146	6
0.042388770718564	1.23786968455214	2
-0.09741985758335	1.33624984776813	2
0.031727756362024	0.567172585007472	2
0.047864940117501	0.272770263417896	2
0.047864940117501	0.272770263417896	2
0.048231954119922	0.27264192625531	21
0.031615869941974	0.567051569300168	4
0.09785727734734	1.27761607322721	15
0.031959373972186	0.567014988604947	15
0.110043187174885	0.758402852078309	15
0.031727756362024	0.567172585007472	15
-0.00953121808197999	0.719538579271265	15
0.047864940117501	0.272770263417896	126
0.048598433462579	0.272432782475208	15
0.032199301264988	0.566773743831677	6
0.031966956155177	0.567023112730889	6
0.065963779951847	0.914018836599402	2
0.109982983249307	0.758414603504005	2
-0.0336581794351001	1.19991646024318	21
-0.08438682576281	1.18431059237427	21
-0.0806912952012	1.77386835176024	15
-0.0382628854907701	1.64572581857179	15
-0.11394961846196	0.540358650867839	15
0.031847247933781	0.567121503023109	15
-0.03355138611036	1.19982797735367	15
-0.0442948303691	0.874612671953292	15
0.031847247933781	0.567121503023109	41
-0.0442162758538001	0.87438666757598	41
-0.11459571417205	0.540895302433044	1
-0.11480389157877	0.541093044086259	1
-0.02557241795456	1.50455297585593	2
-0.04447915874277	0.874861737721261	2
0.0323118148547	0.566449087740737	2
0.123633263905006	1.13842185094421	21
0.122786734926908	0.577236204859608	15
0.032071593233322	0.566690436445225	15
0.048598433462579	0.272432782475208	15
-0.0443219952901699	0.87455898053866	282
0.048598433462579	0.272432782475208	15
0.102850098356703	0.93946085437114	15
-0.1145954954322	0.541089063658969	15
-0.1146996213552	0.541121784175122	15
-0.00951606416000006	0.719470647168065	15
-0.00946265936106006	0.719458642516027	15
-0.11449125834891	0.540788176297302	15
0.077088698556577	1.74573562277346	15
0.032079229085774	0.56691647468837	1
0.048231954119922	0.27264192625531	6
0.122768124158346	0.576787266786253	6
0.032207023364778	0.566690506749215	181
-0.11409385166674	0.540651439280993	181
0.048231954119922	0.27264192625531	181
0.032079229085774	0.56691647468837	2
0.122786734926908	0.577236204859608	2
0.031727756362024	0.567172585007472	2
0.0323118148547	0.566449087740737	2
-0.0109850218709899	1.04660896365302	2
0.047755745628836	0.272799090918146	2
-0.00871155050030992	1.66045533301944	54
0.097864600399743	1.27760430040867	21
0.04812307490303	0.272670624519378	21
0.110019839610098	0.758313948686625	21
0.061106971656411	0.734318770281423	21
-0.05067712763806	1.34965680556092	15
0.032673778840232	0.565624769217039	282
0.047755745628836	0.272799090918146	15
0.122871801503524	0.577191008258668	15
-0.0258682358556701	1.50577798025568	15
0.066026654597668	0.913944086266714	6
-0.01120058538935	1.04695271671224	15
0.047864940117501	0.272770263417896	1
-0.00945513744605009	0.719425138137918	6
-0.11423834940659	0.540537025048118	6
-0.11459535646121	0.54087500274063	181
-0.00953121808197999	0.719538579271265	2
0.122850887569758	0.577216000555005	54
0.047864940117501	0.272770263417896	54
0.032086881231415	0.566880494409038	54
0.04812307490303	0.272670624519378	21
0.065941741208157	0.913876341257033	15
0.122786734926908	0.577236204859608	15
-0.00959977615633001	0.719347916460793	15
-0.11355579595234	0.53988363364333	15
0.0317352150006121	0.567000612677095	15
0.061041288976964	0.734322134192378	15
-0.0338107691231599	1.19990227690779	15
0.065797023033157	0.914065073356353	15
0.061080397358425	0.734277294146734	15
0.060949034106964	0.734553872901206	15
-0.00958459475678008	0.719552722677059	6
0.04812307490303	0.272670624519378	6
0.122915077536795	0.577091573709713	1
0.068224100741748	1.09115497721032	2
-0.04446560025431	0.874951843477017	6
-0.0110292229225499	1.04682659260225	2
0.068325301302859	1.09102669388464	2
0.110223747339957	0.758163932303549	2
-0.10658469905574	1.48358671222384	54
0.09832329389196	1.11385840528622	15
-0.04915439664571	1.78615974281514	15
0.123682102336998	1.13860186848024	15
0.0660518891317951	0.913618848568669	15
0.066111561791409	0.913869462420194	15
0.0681880344578319	1.09133812448806	15
0.06609277487246	0.913789457162529	15
0.110223747339957	0.758163932303549	15
0.061014750006396	0.734486826092846	15
-0.0334395457344401	1.19936448777331	15
-0.05068476905645	1.34960511710079	15
-0.00951606416000006	0.719470647168065	15
0.050915186097637	1.39732656630186	15
0.032817848817712	1.06812688940222	41
0.032086881231415	0.566880494409038	1
0.110330630084249	0.7579225607507	181
-0.04446560025431	0.874951843477017	181
-0.00958459475678008	0.719552722677059	91
0.110103382513894	0.758357339826199	2
0.122765969326838	0.57722347245481	2
0.068238650614869	1.091256783625	2
0.061243347681466	0.733858328376305	2
0.0659008826868051	0.914058426198824	2
0.048598433462579	0.272432782475208	2
-0.0977247742657299	1.33599972067729	54
-0.04454424783783	0.875037302287801	54
0.110103382513894	0.758357339826199	21
0.042383578448162	1.23791559703069	21
0.110260560606779	0.757923214285955	21
0.047387879055768	0.272853156193857	15
0.032094549623495	0.566570214515686	15
-0.00942463255137005	0.719335114329613	15
-0.1146996213552	0.541121784175122	15
0.122701912984862	0.577068484962905	282
-0.0337243033016801	1.20004770280729	282
-0.0674360593176	1.02910344958402	15
0.018414326479441	0.891246435034977	15
0.018574659801723	0.891193190806152	15
-0.0444927208617201	0.874529546850024	15
0.122913897302031	0.57703082808025	15
0.110186921419238	0.758273976852272	6
-0.04454424783783	0.875037302287801	6
0.110126732547253	0.758353213221804	6
0.110200393332759	0.758075075130584	6
-0.1143440462202	0.540707013154826	2
0.102482118205951	0.94030942754423	2
0.0183885910418971	0.891369034784776	6
-0.00953121808197999	0.719538579271265	54
-0.09746070547762	1.33615088910167	15
0.072294519129985	1.25693833075152	15
-0.0845383005732801	1.18429735969941	15
0.060856765447748	0.734645723530448	282
0.110344077545518	0.757817202440817	15
0.122786734926908	0.577236204859608	15
-0.0676766626128	1.02972457605802	15
-0.0112418576936999	1.04696151548129	15
-0.1146996213552	0.541121784175122	15
0.032904383029822	1.06800777077185	15
0.060817396807917	0.73417788804236	15
-0.00947009883374994	0.719304676003473	15
-0.00945513744605009	0.719425138137918	1
0.110427590456651	0.757565464659146	1
-0.06754356591929	1.02960059011662	6
0.122786734926908	0.577236204859608	6
0.060962287922118	0.734420173128497	6
0.06819520125749	1.09131519015588	2
0.018706211636444	0.890655671091952	2
0.110103382513894	0.758357339826199	2
0.018494495669324	0.891295148402178	2
-0.11480398571088	0.54087926587085	54
0.122745292903087	0.577167546274364	21
0.065963779951847	0.914018836599402	21
0.110307273273172	0.75800789084331	21
0.102698794441381	0.939970942027738	21
0.00574013513904204	1.52040748696154	6
-0.1144886963805	0.541000350984738	15
-0.0674889430171199	1.02922796641989	15
0.122786734926908	0.577236204859608	15
-0.0447939091537699	0.874944528103677	15
-0.0442948303691	0.874612671953292	15
0.102482118205951	0.94030942754423	15
-0.11355579595234	0.53988363364333	6
0.122850887569758	0.577216000555005	6
0.0609357763180281	0.734584867529678	181
0.122871801503524	0.577191008258668	181
0.01833562708671	0.891348219855638	181
-0.0444520453949799	0.874915515762286	2
0.0609357763180281	0.734584867529678	2
0.061172585768852	0.734169359590649	2
0.031727756362024	0.567172585007472	54
0.065881984569559	0.914046639201442	21
0.018362849134788	0.891340886373901	21
0.033082987067662	1.0674734320829	21
0.102372132479148	0.940215274127897	15
-0.03815394470453	1.64581612165082	15
0.0948448055133539	1.60405479354826	15
-0.1146996213552	0.541121784175122	15
0.031847247933781	0.567121503023109	15
0.031839735720063	0.567066206054291	15
0.110126732547253	0.758353213221804	15
0.12280758973809	0.577211271023757	15
-0.00958459475678008	0.719552722677059	15
-0.00951606416000006	0.719470647168065	15
-0.00959222676060989	0.719584185538748	6
0.031839735720063	0.567066206054291	15
0.066237218885544	0.913535369249191	15
-0.0841255560090199	1.18370102376939	15
0.060817396807917	0.73417788804236	6
-0.0444384941634399	0.874753778962291	181
-0.11490830644642	0.540939147061005	2
-0.00951606416000006	0.719470647168065	6
-0.00945513744605009	0.719425138137918	2
0.061199179498226	0.734004736031384	2
0.122892804737198	0.577129826927392	2
0.0680217093726	1.09099148557421	54
0.122765969326838	0.57722347245481	21
0.060777717413549	0.734669327956872	21
0.109969458444249	0.758301811363702	15
0.122850887569758	0.577216000555005	15
-0.00951606416000006	0.719470647168065	15
-0.0975975236615401	1.33607729283158	15
-0.01106991729155	1.04686660568732	15
-0.09733343839638	1.33604860809438	15
0.0323118148547	0.566449087740737	15
0.0609357763180281	0.734584867529678	15
0.060962287922118	0.734420173128497	15
0.110210273924257	0.758188605908356	15
-0.0445577934429899	0.874947175637136	15
-0.1144886963805	0.541000350984738	15
0.032094549623495	0.566570214515686	6
0.060764483006036	0.73459676282174	6
0.102743275110927	0.93991294095813	91
0.047864940117501	0.272770263417896	2
0.12280758973809	0.577211271023757	2
0.060725061798268	0.734489132094102	54
0.01854743633026	0.891200517436491	21
0.122871801503524	0.577191008258668	15
0.022387647177464	1.38002903803168	282
-0.08425614552937	1.18409554472181	15
0.018548943881068	0.891182658817562	15
0.061159282938835	0.734096925613319	15
-0.00953121808197999	0.719538579271265	15
0.122979304866702	0.576798736351056	6
-0.0675691464047901	1.02956080335463	41
0.110163569243204	0.758278106424201	6
0.110113231896788	0.758135516388884	1
0.110066535075841	0.758398727133385	6
-0.02572843440295	1.50545796853859	6
-0.1145954954322	0.541089063658969	2
0.12280758973809	0.577211271023757	6
-0.01094434495271	1.04663097728092	2
-0.00956173625136003	0.719582795507295	2
-0.06770226032767	1.02971511897472	6
-0.04446560025431	0.874951843477017	2
-0.00955415243894997	0.719594277702576	2
0.04220091641651	1.23799944214178	21
0.031966956155177	0.567023112730889	21
0.122809327469738	0.577147451985876	21
-0.0443219952901699	0.87455898053866	21
-0.0678080939135699	1.02957183162047	15
0.098112817874035	1.11492831971185	15
-0.00949318472380001	0.719548716819513	126
0.018627593052595	0.891057998572292	6
-0.0336836450885101	1.20013164447268	15
-0.0674633720414	1.02935545738054	2
-0.11459535646121	0.54087500274063	6
-0.00966077046648994	0.719307892669355	2
-0.1145954954322	0.541089063658969	2
-0.00956923753491989	0.719303703505991	54
0.061041288976964	0.734322134192378	21
-0.0214205847498701	1.80168373600082	15
-0.0676493547222801	1.02971956899807	15
0.097788398572225	1.27799218750125	15
-0.0339280542007401	1.20014027494815	15
-0.0444384941634399	0.874753778962291	15
-0.06749242287696	1.02918275724483	15
-0.1145954954322	0.541089063658969	15
0.032199301264988	0.566773743831677	15
0.122830062903215	0.577203324418684	15
-0.00948561465469999	0.719469300354575	6
0.018362849134788	0.891340886373901	41
0.018787891319224	0.890327089462272	1
0.018548943881068	0.891182658817562	181
-0.1145954954322	0.541089063658969	2
-0.00946265936106006	0.719458642516027	2
0.03185477649666	0.566902385585879	6
0.122936050643944	0.577066528922155	2
0.031966956155177	0.567023112730889	2
-0.11394961846196	0.540358650867839	2
0.102526680568705	0.940274502101517	2
0.031847247933781	0.567121503023109	21
-0.0334599033012499	1.19926785168813	34
0.042111148863313	1.23796718903311	15
-0.00851173781881998	1.65984027813208	15
0.047755745628836	0.272799090918146	15
0.110186921419238	0.758273976852272	15
-0.00951606416000006	0.719470647168065	15
0.032685180339438	1.06822947521946	15
0.102873722301616	0.939502079698032	15
0.06609277487246	0.913789457162529	15
0.066111561791409	0.913869462420194	15
0.12300033719795	0.576773649682754	15
-0.0676237647283999	1.02968638703922	15
-0.0676493547222801	1.02971956899807	15
-0.1144886963805	0.541000350984738	15
0.122849567125542	0.577051214111517	1
-0.0446746199444299	0.87488269178405	1
0.122892804737198	0.577129826927392	181
-0.0675964565840099	1.02968138226897	181
0.122786734926908	0.577236204859608	6
0.061001474558287	0.734414306613764	6
-0.0110106968406201	1.04647536420941	2
-0.0110513300666999	1.04678228127872	21
0.122913897302031	0.57703082808025	21
0.0661556584154081	0.913679106263852	21
0.122871801503524	0.577191008258668	4
0.0223435159872289	1.38016258055009	15
0.060777717413549	0.734669327956872	15
0.061172585768852	0.734169359590649	15
-0.04454424783783	0.875037302287801	15
-0.09737429445385	1.33618961895253	126
-0.04447915874277	0.874861737721261	126
0.018573147361327	0.890960687427876	15
-0.04416497325109	0.874044170634651	15
-0.11459571417205	0.540895302433044	15
0.110043187174885	0.758402852078309	6
0.061264760359251	0.73390564546803	6
0.122850887569758	0.577216000555005	1
0.032207023364778	0.566690506749215	1
0.031847247933781	0.567121503023109	6
-0.04438698797144	0.874823359724042	6
0.060922514554735	0.734512322363123	6
0.102615662822086	0.939834486849967	2
-0.00949318472380001	0.719548716819513	6
-0.0675691464047901	1.02956080335463	6
0.032884158269554	1.06802087090465	6
-0.0675964565840099	1.02968138226897	6
0.1023960356935	0.940339593994941	6
-0.00958459475678008	0.719552722677059	6
0.102764061357437	0.939821244116649	2
0.031966956155177	0.567023112730889	54
0.018548943881068	0.891182658817562	110
0.110140217393594	0.75818922164643	21
0.122786734926908	0.577236204859608	21
-0.0844107848588001	1.18411261581604	21
0.066048699269289	0.913979811896187	34
-0.10674084139404	1.48362821935029	6
-0.00945513744605009	0.719425138137918	6
0.122936050643944	0.577066528922155	15
0.068282166521852	1.09066700072663	126
-0.0674889430171199	1.02922796641989	15
0.01854743633026	0.891200517436491	15
0.066007843702619	0.914003033691674	15
-0.04446560025431	0.874951843477017	1
0.066026654597668	0.913944086266714	6
0.122871801503524	0.577191008258668	6
-0.11469972387002	0.540927932422351	1
-0.00946265936106006	0.719458642516027	1
-0.10660230793931	1.48380957861403	6
-0.0674651159672	1.0293099914417	2
-0.10655832442322	1.48314418017563	2
0.061172585768852	0.734169359590649	2
0.06816630737094	1.09139188343664	21
-0.04435985610666	0.874625311859659	21
0.098223364754601	1.11431635612156	15
-0.00950807744836002	0.71906994013096	15
-0.00949318472380001	0.719548716819513	6
-0.00952368242224999	0.719592912783372	15
0.122830062903215	0.577203324418684	126
-0.08434538913818	1.18406953562115	126
0.050901248652748	1.39794423411131	15
0.060830265308043	0.734302350012981	15
0.018682046687891	0.89073648086914	1
0.122786734926908	0.577236204859608	1
-0.00938659182668	0.718995558718003	6
0.110173433618173	0.758090003658094	2
-0.00961500935902992	0.719465002182	54
0.018548943881068	0.891182658817562	110
0.109982983249307	0.758414603504005	21
-0.04435985610666	0.874625311859659	21
0.032924605114544	1.0679050257715	21
0.119469390891177	1.30049005460688	6
0.066070739361206	0.913928254492498	15
-0.0970900475501299	1.33544414843131	126
-0.0841908394185	1.1839217961835	15
-0.1145954954322	0.541089063658969	15
0.060949034106964	0.734553872901206	6
0.031608481231659	0.567163423048126	1
0.018786346119862	0.890355254357853	181
0.01865481887587	0.890952875697173	181
0.122850887569758	0.577216000555005	2
0.031951808133683	0.566741793143772	54
-0.00948561465469999	0.719469300354575	21
-0.04438698797144	0.874823359724042	21
0.060922514554735	0.734512322363123	21
0.0609357763180281	0.734584867529678	21
0.1023960356935	0.940339593994941	15
0.10265723813339	0.940076957017963	15
-0.10665144058897	1.48378011203968	6
0.102375292212688	0.940271048783134	15
0.032970683034459	1.06786460606963	15
0.102784842850869	0.939646655617509	126
0.033082987067662	1.0674734320829	15
-0.0842354030835699	1.18403381258987	15
0.01852171877891	0.89128782209467	15
0.0423167417687	1.23809004308569	15
-0.10650756977054	1.4837170542733	15
0.098074202385922	1.11506632749244	6
-0.0674378070355801	1.02930498309819	1
0.060751244626041	0.73432596155681	6
0.12280758973809	0.577211271023757	55
0.018443037836819	0.891256539139616	55
0.066029868707851	0.913864241707956	6
0.065941741208157	0.913876341257033	6
-0.11480389157877	0.541093044086259	2
-0.00953121808197999	0.719538579271265	2
-0.06754356591929	1.02960059011662	110
0.110126732547253	0.758353213221804	6
-0.01090013242667	1.04618666193125	15
0.122828533793664	0.577150150243609	15
-0.11490830644642	0.540939147061005	15
0.122850887569758	0.577216000555005	15
-0.1144886963805	0.541000350984738	15
0.102654266238225	0.93991173958222	6
0.122722619569568	0.577081252829866	6
-0.03355138611036	1.19982797735367	1
0.065944925433499	0.91404265035613	1
-0.04438698797144	0.874823359724042	181
0.110126732547253	0.758353213221804	181
-0.00946265936106006	0.719458642516027	6
0.031490226713548	0.567020696167977	2
0.032079229085774	0.56691647468837	2
0.031847247933781	0.567121503023109	2
0.066174401668377	0.913722165965181	2
0.032071593233322	0.566690436445225	21
-0.0446229306980801	0.875080562846637	21
-0.0445577934429899	0.874947175637136	21
0.122786734926908	0.577236204859608	15
0.032086881231415	0.566880494409038	6
0.048231954119922	0.27264192625531	6
0.071979200402815	1.25782241343893	6
0.066111561791409	0.913869462420194	15
0.048231954119922	0.27264192625531	15
0.0661556584154081	0.913679106263852	15
0.018468769989692	0.891343802585796	15
-0.00966077046648994	0.719307892669355	1
-0.00952368242224999	0.719592912783372	181
-0.11449125834891	0.540788176297302	55
0.032319590710896	0.566583655563607	6
0.068216917591202	1.09134486803983	105
0.047864940117501	0.272770263417896	2
0.018441547238006	0.891351129934286	54
0.048489868525968	0.272461351367526	21
-0.1144886963805	0.541000350984738	21
0.061093686495544	0.734349776969803	21
-0.1144886963805	0.541000350984738	6
0.122785274386409	0.576896558652864	15
-0.08432147431859	1.18422470011317	15
0.00748008073029605	1.21876243070717	15
0.122915077536795	0.577091573709713	15
0.110043187174885	0.758402852078309	15
0.047864940117501	0.272770263417896	15
0.066133612393815	0.913817896990738	15
-0.08410479185828	1.18363928378775	6
0.031966956155177	0.567023112730889	6
0.110066535075841	0.758398727133385	1
0.110066535075841	0.758398727133385	6
0.048598433462579	0.272432782475208	55
-0.11480389157877	0.541093044086259	55
0.032207023364778	0.566690506749215	6
-0.0971810488970499	1.33552030742623	54
0.042406783287768	1.23740800797474	21
-0.0676237647283999	1.02968638703922	21
-0.11449125834891	0.540788176297302	171
0.123752119486427	1.13831947087499	6
-0.00952368242224999	0.719592912783372	15
-0.09741985758335	1.33624984776813	15
-0.08412859432016	1.18335772876772	15
0.109959637811511	0.758325708685114	1
0.122894193752737	0.577078965683136	1
-0.0108815915949201	1.04645124106137	6
0.018309877080754	0.891279358919034	1
0.122871801503524	0.577191008258668	6
0.047864940117501	0.272770263417896	55
0.04812307490303	0.272670624519378	55
0.04812307490303	0.272670624519378	55
0.122850887569758	0.577216000555005	105
0.0609357763180281	0.734584867529678	6
0.1023960356935	0.940339593994941	2
0.102850098356703	0.93946085437114	2
0.03185477649666	0.566902385585879	6
-0.0447016488104299	0.875080672215587	2
0.042422183573925	1.23776447524469	54
-0.1143440462202	0.540707013154826	110
0.032086881231415	0.566880494409038	21
0.122935079227786	0.576888285316872	34
0.031959373972186	0.567014988604947	15
-0.09510169955777	2.05775901317452	6
0.056171463853858	1.55730270449228	6
-0.0113049518265	1.36371792509549	282
0.098102269402375	1.11492721761316	15
0.061001474558287	0.734414306613764	126
0.065775020361061	0.914029309125745	15
-0.0678080939135699	1.02957183162047	15
0.048231954119922	0.27264192625531	15
-0.00953121808197999	0.719538579271265	15
0.032079229085774	0.56691647468837	15
0.031966956155177	0.567023112730889	15
-0.00946265936106006	0.719458642516027	15
0.01852171877891	0.89128782209467	1
-0.00947796190947003	0.719130924368753	1
0.0659008826868051	0.914058426198824	1
-0.0257924853882601	1.50526487743159	6
-0.0114624903946099	1.36454885563993	1
0.04812307490303	0.272670624519378	6
-0.11369961316531	0.540175728256294	55
0.048489868525968	0.272461351367526	55
-0.00959977615633001	0.719347916460793	105
-0.00951606416000006	0.719470647168065	105
0.032071593233322	0.566690436445225	105
0.110043187174885	0.758402852078309	2
-0.0840810752700401	1.18337350066005	6
-0.0676510708407601	1.02955906828335	2
0.00757379980473305	1.21832402858514	2
0.123747495512262	1.13832683832846	54
0.047755745628836	0.272799090918146	110
0.12293750830751	0.576730565295779	21
0.047864940117501	0.272770263417896	15
0.075596554150463	1.41727001253552	15
-0.05065571133179	1.34962011875571	15
0.066048699269289	0.913979811896187	15
0.03185477649666	0.566902385585879	15
-0.0111144293240799	1.04677144394078	15
0.06606744684808	0.913691329519322	1
0.0609357763180281	0.734584867529678	1
0.061093686495544	0.734349776969803	1
0.048489868525968	0.272461351367526	55
0.048489868525968	0.272461351367526	55
-0.11459535646121	0.54087500274063	55
0.122915077536795	0.577091573709713	105
0.066007843702619	0.914003033691674	6
-0.0675418341878999	1.02930872282752	6
0.048598433462579	0.272432782475208	2
0.122871801503524	0.577191008258668	21
0.122745292903087	0.577167546274364	21
0.031966956155177	0.567023112730889	15
-0.11459535646121	0.54087500274063	15
0.066089506609154	0.91383375945112	15
-0.08425614552937	1.18409554472181	15
0.048598433462579	0.272432782475208	231
0.032071593233322	0.566690436445225	15
0.065922906349755	0.914094181612971	1
0.122809327469738	0.577147451985876	187
0.031966956155177	0.567023112730889	6
0.018467274549559	0.891190458093011	2
0.122722619569568	0.577081252829866	21
0.00746599320884001	1.21823463964079	21
-0.00949318472380001	0.719548716819513	21
-0.1145954954322	0.541089063658969	21
0.110103382513894	0.758357339826199	15
-0.088279224995	1.91465029149302	6
-0.11394961846196	0.540358650867839	15
0.048231954119922	0.27264192625531	6
0.102698794441381	0.939970942027738	15
0.102636452853247	0.940008480427255	15
-0.0844107848588001	1.18411261581604	15
0.102636452853247	0.940008480427255	126
0.123684445441911	1.13848968300103	126
-0.0110328229603001	1.0460386692646	15
0.04812307490303	0.272670624519378	15
0.122850887569758	0.577216000555005	15
0.110150082914474	0.758267834539312	6
0.033036966449449	1.06768289627114	1
-0.04463646342788	0.874990427387679	1
0.122936050643944	0.577066528922155	21
0.065985814116982	0.914054579689335	21
0.122830062903215	0.577203324418684	15
0.066048699269289	0.913979811896187	15
0.123728770190655	1.13844630977717	15
0.00556368316797595	1.52027918325149	15
0.0979969977276	1.11510856408097	15
0.110163569243204	0.758278106424201	15
-0.11469972387002	0.540927932422351	15
0.042244710472197	1.23818838192643	15
-0.0971559791647201	1.33569648510972	15
0.06844823433749	1.09072891542923	6
0.110260560606779	0.757923214285955	187
-0.11449125834891	0.540788176297302	55
0.047497389810397	0.272824202108595	55
-0.1144886963805	0.541000350984738	55
-0.1144886963805	0.541000350984738	6
-0.0112949180894699	1.36428406414076	2
0.0661556584154081	0.913679106263852	2
-0.0676220447934699	1.02959898870171	2
-0.0444520453949799	0.874915515762286	54
0.047755745628836	0.272799090918146	21
0.031847247933781	0.567121503023109	21
0.072156197471852	1.25749225773753	15
0.0609357763180281	0.734584867529678	6
-0.05064805367925	1.34945872895967	15
-0.09755188747455	1.3362651851719	15
0.04245045366254	1.23759192745126	6
0.102764061357437	0.939821244116649	15
-0.00962268959251	0.719542660462454	15
0.031974554636492	0.56675996581703	231
-0.00948561465469999	0.719469300354575	15
0.066237218885544	0.913535369249191	15
0.018706211636444	0.890655671091952	1
0.122892804737198	0.577129826927392	1
-0.00949318472380001	0.719548716819513	1
-0.11409385166674	0.540651439280993	187
0.031966956155177	0.567023112730889	55
0.032079229085774	0.56691647468837	105
0.060790947849236	0.734638357608288	105
-0.0446881325680699	0.875044381033776	6
0.032771733387711	1.0681833497165	54
0.031839735720063	0.567066206054291	21
-0.0336581794351001	1.19991646024318	21
0.032745782811282	1.06791490925739	6
0.047864940117501	0.272770263417896	6
-0.0111989968050601	1.04676944355582	15
0.110307273273172	0.75800789084331	15
-0.00953121808197999	0.719538579271265	15
0.066026654597668	0.913944086266714	15
-0.04460940159171	0.875044256076931	15
-0.00955415243894997	0.719594277702576	15
0.122892804737198	0.577129826927392	15
-0.11291376302428	1.62624133625218	15
0.061185884621858	0.734138351979046	15
-0.00946265936106006	0.719458642516027	15
0.066089506609154	0.91383375945112	6
-0.11394961846196	0.540358650867839	1
0.018415813439741	0.891361705052936	1
0.018495994737287	0.891238633380212	1
0.01854743633026	0.891200517436491	1
0.122915077536795	0.577091573709713	1
-0.0110292229225499	1.04682659260225	105
0.122936050643944	0.577066528922155	105
0.102568195055912	0.940168529644805	105
0.0608700095575661	0.734614739532522	105
-0.00950067227012008	0.71944848988664	21
-0.11295800683531	1.6262059964672	15
0.068238650614869	1.091256783625	6
0.102482118205951	0.94030942754423	15
0.065797023033157	0.914065073356353	15
-0.0112512297280001	1.36418185581511	15
0.123609992825287	1.13832733081009	15
0.032884158269554	1.06802087090465	15
-0.0676493547222801	1.02971956899807	15
-0.06297223902261	1.49336406076892	15
-0.06772956796868	1.0297201300256	1
0.122936050643944	0.577066528922155	1
-0.00959222676060989	0.719584185538748	1
0.0422241664674971	1.23682666033189	105
0.032823823388184	1.53666698087897	21
-0.0445577934429899	0.874947175637136	15
0.032191595406	0.566591842753788	15
-0.0975110744544501	1.3358841665702	15
-0.00948561465469999	0.719469300354575	15
-0.11449125834891	0.540788176297302	15
0.031615869941974	0.567051569300168	15
-0.0675179913994	1.02948100786859	158
-0.00957687999319989	0.719341383679869	1
-0.0675691464047901	1.02956080335463	6
0.018598851842592	0.890447111009834	21
0.123021458939366	0.576712431640606	21
0.119684018604958	1.2997026679918	15
0.09432656702687	1.60526244456839	15
0.11939063704332	1.30032324953445	6
0.031959373972186	0.567014988604947	6
-0.1145954954322	0.541089063658969	6
0.102915331962245	0.939235921337157	15
0.068224100741748	1.09115497721032	15
0.018441547238006	0.891351129934286	15
0.102437508436495	0.940233689247385	15
-0.0444520453949799	0.874915515762286	15
0.042350155305787	1.23802084465051	158
0.0659008826868051	0.914058426198824	1
0.122935079227786	0.576888285316872	1
0.018626072092205	0.890781296672914	105
0.0609357763180281	0.734584867529678	54
0.102286021619641	0.940252184336314	54
-0.10644083002065	1.48334052082549	21
-0.03348528044262	1.19961266473414	15
-0.05087130710863	1.34917166252621	15
-0.00962268959251	0.719542660462454	6
0.109922770760536	0.758391290815041	15
0.122871801503524	0.577191008258668	15
-0.09720148627799	1.33577294390053	15
-0.04413775670012	0.874097731685191	15
0.122786734926908	0.577236204859608	15
0.110150082914474	0.758267834539312	1
0.122871801503524	0.577191008258668	1
0.10982565966467	0.758221354291258	1
0.12280758973809	0.577211271023757	1
-0.0841908394185	1.1839217961835	6
0.110307273273172	0.75800789084331	105
-0.0111989968050601	1.04676944355582	105
-0.0970695948811999	1.33531573143221	105
0.047864940117501	0.272770263417896	105
0.060843517364767	0.734573163138473	54
-0.00946265936106006	0.719458642516027	21
0.0982513727489031	1.11435795664455	15
0.018415813439741	0.891361705052936	15
0.066218519321411	0.913531824301823	6
0.066048699269289	0.913979811896187	15
-0.0676237647283999	1.02968638703922	15
0.122701912984862	0.577068484962905	15
0.065982551519208	0.913430353327258	15
-0.00961500935902992	0.719465002182	6
0.102675022063338	0.939631256584462	15
-0.0674633720414	1.02935545738054	158
-0.04463646342788	0.874990427387679	6
-0.00959977615633001	0.719347916460793	1
0.061014750006396	0.734486826092846	1
0.061028021479132	0.734455823851989	1
-0.00945513744605009	0.719425138137918	6
0.042360618332885	1.23773090824046	105
0.061028021479132	0.734455823851989	105
0.110223747339957	0.758163932303549	54
0.065982551519208	0.913430353327258	54
0.066111561791409	0.913869462420194	21
0.122936050643944	0.577066528922155	79
-0.00953867129288	0.719213659450249	79
-0.0974402803622201	1.33626237931806	15
0.042172676825085	1.23816128076778	15
-0.0971559791647201	1.33569648510972	15
0.102764061357437	0.939821244116649	15
0.061028021479132	0.734455823851989	15
0.068397626178061	1.090918671406	15
0.04812307490303	0.272670624519378	15
-0.0974402803622201	1.33626237931806	15
-0.06754356591929	1.02960059011662	15
-0.0444520453949799	0.874915515762286	15
-0.0445577934429899	0.874947175637136	6
0.018733436216923	0.890648334294871	6
0.122830062903215	0.577203324418684	6
0.110043187174885	0.758402852078309	6
-0.1144886963805	0.541000350984738	1
-0.0447016488104299	0.875080672215587	6
0.102918090530517	0.939247574268125	1
0.00773282055119995	1.21804627892688	6
-0.1146996213552	0.541121784175122	105
-0.0445171675051601	0.874839243596844	105
0.110126732547253	0.758353213221804	21
-0.11423834940659	0.540537025048118	21
0.031615869941974	0.567051569300168	21
-0.00951606416000006	0.719470647168065	21
0.122828533793664	0.577150150243609	21
0.032199301264988	0.566773743831677	21
0.032725584642066	1.06811368328866	34
0.00580941643176003	1.52029490719244	6
0.068347018781084	1.09107073055138	6
-0.10657426901393	1.48391039257502	6
-0.0508071628120801	1.34988252088354	15
0.032797628494054	1.06804406547909	15
0.048231954119922	0.27264192625531	15
0.122765969326838	0.57722347245481	15
0.061106971656411	0.734318770281423	6
-0.05075667986707	1.34983558204753	6
-0.08462440718918	1.18405252547927	1
-0.0677551733936499	1.02966677680237	6
0.04812307490303	0.272670624519378	6
0.00747268415786295	1.21856928060706	6
-0.00953121808197999	0.719538579271265	105
0.122913897302031	0.57703082808025	105
-0.1144886963805	0.541000350984738	105
-0.06770226032767	1.02971511897472	105
0.110043187174885	0.758402852078309	105
0.031966956155177	0.567023112730889	21
-0.0334445915835799	1.19927226392489	15
0.123755100023225	1.13800165238952	15
-0.03350562865797	1.19962555668558	15
0.076520796159965	1.58000003758399	6
0.122828533793664	0.577150150243609	15
0.0609357763180281	0.734584867529678	15
-0.1145954954322	0.541089063658969	15
-0.04405927292974	0.87372036938449	158
0.061014750006396	0.734486826092846	158
0.122936050643944	0.577066528922155	6
-0.06772956796868	1.0297201300256	1
0.048489868525968	0.272461351367526	187
0.032071593233322	0.566690436445225	6
0.060949034106964	0.734553872901206	105
-0.00944753293435996	0.719129583406553	105
0.048231954119922	0.27264192625531	105
-0.00953121808197999	0.719538579271265	54
0.110019839610098	0.758313948686625	54
0.018494495669324	0.891295148402178	21
0.110210273924257	0.758188605908356	21
0.109922770760536	0.758391290815041	171
-0.00935607972878993	0.718851991772044	15
0.01854743633026	0.891200517436491	15
-0.1145954954322	0.541089063658969	79
-0.11449125834891	0.540788176297302	6
0.061106971656411	0.734318770281423	158
-0.04457134267591	0.874614940191236	6
-0.08445551386974	1.18378940346143	1
-0.1144886963805	0.541000350984738	1
0.031839735720063	0.567066206054291	6
0.122828533793664	0.577150150243609	105
-0.00949318472380001	0.719548716819513	105
-0.04442494655826	0.874356224735044	54
-0.00949318472380001	0.719548716819513	21
-0.00945513744605009	0.719425138137918	21
-0.1145954954322	0.541089063658969	21
0.048231954119922	0.27264192625531	21
0.018362849134788	0.891340886373901	21
-0.11763232363284	1.76580552605995	21
0.122850887569758	0.577216000555005	21
0.0317352150006121	0.567000612677095	15
-0.06741224803131	1.02908789170729	15
-0.0442162758538001	0.87438666757598	15
-0.08406029532364	1.18342931697841	15
-0.0108409933343601	1.04628417682407	15
0.122915077536795	0.577091573709713	158
-0.0675179913994	1.02948100786859	6
0.12280758973809	0.577211271023757	1
0.047497389810397	0.272824202108595	187
-0.00939409998832996	0.719191379540725	6
-0.0674378070355801	1.02930498309819	105
-0.11423834940659	0.540537025048118	21
0.032191595406	0.566591842753788	21
-0.01135686255054	1.36448986544582	34
0.072117617232784	1.25760703519935	6
-0.01139727495607	1.0467743095234	15
0.048231954119922	0.27264192625531	15
0.065982551519208	0.913430353327258	1
0.032071593233322	0.566690436445225	6
0.047755745628836	0.272799090918146	105
0.04812307490303	0.272670624519378	105
0.122871801503524	0.577191008258668	105
0.110320719193421	0.757728442273496	21
-0.00942463255137005	0.719335114329613	21
-0.1144886963805	0.541000350984738	21
0.047864940117501	0.272770263417896	232
0.123819793998577	1.138041751625	15
0.10252360232716	0.94004315172749	15
0.060949034106964	0.734553872901206	15
0.018495994737287	0.891238633380212	15
0.042378425023863	1.23783763870123	15
0.066259290520992	0.91348379854643	15
0.031966956155177	0.567023112730889	15
-0.1145954954322	0.541089063658969	15
0.047755745628836	0.272799090918146	15
0.066111561791409	0.913869462420194	15
0.031959373972186	0.567014988604947	15
-0.0678080939135699	1.02957183162047	6
-0.08414933775802	1.1836807310394	6
0.110163569243204	0.758278106424201	6
0.032990912236226	1.06776186767796	6
-0.00958459475678008	0.719552722677059	105
-0.0259323571869901	1.50550980074587	105
0.047497389810397	0.272824202108595	21
0.122978264954337	0.576906289496621	21
-0.02588443748585	1.50537151283416	1
0.032199301264988	0.566773743831677	79
-0.0585888403183299	1.92673854658834	15
-0.0445577934429899	0.874947175637136	6
-0.0842768929011299	1.18403960371508	15
0.018467274549559	0.891190458093011	15
0.032086881231415	0.566880494409038	15
0.061014750006396	0.734486826092846	6
0.0608700095575661	0.734614739532522	6
0.047864940117501	0.272770263417896	187
0.122894193752737	0.577078965683136	6
0.018574659801723	0.891193190806152	105
0.048598433462579	0.272432782475208	21
0.048231954119922	0.27264192625531	21
-0.0842768929011299	1.18403960371508	21
0.00748008073029605	1.21876243070717	21
0.050973794485949	1.39789356472873	34
0.018415813439741	0.891361705052936	15
0.031847247933781	0.567121503023109	15
0.07709078115958	1.74550142798265	1
0.047755745628836	0.272799090918146	79
0.048231954119922	0.27264192625531	6
0.072002737219743	1.25780839026329	6
0.00740055072757595	1.21878024165857	15
0.047864940117501	0.272770263417896	15
-0.1145954954322	0.541089063658969	6
0.122871801503524	0.577191008258668	6
-0.0840187502254901	1.18318834527758	1
0.0323118148547	0.566449087740737	1
-0.1144886963805	0.541000350984738	187
-0.04435985610666	0.874625311859659	6
-0.1145954954322	0.541089063658969	6
-0.0971559791647201	1.33569648510972	1
0.048598433462579	0.272432782475208	21
0.047755745628836	0.272799090918146	21
0.032199301264988	0.566773743831677	15
0.04812307490303	0.272670624519378	1
0.122979304866702	0.576798736351056	1
-0.0112512297280001	1.36418185581511	6
0.0510808824821219	1.39759657671501	6
0.110223747339957	0.758163932303549	15
0.031615869941974	0.567051569300168	15
0.048489868525968	0.272461351367526	15
-0.11480387759856	0.540899159478976	15
0.048489868525968	0.272461351367526	15
-0.1145954954322	0.541089063658969	15
0.066218519321411	0.913531824301823	158
-0.00950067227012008	0.71944848988664	6
0.122871801503524	0.577191008258668	6
0.032094549623495	0.566570214515686	1
0.102722484111155	0.939927270681426	6
-0.1144886963805	0.541000350984738	187
0.047755745628836	0.272799090918146	187
-0.00969122612077	0.719220324858859	6
0.047864940117501	0.272770263417896	105
-0.03348528044262	1.19961266473414	105
-0.1144886963805	0.541000350984738	54
-0.04446560025431	0.874951843477017	54
0.109959637811511	0.758325708685114	6
0.048598433462579	0.272432782475208	79
0.04812307490303	0.272670624519378	1
-0.00958459475678008	0.719552722677059	6
-0.02571218157097	1.50533956874437	15
-0.12207854784394	1.90480928011661	15
0.032086881231415	0.566880494409038	15
0.047497389810397	0.272824202108595	15
0.04812307490303	0.272670624519378	15
0.022363913907587	1.38009583404878	1
0.0721589798233801	1.25763735257334	1
0.032771733387711	1.0681833497165	1
0.122892804737198	0.577129826927392	187
0.031847247933781	0.567121503023109	6
-0.11369961316531	0.540175728256294	105
-0.11449125834891	0.540788176297302	21
-0.11459571417205	0.540895302433044	54
0.061080397358425	0.734277294146734	6
-0.11459535646121	0.54087500274063	6
0.032970683034459	1.06786460606963	6
0.097719533168551	1.27823107971962	1
-0.11469972387002	0.540927932422351	307
-0.0442948303691	0.874612671953292	6
0.018361370640517	0.89126434873263	6
0.048231954119922	0.27264192625531	7
0.01833562708671	0.891348219855638	105
-0.1144886963805	0.541000350984738	54
0.016969283781663	1.67781997230174	21
0.122936050643944	0.577066528922155	34
0.102766901950977	0.939673038658141	1
0.04812307490303	0.272670624519378	1
0.097930343146895	1.11517673948057	1
0.061199179498226	0.734004736031384	15
-0.11423834940659	0.540537025048118	15
0.122958361914198	0.576786214582943	6
0.047864940117501	0.272770263417896	15
0.06835419604087	1.09077314440397	1
0.060777717413549	0.734669327956872	1
-0.0111799569019	1.04679521053548	1
0.031847247933781	0.567121503023109	1
0.048231954119922	0.27264192625531	187
0.047497389810397	0.272824202108595	187
0.122786734926908	0.577236204859608	307
-0.0445307058590401	0.875000983365389	6
0.031959373972186	0.567014988604947	6
-0.0631426914357101	1.49344337883017	1
-0.11469972387002	0.540927932422351	21
0.031727756362024	0.567172585007472	21
0.04812307490303	0.272670624519378	54
-0.0974654509533	1.33615099757392	6
0.066048699269289	0.913979811896187	15
0.0979969977276	1.11510856408097	15
0.102588945182129	0.939993909115916	15
0.048489868525968	0.272461351367526	6
-0.11459571417205	0.540895302433044	6
-0.11459571417205	0.540895302433044	6
-0.00964539622932992	0.719322985686137	1
-0.01118419505477	1.36388106900457	1
0.0609357763180281	0.734584867529678	1
0.032079229085774	0.56691647468837	1
-0.04446560025431	0.874951843477017	6
0.032071593233322	0.566690436445225	6
0.122850887569758	0.577216000555005	6
0.031966956155177	0.567023112730889	6
-0.11369961316531	0.540175728256294	105
0.04812307490303	0.272670624519378	7
0.031966956155177	0.567023112730889	105
0.047755745628836	0.272799090918146	21
0.04812307490303	0.272670624519378	54
-0.04447915874277	0.874861737721261	21
-0.00949318472380001	0.719548716819513	54
-0.01120058538935	1.04695271671224	34
0.03286393083119	1.06793806756168	1
-0.01100712019044	1.0467688034003	15
0.018441547238006	0.891351129934286	15
0.110103382513894	0.758357339826199	15
0.066196462785352	0.913670596019875	15
-0.11459535646121	0.54087500274063	15
0.018627593052595	0.891057998572292	1
-0.07236155114085	1.63414672358936	1
0.048598433462579	0.272432782475208	187
0.047755745628836	0.272799090918146	187
-0.11459535646121	0.54087500274063	105
0.048598433462579	0.272432782475208	105
0.098118152030552	1.11476029759259	1
-0.11394961846196	0.540358650867839	54
0.12280758973809	0.577211271023757	21
0.122957113106258	0.577005310114962	54
0.097719533168551	1.27823107971962	6
0.097647002231158	1.27837990509818	6
0.098002273913199	1.11517779786314	15
0.123570093836189	1.13864107609286	15
0.122786734926908	0.577236204859608	166
-0.0337956554968599	1.20015887213489	1
0.00727790394579897	1.21864750660147	1
0.00750906567971099	1.21867851593673	6
0.102591970277568	0.940192360461248	6
0.048231954119922	0.27264192625531	1
0.032199301264988	0.566773743831677	6
-0.00959222676060989	0.719584185538748	7
0.021917527501129	2.14187816138624	34
-0.08836873784637	1.91446091418329	34
0.0675210149768209	2.04446930096342	6
0.122894193752737	0.577078965683136	1
0.102526680568705	0.940274502101517	1
-0.0111144293240799	1.04677144394078	1
-0.0676766626128	1.02972457605802	6
0.04812307490303	0.272670624519378	15
-0.11480389157877	0.541093044086259	15
-0.10679008155643	1.48343888723512	15
-0.0109850218709899	1.04660896365302	1
0.0684411228215061	1.09056857946024	1
0.00758859222619801	1.21843391807279	1
-0.0111557138537499	1.04698444683563	1
0.072226749324581	1.25734920425514	1
0.00748752104880102	1.21852835493637	6
-0.00961500935902992	0.719465002182	1
0.060764483006036	0.73459676282174	140
0.018680518526093	0.890878556348043	105
0.102915331962245	0.939235921337157	7
0.047864940117501	0.272770263417896	1
0.066255835374931	0.913126998803174	1
0.122850887569758	0.577216000555005	15
0.122765969326838	0.57722347245481	15
0.065963779951847	0.914018836599402	15
-0.1127960004422	1.62631086463846	15
-0.01126612517745	1.04693636677886	1
0.102764061357437	0.939821244116649	1
-0.09735386525488	1.33617707782836	6
0.097819177805389	1.27769434836188	105
0.00745110135749105	1.21875163505965	1
0.10265723813339	0.940076957017963	54
-0.11280174039128	1.62604822175939	1
0.068347018781084	1.09107073055138	1
-0.08425614552937	1.18409554472181	1
-0.0112512297280001	1.36418185581511	15
-0.1064022733988	1.48322099582895	6
0.066133612393815	0.913817896990738	6
0.0609881951343571	0.734143578649317	1
-0.00955415243894997	0.719594277702576	1
0.018362849134788	0.891340886373901	1
0.122915077536795	0.577091573709713	1
0.110076368438553	0.757781106680667	6
-0.04446560025431	0.874951843477017	1
-0.0675179913994	1.02948100786859	54
-0.06757087432184	1.02960559429657	54
0.102633505665751	0.940086363572764	54
0.00753805621055803	1.21849978153517	54
-0.11281957203076	1.62638379807044	54
-0.09730832368705	1.33607369721018	1
0.10265723813339	0.940076957017963	6
0.00742953525074497	1.21879102188578	6
-0.06757087432184	1.02960559429657	6
0.060804174313783	0.734504686788496	1
0.122958361914198	0.576786214582943	1
-0.04438698797144	0.874823359724042	32
0.123731169757843	1.1382012804081	34
0.066048699269289	0.913979811896187	1
-0.0335971755572899	1.19988500775753	6
-0.06770396846786	1.02959726058999	15
-0.08425614552937	1.18409554472181	166
-0.08440755145801	1.18425460382918	1
-0.04447915874277	0.874861737721261	187
-0.03385659856149	1.20019023313274	307
-0.0444384941634399	0.874753778962291	140
0.114697745729091	1.46409363964135	1
0.065944925433499	0.91404265035613	54
0.110103382513894	0.758357339826199	54
0.061054552500399	0.733995339864422	1
-0.00945513744605009	0.719425138137918	1
-0.0111557138537499	1.04698444683563	1
0.060922514554735	0.734512322363123	15
0.110126732547253	0.758353213221804	166
-0.00958459475678008	0.719552722677059	1
0.122765969326838	0.57722347245481	6
0.066026654597668	0.913944086266714	307
0.110297361151113	0.757449095607594	307
-0.04437342022381	0.87478702664477	6
0.00763172217464403	1.21845128278681	89
0.10994611442796	0.758387165212466	1
-0.08054031013807	1.77337447760355	1
-0.0488664617252299	1.78558707734437	6
0.066007843702619	0.914003033691674	15
0.00591009492026895	1.51970432178195	15
0.018414326479441	0.891246435034977	15
0.102591970277568	0.940192360461248	166
0.032704363941185	1.5376013700246	1
0.114949976216565	1.46357662880548	1
0.051101606996063	1.39616423635524	105
0.032327382754399	0.566440097305884	105
-0.04454424783783	0.875037302287801	1
0.072132699034132	1.25747285735532	32
0.018545927487861	0.890626361593795	1
0.066007843702619	0.914003033691674	1
-0.00949318472380001	0.719548716819513	6
-0.0336836450885101	1.20013164447268	15
0.102502862637504	0.940217754935799	15
-0.05852244337222	1.92786871282023	15
0.066007843702619	0.914003033691674	15
-0.04903175465175	1.78618412650646	15
0.0563351256988191	1.55712945040591	166
0.123549098727373	1.13848411692449	1
0.110140217393594	0.75818922164643	246
0.102461369032137	0.940323696699579	6
0.11459929717509	1.46372436150593	27
-0.00959222676060989	0.719584185538748	105
0.12280758973809	0.577211271023757	1
-0.03364299689615	1.19979109905805	54
-0.05067712763806	1.34965680556092	32
0.0661523359715051	0.9136864910444	32
-0.0506052257594301	1.34945000762301	1
-0.04434629561867	0.874227830580801	6
-0.01094434495271	1.04663097728092	6
0.12300033719795	0.576773649682754	15
0.060856765447748	0.734645723530448	166
0.060922514554735	0.734512322363123	166
-0.0109037146347	1.04650903893007	166
0.032771733387711	1.0681833497165	1
-0.0444005593508501	0.874733287180993	1
0.110089883315592	0.75831334866461	1
-0.0096302871393199	0.719349342460465	307
0.032598622313073	1.06814250103363	140
0.018576170978571	0.890966175334784	27
0.097715862444984	1.27820647944008	1
0.110835616205919	1.63045518347065	32
0.042373310512672	1.23763055612892	54
0.122765969326838	0.57722347245481	34
0.047497389810397	0.272824202108595	1
0.04812307490303	0.272670624519378	1
0.047864940117501	0.272770263417896	1
-0.11459571417205	0.540895302433044	1
0.060698632234123	0.734653716487146	6
-0.1145954954322	0.541089063658969	15
0.047755745628836	0.272799090918146	15
0.032319590710896	0.566583655563607	15
0.122743415309001	0.57705638656403	1
0.10224131540215	0.940066612727466	1
0.060922514554735	0.734512322363123	1
0.00570221552982597	1.5204933513953	1
0.110307273273172	0.75800789084331	1
0.098040891180962	1.1151166226222	1
0.018362849134788	0.891340886373901	1
-0.00956173625136003	0.719582795507295	1
0.098035595670948	1.1151274797835	140
0.10252360232716	0.94004315172749	27
-0.00938659182668	0.718995558718003	105
-0.04438698797144	0.874823359724042	54
0.066133612393815	0.913817896990738	32
0.0661523359715051	0.9136864910444	54
0.110210273924257	0.758188605908356	34
0.06816630737094	1.09139188343664	34
0.017182072796361	1.67724804095735	6
0.048598433462579	0.272432782475208	6
0.047864940117501	0.272770263417896	1
0.04812307490303	0.272670624519378	1
0.00598919301064704	1.51939303415551	1
-0.0677568735707701	1.02959283321938	6
0.032924605114544	1.0679050257715	6
-0.00959222676060989	0.719584185538748	15
0.123706768290065	1.13699267484019	166
-0.04428125335874	0.874450999488996	1
-0.11459535646121	0.54087500274063	1
0.04812307490303	0.272670624519378	6
-0.00949318472380001	0.719548716819513	7
-0.1144886963805	0.541000350984738	89
0.048598433462579	0.272432782475208	89
0.065734047515843	0.913992329703034	89
-0.0842354030835699	1.18403381258987	6
0.102636452853247	0.940008480427255	1
-0.0508790370457	1.34976324855809	1
-0.11480398571088	0.54087926587085	1
0.122765969326838	0.57722347245481	6
-0.0675691464047901	1.02956080335463	6
0.032199301264988	0.566773743831677	218
0.047864940117501	0.272770263417896	6
0.04812307490303	0.272670624519378	6
0.048598433462579	0.272432782475208	122
0.048231954119922	0.27264192625531	122
-0.11409385166674	0.540651439280993	1
-0.11369961316531	0.540175728256294	1
0.047864940117501	0.272770263417896	246
0.122958361914198	0.576786214582943	307
0.048231954119922	0.27264192625531	307
-0.11469972387002	0.540927932422351	307
0.048231954119922	0.27264192625531	6
0.122830062903215	0.577203324418684	27
0.048231954119922	0.27264192625531	27
0.122786734926908	0.577236204859608	7
-0.1143440462202	0.540707013154826	7
0.031959373972186	0.567014988604947	105
-0.00943210635186009	0.719314837631752	1
0.031847247933781	0.567121503023109	1
0.048231954119922	0.27264192625531	32
0.102918090530517	0.939247574268125	32
0.048231954119922	0.27264192625531	54
0.048231954119922	0.27264192625531	6
0.110103382513894	0.758357339826199	1
-0.0444520453949799	0.874915515762286	6
-0.0337753461235	1.19993370108744	6
0.018627593052595	0.891057998572292	6
-0.1145954954322	0.541089063658969	218
0.047497389810397	0.272824202108595	218
-0.01109200987748	1.04692438485415	6
-0.06772956796868	1.0297201300256	6
-0.1144886963805	0.541000350984738	166
-0.04463646342788	0.874990427387679	1
-0.0338821521412001	1.20028548040552	1
0.032199301264988	0.566773743831677	1
0.047755745628836	0.272799090918146	6
0.032207023364778	0.566690506749215	140
0.032079229085774	0.56691647468837	140
-0.1144886963805	0.541000350984738	27
0.072138283745567	1.25768053773344	32
0.00164655239963796	2.12388796301172	1
-0.1143440462202	0.540707013154826	245
0.032086881231415	0.566880494409038	166
0.032751522829547	1.06819642967814	1
0.110150082914474	0.758267834539312	6
-0.0112867475593299	1.04699179572721	6
-0.00940152571439001	0.719097959638431	140
0.032191595406	0.566591842753788	27
0.075470242712291	1.41721834687069	27
-0.08432147431859	1.18422470011317	6
0.122957113106258	0.577005310114962	6
0.031839735720063	0.567066206054291	6
0.022367265167931	1.38005881807226	166
0.098107523642557	1.1149831143537	6
-0.00947009883374994	0.719304676003473	6
-0.00942463255137005	0.719335114329613	122
-0.04463646342788	0.874990427387679	1
-0.01126137608216	1.36411328614397	1
0.047497389810397	0.272824202108595	6
0.048489868525968	0.272461351367526	1
-0.1144886963805	0.541000350984738	1
-0.08434538913818	1.18406953562115	7
0.123726447905206	1.13848557971854	1
-0.04870939671401	1.78491340047198	1
0.119608360296323	1.30001635681245	54
0.00761014885896605	1.21850920142598	1
-0.0333531169208301	1.19904044792918	32
0.110103382513894	0.758357339826199	89
-0.11275467390802	1.62611927563471	1
0.047497389810397	0.272824202108595	1
0.048231954119922	0.27264192625531	6
-0.0506708961665101	1.34815680246401	1
0.066089506609154	0.91383375945112	1
-0.11459571417205	0.540895302433044	6
-0.0087571784887599	1.66046975032162	1
0.122957113106258	0.577005310114962	1
0.031720314122376	0.567057194652099	307
-0.1145954954322	0.541089063658969	7
0.031615869941974	0.567051569300168	1
0.047864940117501	0.272770263417896	32
0.022387647177464	1.38002903803168	32
0.110053021620181	0.758147293453786	89
0.059123221669533	1.72207396111245	6
0.018601885262457	0.89108804281965	1
0.047387879055768	0.272853156193857	320
0.04812307490303	0.272670624519378	1
0.122999506217293	0.576763743067721	34
-0.00956173625136003	0.719582795507295	6
0.047755745628836	0.272799090918146	245
0.04812307490303	0.272670624519378	1
0.061041288976964	0.734322134192378	6
0.048231954119922	0.27264192625531	70
0.0323118148547	0.566449087740737	70
0.122892804737198	0.577129826927392	166
0.0323118148547	0.566449087740737	1
-0.11409385166674	0.540651439280993	1
-0.11459535646121	0.54087500274063	6
-0.11480387759856	0.540899159478976	1
0.048231954119922	0.27264192625531	6
0.047387879055768	0.272853156193857	307
-0.1144886963805	0.541000350984738	6
0.032086881231415	0.566880494409038	6
0.048231954119922	0.27264192625531	27
0.031727756362024	0.567172585007472	54
-0.06749242287696	1.02918275724483	1
0.109969458444249	0.758301811363702	1
-0.04446560025431	0.874951843477017	1
-0.00947009883374994	0.719304676003473	180
0.060949034106964	0.734553872901206	180
0.061172585768852	0.734169359590649	180
-0.11469972387002	0.540927932422351	34
0.12280758973809	0.577211271023757	6
0.048231954119922	0.27264192625531	245
-0.0443219952901699	0.87455898053866	245
-0.00955415243894997	0.719594277702576	6
-0.11480398571088	0.54087926587085	70
0.122892804737198	0.577129826927392	70
0.122936050643944	0.577066528922155	1
0.12280758973809	0.577211271023757	1
-0.04460940159171	0.875044256076931	1
0.123021458939366	0.576712431640606	1
-0.00952368242224999	0.719592912783372	1
0.12280758973809	0.577211271023757	7
0.031966956155177	0.567023112730889	27
0.122786734926908	0.577236204859608	1
0.047864940117501	0.272770263417896	32
0.048489868525968	0.272461351367526	1
-0.00943210635186009	0.719314837631752	1
-0.1143440462202	0.540707013154826	1
0.12300033719795	0.576773649682754	1
-0.06770055246318	1.02929421550759	273
0.122871801503524	0.577191008258668	180
0.047387879055768	0.272853156193857	34
0.122894193752737	0.577078965683136	6
0.032079229085774	0.56691647468837	6
0.048489868525968	0.272461351367526	245
0.047864940117501	0.272770263417896	245
0.048598433462579	0.272432782475208	1
0.047755745628836	0.272799090918146	6
0.032086881231415	0.566880494409038	70
0.048231954119922	0.27264192625531	166
0.048489868525968	0.272461351367526	122
0.048598433462579	0.272432782475208	122
0.102478962223969	0.93977869167533	1
-0.11459535646121	0.54087500274063	1
0.048598433462579	0.272432782475208	6
0.04812307490303	0.272670624519378	27
-0.11423834940659	0.540537025048118	32
0.122850887569758	0.577216000555005	32
-0.1143440462202	0.540707013154826	355
0.048598433462579	0.272432782475208	7
0.122743415309001	0.57705638656403	1
0.060645912168345	0.734429846552257	34
-0.00942463255137005	0.719335114329613	348
0.04812307490303	0.272670624519378	1
0.048231954119922	0.27264192625531	245
0.1023960356935	0.940339593994941	1
0.0608700095575661	0.734614739532522	1
0.04812307490303	0.272670624519378	166
0.032199301264988	0.566773743831677	1
0.122850887569758	0.577216000555005	1
-0.11355579595234	0.53988363364333	1
-0.00956173625136003	0.719582795507295	1
0.110126732547253	0.758353213221804	1
0.048598433462579	0.272432782475208	6
0.031959373972186	0.567014988604947	6
-0.1144886963805	0.541000350984738	251
0.04812307490303	0.272670624519378	54
-0.1144886963805	0.541000350984738	42
0.047497389810397	0.272824202108595	1
0.048231954119922	0.27264192625531	1
0.047755745628836	0.272799090918146	54
0.047497389810397	0.272824202108595	54
0.047755745628836	0.272799090918146	1
0.048231954119922	0.27264192625531	1
0.047755745628836	0.272799090918146	32
-0.11449125834891	0.540788176297302	1
-0.04454424783783	0.875037302287801	1
0.12300033719795	0.576773649682754	1
0.110103382513894	0.758357339826199	34
-0.1145954954322	0.541089063658969	6
0.047864940117501	0.272770263417896	1
0.047497389810397	0.272824202108595	1
0.047755745628836	0.272799090918146	180
0.031966956155177	0.567023112730889	1
0.047755745628836	0.272799090918146	6
-0.1144886963805	0.541000350984738	1
-0.1146996213552	0.541121784175122	1
0.047755745628836	0.272799090918146	1
0.031847247933781	0.567121503023109	1
0.0317352150006121	0.567000612677095	1
0.04812307490303	0.272670624519378	142
-0.1145954954322	0.541089063658969	1
0.047497389810397	0.272824202108595	139
0.048231954119922	0.27264192625531	6
0.048231954119922	0.27264192625531	6
0.048231954119922	0.27264192625531	27
0.04812307490303	0.272670624519378	27
-0.1144886963805	0.541000350984738	7
0.047497389810397	0.272824202108595	7
-0.11409385166674	0.540651439280993	1
0.048231954119922	0.27264192625531	1
0.048231954119922	0.27264192625531	32
0.048231954119922	0.27264192625531	32
0.047387879055768	0.272853156193857	355
-0.0676220447934699	1.02959898870171	34
0.122830062903215	0.577203324418684	34
0.047864940117501	0.272770263417896	321
0.071979200402815	1.25782241343893	180
0.0609357763180281	0.734584867529678	34
0.048231954119922	0.27264192625531	70
0.048598433462579	0.272432782475208	166
0.048598433462579	0.272432782475208	6
0.047755745628836	0.272799090918146	6
0.048489868525968	0.272461351367526	1
-0.00946265936106006	0.719458642516027	1
0.122873399258265	0.577023179258317	1
0.047755745628836	0.272799090918146	1
0.110260560606779	0.757923214285955	1
0.048231954119922	0.27264192625531	6
0.047864940117501	0.272770263417896	183
0.048231954119922	0.27264192625531	143
-0.1144886963805	0.541000350984738	6
-0.11449125834891	0.540788176297302	7
0.032327382754399	0.566440097305884	7
0.048231954119922	0.27264192625531	1
0.048231954119922	0.27264192625531	54
0.102609690563867	0.93971342195435	32
0.122936050643944	0.577066528922155	89
0.047755745628836	0.272799090918146	1
0.048231954119922	0.27264192625531	1
0.047497389810397	0.272824202108595	1
0.048489868525968	0.272461351367526	6
0.04812307490303	0.272670624519378	34
0.048231954119922	0.27264192625531	6
0.047864940117501	0.272770263417896	6
0.04812307490303	0.272670624519378	6
0.047755745628836	0.272799090918146	1
0.047755745628836	0.272799090918146	1
0.048231954119922	0.27264192625531	1
0.048489868525968	0.272461351367526	1
-0.11409385166674	0.540651439280993	1
0.047755745628836	0.272799090918146	1
0.048231954119922	0.27264192625531	1
-0.11459535646121	0.54087500274063	1
0.048231954119922	0.27264192625531	6
0.04812307490303	0.272670624519378	7
0.048489868525968	0.272461351367526	1
0.048231954119922	0.27264192625531	89
-0.11770142025461	1.76600469891919	34
-0.11270463017315	1.62594253386205	1
-0.0805825074047	1.77303300276591	34
0.018706211636444	0.890655671091952	34
0.047387879055768	0.272853156193857	321
0.04812307490303	0.272670624519378	152
0.048231954119922	0.27264192625531	152
0.110330630084249	0.7579225607507	1
0.032086881231415	0.566880494409038	275
-0.11409385166674	0.540651439280993	34
0.0608700095575661	0.734614739532522	34
0.048231954119922	0.27264192625531	1
-0.00950067227012008	0.71944848988664	1
0.10265723813339	0.940076957017963	1
0.048231954119922	0.27264192625531	237
0.047864940117501	0.272770263417896	143
0.031966956155177	0.567023112730889	6
-0.11394961846196	0.540358650867839	139
0.048598433462579	0.272432782475208	27
0.0223435159872289	1.38016258055009	1
0.031847247933781	0.567121503023109	1
0.110043187174885	0.758402852078309	32
0.0682315385782331	1.09081902439004	32
0.031966956155177	0.567023112730889	7
0.048231954119922	0.27264192625531	321
0.04812307490303	0.272670624519378	321
0.047864940117501	0.272770263417896	321
0.01854743633026	0.891200517436491	6
0.042293880010639	1.23769261215681	6
0.060804174313783	0.734504686788496	6
0.122979304866702	0.576798736351056	6
0.032207023364778	0.566690506749215	6
0.00761014885896605	1.21850920142598	6
-0.1143440462202	0.540707013154826	1
0.122828533793664	0.577150150243609	1
0.031496758217042	0.567042315970506	1
0.032079229085774	0.56691647468837	1
0.066048699269289	0.913979811896187	1
0.047864940117501	0.272770263417896	237
0.047755745628836	0.272799090918146	237
0.048489868525968	0.272461351367526	174
-0.1143440462202	0.540707013154826	139
0.048231954119922	0.27264192625531	7
0.032970683034459	1.06786460606963	7
0.06068541149692	0.734581157638396	7
-0.0444005593508501	0.874733287180993	1
0.047755745628836	0.272799090918146	32
0.031959373972186	0.567014988604947	32
-0.00952368242224999	0.719592912783372	89
-0.10643563775539	1.48343306154168	1
0.110126732547253	0.758353213221804	6
-0.0109479739537199	1.04629573419161	1
0.031959373972186	0.567014988604947	34
-0.06754356591929	1.02960059011662	34
-0.0378697962589001	1.64483608653347	1
0.031847247933781	0.567121503023109	1
0.047864940117501	0.272770263417896	1
0.048231954119922	0.27264192625531	166
-0.04428125335874	0.874450999488996	1
0.018626072092205	0.890781296672914	1
0.061278068930803	0.733772098957752	1
0.047864940117501	0.272770263417896	12
0.047755745628836	0.272799090918146	12
-0.11469972387002	0.540927932422351	139
-0.01092584208787	1.04646478757565	7
0.048598433462579	0.272432782475208	32
0.123887468985442	1.13765426504205	32
0.047755745628836	0.272799090918146	152
-0.0675162554853099	1.0294800228211	6
0.0680144815032731	1.09132426173096	1
-0.0109037146347	1.04650903893007	34
-0.0674651159672	1.0293099914417	166
0.122722619569568	0.577081252829866	1
-0.00939409998832996	0.719191379540725	1
0.122764300237126	0.576995364187196	1
0.065963779951847	0.914018836599402	1
-0.0113729158288101	1.0468867359018	1
-0.08414933775802	1.1836807310394	6
0.032079229085774	0.56691647468837	139
-0.00953867129288	0.719213659450249	139
-0.1145954954322	0.541089063658969	139
0.047755745628836	0.272799090918146	7
0.031974554636492	0.56675996581703	27
0.047755745628836	0.272799090918146	27
-0.11469959880058	0.540907832368884	27
0.048231954119922	0.27264192625531	27
0.031839735720063	0.567066206054291	27
-0.01094434495271	1.04663097728092	7
-0.1146996213552	0.541121784175122	1
0.122936050643944	0.577066528922155	89
-0.00942463255137005	0.719335114329613	6
0.0945480174761471	1.60502074323847	34
-0.0722273777271401	1.63279876619931	34
0.04812307490303	0.272670624519378	1
0.048231954119922	0.27264192625531	1
0.066281357575508	0.913345059106075	1
0.0243058744132409	1.84202883757335	1
0.122830062903215	0.577203324418684	1
0.109876084461493	0.758022767011415	1
-0.0111557138537499	1.04698444683563	72
-0.0335971755572899	1.19988500775753	139
0.065878854445562	0.913915921489835	139
0.122871801503524	0.577191008258668	27
-0.0381917751007901	1.6458010375987	1
0.061041288976964	0.734322134192378	89
0.068289267538998	1.09114061465758	6
-0.03355138611036	1.19982797735367	6
0.066196462785352	0.913670596019875	34
0.047864940117501	0.272770263417896	1
0.0721354553010159	1.25768488465148	6
-0.00958459475678008	0.719552722677059	1
-0.00943210635186009	0.719314837631752	1
-0.11459535646121	0.54087500274063	1
0.122979304866702	0.576798736351056	1
0.061028021479132	0.734455823851989	1
0.065944925433499	0.91404265035613	1
0.047755745628836	0.272799090918146	12
-0.0446881325680699	0.875044381033776	27
0.122830062903215	0.577203324418684	7
0.047755745628836	0.272799090918146	54
-0.00958459475678008	0.719552722677059	32
-0.01120058538935	1.04695271671224	89
0.066070739361206	0.913928254492498	89
-0.1146996213552	0.541121784175122	7
0.042167481646779	1.2380332965968	34
0.047755745628836	0.272799090918146	34
-0.1143440462202	0.540707013154826	213
0.122871801503524	0.577191008258668	6
0.110177039644677	0.757795459560456	34
-0.1145954954322	0.541089063658969	34
-0.0674395552152001	1.02896072052952	34
0.122830062903215	0.577203324418684	1
0.048489868525968	0.272461351367526	1
-0.11469972387002	0.540927932422351	6
0.031966956155177	0.567023112730889	1
-0.11469959880058	0.540907832368884	1
-0.11394961846196	0.540358650867839	1
-0.00953873661837989	0.719001799339647	1
0.048489868525968	0.272461351367526	1
0.031727756362024	0.567172585007472	1
0.122871801503524	0.577191008258668	1
0.048231954119922	0.27264192625531	12
0.048489868525968	0.272461351367526	12
0.048231954119922	0.27264192625531	12
0.048231954119922	0.27264192625531	72
0.032079229085774	0.56691647468837	7
0.122871801503524	0.577191008258668	7
0.122828533793664	0.577150150243609	27
-0.11480387759856	0.540899159478976	27
-0.11449125834891	0.540788176297302	1
0.047864940117501	0.272770263417896	1
0.048598433462579	0.272432782475208	1
-0.0676237647283999	1.02968638703922	32
-0.11459571417205	0.540895302433044	7
0.04213405645862	1.23803195642172	34
-0.00922587642381001	1.96403259091055	34
0.032904302423643	1.53732034982675	34
0.04812307490303	0.272670624519378	34
0.110186921419238	0.758273976852272	213
0.102832093608003	0.939448099990635	6
0.060883249694848	0.734481046029501	34
-0.00949318472380001	0.719548716819513	6
0.031839735720063	0.567066206054291	1
0.047755745628836	0.272799090918146	1
0.122871801503524	0.577191008258668	1
0.031974554636492	0.56675996581703	1
0.032071593233322	0.566690436445225	1
-0.11469972387002	0.540927932422351	1
0.032079229085774	0.56691647468837	12
-0.11369961316531	0.540175728256294	139
0.031847247933781	0.567121503023109	7
0.048231954119922	0.27264192625531	27
0.122786734926908	0.577236204859608	7
-0.11459535646121	0.54087500274063	7
-0.06770226032767	1.02971511897472	1
0.061080397358425	0.734277294146734	32
0.03243225177931	0.566259034919588	89
0.04812307490303	0.272670624519378	7
0.048231954119922	0.27264192625531	34
0.097650680902687	1.27834020139292	1
0.00560160425525003	1.52019335539315	1
0.123752119486427	1.13831947087499	1
-0.01069346296268	1.04561725777449	72
0.0754877661726781	1.41753220294386	7
0.123593427743363	1.13861050970406	54
0.068238650614869	1.091256783625	7
0.079382731726996	1.9077936502643	213
0.09767409521718	1.2779841101175	6
0.119526542760224	1.2992694253625	6
0.032858665485996	1.5374585568027	1
0.0317156316913581	2.00319464515096	1
0.102482118205951	0.94030942754423	1
0.075691253549413	1.4164262714751	1
-0.11449125834891	0.540788176297302	72
0.018415813439741	0.891361705052936	72
0.022160306077689	1.38020157786992	7
0.060949034106964	0.734553872901206	54
0.098107523642557	1.1149831143537	1
0.097968962189366	1.11519561105545	6
0.0423167417687	1.23809004308569	1
0.032827146285232	1.53749063950567	1
0.123682102336998	1.13860186848024	1
0.032319590710896	0.566583655563607	12
-0.04438698797144	0.874823359724042	12
0.0771613572408531	1.74560514285541	7
-0.01120058538935	1.04695271671224	1
-0.00951606416000006	0.719470647168065	54
-0.0490347412615	1.78583149469116	6
-0.0111506638936401	1.36366778251766	6
0.059374666201683	1.72126929417079	34
-0.03241836892161	1.94454831641908	1
-0.03822651552148	1.64578074592055	1
0.119504129572144	1.30041870570902	1
0.032817848817712	1.06812688940222	1
0.102286021619641	0.940252184336314	7
0.042206091752116	1.23816265662538	7
0.0562609072822921	1.55678354949024	213
0.110598395731167	1.95021855631481	34
-0.0676510708407601	1.02955906828335	1
0.016847687349748	1.67844391264872	1
0.11939063704332	1.30032324953445	6
-0.0337497983296899	1.20022282333808	1
0.0562856546920401	1.55699704247055	1
0.032598622313073	1.06814250103363	7
0.065941741208157	0.913876341257033	7
-0.06770226032767	1.02971511897472	34
-0.0586284587130199	1.92815243159648	34
0.051042873544197	1.39767862694653	34
-0.00958459475678008	0.719552722677059	1
0.096655040529916	1.43775964247532	1
0.119358992118224	1.30054945455121	1
0.123773100474905	1.13833006468011	6
0.110367436209883	0.757813055298963	12
-0.06296301586811	1.4936430495339	72
-0.0111141068746901	1.04688005267179	72
-0.03385659856149	1.20019023313274	27
0.032872780603301	1.53735244637991	27
0.098097055218547	1.11475606239778	1
0.110089883315592	0.75831334866461	54
-0.04454424783783	0.875037302287801	34
-0.08451759652118	1.1843533689843	6
0.056253291612216	1.55727823446254	34
-0.10653567007246	1.48379071241774	34
0.102722484111155	0.939927270681426	1
-0.0112418576936999	1.04696151548129	1
-0.06305886196714	1.49399112115098	1
0.110163569243204	0.758278106424201	1
0.123726447905206	1.13848557971854	1
0.060883249694848	0.734481046029501	1
0.061001474558287	0.734414306613764	72
0.122871801503524	0.577191008258668	7
-0.0442026859429301	0.874225060290528	7
0.072114742409588	1.25776216142976	7
0.047755745628836	0.272799090918146	34
0.059258839795276	1.72154515691269	34
0.074608526431724	2.19421327306004	34
0.075736906685811	1.41627651541266	1
-0.0339024597691799	1.20029831040917	6
0.097968962189366	1.11519561105545	1
-0.11459571417205	0.540895302433044	72
0.068086804482226	1.09139785801806	72
0.102550415896717	0.939949816100454	7
-0.01121260643806	1.36391613128728	7
-0.00957687999319989	0.719341383679869	7
0.119431560077312	1.30053762555948	1
-0.0676237647283999	1.02968638703922	1
0.07562468611175	1.41708198865436	34
0.102698794441381	0.939970942027738	6
0.031951808133683	0.566741793143772	1
0.051039409146867	1.39751290452265	1
-0.06741049607932	1.02918447124468	1
0.122830062903215	0.577203324418684	1
0.032745782811282	1.06791490925739	1
-0.0336175076704801	1.20000036554384	1
-0.11284313403012	1.62641310501748	1
0.102419856456453	0.940081077850025	1
0.102633505665751	0.940086363572764	1
0.042321973761406	1.23797261405448	27
-0.0447668987624801	0.874998371336222	1
-0.00951606416000006	0.719470647168065	1
0.031496758217042	0.567042315970506	1
-0.0447668987624801	0.874998371336222	1
-0.01135686255054	1.36448986544582	213
-0.0108815915949201	1.04645124106137	6
0.061028021479132	0.734455823851989	34
0.022211153372361	1.37998178223474	6
0.068216917591202	1.09134486803983	6
-0.04454424783783	0.875037302287801	1
0.109885891298775	0.758325900391627	1
-0.08412859432016	1.18335772876772	1
-0.00955415243894997	0.719594277702576	1
-0.03385659856149	1.20019023313274	12
-0.0445823542431201	0.87448497615951	12
0.109959637811511	0.758325708685114	27
0.110066535075841	0.758398727133385	27
0.042116460640944	1.23775359227731	1
-0.11423834940659	0.540537025048118	1
0.018468769989692	0.891343802585796	34
0.119466299040439	1.30046627966342	1
0.102766901950977	0.939673038658141	1
-0.0340348630452201	1.2001954554125	1
-0.01903142150307	2.10536868426393	12
0.066070739361206	0.913928254492498	12
0.072179705296988	1.25747828676636	72
0.07570191264507	1.41683023325101	72
0.051077417638028	1.39751776971112	72
0.018390073185487	0.891235733129596	1
-0.01156811337039	1.36435308946661	7
-0.0799737058131	2.35836667573927	12
-0.04438698797144	0.874823359724042	12
-0.00949318472380001	0.719548716819513	1
0.042411877773486	1.23765635008207	72
0.050946221449785	1.39770926430696	1
0.122979304866702	0.576798736351056	34
-0.0843007427131801	1.18416297802057	34
0.033027103617443	1.536815451777	6
0.11940856468454	1.30028237748817	1
0.066133612393815	0.913817896990738	1
0.102722484111155	0.939927270681426	1
-0.01136197447248	1.36450514747123	27
0.102571195461337	0.940123855262361	1
0.119532700816606	1.30003504627854	1
0.0222723220243179	1.38025463759668	1
0.00750906567971099	1.21867851593673	7
0.047755745628836	0.272799090918146	34
0.00587870859653605	1.52003436155345	34
0.061014750006396	0.734486826092846	34
0.024777771888629	1.84087040574994	6
0.033123476720764	1.06735759628624	6
-0.11770142025461	1.76600469891919	1
0.033082987067662	1.0674734320829	1
0.061041288976964	0.734322134192378	1
-0.10653567007246	1.48379071241774	72
-0.11449125834891	0.540788176297302	1
-0.0973994371378799	1.33612138652643	7
-0.01126612517745	1.04693636677886	6
0.044224693979346	1.86338548369153	1
-0.0673849388289001	1.02908287832302	1
0.031959373972186	0.567014988604947	1
0.032079229085774	0.56691647468837	12
0.110066535075841	0.758398727133385	12
0.04213405645862	1.23803195642172	12
0.122850887569758	0.577216000555005	12
-0.0446229306980801	0.875080562846637	72
0.031490226713548	0.567020696167977	72
-0.04460940159171	0.875044256076931	72
-0.00954648594502006	0.719429089721718	27
0.122722619569568	0.577081252829866	1
0.060790947849236	0.734638357608288	1
-0.04438698797144	0.874823359724042	7
-0.09492414030204	2.05692879819963	6
0.110163569243204	0.758278106424201	34
0.00584406114091696	1.52018346002879	12
-0.0110106968406201	1.04647536420941	12
0.0661776998552021	0.913433739663781	12
0.12280758973809	0.577211271023757	1
-0.0508362359158201	1.34986755478027	72
0.109213021149976	1.79395527722407	1
0.104326840379197	2.22871269047908	1
0.122892804737198	0.577129826927392	1
0.097685105408056	1.27830160939508	1
-0.07232710432169	1.63396545933334	6
-0.0087146907004001	1.66009483641131	34
0.114737685812101	1.46379976521333	34
0.102547440184871	0.940260218229084	6
0.050980749540304	1.39772192435503	1
0.122743415309001	0.57705638656403	1
-0.0444005593508501	0.874733287180993	12
-0.09726281254122	1.33580254085195	1
0.061080397358425	0.734277294146734	72
0.032791941282912	1.06808061328527	7
0.022547136789336	1.37905582817799	27
-0.11480389157877	0.541093044086259	1
-0.07233803077599	1.63285268318272	1
0.102701688357973	0.939858830586143	7
0.093773743880418	1.76983017902944	6
0.097963665414847	1.11515890213512	34
0.056049585322266	1.55764327594884	1
0.066026654597668	0.913944086266714	1
0.061185884621858	0.734138351979046	1
-0.0445171675051601	0.874839243596844	12
0.018387107711221	0.890911942182745	12
0.066196462785352	0.913670596019875	1
0.06838342460412	1.09024728006711	72
0.031974554636492	0.56675996581703	1
-0.0559077144800499	2.37156777559957	34
0.016961682300214	1.67816372486784	34
0.122830062903215	0.577203324418684	1
0.066130265695783	0.913544117933911	1
0.051042873544197	1.39767862694653	1
0.123658783671944	1.13863240837444	1
-0.09722192601032	1.3359014050852	1
0.076935371257403	1.57862947692964	12
0.0609357763180281	0.734584867529678	12
0.05942996083626	1.72097297904551	72
0.01854743633026	0.891200517436491	27
0.00763172217464403	1.21845128278681	34
-0.06759473282354	1.02934690786557	1
0.0979250656844119	1.1150480895648	1
0.060922514554735	0.734512322363123	1
0.04230639406978	1.23795429631017	100
-0.1145954954322	0.541089063658969	12
0.110200393332759	0.758075075130584	7
0.0609881951343571	0.734143578649317	1
-0.04454424783783	0.875037302287801	6
-0.04434629561867	0.874227830580801	6
-0.06757087432184	1.02960559429657	6
-0.10654092444152	1.48383585102106	34
0.072247470624591	1.25713633542623	34
0.061093686495544	0.734349776969803	34
-0.00943949779121001	0.719087797282374	6
0.110260560606779	0.757923214285955	1
0.042483905791014	1.23736940930748	1
0.066111561791409	0.913869462420194	1
-0.0843422108479699	1.18416873197409	1
-0.0842976451986299	1.18383975553519	12
-0.0507276063358899	1.34974408392831	7
-0.0444520453949799	0.874915515762286	1
-0.0674906827344	1.02947600253339	1
0.110186921419238	0.758273976852272	7
0.00208840458582604	2.12362773127455	1
0.110140217393594	0.75818922164643	1
0.06590398857626	0.913907893473794	1
0.122830062903215	0.577203324418684	1
0.10265723813339	0.940076957017963	1
0.066196462785352	0.913670596019875	1
-0.11780504259451	1.76597907627282	100
0.060843517364767	0.734573163138473	72
0.122892804737198	0.577129826927392	72
0.123796442090775	1.13820325501289	72
0.032878493767784	1.06781225444113	72
-0.06754356591929	1.02960059011662	27
0.096738047734633	1.43906998508075	27
0.102766901950977	0.939673038658141	27
0.031959373972186	0.567014988604947	27
0.00745110135749105	1.21875163505965	27
-0.04888066753881	1.78585498423922	27
0.0684842794335641	1.0901289848257	1
-0.00948561465469999	0.719469300354575	1
0.048231954119922	0.27264192625531	34
-0.04422986940011	0.874422999949284	1
-0.0676237647283999	1.02968638703922	1
-0.00962268959251	0.719542660462454	72
0.109936292712197	0.758045997006066	72
0.061014750006396	0.734486826092846	72
0.061185884621858	0.734138351979046	72
-0.0676220447934699	1.02959898870171	27
0.110307273273172	0.75800789084331	1
0.122786734926908	0.577236204859608	1
-0.00952368242224999	0.719592912783372	1
0.098019949117337	1.11441139821202	34
0.022452205591561	1.37954916331939	6
0.110307273273172	0.75800789084331	1
0.061080397358425	0.734277294146734	1
0.102505916207118	0.940205975951383	12
-0.0675179913994	1.02948100786859	72
0.031847247933781	0.567121503023109	34
-0.0974811329326699	1.33588134076142	34
-0.0112867475593299	1.04699179572721	1
-0.06274147411318	1.49202587702692	12
0.032672843501504	1.53743784056784	12
0.0510808824821219	1.39759657671501	12
0.102327443231915	0.939986135177036	12
-0.04437342022381	0.87478702664477	72
-0.0675179913994	1.02948100786859	72
0.031839735720063	0.567066206054291	72
0.0682747006237	1.09110798624752	72
0.119545051534574	1.30017626391706	7
-0.1145954954322	0.541089063658969	7
0.061093686495544	0.734349776969803	7
-0.0674906827344	1.02947600253339	34
0.10994611442796	0.758387165212466	1
0.075473699605894	1.41758321370854	1
-0.0673576276052099	1.02896241203675	72
-0.08067723251228	1.77394806866108	7
-0.0883610366235501	1.91481622132824	7
0.033036966449449	1.06768289627114	7
0.122892804737198	0.577129826927392	34
0.048231954119922	0.27264192625531	34
-0.0340092628401101	1.19993506245739	34
0.12412416239631	1.81675651748884	6
0.110237204746484	0.757643711768777	34
-0.01132335812147	1.36443735294917	100
-0.05074899990213	1.34959289537038	72
0.123716526744444	1.13795541683974	27
0.068144597003035	1.09132787183401	27
0.123411439470359	1.13816969170426	7
0.066322095586219	0.913253237878811	7
-0.05866062365944	1.92839778597565	7
0.102701688357973	0.939858830586143	7
-0.01100712019044	1.0467688034003	7
-0.06301451328798	1.49379954526153	34
0.065963779951847	0.914018836599402	34
-0.10661285918559	1.48391142432305	1
0.00745852535621305	1.21870709605587	1
-0.05065571133179	1.34962011875571	1
-0.04454424783783	0.875037302287801	72
-0.01121771699011	1.36405176431989	72
0.022391023366148	1.37991700053059	72
-0.04459587610723	0.874882532020824	7
-0.10665144058897	1.48378011203968	7
0.12280758973809	0.577211271023757	34
-0.0327608764510701	1.94542508686813	1
0.102547440184871	0.940260218229084	1
-0.10637404954145	1.48276015996341	72
-0.09726745476458	1.33593267607984	27
0.068043390930196	1.09124755463046	27
0.075407067514514	1.41654250676486	7
0.00577477444064101	1.52036944007875	7
0.018548943881068	0.891182658817562	7
-0.0723652024435699	1.63399214874951	34
0.096706648555934	1.43922420476171	34
0.061093686495544	0.734349776969803	1
-0.07221645958462	1.63335634772888	1
0.056156076855447	1.55739654163321	12
-0.0629001790914501	1.49346758262367	1
-0.10911003095113	2.48641904393659	1
-0.0508362359158201	1.34986755478027	1
-0.09737429445385	1.33618961895253	72
-0.08072287086232	1.77405554494587	72
-0.0335920714567599	1.19974411881959	7
-0.0116737315884901	1.3638787154709	7
-0.0724648714973599	1.6344374617271	7
0.01852171877891	0.89128782209467	7
-0.08066317711347	1.77387568107524	7
-0.12238385756487	1.90515133928253	34
-0.08410479185828	1.18363928378775	1
0.0948448055133539	1.60405479354826	1
0.12280758973809	0.577211271023757	1
0.123707802428864	1.13836283104991	12
-0.0335310472160599	1.19971263124176	100
-0.0336378422954899	1.2000132345587	72
0.022231514937018	1.38021746420898	72
-0.02587202424878	1.5056432101026	7
-0.0112949180894699	1.36428406414076	1
-0.0724685350391701	1.63440850715985	1
-0.0630107983919199	1.49319498613275	1
-0.01121771699011	1.36405176431989	1
-0.0506052257594301	1.34945000762301	12
-0.0382643465141299	1.64565107129053	72
-0.10665144058897	1.48378011203968	7
-0.03377011942518	1.20023567172394	7
0.06609277487246	0.913789457162529	7
-0.0840395203086901	1.18336757976254	7
0.10233068057872	0.9403211353412	1
0.0680217093726	1.09099148557421	1
-0.09735860323448	1.33545749308828	1
-0.0629211558576099	1.49367972730647	100
-0.0724377489653301	1.63408210042134	7
-0.0975062813766701	1.33629196450453	6
0.075442128629356	1.41761585390513	12
-0.0113517130426699	1.36433972664653	1
0.10252360232716	0.94004315172749	12
0.072250285634009	1.25723267303751	7
0.059515471174957	1.72034677731384	6
-0.0847139219687201	1.1840730921333	1
-0.0380497097304799	1.64564509648325	12
0.065985814116982	0.914054579689335	12
0.123770798981337	1.13829632876519	100
-0.07241942875158	1.63367771177763	72
-0.01125632177935	1.36421632411086	7
-0.0442948303691	0.874612671953292	7
-0.07413006534159	2.21401777140025	7
0.042417011224308	1.23777318623601	6
0.09808487192521	1.11477805490437	12
-0.0970196414531801	1.33441462000055	12
-0.03237322939656	1.94452159625137	100
-0.12206443668453	1.90483329244281	7
-0.0880184469568801	1.91393752748611	7
-0.05064805367925	1.34945872895967	7
0.072138283745567	1.25768053773344	6
-0.0675162554853099	1.0294800228211	1
0.066130265695783	0.913544117933911	12
0.119507221378634	1.30036961627426	12
0.0224589008349541	1.3796020894186	100
-0.0843422108479699	1.18416873197409	7
0.110223747339957	0.758163932303549	7
-0.08438682576281	1.18431059237427	11
-0.04471516867313	0.874990540305417	7
0.032812146517826	1.06788181818266	7
0.04235536745731	1.23793885253156	7
0.060764483006036	0.73459676282174	7
0.042249943395588	1.2381224020176	6
0.110330630084249	0.7579225607507	1
0.0720940589676981	1.2577236479436	12
0.109982983249307	0.758414603504005	12
0.06816630737094	1.09139188343664	12
-0.00959222676060989	0.719584185538748	72
0.072276746303203	1.25686325194036	72
0.032858281451982	1.06801105527549	72
0.096552588736758	1.43950722547379	7
-0.0672792249157701	1.02844704134877	7
0.068318140372424	1.09114737529994	7
0.0184172992416281	0.891019279351557	7
0.0661556584154081	0.913679106263852	34
-0.05073525888176	1.34973329226194	1
0.075765071120653	1.41652382042462	72
0.00719835672706004	1.21850766675001	7
-0.11449125834891	0.540788176297302	7
0.031727756362024	0.567172585007472	7
0.104698884735232	2.22742714330536	7
0.119643108858195	1.29981639787825	34
0.047387879055768	0.272853156193857	34
-0.0258241941288799	1.50573588446435	6
0.065985814116982	0.914054579689335	6
0.097791794474494	1.11492244237773	1
-0.0114056381243499	1.36423219907183	12
-0.06770226032767	1.02971511897472	12
-0.0843661049894899	1.18424888419965	1
-0.08414933775802	1.1836807310394	12
0.122786734926908	0.577236204859608	72
0.102375292212688	0.940271048783134	72
0.10233068057872	0.9403211353412	7
0.018441547238006	0.891351129934286	7
0.061106971656411	0.734318770281423	7
0.111075801065382	1.6291838625895	7
0.066218519321411	0.913531824301823	11
0.075564981167894	1.41738304491173	6
0.102419856456453	0.940081077850025	6
-0.0844729147077199	1.18429763076139	72
-0.0631685204864001	1.49392270960762	7
-0.0508653034583499	1.34973382362398	7
0.031974554636492	0.56675996581703	7
0.060698632234123	0.734653716487146	34
-0.01142899420268	1.36457225482966	34
0.062340853778907	1.88629805775311	6
-0.0490288241850501	1.78540697961119	6
0.00750906567971099	1.21867851593673	12
0.032990912236226	1.06776186767796	12
0.068339885220984	1.09098852714648	12
-0.10667953924816	1.48393039083252	72
-0.0505256862861301	1.34914482493701	7
0.031966956155177	0.567023112730889	7
-0.0107967313470501	1.04606662723562	6
-0.0444520453949799	0.874915515762286	1
0.04230639406978	1.23795429631017	12
0.123703136843931	1.13851610491653	1
-0.0324589020352799	1.9446354284132	72
0.068115697943313	1.09140457364152	72
-0.01136197447248	1.36450514747123	72
0.005764954266541	1.51999594916694	7
0.110223747339957	0.758163932303549	7
-0.10133322725249	2.20183954711408	34
0.097788398572225	1.27799218750125	12
-0.03825928531874	1.64532764637403	1
0.022184033488774	1.38024276731453	12
-0.1220470272039	1.90448613758235	72
0.094734029875207	1.6044909679321	72
-0.0809580144741999	1.77217118135882	34
0.095176305503313	1.93031547302107	1
0.056384564947808	1.55691849682403	12
0.068144597003035	1.09132787183401	100
0.097974298811038	1.11511969911987	100
-0.01106991729155	1.04686660568732	72
0.00606176139925596	1.518785445705	6
0.00755960685033796	1.21861263453586	6
0.097619946578929	1.27816721345537	12
0.04812307490303	0.272670624519378	12
0.048598433462579	0.272432782475208	12
-0.11469959880058	0.540907832368884	1
0.12280758973809	0.577211271023757	17
-0.00952368242224999	0.719592912783372	17
-0.1144886963805	0.541000350984738	305
-0.1145954954322	0.541089063658969	11
0.042288589601939	1.23797117367548	7
0.048598433462579	0.272432782475208	34
0.04812307490303	0.272670624519378	6
0.048598433462579	0.272432782475208	34
0.04812307490303	0.272670624519378	6
0.031727756362024	0.567172585007472	12
0.048231954119922	0.27264192625531	1
0.048598433462579	0.272432782475208	100
0.048231954119922	0.27264192625531	72
0.047755745628836	0.272799090918146	7
0.047864940117501	0.272770263417896	11
0.047755745628836	0.272799090918146	97
0.032904383029822	1.06800777077185	34
-0.06780978614306	1.02954453126558	34
0.097658051478386	1.27793393678618	6
0.11070044817539	1.63080964277621	1
0.076626780345332	1.58002720234756	12
0.048489868525968	0.272461351367526	12
0.031966956155177	0.567023112730889	51
-0.0674360593176	1.02910344958402	1
-0.1146996213552	0.541121784175122	1
0.122871801503524	0.577191008258668	72
0.047755745628836	0.272799090918146	7
0.066070739361206	0.913928254492498	34
-0.0675179913994	1.02948100786859	34
0.110089883315592	0.75831334866461	6
0.050287658127479	2.0242735436113	12
0.119434654610223	1.30053083761182	12
0.060777717413549	0.734669327956872	51
0.110126732547253	0.758353213221804	1
0.047864940117501	0.272770263417896	1
-0.00949318472380001	0.719548716819513	17
0.031966956155177	0.567023112730889	17
0.122913897302031	0.57703082808025	12
0.122722619569568	0.577081252829866	17
0.04812307490303	0.272670624519378	100
-0.1144886963805	0.541000350984738	100
0.068433687507917	1.09028083969045	7
-0.04437342022381	0.87478702664477	11
0.047497389810397	0.272824202108595	7
0.032071593233322	0.566690436445225	34
-0.1146996213552	0.541121784175122	6
0.018468769989692	0.891343802585796	315
0.012384664212352	1.98218094117907	12
0.032751522829547	1.06819642967814	12
0.031847247933781	0.567121503023109	12
-0.11480398571088	0.54087926587085	1
0.048598433462579	0.272432782475208	17
-0.1144886963805	0.541000350984738	12
-0.00956173625136003	0.719582795507295	12
-0.00949318472380001	0.719548716819513	11
0.031727756362024	0.567172585007472	11
0.109455452530681	1.79235847611884	7
-0.0338821521412001	1.20028548040552	34
-0.0841018601475101	1.18317392338317	34
0.032618821382027	1.06822533492779	34
-0.11423834940659	0.540537025048118	12
-0.1146996213552	0.541121784175122	12
0.031966956155177	0.567023112730889	17
0.031959373972186	0.567014988604947	17
0.0171896809450151	1.67716552723347	100
0.122915077536795	0.577091573709713	7
0.048489868525968	0.272461351367526	7
0.04812307490303	0.272670624519378	7
0.0393639466694971	1.69903778046296	7
-0.0442570674037199	0.874001246514747	34
-0.00952368242224999	0.719592912783372	34
-0.04435985610666	0.874625311859659	315
0.032079229085774	0.56691647468837	12
0.07202628358025	1.25776081764772	51
0.123866528902378	1.13760470246277	12
-0.11459571417205	0.540895302433044	51
-0.11459535646121	0.54087500274063	12
0.047864940117501	0.272770263417896	17
0.048489868525968	0.272461351367526	17
0.04812307490303	0.272670624519378	12
-0.0445823542431201	0.87448497615951	72
0.032079229085774	0.56691647468837	72
0.031601108969	0.566915321537061	7
0.031959373972186	0.567014988604947	11
0.047387879055768	0.272853156193857	7
0.04812307490303	0.272670624519378	97
0.05086323766534	1.39784411706059	97
0.123458087052623	1.13826326767152	7
0.12280758973809	0.577211271023757	6
-0.1145954954322	0.541089063658969	34
0.03185477649666	0.566902385585879	34
0.03185477649666	0.566902385585879	315
-0.00949318472380001	0.719548716819513	12
0.04812307490303	0.272670624519378	234
0.031839735720063	0.567066206054291	51
0.032094549623495	0.566570214515686	51
-0.11459535646121	0.54087500274063	1
0.047497389810397	0.272824202108595	12
0.048231954119922	0.27264192625531	17
0.04812307490303	0.272670624519378	17
0.060711849000988	0.734622762965473	12
0.061093686495544	0.734349776969803	12
0.047864940117501	0.272770263417896	7
0.047497389810397	0.272824202108595	97
0.031727756362024	0.567172585007472	97
0.123663490922654	1.13832806779249	34
0.110163569243204	0.758278106424201	6
0.047864940117501	0.272770263417896	34
0.032071593233322	0.566690436445225	34
0.110056683438365	0.757988708239315	34
0.048231954119922	0.27264192625531	34
-0.00946265936106006	0.719458642516027	34
0.102505916207118	0.940205975951383	315
-0.1146996213552	0.541121784175122	315
0.048231954119922	0.27264192625531	234
0.047864940117501	0.272770263417896	234
0.110043187174885	0.758402852078309	1
0.048231954119922	0.27264192625531	195
0.04812307490303	0.272670624519378	195
0.110103382513894	0.758357339826199	7
0.048489868525968	0.272461351367526	11
0.047755745628836	0.272799090918146	97
0.061185884621858	0.734138351979046	97
0.031727756362024	0.567172585007472	7
0.04812307490303	0.272670624519378	34
-0.11459571417205	0.540895302433044	34
0.048489868525968	0.272461351367526	34
0.047387879055768	0.272853156193857	315
0.122850887569758	0.577216000555005	315
-0.1146996213552	0.541121784175122	315
0.04812307490303	0.272670624519378	1
-0.1145954954322	0.541089063658969	1
0.048489868525968	0.272461351367526	248
0.04812307490303	0.272670624519378	17
-0.11459535646121	0.54087500274063	11
0.048489868525968	0.272461351367526	11
0.04812307490303	0.272670624519378	97
-0.1144886963805	0.541000350984738	97
0.048598433462579	0.272432782475208	6
0.04812307490303	0.272670624519378	413
0.048598433462579	0.272432782475208	34
0.048231954119922	0.27264192625531	34
0.048231954119922	0.27264192625531	315
0.04812307490303	0.272670624519378	315
-0.1143440462202	0.540707013154826	315
0.047755745628836	0.272799090918146	267
0.047864940117501	0.272770263417896	1
0.123773100474905	1.13833006468011	1
0.032817848817712	1.06812688940222	12
-0.11394961846196	0.540358650867839	12
0.123020836922725	0.576562714951828	12
-0.00946265936106006	0.719458642516027	12
-0.00952368242224999	0.719592912783372	12
0.048231954119922	0.27264192625531	51
0.048489868525968	0.272461351367526	51
-0.0444520453949799	0.874915515762286	12
0.047864940117501	0.272770263417896	12
0.048231954119922	0.27264192625531	160
-0.0447804021495899	0.875034643261629	7
0.065985814116982	0.914054579689335	7
0.047387879055768	0.272853156193857	97
0.04812307490303	0.272670624519378	34
-0.1144886963805	0.541000350984738	34
0.048231954119922	0.27264192625531	34
-0.11480387759856	0.540899159478976	34
0.12280758973809	0.577211271023757	34
0.04812307490303	0.272670624519378	315
0.032079229085774	0.56691647468837	1
0.047755745628836	0.272799090918146	12
0.122979304866702	0.576798736351056	51
-0.00949318472380001	0.719548716819513	51
0.048231954119922	0.27264192625531	51
0.048231954119922	0.27264192625531	12
0.048231954119922	0.27264192625531	12
0.048598433462579	0.272432782475208	12
0.047864940117501	0.272770263417896	17
0.047755745628836	0.272799090918146	17
-0.1144886963805	0.541000350984738	17
-0.1143440462202	0.540707013154826	195
0.048231954119922	0.27264192625531	72
0.031847247933781	0.567121503023109	7
-0.00945513744605009	0.719425138137918	7
0.047497389810397	0.272824202108595	112
0.0323118148547	0.566449087740737	112
0.060922514554735	0.734512322363123	7
0.048231954119922	0.27264192625531	267
0.048598433462579	0.272432782475208	1
0.047864940117501	0.272770263417896	12
0.048231954119922	0.27264192625531	100
-0.01098857513235	1.0466444883025	34
-0.04464999978255	0.874658189007031	34
-0.03352597940084	1.19952886381899	12
-0.11409385166674	0.540651439280993	267
0.048231954119922	0.27264192625531	51
-0.11409385166674	0.540651439280993	51
-0.11469972387002	0.540927932422351	12
0.060777717413549	0.734669327956872	416
-0.1145954954322	0.541089063658969	17
0.048231954119922	0.27264192625531	17
-0.11459571417205	0.540895302433044	17
-0.1143440462202	0.540707013154826	195
0.122850887569758	0.577216000555005	12
-0.0675964565840099	1.02968138226897	12
-0.1146996213552	0.541121784175122	160
-0.11394961846196	0.540358650867839	72
0.031727756362024	0.567172585007472	160
-0.00952368242224999	0.719592912783372	160
-0.0111892486024301	1.36383222744496	7
0.047755745628836	0.272799090918146	11
0.047755745628836	0.272799090918146	11
0.0720206719903031	1.25775136112317	7
-0.122141598843	1.90508810025631	7
-0.04460940159171	0.875044256076931	97
0.031839735720063	0.567066206054291	34
0.060949034106964	0.734553872901206	315
-0.0445577934429899	0.874947175637136	315
0.109996492378858	0.758034210233106	315
-0.00951606416000006	0.719470647168065	12
-0.00955415243894997	0.719594277702576	51
0.060790947849236	0.734638357608288	51
0.122958361914198	0.576786214582943	51
0.032079229085774	0.56691647468837	51
-0.11469972387002	0.540927932422351	12
0.122681295519488	0.577012560144428	12
0.047864940117501	0.272770263417896	12
0.03243225177931	0.566259034919588	17
0.0719999216194061	1.25784747559237	72
0.097639658652002	1.27812007561353	160
0.047864940117501	0.272770263417896	11
-0.05065571133179	1.34962011875571	97
0.109969458444249	0.758301811363702	97
-0.0841908394185	1.1839217961835	34
0.00781971502643797	1.21749951159823	34
-0.03800879846376	1.64545995063421	12
0.122957113106258	0.577005310114962	12
0.047864940117501	0.272770263417896	51
0.060922514554735	0.734512322363123	51
0.04812307490303	0.272670624519378	12
-0.11384369426122	0.540061252740227	17
0.047864940117501	0.272770263417896	17
0.04812307490303	0.272670624519378	17
0.123042670120896	0.576613456359607	17
-0.1144886963805	0.541000350984738	17
-0.0110106968406201	1.04647536420941	12
-0.00946265936106006	0.719458642516027	11
0.048598433462579	0.272432782475208	11
0.050901248652748	1.39794423411131	97
0.061028021479132	0.734455823851989	34
-0.00952368242224999	0.719592912783372	1
-0.00949318472380001	0.719548716819513	12
0.0317352150006121	0.567000612677095	51
0.0323118148547	0.566449087740737	51
0.0612350868785621	0.733582265905031	51
-0.00959222676060989	0.719584185538748	12
0.122850887569758	0.577216000555005	12
0.032191595406	0.566591842753788	17
0.047755745628836	0.272799090918146	17
0.032086881231415	0.566880494409038	11
0.048231954119922	0.27264192625531	112
-0.01092584208787	1.04646478757565	34
-0.00858883116907006	1.66018884125769	34
-0.0675179913994	1.02948100786859	1
-0.00952368242224999	0.719592912783372	12
-0.11394961846196	0.540358650867839	51
0.122828533793664	0.577150150243609	51
0.031959373972186	0.567014988604947	51
0.042283337808234	1.23812382734132	51
-0.0333988381996599	1.19923628652098	12
0.061001474558287	0.734414306613764	12
0.032751522829547	1.06819642967814	12
-0.1144886963805	0.541000350984738	17
0.102485147099845	0.940031908257637	17
-0.04454424783783	0.875037302287801	72
-0.04454424783783	0.875037302287801	11
0.110270456321804	0.758074443440553	11
-0.11449125834891	0.540788176297302	189
0.047755745628836	0.272799090918146	189
-0.11449125834891	0.540788176297302	112
0.00584406114091696	1.52018346002879	7
0.018600369215321	0.891065326956382	34
-0.00962268959251	0.719542660462454	34
0.050897773810526	1.3977885581543	34
0.066281357575508	0.913345059106075	34
-0.06310320515668	1.49407532131708	12
-0.11480389157877	0.541093044086259	51
0.122957113106258	0.577005310114962	51
0.122871801503524	0.577191008258668	12
0.12280758973809	0.577211271023757	12
-0.1146996213552	0.541121784175122	17
-0.11469959880058	0.540907832368884	17
0.04812307490303	0.272670624519378	17
-0.00959222676060989	0.719584185538748	17
0.102526680568705	0.940274502101517	72
0.031847247933781	0.567121503023109	72
0.031496758217042	0.567042315970506	11
0.032071593233322	0.566690436445225	11
0.061028021479132	0.734455823851989	11
0.048231954119922	0.27264192625531	189
0.031966956155177	0.567023112730889	7
-0.0338821521412001	1.20028548040552	34
0.068065089317637	1.0913824036287	34
0.00745852535621305	1.21870709605587	88
0.102636452853247	0.940008480427255	88
0.01852171877891	0.89128782209467	12
0.122913897302031	0.57703082808025	17
-0.1145954954322	0.541089063658969	17
-0.0445307058590401	0.875000983365389	17
0.0183885910418971	0.891369034784776	17
0.018653294319131	0.890885888045407	12
0.01852171877891	0.89128782209467	72
0.066048699269289	0.913979811896187	11
0.122871801503524	0.577191008258668	11
-0.00939409998832996	0.719191379540725	11
0.060949034106964	0.734553872901206	97
-0.01136197447248	1.36450514747123	34
-0.0336175076704801	1.20000036554384	88
0.102722484111155	0.939927270681426	88
-0.0676220447934699	1.02959898870171	88
0.102372132479148	0.940215274127897	88
-0.0675964565840099	1.02968138226897	51
0.03185477649666	0.566902385585879	51
0.12300033719795	0.576773649682754	17
0.110270456321804	0.758074443440553	17
0.031959373972186	0.567014988604947	17
0.122850887569758	0.577216000555005	72
-0.01094434495271	1.04663097728092	7
0.122765969326838	0.57722347245481	11
0.060949034106964	0.734553872901206	11
-0.00953867129288	0.719213659450249	11
-0.1145954954322	0.541089063658969	189
0.031847247933781	0.567121503023109	112
0.0323118148547	0.566449087740737	7
-0.0335717275230001	1.19984085753893	12
0.097979675211802	1.11493398580477	88
0.047864940117501	0.272770263417896	51
0.031966956155177	0.567023112730889	12
0.122894193752737	0.577078965683136	161
-0.00959222676060989	0.719584185538748	161
-0.1145954954322	0.541089063658969	72
0.060949034106964	0.734553872901206	72
0.031727756362024	0.567172585007472	11
0.031966956155177	0.567023112730889	11
-0.1144886963805	0.541000350984738	11
0.047497389810397	0.272824202108595	112
0.031720314122376	0.567057194652099	112
0.047497389810397	0.272824202108595	7
0.048231954119922	0.27264192625531	7
-0.00952368242224999	0.719592912783372	97
0.031727756362024	0.567172585007472	97
0.047755745628836	0.272799090918146	97
-0.0447668987624801	0.874998371336222	12
0.061120252841419	0.734185107924619	12
0.050866716054803	1.39796567776136	1
-0.0724993050129099	1.63445236896901	1
-0.01096292796479	1.04632443443331	12
0.097946414430474	1.11485253797527	51
-0.0975062813766701	1.33629196450453	51
0.066215142670211	0.913499728136811	12
0.055992479310421	1.55764553141022	12
-0.11459535646121	0.54087500274063	72
-0.04442494655826	0.874356224735044	11
0.031951808133683	0.566741793143772	112
-0.0444005593508501	0.874733287180993	7
0.115160565209291	1.46243852808218	7
-0.0676237647283999	1.02968638703922	97
0.122832077996853	0.576663269068791	17
0.102482118205951	0.94030942754423	12
0.068238650614869	1.091256783625	12
0.00760275821234202	1.21844045928042	12
-0.0844521998383301	1.18435363304479	72
-0.10656899402135	1.48382175417859	34
-0.0336175076704801	1.20000036554384	34
0.076569989811037	1.58019898013924	1
0.0443017887571771	1.86298709579053	12
0.12280758973809	0.577211271023757	51
-0.05065571133179	1.34962011875571	11
-0.0109664578361399	1.04668877277751	97
0.122915077536795	0.577091573709713	97
0.065797023033157	0.914065073356353	88
-0.11284598758051	1.62625426926223	12
-0.09719687863719	1.33559767521875	51
0.00551918135890295	1.52009657206708	51
-0.0380435428806201	1.64551687025541	11
0.102654266238225	0.93991173958222	11
0.061093686495544	0.734349776969803	7
-0.11384369426122	0.540061252740227	7
-0.06754356591929	1.02960059011662	97
-0.00956923753491989	0.719303703505991	97
-0.06303553022315	1.49402232321609	51
0.032890181445273	1.53733832184257	51
0.115056115496059	1.46297051042483	57
-0.06699671447706	2.07141583755849	12
0.060962287922118	0.734420173128497	161
0.031847247933781	0.567121503023109	88
0.00737899062069702	1.2187820399153	88
-0.1144886963805	0.541000350984738	88
-0.00951606416000006	0.719470647168065	88
0.00755220510898402	1.21858226446361	51
-0.00955415243894997	0.719594277702576	161
0.110076368438553	0.757781106680667	161
-0.0949487366931201	2.05676235379051	161
-0.0212328565689099	1.80138165175391	72
0.068375902769935	1.09091058503372	72
0.097958408554346	1.11499773494011	7
0.095423367607155	1.9296409349998	12
0.031966956155177	0.567023112730889	88
-0.08440755145801	1.18425460382918	12
0.072005625459493	1.2575320267474	72
0.061014750006396	0.734486826092846	72
0.119222435963164	1.30051719895872	11
-0.00956173625136003	0.719582795507295	7
0.0975400504541179	1.27842505534167	97
-0.00874300853864996	1.66048635489512	88
-0.0109037146347	1.04650903893007	51
-0.0489091012196201	1.78594786384129	12
0.032086881231415	0.566880494409038	161
-0.0326146603672099	1.94552363829264	11
-0.03370397294107	1.20014450289202	97
0.060790947849236	0.734638357608288	97
0.094849971635754	1.60401200518696	12
0.018573147361327	0.890960687427876	88
-0.10643563775539	1.48343306154168	51
0.031839735720063	0.567066206054291	161
-0.00948561465469999	0.719469300354575	161
0.097681430688191	1.27830937563298	11
0.032731309605797	1.06811359377429	7
-0.0213637089435901	1.80150232145156	97
-0.0446229306980801	0.875080562846637	97
0.122765969326838	0.57722347245481	97
0.00774020530518005	1.21800731088231	12
0.094221075244612	1.60498561741369	12
0.122915077536795	0.577091573709713	12
-0.09724236809706	1.33591396738743	51
-0.0335717275230001	1.19984085753893	51
0.110043187174885	0.758402852078309	51
-0.033400531824	2.38334498344725	51
-0.11459535646121	0.54087500274063	161
0.12280758973809	0.577211271023757	161
0.109922770760536	0.758391290815041	12
0.0659008826868051	0.914058426198824	72
0.096829319424749	1.4387377304041	7
0.018627593052595	0.891057998572292	7
-0.0447016488104299	0.875080672215587	7
-0.0676510708407601	1.02955906828335	97
0.122915077536795	0.577091573709713	97
-0.0488350423030599	1.78566654153361	12
0.119535784323953	1.30023019862239	51
0.110965501683656	1.62968451906305	12
-0.0974151598855899	1.33580860329926	161
-0.10663025594682	1.48341554251906	72
0.110053021620181	0.758147293453786	72
0.032827146285232	1.53749063950567	12
0.031951808133683	0.566741793143772	88
0.033057202782908	1.0675801720725	51
0.066029868707851	0.913864241707956	51
0.094869897005362	1.60382691374053	51
0.09634939745417	1.43948185562493	57
0.068397626178061	1.090918671406	72
-0.01092223648267	1.04647115178995	11
0.122871801503524	0.577191008258668	7
0.06816630737094	1.09139188343664	7
0.060856765447748	0.734645723530448	97
-0.00956173625136003	0.719582795507295	88
-0.06757087432184	1.02960559429657	51
0.097688784643191	1.27818554167985	12
-0.00946265936106006	0.719458642516027	161
-0.0803824117855101	1.77110163691069	11
0.032079229085774	0.56691647468837	7
0.032086881231415	0.566880494409038	97
-0.0724648714973599	1.6344374617271	12
0.096293087087804	1.43938367983422	12
-0.1145954954322	0.541089063658969	88
0.031959373972186	0.567014988604947	88
0.032086881231415	0.566880494409038	88
0.04812307490303	0.272670624519378	161
0.00758117420136895	1.218593081794	72
-0.03355138611036	1.19982797735367	7
-0.11469972387002	0.540927932422351	7
0.01854743633026	0.891200517436491	97
-0.0256805039632699	1.50507559547987	97
-0.0444005593508501	0.874733287180993	415
0.109204176275592	1.79394566422779	12
-0.0323076620338001	1.94385866584554	12
0.122830062903215	0.577203324418684	12
-0.0442948303691	0.874612671953292	88
0.039088114973553	1.6995765927129	12
0.119358992118224	1.30054945455121	51
-0.0109850218709899	1.04660896365302	161
0.110223747339957	0.758163932303549	7
0.061106971656411	0.734318770281423	97
0.032079229085774	0.56691647468837	88
0.050935784232102	1.39788866911543	57
0.042244710472197	1.23818838192643	11
-0.04446560025431	0.874951843477017	97
0.00755220510898402	1.21858226446361	97
-0.08414933775802	1.1836807310394	97
0.005764954266541	1.51999594916694	51
-0.0381284482291699	1.64509897584788	11
0.051004864450415	1.39767374843643	11
0.032745782811282	1.06791490925739	7
-0.01109555758862	1.04617630445201	97
-0.0447016488104299	0.875080672215587	97
0.122978264954337	0.576906289496621	97
0.096478500830301	1.43949941882273	34
-0.0675981806957899	1.02947828761807	12
0.122915077536795	0.577091573709713	88
-0.08063508809974	1.77325133993232	12
0.110247101668791	0.758159798405766	12
0.01852171877891	0.89128782209467	7
0.032199301264988	0.566773743831677	97
0.01852171877891	0.89128782209467	88
0.109230281951785	1.79401681586017	12
0.00591335882695998	1.51984652789489	12
0.032924605114544	1.0679050257715	12
0.061014750006396	0.734486826092846	12
-0.0628977909939501	1.49354569777032	11
0.032904383029822	1.06800777077185	97
0.115088424738887	1.46301006778246	12
0.061172585768852	0.734169359590649	12
0.042445340224146	1.2374338002114	12
0.00591989711352303	1.51972983976519	51
0.042249943395588	1.2381224020176	12
0.094849971635754	1.60401200518696	57
-0.07236155114085	1.63414672358936	11
-0.00965312473012991	0.719454975106926	11
0.018548943881068	0.891182658817562	11
0.122830062903215	0.577203324418684	415
-0.11449125834891	0.540788176297302	97
-0.1064689919678	1.48359744038891	12
0.060949034106964	0.734553872901206	12
0.075596554150463	1.41727001253552	11
0.068477108030739	1.09056886871485	11
-0.00945513744605009	0.719425138137918	7
-0.00956923753491989	0.719303703505991	12
0.068390503651557	1.09079874158402	12
-0.04454424783783	0.875037302287801	12
0.110237204746484	0.757643711768777	12
0.065815945074774	0.913919891438734	12
-0.04446560025431	0.874951843477017	7
0.097795737822801	1.27784311068597	97
0.061093686495544	0.734349776969803	97
0.102502862637504	0.940217754935799	12
0.022160306077689	1.38020157786992	12
0.097574473073983	1.27841826569567	51
0.110210273924257	0.758188605908356	12
-0.00949318472380001	0.719548716819513	12
0.122936050643944	0.577066528922155	7
0.102808509665419	0.939727088354476	97
0.03975328565021	1.69677893254518	12
0.0394942856664831	1.69820205898989	51
-0.07257917492974	1.63414308281956	12
0.044178199098043	1.86253539708378	12
0.016847687349748	1.67844391264872	57
0.110126732547253	0.758353213221804	12
0.06068541149692	0.734581157638396	415
0.0721589798233801	1.25763735257334	12
0.097792065890104	1.27797353839933	12
-0.0324788245104899	1.94512431531769	11
-0.0807966463904399	1.77364448273769	7
0.018494495669324	0.891295148402178	108
0.031727756362024	0.567172585007472	7
-0.0107561505840501	1.04595121918338	7
0.109982983249307	0.758414603504005	145
0.031959373972186	0.567014988604947	145
0.102764061357437	0.939821244116649	51
0.097681430688191	1.27830937563298	12
0.060856765447748	0.734645723530448	11
0.11023362676084	0.758010794911154	7
0.075656267597236	1.41704929696716	97
-0.07246120338175	1.63431564490405	12
-0.00950067227012008	0.71944848988664	12
0.0982357385184121	1.11408192381701	12
0.018574659801723	0.891193190806152	7
0.061001474558287	0.734414306613764	7
-0.0336836450885101	1.20013164447268	12
0.040457683530699	2.16032576232816	11
0.102437508436495	0.940233689247385	7
-0.0675162554853099	1.0294800228211	7
0.042499419704949	1.23717717014368	51
0.060949034106964	0.734553872901206	11
0.018415813439741	0.891361705052936	7
0.031720314122376	0.567057194652099	12
-0.03352597940084	1.19952886381899	12
-0.0630565163341199	1.49409712518812	11
-0.04446560025431	0.874951843477017	11
-0.01110698009575	1.36323357705524	11
0.122913897302031	0.57703082808025	108
-0.11369961316531	0.540175728256294	108
0.122786734926908	0.577236204859608	97
-0.00946265936106006	0.719458642516027	97
-0.11459571417205	0.540895302433044	145
0.102482118205951	0.94030942754423	7
-0.11776007789612	1.76530878058203	145
-0.00961500935902992	0.719465002182	12
0.098035595670948	1.1151274797835	12
0.06817350166632	1.09116765713778	12
0.110247101668791	0.758159798405766	7
-0.00950807744836002	0.71906994013096	97
0.031966956155177	0.567023112730889	12
0.097719533168551	1.27823107971962	51
0.0956414028852221	1.92825832080674	12
-0.0971355329718699	1.33556804136506	12
-0.00945513744605009	0.719425138137918	108
-0.0675691464047901	1.02956080335463	97
-0.1144886963805	0.541000350984738	12
0.039144790503296	1.69948442770629	51
0.032981461728209	1.5370261223463	7
0.123635475109601	1.13863202904981	7
-0.0335717275230001	1.19984085753893	7
-0.0444520453949799	0.874915515762286	145
0.094376678514299	1.60519192475093	51
-0.04460940159171	0.875044256076931	7
0.119507221378634	1.30036961627426	7
0.060962287922118	0.734420173128497	108
0.0608700095575661	0.734614739532522	7
0.061014750006396	0.734486826092846	97
0.0609357763180281	0.734584867529678	12
-0.01113506903312	1.04692897665662	145
0.110173433618173	0.758090003658094	12
0.110344077545518	0.757817202440817	108
0.0317352150006121	0.567000612677095	108
0.061106971656411	0.734318770281423	415
0.123798849082048	1.13795942768384	51
0.00768227096094298	1.21826973374442	12
0.032970683034459	1.06786460606963	12
-0.11480387759856	0.540899159478976	7
0.032319590710896	0.566583655563607	108
-0.0444520453949799	0.874915515762286	108
0.12280758973809	0.577211271023757	97
0.07663435255971	1.57962374410234	12
0.110780489353254	1.63062719359524	12
0.075610623772561	1.41723321239013	12
0.122681295519488	0.577012560144428	57
0.123656544898233	1.13848441111465	12
0.102678018662703	0.940062642864547	7
0.060856765447748	0.734645723530448	108
0.122701912984862	0.577068484962905	7
-0.04978524948323	2.23060893831854	12
0.039218969287842	1.69940396153412	145
0.021655271501824	2.14271211890801	12
0.097935660470675	1.11518091544644	12
0.00773282055119995	1.21804627892688	7
-0.0678080939135699	1.02957183162047	415
0.031615869941974	0.567051569300168	97
-0.0677568735707701	1.02959283321938	12
0.097616259623016	1.27834699468731	51
0.110210273924257	0.758188605908356	11
0.017050978882953	1.67771397835565	7
-0.0674906827344	1.02947600253339	7
0.061014750006396	0.734486826092846	97
0.007328446849308	1.21873467587146	12
-0.00855737436019011	1.6599653596595	7
-0.05840886213763	1.92724533713753	7
-0.0337904430220499	1.20013885545986	7
-0.11469959880058	0.540907832368884	7
-0.06293857274258	1.49306640933625	12
-0.00956173625136003	0.719582795507295	12
0.068296412155814	1.09118687231564	12
-0.08054031013807	1.77337447760355	11
-0.01077829395095	1.04600900862957	7
-0.00955415243894997	0.719594277702576	7
0.031847247933781	0.567121503023109	12
0.032079229085774	0.56691647468837	12
0.01712505936152	1.67751581285617	57
0.061093686495544	0.734349776969803	57
-0.00942463255137005	0.719335114329613	57
0.0511465150984351	1.39708275004107	12
0.110066535075841	0.758398727133385	11
0.109899427439278	0.758302416946051	11
0.03243225177931	0.566259034919588	73
-0.12207854784394	1.90480928011661	7
0.12280758973809	0.577211271023757	97
-0.00957687999319989	0.719341383679869	12
0.0661556584154081	0.913679106263852	51
-0.12231001160458	1.90530937826444	57
0.115006887939608	1.46339655551592	12
-0.08425614552937	1.18409554472181	12
-0.0335717275230001	1.19984085753893	11
0.102805619591441	0.939366251910944	7
0.01854743633026	0.891200517436491	7
0.122765969326838	0.57722347245481	73
-0.1146996213552	0.541121784175122	7
-0.0381161146358899	1.64572655030474	51
0.093731112921469	1.77000149033394	57
0.03185477649666	0.566902385585879	57
0.00260455632066303	1.82126161601837	11
-0.0499678539992101	2.23136911489563	7
0.03185477649666	0.566902385585879	97
-0.11449125834891	0.540788176297302	57
0.017050978882953	1.67771397835565	11
0.115152983237947	1.46276711094971	7
-0.0447668987624801	0.874998371336222	7
-0.11449125834891	0.540788176297302	73
0.048231954119922	0.27264192625531	73
0.031966956155177	0.567023112730889	97
0.122871801503524	0.577191008258668	97
-0.11459571417205	0.540895302433044	12
-0.01143410678958	1.36452461064498	51
0.110860536862968	1.63034038934446	12
-0.11480387759856	0.540899159478976	57
0.032199301264988	0.566773743831677	57
-0.0840187502254901	1.18318834527758	11
0.07541055439695	1.41756409071877	7
0.047864940117501	0.272770263417896	73
-0.0442948303691	0.874612671953292	97
0.0954746988788731	1.92929552732209	57
0.066133612393815	0.913817896990738	57
0.068412270938868	1.09046887308857	12
-0.0509586062491101	1.34977847178465	12
0.093886355687023	1.76921326612732	11
-0.11277241921162	1.62619345772839	73
0.068368752914815	1.09099529213687	73
0.102873722301616	0.939502079698032	97
0.077123981122981	1.74574401639248	12
0.075519339780062	1.41749955054658	12
0.018361370640517	0.89126434873263	12
0.022143274719684	1.37972432112144	73
0.075596554150463	1.41727001253552	73
-0.11268400291138	1.62589975684777	11
0.056441688598158	1.55671449007379	73
0.068216917591202	1.09134486803983	73
-0.10663025594682	1.48341554251906	73
-0.01094434495271	1.04663097728092	7
-0.10097197831454	2.20109524566099	57
-0.0629445104652999	1.49377125926658	73
-0.03797405162118	1.64536415429386	73
0.072253173648387	1.2570951819886	7
0.102766901950977	0.939673038658141	12
-0.12203623624125	1.90438252767958	73
0.098007589998965	1.11513441446806	12
0.012284208506036	1.9830854050958	12
0.07667595621546	1.57989152044029	57
0.093698676109736	1.77008081378913	57
-0.0673576276052099	1.02896241203675	57
0.033195193072476	1.0668065631194	57
-0.0842115976406601	1.18386588923938	73
0.061120252841419	0.734185107924619	7
0.065756035121708	0.913940863560114	51
0.0681880344578319	1.09133812448806	12
0.102808509665419	0.939727088354476	7
0.110351535127391	1.63032155701413	12
0.00577805448740199	1.52022857919695	57
-0.04437342022381	0.87478702664477	73
-0.0675691464047901	1.02956080335463	7
0.024476762587253	1.84203908608572	57
0.075473699605894	1.41758321370854	57
0.031727756362024	0.567172585007472	57
0.122871801503524	0.577191008258668	57
0.050897773810526	1.3977885581543	11
-0.0974402803622201	1.33626237931806	11
0.068057916614843	1.09129809699015	11
0.048489868525968	0.272461351367526	73
-0.04447915874277	0.874861737721261	7
-0.00946265936106006	0.719458642516027	51
0.061120252841419	0.734185107924619	51
0.122828533793664	0.577150150243609	51
0.04812307490303	0.272670624519378	51
0.123679835859713	1.13851571556633	12
0.102784842850869	0.939646655617509	57
-0.04416497325109	0.874044170634651	11
0.102678018662703	0.940062642864547	11
0.018495994737287	0.891238633380212	73
0.0317352150006121	0.567000612677095	51
0.110103382513894	0.758357339826199	51
0.018443037836819	0.891256539139616	11
0.0977502975307269	1.27807047747867	7
0.04812307490303	0.272670624519378	73
-0.0112847332969399	1.36427271349989	7
0.061106971656411	0.734318770281423	7
0.031615869941974	0.567051569300168	51
0.042311548515336	1.23808535151044	12
0.098107523642557	1.1149831143537	11
0.0609357763180281	0.734584867529678	73
-0.0676493547222801	1.02971956899807	73
0.12280758973809	0.577211271023757	73
0.061251598364894	0.733936477959649	73
-0.03366331974116	1.2000162830891	51
-0.1144886963805	0.541000350984738	51
0.032199301264988	0.566773743831677	51
0.098151442136748	1.11471005709961	12
0.042383578448162	1.23791559703069	12
0.031847247933781	0.567121503023109	12
0.102505916207118	0.940205975951383	11
0.075564981167894	1.41738304491173	7
0.110270456321804	0.758074443440553	73
-0.00895548496063992	1.96275895511479	51
0.047755745628836	0.272799090918146	12
-0.00959222676060989	0.719584185538748	12
-0.10674617921461	1.48377491935801	73
0.032086881231415	0.566880494409038	73
-0.00958459475678008	0.719552722677059	73
0.110186921419238	0.758273976852272	7
0.075424609201488	1.41733478854204	12
-0.04447915874277	0.874861737721261	57
0.048489868525968	0.272461351367526	73
0.032817848817712	1.06812688940222	73
-0.1146996213552	0.541121784175122	7
0.097650680902687	1.27834020139292	51
0.0659008826868051	0.914058426198824	11
0.083818800357621	2.0636504071934	7
0.032664974200632	1.06814663593799	73
0.066048699269289	0.913979811896187	73
-0.11409385166674	0.540651439280993	7
0.0317352150006121	0.567000612677095	7
0.110126732547253	0.758353213221804	212
0.060883249694848	0.734481046029501	51
0.110066535075841	0.758398727133385	12
0.039275102523413	1.69927929694148	73
-0.03801347409839	1.64485600841902	73
0.00753062705021101	1.21869653416016	73
0.110270456321804	0.758074443440553	212
0.00591662625911704	1.51985548054652	51
-0.02584042561967	1.50556303897535	73
0.032924605114544	1.0679050257715	7
-0.05074899990213	1.34959289537038	212
-0.0111141068746901	1.04688005267179	51
0.06816630737094	1.09139188343664	11
-0.05869280811303	1.92849520482785	7
0.044255345952071	1.86299266418287	7
0.110223747339957	0.758163932303549	73
0.102502862637504	0.940217754935799	212
0.0938138090434339	1.76941124932022	12
-0.0629187186234701	1.49355895600663	73
0.109982983249307	0.758414603504005	7
-0.0839950573847801	1.18310053656466	7
0.114843832987463	1.46385675796236	57
0.031847247933781	0.567121503023109	12
-0.07218928277243	1.63277203131345	73
0.122958361914198	0.576786214582943	7
-0.0844729147077199	1.18429763076139	212
-0.04446560025431	0.874951843477017	51
0.123955574835673	1.81704767129772	51
0.111025943689563	1.62963674420832	51
0.032552445992313	1.06818256302703	7
0.110297361151113	0.757449095607594	51
0.0936611442038791	1.77015907499058	51
-0.01136704873772	1.36438111482099	12
0.071952909625524	1.25770753311464	73
-0.0676749506448899	1.0295945475418	73
-0.01122121898675	1.0470081680928	7
-0.0677534734537999	1.02919937499785	7
-0.0108815915949201	1.04645124106137	212
0.060922514554735	0.734512322363123	212
-0.00961500935902992	0.719465002182	7
0.032191595406	0.566591842753788	51
0.110163569243204	0.758278106424201	12
0.102743275110927	0.93991294095813	90
0.061080397358425	0.734277294146734	212
-0.01113506903312	1.04692897665662	51
-0.10671286422907	1.48387478693024	12
-0.03384154433692	1.19994501611305	7
-0.06764763891751	1.02934249022698	147
-0.12221545384632	1.90507478075681	212
-0.0210621626798999	1.80048465378814	12
0.0979250656844119	1.1150480895648	12
-0.05090607266134	1.34901950618495	11
0.00729945200513904	1.21872393573538	212
0.102698794441381	0.939970942027738	12
0.096566807887965	1.43933866030651	57
-0.0675964565840099	1.02968138226897	11
0.110247101668791	0.758159798405766	73
0.042350155305787	1.23802084465051	7
0.060856765447748	0.734645723530448	212
0.122936050643944	0.577066528922155	212
0.031615869941974	0.567051569300168	212
-0.0115062414956999	1.36439034928904	51
-0.00606187330457009	2.26230553750158	12
-0.01128984454058	1.36434645967255	12
0.102351408897053	0.940306894743437	12
0.05618850263238	1.55747410560907	11
0.123661098743887	1.13858345641386	7
0.031847247933781	0.567121503023109	73
0.123703136843931	1.13851610491653	73
0.0982794723277149	1.11415717421758	73
-0.0110292229225499	1.04682659260225	212
-0.0674906827344	1.02947600253339	212
0.01852171877891	0.89128782209467	212
0.119466299040439	1.30046627966342	51
-0.0114907893252301	1.36431812146651	12
0.071997177848417	1.25766433779445	12
0.0623489050246841	1.88602374586308	12
0.110089883315592	0.75831334866461	7
0.00584079070692201	1.52012022788256	73
0.122892804737198	0.577129826927392	73
-0.08432147431859	1.18422470011317	73
0.033016727428183	1.06769601839155	73
0.065966939937158	0.913903875523373	147
0.00748752104880102	1.21852835493637	147
0.0323118148547	0.566449087740737	7
-0.0378636460561901	1.64452157824922	11
0.00188915064824102	2.12465032816144	7
-0.0339483526406501	1.200255571949	147
0.03270763477267	1.53754192048158	7
-0.1145954954322	0.541089063658969	7
0.119352805587983	1.30010641017743	12
0.068397626178061	1.090918671406	57
0.066029868707851	0.913864241707956	73
0.066007843702619	0.914003033691674	73
0.050904727408142	1.3979705781504	7
-0.06759473282354	1.02934690786557	7
0.110089883315592	0.75831334866461	212
0.110730636918531	1.63063340861113	12
0.096860720602709	1.43850588608113	57
0.068057916614843	1.09129809699015	57
0.061331871709847	0.733541793455623	12
0.050973794485949	1.39789356472873	11
0.00282638861624895	1.82119016278598	7
0.12345357552603	1.13832492411033	73
-0.0255523237436499	1.50424524588684	90
0.00768227096094298	1.21826973374442	147
0.018574659801723	0.891193190806152	147
0.0609881951343571	0.734143578649317	34
0.114917669989842	1.46355084195885	12
-0.0673849388289001	1.02908287832302	147
-0.00955415243894997	0.719594277702576	12
0.016919855299959	1.67721386878548	12
-0.11459535646121	0.54087500274063	57
0.031727756362024	0.567172585007472	147
-0.1144886963805	0.541000350984738	7
0.032817848817712	1.06812688940222	34
0.050284547524743	2.02371927705619	12
0.050973794485949	1.39789356472873	11
-0.10654092444152	1.48383585102106	73
-0.03239322601661	1.94462510263357	73
-0.02584430184014	1.50576678662474	73
0.061106971656411	0.734318770281423	109
0.00758859222619801	1.21843391807279	57
-0.00863759489387994	1.66015213336808	73
0.0720206719903031	1.25775136112317	73
0.122722619569568	0.577081252829866	147
0.031966956155177	0.567023112730889	7
0.095300261822142	2.35697233193672	12
0.09776131142973	1.27791362742569	57
-0.03364299689615	1.19979109905805	57
0.018627593052595	0.891057998572292	109
0.00591662625911704	1.51985548054652	57
-0.06312419590774	1.49407882372874	11
0.10265723813339	0.940076957017963	11
-0.09779082899862	1.33584179863196	11
-0.11777397282624	1.76593529851641	73
0.102633505665751	0.940086363572764	73
0.102571195461337	0.940123855262361	109
0.122958361914198	0.576786214582943	7
-0.0674906827344	1.02947600253339	34
-0.00946265936106006	0.719458642516027	34
-0.0676510708407601	1.02955906828335	57
0.0328380664694921	1.06811379957822	57
0.097505631061291	1.2783999055638	11
0.061080397358425	0.734277294146734	147
0.102612740345623	0.940178061589571	57
-0.0674651159672	1.0293099914417	109
0.110270456321804	0.758074443440553	34
0.097719533168551	1.27823107971962	34
-0.04207633469271	2.08804903956341	12
0.122913897302031	0.57703082808025	73
0.075519339780062	1.41749955054658	147
-0.09730832368705	1.33607369721018	109
0.060883249694848	0.734481046029501	7
0.122786734926908	0.577236204859608	109
0.096980460776257	1.4378136372722	73
-0.10664620424317	1.48394251741134	73
0.032658735731307	1.53763489082704	73
0.0510808824821219	1.39759657671501	147
0.061014750006396	0.734486826092846	109
0.072226749324581	1.25734920425514	11
0.01833562708671	0.891348219855638	147
-0.05075667986707	1.34983558204753	109
0.032086881231415	0.566880494409038	109
0.050208590221246	2.02428332560455	18
0.096352924141049	1.43932029795433	18
0.058292262205089	2.17589323598804	18
0.040228225832192	2.16146149974623	48
0.07570191264507	1.41683023325101	73
0.123679835859713	1.13851571556633	147
-0.0723468992042999	1.63319904108278	11
0.119501040446634	1.30036400963261	73
0.05788974597381	2.17838794384675	18
-0.0807403988498501	1.77398694475869	18
0.013854318735657	2.27745495849025	18
0.025659397464072	2.42659662783921	18
-0.0837015520346101	2.49774978717677	33
0.123749769097589	1.13842380055509	73
-0.0258002667116599	1.505724704982	73
0.032935821005193	1.53720011162431	147
0.0952885850417799	1.93042687214842	18
0.0324652230289531	2.29346156609884	18
0.104917509825717	2.22614708986726	18
0.066280687972604	2.32459322287655	18
0.086882340678343	2.48513314032358	33
0.108420792297822	2.37287450768804	33
0.117614854010178	2.24632221962727	33
-0.12203623624125	1.90438252767958	57
-0.08819740702478	1.91433027860263	57
0.022112877616444	1.38000979582728	12
-0.10908402107821	2.48670518060033	90
0.0766191528795071	1.58006334437011	90
0.122850887569758	0.577216000555005	109
0.072044175463518	1.25780431021568	18
0.0659008826868051	0.914058426198824	18
0.079650822961111	1.90670031357601	18
-0.01136197447248	1.36450514747123	18
0.086725938306451	2.48545211138127	48
0.102722484111155	0.939927270681426	73
-0.03377011942518	1.20023567172394	18
-0.0488492539251799	1.78582478922194	18
-0.03373807102461	2.387038061256	18
-0.0498658106055501	2.23100930775307	18
0.018467274549559	0.891190458093011	18
-0.0093360896730601	1.96440673384458	18
0.108438657370333	2.37304039906301	33
0.081903306391883	2.33714348589671	33
-0.0844729147077199	1.18429763076139	57
0.119393728942089	1.30050867748643	11
0.042172676825085	1.23816128076778	90
-0.0443084110125001	0.874649006739739	147
0.072111940245595	1.2576988657185	7
0.033143717509046	1.06715893034372	7
-0.01092584208787	1.04646478757565	109
-0.0800696819728901	2.35885567465413	18
-0.08080008428255	1.77419849606036	18
-0.07228169627657	1.63353623891001	18
-0.0671375296733201	2.07186655532671	18
0.081707602306533	2.33909443941444	48
0.066257365930288	2.32509505221286	48
0.031966956155177	0.567023112730889	57
0.122830062903215	0.577203324418684	57
-0.04897191481088	1.78611267428625	11
-0.00943210635186009	0.719314837631752	147
0.122913897302031	0.57703082808025	7
0.032331511477998	2.29466512830572	18
-0.0339300795061901	2.3870601414298	18
0.117729631624056	2.2459872108056	33
0.123684445441911	1.13848968300103	57
-0.06770226032767	1.02971511897472	90
-0.04897191481088	1.78611267428625	147
0.122936050643944	0.577066528922155	147
-0.10661285918559	1.48391142432305	18
0.0224759250054351	1.37948242543633	18
0.03235061631807	2.29459758737976	18
0.124987275647412	1.97133915411566	48
0.123857276072969	1.81772131934246	48
0.119712511897703	2.3939381101605	33
0.09661538631375	1.43942848206497	33
0.022387647177464	1.38002903803168	12
0.07665896603609	1.57976779191923	12
0.068311023091626	1.09088875201966	73
-0.0111769055397299	1.04693867028586	147
0.066007843702619	0.914003033691674	7
-0.0324839895021201	1.94497034021227	18
0.061331871709847	0.733541793455623	73
-0.0508790370457	1.34976324855809	73
0.122830062903215	0.577203324418684	147
-0.0443084110125001	0.874649006739739	109
0.0392505649546639	1.69939333918593	18
-0.0882715722540399	1.91469761202085	18
-0.09528871098839	2.05780528359272	18
-0.10927466907821	2.48726847104453	48
-0.10922266058472	2.48724492482998	48
0.073320052200942	2.46922853097716	48
0.09459818580558	1.6049499729463	33
0.114347079899231	2.10000255689293	221
-0.11394961846196	0.540358650867839	57
0.00756705232766597	1.2182150350109	57
-0.0879936978810401	1.91381502387909	57
-0.1128402079021	1.62627541912009	7
-0.04460940159171	0.875044256076931	109
0.099731183429307	2.08129987013289	18
0.058915689252904	2.45292336204299	48
0.073311964831044	2.46952396048137	48
0.058799520413499	2.45394340171901	48
0.09012083679642	2.21148435559913	48
-0.03360464704021	2.38619558806219	33
0.114156882030726	2.10081351484643	221
0.095574088128988	1.92917215133265	48
-0.0272434137454201	2.24675386875646	18
-0.00943802115925996	1.96432513110834	33
0.095112063848329	1.93010437967072	33
0.032152871849443	2.29476371201778	33
0.09546508928715	1.92914094203399	33
-0.03349240698807	2.38526215611697	33
0.00188915064824102	2.12465032816144	221
0.013662925197917	2.27932290035147	33
0.032262973508318	2.29499876595549	33
0.11071296569338	1.63071189223825	48
-0.0488178435240401	1.78569012916225	48
0.021631891462209	2.14309188679124	48
0.059158700742345	1.7220195203012	48
-0.0487123672056999	1.78513571520083	33
0.096706648555934	1.43922420476171	18
0.032690250305878	1.53769541484883	33
0.076399624299803	1.58052027070233	33
-0.03239833965365	1.94475160203218	33
-0.07438758787223	2.21501597629772	33
0.058605857825364	2.45433778572964	221
0.086830205136474	2.48535622672534	221
0.050939259463937	1.39794913363741	221
0.123570093836189	1.13864107609286	221
0.0766928401281221	1.57924567323508	57
0.060711849000988	0.734622762965473	73
0.114001169873542	2.10115516095886	147
-0.00622548728089001	2.26363738083419	147
0.086934477643522	2.48479533427293	48
0.007156610929828	2.41344271046351	48
0.067597019208505	2.04444009426274	33
0.0741378070984841	2.19642543502029	33
-0.0506052257594301	1.34945000762301	73
0.07190864667968	1.25766317685632	147
0.039113032346437	1.69963805573209	18
0.0662675648822481	2.32510626235144	48
0.117781349248471	2.24590863381946	18
0.074180808058793	2.19635034574772	18
0.074550415775933	2.19477530998904	33
0.114122397671033	2.10094560054089	33
-0.0191090472586499	2.10594331608488	33
0.044004654585873	1.8633017542274	7
0.07704501889989	1.74575059610134	48
0.109317053465327	1.79359636950952	48
-0.05560686016099	2.37012989982781	48
0.013573280485081	2.2796507073422	48
0.00580941643176003	1.52029490719244	48
-0.0952641523134701	2.05797203926326	48
-0.0556768146747699	2.37077087416675	48
0.013801528586468	2.27866423514052	48
0.040436903215485	2.16037427377654	18
0.031773213421545	2.00431130197246	18
0.0561637994748	1.55753793646206	33
-0.08076850799694	1.77412212305454	33
-0.11773942849294	1.76590075830926	33
0.031600920676054	2.00472660061625	33
0.012349587808157	1.98263627518994	33
-0.00931114957244006	1.96442110266858	33
0.031713679340734	2.00453203048201	221
0.032086881231415	0.566880494409038	73
-0.0112949180894699	1.36428406414076	90
-0.0676749506448899	1.0295945475418	45
-0.12249250522418	1.90505717675558	48
-0.00871155050030992	1.66045533301944	48
0.0169863624087641	1.67809709798944	48
-0.03808445716794	1.64574089764188	33
0.050053574417295	2.02388623240572	18
0.0317742494059931	2.00431201553337	18
-0.0421468850879401	2.08860235981125	18
0.114730040181058	1.46406413635514	18
0.110150082914474	0.758267834539312	18
-0.0337497983296899	1.20022282333808	33
0.00562637554907697	1.52036897753378	33
0.033036966449449	1.06768289627114	33
-0.04901753685349	1.78618289254046	33
0.119545051534574	1.30017626391706	33
0.068137419077183	1.0913851525002	221
-0.11469972387002	0.540927932422351	73
0.03185477649666	0.566902385585879	7
0.095541774006913	2.35589416917804	18
-0.0973947259963901	1.3360781394605	45
-0.0329165153322699	1.94571090189571	48
0.067345105855235	2.04546302835642	48
0.11116112698364	1.94820675194218	48
-0.11766341218237	1.7659798156593	48
0.00758117420136895	1.218593081794	48
-0.0723923344539299	1.63424510356232	18
-0.10089176722687	2.20092978823355	18
0.087059646871361	2.4827657026548	18
-0.0421116076911601	2.08837799498411	18
-0.09511388566033	2.05643963350665	18
-0.10665663694861	1.48340065664472	18
0.098146128569227	1.114845139633	33
-0.0974654509533	1.33615099757392	33
0.0328380664694921	1.06811379957822	33
-0.0952074863705901	2.05790185846849	33
0.032990912236226	1.06776186767796	33
0.033012979690721	1.53681769853002	141
0.102526680568705	0.940274502101517	141
-0.09741985758335	1.33624984776813	33
0.066215142670211	0.913499728136811	33
-0.0335717275230001	1.19984085753893	221
0.123544517713371	1.13858162680282	221
-0.12183293118762	1.90305266930843	12
-0.04417858698584	0.873712627502975	64
0.102547440184871	0.940260218229084	12
0.060764483006036	0.73459676282174	73
-0.11469972387002	0.540927932422351	73
0.079538258236473	1.90735995012181	109
0.076740364337669	1.57958418968863	18
0.032998848440507	1.53669048277117	48
0.102571195461337	0.940123855262361	48
0.122936050643944	0.577066528922155	45
0.11054556254823	1.95133965715086	48
-0.112619117174	1.62521602765737	48
-0.0488948806969101	1.78597331176162	48
-0.00871155050030992	1.66045533301944	48
0.00183713768664395	2.12474802180161	18
-0.04454424783783	0.875037302287801	33
-0.0444520453949799	0.874915515762286	33
0.090111284990452	2.21152244301362	33
0.018441547238006	0.891351129934286	33
-0.00953867129288	0.719213659450249	33
-0.00858883116907006	1.66018884125769	33
-0.03377011942518	1.20023567172394	33
0.122830062903215	0.577203324418684	73
0.122892804737198	0.577129826927392	73
-0.11480389157877	0.541093044086259	73
0.04812307490303	0.272670624519378	90
-0.1144886963805	0.541000350984738	7
-0.11480387759856	0.540899159478976	7
0.016904684442934	1.67832156995504	45
0.119579789676588	1.30010492085079	48
0.01679833031866	1.67829367358978	48
0.114843832987463	1.46385675796236	48
-0.04217800172972	2.08834407513811	48
-0.01918668559921	2.1060745991637	48
0.114908339881531	1.46335190874621	48
-0.00880280537712008	1.66044711900961	33
0.022316473975137	1.38012105229694	33
0.075382422885657	1.41765271740971	18
0.006970444438403	2.4140647670056	18
-0.10133322725249	2.20183954711408	18
-0.05063427837088	1.34943500105994	18
0.0966325362199379	1.43909745372313	33
-0.10906663610667	2.48644821942732	33
-0.0837905803179699	2.49767325104815	33
-0.0324537129159901	1.94499539528122	221
0.039275102523413	1.69927929694148	33
0.00570221552982597	1.5204933513953	33
0.039193875777675	1.69951960974179	33
0.058992871135727	1.72239713537053	221
0.06816630737094	1.09139188343664	12
0.018468769989692	0.891343802585796	12
0.122892804737198	0.577129826927392	73
0.114843832987463	1.46385675796236	48
0.00294750776201302	1.8204497624952	48
0.075568392971146	1.41699871096944	48
0.005806142798923	1.52026932918314	48
0.044262121704586	1.86329147969552	18
0.0975400504541179	1.27842505534167	18
0.068029034336226	1.09107631369157	18
0.022391023366148	1.37991700053059	18
0.0184172992416281	0.891019279351557	33
-0.09748586500187	1.3362794418562	33
-0.07246120338175	1.63431564490405	33
-0.0214681162011301	1.80166761083667	141
0.097616259623016	1.27834699468731	33
-0.05849783536514	1.92769133185327	33
0.068216917591202	1.09134486803983	33
0.032858281451982	1.06801105527549	33
-0.09726281254122	1.33580254085195	221
0.059078374627312	1.72208360207038	33
-0.03241836892161	1.94454831641908	12
0.102787708186155	0.939741433946534	12
0.123567813771178	1.13864417192658	73
0.122830062903215	0.577203324418684	73
0.00748008073029605	1.21876243070717	109
0.124133536240511	1.81667865753116	18
0.00577477444064101	1.52036944007875	18
-0.00952368242224999	0.719592912783372	45
0.060856765447748	0.734645723530448	48
-0.10664092797643	1.4839293034782	48
-0.0671272154590199	2.07176533441548	48
-0.0445307058590401	0.875000983365389	48
-0.0842354030835699	1.18403381258987	48
-0.00951606416000006	0.719470647168065	18
0.075550910131435	1.4173865228622	18
-0.06727838787569	2.0718441387593	18
0.0771613572408531	1.74560514285541	18
-0.0487550323700901	1.78510180768368	18
0.039258144921639	1.69919779797626	33
0.0719999216194061	1.25784747559237	33
0.12280758973809	0.577211271023757	33
0.076866589339247	1.74585156796222	221
-0.00955415243894997	0.719594277702576	221
0.122871801503524	0.577191008258668	221
0.065985814116982	0.914054579689335	33
-0.11469959880058	0.540907832368884	64
-0.11469972387002	0.540927932422351	12
0.048598433462579	0.272432782475208	73
-0.06303553022315	1.49402232321609	18
0.073311964831044	2.46952396048137	48
0.047497389810397	0.272824202108595	45
-0.0676493547222801	1.02971956899807	48
0.076424190512057	1.58049241951441	18
-0.0506052257594301	1.34945000762301	18
-0.0506052257594301	1.34945000762301	18
0.031959373972186	0.567014988604947	18
-0.0444520453949799	0.874915515762286	33
0.061001474558287	0.734414306613764	33
-0.00955415243894997	0.719594277702576	33
0.102461369032137	0.940323696699579	221
-0.04438698797144	0.874823359724042	12
0.06816630737094	1.09139188343664	12
0.065922906349755	0.914094181612971	64
-0.00956923753491989	0.719303703505991	12
0.01712505936152	1.67751581285617	12
0.119504129572144	1.30041870570902	18
-0.09724236809706	1.33591396738743	18
0.0771966387092991	1.74553151674876	48
-0.0488634729018	1.78583865622675	18
0.076903950451657	1.74587343351088	18
0.0562378851522331	1.55709516155765	18
0.123770798981337	1.13829632876519	18
-0.0842354030835699	1.18403381258987	18
0.048489868525968	0.272461351367526	33
-0.10653567007246	1.48379071241774	33
0.122786734926908	0.577236204859608	33
0.048598433462579	0.272432782475208	73
0.04812307490303	0.272670624519378	73
-0.0725102936732101	1.6339908341313	147
0.032071593233322	0.566690436445225	7
0.031608481231659	0.567163423048126	109
0.066196462785352	0.913670596019875	109
-0.0629445104652999	1.49377125926658	18
0.097688784643191	1.27818554167985	18
-0.0336744700918901	2.38642884350599	18
-0.0490602124533901	1.7857559790474	45
-0.1145954954322	0.541089063658969	45
0.048598433462579	0.272432782475208	45
0.042244710472197	1.23818838192643	48
-0.08440755145801	1.18425460382918	33
0.12280758973809	0.577211271023757	18
0.00753062705021101	1.21869653416016	18
-0.0675964565840099	1.02968138226897	33
0.031959373972186	0.567014988604947	141
0.060790947849236	0.734638357608288	33
-0.00956173625136003	0.719582795507295	221
-0.0675981806957899	1.02947828761807	33
0.066007843702619	0.914003033691674	7
0.123430301728954	1.13816267046173	109
0.039138230094075	1.69960880838525	18
-0.02569203926409	1.50500008260349	45
-0.06770226032767	1.02971511897472	45
0.122957113106258	0.577005310114962	45
0.007422127556454	1.21863519883637	48
0.00570221552982597	1.5204933513953	48
0.00566429566482196	1.52048354669855	48
-0.06303553022315	1.49402232321609	48
-0.08440755145801	1.18425460382918	18
0.0510808824821219	1.39759657671501	18
-0.00952368242224999	0.719592912783372	18
-0.12216981967178	1.90502932522501	33
-0.10663561185512	1.48375392808795	33
-0.0676510708407601	1.02955906828335	141
-0.0380118805221401	1.6455555149341	33
-0.09737429445385	1.33618961895253	33
0.110113231896788	0.758135516388884	221
0.061001474558287	0.734414306613764	221
0.065881984569559	0.914046639201442	12
0.122809327469738	0.577147451985876	12
0.032207023364778	0.566690506749215	7
0.110043187174885	0.758402852078309	45
0.068296412155814	1.09118687231564	48
0.102636452853247	0.940008480427255	48
0.018468769989692	0.891343802585796	48
-0.09730832368705	1.33607369721018	48
-0.0675981806957899	1.02947828761807	48
0.042255214949799	1.23793432074642	48
-0.0257763309863599	1.50567506644154	18
0.0609357763180281	0.734584867529678	18
-0.0631475428518	1.49404765715946	33
-0.04446560025431	0.874951843477017	33
0.031601108969	0.566915321537061	33
0.00761014885896605	1.21850920142598	33
0.060922514554735	0.734512322363123	141
0.0979969977276	1.11510856408097	141
0.018415813439741	0.891361705052936	33
-0.0631918750477201	1.49389157825406	33
-0.0676493547222801	1.02971956899807	33
-0.03808445716794	1.64574089764188	12
0.060949034106964	0.734553872901206	64
0.12280758973809	0.577211271023757	7
0.03185477649666	0.566902385585879	7
0.018443037836819	0.891256539139616	45
-0.01132335812147	1.36443735294917	48
0.119617619239192	1.29983490935154	48
-0.00944629899750993	1.96463406570401	48
0.122936050643944	0.577066528922155	48
-0.01142899420268	1.36457225482966	48
-0.02577244958396	1.50550001222305	18
-0.0213561882025299	1.80062012324849	18
0.122936050643944	0.577066528922155	33
-0.00878863390743989	1.6605007597543	141
-0.10671286422907	1.48387478693024	141
0.060711849000988	0.734622762965473	141
-0.11773249560881	1.76600587604203	33
0.066029868707851	0.913864241707956	64
0.039144790503296	1.69948442770629	64
0.102526680568705	0.940274502101517	12
0.072096980452837	1.25740964038657	12
-0.0110489251933601	1.04670851481839	64
0.031847247933781	0.567121503023109	73
-0.11394961846196	0.540358650867839	73
-0.11459571417205	0.540895302433044	73
0.00291215533673095	1.82106041692647	45
0.032751522829547	1.06819642967814	45
-0.11277535191372	1.62629602964912	45
-0.12223286018388	1.90530810586479	45
-0.0113954889048999	1.36455768470392	48
0.110860536862968	1.63034038934446	48
0.024236253642114	1.84194425334368	48
0.0658379628179731	0.914062389811693	48
0.098112817874035	1.11492831971185	48
0.0967095584940349	1.43872752066385	48
-0.1175217582672	1.76546960021772	48
-0.09730832368705	1.33607369721018	18
-0.07227436789167	1.6324897609415	18
-0.11772902336993	1.76580920145629	33
-0.09730832368705	1.33607369721018	33
0.123705431158669	1.13854006989708	33
0.0721354553010159	1.25768488465148	141
0.056228558968581	1.55716671703374	141
-0.11277535191372	1.62629602964912	141
0.072223960602422	1.25718382306885	33
-0.01109200987748	1.04692438485415	221
-0.01113506903312	1.04692897665662	33
0.060790947849236	0.734638357608288	73
0.097605225446135	1.27822294645257	109
0.0224080571826381	1.37987134859105	109
-0.03412137820594	1.19997986068722	109
0.066277757786072	2.32489873545581	18
0.077016043775379	1.74574663667496	48
-0.08010994521482	2.35820317160361	48
0.075519339780062	1.41749955054658	48
-0.0809229239278799	1.77417162781204	48
0.057948289689065	2.17793866987624	18
-0.0382312556725399	1.6457570278015	18
-0.0337753461235	1.19993370108744	33
0.066007843702619	0.914003033691674	141
0.022207769757611	1.3802480630522	141
0.097681430688191	1.27830937563298	33
0.0609357763180281	0.734584867529678	221
0.12280758973809	0.577211271023757	221
-0.00953121808197999	0.719538579271265	221
0.061041288976964	0.734322134192378	12
0.123546770082781	1.138640728954	109
0.10452257994338	2.22808109059245	18
-0.02726120624022	2.24682153941179	18
0.122809327469738	0.577147451985876	45
0.072156197471852	1.25749225773753	48
0.016790691041934	1.67853095339135	48
-0.10917936958233	2.48697772205939	48
-0.00856049597583009	1.6600594676588	48
0.110126732547253	0.758353213221804	18
-0.01140058235095	1.36447205132947	141
-0.09524497422097	2.0577745820018	141
0.005591737706101	1.52037068150211	141
-0.00952368242224999	0.719592912783372	33
-0.0631265344027501	1.49400335144429	33
-0.09733343839638	1.33604860809438	221
0.031966956155177	0.567023112730889	221
-0.11369961316531	0.540175728256294	221
0.110150082914474	0.758267834539312	221
0.123775479099221	1.13815793302171	12
-0.11449125834891	0.540788176297302	12
0.048598433462579	0.272432782475208	73
-0.1146996213552	0.541121784175122	73
0.03185477649666	0.566902385585879	7
-0.04460940159171	0.875044256076931	109
0.032904383029822	1.06800777077185	45
0.095359139977874	1.93040392473722	48
0.110103382513894	0.758357339826199	48
0.0423167417687	1.23809004308569	18
0.122786734926908	0.577236204859608	141
-0.0675964565840099	1.02968138226897	141
0.00585389238120004	1.51957395718734	141
-0.10643040538949	1.48335906807295	141
-0.10660760351608	1.48394145936372	33
0.075505267323644	1.4174701947905	33
0.123614436001102	1.1386758221763	221
-0.0445307058590401	0.875000983365389	221
0.110080032811791	0.758268439784129	221
0.018495994737287	0.891238633380212	221
0.119390974059752	1.30056200461928	64
0.096815081618895	1.4386882740336	64
0.032199301264988	0.566773743831677	73
-0.0380875392411699	1.64563002725083	7
-0.0974402803622201	1.33626237931806	109
0.00750906567971099	1.21867851593673	109
0.119714766046522	2.39381961958337	18
-0.11295220034537	1.62580519339894	45
0.018576170978571	0.890966175334784	18
-0.0675964565840099	1.02968138226897	45
-0.09720148627799	1.33577294390053	48
0.110089883315592	0.75831334866461	48
0.065985814116982	0.914054579689335	33
0.122722619569568	0.577081252829866	141
0.032813029710589	1.53756159697599	141
0.032664974200632	1.06814663593799	141
0.098184742272744	1.11462691895282	221
-0.12203291018431	1.90463384689856	12
0.047864940117501	0.272770263417896	73
0.066048699269289	0.913979811896187	7
-0.06754356591929	1.02960059011662	7
-0.0441513631561801	0.874134056622482	109
-0.0842768929011299	1.18403960371508	109
-0.12234153734134	1.90513002112436	18
-0.05073525888176	1.34973329226194	18
-0.00950140214931006	1.96469296397889	45
-0.08432467820894	1.18374644870246	45
0.048598433462579	0.272432782475208	45
0.061001474558287	0.734414306613764	48
-0.0338362817129201	1.20028705606198	48
0.122764300237126	0.576995364187196	48
0.048489868525968	0.272461351367526	141
-0.1146996213552	0.541121784175122	33
0.102701688357973	0.939858830586143	12
-0.11449125834891	0.540788176297302	64
0.032071593233322	0.566690436445225	73
0.048231954119922	0.27264192625531	73
0.047864940117501	0.272770263417896	73
-0.0109664578361399	1.04668877277751	7
0.061028021479132	0.734455823851989	7
0.056057275537361	1.55747462679055	45
-0.0110489251933601	1.04670851481839	45
0.022160306077689	1.38020157786992	48
0.00753805621055803	1.21849978153517	48
0.031722061078911	2.00458730588333	48
0.114730040181058	1.46406413635514	48
-0.08438682576281	1.18431059237427	18
-0.0950771510118999	2.05757093210955	33
-0.0556768146747699	2.37077087416675	33
0.018443037836819	0.891256539139616	33
0.072091210619503	1.25780971050563	33
0.06819520125749	1.09131519015588	141
0.102482118205951	0.94030942754423	141
0.00755220510898402	1.21858226446361	141
0.110163569243204	0.758278106424201	33
-0.0325593028404101	1.94535706715812	33
-0.10660760351608	1.48394145936372	33
0.122871801503524	0.577191008258668	221
-0.0111141068746901	1.04688005267179	64
0.061172585768852	0.734169359590649	12
-0.0443084110125001	0.874649006739739	12
0.122892804737198	0.577129826927392	64
0.032924605114544	1.0679050257715	12
-0.08410479185828	1.18363928378775	73
0.065944925433499	0.91404265035613	7
0.104785265826638	2.22708136049605	141
0.066435217727744	2.32407663098906	141
-0.0122589839609299	2.39838643579481	33
-0.08011273684457	2.35868008703165	221
0.0623489050246841	1.88602374586308	221
0.076342837894487	1.58056296902773	64
0.076700532675373	1.57970401489941	73
0.051049814470285	1.39764489777272	73
0.117588356263945	2.24621758751928	45
-0.0673784836126801	2.07260714072994	141
0.110817032791321	1.62938377914288	141
0.10936044309343	1.79322909162271	141
0.067296494729125	2.0454630681778	141
-0.04990611108072	2.23081111921439	221
-0.0215665733639101	1.80214097978773	221
0.017107972193971	1.67744627021142	73
0.073383931774228	2.46895754855325	18
0.10466449286348	2.22743709825324	18
-0.0840338853763201	2.49831502740769	33
0.044259872720414	1.86331141846607	141
-0.04229011194649	2.08874161124623	221
-0.0194392333608	2.10664501188603	221
-0.0421800797143299	2.08860826974204	221
0.042893610198941	2.44000155699345	221
0.042321973761406	1.23797261405448	73
-0.0488948806969101	1.78597331176162	64
0.0510808824821219	1.39759657671501	64
0.094633636167939	1.60462768417616	64
-0.03797096959039	1.64516374276611	12
0.061001474558287	0.734414306613764	12
0.05627801632048	1.55729920878873	12
0.068397626178061	1.090918671406	12
-0.02133904917784	1.80163993393503	73
0.0507976596872241	1.39790591571686	73
-0.0189238548560899	2.10458948340173	109
-0.07228535362433	1.63376312838859	109
0.072335982690773	1.2562000846406	12
0.072117617232784	1.25760703519935	73
0.051004864450415	1.39767374843643	109
0.096583989135799	1.43950665457699	109
-0.11277535191372	1.62629602964912	73
0.018495994737287	0.891238633380212	7
-0.0331802738746401	1.19789834262652	109
-0.0444520453949799	0.874915515762286	109
0.075533404932065	1.41741570995394	64
0.122892804737198	0.577129826927392	73
0.00770386682881197	1.21803545299232	109
0.0429158413463821	2.43982534189558	18
0.066174401668377	0.913722165965181	64
-0.0675442823725301	2.07258288489408	64
-0.00925533192985006	1.96359833958278	33
0.062201253360886	1.88626979597537	33
-0.09515081931098	2.05779054123418	33
0.114459419784218	2.09937258536671	33
0.067436143179072	2.04518359044568	221
0.095574088128988	1.92917215133265	221
-0.12211007172459	1.90500873140428	221
-0.0335971755572899	1.19988500775753	221
0.096598214111204	1.4394208760361	221
0.017043367695962	1.67790331452361	12
0.094789417326465	1.60428908489877	64
-0.12224696985422	1.90527419968249	73
0.06816630737094	1.09139188343664	7
0.114779246539468	1.46393340120181	18
0.059239033316714	1.72183379407175	18
0.119504129572144	1.30041870570902	18
0.114122397671033	2.10094560054089	18
-0.0882715722540399	1.91469761202085	33
0.123658783671944	1.13863240837444	221
-0.08819740702478	1.91433027860263	221
0.094759107082	1.60426307443521	221
-0.03364299689615	1.19979109905805	221
-0.0843007427131801	1.18416297802057	221
0.018441547238006	0.891351129934286	221
-0.03355138611036	1.19982797735367	221
0.0681880344578319	1.09133812448806	64
-0.1065303757575	1.48358326895773	64
-0.00955415243894997	0.719594277702576	109
0.060843517364767	0.734573163138473	109
0.017035699102891	1.67769030711209	33
0.013879083688327	2.27793721309072	221
-0.1056247517776	2.3442992851578	221
-0.0380118805221401	1.6455555149341	221
0.072070510326911	1.25780528483427	221
-0.01149597750955	1.36448706723892	221
-0.02582035949102	1.50571713467448	221
0.067499795011622	2.04469691855436	18
0.066048699269289	0.913979811896187	18
-0.11268103688552	1.62573162474942	18
0.018680518526093	0.890878556348043	12
-0.00854319724573993	1.66006375737806	73
-0.0113284508768099	1.36441422779594	73
0.109922770760536	0.758391290815041	7
0.110080032811791	0.758268439784129	109
-0.0971150891372901	1.33531545347816	109
0.032301181488461	2.29482867170127	18
-0.00906573299267999	1.96343939019949	33
0.024421565945661	1.8421509712246	221
0.040207452217641	2.16147507304469	221
-0.08382331423724	2.49833834757471	221
-0.10664092797643	1.4839293034782	18
0.06606744684808	0.913691329519322	18
-0.0724304346996201	1.63438183603475	18
0.007660691696459	1.21836742587107	18
0.033082987067662	1.0674734320829	73
0.061278068930803	0.733772098957752	7
0.018520214845332	0.891095845361931	7
0.056213197858533	1.55732711311204	7
0.114303704130148	2.10017087031145	18
0.044112420058923	1.86346517707399	221
0.0936636816694289	1.77004015879259	221
0.0317658683066721	2.00425676339203	221
0.110840864464233	1.63025863070387	221
0.032114671576119	2.2951424682044	221
-0.0588801534271	1.92859673042739	18
0.032213540362929	2.29517465711905	221
-0.08436295230115	1.18396883576561	7
0.083869343673306	2.06403031103851	7
0.056352142822186	1.55685630808551	109
0.123770798981337	1.13829632876519	109
-0.03802110966224	1.64497237653119	109
0.110890744048918	1.63025226960198	221
-0.10122810476735	2.20170469234639	33
0.058912568566045	1.72236207956397	221
-0.0799569188153899	2.35850574598712	221
0.0754877661726781	1.41753220294386	12
-0.11286378681162	1.62634836216231	64
0.065966939937158	0.913903875523373	7
-0.03355138611036	1.19982797735367	109
0.025607120304091	2.42700838815558	18
0.095513142512946	1.92959990140814	18
0.104183186113404	2.2281152939561	18
0.00202774625776303	2.12411596012023	18
-0.0724685350391701	1.63440850715985	33
0.098040891180962	1.1151166226222	221
0.01227942172019	1.98325070718751	221
0.02464235799875	1.84149356555009	221
-0.0191815860578699	2.10629115189178	221
0.042293880010639	1.23769261215681	221
0.110089883315592	0.75831334866461	221
0.0661523359715051	0.9136864910444	12
-0.01094434495271	1.04663097728092	73
-0.0743104705586399	2.21525803236916	7
0.123775479099221	1.13815793302171	109
0.102526680568705	0.940274502101517	109
-0.0087571784887599	1.66046975032162	221
0.012202031815847	1.98333231023243	221
0.117845675718983	2.24565009077676	221
-0.00931114957244006	1.96442110266858	221
0.119715892000977	2.39359803663395	18
0.075719420822086	1.41674284596882	18
0.042211305803683	1.23818697801754	221
0.022275642779672	1.38027212784435	221
0.087062517990957	2.48403101331358	221
0.110043187174885	0.758402852078309	12
-0.00954648594502006	0.719429089721718	7
0.109308204188787	1.79373710562891	221
0.0731841779176891	2.4699814830082	221
-0.0838793847536199	2.4987817874911	18
0.050866716054803	1.39796567776136	221
-0.0447016488104299	0.875080672215587	12
0.066362785283348	0.913023346162497	12
-0.0673482675447801	2.07244970723821	7
0.099462710801534	2.08263898304501	221
0.114390454796288	2.09972851691463	221
0.099177377796189	2.08312183316232	221
0.081915143987879	2.33732739425231	221
0.117754854806429	2.24568832440715	18
0.021917527501129	2.14187816138624	221
0.110435553790016	1.9514499145262	221
0.024587158629646	1.84171069576054	221
0.076651372105219	1.57999923961492	221
0.097723208475929	1.27814694713564	221
0.076473300027244	1.58019735841782	73
0.060711849000988	0.734622762965473	109
0.0867071535605311	2.48479259133088	221
0.073308056140363	2.46940533366598	221
-0.06721267714465	2.07227313495613	221
-0.0630444655909701	1.49344298676191	73
0.00785553564209496	1.21707416793671	109
-0.04428125335874	0.874450999488996	109
0.022248608386789	1.38021340645877	109
0.066002223307296	2.3258564000796	221
0.110574152755867	1.95139382001619	221
0.075505267323644	1.4174701947905	221
-0.00922587642381001	1.96403259091055	221
0.061172585768852	0.734169359590649	12
-0.06721267714465	2.07227313495613	221
0.021557017403092	2.14291466869959	221
0.040714317898541	2.15780297975997	221
0.0763750504519241	1.58046539642964	12
0.084185394044745	2.06311029586794	12
-0.06314515572837	1.49391328448998	109
0.0323090463787989	2.29431458169734	221
0.0579092610783	2.1782714904297	221
0.099723718858821	2.08124317039369	221
0.099506656466568	2.0824401605088	221
0.109004953792332	1.79371348953583	221
0.077128152455998	1.74532978334549	221
-0.04884630050938	1.78535951716593	221
0.072153486812628	1.25712547679848	221
-0.04990611108072	2.23081111921439	221
0.01679833031866	1.67829367358978	221
0.0621905024687111	1.88635342207935	221
0.065922906349755	0.914094181612971	7
-0.0975062813766701	1.33629196450453	109
0.114484997412328	2.09904665197415	221
-0.0337667092787599	2.38716511371323	18
0.073248072597128	2.46979516481596	221
0.077086606709132	1.74585046906644	221
-0.1220470272039	1.90448613758235	221
-0.07242677055128	1.63430073084373	221
0.124910833490972	1.97182698101388	221
-0.05076431617609	1.34959953940341	73
-0.00946265936106006	0.719458642516027	73
0.122743415309001	0.57705638656403	73
0.050235987276379	2.02433510737287	7
-0.0507276063358899	1.34974408392831	7
0.110247101668791	0.758159798405766	7
0.097536368995897	1.27833204737821	109
-0.0336378422954899	1.2000132345587	109
-0.0423648434805	2.08881441463849	221
0.025701620921383	2.42593040362056	18
0.095245853151671	2.35699825749052	221
0.117949114570433	2.24502281303451	221
0.095391253886453	1.9301233882094	18
0.096643840545	1.43930299722983	221
0.00737899062069702	1.2187820399153	221
0.044255345952071	1.86299266418287	221
0.042167481646779	1.2380332965968	73
0.081681137793612	2.33924461087745	7
0.057820956151033	2.17853918379107	221
0.016840003431159	1.6783073218093	221
0.067666852109455	2.04400884847963	73
0.076594575168438	1.58017104589826	64
-0.10551708828457	2.34330195725067	73
0.061080397358425	0.734277294146734	80
-0.0337106506038301	2.38702019078267	221
-0.0421468850879401	2.08860235981125	18
0.022387647177464	1.38002903803168	80
0.060751244626041	0.73432596155681	12
-0.00958459475678008	0.719552722677059	12
-0.0674633720414	1.02935545738054	73
0.097830167469689	1.27774024787129	80
0.022540517790287	1.37851852629595	80
0.066048699269289	0.913979811896187	109
0.018441547238006	0.891351129934286	7
0.031847247933781	0.567121503023109	80
-0.0846484576111699	1.18421632386479	80
0.122913897302031	0.57703082808025	109
0.049710811877659	2.31064847901675	18
0.031847247933781	0.567121503023109	64
-0.1145954954322	0.541089063658969	12
0.102571195461337	0.940123855262361	64
0.031966956155177	0.567023112730889	12
0.00760275821234202	1.21844045928042	80
0.047755745628836	0.272799090918146	109
-0.0444384941634399	0.874753778962291	109
-0.08436295230115	1.18396883576561	221
-0.00855737436019011	1.6599653596595	64
0.018255435679037	0.891182070906623	7
0.042255214949799	1.23793432074642	7
0.122850887569758	0.577216000555005	7
0.0222723220243179	1.38025463759668	109
-0.04438698797144	0.874823359724042	109
0.050217721005375	2.02433410585952	221
0.114156882030726	2.10081351484643	221
-0.11469959880058	0.540907832368884	64
0.09530996016686	2.35689660687693	18
0.048231954119922	0.27264192625531	64
0.032981461728209	1.5370261223463	73
0.122957113106258	0.577005310114962	7
-0.00952368242224999	0.719592912783372	80
0.00706962480079998	2.41387549137493	18
-0.10671814175597	1.4837991463385	64
0.102743275110927	0.93991294095813	12
0.031727756362024	0.567172585007472	7
-0.00947009883374994	0.719304676003473	80
0.068347018781084	1.09107073055138	64
0.0317352150006121	0.567000612677095	12
-0.12227848910792	1.9053535267291	80
0.060883249694848	0.734481046029501	80
0.018468769989692	0.891343802585796	7
-0.11469972387002	0.540927932422351	12
0.04037367277398	2.16040100353976	64
0.031608481231659	0.567163423048126	80
0.018520214845332	0.891095845361931	80
0.032094549623495	0.566570214515686	109
0.0609357763180281	0.734584867529678	64
-0.0675179913994	1.02948100786859	12
0.098130427993526	1.11456661895987	73
-0.11274882828641	1.62603024302755	80
0.018627593052595	0.891057998572292	109
-0.0109664578361399	1.04668877277751	64
0.0720206719903031	1.25775136112317	64
0.10454549173557	2.22818434490683	18
0.10994611442796	0.758387165212466	109
0.108352412995412	2.37351728564154	221
0.119465027429391	2.39414112505572	221
0.032658735731307	1.53763489082704	64
0.075582477223851	1.41719306494057	64
-0.0506694425735399	1.34922869469192	73
-0.11762886597323	1.7659020754662	80
0.0967979150303771	1.43889193452559	80
-0.0442948303691	0.874612671953292	109
0.09815679561526	1.11444965031695	80
0.102722484111155	0.939927270681426	80
0.066048699269289	0.913979811896187	80
0.032817848817712	1.06812688940222	80
0.068390503651557	1.09079874158402	324
0.032924605114544	1.0679050257715	109
0.104578114462307	2.22809455153935	221
-0.02571218157097	1.50533956874437	64
0.097681430688191	1.27830937563298	64
-0.0508071628120801	1.34988252088354	12
-0.12206443668453	1.90483329244281	64
0.094739223162512	1.60451370507558	12
0.096583989135799	1.43950665457699	73
-0.0670468634057999	2.07157848208587	80
-0.0257763309863599	1.50567506644154	324
-0.09502046403257	2.05741828843993	73
-0.10645311291655	1.48266611963981	73
-0.01109200987748	1.04692438485415	80
-0.01083735875824	1.04600701998538	80
-0.0678080939135699	1.02957183162047	324
0.104501418686237	2.22835676334879	221
-0.05864363823525	1.92803221089464	221
0.12389940924574	1.81770222821741	221
-0.11263684077983	1.62552575628721	109
0.031848506882988	2.00376007644001	12
0.119614530216885	1.30000266664127	109
0.123794112555918	1.13823457491229	12
0.123728770190655	1.13844630977717	12
-0.00956173625136003	0.719582795507295	12
-0.0725337352755899	1.63442655791348	12
0.031839735720063	0.567066206054291	80
0.018520214845332	0.891095845361931	109
0.117613585733521	2.24597952873622	80
-0.0110513300666999	1.04678228127872	80
-0.0676237647283999	1.02968638703922	109
0.122765969326838	0.57722347245481	80
0.061093686495544	0.734349776969803	80
-0.05075667986707	1.34983558204753	221
0.122936050643944	0.577066528922155	12
0.072161834680566	1.25756393776782	12
0.032771733387711	1.0681833497165	80
-0.00946265936106006	0.719458642516027	12
0.065881984569559	0.914046639201442	80
0.0720940589676981	1.2577236479436	80
-0.10651276341447	1.4835536052058	12
0.110150082914474	0.758267834539312	12
-0.0674378070355801	1.02930498309819	12
0.115103669833674	1.46274941889594	73
0.110367436209883	0.757813055298963	12
-0.11480398571088	0.54087926587085	80
-0.0109850218709899	1.04660896365302	109
0.108173443525437	2.37418396289017	18
0.061106971656411	0.734318770281423	12
0.072064938320678	1.25762651392454	12
-0.0970900475501299	1.33544414843131	80
0.068375902769935	1.09091058503372	12
-0.0378350394335401	1.64457555484308	12
0.094905346908372	1.60371040982223	73
0.018682046687891	0.89073648086914	80
0.00745852535621305	1.21870709605587	80
-0.00959222676060989	0.719584185538748	80
-0.0676766626128	1.02972457605802	12
-0.1175217582672	1.76546960021772	80
-0.0109037146347	1.04650903893007	80
-0.03351071083733	1.19948750217618	12
0.02243514058862	1.37978351312266	64
0.102852910333973	0.939516441479131	73
-0.04463646342788	0.874990427387679	12
-0.0446881325680699	0.875044381033776	12
0.072203222563363	1.25743077508323	80
0.032924605114544	1.0679050257715	80
0.110006329028242	0.758410478909053	80
-0.0677568735707701	1.02959283321938	80
-0.0444520453949799	0.874915515762286	80
0.066532903233843	2.32355540804354	221
0.109334312626818	1.7936578547438	64
0.09808487192521	1.11477805490437	73
0.110089883315592	0.75831334866461	12
0.102571195461337	0.940123855262361	12
0.0183885910418971	0.891369034784776	12
0.022316473975137	1.38012105229694	12
0.00773282055119995	1.21804627892688	12
-0.0380497097304799	1.64564509648325	12
-0.11279890662892	1.62632532115768	12
-0.0883039399316701	1.91477267586035	12
0.122830062903215	0.577203324418684	12
-0.1145954954322	0.541089063658969	12
0.018653294319131	0.890885888045407	12
-0.0487864363381001	1.78545093127691	12
0.081551580832526	2.33992473560511	18
-0.01143410678958	1.36452461064498	12
0.066048699269289	0.913979811896187	80
0.102829306388894	0.93963540269888	12
-0.09735386525488	1.33617707782836	12
-0.00860612578604991	1.66022205876758	12
-0.1090579844576	2.48647978513428	18
-0.06307747145193	1.49401923990855	12
-0.06749242287696	1.02918275724483	80
0.00771123535373697	1.21818590462679	80
0.086618212083082	2.48554972862828	18
-0.0380466276579601	1.64565131729991	80
0.0609357763180281	0.734584867529678	80
-0.0507780841424299	1.349791008941	12
0.068202411938102	1.09091407218129	80
-0.0442948303691	0.874612671953292	12
-0.06770396846786	1.02959726058999	80
0.050915186097637	1.39732656630186	64
-0.03348528044262	1.19961266473414	80
0.109317053465327	1.79359636950952	80
0.122892804737198	0.577129826927392	80
0.0244162903781751	1.84197898939599	80
0.04414076678472	1.86242541677143	80
0.094683849995114	1.60471555157874	80
-0.0111557138537499	1.04698444683563	12
0.00761014885896605	1.21850920142598	12
0.044442534906009	1.86252134450041	12
0.110043187174885	0.758402852078309	12
0.110344077545518	0.757817202440817	12
0.042283337808234	1.23812382734132	12
0.110353987217274	0.757744848510225	80
-0.0110513300666999	1.04678228127872	12
-0.04428125335874	0.874450999488996	12
-0.0446746199444299	0.87488269178405	103
0.060856765447748	0.734645723530448	103
0.123755100023225	1.13800165238952	12
0.032079229085774	0.56691647468837	103
0.122764300237126	0.576995364187196	103
0.056441688598158	1.55671449007379	12
-0.11423834940659	0.540537025048118	12
-0.0499732029062401	2.23159933300084	80
-0.04454424783783	0.875037302287801	80
0.110163569243204	0.758278106424201	80
0.110283916781517	0.758012030530767	103
-0.11777050478849	1.76603075444594	103
-0.0581077717371199	1.92458935894227	103
-0.0109850218709899	1.04660896365302	80
-0.0336581794351001	1.19991646024318	80
0.122915077536795	0.577091573709713	80
0.0608700095575661	0.734614739532522	12
0.122894193752737	0.577078965683136	12
-0.0339024597691799	1.20029831040917	12
-0.11469959880058	0.540907832368884	12
-0.00952368242224999	0.719592912783372	103
-0.0672792249157701	1.02844704134877	103
0.033195193072476	1.0668065631194	12
0.01852171877891	0.89128782209467	103
-0.0675964565840099	1.02968138226897	103
-0.0113316883741901	1.04687798926029	80
-0.05065571133179	1.34962011875571	12
0.042283337808234	1.23812382734132	12
-0.0258241941288799	1.50573588446435	80
0.110126732547253	0.758353213221804	103
0.038966376097149	1.69930303057387	12
-0.00860300979641004	1.66005341107346	12
-0.0806912952012	1.77386835176024	12
0.10252360232716	0.94004315172749	12
0.033077436431045	1.06738144750301	80
0.110932818687417	1.94997199154341	103
0.00760275821234202	1.21844045928042	12
0.0938812757687329	1.7694994482568	12
0.00559502345996599	1.52045045442334	80
0.042383578448162	1.23791559703069	80
-0.11291376302428	1.62624133625218	12
0.068347018781084	1.09107073055138	12
-0.00941707623437993	0.719085475768888	12
0.01852171877891	0.89128782209467	103
-0.00947796190947003	0.719130924368753	103
-0.0724685350391701	1.63440850715985	12
-0.06770396846786	1.02959726058999	12
-0.0743830795074501	2.21542015158885	12
-0.10092193571324	2.20116444630757	12
0.042517367637705	1.23710223311379	80
-0.01063079728468	1.04520933088582	12
-0.01100712019044	1.0467688034003	12
-0.0443084110125001	0.874649006739739	12
0.093763519456891	1.76958250822521	103
0.061199179498226	0.734004736031384	80
0.102787708186155	0.939741433946534	80
0.123658783671944	1.13863240837444	12
0.040054827948501	2.1613539510315	103
0.119545051534574	1.30017626391706	103
-0.0507780841424299	1.349791008941	80
0.096629617118587	1.43942029128916	12
0.032784774538189	1.53733475535	12
0.022224903502336	1.38013593410753	80
0.096595224135228	1.43860636930136	80
0.099506656466568	2.0824401605088	12
0.042206091752116	1.23816265662538	80
-0.0337497983296899	1.20022282333808	80
-0.11266334599565	1.62568761872434	103
0.00748008073029605	1.21876243070717	12
0.075564981167894	1.41738304491173	80
0.102808509665419	0.939727088354476	103
0.072044175463518	1.25780431021568	12
-0.0673320781203299	1.02880172923917	12
0.033164036313761	1.53594896873118	80
0.097753964213527	1.27812818542037	12
0.068419366212737	1.09080550795389	12
0.11481920517646	1.46380983616615	103
-0.0507780841424299	1.349791008941	12
0.110126732547253	0.758353213221804	12
0.0317352150006121	0.567000612677095	12
0.032207023364778	0.566690506749215	12
-0.0676766626128	1.02972457605802	103
0.012466892831673	1.98194552537219	12
0.066174401668377	0.913722165965181	12
-0.0676749506448899	1.0295945475418	103
0.066196462785352	0.913670596019875	12
-0.0335310472160599	1.19971263124176	103
0.061093686495544	0.734349776969803	12
0.042288589601939	1.23797117367548	12
0.097874484920333	1.11487394190124	12
-0.11469959880058	0.540907832368884	103
-0.1145954954322	0.541089063658969	103
0.060975537764048	0.734093335797519	12
0.060856765447748	0.734645723530448	103
0.032094549623495	0.566570214515686	12
0.032319590710896	0.566583655563607	103
0.0719349644171961	1.25767527990055	12
0.062238830329717	1.88617396183147	12
-0.0258002667116599	1.505724704982	12
-0.0675179913994	1.02948100786859	103
0.072182513866156	1.25755575089736	103
0.110080032811791	0.758268439784129	12
0.122850887569758	0.577216000555005	12
-0.1145954954322	0.541089063658969	12
-0.0256805039632699	1.50507559547987	103
0.031608481231659	0.567163423048126	12
-0.0843661049894899	1.18424888419965	103
-0.0723996500170701	1.63417340550612	103
0.110066535075841	0.758398727133385	103
-0.06754356591929	1.02960059011662	12
0.00315401962347905	1.81975694811433	12
0.061093686495544	0.734349776969803	103
0.119345332079901	1.30056717664268	103
-0.0674651159672	1.0293099914417	12
-0.02566432823444	1.50520140598192	103
0.096720876258683	1.43915255840971	12
0.122871801503524	0.577191008258668	103
0.00763912908659903	1.21833051419698	103
-0.0381192021499399	1.64579781192162	12
-0.03815394470453	1.64581612165082	12
0.109126506777078	1.79353206170909	12
-0.0670166847495299	2.07117878905305	12
0.031847247933781	0.567121503023109	103
0.031959373972186	0.567014988604947	103
0.032751522829547	1.06819642967814	103
0.122871801503524	0.577191008258668	103
0.110186921419238	0.758273976852272	103
0.075652789027756	1.4164103143655	12
0.099283078030275	2.08295288002117	103
0.123747495512262	1.13832683832846	103
-0.01121260643806	1.36391613128728	103
-0.04460940159171	0.875044256076931	103
0.050870198289546	1.39795789767704	103
-0.0807860319465099	1.77409439013974	103
-0.10067101641742	2.19944467379112	103
0.096738047734633	1.43906998508075	103
0.050739112305472	1.39687775078952	103
0.110746347409868	1.63022450475932	12
0.102526680568705	0.940274502101517	103
-0.06307986581841	1.49410651093932	103
0.03185477649666	0.566902385585879	103
0.075596554150463	1.41727001253552	103
-0.0336378422954899	1.2000132345587	103
-0.10675147727285	1.48374359487872	103
-0.06309839540915	1.49377151470536	103
0.055960050094178	1.55754983438774	103
0.094522920589815	1.60493605958296	103
0.024291427766121	1.84190196700968	103
-0.0585716823573399	1.92790341614305	103
0.033036966449449	1.06768289627114	103
-0.0257763309863599	1.50567506644154	103
0.042383578448162	1.23791559703069	103
0.096783683050193	1.4389201450861	103
-0.0255963588883901	1.5047224791616	103
0.102654266238225	0.93991173958222	103
0.122745292903087	0.577167546274364	103
0.032970683034459	1.06786460606963	103
-0.0723923344539299	1.63424510356232	103
0.060843517364767	0.734573163138473	103
0.00737157178188197	1.21866382573644	103
0.068253315506708	1.09016934488694	103
0.060856765447748	0.734645723530448	103
0.00745852535621305	1.21870709605587	103
-0.02582796447567	1.50550082141395	103
-0.05891232596824	1.92879992917237	103
0.096629617118587	1.43942029128916	103
0.068585465625318	1.08970969214001	103
0.060883249694848	0.734481046029501	103
0.022316473975137	1.38012105229694	103
0.0223435159872289	1.38016258055009	103
0.061903360722147	1.88577262910432	103
0.018467274549559	0.891190458093011	103
0.032685180339438	1.06822947521946	103
-0.0804771410448899	1.77288606964151	103
-0.0508285610486901	1.34979757307106	103
0.0721411851749521	1.25745409933749	103
0.0121717549163201	1.98364303060874	103
0.123880671250087	1.8176479419918	103
0.093631202525998	1.76958118316895	103
0.060764483006036	0.73459676282174	103
-0.00951606416000006	0.719470647168065	103
0.122936050643944	0.577066528922155	103
-0.00951606416000006	0.719470647168065	103
0.079513070370985	1.90758312015087	103
0.03293021658327	1.06779494295263	103
-0.08432147431859	1.18422470011317	103
0.114811549677105	1.46394673144361	103
-0.0880108823263599	1.91354416852318	103
0.110066535075841	0.758398727133385	103
0.097543736365271	1.2784001305547	103
-0.0880679689452699	1.91383802243982	103
0.097795737822801	1.27784311068597	103
-0.0109850218709899	1.04660896365302	103
0.012354405664012	1.98284248395946	103
