x	y
-0.0785585849311568	0.0352548515118034
-0.76630861954926	0.662972643880192
-0.167875201304295	0.0869988913766136
-1.4018007776737	1.0507394544735
0.141999791938549	0.0888227103233252
-0.235250744723944	0.137920266673397
0.264839243230254	0.174643300198965
0.178408925233274	0.0879707492156317
0.387511878551028	0.203703880087379
-0.573082641337609	0.392110428954273
-0.933740709479008	0.91348379854643
-3.48240509937676	0.919800644574475
0.0478678062535957	0.0241529007811321
-0.35841702097782	0.229858290125378
0.365902024574029	0.150387445991254
-0.10060690072741	0.0534984057920706
0.372930405999128	0.176198353336861
0.67150962292298	0.334766898185218
0.852939962809722	0.546934303038246
1.59491187457724	0.855036907978974
-0.87719241026191	0.577211271023757
-0.260329029925159	0.131417764875266
-0.824142741880797	0.816457223948004
-0.571844647387589	0.312554069991271
0.0617424742393982	0.0239084459082885
-1.35579670478113	0.474613983393002
0.632046398741327	0.352597545210657
-0.571963286722402	0.312637127021938
0.403887011029617	0.139900753756777
0.402733937014348	0.139484956672463
-1.35579670478113	0.474613983393002
-0.00887297177040951	0.00291884997088316
1.04434466175505	0.754284813205743
0.128374433929092	0.0569718320144089
-0.358759464822714	0.230124373095012
-0.260343515581359	0.131418537401997
-0.078745871602922	0.0353461577361168
-0.848756633713589	0.353692019334519
-1.63513010457781	1.39516657758567
-1.12703758998166	0.724067663560919
-0.260422454505934	0.131473076198748
-0.167792228123067	0.0869736387408147
-0.167723743572673	0.0869307434564531
0.898354420160912	0.723312999645903
-0.84751494297264	0.353113627072122
-4.18668471132409	1.51115380013371
-0.184515486374521	0.0791276552318126
-0.104191034118389	0.0289508643830017
-3.87503061007077	1.20658143667459
-0.260579855127371	0.131555960501043
-0.573135403447075	0.392220170007954
-0.422363725502875	0.236700130314835
-0.260436979275461	0.131458797580532
-1.40182403240361	1.05063874726015
-0.788464314880281	0.414424326723021
-0.788111377288474	0.414177817025583
-4.44973933299975	1.84343682746367
0.372838340462595	0.176172443452236
0.211964338892854	0.113888136941665
-0.184393374089649	0.0790787932600563
-0.104844951344196	0.0291451841025915
-0.32722589908764	0.129525375152013
-0.00628239826695875	0.00350762940674837
-0.235541515753558	0.138114100829824
-0.00467057234517247	0.00216620810420213
-0.571963286722402	0.312637127021938
-1.35656708661147	0.475009288267318
-0.849075640655895	0.353944854479088
-1.11459571417205	0.540895302433044
-1.11480389157877	0.541093044086259
0.365796592364056	0.150347828566248
0.387699641114235	0.203810552040452
-0.0788269788881849	0.0353859300459337
-0.351888792682056	0.276612510429749
-0.967920770914226	0.56691647468837
-0.167852880383599	0.0870058064419345
-0.571743456153145	0.312557694105377
-3.87503061007077	1.20658143667459
-0.732114848484512	0.441422043241892
-0.327230659220978	0.129567376802136
-1.32949835504126	0.73284027733314
1.89213118621328	1.63092374685983
-1.32941565093715	0.732799399043906
0.564234976882592	0.389578962842842
-0.82503796297973	0.599333001659143
-0.16779871935084	0.086938103093171
-0.265442027789063	0.194004074913417
-4.45004713937615	1.84385583485808
-1.66989234257219	1.1213835592074
-0.579060886134685	0.267400175341313
-0.32722589908764	0.129525375152013
2.45314043444142	1.30266217193263
-0.952135059882499	0.272770263417896
-2.10727742655476	0.3785967871456
-1.32934427758984	0.733020573050618
-0.877084922463205	0.577091573709713
-0.391949865486702	0.191579791283879
-1.96517577401056	0.956828165854412
-0.568404782301551	0.350035267727637
-0.846796269002475	0.352488687791578
-0.100704209772987	0.0535537703395433
-0.579060886134685	0.267400175341313
-0.100548132647953	0.0534597278788284
-1.27064632211145	0.885370023376595
0.584812089314716	0.379933439174538
-0.568495736270134	0.350034919147592
-0.701771467802911	0.470856745105674
0.372828104257578	0.176187601416706
1.30829511341016	0.797784880803241
-0.327441581340123	0.129627520191826
-1.51151154262208	0.927724141804404
-0.260329029925159	0.131417764875266
0.671727350711025	0.334885576734114
-0.967913118768585	0.566880494409038
-0.579033367168222	0.267270811025254
-0.167754090883061	0.0869546539632337
1.3429766972884	1.01493823898538
-0.0788269788881849	0.0353859300459337
0.584828030314386	0.379951791497643
0.853046680452927	0.54697101885335
-0.449641252180695	0.282629245641421
-0.13125411578234	0.0901920485429825
0.533269183355893	0.41120691108276
-0.171868434519582	0.102987037446451
1.37272395436852	1.53219799065654
-0.573122228556241	0.392182120784472
-0.472131338862803	0.329112025572246
0.399456082929561	0.325150043240249
0.250553369184273	0.155126774488292
-0.73228569888236	0.441519104636812
0.264658266871447	0.174547011346903
-0.701794275583271	0.470910260347338
0.0478678062535957	0.0241529007811321
0.373063689449818	0.176309167899013
1.15049293093026	0.774452381792266
0.632168963645606	0.352673317989728
1.03228811396477	0.911373667372357
-0.224365553416683	0.149241083034403
-0.577109715356513	0.434343995222223
1.15474341908886	1.10922586789114
-0.579018048486102	0.267409454362904
-1.35563614408753	0.474557097061527
-0.487606675292995	0.372750836390607
0.250790671040038	0.155292789736014
0.845794375808675	0.714954580622306
1.18705756048804	1.28228315099964
0.116353991523378	0.0681564763741826
0.0289295329639315	0.017156171874967
-0.174065180927794	0.117772475330616
0.60223488348175	0.582834974087951
1.04427939074659	0.754117796960099
-0.224335078077715	0.149257804118276
0.21176704740005	0.113741749227176
-0.326022623784414	0.279681425353928
-0.389851199294465	0.276258673020716
-0.00469223554792906	0.00217704265702508
-0.0787197888754788	0.035331436723466
-0.70190117287605	0.471095771394012
-0.568602401021607	0.350107625107656
0.211918251717271	0.113865661807845
1.30817931439108	0.797679491776654
0.373063689449818	0.176309167899013
-0.391368449200474	0.19130152788782
-0.327441581340123	0.129627520191826
-1.00945513744605	0.719425138137918
0.584675168308242	0.379860425930649
-0.391732523448923	0.191484277454062
-0.167951626888407	0.0870286489644514
0.178661665260978	0.0880903270670572
-0.568610257004336	0.350145393866422
-0.583463963884644	0.556144919096367
-0.389955764282231	0.276364109155234
-0.889572409543349	0.757565464659146
0.301650759862896	0.245935131982455
-0.212771354506694	0.172628028249076
-0.579018048486102	0.267409454362904
2.04458300392966	1.91603272586008
1.02241154137659	1.06677223909026
-0.73236345422613	0.441536831391427
0.399071356027783	0.261037052212534
-2.17324807733273	1.89533058210915
-0.184515486374521	0.0791276552318126
-0.571618661584741	0.312525279780433
-0.579090117832204	0.267455039000505
-0.315035027282987	0.180503506215802
-0.00479980150253003	0.00222543899707575
0.853046680452927	0.54697101885335
0.399629756186755	0.245296505376421
-0.260658316972533	0.131581223015508
0.712087176452811	0.546654737619279
0.085809101416214	0.0468035936787465
0.399150751853282	0.261073049530733
-0.327440587999834	0.129669435996948
-0.825135049387965	0.599550836734038
0.104815931740311	0.0740544099099589
0.116186636806352	0.0680532515196002
-0.422299294346764	0.236652215203968
-1.23448311547034	1.17077474119754
-0.824964638019071	0.599304485288219
-1.74083201934943	1.57472768858488
-0.235237583424851	0.13791980571296
-0.422384984558512	0.236709053249403
-0.449827940395289	0.282731266711348
-0.56857990501294	0.350166387556922
0.399542940036478	0.245217361896434
-0.285030319307596	0.186329206529657
-0.358667111251907	0.23008064430689
-0.314936050194936	0.180496880170545
-0.260515813735499	0.131513276350311
-0.791922270637053	0.630589539613816
-0.579378743921397	0.475440639742885
0.39912458626215	0.261113883283656
0.715548250819828	0.720304017679708
0.116330839643921	0.0681472868212352
0.264597924244184	0.174496820223054
-0.472010450119347	0.329013950089207
0.196702184755853	0.145911440949312
-0.571518586146758	0.312432773778368
-1.40173690457141	1.05019360565639
-2.01790500339902	2.13751351775131
-1.24528052059392	1.02247485915243
-0.351823286685247	0.276549016111137
-0.0489937644034561	0.0267199564240236
0.250750575245472	0.155274432661127
-0.358574770830738	0.230008355533989
-1.7088244862374	1.862875727724
-0.766937541686533	0.909901267738895
0.564137604557153	0.38945059624571
0.804029465539626	0.712392747137759
0.398630197161081	0.276859229197656
0.968763405945866	0.894851243166186
-0.581641461786203	0.516483512630457
0.0826942281057846	0.0644141120252262
-0.665480935932273	0.583713359197363
-0.413711788121587	0.320827630028504
-0.433315405412224	0.36468529227267
-0.414001779626925	0.321054394591022
-0.732036673044235	0.441341043477748
0.264922838628318	0.174660166679834
-0.487528107083404	0.372641556643944
-0.572898061025124	0.391961181557989
-0.686893252102377	0.508419637507065
0.398872373781685	0.277094868971369
0.656472871278802	0.556862079721386
0.399187088913684	0.293282605618885
-1.44905594683834	1.34624374924724
-0.315012604577116	0.180519573244866
-0.449649024133895	0.282626986880979
-0.579189609217717	0.475255109814496
0.399608988345412	0.309648467855412
0.399628567246371	0.325392173064836
0.504720230230016	0.449404396256818
-0.57940067199644	0.475491171193195
1.30783362617202	1.83339899528949
-0.217303976464864	0.160958268557395
0.11627031625817	0.0681082454094151
-1.14254978824222	1.01990732548271
0.715469995837987	0.720278161728681
-0.0344371294284795	0.02457723815728
0.656366764577668	0.556851668428262
0.178344142351158	0.0879130866885018
1.0442507952022	0.75417682170438
0.250684905061533	0.155242539654961
-0.568473274508818	0.35013698342253
-1.8392069581833	1.75967751839127
-0.852500197789548	0.785757997478442
-0.889886768103212	0.758135516388884
-0.0394884245435511	0.0250431843018384
-0.224312605423334	0.149190997474344
0.286441304904925	0.211652348109424
-0.449730708473686	0.282688698372418
-0.0345962527318288	0.0246919774876134
0.57723250490321	0.601941987763974
0.635522631800618	0.564955794700488
-0.390035974921079	0.276433097301495
-0.852689118389286	0.785923872930611
1.21189669967537	1.45642277608248
0.400361880080632	0.400290468108192
0.522466080670025	0.423891516810527
0.163482266268156	0.108711541818958
1.61937580566484	1.66819720442518
1.21238000227573	0.971369902993594
0.23410444750179	0.135473731879832
-0.351716490844944	0.276394683687427
-1.13154295188984	0.867783868580836
-0.094565597638795	0.0658831806182571
0.196726322963691	0.145924828469218
-1.23430272897716	1.17056832595407
0.104789667136975	0.0740535564195607
-0.217541678589498	0.161189557587135
-0.285067287514914	0.186362204940924
0.522281329542169	0.423797055534019
-0.824015227765256	0.816295717198775
-0.171686987819136	0.102857539306006
-0.472010450119347	0.329013950089207
0.845794375808675	0.714954580622306
0.116247166995476	0.068095355374989
0.929705103387921	1.04592802965751
0.522202541907529	0.423598414061815
0.211948576329243	0.113865296765307
0.116535513473797	0.06825397199116
0.028796287060234	0.0170738957105835
-0.314913534863782	0.18049000784073
-0.76665187529632	0.662898619392384
-0.981212108680776	0.890327089462272
-0.314806633342869	0.180404619625564
-0.358680527282511	0.230076669085373
-0.100443178122335	0.0534100513858687
-0.583682830848365	0.556526594867201
-0.094825510373501	0.0660701308823056
-0.321950876741714	0.231774784837319
0.756117377081004	0.878151626612986
-0.572898061025124	0.391961181557989
0.116460817292242	0.0681970862645828
-0.322285324910253	0.232109055262902
-0.766283009867109	0.662848621894492
-0.674953259376512	0.545717615515664
0.968572878549224	0.894523734287508
0.564145183307959	0.389473891906218
-0.235462187373492	0.138072780517714
-0.0488746227041933	0.0266519956042316
-0.573214592148753	0.392266645889591
-0.877150432874458	0.577051214111517
-0.119677366473292	0.0731471910441104
0.0479444191794637	0.0241924711034532
0.874670173944602	0.879514467652847
-0.260407914201451	0.131463826799335
-0.422449318801549	0.236728116220036
-1.04467461994443	0.87488269178405
-1.13167279238269	0.867688530047492
-1.96398821246931	0.956159377765416
-0.167822568183777	0.0869921519796813
-1.4018007776737	1.0507394544735
-0.877149112430242	0.577216000555005
-0.235541515753558	0.138114100829824
-0.746902880388926	0.697414993980128
-0.130926630818508	0.0899227496858302
-0.358693947004867	0.230050693313241
-0.00484279931117502	0.00224682304483335
0.0479061058216731	0.0241734985376833
-0.327547000333358	0.129657395648122
-0.00460590115827881	0.00213630146959521
0.211887954999951	0.113856287486724
1.05626564904319	0.549859734255288
0.92864495305129	0.545077172240108
-0.967792976635222	0.566690506749215
-1.12692027910398	0.723978664203291
-4.67565593169724	2.1954150324594
-0.0787588855722984	0.0353441950334484
-1.6700152989722	1.12100199645362
0.178423283573288	0.0879679360806085
-0.449176245772296	0.406813013467982
-1.04446560025431	0.874951843477017
0.178142816773624	0.0878120900805318
-0.572911281189244	0.391961099142485
-0.167875201304295	0.0869988913766136
-0.848352883478491	0.353483822010577
-1.32931437217088	0.732704638322614
1.59491187457724	0.855036907978974
-1.11469972387002	0.540927932422351
-0.788222961863263	0.414264406349458
-1.96448596851255	0.956498553769595
-1.00946265936106	0.719458642516027
-0.487555395458036	0.372661743498495
-0.0790660786633357	0.0354934239501734
-0.788101962939554	0.414130609919789
-0.235290503145764	0.137949646882033
1.52793732414121	1.06675023435418
-0.389849774073474	0.276267896625035
0.0479364447408366	0.0241891330477726
-0.981317953312109	0.89073648086914
-0.788343745757691	0.414362328106443
-1.4018611620366	1.05052725349862
-0.517899147573227	0.179109173088448
-0.0083456807373163	0.00274570284113593
-0.571612713488628	0.312477898458969
2.17513790583725	0.973023061087874
-0.877213265073092	0.577236204859608
-0.487528107083404	0.372641556643944
0.0857428988252296	0.0467687674262433
-0.56850361312045	0.350137185021699
0.366006846139723	0.150375338743401
0.764693051385642	0.33154041613148
-0.732007004540103	0.441102845894737
0.522199546042069	0.423640144248227
-0.472047704335293	0.329071112036136
-2.5418649740236	1.70688771462829
-1.27066180837054	0.885025373031595
-0.968391518768341	0.567163423048126
-1.51104783979523	0.927425652792618
-1.55173783081206	1.81373869845124
-0.235528417687142	0.138093242377677
-1.63516090488621	1.39539822720117
0.396219281155119	0.226374014114269
-0.571425270298364	0.312336137740824
-0.686827855694164	0.508381075212563
0.0478903049748244	0.0241603677989813
-1.52276656842253	1.22109541407879
-0.579592604607125	0.475442864289771
-1.06743780703558	1.02930498309819
-0.731973096077581	0.441132034202971
-0.573452381665004	0.39227606589535
-1.35085029924819	1.18232262095185
0.769730612762067	0.713415955765321
0.0290113532844415	0.0172048544907705
0.20989121863137	0.163441636880746
-0.235329933523451	0.137981629173474
1.12044827083475	1.25739141700327
0.656365460204942	0.556840951197036
-0.390008771037508	0.276395178397817
-1.5412397359166	1.51543909845566
-1.03355138611036	1.19982797735367
-0.298972855797397	0.237791115055507
-0.510283238923138	0.457697699419724
-0.934055074566501	0.91404265035613
-1.00966077046649	0.719307892669355
0.0479589629339549	0.0241959289933283
-0.314913534863782	0.18049000784073
-1.66989852421153	1.12091319161198
-0.00814076699264282	0.00524748175727083
-0.11951965129848	0.073057555006467
-0.674977611675719	0.545756932496765
0.0856635463965309	0.0467239502969187
-0.31484487118018	0.180441066493249
-0.824794537156804	0.598798238088823
-0.17389514636938	0.117661309424927
-0.224442612976316	0.149344680362211
-0.175833108269562	0.131821585800904
0.485428880457198	0.486689011276749
-0.719935021883077	0.767718023455184
-1.55213620194718	1.81499566980405
-0.326138163374194	0.279879812063682
-0.701862955864654	0.471051609861451
0.56422737419145	0.389555636326398
-0.260407914201451	0.131463826799335
-0.0488357677346139	0.0266327969000951
-0.217431487334157	0.161103732800981
0.141918226728449	0.0887664170461289
0.874716093147554	0.879363156699728
0.693730385123165	0.725275945041031
0.0859146137953314	0.0468559151956241
0.294628424596357	0.22910263100957
1.15025638771776	0.774418861125706
0.968694022227397	0.894747914864557
-0.31487529078185	0.180469531977314
-0.253405575924321	0.203656115498788
-0.500293865375713	0.416087006797925
-0.00637557637037879	0.00355970996600095
-0.889933464924159	0.758398727133385
-0.822584682833941	1.02218186179877
-0.449538662282997	0.406841855758126
-0.766960511410826	0.910003387790672
-0.390063176806021	0.276452098473583
-1.40192841274304	1.05049717063142
-0.422320612835452	0.236661180017005
2.23910822938056	1.7790575666377
-0.00467057234517247	0.00216620810420213
-0.0786392714965295	0.0352944119780959
-1.54122606340521	1.5155252402389
0.874650622700453	0.879529294170625
0.286397472197663	0.211642737890306
-0.217217861520893	0.160845444569471
-0.890040362188489	0.758325708685114
0.898503579485957	0.723336576315312
1.03198311103073	0.910692101165881
0.0586109535655877	0.0370290854361946
-1.32941565093715	0.732799399043906
-0.449544062178421	0.282531156107745
-0.877105806247263	0.577078965683136
-0.674765676785215	0.545649823465162
-0.0395911524525097	0.0250978916890972
-0.224336677934566	0.149274089294747
0.399553130100988	0.245216534651606
-1.14255418661589	1.019969794901
-0.472168616436183	0.329139563619447
-0.487710934944603	0.372681483131515
-0.217366086087978	0.161042824286404
0.71804473205336	0.887543075681398
-1.1579785034954	1.47501849248911
-0.525208300604882	0.537823627966221
-0.981690122919246	0.891279358919034
-0.801523434977558	0.847573144561789
-0.449242328827492	0.406908615644518
-0.449494967893962	0.407063345664925
-1.40186461371808	1.05084714160718
1.04409201173031	0.753962957849965
1.45576285561366	2.09541855746513
1.21246670797905	0.971335989947976
0.398860270688586	0.260928559216684
-0.00637557637037879	0.00355970996600095
-0.852541166752993	0.785872227558357
0.398886369625052	0.260953947356794
-0.449044125100325	0.406579131835564
0.504613446964592	0.449395282158577
0.0290386308033832	0.0172194422525343
-0.3518681556598	0.276580045277437
-1.44916168273812	1.34654902241603
-0.314883095294388	0.18046152778602
-0.0490861725203619	0.0267669169635936
-0.98147828122109	0.89128782209467
-1.00947796190947	0.719130924368753
-0.358443927278773	0.229868386699299
-0.731859038073219	0.73254991886232
-0.265593879861676	0.194154362331262
-0.824428585272746	0.816667191190689
-0.0945393578382475	0.0658711107151154
-0.934099117313195	0.914058426198824
-0.48776714051348	0.372911243742093
-0.0629016945424448	0.0443887505971142
0.140392865981144	0.109377863061901
0.400539276377806	0.400530750292533
0.735709865832573	0.882127139590893
-0.267259450924793	0.295501969265315
-0.119465260841818	0.0730241295804546
0.0833518674706668	0.0558097145408238
-0.653561443121922	0.660098329044915
-0.175833108269562	0.131821585800904
-0.0344734124485629	0.0245993379347959
0.0829319237138239	0.0646048302406052
-0.449333833281535	0.406974819157959
-1.01146249039461	1.36454885563993
-0.366173927658958	0.358629607829
-0.461782364723217	0.447194886163394
-1.12669836517588	0.723532054881941
-0.791824711396637	0.630454044297698
-0.224388049835183	0.149290255205559
-1.24527253921091	1.02234010991608
-1.13158109042507	0.867766686637026
0.307590633702621	0.262093785095252
0.0834007580904876	0.0558533041489546
-0.172035766830778	0.103097356983146
-0.00825098414165935	0.00531839236576663
0.0856233454204546	0.0466818416773627
0.769679081531942	0.713233529096698
-0.93393255315192	0.913691329519322
-0.0065935539137356	0.00367940017156973
-0.00475680929605525	0.00220672361861251
-0.260486639341066	0.131500765009026
0.0856766271852479	0.0467288268596743
-0.100532689740455	0.0534621458761021
-0.184861067831438	0.0792661715886531
-0.939064223681972	0.734584867529678
-0.0489670362588258	0.0267049448325151
-0.938906313504456	0.734349776969803
-0.433054031066367	0.364298691297709
0.0634397699715975	0.0471980136659353
0.193744835448829	0.178154828775521
-0.253086449326885	0.203392928526974
-0.32216183925384	0.231992500035391
-0.212684887821288	0.172516390061686
-0.176734621534475	0.144587099414764
-0.0344660970915898	0.0245981409123812
0.481412856937852	0.500553378763637
-0.788508983801112	1.07575720999628
-0.009249574254788	0.00666887211196535
-0.207427279705743	0.18184925251526
-0.348061454900727	0.320015478080447
0.286586685653519	0.211767249976155
-0.23539602597155	0.138035568356171
-0.65898742062254	0.622399868172444
-0.381267369719138	0.395555697941991
0.0422659686933515	0.0299473783641665
-1.74055815189192	1.57530601005613
-0.852793244901842	0.78590092729728
-0.852626121428237	0.785899865880792
-0.314966389985357	0.180495713336035
-0.16770805249265	0.0869124257822003
-0.510375567212001	0.457986246773188
-0.783132800683004	0.879505831008133
-0.0487166189222014	0.0265624773793382
-0.217303976464864	0.160958268557395
0.085491672280226	0.0466198744971157
-1.14262392140449	1.02071657436321
1.47085233030289	1.75528208076289
-1.3294270748627	0.733061521380134
0.546737724120211	0.399480929625377
0.286567511886298	0.21174560992105
-3.57961955225095	3.96268050647651
0.196571155039691	0.145799378267807
0.141973939974442	0.0887927403169208
-0.686827855694164	0.508381075212563
-0.0757378547283631	0.0471733688474449
-0.674980465617194	0.545525498877287
-1.35085029924819	1.18232262095185
-0.6533224692108	0.659742172425277
-0.934077093650245	0.914094181612971
0.286413869662027	0.211522088666715
0.804020044257878	0.712224739731663
-0.119598493637038	0.0731100910843556
0.490885538111914	0.474204174414907
-0.0944930290534367	0.0658343548273408
0.588748066995233	0.59200760590694
-0.824077379269948	0.816333830861101
-0.351823286685247	0.276549016111137
0.123566366575258	0.0918206157842435
0.0834869360630492	0.055915544926037
-0.37585831741483	0.319507372771269
0.0188064768415768	0.0126529194299799
-0.424166882252591	0.438544369742075
0.47252010439076	0.541968198259869
0.58872202751629	0.59201419436435
-0.472010450119347	0.329013950089207
-1.22056949835663	1.47063681463646
0.0136371193147699	0.010154669463261
-0.176413726025261	0.144217568230873
-0.783291869196302	0.879647329905455
-0.449559643029099	0.282553005776485
-0.573122228556241	0.392182120784472
0.163479839725159	0.108734620174476
-0.224177831521075	0.149123008506547
-0.171975261730541	0.103067661326467
0.89824189814852	0.72307499104243
-0.665584753500923	0.583875515619935
-0.791741121307576	0.630227596837532
-1.40173262043066	1.48417928330019
-0.00471351223080486	0.00218494087160831
0.250605830440359	0.15518710398705
-0.792005881270846	0.630719515069575
0.196595378439059	0.145823539637778
0.740327448246331	0.715859912358179
-0.171891600284617	0.103013652092688
0.963545976406489	0.737152407988497
0.656179090572882	0.556596437211793
-0.0760314155104479	0.0473703860597685
0.163521087137834	0.108760112686365
-0.487606675292995	0.372750836390607
-0.868585071901513	0.967917147793006
0.588748066995233	0.59200760590694
-0.10740101179873	0.0822015329017726
0.474886964899751	0.527978530820015
0.333124738953948	0.343533144361896
-0.686670269083675	0.508235697146491
-0.167814701890377	0.0869867978736486
0.104829887126333	0.074089574109362
0.0585095755545588	0.0369601105326503
-0.966963033550551	1.06768289627114
-0.0625188536870845	0.0440919965526903
-0.801727227562063	0.847797084014525
-0.824125355129181	0.816362037247588
0.656206267324745	0.556658827111305
-0.265680101467543	0.194226915105528
-0.395525922591026	0.361127669078713
-0.00917765366808915	0.00661760987460806
-0.375944838067394	0.319642580323954
0.116407993222198	0.0987680366186473
-0.413960669915903	0.321092009427935
0.286545576800344	0.211745782117452
-0.062793400981063	0.044307277190996
0.116345045748615	0.0681537780773569
-0.510309195260785	0.457876678530313
-1.15810141023561	1.47534110389057
-1.04463646342788	0.874990427387679
-0.314897752349974	0.180460386792066
-0.422534666368396	0.236684555505511
-1.35091571216432	1.1824817039579
-0.00482134538163185	0.00223622028267589
0.372828104257578	0.176187601416706
-0.701801990339726	0.470952990233888
-0.131299074733757	0.0902242295103592
0.163457954905026	0.108715810889068
0.0290386308033832	0.0172194422525343
0.0833763555440825	0.0558371249873706
0.276527333024065	0.193404830580203
-1.24500568173724	1.0219613406848
-1.2708914783869	0.8851051120351
0.163438542313277	0.108699687883226
-0.235184978668243	0.137794887254425
-0.119572665333446	0.0730925935206141
-0.577146638675989	0.434429840249087
0.399002333656761	0.277128626590305
-0.265614440495864	0.194180304416663
0.104743245653756	0.0740199231291502
-0.792005881270846	0.630719515069575
-0.13108178201676	0.0900649149244417
0.779718874750233	0.876185244053301
-0.0759928025280038	0.0473296290751159
-0.0947187570420703	0.0659954812826102
-0.0489937644034561	0.0267199564240236
-0.414089585802961	0.321205667469224
-0.358680527282511	0.230076669085373
-0.581472650460056	0.516020564429497
-1.22612548943211	1.32050656174933
0.399254392999851	0.355300972276956
-0.577146638675989	0.434429840249087
-0.573148582352656	0.392220049465515
0.399294503275736	0.293374967381293
-0.0758420447116388	0.0472493626621867
-0.0759051448786092	0.0472913722500453
0.264691032007965	0.174468784449165
-0.265438197847895	0.194015088063721
1.14991009803953	1.42986723711651
-1.13166508883458	0.867575115414988
-0.167784410327834	0.086973154849
-0.0948394617930046	0.066051568413628
-0.131237286648715	0.0901616065288709
-0.487606675292995	0.372750836390607
-0.449746215436977	0.282653986067633
-0.039291406409105	0.0249159502087351
-2.06194765321577	1.69869793520873
0.0479668102951513	0.0242035155870716
0.294710796292474	0.229138984756534
1.72954782639411	2.46999529536788
1.21242292633537	0.971216031525722
-0.981293788363556	0.890655671091952
-0.472001332696941	0.328991717662355
0.533306260837746	0.411205597793101
0.522416147224192	0.423823307058413
0.12377016223488	0.091961206579181
-0.358653698911515	0.230066631527229
-0.433425532275609	0.364761001663511
-0.0489013694262602	0.0266701962197787
-0.0487032251175779	0.0265504640277595
-0.674845861436495	0.545752345612659
-0.173747093455054	0.117542397067106
-0.167754090883061	0.0869546539632337
-0.825135049387965	0.599550836734038
0.286397472197663	0.211642737890306
-0.732211106486299	0.732994395968385
-0.57703974245666	0.434369516798473
0.564137604557153	0.38945059624571
0.6355202846843	0.564836165632304
-0.322202951136644	0.232055249653008
-0.171807943033785	0.102948482806925
0.276609133537466	0.193488659541977
-0.119518275601168	0.0730591665263058
0.0290386308033832	0.0172194422525343
-0.877107195262802	0.577129826927392
-0.686683761512667	0.508174597084697
0.286312443114443	0.211562843707214
-1.47904029865745	1.64668469723584
0.083314574255325	0.0557866227768806
0.533338993952715	0.41118004757257
-0.0395746681987161	0.0250974132707609
0.928777867705259	0.545067781172208
1.1125622879924	0.937396119195635
-0.422277791765101	0.236507432513637
0.250658189413967	0.155202280541469
-1.40165244733772	1.48367867272571
0.0585918553379603	0.0370192038447161
0.399567666730592	0.309608506043698
0.656206267324745	0.556658827111305
0.917387016073702	0.884568233999964
-0.314905683790335	0.180488007236133
-0.184495602328439	0.0791280415311326
-0.048651080757578	0.0265256328711452
0.128739954381237	0.0571706971446716
-0.422384984558512	0.236709053249403
-1.0094931847238	0.719548716819513
-1.32066319854505	1.32508644215251
-1.11394961846196	0.540358650867839
-0.391707819032516	0.191441091636894
-0.449649024133895	0.282626986880979
-1.52275930550516	1.22110242110204
-0.981584186560259	0.891361705052936
-0.0786652342337771	0.0353041509350032
-0.107301649872052	0.0821179486634501
0.399535611406082	0.245209094708849
0.584699288308755	0.37975753651039
0.123597175674719	0.0918421735221754
0.512868702446158	0.436656332232589
0.234232279831925	0.135519937396651
0.398978869716779	0.26101254726313
1.12047249673099	1.25773219043942
-0.00643587924542967	0.00359301632558093
0.0480050835828071	0.0242224684999677
0.804280355608211	0.712204657555519
-0.981504005262713	0.891238633380212
-1.83911498330187	1.75945706700032
0.606920023753657	0.368081471821074
-0.98145256366974	0.891200517436491
-0.877084922463205	0.577091573709713
0.546895990778706	0.399626688998168
0.398886369625052	0.260953947356794
-0.571518586146758	0.312432773778368
-0.284946743038968	0.186258778585444
0.740434397306547	0.716014111872294
-0.674552373186424	0.545075580821755
-0.568412513831888	0.350074832940256
-0.433360101876516	0.364709457252257
-0.576989250936056	0.434217336157644
-0.100540405818408	0.0534632011451723
-0.314897752349974	0.180460386792066
-1.27064632211145	0.885370023376595
0.846164301404311	0.714896253605936
-0.235316786021102	0.137981180349472
-1.52282056881161	1.2210719678012
2.04744320483324	1.45215470726529
-0.235382896302948	0.138024912443037
0.128269824090592	0.0569197682312997
-0.00482134538163185	0.00223622028267589
-0.260658316972533	0.131581223015508
-0.285174180431765	0.18641825772864
0.898616171052473	0.723509241619784
-0.260673005754938	0.131596036501488
-0.573109057679514	0.392100635956525
-0.314837032959884	0.180433066341452
-1.63526048784184	1.39569625082924
-0.00816146246870929	0.00526053940516808
0.234388667047457	0.135655805195531
-0.00482134538163185	0.00223622028267589
1.11260056216583	0.937590941216586
-0.686656780325162	0.508238057982816
-0.576835707979372	0.43408115095225
-0.351892457512203	0.276518244605856
-0.389852625870065	0.276150525589661
-1.06772956796868	1.0297201300256
-0.35184393948654	0.276566025269648
-0.358732662393978	0.230114354749903
-1.47876355830022	1.64717018564489
-0.487661253003712	0.372817824928706
-0.284779602508844	0.186051516192844
-0.572963935477394	0.392030574725598
0.0586739420443678	0.0370658424316556
-0.823929137121425	0.815990351516601
0.512759125271984	0.43647542070763
-0.176629465002876	0.14449012212866
-0.0396198870409477	0.0251239671273293
0.123407352794006	0.0916878444239555
0.0582737505092269	0.0368069744638795
0.29460400870286	0.229088037995619
0.0185612907308733	0.0124871826170426
-0.579211569978325	0.475305661180453
-1.14264716589991	1.020621151012
-1.27030752944923	0.884515695384717
-0.573135403447075	0.392220170007954
-3.04138808214966	2.60347888663433
-0.701824725138337	0.470945497752617
-0.877063949356056	0.577066528922155
-0.577063067083383	0.43440075790853
-0.449649024133895	0.282626986880979
-0.581576029669709	0.516395757903959
-0.422256388009115	0.236590327517095
-0.21773463594529	0.161310943343694
-0.139620162519706	0.105826210846086
0.399770424523573	0.385246419376635
0.584797854611504	0.379914775785752
-1.00959222676061	0.719584185538748
0.0183736675733665	0.0123608683944459
-0.358680527282511	0.230076669085373
-0.686499309414722	0.50798896479976
0.396132754922445	0.226326677718278
1.61949608972673	1.66793317685897
-0.0492176979965239	0.026834958292842
0.141998448683475	0.0888256576774279
-0.766148215318881	0.662566783718043
0.0636836619476107	0.0473809136170579
-0.094585719883577	0.0659031201935779
0.606653110878273	0.367855821635787
1.5127331033571	1.26295628485969
-0.577002826250074	0.434347034870591
-0.422534666368396	0.236684555505511
-0.67476713709981	0.545597783452129
0.116391353791918	0.0681832637592717
0.264347036881521	0.174206101103949
0.39891354314077	0.260897691895206
-0.00477816764385727	0.00221449009969904
0.0618874605913469	0.0239557699496388
-1.68633971949454	0.703563702264362
1.30806373276334	0.79713982138369
-0.358653698911515	0.230066631527229
-0.487635606562525	0.372739875622519
0.211849784137663	0.11382783840282
-1.12703758998166	0.724067663560919
0.178221803522451	0.087859016655947
-1.1274949985448	0.724001242650154
0.0584657231335231	0.036938288303298
-0.0626968733749649	0.0442364556382022
-0.0782625129326343	0.0604206614583681
-0.285067287514914	0.186362204940924
-0.581624290033833	0.516338790918282
-0.413815629625469	0.320996865707269
-0.167822568183777	0.0869921519796813
0.533320052489699	0.411063399391082
0.169505602285456	0.144089788968828
0.750820935056823	0.546362059972189
-0.326232293617476	0.279952586454806
-0.00647290097493442	0.00361346614744142
-0.825069594624471	0.599175566865411
0.0290643313532979	0.0172360612881144
-0.325549805046427	0.32019646329782
0.0636220598264796	0.0473393763594907
0.116307687959683	0.0681343944936411
0.917437525976449	0.884520071952556
-1.13161168414825	0.867789638280916
-1.54126302224802	1.51567196747083
-0.568473274508818	0.35013698342253
-0.314883095294388	0.18046152778602
-0.327441581340123	0.129627520191826
-1.12691507044464	0.723963263011774
-1.0095768799932	0.719341383679869
-0.0047138086914673	0.00218770251866513
-0.487686905437284	0.372851819278413
-0.843796521306471	0.995422279507028
0.0616264557748945	0.0238611614751663
-0.391957975436554	0.191620519285313
0.852671639124429	0.546588557482098
-0.171937931217338	0.103046922596437
-0.171877447008978	0.10300836389379
-1.12704272305866	0.723683093678629
-0.235382896302948	0.138024912443037
1.30822273219915	0.797691987551502
0.178078535713941	0.0877459986019668
-0.825313591982397	0.599686009158765
-2.38056838857613	1.46183685335053
0.403632537227691	0.139839884189156
-0.517262058968037	0.178864495866734
-0.391724305318784	0.191524028484181
-1.62730990817358	1.68686066592436
-0.686800933612094	0.508334523103492
-1.54093857963737	1.51433089753182
-0.224256440322004	0.149207271874944
-0.0342564058707679	0.0244395190560384
-0.643483568008081	0.730883765181406
0.546803549672268	0.399551531032605
-0.525080537971875	0.537714103055388
-0.265569379973613	0.194142537482544
-0.934099117313195	0.914058426198824
-0.766387156575993	0.663061566941855
-0.766334235224492	0.663007552598854
-0.265438197847895	0.194015088063721
-0.577136933437975	0.434351683795043
-0.510462132487012	0.45806999770445
-0.499924701373053	0.415579714346811
0.0424032487040718	0.0300491191000436
-0.686656780325162	0.508238057982816
-0.376143684377995	0.319851962038645
-0.0490728158822873	0.0267618346413515
1.23117263487158	1.62855152203801
0.893017506561415	1.03969156702207
-0.471820019432507	0.328774129457693
-0.487686905437284	0.372851819278413
1.59773627066428	2.54930490444296
0.0834625570280058	0.0558966024436078
0.313284640102475	0.278416887817052
0.588716102570079	0.59184746581679
-0.877064920772214	0.576888285316872
-0.579337614554796	0.475447950640614
0.286186163765043	0.211414372910103
0.735671159126511	0.882049950236455
-1.234519884328	1.17067606353664
-0.500203818321057	0.416021304548639
-0.0488223758110372	0.0266260448981406
1.0322086691734	0.911326076798724
-0.0064125873499607	0.00358029417270733
-0.413963562725887	0.321128480945109
-0.674765676785215	0.545649823465162
-0.282223181170317	0.244214739727755
-0.00840262799863025	0.0054152268864909
-0.889849917085526	0.758267834539312
-0.265245259049104	0.193777604441665
-0.510508360746495	0.458157320115953
-0.351974952412634	0.276683503833317
-0.235462187373492	0.138072780517714
-1.24519154070041	1.02240393492908
-0.852541166752993	0.785872227558357
-1.12692027910398	0.723978664203291
-0.358574770830738	0.230008355533989
0.396241213616493	0.226364630623662
-0.510248638351621	0.457735463174067
-0.877128198496476	0.577191008258668
-0.314905683790335	0.180488007236133
-0.0759901648345779	0.0473452882734231
0.399377948877586	0.309331502535722
-0.131123053864947	0.0900940267751824
-0.31487529078185	0.180469531977314
-0.701794275583271	0.470910260347338
0.209565071986906	0.163134660644326
-0.573306969524194	0.392293013381665
-0.298860101022677	0.237688026429349
-0.0488357677346139	0.0266327969000951
-0.89017434033533	0.758221354291258
-0.472047704335293	0.329071112036136
-0.674820100668733	0.545683412508346
0.396305048544428	0.22635906900751
-0.572792565710847	0.391708408221654
-0.173621071576	0.117433649679011
-0.719963919822225	0.76775412514677
-0.31487529078185	0.180469531977314
-0.87719241026191	0.577211271023757
-0.653404043382686	0.659733843485714
-1.00959977615633	0.719347916460793
-0.375873198395306	0.319479926524487
-0.938985249993604	0.734486826092846
-0.938971978520868	0.734455823851989
-0.0788394138547632	0.0353861542623881
-0.224418508914257	0.149284999516883
0.250711605847258	0.155245755704872
-0.315020434775958	0.180475284483757
-1.3203970510297	1.32391406424971
-1.94217785162884	1.50556750778932
-0.395685015855184	0.361333533318579
0.0479747380547107	0.0242080962692441
-0.732207785471608	0.441468073086455
-1.14876711945113	1.17239877212357
0.39899192284154	0.260983107314941
0.769463960292426	0.712706761195299
-0.433553041227754	0.364854521602265
0.577196035567841	0.6018871694729
-1.52282056881161	1.2210719678012
0.63575351225172	0.565082225728288
0.294628424596357	0.22910263100957
1.05089014843219	1.38962990466398
0.250540046641692	0.155129683229478
0.96859600145578	0.89460902425551
1.48124820058344	1.58955444312472
0.715309996970718	0.720037016954227
0.968823971221591	0.894849317055589
-0.0489147483452937	0.0266769411251259
-0.119386451613774	0.0729635647159714
1.03211615560474	0.911081852028009
-0.00651948015524466	0.00363872630473713
-1.14882997274325	1.17257316998894
-1.1144886963805	0.541000350984738
-0.579119326010413	0.267387068020036
-0.573214592148753	0.392266645889591
-1.52282792740514	1.22121094412113
-0.897081909469483	0.939247574268125
-0.581686252519767	0.51655310567462
0.656286518481059	0.556786806671946
0.301523912017642	0.245792931791396
0.779612091239785	0.875988688644532
-0.131233499060858	0.0901795833894835
-0.449544062178421	0.282531156107745
-0.260436979275461	0.131458797580532
-0.224256440322004	0.149207271874944
-0.00644545665449463	0.00359665357555265
-0.653408914392345	0.659917412289735
0.806859221296573	0.875729484713166
0.658545174088753	0.737871739079942
-1.24537751982164	1.0224272869465
-0.471987262164561	0.329014669520781
0.688113320278327	0.899811982113606
-0.10061457138053	0.053506852680468
-0.100704209772987	0.0535537703395433
0.0184746983988684	0.0124294595948216
0.602496999521816	0.582942508444478
-0.375878587482113	0.31955176368509
0.0479444191794637	0.0241924711034532
-0.376071889165895	0.319753127321117
0.39863481098441	0.260631111427013
-0.224230772830144	0.149180058323105
-0.119572665333446	0.0730925935206141
-0.579296535169985	0.475401577626035
-0.510441955718791	0.45807955105784
-0.327335889648938	0.129624283363844
-0.395735590926057	0.361379784004484
-0.0343501928708778	0.0245092833640517
-0.212763924326312	0.172579989573993
-0.348194517925959	0.320195720317469
0.892717361979001	1.03858120001351
-1.52282792740514	1.22121094412113
1.03206268139685	0.911019810572968
0.116330839643921	0.0681472868212352
-1.40181279845336	1.48438637420763
-0.347906860536819	0.319653489947453
0.0833557667171139	0.0558227225451886
0.14027004811163	0.109270843277227
-0.585213410356869	0.595470652024335
1.02243585416982	1.06625670959192
-0.176031979073977	0.132007055143449
0.57724669322125	0.601953159977941
-0.131102415469497	0.0900815453227977
-0.00655651078964978	0.00365922616789442
-0.686643295235763	0.50818911175335
-0.825142928248916	0.599571444913089
0.399448395916281	0.340582893557403
0.681073955458979	0.550371904052352
-0.572832255431306	0.391827788620206
-0.0946924686572058	0.0659817992337953
0.116428702122489	0.0682030568622803
-0.433466919585418	0.364819102057598
0.307713997100883	0.262215838994083
-0.585206024030245	0.595510242360479
-1.08462440718918	1.18405252547927
-0.699111796551543	0.833258632868648
-0.433226154948929	0.364534788045887
-0.766960511410826	0.910003387790672
-0.289182519212706	0.285484861377716
-0.176205090626799	0.132136811461797
-1.06772956796868	1.0297201300256
-1.14278170061859	1.02078653749584
0.963409078782663	0.736933842807329
-0.260407914201451	0.131463826799335
-0.327126203038859	0.129439553564854
0.294538374539166	0.229025751018913
-0.100548132647953	0.0534597278788284
-0.0066634094062672	0.00371697647479766
-0.348177308492191	0.320123228669331
-0.062956351779567	0.0444248436569243
-0.585184438085591	0.595488959428432
0.674763150506153	0.730743400851236
0.307655197459567	0.261966527382031
-0.665565860044932	0.583781834448672
-0.00655651078964978	0.00365922616789442
0.0856373726497179	0.0467057526082143
-0.791922270637053	0.630589539613816
0.551412966157032	0.635743309676092
0.512739851557972	0.436540967621389
0.155832202094223	0.126948107822593
-0.413960669915903	0.321092009427935
0.39911149736699	0.261109190448986
-0.0627630293782538	0.0442867975374733
-0.854224967714014	1.16197476887988
0.567045928137025	0.612310526763477
-0.146851986809408	0.130012136186495
-1.14262392140449	1.02071657436321
-0.366378867840191	0.358734063764625
-0.253127136174988	0.203457367020829
-0.56850361312045	0.350137185021699
-0.167754090883061	0.0869546539632337
0.0480276212667614	0.0242276397887854
0.711994689914987	0.546635957220775
-0.518825523041233	0.498855382543206
0.301677037940246	0.245928506567238
-1.08445551386974	1.18378940346143
0.104936634058545	0.0741646617346708
-1.21636077275551	1.6177964502204
0.399442343142941	0.370271153035349
0.400550030687002	0.400556658052598
0.324025847780418	0.311328919883583
0.674805594207096	0.730887963821288
-1.1144886963805	0.541000350984738
2.0475571909752	1.45300524221569
-0.572832255431306	0.391827788620206
0.264718600927762	0.174588722278937
-0.381165976738043	0.39547195471736
0.399319301124529	0.370026517601947
0.617749253219165	0.573725609780785
-0.171891600284617	0.103013652092688
-0.0629304825227409	0.0444087660735971
-0.424232035795258	0.438609699894512
0.0345984292896774	0.0269473470294668
-0.342898558405948	0.357056731661571
-0.39008898908593	0.276452622310432
-0.298926540829573	0.237755093879406
-0.529674006053861	0.574670642714448
0.250684905061533	0.155242539654961
0.711902189597772	0.546539513612059
-0.00475680929605525	0.00220672361861251
1.15006207534415	1.42996081624991
0.398751303919128	0.277008501801979
0.063408338714134	0.0471413937689038
0.399669612881777	0.325434377115977
0.0290627520003243	0.0172349600444844
0.232157103746618	0.197624826088844
-0.0628948016396177	0.0443787584257358
-0.824232160893451	0.816656260054727
-0.747227092504882	0.697734348778041
0.307771571742084	0.262232974845724
-0.326290083303527	0.280023860316597
0.399240135763075	0.293323481760192
0.163331620179688	0.108614156157247
0.0479285507635982	0.0241829353640545
0.617679276148387	0.573743668628902
-0.366264798238457	0.358716881819441
-0.581555343950065	0.51639606863397
0.141973939974442	0.0887927403169208
-0.171626524134725	0.102803805813146
-0.176011743176159	0.13198505975331
-0.0283821665410048	0.0222304216862021
-0.449902085367847	0.282738693009958
-0.87719241026191	0.577211271023757
-0.658984187482016	0.622208416765982
-0.58511399709288	0.667079283405534
0.0853402526977535	0.0750030452388273
-0.0839373266674099	0.0897067998068148
-0.211189166053384	0.258492695201703
-0.449909775073669	0.28276271969984
0.116390430932924	0.0987448133202568
-0.00942666287915619	0.0067932842883859
-0.131102415469497	0.0900815453227977
-0.0489013694262602	0.0266701962197787
0.211986719950705	0.113885369854438
0.250790671040038	0.155292789736014
0.264681545443047	0.174556420254131
-0.518876157687405	0.49891785553984
-0.732072534453194	0.732609980071866
0.631924054382468	0.352475981362613
0.402257622161619	0.430885421220523
-0.665502969254937	0.58368145739329
0.602386618479257	0.582945905404941
-1.42753679474203	2.21584021449128
0.693857197477984	0.725158896182019
-0.217648492765325	0.161267209865631
-0.31479876138457	0.180378411709713
0.0479061058216731	0.0241734985376833
-1.14272135010516	1.02079220806414
0.674805594207096	0.730887963821288
0.474957168806108	0.528026030848699
-0.282143597112904	0.244139392478535
-0.226720281390075	0.225256355862752
-0.12093047391553	0.107574487865121
-0.00820619958532179	0.00528963663095982
0.485718269491289	0.487179935438427
-1.68819226413075	2.15916071618452
-0.934017448480792	0.913430353327258
-0.56834400715451	0.349927830323958
-0.0975389283636617	0.087116343611816
0.0636621832811747	0.0473675702775577
-0.34286404757968	0.357015604835486
0.191913754949027	0.206805476232428
-0.289262437401558	0.285628366526587
-0.225750461308242	0.28847776176316
-0.300524139300822	0.432396683597896
-1.13161168414825	0.867789638280916
-0.854089053366795	1.16189719280498
-0.107588893142203	0.0823706215136181
0.181268476238753	0.127577741589605
-0.571518586146758	0.312432773778368
1.89211770711783	1.63150362162291
0.058399910005269	0.0368930739841914
-0.100704209772987	0.0535537703395433
-0.298660880741135	0.237436571601599
0.399386028153076	0.325086537887935
0.264537573070616	0.174438139402009
-0.298952717156067	0.237755631770726
-0.86810721252512	0.96710687058265
0.497262814943253	0.461803697327511
0.251221887971003	0.231740571177969
-0.0977910706300505	0.0873619725853542
-1.27219522735815	1.76349554712023
-0.413859635214476	0.320987506150472
0.387443934982169	0.203677658568846
-0.38995717249119	0.276378670243734
-0.0944930290534367	0.0658343548273408
-0.0437330669903063	0.0368528520216377
-0.518861822801885	0.498748871555098
-0.690362687781304	0.864303394871332
-0.144426109892914	0.118995689529121
-0.581644939261582	0.51644821839779
-0.207401941001975	0.181811371898043
-0.0628495262319344	0.0443512997984772
-1.02588443748585	1.50537151283416
-0.276579628846353	0.289572648635608
-0.51881838873911	0.498851242281547
0.464962096115306	0.580976551660998
-0.444512221084531	0.511272407967683
-0.677018764301427	0.927656246324498
-0.175955281852895	0.196298045875107
0.055014999783206	0.0611685614106281
-0.18267251164367	0.242199897570743
-1.13171097683409	0.867393921282527
-0.260579855127371	0.131555960501043
-0.00833713011532937	0.00537350785301406
-0.825061670752121	0.599394220982401
1.48130070338977	1.5897513011055
1.21253157563892	0.971232920512448
-0.391724305318784	0.191524028484181
0.155655153923202	0.126822421709784
-0.107508169849809	0.0822857545200277
-0.351713017116869	0.276409214357251
0.0290082101700786	0.0171999121963372
-0.175914157956332	0.131848012797028
-0.57940067199644	0.475491171193195
0.974129626335058	1.21102676146163
0.399182182318472	0.355277455143884
0.945881964814225	1.35861038023358
0.606826204302058	0.368017845521227
0.0857428988252296	0.0467687674262433
-0.825500123262625	0.599709285586044
-0.525059015585317	0.537589431338064
0.16953376184122	0.14411144469807
-0.028355490602975	0.0222085209331051
-0.175521015452709	0.154687651961999
-0.00855074931058386	0.00550749457846089
-0.267683781674074	0.248895443334308
-0.0654873616206671	0.0549077254706245
0.14050139907771	0.109464650606906
0.47782707566011	0.514118114524508
0.0478049209302796	0.0241139725386732
-0.92290921884042	1.74550142798265
-1.20160825915821	2.17512321038809
-0.23720003279916	0.276844870434816
-0.139743235874131	0.105939373673095
0.0632741048453639	0.0470518313266104
-1.1581231014495	1.47510843074253
0.0293329110374756	0.0247286547476582
-0.665710690297418	0.583963836619084
-0.00731994651327783	0.00709120679020116
0.044826826732923	0.0511356069511853
-0.407047340101398	0.0913266870047607
-0.788111377288474	0.414177817025583
1.05616008139829	0.549571799070062
-0.848756633713589	0.353692019334519
0.403244537973636	0.13964937041993
-1.08401875022549	1.18318834527758
-0.510641220224687	0.458267238847019
0.546803549672268	0.399551531032605
0.0479827463402476	0.0242098150145323
-0.422491449282457	0.236691862572536
0.211934111461218	0.113871149144747
0.387618551364921	0.203775351678185
0.104803542598716	0.0740606772120314
0.602111107347164	0.58233633037613
0.65618164027829	0.55636585946768
0.656366764577668	0.556851668428262
0.123645867442781	0.091877566031278
-0.648691183557989	0.696516064474925
0.399427771188148	0.340575593841657
1.24669487074448	1.79757357899727
0.833169319300648	1.03327218425697
0.211934111461218	0.113871149144747
-0.686722096742145	0.508273973989328
0.898346864870289	0.72334506195932
-0.51886901224014	0.498898429213024
-0.0393981764029331	0.0249849676031559
0.083724801635145	0.0560660094490698
-0.235449075529597	0.138051915791987
-0.9676881851453	0.566449087740737
0.182158748973975	0.161203181335469
0.155721600850576	0.12687834443863
0.402298971116523	0.430866393648217
-0.348166654079131	0.32017465387777
0.399305007862278	0.370151718887221
-0.175544630901987	0.154704392804524
1.00972939107894	1.53105237820254
-0.518926791540657	0.498965059120384
-0.217538298780978	0.161175577133584
-1.09715597916472	1.33569648510972
-0.242703627745758	0.211475629166598
-0.117617308548899	0.125320900710638
-0.0522395880339394	0.0406461520882526
0.512907197881983	0.436629773522656
-0.282369375494747	0.244261900132096
-0.585423354768311	0.632087595165096
0.558877224442922	0.623982378837483
0.906572105606335	1.19627033035603
-0.176712165728201	0.144563040925018
-0.486509382159641	0.558137876175035
0.0791100756076296	0.0882835449959036
0.131370404686693	0.180703694511335
-0.516241348529343	0.178330871919979
-0.95187692509697	0.272670624519378
-0.105329780244259	0.0292757305992616
0.365902525614416	0.150379543777498
-0.517899147573227	0.179109173088448
1.29019459198889	0.361113808702474
0.396068759303522	0.22615898272487
-0.327546345457555	0.129698049658362
-0.00907866149999291	0.00298664964320787
-0.877020695133298	0.576798736351056
-0.487633965163832	0.372797634315868
-0.411337966346351	0.400773003211516
-0.325641278190795	0.320300686951898
-0.713567419134346	1.06011438417154
-0.686893252102377	0.508419637507065
-0.422320612835452	0.236661180017005
-0.767076410530619	0.910097382491573
-0.58553404122298	0.632335799274837
0.576921340861572	0.601443921761148
-0.119465260841818	0.0730241295804546
-0.967905450376505	0.566570214515686
0.584636987999026	0.37975716331902
-0.449820216110179	0.282733562407957
-0.26007708425706	0.131229093076941
0.80705957812295	0.876060732863568
-0.66556275039236	0.583815130524904
0.656260626852243	0.556695144537498
0.504420463654406	0.449147231085128
-0.0945997697764396	0.0659056023528385
0.656339583124585	0.556847987421022
-0.00921089211792067	0.00664117848536329
-0.348022819481374	0.319950169199337
-0.314867405965761	0.180451526135702
0.250869700770155	0.155330162038453
0.234029943286015	0.135426106733778
-0.358469012649422	0.229853306150741
0.209637235010245	0.163154605425985
-0.677324119672477	0.928074638168312
0.399305007862278	0.370151718887221
-1.14893690324476	1.17206399732265
-0.00473520578037929	0.00219591531042473
0.399268783482216	0.355377466309398
-0.226776727752694	0.225440232469541
0.130794336294452	0.115398281263809
-0.00725124856130735	0.00571607722703472
0.0295155839729116	0.0248839070033699
0.0345699520140285	0.0269287982551015
-0.212619627852442	0.172495534098922
-0.0630319128909826	0.0444777819530521
-0.479477405471479	0.521912416768841
-0.843839374787344	0.995492928282878
-0.554079448644973	0.892578918056747
0.0628272569653677	0.0624955336930807
-0.325202479981459	0.357875504830709
0.24212407823055	0.214748231484605
-0.698906558436956	0.832299632467875
0.512635431061825	0.4363657169726
0.0534022027594585	0.0434049109031038
-0.299132111729198	0.237839350023127
-0.176601606614066	0.144459897099089
0.632967384768837	0.936869091292152
-0.269362792260042	0.400486084106692
0.947729425833016	2.45560848632971
-0.185003334317042	0.271796556209731
-0.848034357080434	0.353432748047731
0.403377677871532	0.139736809774786
0.439756163615296	0.1201634870976
-0.95187692509697	0.272670624519378
-0.184025732944261	0.0788881612199788
-0.517513875524486	0.178911161319999
-0.327230659220978	0.129567376802136
-0.119571298130348	0.0730913852716358
0.0287705561859204	0.0170587536066852
-0.709021960009537	0.801332141951838
-0.0888650631201149	0.0741122478933668
-0.175541590329491	0.154711971543456
-0.174798162215031	0.164560713277318
-0.126074189646204	0.119447416674286
-1.44908330646457	1.34635338941921
0.178423283573288	0.0879679360806085
-0.389825426113108	0.276177511751794
-0.171831111220029	0.102975093490661
-0.573214592148753	0.392266645889591
-1.32945704925353	0.732853759751035
-0.977636086092413	1.38009583404878
-0.00688873801944385	0.00542998371787324
0.0135754417574705	0.0101098692341955
-0.0394638266369213	0.0250273580585416
-0.391246652475677	0.191209210716848
0.0480050835828071	0.0242224684999677
0.929725621839028	1.04586627864036
0.522440352254246	0.423930207099996
-0.253081360855656	0.203407265235028
0.196571155039691	0.145799378267807
0.276662130961792	0.193532353478315
-0.665647710595455	0.58393081140269
-0.324948625623865	0.357591681357583
0.472264512200728	0.541755463160233
-0.822556294924683	1.02206572690046
-0.584841950829783	0.701611789546324
0.0633734730104207	0.0471434643677307
-1.44906962486651	1.34643416861096
0.803825049935734	0.71190888453206
0.387605725992851	0.203766496048981
-0.822690291965183	1.02250046668267
0.504461609472985	0.449256492439233
0.809178450569345	1.03378210104993
-1.44919913680901	1.34593887864065
-0.422299294346764	0.236652215203968
-0.461970570480696	0.447447446289047
-0.92784102017662	1.25763735257334
-0.0283851388980634	0.0222297294138008
-0.233548696421012	0.218113371200589
-0.0229786178859673	0.02086487867916
0.204018056239444	0.194505709713693
-0.00870635115557965	0.00560639661709564
-0.5853722786616	0.631902061221389
-0.967228266612289	1.0681833497165
-0.00664012457361048	0.00370465466943885
-1.96368093592683	0.955822689151189
-1.42045645805675	2.62744409412827
-0.683334370326249	0.896005251185338
-0.267502988209879	0.295926297123096
-0.444547077145975	0.511279387934341
-0.394634142390321	0.432338551387626
-0.492894457038531	0.594032688761536
-0.289182519212706	0.285484861377716
0.123576851992187	0.0918225846901138
-0.585117214164217	0.701861418277184
-0.298614693815595	0.237344049367235
-0.107406588691836	0.0822170144301227
-0.34301259209715	0.357167494240075
0.567045928137025	0.612310526763477
0.567438123226578	0.61255885361325
-0.38469609305093	0.466447446590779
0.1704197514332	0.214657075752481
-0.0473560942086259	0.0551900280275033
-0.0118625132488285	0.0126958709371379
-0.29510937669907	0.325705158086465
-2.10727742655476	0.3785967871456
-1.68596857506758	0.70320287292914
-0.406536039818103	0.0912270232471427
-0.104360815899979	0.0290077066781166
-4.86904176537515	2.53066880531608
0.399438087502248	0.24508360369272
1.80554775261157	0.656236220945208
-0.472182729130689	0.329071383385864
0.294690210779271	0.229145177337643
0.401488089777121	0.415897542971589
0.0120836460584647	0.00979861665275093
-0.202749582204355	0.190167444253876
-0.276733905376155	0.289806395431704
-0.322244113029841	0.232093565796801
-0.11946387788313	0.0730093339062995
-0.314783952241964	0.180345912013469
-0.579004253227954	0.267391767117248
-0.23361727818906	0.21817966141294
-0.54273249613885	0.715560412262508
-0.752777422834872	0.939519248983861
-0.0071480443846047	0.00563508835795905
-0.212474679675822	0.172217450819389
0.635736470157807	0.564990233261202
0.178661665260978	0.0880903270670572
-0.00462697564859522	0.00214403876152766
-2.17324807733273	1.89533058210915
-1.63522242686526	1.39559777272768
-0.366241562354934	0.358705347511935
-0.26761604360649	0.248801158501519
-0.746814525420879	0.697240775639856
-0.653342859221575	0.659805941212877
0.058443790022945	0.0369248768508539
-0.253463188115513	0.203698836209247
0.644631909032379	0.746294008908715
0.632184240857334	0.755024890639782
-0.212438930477435	0.172279900509948
0.141972601536965	0.0888084008407711
-2.5418649740236	1.70688771462829
-0.00653322317101659	0.0036465042430468
0.838356316472457	0.876515779238831
-0.902280466831449	1.27823107971962
-0.731812922422094	0.732436549156271
-0.653078790303894	0.659120380999012
-0.48776714051348	0.372911243742093
-0.424031413330689	0.438407577456147
0.611766373142501	0.77441363415152
-0.47951840357609	0.522024331641387
0.403920269472311	0.474205463108629
-0.0654007919518283	0.0548192524448684
0.199261203269404	0.221105102385975
-0.525052481884831	0.537541342783384
-0.579076394161371	0.267343048259156
-1.35563614408753	0.474557097061527
-0.00887297177040951	0.00291884997088316
-0.282042558331297	0.244015961920649
-0.433250029043962	0.364609037248794
-0.282201713292424	0.244176349026713
-0.766826915195067	0.909650645778463
-0.0521719642435835	0.0405916413329872
-0.224335078077715	0.149257804118276
-0.226604965738264	0.225224513272758
-0.638808858822915	0.764189511134367
-0.471663518407286	0.485522135579118
-0.897233098049023	0.939673038658141
-0.175446981010123	0.154593326190759
-0.0887044592592567	0.0739558833320065
0.474866040674107	0.527916284870525
0.485660303991074	0.487144168592243
-0.793411305280216	1.26941996967534
-0.0790797594465741	0.0997542205965362
-0.95187692509697	0.272670624519378
-3.87503061007077	1.20658143667459
-2.10706742962015	0.378548652882402
-3.48219873584491	0.919655084022901
-2.10706742962015	0.378548652882402
2.17530130888176	0.972804016432564
1.05637106962915	0.549947620800554
0.956055118653698	0.344844233810228
1.34273496921055	1.01434853374846
2.04751493191061	1.45235907309448
-0.579162162837228	0.267406238343768
0.58475959722206	0.379934996153133
-0.282100653954366	0.244052897747946
0.232223380950509	0.197689211285033
-0.218567798243591	0.242954774451195
-0.27662841596802	0.289617293421414
-0.1751361659825	0.205111885404757
-0.424073094388109	0.438503654320582
-0.479521586492056	0.522050783848944
-0.276289957672666	0.337258340199327
-0.3812462856648	0.395663419360529
-0.902069656853105	1.11517673948057
-0.746880785015513	0.697457472057385
-1.44931854075231	1.3467404647264
-0.17191476584973	0.103033463272345
-0.119412253858398	0.0729861393109778
-1.51115804482644	0.927162295997054
-0.314883095294388	0.18046152778602
-0.28498370230448	0.186287806202676
-0.0283143434416065	0.0221746802653698
0.140262691662791	0.109261739662915
-0.139634820780245	0.105841812669374
-0.699247102304186	0.833511681599796
0.718011432135481	0.887509369524649
-0.351978646654272	0.276629961687956
-0.00482134538163185	0.00223622028267589
-2.38053634733883	1.46170029835018
-0.461949102091718	0.447365313538865
-0.487555395458036	0.372661743498495
0.396175686819008	0.226339115191097
-0.119597131265098	0.0730980839289773
-0.510315031658764	0.457845017003283
0.756356063652482	0.8784329139172
0.467234402928127	0.568138876733353
0.100244529068198	0.0815815314421879
-0.260329029925159	0.131417764875266
-1.27041540395048	0.884913999923827
0.546830196927245	0.399558804431895
-0.93164580395913	1.09077314440397
0.333303962849274	0.343751535395453
0.621456729124603	0.76470435703081
0.301537774326487	0.245829002801816
-0.939222282586451	0.734669327956872
-1.0111799569019	1.04679521053548
0.469735322678095	0.555158489607668
0.544966607847893	0.647795736376401
-0.552889521286796	0.858543537677254
-0.057162353316071	0.0514897241889981
0.558599847348518	0.623623526062545
0.11638738249249	0.0987512717652454
-0.131364672957187	0.0902659196733509
-0.176144415681378	0.132088337614021
-0.968152752066219	0.567121503023109
-0.406536039818103	0.0912270232471427
-0.20281508543031	0.19022290037447
-1.06314269143571	1.49344337883017
0.294320795687583	0.228768264729827
-0.732114848484512	0.441422043241892
-1.14248004024407	1.02033130172564
-0.406143088696864	0.0911104868149055
-0.324962851425716	0.357649155528924
-0.0977106383191684	0.087300551416192
-1.1581303006107	1.47550041384363
0.343243435292059	0.388769807525916
0.0345958516225109	0.0269491226554295
-0.0523091952816213	0.0406964218102585
0.617810807158558	0.573884385542487
0.018647878345684	0.0125440035027719
0.115746737158811	0.133576393913444
-0.301029297723694	0.433229570254536
-2.10706742962015	0.378548652882402
-2.94698077954152	0.645760131429668
-1.35610128709322	0.474818712797072
-0.104530837627992	0.0290497664010843
-0.516625938445608	0.17859542475739
-0.407047340101398	0.0913266870047607
-0.571624596727463	0.31249828110112
1.80554775261157	0.656236220945208
2.17464629440674	0.972270730238166
-0.167776509342108	0.0869605415634023
-0.00919377285772495	0.00662814646474594
-0.433466919585418	0.364819102057598
0.399659900532829	0.385130138325496
-0.226611523832441	0.225186254902715
-0.126319560554615	0.119752112002352
-0.585025902383911	0.735989095754181
-0.510528530413483	0.458147754402912
-0.233273452149769	0.217812718832374
-0.449374540196002	0.407060816057139
-0.256458755762672	0.254122020404634
-0.325658687457973	0.32030685740768
-0.753708581318892	1.16192730134188
-0.175521015452709	0.154687651961999
-0.709044519909782	0.801253007009373
-0.242608789023109	0.211337589707688
-0.0759901648345779	0.0473452882734231
-0.500183219270712	0.41601862452228
-0.472056825457161	0.328875946914149
-1.14280493815631	1.02084195360638
-0.23539602597155	0.138035568356171
0.116247166995476	0.068095355374989
-0.732021846522536	0.441299012127764
-0.391594789884239	0.191438279351218
0.0422948394581713	0.029970376284185
-0.665399314641328	0.583312980142903
-0.585112259600097	0.595336884367122
-0.233571240491953	0.21814691372886
0.551324108815632	0.635547812585534
-0.144303628994146	0.118902050606113
-0.289186228131071	0.285524297958141
-0.625727288397782	0.932747632268021
-0.861694246269797	1.32350305703416
0.551550145024371	0.635746389195267
-0.395583863149427	0.361209150275205
-0.26050123433033	0.131519082409796
-1.00964539622933	0.719322985686137
-1.13151235160817	0.867711109736061
-0.321991901170692	0.23185171155015
-0.1151202102262	0.0954498915234844
0.0424539004200372	0.03008432465665
-0.267800957772894	0.248999514416238
-1.01118419505477	1.36388106900457
0.221634409716795	0.180666836299257
-0.686749044698813	0.508320544769257
-0.939064223681972	0.734584867529678
-0.358509316483428	0.229953272680103
0.735566220024143	0.881720414356681
0.0120078197490385	0.00973660028130111
-0.411327437354154	0.400804824466713
0.140602585333648	0.109528977750305
0.533194990916055	0.411068231065921
-0.0783625382753795	0.0605052261923565
-0.394640743907033	0.432378511792098
0.621251178913042	0.764045666915398
0.538938315622663	0.659469592572591
0.469517819936981	0.554720774096243
-0.479494710876572	0.521932268797429
-0.34278452673255	0.356821147277338
-0.578975115762517	0.267390226446819
-0.967920770914226	0.56691647468837
-0.406653408801407	0.0912540543799087
-0.00898964020268047	0.0029539361524627
-2.94720125929596	0.646055459499367
-0.433119341845448	0.364416925491842
0.163501719768619	0.108748360137995
-0.422449318801549	0.236728116220036
-0.358588196149511	0.23002237558786
-0.184148497629906	0.0789589941501255
-0.0975171185336646	0.0870760324017554
-0.326239444133989	0.279984135591738
-0.139613067041843	0.105826997743172
-0.207315247806422	0.181723288335484
-0.0343069901611072	0.0244789570612837
0.0634784331156925	0.0472302539555288
-0.267511201424655	0.341598455581131
0.00873740268248144	0.00911561607553235
-0.0726834313588946	0.081455248627675
-2.10706742962015	0.378548652882402
-0.00846262185640431	0.00278126286689462
-0.848352883478491	0.353483822010577
-1.96398821246931	0.956159377765416
-1.68633971949454	0.703563702264362
-1.35517165583896	0.474174060906171
0.211857686193715	0.113839275081236
0.178423283573288	0.0879679360806085
-0.665669707780211	0.583946577934216
0.584751571128831	0.379962887188801
0.497349454550383	0.461879062046642
-0.395713988074969	0.361346996916854
-0.96713606916881	1.06793806756168
-0.277130585278692	0.290155072656015
-0.631909537330266	0.829603348684141
-0.411283428516767	0.400699631073881
0.400588754750554	0.400576150967958
-0.634951620419599	0.797251752187961
-0.493196601348015	0.594435730762951
-0.155166742887101	0.16467687513686
0.143505934405931	0.131397349873214
-0.154956410687329	0.164383466518234
-0.28456062079977	0.330612403190603
-0.754099353623585	1.16332090464238
-0.406449994809284	0.468434440484092
-0.394505522307036	0.432015656071285
-0.25306100751911	0.203389159680727
-0.144337072491456	0.118936189304073
-0.242654182996093	0.211359215204238
0.169500324747598	0.144085625306063
-0.224418508914257	0.149284999516883
-0.207382873502609	0.181800627702439
-1.25262560397979	2.04026948856629
0.0834625570280058	0.0558966024436078
-1.14251710650401	1.02031777514858
-0.173832089409108	0.117617618957449
-0.48773985319078	0.372891051623747
-0.57940067199644	0.475491171193195
-0.284946743038968	0.186258778585444
-0.572990344273574	0.39206853349588
-0.314943947858019	0.180508496860338
-0.665480935932273	0.583713359197363
-1.24536159366181	1.02235654200607
-0.449820216110179	0.282733562407957
-0.284993363742646	0.186275029087059
-0.321994830780525	0.231740153777992
-0.981372406947405	0.891057998572292
0.0583368415500632	0.0368506843270658
-0.585160927171483	0.667173149618374
-0.462003669809389	0.447336179943755
0.273889515718973	0.280982722897147
-0.585263002826525	0.770589767155522
-1.07236155114085	1.63414672358936
-1.24491683124798	1.02171541089273
-0.358574770830738	0.230008355533989
-1.43547178788772	1.78722922825096
-0.746902880388926	0.697414993980128
0.485609695517195	0.48707102681153
0.621501054478404	0.764787196198847
-0.581731092471191	0.516569258062788
0.0423891207179959	0.0300286725135493
0.264718600927762	0.174588722278937
0.129212535291802	0.0573722565547967
0.715486617784834	0.720467348802245
0.163372920550334	0.108642931660014
-0.173897970235959	0.117662972860727
-0.217345378121757	0.161022659194176
0.512761756487038	0.436576039484465
0.76959729993245	0.713177830099595
-0.0945796297891467	0.0658970940220562
-0.107373457255301	0.0821891601759086
0.0854316108965841	0.0750912213304872
-0.47183084999615	0.485762347524721
-0.146955215779368	0.130137309309655
-0.581555343950065	0.51639606863397
-0.548825579549513	0.788245821869389
-1.96448596851255	0.956498553769595
1.80543669637378	0.656160870630634
-2.10727742655476	0.3785967871456
-1.68633971949454	0.703563702264362
-0.901881847969448	1.11476029759259
-0.843934171362311	0.995189530373181
-0.586927001474087	0.841500456621274
-0.0759051448786092	0.0472913722500453
-0.171840142126793	0.102971998105413
-0.00473520578037929	0.00219591531042473
-0.173017772005342	0.211867435235355
-0.0773522342060036	0.0784637181319359
0.0700373477374778	0.0592535902326473
-0.26868372806656	0.399297016891379
0.560115419224736	1.12729242559025
-0.120823994095596	0.170104698234096
0.226939812480878	0.318113614773808
0.0615540730712499	0.0238263165776983
-1.35626224425971	0.474875835650706
-2.94720125929596	0.646055459499367
0.449356737420673	0.0873001538306624
-2.10706742962015	0.378548652882402
-0.788222961863263	0.414264406349458
-3.87522571878201	1.20686794936312
-0.103708004302289	0.0288061650208548
0.061698863167424	0.023890625298551
-0.314936050194936	0.180496880170545
1.30813599240279	0.797331200154474
0.845873572645785	0.715100082050027
-0.253147483103661	0.203475468702817
0.736463956752109	1.04752086611082
-0.242277035768141	0.268649808790721
-0.586462613488684	0.8410107324772
-0.325128305937384	0.357911619067327
-0.417419640870902	0.505102387430851
-0.469510704692847	0.621221256693971
-0.247936550267646	0.260301410808739
-0.300837989367253	0.366800268773286
-0.112417031486984	0.113476336365861
-0.117502646631984	0.125180666979284
-0.0226504217531616	0.0205650742436292
-0.226731070714117	0.225391390494334
-0.77511194408506	1.10349644824355
-0.690106975597493	0.863002278224001
-0.394709980988199	0.432465848606843
-0.0393570556733211	0.0249591729553041
0.0137803087278116	0.0102589647442026
-0.823929137121425	0.815990351516601
0.512761756487038	0.436576039484465
-0.351823286685247	0.276549016111137
0.0290643313532979	0.0172360612881144
-0.422256388009115	0.236590327517095
-1.68821309670861	2.15926232732422
-0.224497167957806	0.149363575120558
0.0185468055343983	0.0124802149628198
-0.572977137866887	0.392068629563688
1.04442439792067	0.754229357853164
-0.731943567101129	0.441217944876616
-0.391368449200474	0.19130152788782
-0.167746238435569	0.0869469108163603
0.0422441790039478	0.0299334660534715
-0.525246969924921	0.537845713196026
-0.265593879861676	0.194154362331262
-0.235382896302948	0.138024912443037
-0.376031363505098	0.319750089878646
-0.643349672245812	0.730575376207787
-1.03379565549686	1.20015887213489
0.0295786237398622	0.0249383043730776
0.0832450744155917	0.0557366860367915
0.403610340421214	0.460159724007972
0.333124738953948	0.343533144361896
-0.394464321210498	0.432025310046279
-0.992722096054201	1.21864750660147
-0.461992022129453	0.447490889493817
-0.115094293064442	0.0954358286865191
-0.461949102091718	0.447365313538865
-0.665480935932273	0.583713359197363
-0.686827855694164	0.508381075212563
-0.411150031610684	0.400522687385162
-0.00903923005469861	0.00651800416598208
-0.043536254100042	0.0366760154264477
-0.351713017116869	0.276409214357251
0.854910402999238	1.19163161386145
-0.242708934477882	0.211479639858171
0.0479061058216731	0.0241734985376833
0.607013909009565	0.368113947865685
-0.0393981764029331	0.0249849676031559
0.546869310078337	0.399571689674323
-0.518825523041233	0.498855382543206
-0.202310956205154	0.189571402022079
0.715014336977902	0.718685389973543
0.234119701427991	0.135495466226445
-0.256420837608751	0.254080227834675
-0.233391991103515	0.217977203400465
-0.822795896182648	1.02264040176664
0.0452883819397598	0.0396292518493236
-0.406695589439256	0.468901815242271
-0.951768045880078	0.27264192625531
-0.515740598803656	0.178130668849307
-0.27682521754036	0.289922362339198
-0.174798162215031	0.164560713277318
0.0122352948645733	0.00991956706751339
0.0531504996252047	0.0431912548158885
0.0636546160568917	0.0473578160774535
0.163394799247274	0.108667158772753
-0.573056252013549	0.392154337670413
-0.674845861436495	0.545752345612659
0.116102953172386	0.0679912860425303
0.0616264557748945	0.0238611614751663
-1.66988614542307	1.12078292058025
-0.326227592780165	0.434132459686752
-0.0303622121437583	0.0339446512224834
0.153267133411217	0.182683547250484
-0.138518799706971	0.15502928303653
0.0203282812481202	0.0194856953583757
-0.00516118640656219	0.00575202421792754
-0.225558554024759	0.28813005122838
-0.766175516073887	0.662673544333303
0.602188118792115	0.582715701476752
-0.422342376725643	0.236676559474934
-0.171975261730541	0.103067661326467
-0.877105806247263	0.577078965683136
-0.0787197888754788	0.035331436723466
-3.87522571878201	1.20686794936312
1.80543669637378	0.656160870630634
-0.00887297177040951	0.00291884997088316
-1.5112760877357	0.927430513104126
-0.358653698911515	0.230066631527229
-1.27040006372588	0.885002340015008
0.38745688057007	0.203646525201812
0.399649092630306	0.325420637325106
0.100333390684164	0.0816636356248856
-0.897473319431295	0.940274502101517
0.104856176513609	0.0741043314170152
-0.381271094745723	0.395653988802924
0.83237037786826	1.34373757973492
-1.20745774213512	1.89947711848066
-0.20749283168265	0.181903967536504
-1.01111442932408	1.04677144394078
-0.094758981341416	0.0660269844590962
-0.444603542359674	0.511433650188504
-0.486533430188916	0.558065720552848
-0.0625646065387255	0.0441315272101198
-0.144298386630888	0.118894449718664
-0.395677619377101	0.361298242623514
0.0583807005428617	0.0368824650389447
-0.326188804154412	0.279936145025404
-0.648692123477025	0.696455799491971
-0.321969946980768	0.23182896791386
0.71536321858042	0.71986331515463
-0.658770547093086	0.622236320719878
-0.375919135171039	0.319589844911493
-0.253015253696495	0.203332579914536
-0.70190117287605	0.471095771394012
-0.653215636896155	0.659342990665471
-1.01098502187099	1.04660896365302
-0.686656780325162	0.508238057982816
-0.0394432749489625	0.0250150078693679
-0.358561349203797	0.229976361393022
-0.487553742244464	0.37268116945927
-0.413752686764289	0.320915770926325
0.497542826426404	0.461865884108739
0.680981438499674	0.550257678966188
-0.931558877178494	1.09056857946024
-1.54120277495639	1.51560255027329
-0.992411407773802	1.21843391807279
-0.585505929383471	0.632303053498331
0.588641290394209	0.59175920048514
0.693570565234781	0.724694993327812
1.02251909106781	1.06703055372121
-2.2776150608574	2.09462450594487
-0.395395818779338	0.360890433287474
-1.01115571385375	1.04698444683563
0.0585288005378674	0.0369794101178088
-0.00831300788254624	0.0053575270356208
-0.824166731286506	0.816592436654914
-0.326297201027557	0.279999518872181
-0.139489999683174	0.105698100305825
-0.822868026385816	1.02265174253202
0.1161634901573	0.0680366741364742
-0.285053627335216	0.186330826663221
0.806886108648653	0.875870098818518
0.635690366690533	0.565096016504913
0.399534576680688	0.340648388116244
0.142078665577231	0.0888764959093391
-0.927773250675419	1.25734920425514
0.251266315011206	0.231795510090165
-0.173958225918879	0.117700871705319
0.0288780997559482	0.0171251235675729
-0.0486779129594599	0.0265406888410703
0.0857428988252296	0.0467687674262433
0.399562329483327	0.340638691694545
0.403588884033787	0.460218455127909
-0.581489923647832	0.516289087537008
-0.285090593703859	0.186376827935707
-1.00961500935903	0.719465002182
-0.314921305698856	0.18046368292624
-0.571737584667295	0.312608565413617
-2.19242126769198	1.21041099953334
-0.22428211378869	0.149219672599838
-0.260407914201451	0.131463826799335
0.464793606093093	0.580791219134953
-0.395395818779338	0.360890433287474
0.182338503187771	0.161377936185062
-0.0630607056542737	0.0444960203825106
-0.253224680769402	0.203534183342816
0.0585288005378674	0.0369794101178088
-0.00835779426278159	0.00538654948419021
-0.487640291893851	1.1850634173334
-0.495070606904283	0.824930878221015
0.020968071629153	0.0225386528001433
-0.187150662082088	0.23879735950969
-0.218884751081193	0.290985019633586
-0.442127730575495	0.735772855015114
-0.21573150133515	0.318432485582818
-0.238251566547473	0.316996311125568
-0.584731323973767	0.701271639302471
-0.406536039818103	0.0912270232471427
-0.44930344520284	0.406861639967505
0.165374176188875	0.162201914251933
-0.0490461137062827	0.0267468360349336
0.0857428988252296	0.0467687674262433
-1.35563614408753	0.474557097061527
-0.952135059882499	0.272770263417896
-0.00761497811460606	0.00250433676554653
-0.260422454505934	0.131473076198748
-0.358574770830738	0.230008355533989
-0.933744164625069	0.913126998803174
-0.572898061025124	0.391961181557989
-0.449551847246755	0.28255524491248
-0.314776207125623	0.180364724263437
0.104769553150785	0.0740306482632877
-0.366290020787113	0.358639781486922
-0.199784125140427	0.199212381168507
0.854641850006569	1.19134269627885
0.565743074089758	0.831207175092181
0.232295194523647	0.197749437782886
-0.00672907553781554	0.00572473471893753
-0.498745716556342	0.629906295036459
-0.585059514118121	0.701923830117804
-0.525069856353762	0.537739737339014
-0.674711244937035	0.545413343996195
-0.417550800254442	0.505225638805307
-0.533061623644714	0.60957736497557
-0.242803628870881	0.21154893346113
-0.0652318245950692	0.0547004683451055
0.133387052370684	0.134312753425522
-0.819064641134911	1.21179053971898
-0.212764436250725	0.172566864773611
-0.86830047519012	0.967771091298143
-0.658856639279355	0.622339256267809
-0.146906001176515	0.130100319551949
-0.252923837217198	0.203168116089998
-1.01126612517745	1.04693636677886
0.100180959018897	0.0815036149383561
0.116466036447424	0.0682152914594682
-0.0783292059263208	0.0604785756480132
-0.0652008173595393	0.0546735108060617
-0.674817198274832	0.545513567053862
-0.472131338862803	0.329112025572246
-0.529832558899293	0.574779798759551
-0.674818648861795	0.545711507796161
-0.217452189601796	0.161116070471731
-0.801503111480704	0.847523270656305
-0.265721215652657	0.194247194772182
-0.653714008792301	0.660150962593056
-0.352085446203454	0.276745724130434
0.0184602389255187	0.0124209773757735
0.39969301573876	0.385182892718584
0.563972961900422	0.389163025921525
-0.285104268291679	0.18637524470887
0.221678016741937	0.180660947564713
-0.217452189601796	0.161116070471731
-0.0523283902276604	0.0407139262759334
-0.433273985846168	0.364583826134231
-0.766388829064612	0.663040642355053
-0.253354877957242	0.203633729734715
-0.152696552061102	0.153204550087092
0.0422801964941737	0.0299581726434151
0.779479143891153	0.875570476310274
0.485508481321465	0.486866722647845
-0.358640290259768	0.230034639766072
0.28637280327732	0.211551506763949
0.294579507253193	0.229023788330523
-1.40178047258965	1.05066848132629
1.29777335107123	1.66281727234075
0.399400575084859	0.293405127117493
-0.500203818321057	0.416021304548639
-1.34503798448316	1.77116715156011
-0.265528231091648	0.194101021679468
-0.13127473744166	0.0902000576828426
0.401422411255467	0.415828740579002
0.163584195930917	0.108799843938814
0.116543631225471	0.0988729328095181
-0.643633012861079	0.731086016567874
0.234217042819429	0.135554715301903
0.874393125673344	0.878201163740107
-0.897235938642563	0.939821244116649
0.0584657231335231	0.036938288303298
-0.449523782791997	0.407127494338527
-1.20740589653221	1.89936286917108
0.343149171795513	0.388660468593809
0.193821222639305	0.178222968867798
0.675334943889469	0.907604522414571
0.712074114293426	0.546670662650068
0.398873322187915	0.260949289938167
0.399751785716819	0.340750705124683
0.838258247423362	0.876693510115728
-0.500335013403893	0.416119731996958
-0.487528107083404	0.372641556643944
-0.686656780325162	0.508238057982816
-0.260436979275461	0.131458797580532
-0.00831300788254624	0.0053575270356208
-0.358443927278773	0.229868386699299
-0.321950876741714	0.231774784837319
-0.701977565807351	0.470939585084635
-0.568572097465517	0.350153102769924
-0.992548898642509	1.21875163505965
0.0634397699715975	0.0471980136659353
-0.643527405347685	0.730996143549834
-0.0650902936802915	0.0545726127225372
-0.253456273096598	0.203671454947656
-0.00710994526049248	0.00560527956911593
-0.524560052804992	0.875211087851569
0.189801672252169	0.276552193474885
-0.295231619551729	0.325859069316439
-0.326336666463575	0.397181412221401
-0.326669163781277	0.397686879402868
0.315703166004112	0.42754292564356
-0.716513121101692	1.31856923708073
-0.406536039818103	0.0912270232471427
-0.766412785933738	0.662981596025657
0.143052524422199	0.148570955103765
0.0828877352849594	0.064583419822289
-0.32592850870075	0.279585941348025
-1.51140176261422	0.927988291760551
-0.00648246208559319	0.00361788921927842
-0.171816972074702	0.102965328684015
-0.449415256441594	0.40705607729714
0.401580839628029	0.4158708605574
1.11249363084293	0.937200709768577
-0.686629813814052	0.508081781188768
0.250750575245472	0.155274432661127
0.128617894345499	0.0571115897629187
-1.11280174039128	1.62604822175939
-0.115047419340382	0.0953838629809834
0.347877037250324	0.416900698324423
0.140357031988836	0.10932682199135
-0.0521507640260601	0.0405731557966148
0.588808628684068	0.592084885685176
0.469590319254787	0.554901760627816
0.169428199350425	0.144016971661243
-0.708983336975268	0.801299390935011
-0.931652981218916	1.09107073055138
-0.358053030071865	0.393161470351619
-0.395612825062935	0.361222603760321
-0.0569416364028385	0.0512906629076017
-0.449283070725039	0.406903919184039
-0.639133754558578	0.763623174724982
-0.00928824762954833	0.00669633702181945
0.0185670250698239	0.0124939251739128
-0.052102261350279	0.0405296671642318
-0.658877367777441	0.622335582429877
-1.08425614552937	1.18409554472181
-0.686749044698813	0.508320544769257
0.40047260836567	0.400475947613813
0.123500650613936	0.0917395921934729
-0.172021587424904	0.103087776800566
-0.0759682684831344	0.0473317038327201
0.60212808131583	0.582677862661651
-0.0489013694262602	0.0266701962197787
-1.14895574963006	1.17277655134832
-0.653413860153383	0.659678086505817
-0.746921508101353	0.697565218519348
-0.719812053847761	0.767645000664507
-1.15411744074019	1.32572336584658
-0.581558791922791	0.516269509297806
-0.766359856860222	0.662954716710527
-0.791968693252402	0.630667165648645
0.632055174789326	0.352583555456159
-0.10062225280412	0.0535115969827204
-0.939011804865643	0.734143578649317
0.874543706410904	0.879271919655229
-0.0946924686572058	0.0659817992337953
-0.730101268636588	0.998332790830569
0.833299541284339	1.0335606628185
0.402996618106564	0.445731256399862
0.0139026253639764	0.0103507890067648
-0.579381506779687	0.475441032582408
-0.41394158326969	0.321121824292564
0.209565071986906	0.163134660644326
0.286271216955869	0.211512826252853
-0.039529500318646	0.0250689531848583
-1.40182403240361	1.05063874726015
-0.235462187373492	0.138072780517714
-1.40192841274304	1.05049717063142
-1.14244298789885	1.02013483694232
0.211926139913565	0.113876387771514
1.04409201173031	0.753962957849965
-0.314883095294388	0.18046152778602
-0.572898061025124	0.391961181557989
-0.260407914201451	0.131463826799335
-0.433377570416675	0.364671188064075
-0.53977726653455	0.680547977416116
-0.747116480609778	0.697785999055062
-0.265438197847895	0.194015088063721
-0.358653698911515	0.230066631527229
-0.572990344273574	0.39206853349588
-0.265635006259592	0.194195863617721
0.833371803070919	1.03358221731975
0.264588433083303	0.174461165469055
-0.119359254656873	0.0729448682063679
-0.487661253003712	0.372817824928706
-0.500117645690407	0.41594675017541
0.264523758147968	0.174379573131054
-0.665502969254937	0.58368145739329
-0.139692590234455	0.105897572019939
-0.0783731934483762	0.0605134027172473
0.396089831394072	0.226278388755559
-1.00955415243895	0.719594277702576
0.0586548875170673	0.0370575773011633
-0.171840142126793	0.102971998105413
-0.981637150865212	0.891340886373901
-0.877084922463205	0.577091573709713
0.250723826116666	0.155210950494773
0.95671106671777	0.345047173325076
-1.51128399880157	0.927879913676698
-1.27047713945773	0.885153560442061
-0.658901305750905	0.622340682489739
-0.732207785471608	0.441468073086455
-0.00635228232034153	0.00354698853506701
-0.471805991432146	0.328743445783617
-0.285067287514914	0.186362204940924
-0.852500197789548	0.785757997478442
-1.04446560025431	0.874951843477017
-2.68391189261248	1.94073983484767
-1.51128399880157	0.927879913676698
0.141971261916633	0.0888023742952421
0.796693939241456	0.546484210727788
-0.119465260841818	0.0730241295804546
0.4906250171281	0.473756327605668
-0.282165043535673	0.244155786040293
0.251380314907409	0.231908960155233
-0.131171678522289	0.0901169461316588
-0.175827653408998	0.131780919521616
-0.176750797813482	0.144586858693941
-0.427450000050528	0.541910732773025
-0.584883869749427	0.73576953322661
-0.057064726472443	0.0513837598193221
0.213319812264218	0.21052504634639
0.106598420710709	0.109979390176749
-0.0392256330692122	0.0354751129630041
-0.504579709225851	0.666703505158818
-1.13408026698504	2.33326693709026
-0.782994001428213	1.29961733885821
-0.453599222150289	0.547736642557577
-0.406143088696864	0.0911104868149055
1.05083939396304	1.38943137256963
-0.144635989356977	0.119149840724526
-0.104674754370764	0.0290881727694566
0.440742619385608	0.120469713008539
-0.314867405965761	0.180451526135702
-0.358390129467864	0.229772371541714
0.533222644573356	0.411110517018407
0.0857298001699369	0.0467611300263588
0.874648320481278	0.879392721604264
-0.171854279210956	0.102994903376511
0.898436685031673	0.723471675074255
-0.571518586146758	0.312432773778368
-0.260062731532922	0.131194413679049
0.104803542598716	0.0740606772120314
-0.107276962969121	0.0820676771152116
-0.308359685690732	0.322015715188793
-0.175491147349855	0.15463255562425
0.0510039099090418	0.0491654394094423
-0.449130560508539	0.406713175504153
-0.034610477668306	0.0247004503221773
0.769783628750618	0.713437624154362
0.504350812989721	0.449078774837608
0.0183477048231822	0.0123439735232233
-1.62173314412724	1.98558482732843
0.104829887126333	0.074089574109362
-0.0758639628706004	0.0472629593014399
0.042432131103424	0.0300688739436571
-0.212648600695035	0.172525653603284
-1.54144381902836	1.51545450795636
-0.175476804783213	0.154637683425455
-0.665462149562418	0.583464191937247
-0.176501740699992	0.144319599077813
-0.65323119961919	0.659536853503646
-0.766283009867109	0.662848621894492
-0.131385268041818	0.0902783674300096
-0.375985372218627	0.319680652801176
-0.471866405691572	0.328853477360802
-0.376097638886974	0.31981980715891
-1.09730832368705	1.33607369721018
-0.285257771144161	0.186435275324257
0.69382340823837	0.725384303382005
-0.139714348764942	0.105913617581384
-0.172035766830778	0.103097356983146
-1.52272133551366	1.22049667570287
-0.413837630123317	0.321003545361389
0.399665366888498	0.325321799195492
-0.0522586493473453	0.0406549497049018
-0.0392669463724804	0.0248976618460887
-0.939195825686217	0.734504686788496
-0.217386798813199	0.161055170874197
0.584850270466903	0.37994255767768
-0.568481019853327	0.350153375981782
-0.167776509342108	0.0869605415634023
-0.322032975668386	0.231903465341743
-0.32216183925384	0.231992500035391
0.234029943286015	0.135426106733778
-0.0345383023126104	0.0246510283115759
-0.394426404272665	0.431953262718104
0.779452927426022	0.875340739764324
0.0836386471869281	0.056014884870977
0.399591436244457	0.245265409014508
1.01122863151449	1.37615506412961
0.0584464545424206	0.0369176813389574
0.100223308935728	0.0815607417230417
0.250500056767619	0.155083394711135
-1.40192482241543	1.05063466740639
-0.391732523448923	0.191484277454062
-0.284993363742646	0.186275029087059
-0.422363725502875	0.236700130314835
0.396068108708119	0.226269963646636
-0.260594489203997	0.131559221193867
-0.100532689740455	0.0534621458761021
-0.100711867297307	0.053558502180433
0.116330839643921	0.0681472868212352
-2.37576401745755	2.2971069492082
-0.0947528461649672	0.0660066799660536
-0.242752834428572	0.211490878699713
0.898698175050726	0.723297254627533
-0.525185769685372	0.537803089429111
0.845952734120206	0.715189374908091
0.533222644573356	0.411110517018407
0.0288765481797219	0.017124337713658
0.564152751246519	0.389471809180536
-0.119598493637038	0.0731100910843556
-1.27041540395048	0.884913999923827
-0.298707101256619	0.237506099924591
0.0187862421420399	0.0126401251925765
-0.226485350430409	0.225078948409399
0.804173462791167	0.71242442008755
-2.17337197529272	1.89538975628836
-0.00473520578037929	0.00219591531042473
-0.499970859690336	0.415617847862011
0.796542286709821	0.546503907985386
-0.449217000544622	0.406808342310543
-0.285007010964892	0.186314582604357
0.250711605847258	0.155245755704872
-0.260515813735499	0.131513276350311
-0.422406829788458	0.236695706877833
-0.877041638085802	0.576786214582943
0.181440973065105	0.12771404261578
0.584675168308242	0.379860425930649
0.178236240272615	0.0878720950705939
-0.358732662393978	0.230114354749903
-0.217496910387678	0.16115931261989
-0.471829186744988	0.328742750980923
-0.471866405691572	0.328853477360802
-0.0488879942131119	0.0266619172719185
0.365796592364056	0.150347828566248
-0.571862109960018	0.31258660103728
-1.51151154262208	0.927724141804404
-0.235171593301652	0.137850724253849
-0.224203491251128	0.149157174432024
0.564511712489085	0.38970946004061
-0.449746215436977	0.282653986067633
0.163521087137834	0.108760112686365
-0.351778466969887	0.276492787768648
0.313400167782936	0.278486952861614
-0.518709983435138	0.498607388576931
-0.175588843255166	0.154749062954924
-0.843796521306471	0.995422279507028
-0.788712647464143	1.07593713490938
-0.100284739644026	0.107032413428653
-0.343002074150595	0.357130848475624
-0.212626980343274	0.172494475704482
0.34327195640767	0.388865041015757
0.0855968681791669	0.0752261088981178
-0.325359496940728	0.358226847674092
-0.58504841714077	0.701903507936594
0.523229575029623	0.693489826123819
0.0455124683564688	0.0464420891305644
-0.613021911702139	1.12864307845737
0.00916860177142424	0.00798385757893993
-0.139858728273728	0.10599592516791
-0.683067214037435	0.895377300874918
-0.139714348764942	0.105913617581384
-0.265811493642883	0.194299249544996
-0.0488879942131119	0.0266619172719185
0.250592487483807	0.155172004789474
-0.0091951964681284	0.00302330471275721
0.0856373726497179	0.0467057526082143
0.399268783482216	0.355377466309398
-0.314966389985357	0.180495713336035
0.769677589313058	0.713346935133066
0.116319560159118	0.0986901914291856
-0.322011037157674	0.231866624991855
-0.576882370471677	0.434180566976922
0.0479747380547107	0.0242080962692441
0.898339298766934	0.723330813645462
-1.21173693195702	1.76016665000086
0.404050571528551	0.501146803117309
0.344979370996124	0.564234469201656
-0.138182247217282	0.169003788106411
0.46245227828303	0.593188868552688
-0.500035255782582	0.415642342917313
0.0183938786951743	0.0123755751274869
-0.0489937644034561	0.0267199564240236
-1.15401061152191	1.3256086785678
0.276422828346798	0.193285347164671
0.286312443114443	0.211562843707214
-0.686958713339299	0.508381254265831
0.0290900259567636	0.0172511793350693
-0.322266028375118	0.232102188709418
-0.253127136174988	0.203457367020829
-0.175538483155749	0.154699594593905
0.0290643313532979	0.0172360612881144
-0.579167653221855	0.475166879787806
-0.500314436828124	0.416117076848796
0.809217220281709	1.0337341878758
-1.3205573515626	1.32508128150296
-0.422342376725643	0.236676559474934
-0.579255505788466	0.475298800982053
0.806879167374237	0.875682064722396
-0.449288065965024	0.406959234228193
0.522361610077758	0.423873731893028
-0.933951300730711	0.913979811896187
0.0424827776337442	0.0301040752885571
-0.299125958895665	0.237910490096711
-0.0758008970647359	0.0472191690492665
-0.792103503205385	0.630676821498528
-0.351933695091486	0.27663405550882
-0.422256388009115	0.236590327517095
-0.747095877423647	0.697717017964945
-0.10062225280412	0.0535115969827204
-0.144519998998933	0.11909510171405
-1.08440755145801	1.18425460382918
-1.32061027118199	1.32511225206066
-1.44906962486651	1.34643416861096
0.681018866171829	0.550224724914083
-0.391716070497778	0.191515317219743
-0.115274050396671	0.0955989679801545
0.181354727690782	0.127651068600099
-0.21267020427943	0.172544540860179
0.403620201074929	0.46030036212403
0.715765850378354	0.720203586137232
0.399591799467611	0.309459975012498
-0.235475303257102	0.138083428952403
-0.212699182290585	0.172574668852142
-0.224389641716655	0.149312226642465
-0.062956351779567	0.0444248436569243
0.276606055592833	0.19343332797173
1.72130744598584	1.34723838494901
0.56422737419145	0.389555636326398
0.750940416657925	0.546365990802168
0.584644909741346	0.379823349107698
-0.171733333748742	0.102903938585626
0.181416267862098	0.127665383425696
-0.167715939625543	0.086928424290891
0.399522808019211	0.245179011225327
-0.422492475261116	0.236683184235904
0.584828030314386	0.379951791497643
-0.0786652342337771	0.0353041509350032
-0.00807870911995128	0.00520707048063377
0.0343718000510021	0.0267697940724612
-0.740331002090174	0.968557449629606
-0.324931423719783	0.357591734134539
0.0531387423949298	0.0431801737917502
0.564219760700014	0.389503994927409
0.25077730949292	0.155295680303515
-0.500183219270712	0.41601862452228
-0.0488357677346139	0.0266327969000951
-0.792126707406141	0.630748496181635
0.860951798594377	1.03523014207993
0.143519116978723	0.131424600531205
0.497355650109991	0.461735155165342
0.116330839643921	0.0681472868212352
-0.100540405818408	0.0534632011451723
-0.235198123792551	0.137854930098844
-0.783262890990625	0.879669854109761
0.852871940568314	0.546825607663817
0.750828254194413	0.546393815900103
0.0855841566218966	0.0466768866551627
-1.40182403240361	1.05063874726015
0.105109901095723	0.0742707624719313
1.17335167408883	1.59771988724404
0.058399910005269	0.0368930739841914
-0.674873072019471	0.545745098121915
-0.70190117287605	0.471095771394012
-0.568587629600642	0.350072873428545
-1.3294270748627	0.733061521380134
-1.63529122922898	1.39567717437349
1.05647581657117	0.549811713656465
-1.40186461371808	1.05084714160718
0.564422049407264	0.389700830190336
0.917305485294015	0.884519673248624
0.750820935056823	0.546362059972189
0.209865245759409	0.163389501310487
-0.584916843080647	0.594976272676064
-0.0652388242130053	0.0547055922826562
-0.25640759163752	0.253898719069993
-0.885302254270909	1.46409363964135
-0.0460980521212807	0.0469481861441812
-0.0356349011824129	0.0343356818430485
0.145094891784128	0.168306201950764
-0.543027335584533	0.716147617374164
-0.276186398108173	0.33719894201789
-0.19418717296149	0.267186060874355
-0.402581503103364	0.602991829178336
-0.730544582217877	1.25808579547582
-0.0248116868962775	0.0265562121772907
0.128390933797135	0.164702326301808
0.892904337989953	1.03951579834305
-2.10727742655476	0.3785967871456
-0.298747443321757	0.23754082697714
-0.471950019674365	0.328941989211809
-0.100719535592776	0.0535595262511556
0.0857559934226779	0.0467736506521512
1.11256634242361	0.937710941311817
0.0480816714797298	0.0242551139833624
-0.938945447499601	0.733995339864422
-0.167761860218221	0.0869497148664064
-1.00945513744605	0.719425138137918
1.92280838489995	2.03809939202119
-1.35092907110827	1.18241295811439
-1.32934427758984	0.733020573050618
-1.13161168414825	0.867789638280916
-0.701923815248982	0.471043419126657
0.845952734120206	0.715189374908091
0.0584026231420108	0.0368958685761365
0.0290611722085172	0.0172297015831793
-0.0436626234838634	0.0367822708770719
-0.58560075068691	0.632352818128706
0.490812879449934	0.474081067016324
-0.375806999892406	0.319364578805608
-0.674845861436495	0.545752345612659
0.301517681127355	0.245819645773621
0.715486617784834	0.720467348802245
-0.585133868274676	0.595431080998645
0.294735209381305	0.22918377192748
-1.01115571385375	1.04698444683563
0.588814454473303	0.592047060816601
-0.579148582871039	0.475205392066826
-0.217738174748442	0.16130876777481
-0.500183219270712	0.41601862452228
-0.648301895348927	0.696050801669448
0.617329606077	0.572774264526152
0.12347183470986	0.0917271286973251
-0.487528107083404	0.372641556643944
0.0584218523132793	0.0369098436699805
-0.212850921846084	0.17269264515154
-0.173815972924948	0.117557270683399
-0.41394158326969	0.321121824292564
-0.500203818321057	0.416021304548639
-0.658922019066177	0.622380620436406
-0.0488491633688526	0.0266379092504318
-0.00462762409852259	0.00214716140244468
-0.462013456987727	0.447497965817043
-0.35179913556368	0.276493703074878
-0.119625687146688	0.073124812578289
-0.579422604835936	0.475506520812133
-0.322287948489279	0.232095083624974
-0.322137186716877	0.231987050042715
-0.217276821226002	0.160919858355403
-0.0760120659596625	0.0473565155075544
0.142080020952605	0.0888683874079472
0.307475466911889	0.261977270077148
-1.32074337119219	1.32507805787354
-0.260579855127371	0.131555960501043
-0.472108155766521	0.32911275292109
-0.422320938196137	0.236638315029538
-0.571856302171083	0.312667878337296
-0.732129713916639	0.441387161072424
-0.265635006259592	0.194195863617721
-0.21750033957188	0.161125175337946
2.49589411496782	3.72288603033935
-0.376011104435768	0.319722607956663
-0.167883164706142	0.0870145895376265
0.0290643313532979	0.0172360612881144
-0.581576029669709	0.516395757903959
-0.224307793196518	0.149216619470666
-0.224363956956832	0.149288353019299
0.712047977779181	0.546600633082636
0.0479061058216731	0.0241734985376833
-0.235382896302948	0.138024912443037
-1.00958459475678	0.719552722677059
0.20967186091443	0.163248405197176
0.399348878782669	0.293364502635155
1.47069183003891	1.75614106709876
-0.167814701890377	0.0869867978736486
-0.0759051448786092	0.0472913722500453
0.250540046641692	0.155129683229478
-0.0760095348319967	0.0473545458793008
-0.322120777402944	0.231900123867669
-0.260343515581359	0.131418537401997
0.0287705561859204	0.0170587536066852
0.26445394149922	0.174351762604569
0.181309495968254	0.127604627231848
0.635734111800497	0.565150333147693
0.0289295329639315	0.017156171874967
-1.14282817546535	1.02074652768718
-1.23444635902029	1.17064414704929
0.105109901095723	0.0742707624719313
0.979852824917553	1.52168699516412
-0.413796713408527	0.320906444984613
0.234299063326123	0.135610764338717
-0.00655651078964978	0.00365922616789442
-0.119546843544292	0.0730678346020511
-0.299166221264449	0.237920103974317
-0.472070889856049	0.329070387884181
-0.253040656527444	0.203361739421099
0.264658266871447	0.174547011346903
-0.285141261563713	0.186367441200295
-0.732192865670734	0.441473163114747
-0.788353018666431	0.414337941238971
-0.00866762541139504	0.00285038216826518
-0.00464925692511027	0.00215784838081213
-0.285150876711098	0.186416646333165
0.852684638589434	0.546640068159778
-0.788111377288474	0.414177817025583
-0.581706916550235	0.516552765117265
-0.260343515581359	0.131418537401997
-0.322115274786591	0.231934435922071
-1.40184012030513	1.48423814538764
0.681111391978709	0.550473937505231
1.24589332895326	1.14533847320095
0.399347543067605	0.293399579549052
-1.14251710650401	1.02031777514858
1.02257063057321	1.06687882467591
0.0834625570280058	0.0558966024436078
-0.462071604614263	0.447544144705906
-0.00907787891476096	0.00654587525523139
0.318720108961213	0.294807481673212
0.0829930600819254	0.0646688370848116
-0.572977137866887	0.392068629563688
-0.0536227157489947	0.0574093046711069
0.0550435273858718	0.0612047695994207
0.066316469553643	0.0799846723387162
0.119197315614014	0.148877982038685
0.153394783817515	0.18291441315042
-0.314492598684819	0.400848707274462
0.102539876882443	0.136851231050869
-0.595061046268752	1.29219102616484
-0.245847404010162	0.400635743348261
0.572376012066896	1.04485421620356
-1.35626224425971	0.474875835650706
-0.366397977249371	0.358782058246047
-0.852330345091486	0.785468465244391
0.104849993135276	0.0741031666810547
-0.766361533159932	0.663054207629342
0.264551372342609	0.174450099076039
0.0834007580904876	0.0558533041489546
-0.643455281402154	0.730870685159062
0.398873322187915	0.260949289938167
-0.89005388557204	0.758387165212466
-0.260422454505934	0.131473076198748
0.584636987999026	0.37975716331902
-0.21259801824306	0.172471634334213
-0.175562137950761	0.154727264005668
0.0329756269084659	0.0326242821814401
0.072795355872737	0.0682880410014706
0.40374565287098	0.553937995549317
-0.854044992532314	1.1617419044023
-0.525085818928673	0.537631236975685
-0.519056948436698	0.499002399912512
-0.413837630123317	0.321003545361389
-0.648554409936427	0.696512552624128
-0.471730478245188	0.48565833869308
0.242350797519733	0.214985327513733
0.576986240829596	0.601548200689059
0.210049780645983	0.163538953795736
-1.08054031013807	1.77337447760355
0.0992323134462381	0.0904260487647419
-0.500314436828124	0.416117076848796
-0.0344007642075239	0.0245464789067347
-1.16010842039421	1.62058931546654
-0.529561986883486	0.574441243905907
-0.176767850527243	0.144609313402564
-0.449349156036037	0.406986368246671
-0.653755904174533	0.660171664152563
-0.471702145912028	0.485562036075767
0.588488287013317	0.591402737637333
0.0422730605607783	0.0299553321539199
0.979990559861579	1.52198290082008
0.477748490736705	0.513940740358115
0.210003694385071	0.163521719676352
0.242073506036721	0.214695141521734
-0.139772117374668	0.105960867449711
-0.175497391498157	0.154667314936894
-0.171793801836589	0.102951867486592
-1.32053167862064	1.32506944803707
0.232228918202675	0.197697839925413
-0.075970880957903	0.04732472811282
-0.395670732182706	0.361185336316385
-0.472010450119347	0.329013950089207
-0.0944467336337251	0.0657926616464486
-0.0082751661711623	0.00533311398454879
0.104916523665419	0.0741539664078005
0.181613445559147	0.127807193290523
0.398681888694626	0.276835092857952
-0.176159003315571	0.132090929615442
0.143355198104424	0.14893036678455
-0.0782238455976706	0.0603860895361352
-0.472099073138322	0.328974095579902
-0.38995717249119	0.276378670243734
-0.265659552066275	0.194200980313433
-0.433229306429822	0.364569367373766
-0.0784065556778672	0.0605415939725262
0.3075330390325	0.262055958899197
0.209651667780121	0.163230716138265
0.399134034293624	0.293226555893517
0.0584218523132793	0.0369098436699805
-0.746880785015513	0.697457472057385
0.0290113532844415	0.0172048544907705
-0.487659615823777	0.372805015575226
-0.075798222718319	0.047215301015411
-0.314974334266225	0.180517382779914
-0.0487434176606647	0.0265806887940662
0.893011082962452	1.03952354306334
-0.665688708207868	0.583903474694665
0.617654418671951	0.573599784381002
-0.449328790336753	0.407000668559091
-0.581338437756619	0.515976437077266
-0.0065935539137356	0.00367940017156973
-0.0437680363640052	0.0368830743591102
0.769001114916956	1.03909946322442
-0.348266438118688	0.320269206180164
-0.119598493637038	0.0731100910843556
-0.533180478419577	0.610069096751573
-0.57682215557269	0.434063965729552
-0.176767850527243	0.144609313402564
-0.321991901170692	0.23185171155015
-0.57894091416282	0.474532862220628
-0.967295636058815	1.5376013700246
-0.643511770061037	0.730774909008887
0.879233317319093	1.19293446333011
-0.171877447008978	0.10300836389379
-0.326116387548864	0.279830083129748
-0.885050023783435	1.46357662880548
-0.351888792682056	0.276612510429749
0.399603870596398	0.325373118908551
-0.351974952412634	0.276683503833317
-0.433360101876516	0.364709457252257
-0.167723743572673	0.0869307434564531
0.56422737419145	0.389555636326398
0.0858752349172589	0.0468327597926758
-0.422213357816896	0.236552089895206
-1.04454424783783	0.875037302287801
-0.51053446509302	0.458154101091437
-0.571969057025845	0.312725884763733
0.564234976882592	0.389578962842842
0.0857298001699369	0.0467611300263588
-0.792052298639449	0.630656110813843
0.181379368412242	0.127665175422185
-0.358693947004867	0.230050693313241
-0.573122228556241	0.392182120784472
-0.348094735622872	0.320074430388317
0.163460406680137	0.1087083436611
-1.29635619457654	2.18315597754969
0.191541042892657	0.206329563553605
-0.236872097652879	0.276409583952376
-0.0611049364462131	0.0620915871418002
-0.200119792538142	0.265633126096681
-0.48135593825702	0.692763814410445
-0.525175819367778	0.905659687499742
0.126568809285461	0.13864153321662
-0.246013011030216	0.314272445923982
-0.0615499952314098	0.0625683398362366
0.0215223005162839	0.0231559636497765
0.200955606557325	0.280750954823359
-0.237164711489214	0.276811240490157
-2.94720125929596	0.646055459499367
-0.00638929513398506	0.00356739098780242
-0.314943947858019	0.180508496860338
0.105095882566428	0.0742776265788619
-0.981454072512139	0.890626361593795
-0.26782436553572	0.249001756071901
0.210029544751432	0.163514750148001
-0.389902765292212	0.276321754862654
0.796521365237415	0.546317748025171
-0.573135403447075	0.392220170007954
-0.394533578452617	0.432195759608293
0.0964109537455238	0.0965070955080814
-0.444685206447958	0.615103046062128
0.206113965805249	0.235230572884083
0.499601058469701	0.762335655263615
0.539186462825496	0.659720933808765
-0.720065159764406	0.767703482283893
1.16821381059538	1.91394466032993
0.750820935056823	0.546362059972189
0.779912276616175	0.876135879959617
0.104983037818287	0.0742023474051644
-0.00818216270466775	0.00527338883810572
-0.119625687146688	0.073124812578289
0.11627031625817	0.0681082454094151
0.0420126487563692	0.0297544585135539
-0.479497918380789	0.521988582948619
0.0288523742823862	0.0171074128794536
0.906544595251715	1.19623876503468
0.693883654395699	0.725374071607745
0.163479839725159	0.108734620174476
-0.265569379973613	0.194142537482544
-0.00803068369629895	0.00517573995377054
-0.525075217091072	0.53774919315144
-0.581252355401636	0.5157297152217
0.286441304904925	0.211652348109424
-0.207562534174593	0.181956462415398
0.399341037123646	0.370129367319202
-0.5854620178327	0.632211695691394
-0.653454607495923	0.659943711696897
-0.212648600695035	0.172525653603284
-0.658856639279355	0.622339256267809
1.26768022241532	1.31647167770262
0.196702184755853	0.145911440949312
-0.933992156297381	0.914003033691674
0.276528860013888	0.193418045680985
-0.212655936867747	0.172509682189
-0.139764988393575	0.105952444505199
-0.686958713339299	0.508381254265831
-0.674792889721164	0.545690657241514
0.838126721946085	0.876488466099591
0.31896909975717	0.295025614287825
-0.0947187570420703	0.0659954812826102
0.497135982538945	0.461512151651742
-0.433250029043962	0.364609037248794
-0.0394884245435511	0.0250431843018384
0.617679276148387	0.573743668628902
-0.0437505404004217	0.0368702944307969
0.642700836377802	0.929857919126862
-0.00710254962935957	0.00559930305219882
-0.0625849580010339	0.044146973628152
-1.24511065089149	1.02221469041217
-0.35841702097782	0.229858290125378
-2.06202987534165	1.69822917351249
-0.529559790090666	0.574413266007262
-0.146871606547546	0.130070476642308
-0.411127104528509	0.400396328927314
-0.449420320191667	0.407086076013793
-0.039422728392816	0.0250015758755746
-0.653302081549614	0.659634596918749
-0.107399550091062	0.0822077987767887
-1.81214638498018	1.31346636503693
-0.00467057234517247	0.00216620810420213
0.512783656817325	0.436590549581065
-3.04149667862053	2.60426540656965
-0.171770631410099	0.102932060208856
-0.568450605056492	0.350111713650879
0.681050825914096	0.550390686111211
-0.579318494558417	0.475379314562234
-0.57950760152142	0.475508587411243
-0.577002826250074	0.434347034870591
0.399800945096896	0.309744897520225
-0.282093078172493	0.244081257999096
-0.665543837243447	0.583813760351764
0.717712487519125	0.886656681242978
0.181243722357851	0.127542584831018
-0.217386798813199	0.161055170874197
-0.242603541589813	0.211351636018551
-0.579337614554796	0.475447950640614
-1.62763352233539	1.6873269780043
-0.173791021253973	0.117590988191062
-0.171733333748742	0.102903938585626
0.0121874977443765	0.00988145871015855
0.0095766902500099	0.00833931608322415
-0.658791281288364	0.622276283523047
-0.217410789822541	0.161083572869334
0.128975937783999	0.0572771124689474
-0.107261876378799	0.082087191454742
-0.487633965163832	0.372797634315868
-0.498745716556342	0.629906295036459
-0.876450901272627	1.13848411692449
-0.658705200469273	0.622151746026057
-0.581662141593421	0.516443952913518
0.874587355497176	0.879378998471288
-0.224363956956832	0.149288353019299
-1.54114253685066	1.5154623201844
-0.171793801836589	0.102951867486592
-0.0490728158822873	0.0267618346413515
-2.27762192138925	2.09388482008733
-0.766335915718494	0.662959083307172
-0.581534663169211	0.516361215772892
2.04484740993345	1.91777741448626
-1.12726658129117	0.724223760675267
-1.23438623230428	1.17057560991048
-0.87719241026191	0.577211271023757
0.399159908508708	0.293233000552049
-0.0944527482792989	0.0658028264333126
-0.746943588893125	0.697581345058754
-0.0685602014079132	0.0656994314056668
-0.476125511200837	0.657634635686631
-0.0170233425647869	0.025190055048835
0.128455051264164	0.224556884951542
-0.304837139415381	0.578866154809573
-0.613883726579254	1.50798332183347
0.226613573969126	0.431914151763995
-0.225964942839707	0.468373517508655
0.0631189616586051	0.0830282194523992
0.213780696173155	0.285019105483534
0.541271809632838	0.886671267887341
1.52772243101706	1.06654333577132
2.59830808808347	0.565621890602798
-1.70879888020391	1.86264284987134
-4.18692465030888	1.51167343819974
-0.00940109644110474	0.00309197435180766
0.449482770198073	0.0873321855854351
-2.54164604234959	1.70690389932735
-4.44973933299975	1.84343682746367
0.606638762526366	0.367790241599378
1.05626488614213	0.549849792880685
-0.00866762541139504	0.00285038216826518
0.264634988622785	0.174528423682581
-0.167852880383599	0.0870058064419345
-0.00637557637037879	0.00355970996600095
0.497216347637424	0.461772374912135
-0.256410906918295	0.253966680501366
-0.207336420570803	0.181752152660629
-0.176701382676573	0.144561083548768
0.111607509974855	0.105291557384637
0.927806944225006	1.50691149736403
0.0345281267619808	0.026896908865721
-0.0521063438546233	0.0405347337887694
-0.00913897326050833	0.00658970720462946
-0.0654148534140861	0.0548527238524747
0.276528860013888	0.193418045680985
0.399435224780106	0.370297890158928
-0.265528231091648	0.194101021679468
0.0122254094750012	0.00991208780680953
0.399320357955416	0.29338142861375
0.399449970981937	0.370209423302351
-0.173917091531538	0.117682478952323
-1.05060522575943	1.34945000762301
-0.32201386012934	0.231860376653194
-0.267480566718945	0.248562459006268
0.567073497842433	0.612350181567098
-0.224442612976316	0.149344680362211
1.0156308562804	1.22300656555389
-0.207361666087463	0.181762709655126
0.504568393616827	0.449352796932866
-0.424007976070414	0.43839179264625
-0.028694640178079	0.0224740421697346
-0.584739050412409	0.735592614082194
-0.52504192128017	0.537692093855465
-0.585043531328292	0.666798161646923
0.286504419689958	0.211703732844714
-0.658574572761082	0.621915360766391
-0.583861266356692	0.55676706091992
-0.131061153506705	0.0900441324975503
-0.414045673528618	0.321172019975283
-0.144447873219691	0.119038066200256
-0.967228266612289	1.0681833497165
-0.843868447551887	0.995601191813395
-0.731812922422094	0.732436549156271
0.838212991807193	0.876753983698396
-0.224203491251128	0.149157174432024
0.0290113532844415	0.0172048544907705
0.0290627520003243	0.0172349600444844
-1.04440055935085	0.874733287180993
0.116414508098209	0.0681924531426653
-0.217321429867897	0.160988624983541
-0.167822568183777	0.0869921519796813
-0.0944930290534367	0.0658343548273408
-0.449044125100325	0.406579131835564
-0.322054918949587	0.231926205197877
-0.579004253227954	0.267391767117248
-0.235382896302948	0.138024912443037
-1.6274899973117	1.68742213484738
-0.658770547093086	0.622236320719878
-0.686800933612094	0.508334523103492
-0.471987262164561	0.329014669520781
-0.518825523041233	0.498855382543206
-0.576942594038448	0.434274061427803
-0.212569050562236	0.172441524440049
0.860951798594377	1.03523014207993
-0.139786724060255	0.105958265940203
0.301577952780451	0.245816380165506
0.251335904727993	0.231861554992343
-0.487606675292995	0.372750836390607
0.693796988188397	0.725361460329095
-0.686749044698813	0.508320544769257
0.0584629558579508	0.0369341675612139
-0.167868460607953	0.0869779879649011
-0.34297458065117	0.357144824888456
-0.674712712482376	0.545564195725926
-0.66556275039236	0.583815130524904
0.0136862656565479	0.0101927797055079
-0.433074789866354	0.364317196526452
0.276528860013888	0.193418045680985
-0.579378743921397	0.475440639742885
-0.0945594924773352	0.0658855071300937
-0.889910116684408	0.75831334866461
-0.788334455485247	0.414193392330842
-1.32938572253344	0.733074998982863
-0.00887297177040951	0.00291884997088316
-0.184138349574932	0.0789468767059439
-0.105159166906112	0.0292185674982776
0.0618587111049973	0.0239501477339738
-0.571518586146758	0.312432773778368
-0.471940885671565	0.328935283128993
-0.449135500418274	0.406727017840938
0.400422399301777	0.400192071845344
0.143439996748098	0.131348440185014
-0.366169586343054	0.358545149018996
-0.510482311936662	0.458027510713227
-0.144342296426494	0.118939532701684
-0.197772792025325	0.208733118589326
0.60267739889589	0.784004626938121
0.273975204601573	0.281036201879747
-0.471758725866629	0.48567728187109
-0.902284137555016	1.27820647944008
0.0127684764163447	0.0189871112581149
0.110837201697931	0.199811223909608
-0.121329813661644	0.200330041932709
0.0766727555182093	0.0950025495046639
-0.387217046264493	0.866499008192301
0.120984402463979	0.205408445652562
0.083619366757017	0.117165636600294
0.192288378633644	0.236850166387039
0.559814159306655	0.841259985808467
-1.51140176261422	0.927988291760551
-0.952502610189603	0.272824202108595
-0.95187692509697	0.272670624519378
-4.18668471132409	1.51115380013371
-0.184505553212383	0.0791373504854963
-0.406653408801407	0.0912540543799087
-0.406653408801407	0.0912540543799087
0.449482770198073	0.0873321855854351
-2.10727742655476	0.3785967871456
-2.10727742655476	0.3785967871456
-0.0078192213786039	0.00257237113093503
-0.952135059882499	0.272770263417896
0.440364661588217	0.120386763104114
-2.10727742655476	0.3785967871456
0.402733937014348	0.139484956672463
-1.11459571417205	0.540895302433044
-3.48199261945285	0.919202577093156
-0.104674754370764	0.0290881727694566
-1.12703244414615	0.724105062479207
0.387524745750924	0.203731359245904
-0.00475680929605525	0.00220672361861251
0.0186131411471097	0.0125249060305687
0.289663422293655	0.325811128280508
0.402531867894788	0.431170578386437
-0.536440070061382	0.645067464271569
0.404046219578486	0.474381569497927
0.769026940316559	1.03907780268914
-0.822801060821945	1.02266537964766
0.402555485464957	0.431133631921183
0.52810828647335	0.682444680133741
-0.00925498818640976	0.0066727525341639
-1.67496559480845	2.45324176816415
-0.282114530662509	0.244104562626992
0.221641519655241	0.180666331678671
0.39933518751255	0.355448468845029
-0.577026152697648	0.434341282550561
-0.0345672803212532	0.0246719424286902
0.469769832480447	0.555179132696723
0.264551372342609	0.174450099076039
-0.305875609292159	0.282987072028469
-0.282122133902362	0.244105359656185
-0.579359558285776	0.475463311637417
0.24232287330221	0.214957715948314
-0.25332606862342	0.203598242608979
-0.289228037062237	0.285593224306157
0.457978526592098	0.617568192199097
-0.0888954477668105	0.0741443709139374
-0.740254793778541	0.968309720767745
0.267266036026918	0.26512892054937
0.708969654385397	1.05709371827623
0.143364174892475	0.131254033665169
-0.217648492765325	0.161267209865631
-0.525175044627346	0.537828122810874
-0.144398633459564	0.118978896917438
-0.801854317333041	0.848211428219714
-0.282054566296922	0.244000271193359
0.398690755140477	0.276941906629452
0.399106854244915	0.293176960774261
-0.0788394138547632	0.0353861542623881
0.234388667047457	0.135655805195531
-0.674818648861795	0.545711507796161
0.399660064812808	0.245317382260872
0.25061916968494	0.155193208312974
-0.877256584690999	0.57705638656403
-0.314837032959884	0.180433066341452
-0.00638929513398506	0.00356739098780242
-0.690484475059557	0.864588436498283
-0.89775868459785	0.940066612727466
-0.939077485445265	0.734512322363123
-0.732114848484512	0.441422043241892
-0.731865129243729	0.441106968732687
0.196681525546273	0.145897187775546
-0.0762356669267049	0.0683810183297781
-0.994297784470174	1.5204933513953
-0.0523072115014975	0.0406984312144248
0.104983037818287	0.0742023474051644
0.588568980812593	0.591767624345873
-0.298860101022677	0.237688026429349
-0.579318494558417	0.475379314562234
-0.889692726726828	0.75800789084331
-0.0624984957788028	0.0440765503705726
-0.747071538984321	0.697751766608455
-0.581775981581185	0.516531685997322
-1.15405222785345	1.32561153028409
-0.901959108819038	1.1151166226222
-1.40190484123887	1.05078482166206
-0.981637150865212	0.891340886373901
-0.487714193016348	0.372872010913352
-0.852393270064865	0.785621271260328
-0.0395746681987161	0.0250974132707609
-1.27049253342463	0.885127265289124
-0.314982198182125	0.180510673545541
-1.00956173625136	0.719582795507295
-0.571731700161253	0.312583492623591
-1.35610128709322	0.474818712797072
-2.10727742655476	0.3785967871456
-0.104191034118389	0.0289508643830017
2.17481039900902	0.972748943138888
-3.48219873584491	0.919655084022901
-1.35610128709322	0.474818712797072
-0.84771589802742	0.353095483927744
-3.87542104119766	1.20695765047403
-0.149535231847195	0.141296906473503
0.058399910005269	0.0368930739841914
0.00924217199577847	0.00804812415187095
-0.23328130520492	0.217816609655984
-0.752594903566614	0.939136543495739
0.175189473405932	0.177521066804681
-0.233327311737474	0.217905120589618
-0.585405784294091	0.667624179734221
0.213382920459667	0.21057171442707
-0.411222050821165	0.400659567402869
-1.70863865577026	1.86190832751569
0.0916390282633423	0.146722375104031
-0.169363071883857	0.330232110053139
-0.293575073008335	0.51111858760992
-0.0603422419589692	0.0900544577507417
-0.163920926488381	0.272415052754163
-0.119007264441918	0.161845426061321
-0.187566670761461	0.239385773320957
0.0701443618771049	0.0593497294977449
-0.518537206682979	0.17931447468502
-0.104530837627992	0.0290497664010843
2.59836788378482	0.565681354882139
-0.848235856286303	0.353414829103439
-0.0091951964681284	0.00302330471275721
-0.952135059882499	0.272770263417896
-2.94698077954152	0.645760131429668
0.448931724883838	0.0872096407569261
2.17466711646327	0.972626601623044
0.366007693694073	0.150381473436448
0.44013533532887	0.120310143303148
-0.95187692509697	0.272670624519378
0.128617894345499	0.0571115897629187
-0.184260968187063	0.0790176636787065
2.45314043444142	1.30266217193263
0.061698863167424	0.023890625298551
-0.094585719883577	0.0659031201935779
0.0345022350046021	0.0268755213813436
-0.843940344114945	0.995592818383262
-0.199724241755248	0.199136732209816
0.0855196053886051	0.0751604257555947
0.34344333499352	0.389009992222004
0.617572512063333	0.573549849162246
-0.0392502837211436	0.0248857542367108
0.485689283931207	0.48717118038631
-0.0653043353740683	0.054762725886024
-0.176811975097461	0.144652617011614
0.0583807005428617	0.0368824650389447
-2.56862983462118	3.76267993185508
-0.500187083649466	0.415899581516801
1.04316341162305	1.54254455724172
0.182336048637893	0.161368663940221
-0.433336122325977	0.364703762729005
-0.358245939423893	0.229616774741679
0.39926147538596	0.370032862809724
0.140392865981144	0.109377863061901
-0.0760945859454269	0.0474073772906456
-0.376011104435768	0.319722607956663
0.0827996118111091	0.0645103854377644
0.663613760743992	0.914963792325406
1.16550592620973	2.22294509532881
-0.267725365709977	0.248889190966501
0.279779014063659	0.296321553916484
-0.14673399721271	0.129921963475745
-0.585793107640694	0.805383564011263
-0.994010806989353	1.51939303415551
0.264658266871447	0.174547011346903
-0.581448545316625	0.516184178027551
-0.648424339958647	0.696331961700475
-0.395598065654919	0.361183918928414
0.399381374365546	0.355489907430124
-0.0346394716640665	0.0247222353576593
-0.282054566296922	0.244000271193359
0.0835524868560745	0.0559590557469043
0.0186794610530569	0.0125692209146826
0.250790671040038	0.155292789736014
-0.674873072019471	0.545745098121915
-1.94226882179905	1.50505591635616
-0.852456218495276	0.785740006128746
-0.235501547146439	0.13807177886782
0.211994594277884	0.113897485870755
1.15013402987552	0.774255798157072
-0.732036673044235	0.441341043477748
-0.10060690072741	0.0534984057920706
-0.176634875245985	0.14449758843972
-1.96368093592683	0.955822689151189
-1.04428125335874	0.874450999488996
-0.500138255989741	0.415949444097617
-1.13158109042507	0.867766686637026
-0.00462762409852259	0.00214716140244468
0.130618647166184	0.115248278886045
-0.235303642562071	0.137970517714117
-1.78567791993449	2.04249355068082
-0.76630861954926	0.662972643880192
-0.167806752329096	0.0869693039478201
-0.094605844788756	0.0659202457636271
-0.78324130605379	0.879597911233598
-0.0284027572203765	0.0222477973730666
0.140212086942194	0.109214026574701
-0.683123348026265	0.895894704152792
0.0452284359696267	0.0395730368467109
-0.0439822777933722	0.0370652674879569
1.12969101435301	1.89313404536443
0.35536480122684	0.472365076351943
-0.289220624188451	0.285552850374068
0.402889738459906	0.445530224183655
-0.119412253858398	0.0729861393109778
-1.44908330646457	1.34635338941921
-0.585307149018552	0.595535725045308
-0.674792889721164	0.545690657241514
-0.366220394319292	0.358661883180603
-0.131061153506705	0.0900441324975503
-1.15420637837603	1.32580438195431
-1.94193752750428	1.50446298508315
-0.184495602328439	0.0791280415311326
-0.0786522619879239	0.0353023758590265
0.398873322187915	0.260949289938167
0.387806365617759	0.203777867359882
-0.104674754370764	0.0290881727694566
-0.391246652475677	0.191209210716848
-0.103877372062926	0.0288628201081387
-3.87503061007077	1.20658143667459
-2.19217946653329	1.20987458056536
-1.11459535646121	0.54087500274063
-0.139620162519706	0.105826210846086
-0.584941502077458	0.70177786766061
0.579381751045699	0.812753951892841
0.401171365040258	0.41527675902432
-0.202960104205241	0.190318029384655
-0.0612625010505044	0.0622662909845353
-0.152330236776964	0.152803731588754
-0.222018398470206	0.23376803853065
-0.325005573194486	0.357696628587888
-0.174893399724806	0.174881207064426
-0.115458809201018	0.0957057831249869
-0.0285826128134364	0.0223898290309069
0.917464699928961	0.884630729150845
1.03236752144278	0.911314788146664
0.128496054262865	0.0570471936487537
-0.897363547146753	0.940008480427255
0.0452427154466441	0.0395877000299321
-0.0975736395175687	0.0871711236550189
0.0596644321951621	0.0540978712315927
0.0702168742387914	0.059411405286195
0.0532611692380769	0.0432857820104094
-1.0508790370457	1.34976324855809
-0.235382896302948	0.138024912443037
-2.10727742655476	0.3785967871456
0.44905816517692	0.0872417415102285
-3.87503061007077	1.20658143667459
-1.11480398571088	0.54087926587085
-0.406536039818103	0.0912270232471427
-1.35610128709322	0.474818712797072
-0.1843733468576	0.0790649086662853
-0.103708004302289	0.0288061650208548
1.31665444033133	0.59000828848376
0.396089831394072	0.226278388755559
0.607028100327419	0.368040761400758
-0.391368449200474	0.19130152788782
0.396284062791461	0.226395002349251
0.963409078782663	0.736933842807329
0.711889146938377	0.546487094584724
-3.87522571878201	1.20686794936312
0.67158217394513	0.334848424054662
-0.184495602328439	0.0791280415311326
0.0617277318050226	0.0238966037879039
0.632055174789326	0.352583555456159
0.0617861815936593	0.0239238580331253
-0.0792922705739997	0.03558442696734
-0.848034357080434	0.353432748047731
-1.35610128709322	0.474818712797072
1.72107248767705	1.34710454212271
-1.51140176261422	0.927988291760551
0.372950968880263	0.176251163954604
-0.732177930350104	0.441368127807516
0.372583028617614	0.175978797190814
0.60646600983677	0.367508730833853
0.963401097638603	0.736897946780892
-1.96368093592683	0.955822689151189
0.178236240272615	0.0878720950705939
0.128984735113373	0.0572744173820523
1.11246881043441	0.937662436095658
0.399482143469601	0.293362056490243
0.750850143544645	0.546259365345522
-0.572990344273574	0.39206853349588
-0.422277886081322	0.236628606264027
0.387443934982169	0.203677658568846
-0.260249986440471	0.131363174492885
-0.568427728435457	0.349939717210362
1.52760044668779	1.06645806620459
0.898608533156055	0.723494902630146
0.0615540730712499	0.0238263165776983
-0.235462187373492	0.138072780517714
-0.00866762541139504	0.00285038216826518
-0.579162162837228	0.267406238343768
1.59511601418842	0.855215915166121
-0.184271044593708	0.0790222441021079
-1.96398821246931	0.956159377765416
0.929116274088441	0.545396838220442
-0.104191034118389	0.0289508643830017
0.765015511027073	0.33174094912973
-4.18644504007274	1.51023846944914
-0.104191034118389	0.0289508643830017
1.59511601418842	0.855215915166121
-1.35656708661147	0.475009288267318
-1.51117398792917	0.92735653097427
-0.184505553212383	0.0791373504854963
-0.326973043347337	0.129413106959877
-1.35656708661147	0.475009288267318
-0.518284516304042	0.179158960661114
-0.327335889648938	0.129624283363844
-0.517262058968037	0.178864495866734
-2.38056838857613	1.46183685335053
-0.260673005754938	0.131596036501488
-0.26050123433033	0.131519082409796
-0.104360815899979	0.0290077066781166
-0.00482112115984904	0.00223272561744851
0.128626494876668	0.0571126960744007
0.264551372342609	0.174450099076039
-1.11409385166674	0.540651439280993
-0.0787588855722984	0.0353441950334484
0.211887954999951	0.113856287486724
-0.260407914201451	0.131463826799335
0.0616700182489409	0.0238789606093496
-1.68633971949454	0.703563702264362
-0.167792228123067	0.0869736387408147
-0.314982198182125	0.180510673545541
-0.100532689740455	0.0534621458761021
-0.449365358784094	0.282333748586784
-0.314966389985357	0.180495713336035
-1.11369961316531	0.540175728256294
-0.235329933523451	0.137981629173474
1.83315696625911	1.14006341558602
0.211994594277884	0.113897485870755
4.34099724144875	1.77181545776499
-5.31156611207023	3.42673018725602
-0.406653408801407	0.0912540543799087
-2.94742201638341	0.645982057725913
-2.10706742962015	0.378548652882402
0.448931724883838	0.0872096407569261
-0.406653408801407	0.0912540543799087
-2.94720125929596	0.646055459499367
-1.35579670478113	0.474613983393002
-0.314921305698856	0.18046368292624
0.365902525614416	0.150379543777498
1.21227233254194	0.971179568236575
-0.167868460607953	0.0869779879649011
0.211880101492958	0.113837225827733
-0.184393374089649	0.0790787932600563
-0.701977565807351	0.470939585084635
-0.787990233828196	0.414043933099704
-1.00943210635186	0.719314837631752
-0.171840142126793	0.102971998105413
-0.078745871602922	0.0353461577361168
1.15014266729831	0.774326861652598
-0.791703977949106	0.63010119200323
-0.518537206682979	0.17931447468502
-0.968152752066219	0.567121503023109
-0.104844951344196	0.0291451841025915
-1.96467671705873	0.956602614744049
-0.471985508828965	0.485760158285052
-0.524568181034144	0.904198055264059
0.361164712349033	0.666001048754108
0.0062137180838441	0.00818788151492453
0.338815158549762	0.661546366151333
-0.0610847418303269	0.0713226861826084
0.00228313246113855	0.00275940808470824
-1.68633971949454	0.703563702264362
-1.51140176261422	0.927988291760551
0.403632537227691	0.139839884189156
-0.406653408801407	0.0912540543799087
-1.35656708661147	0.475009288267318
-1.12726658129117	0.724223760675267
0.440364661588217	0.120386763104114
1.3171611502856	0.590087165510619
0.399362209541895	0.340488220509392
-0.17674005333929	0.144596675147568
-0.390116190617883	0.276471622817521
-0.139736090471981	0.105922417777216
0.399319746845623	0.37007817755265
-0.305798245191735	0.282887984483882
0.0288780997559482	0.0171251235675729
-0.675057825959499	0.545763158963254
-0.298972855797397	0.237791115055507
-0.395685015855184	0.361333533318579
1.18692422957681	1.28205828288189
0.399566960302358	0.325205284364738
-0.76614992368499	0.662541981757469
0.178502584419716	0.0880150507571391
-0.171900614616488	0.103015029122361
0.0288523742823862	0.0171074128794536
0.19680899203713	0.145969499134116
-0.889896617486106	0.758357339826199
0.874650622700453	0.879529294170625
-0.130926630818508	0.0899227496858302
-0.0758201313271384	0.0472335094023848
0.512846796210458	0.436662397859969
-0.0489937644034561	0.0267199564240236
-0.358495878177703	0.22993924642698
-0.00907248770882343	0.00654208117563044
-0.479619191700093	0.522003556809925
0.477820622208377	0.514055881583432
1.38273003832133	2.21279351738684
-0.107660709698177	0.082420654132952
-0.212757121541721	0.172612736206995
0.0478757935477757	0.0241566119386645
0.564332334827496	0.389653895586746
0.301670867142545	0.245944501204832
-0.576919265114257	0.434242823481618
0.0858222138874829	0.0468112400675287
2.19311002390416	3.2430649060098
-0.746818003034782	0.697304602378743
-0.573082641337609	0.392110428954273
1.08201699621029	1.08405169334965
-1.04463646342788	0.874990427387679
-0.731958339276255	0.441230120289073
0.234291393901341	0.135604455620529
-0.18425087413955	0.0789941818192048
0.963499842446657	0.736981665988245
-0.0786392714965295	0.0352944119780959
-0.579090117832204	0.267455039000505
1.52794721558097	1.06684388833972
0.0616264557748945	0.0238611614751663
-0.100338222506225	0.053341678800295
-0.31487529078185	0.180469531977314
-0.449641252180695	0.282629245641421
-0.79176434001203	0.630299228341388
-0.22441533242714	0.149321786982421
-0.792043083136801	0.630677137943554
-0.327335889648938	0.129624283363844
0.439871247620891	0.120233355559156
0.085809101416214	0.0468035936787465
-0.00898964020268047	0.0029539361524627
-0.327335889648938	0.129624283363844
-0.701962072171393	0.471087613431695
-0.449641252180695	0.282629245641421
-0.18438336931455	0.0790808605857554
-1.52276656842253	1.22109541407879
-0.298860101022677	0.237688026429349
-0.139526403178022	0.105723057983238
-0.348210620873454	0.32018222659612
0.276660584190188	0.193521158081898
-1.0338821521412	1.20028548040552
-0.579359558285776	0.475463311637417
-0.167913421135379	0.0870179199793379
-0.321991901170692	0.23185171155015
-0.390008771037508	0.276395178397817
-0.395583863149427	0.361209150275205
-0.0781798055850501	0.0603400833194585
0.968763405945866	0.894851243166186
-0.577086391382454	0.434395001497962
0.0480737227852809	0.0242527501457159
-0.0626714248333905	0.044213957910752
-0.967800698735012	0.566773743831677
0.54679022047352	0.399511882423471
-0.788353018666431	0.414337941238971
-0.571974814230293	0.312696668009941
0.631697168006785	0.35225745754692
-0.260515813735499	0.131513276350311
-2.10706742962015	0.378548652882402
-1.6857313628121	0.703085363193652
-1.55194799548868	1.814741921593
-0.658966717732284	0.622359946087841
-0.658660630797548	0.622085083749103
0.63209516103038	0.754807886801749
0.46963530589987	0.554952538253557
-0.173771987292809	0.117563128560795
0.232273205902477	0.197717023104135
0.193893697602438	0.178283508343965
-0.492708469038251	0.593524168524689
-1.22037625340263	1.46996979126343
-0.284970053545889	0.186273402942853
-0.217496910387678	0.16115931261989
0.387443934982169	0.203677658568846
0.396111062600139	0.226300322457463
-0.1843733468576	0.0790649086662853
-0.138647779133896	0.155167384947015
-0.658702155294832	0.622029190945966
-0.290891707403961	0.402946946810488
-0.0730243398625563	0.0818526697822261
-0.998353447600362	2.12388796301172
-0.00402208754032933	0.00410951302291747
-0.0679557047616105	0.0982279924381008
-0.30408982430108	0.803882852841573
-0.80961044871071	3.40954309906779
-0.256454436005408	0.608576242869932
-0.00551224848767204	0.0081247515932555
-0.209315129638887	0.422328914079208
0.0470253458891951	0.0808136430953866
-0.335408245866648	0.675385190980745
-0.182968896311737	0.277583376348595
-0.848034357080434	0.353432748047731
-2.10706742962015	0.378548652882402
-3.48219873584491	0.919655084022901
4.63421362416764	2.20007628726152
-0.00473520578037929	0.00219591531042473
-0.568412513831888	0.350074832940256
-0.314913534863782	0.18049000784073
0.250434257978222	0.15503656965698
0.333231489079372	0.343680285739857
-0.0888611589655263	0.074113757340938
-0.721225217084283	1.02866110524851
0.404187495880451	0.488009609009245
0.345618448712979	0.402784184864623
-0.17556522105828	0.154732315930289
-0.752594903566614	0.939136543495739
-0.326102142331909	0.27980884737187
0.130614942781016	0.115247380399564
-0.0227977324342328	0.0206998705584718
0.142051476455936	0.0888577884553235
-0.0946522302866836	0.0659502880843956
0.0120243495530148	0.00974777724913872
-0.0784012276735741	0.0605377761182603
-0.752686170265686	0.939405030659462
0.632184240857334	0.755024890639782
0.284945721647642	0.311177265949741
1.32400610716389	2.17203771487478
0.688147474323989	0.900371413972292
-1.28440699135922	1.61968520056855
-0.648424339958647	0.696331961700475
0.0599834887532708	0.0543725423434995
-0.525003295814409	0.537641082623622
0.528048370134328	0.68226148000957
-0.155321772300367	0.164832352535712
0.404028939274726	0.474366058036025
-0.406435821414996	0.468399670922327
0.285114118042659	0.311420805584413
0.0596644321951621	0.0540978712315927
0.752028298294783	1.04323210795985
-0.265503777162	0.194082390085672
-1.32042587886447	1.32471548991879
-0.226594092433537	0.225216233797617
-0.00890609956188826	0.00641949757441077
-0.207628099060696	0.181989323841916
0.15583768999704	0.126942410693209
0.203956039307673	0.19444643291639
-0.267623654854636	0.248721352111943
0.0634011157485994	0.0471640144121029
-0.265141560674108	0.193614085204145
1.08191949778297	1.08398924701774
0.0638504168214717	0.0474903387925934
0.211819494672195	0.113810815709731
1.32382898158222	2.17066271395959
-0.390140632973192	0.276356972343942
1.34307053574539	1.01506199733172
-0.167784410327834	0.086973154849
0.39911149736699	0.261109190448986
0.142105856690795	0.0888908050395115
-0.701939376185849	0.471077472243728
-0.212691791044861	0.172551277167208
-0.708955324666102	0.801191981888201
0.0186131411471097	0.0125249060305687
-0.376077386551352	0.319792328705742
0.0835487526622134	0.0559518379536002
-0.576989250936056	0.434217336157644
0.968489172653309	0.894156056525593
0.0587178970587277	0.0370943476325147
1.66363218006478	1.5163341370245
-0.422449318801549	0.236728116220036
-1.3204787748606	1.32492339350812
-0.699272519581171	0.833359177159267
0.0293045895908995	0.0247024998831097
0.40357825160875	0.460149369695135
0.518343452252593	0.704451286136496
0.154951778043641	0.146945590164693
-0.289258729333696	0.285610147408492
-0.233229380623412	0.217755766387839
0.0344160984411845	0.0268069591828174
1.28511511015036	1.48986792541451
-0.235462187373492	0.138072780517714
-0.967248477170453	1.06819642967814
0.588854844774553	0.592122771327787
0.0136371193147699	0.010154669463261
-0.325664907476712	0.320310629247246
0.018506358981842	0.0124512923922381
-0.579255505788466	0.475298800982053
-0.581731092471191	0.516569258062788
-0.326170406639052	0.39682633019691
-0.406542563132353	0.539691121580318
-0.819292821887095	1.21262181933575
-0.0244105051596699	0.0206690742866126
-0.115195473144966	0.0954103558965018
0.458294943337176	0.618123325789309
-0.0522628002032932	0.0406638565957175
0.401151961904547	0.415338381066628
0.196612417539357	0.145809472088384
-0.217562355222036	0.161209704519002
0.250671549096301	0.155227427239656
0.234217042819429	0.135554715301903
0.0290627520003243	0.0172349600444844
-0.391368449200474	0.19130152788782
-3.48219873584491	0.919655084022901
-1.35563614408753	0.474557097061527
0.301584228677068	0.245882268110851
-0.690212674628169	0.863875535650822
-0.721056858211597	1.02836741348149
-0.427393147301292	0.541806088580742
-0.34271200765509	0.356671452381961
0.460042222562304	0.605355094989757
-0.3965120562287	0.503515074887979
-0.406649936630692	0.46883412384875
0.229186437012839	0.24120411543205
0.399300338097888	0.340377889639289
-0.173812992051245	0.117606196781948
-0.0489937644034561	0.0267199564240236
-1.27041540395048	0.884913999923827
-0.43327734251538	0.364238255925641
0.474978073209846	0.528108186297884
-0.285150876711098	0.186416646333165
-0.167784410327834	0.086973154849
-0.572832255431306	0.391827788620206
-0.395815147683183	0.36142893875485
-0.0976508290500846	0.0872455724599556
-0.0858573626599085	0.0819533949968541
-0.199601516931131	0.199001053702263
-0.00584290979852545	0.00728642611429246
0.278233963697665	0.593326838463232
-0.158085732920692	0.270481891015077
-0.112938053332576	0.186028070054581
0.150194950622345	0.236015136662926
0.195382745961425	0.347453638657989
0.198408747703888	0.358174603353825
0.033614777348054	0.0443552520289504
-0.377558752536187	0.56532881576161
-0.202825602092576	0.190210872586718
-1.67012581591828	1.12164825399542
1.05637042484898	0.549937742703155
1.05647581657117	0.549811713656465
-0.788584669491101	0.414442391647873
0.0857027765973263	0.0467289143416183
-0.322096027819269	0.231968199161496
0.399869767272475	0.385318945368857
0.735737419836762	0.882105078313654
-0.394644040144202	0.432357913336673
-0.585500672277313	0.6323007747433
-0.0521739612878664	0.0405908461634466
-0.175293902348892	0.154418030409002
0.14027004811163	0.109270843277227
-0.10522401742799	0.100092716598667
-0.0974964467795685	0.0870924809745825
0.209784434728169	0.163357596997261
-0.413626869041226	0.32071029953618
0.140400216313696	0.109385608079568
0.621519649573358	0.764716928682978
0.485646075924545	0.487004433297889
0.832936471060276	1.19133602423861
0.259615626927427	0.248559002030518
-0.107445266925151	0.0822548647762746
-0.115208853800625	0.0955397466314318
-0.146772097651532	0.129962124276469
-0.0627375529582938	0.0442656618107091
-0.107660709698177	0.082420654132952
-0.202749582204355	0.190167444253876
0.274107096667231	0.281144259433877
-0.137905963675513	0.168615129773268
-0.475552823080029	0.656807123277484
-0.782625975511636	1.29925060789598
-0.126536320453246	0.119941706968721
-0.514172207993739	0.739449618462663
-0.533355505769651	0.610222493734648
0.276687851535201	0.193548878671475
0.0424103786080009	0.0300514923559452
-0.121072233528743	0.107713264084247
-0.267592578377229	0.248754630617215
0.229169995153443	0.241211229371494
-0.267777540931188	0.248990992220438
0.083026372872784	0.0646952794378389
-1.36923528379063	1.62791412650095
0.963409078782663	0.736933842807329
-0.327230659220978	0.129567376802136
0.403632537227691	0.139839884189156
-0.585494309670271	0.667530390422899
0.209845046723334	0.163391547984917
0.715293602340041	0.720101173495409
0.693710317076415	0.725279210160063
0.399608988345412	0.309648467855412
0.584667295124791	0.379762152664093
-1.13158109042507	0.867766686637026
0.276556128649085	0.193436235303888
-0.825142928248916	0.599571444913089
-0.732207785471608	0.441468073086455
-0.00475680929605525	0.00220672361861251
0.399514837743067	0.245145006944984
0.234291393901341	0.135604455620529
-0.119465260841818	0.0730241295804546
0.0635535361126951	0.0472866216712399
-1.22056949835663	1.47063681463646
0.0832861940626326	0.0557585074552099
0.276662130961792	0.193532353478315
0.711809675508547	0.546366920879928
-0.3518681556598	0.276580045277437
-0.00484279931117502	0.00224682304483335
0.250684905061533	0.155242539654961
-1.04463646342788	0.874990427387679
-0.572977137866887	0.392068629563688
-0.0435960324971126	0.0367316767923223
0.165728056315506	0.162615826313597
0.0121874977443765	0.00988145871015855
0.116248765463173	0.0986136767768435
-0.242652598681894	0.211329511768201
0.1555004072061	0.126675016010122
-0.0520811133710085	0.0405142782651871
0.399187088913684	0.293282605618885
-0.568442908073705	0.35011647403505
0.25077730949292	0.155295680303515
-0.57885989796914	0.267210036729404
-0.235435967724642	0.138018567539765
-0.584910785711689	0.701778671578792
-0.699359121425198	0.833505614672753
-0.00913897326050833	0.00658970720462946
-0.0092386276454675	0.00665987834862507
-1.01126137608216	1.36411328614397
0.264644477458504	0.174506049821866
-1.2342893917415	1.16982600019398
-0.432988742200936	0.364162687241966
-0.658574572761082	0.621915360766391
-0.58495680445417	0.736130184128601
-1.40102639700556	3.18463247817342
-0.105689294962481	0.100560639437374
0.104936634058545	0.0741646617346708
0.586407501155684	0.802786270104447
-0.121179367695418	0.107803782994985
0.034436988347462	0.0268245618311781
-0.579066680317918	0.474930385408259
0.276528860013888	0.193418045680985
1.79945592428842	1.77545788212185
-5.03426197646044	2.85062614636498
0.387443934982169	0.203677658568846
0.0616553482559604	0.0238703716137645
3.44556547002046	0.961475626406072
-3.48261171098015	0.919665246937834
-0.951510131474032	0.272461351367526
-1.1144886963805	0.541000350984738
-0.876273552094794	1.13848557971854
0.0855088561849176	0.075158099479141
-1.04870939671401	1.78491340047198
-0.0286031714133517	0.0224049950715296
0.0294557613628225	0.0248347629366853
-0.314167136836121	0.400574768428807
0.3576823289204	0.487373104038574
-0.276959114734661	0.289951855459746
-0.992389851141034	1.21850920142598
0.345823179711156	0.403122963764134
0.130614942781016	0.115247380399564
0.196767667011899	0.145959372103871
-0.472024518616386	0.329044883502682
0.0858883652709848	0.0468433639331458
-1.11275467390802	1.62611927563471
0.671538371030747	0.334855559136084
-0.7322707246791	0.441490978820015
0.399608988345412	0.309648467855412
-0.285053627335216	0.186330826663221
-0.434985008371887	0.475231235722514
-0.146906001176515	0.130100319551949
-0.0393881714988718	0.0356124850155442
0.0703239013349563	0.0594962373355559
-0.00753209024707794	0.006865115392353
-0.0345127256933801	0.0401518209950487
-0.511407105738058	1.15985266436213
0.130327817892248	0.202706744647131
0.000169401811863282	0.000219460043518285
-0.395322716609165	0.569743701499551
-0.449085543410925	1.03783645509265
-0.457881365093006	0.908778640646431
-0.238196118891869	0.316878146832012
-0.952502610189603	0.272824202108595
1.31729408016793	0.590203599966043
-0.518151592408807	0.17915606425969
0.606811949914098	0.367954213314213
-1.23454326143282	1.17073840362308
-0.305764810045803	0.282852403996188
-0.176778715235629	0.144626581090465
-0.406804204323368	0.469022634815261
-0.395685015855184	0.361333533318579
0.104916523665419	0.0741539664078005
0.675479908157944	0.907890744145179
-0.414048536497746	0.321157013011237
-0.242742297278511	0.211515194927251
0.123515650223371	0.0917803540039835
-0.265438197847895	0.194015088063721
-0.139851648461367	0.106016724065728
-0.348094735622872	0.320074430388317
0.0855710855814217	0.0466692685549772
0.504609521567285	0.449298511493437
0.469876853646747	0.555215402304077
1.21130412492909	1.93803134942667
-1.05067089616651	1.34815680246401
0.221482429232748	0.180526925760338
0.104777143171935	0.0740169569923832
0.576972028109635	0.601562213969478
-0.107732528558314	0.082465140054796
-0.58501794398004	0.595146345074623
0.632385395013393	0.755179596772111
-0.366871170133962	0.46670672194334
0.474959728567787	0.527858103900405
0.452413115973064	0.65525395940058
-0.144375749886043	0.118973684538715
0.0329355928756123	0.0325801205546422
-0.00935473692304042	0.00674299236085734
0.0289568043675961	0.0171732158028847
-0.119438062625368	0.07300144384376
-0.933910493390846	0.91383375945112
-0.0394843834563926	0.0250385463580607
1.80602884553664	0.656327507792822
4.63421362416764	2.20007628726152
1.52782493970326	1.0667583525539
-0.0091951964681284	0.00302330471275721
0.44025009120492	0.120379994939149
1.15025638771776	0.774418861125706
-0.376158410902486	0.319794014159978
0.399300338097888	0.340377889639289
-0.510381441476214	0.457938316419048
0.804043307590794	0.71233864047186
0.853140609926255	0.546929797083206
-0.824972574974717	0.599243066457034
-0.358640290259768	0.230034639766072
-0.119599857211976	0.0731028704874724
-1.83905344754945	1.75855253484573
0.712061048069147	0.546653091630455
-0.568587629600642	0.350072873428545
0.178502584419716	0.0880150507571391
0.396068108708119	0.226269963646636
-0.260407914201451	0.131463826799335
0.635564005317325	0.565008227026761
-0.17674005333929	0.144596675147568
0.522281329542169	0.423797055534019
-0.0394884245435511	0.0250431843018384
0.0634739417389823	0.0472242003056847
0.250829565904853	0.155311776681559
0.141999791938549	0.0888227103233252
-0.314814424996404	0.18040114856928
-0.568465446136222	0.350055947729783
-0.422363725502875	0.236700130314835
-0.788464314880281	0.414424326723021
-1.13164225147126	0.867764086305046
-0.284900121084257	0.18619222264879
-0.471926829276133	0.328942702328004
-0.260235539921703	0.131347478886903
-1.52285856569018	1.22115975486306
-0.709011258283172	0.801264572434265
-0.0887847648187836	0.0740452876426121
-0.212648600695035	0.172525653603284
-0.824211481181239	0.816576302309726
-0.586013433464463	0.805839771806839
0.0993094484877054	0.0904965288883652
-0.298926540829573	0.237755093879406
0.0423673023727761	0.0300186670944727
-0.686722096742145	0.508273973989328
-0.571518586146758	0.312432773778368
-0.568374408633626	0.349993657688987
0.0617712952826897	0.0239168790122259
0.398832944475024	0.260826919023329
1.21174603003324	1.45651251041773
-1.22041679710161	1.47026821300687
-0.802012499494988	0.848088335598959
0.169539020520342	0.14411971010244
-0.686708628261626	0.508166632881355
-0.510508360746495	0.458157320115953
-0.746858694062616	0.697441333128085
-0.584770658115589	0.735734158077006
-1.00875717848876	1.66046975032162
-0.634740961361789	0.796669396902325
0.3518238036272	0.444695086349906
-0.202597545074058	0.189999336103433
0.34583140269732	0.403188178471683
-0.0345166891399515	0.0246353687525861
0.169345626229818	0.143900843128874
0.0185208774497838	0.0124621077203627
-0.265721215652657	0.194247194772182
-0.877042886893742	0.577005310114962
-0.235528417687142	0.138093242377677
-0.00471351223080486	0.00218494087160831
-0.260329029925159	0.131417764875266
-0.0789466320583325	0.0354412383139809
-1.35563614408753	0.474557097061527
0.44905816517692	0.0872417415102285
-0.719855507507863	0.767619627834334
0.307641348882535	0.262148868679867
-0.242670275181169	0.211440087094734
-0.107442503166344	0.0822548653414665
0.18382810069931	0.192193541759666
0.0291817572532154	0.0245932160256984
-0.0522628002032932	0.0406638565957175
-0.146867897844697	0.130055984662593
-0.144375749886043	0.118973684538715
0.034436988347462	0.0268245618311781
0.833169319300648	1.03327218425697
-0.265442027789063	0.194004074913417
-0.968384130058026	0.567051569300168
-0.568450605056492	0.350111713650879
-0.260141984424096	0.131249074351249
0.399058289087215	0.261066486593233
0.0616264557748945	0.0238611614751663
-0.32733529210431	0.129585538245281
-0.517513875524486	0.178911161319999
-0.848352883478491	0.353483822010577
-0.358253093525332	0.393511389765103
-0.981398114737543	0.89108804281965
0.399032143012627	0.261073229564847
0.163606102560209	0.108818672900978
0.0422512984959232	0.0299384082845543
-0.0759270521319743	0.0473049630283594
-0.732098500758795	0.732901068709391
-0.861936593070848	1.32455231017136
-0.267536247077096	0.341695059167841
0.0742287431515126	0.076133033716512
-0.336832029105836	0.466979495911028
-0.0864720985137844	0.0825761516989028
0.0192167063708524	0.0195204084937361
-0.0225501268961859	0.0204706324818637
-0.95187692509697	0.272670624519378
-0.787999701638591	0.413940026884914
-0.517262058968037	0.178864495866734
-2.54164992977452	1.7067351686568
-0.119678716732112	0.073154203987277
-0.260436979275461	0.131458797580532
-0.0393119754570009	0.0249293922867717
-0.487581032377036	0.372727958048912
-0.573056252013549	0.392154337670413
0.276554597821924	0.193442752888539
-0.746733131676973	0.69710344076095
-0.824104674446633	0.816121661040764
-0.352064841641615	0.276713286241383
0.178502584419716	0.0880150507571391
-1.52275930550516	1.22110242110204
1.89230437179661	1.63181515054755
0.250592487483807	0.155172004789474
-0.686629813814052	0.508081781188768
-0.119439450446503	0.0730048395536886
-0.00464881905447431	0.0021552090576274
-0.825127181183508	0.599448766878507
-0.1738760053631	0.117653995479651
-0.389849774073474	0.276267896625035
-1.9311539725058	1.94650446642513
-0.701908866845412	0.471042169258016
-0.285030319307596	0.186329206529657
0.286504419689958	0.211703732844714
0.155688372465746	0.126852228931337
-0.583708491313947	0.556614727705718
1.02249331252454	1.06690079768204
-0.391246652475677	0.191209210716848
0.928767656287062	0.545207466605494
-0.184148497629906	0.0789589941501255
0.711968581035779	0.546565959336452
-0.732021846522536	0.441299012127764
1.80554775261157	0.656236220945208
0.449356737420673	0.0873001538306624
-3.48219873584491	0.919655084022901
-2.94720125929596	0.646055459499367
-0.95187692509697	0.272670624519378
-1.2259369520513	1.32033982974582
-1.83903631835913	1.75922356403428
-0.322309873371103	0.232067346483535
-0.389849774073474	0.276267896625035
-0.00477832280722481	0.00221735527016294
-0.9676881851453	0.566449087740737
0.399542940036478	0.245217361896434
0.0617277318050226	0.0238966037879039
-0.327335550717987	0.129625546394617
-1.68718740077762	0.704071354649794
-1.11409385166674	0.540651439280993
-0.327440587999834	0.129669435996948
0.128617894345499	0.0571115897629187
-0.406143088696864	0.0911104868149055
-1.35672844137063	0.47506664569878
0.765337900306628	0.331772940313554
0.178315331624704	0.0879190895682354
-1.22594043180227	1.32013199691728
0.085809101416214	0.0468035936787465
0.264658266871447	0.174547011346903
-0.167609309586656	0.0868188626598244
-0.00467057234517247	0.00216620810420213
-0.84751494297264	0.353113627072122
-0.18415862804278	0.0789451749084822
-0.848554588996423	0.353709685597233
-1.51116602461278	0.927694205065401
-2.38064264796674	1.46174675563604
-0.581686252519767	0.51655310567462
-0.224442612976316	0.149344680362211
0.804219996631278	0.712287186032236
0.898429094995836	0.72345739395091
0.104809778461194	0.0740730848898321
0.656206267324745	0.556658827111305
-0.686629813814052	0.508081781188768
-0.516625938445608	0.17859542475739
-0.32733529210431	0.129585538245281
0.39912458626215	0.261113883283656
0.853127837722916	0.547021736367706
-0.422342376725643	0.236676559474934
0.0480354557534122	0.0242354399961968
-0.787868874847883	0.413866295648985
-0.571624596727463	0.31249828110112
-0.119491077741782	0.0730364768299565
-0.119545471464112	0.0730778713492053
-0.573227757311324	0.392266514424076
-0.825329265417905	0.599645011435276
-0.57208742748561	0.312754566699712
-0.171770631410099	0.102932060208856
-0.792103503205385	0.630676821498528
-0.674765676785215	0.545649823465162
0.83818368575731	0.876489502347301
1.29803662889808	1.66270750534231
0.399401919280144	0.293389116830328
0.301557864876519	0.245828147918985
-0.674659755958964	0.545452715371539
-0.500052357400139	0.415859651019115
1.619331834462	1.66804816259515
0.671567142878356	0.33484663200897
-2.38056838857613	1.46183685335053
-1.11480387759856	0.540899159478976
-0.791899059019307	0.63044304553037
-0.172058927367155	0.10311081239665
-0.449649024133895	0.282626986880979
-0.572911281189244	0.391961099142485
-0.298906392453111	0.237731703124378
0.399162523031104	0.293209725381699
-0.322200296650718	0.232034012070185
-0.390010170761787	0.276421028544424
-0.487844161953302	0.372793806631537
-0.173854045087214	0.117638793695144
-0.732129713916639	0.441387161072424
-0.391716070497778	0.191515317219743
-1.27066180837054	0.885025373031595
-0.00469223554792906	0.00217704265702508
-0.00482134538163185	0.00223622028267589
0.209917139114848	0.163461537515847
-0.0081408866142675	0.00267744478079309
-1.32934427758984	0.733020573050618
-0.406653408801407	0.0912540543799087
-0.56852599852717	0.34998944593729
-0.131147323350631	0.0901154101141619
-1.06749242287696	1.02918275724483
-0.16770805249265	0.0869124257822003
-0.0488491633688526	0.0266379092504318
0.53323209335637	0.411160796994751
-0.0488879942131119	0.0266619172719185
-0.315012604577116	0.180519573244866
-0.0345746180326538	0.0246744921319022
0.359452552823813	0.501825618700917
-0.00398352818845498	0.00406807839047831
0.535037838118992	0.914190068778437
-0.340571567132996	0.394344735459592
0.0435404163984423	0.0469997855048074
0.402601084599537	0.139358275615591
-0.104844951344196	0.0291451841025915
-0.406929606498836	0.0912995639757081
-0.22441533242714	0.149321786982421
-0.00484279931117502	0.00224682304483335
-0.260422454505934	0.131473076198748
-0.890030541555751	0.758301811363702
-0.568412513831888	0.350074832940256
-0.568541766074588	0.350174119857092
-0.0786652342337771	0.0353041509350032
0.806997740262475	0.875971560613141
-1.04446560025431	0.874951843477017
0.37294067854689	0.176245525558977
-1.14258684786775	1.02048278027836
0.58475959722206	0.379934996153133
0.178221803522451	0.087859016655947
-0.327230659220978	0.129567376802136
0.968451698246621	0.893971801306482
0.399629756186755	0.245296505376421
-0.0490728158822873	0.0267618346413515
-0.0490861725203619	0.0267669169635936
0.79652044983038	0.5464742420311
-0.172035766830778	0.103097356983146
-0.471782795938621	0.32871723395479
0.398667618958224	0.276904598251902
-0.57682215557269	0.434063965729552
0.399345061982533	0.325014317362479
-0.131126705677178	0.0900946303692759
-0.422363725502875	0.236700130314835
-0.00482134538163185	0.00223622028267589
0.584721353956748	0.379925831477889
0.396369786128351	0.226311225437235
-1.40182403240361	1.05063874726015
1.28995666139643	0.361009605400419
-0.406260094312188	0.0911374164788629
0.440742619385608	0.120469713008539
2.59830808808347	0.565621890602798
3.44542702694839	0.961324616818369
0.449356737420673	0.0873001538306624
-1.40186461371808	1.05084714160718
-0.472010450119347	0.329013950089207
-0.877063949356056	0.577066528922155
-0.327230659220978	0.129567376802136
0.67158217394513	0.334848424054662
-0.516375129736063	0.178441001382876
-0.87719241026191	0.577211271023757
-0.848034357080434	0.353432748047731
-1.68718740077762	0.704071354649794
-0.791982672273346	0.630647826107759
-0.00866762541139504	0.00285038216826518
-0.184495602328439	0.0791280415311326
-0.517899147573227	0.179109173088448
-0.260141984424096	0.131249074351249
-1.04460940159171	0.875044256076931
-0.352081748182746	0.276711216668374
-1.24536955145459	1.02249125178531
0.803931958623145	0.712138276644329
-0.358509316483428	0.229953272680103
-0.389984373105749	0.276377432670347
0.928993059852903	0.545364679729449
-2.19317773508491	1.21121855507647
1.29019459198889	0.361113808702474
-1.68633971949454	0.703563702264362
0.128853508420719	0.0572225471771537
-0.876978541060634	0.576712431640606
-0.10077106343455	0.0535539560385907
-0.327440587999834	0.129669435996948
0.372715621940169	0.176108968034927
-0.568435128141284	0.350055756569714
-0.23539602597155	0.138035568356171
-0.104191034118389	0.0289508643830017
-1.51151154262208	0.927724141804404
-0.167693368413642	0.0868997512133413
-0.184485633764555	0.0790929662935038
-1.00952368242225	0.719592912783372
-0.571743456153145	0.312557694105377
-0.852774092011229	0.785798356931575
0.163333959795749	0.108597710398
0.0289856450192817	0.0171876033787954
0.804150196357836	0.712431712436207
-0.487661253003712	0.372817824928706
0.968800840708488	0.894865284437944
-0.852604151174065	0.785927542903538
0.0288749962517465	0.0171189242886913
-1.96299502372977	0.955165401048326
-0.568450605056492	0.350111713650879
-2.94720125929596	0.646055459499367
-0.877213265073092	0.577236204859608
-2.37584313461772	2.29815281473843
-0.422320612835452	0.236661180017005
-0.390010170761787	0.276421028544424
0.584713362680071	0.379926319520258
-0.173812992051245	0.117606196781948
-0.22446989148558	0.149358942874387
-1.96467671705873	0.956602614744049
-2.10727742655476	0.3785967871456
-2.10706742962015	0.378548652882402
-2.10727742655476	0.3785967871456
2.59836788378482	0.565681354882139
-2.10727742655476	0.3785967871456
-2.10706742962015	0.378548652882402
-2.10706742962015	0.378548652882402
2.59836788378482	0.565681354882139
0.449482770198073	0.0873321855854351
-0.951510131474032	0.272461351367526
0.449482770198073	0.0873321855854351
2.59836788378482	0.565681354882139
-2.10727742655476	0.3785967871456
-2.10727742655476	0.3785967871456
-2.10706742962015	0.378548652882402
-2.10727742655476	0.3785967871456
-2.10727742655476	0.3785967871456
-2.10727742655476	0.3785967871456
-2.10706742962015	0.378548652882402
2.59836788378482	0.565681354882139
-2.10727742655476	0.3785967871456
-2.10706742962015	0.378548652882402
-2.10706742962015	0.378548652882402
-2.10706742962015	0.378548652882402
-2.10727742655476	0.3785967871456
-2.10706742962015	0.378548652882402
-2.10706742962015	0.378548652882402
-2.10727742655476	0.3785967871456
-2.10727742655476	0.3785967871456
-2.10706742962015	0.378548652882402
-2.94698077954152	0.645760131429668
-2.10727742655476	0.3785967871456
-3.48240509937676	0.919800644574475
-2.10706742962015	0.378548652882402
-2.10727742655476	0.3785967871456
2.59830808808347	0.565621890602798
-2.94698077954152	0.645760131429668
0.448931724883838	0.0872096407569261
-2.10727742655476	0.3785967871456
-2.10706742962015	0.378548652882402
-2.10706742962015	0.378548652882402
2.59830808808347	0.565621890602798
2.59836788378482	0.565681354882139
2.59836788378482	0.565681354882139
-2.10706742962015	0.378548652882402
2.59830808808347	0.565621890602798
-2.10727742655476	0.3785967871456
-2.94720125929596	0.646055459499367
-2.10727742655476	0.3785967871456
-2.10706742962015	0.378548652882402
2.59836788378482	0.565681354882139
-2.10727742655476	0.3785967871456
0.448931724883838	0.0872096407569261
2.59836788378482	0.565681354882139
-2.10706742962015	0.378548652882402
-2.10727742655476	0.3785967871456
-0.658660630797548	0.622085083749103
-1.12702728560379	0.7237887552699
-1.2704617302546	0.88475871812798
0.211865671605164	0.113835246684773
-0.167723743572673	0.0869307434564531
-0.104360815899979	0.0290077066781166
1.29059040546749	0.361273728188317
0.365902024574029	0.150387445991254
-0.571862109960018	0.31258660103728
-1.00943210635186	0.719314837631752
0.621430941648619	0.764626392618366
-0.19816285311677	0.209214888647003
-0.222051762351411	0.233753570306374
0.029595969781176	0.0249521094101381
-0.752727622212777	0.939368074022422
0.481567701101894	0.500646728111275
0.313544984974865	0.278639538698466
-0.747202662297591	0.697822392172466
-0.00484279931117502	0.00224682304483335
-0.573003554697925	0.392024760025173
-0.449835675409196	0.282698812654352
-0.730031436247865	0.997941693152582
-0.690372456909863	0.864411013365518
-0.406481481444202	0.468510238625684
-2.94720125929596	0.646055459499367
-0.406653408801407	0.0912540543799087
0.44025009120492	0.120379994939149
-1.1143440462202	0.540707013154826
-0.314905683790335	0.180488007236133
-0.358680527282511	0.230076669085373
-0.87699966280205	0.576773649682754
0.25052672039259	0.155123588624536
0.129221458388246	0.057364836043035
-0.701931635787829	0.4711048335323
-0.0786652342337771	0.0353041509350032
0.564152751246519	0.389471809180536
-0.285211168305487	0.186448644459638
-0.568442908073705	0.35011647403505
-0.167723743572673	0.0869307434564531
-0.0789404054704349	0.0354352126325418
-0.351864597228269	0.276566926076183
0.512890604080954	0.436628609779828
-0.686670269083675	0.508235697146491
0.617708191607872	0.573460663357723
0.750828254194413	0.546393815900103
0.635481208363628	0.564843479631815
-0.18474927035291	0.07921920886612
0.387618551364921	0.203775351678185
0.211926139913565	0.113876387771514
-1.24509458323549	1.02214379691749
-0.788232305482405	0.414275835906919
-0.00484279931117502	0.00224682304483335
-1.51151931630602	0.92801396381259
-0.517262058968037	0.178864495866734
-2.94698077954152	0.645760131429668
0.448931724883838	0.0872096407569261
1.80602884553664	0.656327507792822
-0.951401566537421	0.272432782475208
-0.184505553212383	0.0791373504854963
0.387524745750924	0.203731359245904
-0.260329029925159	0.131417764875266
-2.17331686162569	1.8947602690183
-1.63526048784184	1.39569625082924
-1.66989852421153	1.12091319161198
-0.84751494297264	0.353113627072122
0.750745284981443	0.546232890910934
0.264384127874875	0.174230851153172
-0.487529764568404	0.372548061716621
0.0859146137953314	0.0468559151956241
1.17348472935185	1.59870769876568
-0.390008771037508	0.276395178397817
-0.897521037776031	0.93977869167533
-0.422256388009115	0.236590327517095
-0.573056252013549	0.392154337670413
-0.31487529078185	0.180469531977314
-0.327545771414056	0.12969920235071
-0.104530837627992	0.0290497664010843
-0.104674754370764	0.0290881727694566
1.30843995015035	0.79769982874826
-1.11459535646121	0.54087500274063
-0.100540405818408	0.0534632011451723
-1.2705849386164	0.884874460944387
-0.184403361140768	0.0790506898063424
-0.579132907592339	0.26744572765706
-1.67035171659667	1.12130058923539
0.0616264557748945	0.0238611614751663
0.128731299422086	0.0571633654848292
-0.732011940100003	0.732829633677683
-0.568526745642155	0.350010654970929
-0.73228569888236	0.441519104636812
-0.674871628706367	0.5457500837636
-0.260422454505934	0.131473076198748
-1.27040006372588	0.885002340015008
0.178423283573288	0.0879679360806085
-0.732192865670734	0.441473163114747
0.196767667011899	0.145959372103871
0.0290354800723843	0.0172179111621941
-0.0395089598661675	0.025056610537209
1.03194409923425	0.91035348684568
-0.235171593301652	0.137850724253849
-0.131537088850313	0.0903600613853234
-0.472010450119347	0.329013950089207
0.631932759206064	0.352507886935394
0.0617712952826897	0.0239168790122259
1.15005790797731	1.42935356858745
-1.32931437217088	0.732704638322614
-1.13156588129176	0.86763319064665
-0.0789466320583325	0.0354412383139809
-1.13154295188984	0.867783868580836
0.25069825731129	0.155248653610278
-0.0490461137062827	0.0267468360349336
-0.57687260630212	0.434061257328015
-0.568572097465517	0.350153102769924
0.0585699011891016	0.0370057778942593
-0.766361533159932	0.663054207629342
-1.74047797046624	1.57445747013634
-0.424073094388109	0.438503654320582
-0.877256584690999	0.57705638656403
-0.391246652475677	0.191209210716848
0.286334355858973	0.211582312059847
-0.104844951344196	0.0291451841025915
1.05637106962915	0.549947620800554
0.0616264557748945	0.0238611614751663
0.373186918798905	0.176352245678087
-0.0490728158822873	0.0267618346413515
0.462509617831989	0.593223915497788
0.403846479900976	0.540816186354997
-0.138575294880799	0.155058614195629
-0.342833026908672	0.356959255150323
-0.436326978040423	0.578398468067771
-0.196626450330519	0.218996773105506
0.169225259323183	0.191920494619666
0.153464655865393	0.183013158933878
-0.0653768445299962	0.054822276550235
-0.174938563954338	0.164705117654176
-0.00917765366808915	0.00661760987460806
-0.568473274508818	0.35013698342253
-0.504742675360305	0.666908032906899
0.0617136769175722	0.0238943545769967
-0.406143088696864	0.0911104868149055
-2.94742201638341	0.645982057725913
-1.54132327870469	1.51567162543869
-0.235237583424851	0.13791980571296
-0.701870683447116	0.471060482975925
-0.472047704335293	0.329071112036136
-0.572990344273574	0.39206853349588
-0.0489147483452937	0.0266769411251259
0.128487541715911	0.0570234392351459
-0.100458668795975	0.0534076702199801
-0.358601625161616	0.230018412531975
0.564324718997456	0.389655936649954
-0.579170559296308	0.475220785916367
-0.39008898908593	0.276452622310432
-0.732144701225611	0.732964424136766
-0.11529490435299	0.0956123998465017
-0.17589938277555	0.131887732440733
-0.0759489641588138	0.0473161986698993
-0.0628729009368754	0.0443670404114468
-0.0490327681648237	0.0267369195294689
1.1503789659688	0.774433753881929
0.75083556199308	0.546388049889566
0.250671549096301	0.155227427239656
0.211827445314614	0.113815124257299
0.276554597821924	0.193442752888539
-0.573069444667283	0.392154228921532
-2.94720125929596	0.646055459499367
-2.10706742962015	0.378548652882402
-1.35610128709322	0.474818712797072
-0.95187692509697	0.272670624519378
0.440628375497016	0.120463053794555
-2.10706742962015	0.378548652882402
-0.406143088696864	0.0911104868149055
-0.8976039643065	0.940339593994941
-0.939129990442434	0.734614739532522
-0.848554588996423	0.353709685597233
-0.516877128372687	0.178641872315134
-0.406653408801407	0.0912540543799087
-1.27072298147689	0.885399734353617
-0.571737584667295	0.312608565413617
0.373186918798905	0.176352245678087
1.80580755289182	0.656394825107787
-0.571731700161253	0.312583492623591
-0.327335889648938	0.129624283363844
-0.848034357080434	0.353432748047731
-0.578975115762517	0.267390226446819
-0.967800698735012	0.566773743831677
-0.391473290236428	0.191346105669389
-0.391376863277363	0.191246763311921
-1.40184436730211	1.0507762370863
0.234112079861019	0.135489192248169
-0.184148497629906	0.0789589941501255
-0.877149112430242	0.577216000555005
-0.732021846522536	0.441299012127764
-0.00831647071794103	0.00536026035772822
0.264514299081248	0.17441956112755
-0.674711244937035	0.545413343996195
-0.0944930290534367	0.0658343548273408
0.399587501082125	0.32528713958625
-0.119386451613774	0.0729635647159714
-0.766390501986155	0.66262685981586
-0.224363956956832	0.149288353019299
0.89855680157022	0.723072032121833
-0.665669707780211	0.583946577934216
-0.571969057025845	0.312725884763733
-0.787990233828196	0.414043933099704
0.440628375497016	0.120463053794555
-1.11355579595234	0.53988363364333
-0.391368449200474	0.19130152788782
-1.27072298147689	0.885399734353617
-1.00956173625136	0.719582795507295
1.89219758589384	1.63152833214057
-0.422299294346764	0.236652215203968
-0.00469223554792906	0.00217704265702508
1.11247611937041	0.937616420025001
-0.314913534863782	0.18049000784073
-0.224335078077715	0.149257804118276
0.0856504615516148	0.0467163223346054
-5.311539701566	3.42637884068139
0.0616553482559604	0.0238703716137645
1.0561571934124	0.549262539795133
1.12032630355578	1.25727339496638
-0.242703627745758	0.211475629166598
0.318830730771594	0.294934297416184
-0.487659615823777	0.372805015575226
-0.0760533009637857	0.0473839636800134
0.398783301894296	0.276930172570845
-0.265438197847895	0.194015088063721
-0.889873267452747	0.758353213221804
-0.358653698911515	0.230066631527229
1.4971130121614	1.4300276735307
-1.6700152989722	1.12100199645362
0.387524745750924	0.203731359245904
-0.314814424996404	0.18040114856928
0.264755643837087	0.174602748105253
-0.579104644310624	0.475066626403946
-0.00624539254580657	0.00348754751286716
-0.173769055054967	0.117569809360543
-2.10706742962015	0.378548652882402
-2.10706742962015	0.378548652882402
-2.10706742962015	0.378548652882402
0.449482770198073	0.0873321855854351
4.63430294481952	2.19996467617937
0.449356737420673	0.0873001538306624
-3.87522571878201	1.20686794936312
-0.104844951344196	0.0291451841025915
0.449356737420673	0.0873001538306624
-2.10706742962015	0.378548652882402
1.29007573135185	0.361162560899904
0.448931724883838	0.0872096407569261
0.449356737420673	0.0873001538306624
-0.406536039818103	0.0912270232471427
-0.407047340101398	0.0913266870047607
-0.952502610189603	0.272824202108595
-0.951768045880078	0.27264192625531
-2.10706742962015	0.378548652882402
-1.35563614408753	0.474557097061527
-2.94720125929596	0.646055459499367
-2.10727742655476	0.3785967871456
-2.94698077954152	0.645760131429668
-2.94720125929596	0.646055459499367
3.44549632854058	0.961689054878872
3.44549632854058	0.961689054878872
-2.10727742655476	0.3785967871456
-3.48219873584491	0.919655084022901
2.59836788378482	0.565681354882139
-2.10727742655476	0.3785967871456
-2.10706742962015	0.378548652882402
-2.94742201638341	0.645982057725913
-2.10727742655476	0.3785967871456
-2.94720125929596	0.646055459499367
-2.10706742962015	0.378548652882402
-2.10706742962015	0.378548652882402
-2.10706742962015	0.378548652882402
-2.94742201638341	0.645982057725913
2.59836788378482	0.565681354882139
0.44905816517692	0.0872417415102285
2.59830808808347	0.565621890602798
-2.94720125929596	0.646055459499367
-2.10706742962015	0.378548652882402
-2.10727742655476	0.3785967871456
-2.10727742655476	0.3785967871456
0.449482770198073	0.0873321855854351
0.44905816517692	0.0872417415102285
-2.10727742655476	0.3785967871456
-2.10706742962015	0.378548652882402
2.59830808808347	0.565621890602798
-2.10706742962015	0.378548652882402
-2.10727742655476	0.3785967871456
-2.10706742962015	0.378548652882402
-2.10727742655476	0.3785967871456
-2.10706742962015	0.378548652882402
1.29059040546749	0.361273728188317
-2.10706742962015	0.378548652882402
0.448931724883838	0.0872096407569261
0.44905816517692	0.0872417415102285
-2.94720125929596	0.646055459499367
-2.10727742655476	0.3785967871456
-3.48199261945285	0.919202577093156
-2.10727742655476	0.3785967871456
-2.94720125929596	0.646055459499367
-2.10706742962015	0.378548652882402
-2.94720125929596	0.646055459499367
-2.10727742655476	0.3785967871456
2.59836788378482	0.565681354882139
-2.10727742655476	0.3785967871456
-0.406143088696864	0.0911104868149055
-0.952244254371164	0.272799090918146
-3.48199261945285	0.919202577093156
-0.406260094312188	0.0911374164788629
-2.10727742655476	0.3785967871456
-2.10706742962015	0.378548652882402
-2.10706742962015	0.378548652882402
-2.10706742962015	0.378548652882402
-1.68633971949454	0.703563702264362
-2.10727742655476	0.3785967871456
-0.951768045880078	0.27264192625531
-2.10727742655476	0.3785967871456
-0.406653408801407	0.0912540543799087
-2.10706742962015	0.378548652882402
-2.94720125929596	0.646055459499367
2.59830808808347	0.565621890602798
-2.10727742655476	0.3785967871456
-2.10706742962015	0.378548652882402
-2.10727742655476	0.3785967871456
2.59830808808347	0.565621890602798
-2.10706742962015	0.378548652882402
0.44905816517692	0.0872417415102285
0.449482770198073	0.0873321855854351
3.44549632854058	0.961689054878872
-2.94720125929596	0.646055459499367
0.44905816517692	0.0872417415102285
0.449356737420673	0.0873001538306624
2.59830808808347	0.565621890602798
2.59830808808347	0.565621890602798
-2.10727742655476	0.3785967871456
0.449356737420673	0.0873001538306624
-2.10706742962015	0.378548652882402
-2.10706742962015	0.378548652882402
-2.10706742962015	0.378548652882402
-2.10706742962015	0.378548652882402
2.59836788378482	0.565681354882139
-2.10727742655476	0.3785967871456
-2.10706742962015	0.378548652882402
-2.94698077954152	0.645760131429668
-3.48240509937676	0.919800644574475
-2.10727742655476	0.3785967871456
-2.10727742655476	0.3785967871456
-2.10727742655476	0.3785967871456
-1.11449125834891	0.540788176297302
1.29047191149383	0.361322640689658
-1.35656708661147	0.475009288267318
-1.04454424783783	0.875037302287801
-0.87699966280205	0.576773649682754
-0.327335550717987	0.129625546394617
0.606761084387309	0.367905172141757
-0.391716070497778	0.191515317219743
-1.32941565093715	0.732799399043906
-0.571969057025845	0.312725884763733
-0.515990783583792	0.178284628481265
-0.952135059882499	0.272770263417896
-3.87561657802995	1.20673470585498
-0.579018048486102	0.267409454362904
0.178236240272615	0.0878720950705939
-0.327335889648938	0.129624283363844
-0.0787588855722984	0.0353441950334484
0.365795112101605	0.150283865833125
0.956055118653698	0.344844233810228
-0.952502610189603	0.272824202108595
-0.571974814230293	0.312696668009941
0.449482770198073	0.0873321855854351
-2.10706742962015	0.378548652882402
-0.406536039818103	0.0912270232471427
0.44905816517692	0.0872417415102285
-2.10727742655476	0.3785967871456
0.40427466411489	0.14004859743002
-2.54164992977452	1.7067351686568
-0.968033043844823	0.567023112730889
1.05626404211288	0.549767797036242
-0.407047340101398	0.0913266870047607
1.72107248767705	1.34710454212271
-0.406653408801407	0.0912540543799087
-3.48219873584491	0.919655084022901
-2.94720125929596	0.646055459499367
-1.1144886963805	0.541000350984738
-0.518151592408807	0.17915606425969
-1.1146996213552	0.541121784175122
-1.35579670478113	0.474613983393002
-0.104191034118389	0.0289508643830017
1.29007573135185	0.361162560899904
-1.35672844137063	0.47506664569878
-0.406260094312188	0.0911374164788629
-0.391716070497778	0.191515317219743
-0.515990783583792	0.178284628481265
-0.952244254371164	0.272799090918146
3.44542702694839	0.961324616818369
-2.94698077954152	0.645760131429668
3.44549632854058	0.961689054878872
-1.68718740077762	0.704071354649794
-0.517899147573227	0.179109173088448
-2.10706742962015	0.378548652882402
1.80580755289182	0.656394825107787
-0.968152752066219	0.567121503023109
-0.406929606498836	0.0912995639757081
1.15025638771776	0.774418861125706
-1.68633971949454	0.703563702264362
0.211849784137663	0.11382783840282
-1.32938572253344	0.733074998982863
0.211819494672195	0.113810815709731
-0.391611384485079	0.191440763997525
-0.260594489203997	0.131559221193867
-0.0091951964681284	0.00302330471275721
0.372817885836604	0.176161081982385
-0.788584669491101	0.414442391647873
-2.81238678974214	2.16571197852538
-1.6857313628121	0.703085363193652
0.956055118653698	0.344844233810228
-0.406260094312188	0.0911374164788629
0.449356737420673	0.0873001538306624
1.80591828976772	0.656470060574126
0.387793623993806	0.203833458215704
-0.00972360174523113	0.00319590720204612
-4.67488466633706	2.19322251114066
-0.327441044350617	0.12966822779127
-0.968264784999388	0.567000612677095
-0.0786522619879239	0.0353023758590265
-1.68596857506758	0.70320287292914
0.250565790427977	0.15510859390563
-1.35656708661147	0.475009288267318
-0.406536039818103	0.0912270232471427
-1.66978153680175	1.12073707888591
0.765337900306628	0.331772940313554
0.449482770198073	0.0873321855854351
-0.579119326010413	0.267387068020036
0.234029943286015	0.135426106733778
-0.314921305698856	0.18046368292624
-0.00887297177040951	0.00291884997088316
-1.1145954954322	0.541089063658969
-0.577160254149805	0.434419892931967
-1.35610128709322	0.474818712797072
-2.10706742962015	0.378548652882402
-3.48219873584491	0.919655084022901
-2.10706742962015	0.378548652882402
-3.48240509937676	0.919800644574475
-1.11409385166674	0.540651439280993
-0.847314325335099	0.352888726716764
-0.314737975535389	0.180310123749427
-0.104674754370764	0.0290881727694566
1.05637163360447	0.549884852122293
-0.105329780244259	0.0292757305992616
-0.327440587999834	0.129669435996948
-0.951768045880078	0.27264192625531
-3.87522571878201	1.20686794936312
-0.299085707133736	0.237851639722944
-0.577016417499633	0.434301298369839
-0.260673005754938	0.131596036501488
-0.390116190617883	0.276471622817521
-0.516375129736063	0.178441001382876
-2.10727742655476	0.3785967871456
-0.0758420447116388	0.0472493626621867
-0.579126611208689	0.47515484208015
0.234112079861019	0.135489192248169
0.564406759068027	0.389679472400225
0.116368199676192	0.0681703696479722
0.178329729181954	0.0879236922445928
0.25052672039259	0.155123588624536
-1.13145107187289	0.867391659084884
-0.572990344273574	0.39206853349588
-0.389902765292212	0.276321754862654
-0.518912434257489	0.498765215634357
-0.235303642562071	0.137970517714117
0.250500805793068	0.155015626904035
-0.00643587924542967	0.00359301632558093
-0.35874606176488	0.230128359214925
-0.351933695091486	0.27663405550882
-0.787990233828196	0.414043933099704
-0.57910362883179	0.267332371218486
-0.732207785471608	0.441468073086455
-0.327650490195763	0.129662292847327
-2.10727742655476	0.3785967871456
-3.48199261945285	0.919202577093156
0.449356737420673	0.0873001538306624
0.439986145529585	0.120240256039653
-0.406260094312188	0.0911374164788629
0.44905816517692	0.0872417415102285
3.44556547002046	0.961475626406072
-3.87522571878201	1.20686794936312
-0.105015388977172	0.0291873412061693
-0.825313591982397	0.599686009158765
-1.67000305639844	1.12104617706866
0.533245913804934	0.411170667653861
2.41128977056846	2.10897970621071
1.09675300044667	1.40750559779634
1.03204966774021	0.910969946338839
-0.0082475743883231	0.00531553212050281
0.141891042315833	0.0887378890503946
0.874670173944602	0.879514467652847
0.440628375497016	0.120463053794555
-2.10706742962015	0.378548652882402
-1.35626224425971	0.474875835650706
-0.00477816764385727	0.00221449009969904
-0.0787328393819667	0.0353418953097744
0.178473992833301	0.0879941463135877
-1.27066180837054	0.885025373031595
-0.951510131474032	0.272461351367526
-0.824318286925268	0.816704759460399
-0.571969057025845	0.312725884763733
-0.573148582352656	0.392220049465515
-2.19242126769198	1.21041099953334
-0.391603095504156	0.191462066890932
-0.57885989796914	0.267210036729404
1.05647634350404	0.549821521222389
-1.00946265936106	0.719458642516027
-0.00473520578037929	0.00219591531042473
-1.52282056881161	1.2210719678012
-0.788101962939554	0.414130609919789
-0.184393374089649	0.0790787932600563
0.178329729181954	0.0879236922445928
1.05626488614213	0.549849792880685
4.63403453358779	2.19936622726923
-0.00907866149999291	0.00298664964320787
-0.184138349574932	0.0789468767059439
-0.877126600741735	0.577023179258317
-0.952244254371164	0.272799090918146
-0.449649024133895	0.282626986880979
-1.35059575035503	1.18172808417882
0.39632692028808	0.226385536728356
-0.791741121307576	0.630227596837532
-0.510462132487012	0.45806999770445
-0.0487702312480759	0.0265925698568664
0.301444766732516	0.245662907954635
-0.395453749887947	0.361008071619802
0.0479444191794637	0.0241924711034532
-1.14268425110021	1.02080581954915
-0.413730680333414	0.320888721656759
0.53312519403382	0.411026461301314
0.584576457431595	0.379650947267196
-0.105015388977172	0.0291873412061693
-0.105015388977172	0.0291873412061693
0.928767656287062	0.545207466605494
0.372828104257578	0.176187601416706
0.398952751279318	0.261019310889639
0.0619025636907122	0.0239610236919941
-0.391716070497778	0.191515317219743
-0.788464314880281	0.414424326723021
0.116377143600508	0.0681615225405326
-0.788473517099805	0.414356124603627
0.60666747478801	0.367841714094269
0.680995735201767	0.550055241652283
-0.889739439393221	0.757923214285955
-0.578975115762517	0.267390226446819
-0.788213600919535	0.414059767247702
0.396197438898127	0.226365511940548
0.211895891785283	0.113859386997973
-0.422299294346764	0.236652215203968
0.211857686193715	0.113839275081236
-0.172142597189996	0.1031422069792
0.671393391368108	0.334612044582887
-0.433422221275793	0.364763951655596
-0.176606956544091	0.14445349197606
-0.0345888874345719	0.0246869544626193
-0.224256440322004	0.149207271874944
-0.585184438085591	0.595488959428432
-1.70914183395491	1.86199240872345
-0.107391978929911	0.082210309151635
-0.510381441476214	0.457938316419048
0.286378167548745	0.211591909850807
0.301584228677068	0.245882268110851
0.399039703840032	0.27713095916258
-0.285020674166101	0.18629562430315
0.178488280870952	0.0880114930246788
1.05626633094545	0.549797046240232
-0.1843733468576	0.0790649086662853
-1.32953956842148	0.732743827144696
-0.951768045880078	0.27264192625531
-3.48261171098015	0.919665246937834
-1.32934427758984	0.733020573050618
0.956055118653698	0.344844233810228
-0.847314325335099	0.352888726716764
-2.10706742962015	0.378548652882402
-0.00866762541139504	0.00285038216826518
0.765015511027073	0.33174094912973
-0.327546345457555	0.129698049658362
-1.68657752983501	0.703681756485321
-0.406260094312188	0.0911374164788629
0.402733937014348	0.139484956672463
-0.406653408801407	0.0912540543799087
-2.94720125929596	0.646055459499367
-1.51115804482644	0.927162295997054
-0.0091951964681284	0.00302330471275721
-0.579047233084989	0.267435837190726
0.403377677871532	0.139736809774786
-0.00846262185640431	0.00278126286689462
-0.103708004302289	0.0288061650208548
-0.952244254371164	0.272799090918146
-0.406260094312188	0.0911374164788629
-0.951768045880078	0.27264192625531
-0.952502610189603	0.272824202108595
-1.35626224425971	0.474875835650706
-0.847833196182046	0.353207340512575
0.44905816517692	0.0872417415102285
-2.10727742655476	0.3785967871456
-0.952244254371164	0.272799090918146
-0.516375129736063	0.178441001382876
-0.406143088696864	0.0911104868149055
0.440364661588217	0.120386763104114
0.449356737420673	0.0873001538306624
0.402089212506356	0.13919342312955
-2.94720125929596	0.646055459499367
-0.407047340101398	0.0913266870047607
-3.48240509937676	0.919800644574475
-0.952244254371164	0.272799090918146
-1.35626224425971	0.474875835650706
-0.406260094312188	0.0911374164788629
-2.10706742962015	0.378548652882402
-3.48219873584491	0.919655084022901
-0.951768045880078	0.27264192625531
-2.10706742962015	0.378548652882402
2.59830808808347	0.565621890602798
0.44025009120492	0.120379994939149
-3.87522571878201	1.20686794936312
-2.10727742655476	0.3785967871456
-0.848034357080434	0.353432748047731
2.59836788378482	0.565681354882139
3.96468442127274	1.35922276844108
-2.94698077954152	0.645760131429668
-0.104674754370764	0.0290881727694566
1.59459158996049	0.854440007260882
-3.48240509937676	0.919800644574475
-0.951510131474032	0.272461351367526
-0.406653408801407	0.0912540543799087
0.44025009120492	0.120379994939149
-3.48199261945285	0.919202577093156
3.44542702694839	0.961324616818369
-1.11409385166674	0.540651439280993
0.440513946717843	0.120393291309023
-0.406143088696864	0.0911104868149055
0.67165474986319	0.334887885324188
-1.68694899077746	0.703952762450668
2.67849457162714	1.64683181469882
-0.0790599160932567	0.0354904532922947
-0.952244254371164	0.272799090918146
0.439871247620891	0.120233355559156
0.449482770198073	0.0873321855854351
-0.51764708606635	0.178953973086848
2.59836788378482	0.565681354882139
-0.951768045880078	0.27264192625531
2.59830808808347	0.565621890602798
0.44905816517692	0.0872417415102285
-0.516625938445608	0.17859542475739
0.439986145529585	0.120240256039653
-2.10727742655476	0.3785967871456
-0.406143088696864	0.0911104868149055
1.80591828976772	0.656470060574126
1.29007573135185	0.361162560899904
1.31626800442765	0.58951227776968
1.80532545810241	0.655881317316556
-2.10706742962015	0.378548652882402
1.80554775261157	0.656236220945208
3.96456116719431	1.35857805096731
-0.104844951344196	0.0291451841025915
-0.327440212159224	0.129629361099382
0.448931724883838	0.0872096407569261
0.449356737420673	0.0873001538306624
3.44549632854058	0.961689054878872
-0.105329780244259	0.0292757305992616
-0.104674754370764	0.0290881727694566
-3.48219873584491	0.919655084022901
-1.11459535646121	0.54087500274063
-1.35579670478113	0.474613983393002
-0.406536039818103	0.0912270232471427
-3.48240509937676	0.919800644574475
1.59511601418842	0.855215915166121
-1.35579670478113	0.474613983393002
-1.35626224425971	0.474875835650706
-0.951510131474032	0.272461351367526
-1.68694899077746	0.703952762450668
2.45265512874046	1.302355134432
-1.35610128709322	0.474818712797072
-3.87503061007077	1.20658143667459
-1.68633971949454	0.703563702264362
0.449482770198073	0.0873321855854351
1.29035320892594	0.361169722228799
3.44556547002046	0.961475626406072
0.449482770198073	0.0873321855854351
0.449356737420673	0.0873001538306624
-0.326159922484406	0.279907201089532
-0.376123441249274	0.319807562477193
0.0583395005806904	0.036852126768332
-1.11270463017315	1.62594253386205
-0.746899431729949	0.697494286811066
-0.583682830848365	0.556526594867201
0.0855580104856908	0.0466587120748805
0.0855841566218966	0.0466768866551627
-0.889669369915751	0.7579225607507
-0.709033618405821	0.800845008095834
0.0121874977443765	0.00988145871015855
0.0185872421154951	0.0125071736730892
0.259771913017799	0.248736557618946
0.105168319708605	0.0742943108752325
0.241951976731131	0.214530410668596
-0.0079478466409198	0.00512225831541053
-0.391837132279878	0.191577190293029
-0.0489937644034561	0.0267199564240236
-0.686656780325162	0.508238057982816
-0.224362360916797	0.149289333907045
-0.487633965163832	0.372797634315868
-0.579126611208689	0.47515484208015
-0.516877128372687	0.178641872315134
-1.12669036793018	0.723421814438265
-0.26050123433033	0.131519082409796
-0.406260094312188	0.0911374164788629
0.402733937014348	0.139484956672463
-0.0078192213786039	0.00257237113093503
-0.951768045880078	0.27264192625531
0.449482770198073	0.0873321855854351
-0.391481666646295	0.191384943509599
-0.577063067083383	0.43440075790853
-0.390114807819192	0.276421888909125
0.399492797380015	0.325205407768763
-0.235488423181181	0.138083855479216
0.286523637112009	0.211735970130416
-0.510528530413483	0.458147754402912
-0.573135403447075	0.392220170007954
-2.06202330646858	1.69869655322682
0.396089831394072	0.226278388755559
-0.358615057868531	0.229992454909469
1.37254280504429	1.53170733018651
-2.38053634733883	1.46170029835018
-0.105329780244259	0.0292757305992616
-0.10062225280412	0.0535115969827204
-1.00950067227012	0.71944848988664
-1.51163666013488	0.927934310168409
-0.686749044698813	0.508320544769257
-0.665521819029769	0.583797970147497
1.49727859150126	1.43015598901896
-0.265635006259592	0.194195863617721
-0.391828951569218	0.191518019745526
0.23420176261692	0.135550725555505
-0.00479974634476388	0.00222777119469707
0.564332334827496	0.389653895586746
-0.327335889648938	0.129624283363844
0.403632537227691	0.139839884189156
-0.0783967037651888	0.0351676189800405
0.522308594802782	0.423805684617425
0.546988418746887	0.39964943368048
1.11247611937041	0.937616420025001
-0.00637557637037879	0.00355970996600095
0.129212535291802	0.0573722565547967
-0.578975115762517	0.267390226446819
1.31626800442765	0.58951227776968
-0.516375129736063	0.178441001382876
-0.422491449282457	0.236691862572536
-0.26563900779288	0.194164201440782
0.0854383045207526	0.0465802469141466
-0.285211168305487	0.186448644459638
0.796564213761884	0.546476908211474
-0.0785715154224317	0.0352603267586224
-0.100704209772987	0.0535537703395433
0.533450205094884	0.411215483245771
-0.00636187363498121	0.00355114006922597
-0.253213620404046	0.203537478611947
-0.371892522883265	0.429583080946582
0.0834419623206405	0.0558844880401982
0.577348011126941	0.60200163257064
-0.585025356951795	0.595283258394712
-0.212786082791363	0.172619444560237
0.155577763042114	0.12675741013878
-0.89734276186661	0.940076957017963
0.301723392639721	0.245918350545978
0.92852246752374	0.54477972387055
0.366007693694073	0.150381473436448
1.04435891259757	0.754279565754827
0.631932759206064	0.352507886935394
-0.260422454505934	0.131473076198748
-0.389901349810562	0.276221875893697
0.399682502217224	0.245269833092447
-1.23430272897716	1.17056832595407
-1.40190484123887	1.05078482166206
-0.0064125873499607	0.00358029417270733
-0.0393570556733211	0.0249591729553041
-0.0488746227041933	0.0266519956042316
0.294607819320488	0.229068114143061
-0.173960995646723	0.117706641264591
-0.235237583424851	0.13791980571296
1.31601382519203	0.589391230638723
0.671494664560962	0.334807235682389
0.656285226223935	0.556752931738205
0.130721837320587	0.115341522671469
-0.0759876589295289	0.0473363443603622
1.30776697778755	1.8332438296105
-1.51128399880157	0.927879913676698
-0.0944930290534367	0.0658343548273408
-0.783103821624906	0.879408976519987
-0.500421216580532	0.416117896861185
0.211887954999951	0.113856287486724
-0.573056252013549	0.392154337670413
-0.977656484012771	1.38016258055009
-0.139916440920362	0.105971141320892
-0.0082475743883231	0.00531553212050281
1.26011442693234	1.96640895533476
-0.0073925279788401	0.00582564037400891
-0.804217816937616	1.04879214137344
-1.20426659435581	2.03657766816542
-0.0091002840856771	0.00656158978261685
-0.253213620404046	0.203537478611947
0.399435224780106	0.370297890158928
-0.518746016261548	0.498758153830787
-0.351692342607298	0.276392188441944
-0.119545471464112	0.0730778713492053
0.584721353956748	0.379925831477889
0.211972345235843	0.113872699829732
-0.968152752066219	0.567121503023109
-1.96349123148842	0.955719882005179
-0.327335889648938	0.129624283363844
-1.27063082055851	0.885275144897396
-0.487661253003712	0.372817824928706
-0.235316786021102	0.137981180349472
0.196664271215379	0.145822499744022
0.250883071618732	0.155317197943679
-0.823991306393046	0.816234952867646
0.906660817922014	1.19617708861348
-0.783436109892696	0.879554136023872
-0.0343938622003485	0.0245416044424632
0.0584026231420108	0.0368958685761365
0.898346864870289	0.72334506195932
-0.585075917299255	0.595359118899763
-0.285030319307596	0.186329206529657
0.0619025636907122	0.0239610236919941
-0.260422454505934	0.131473076198748
0.956055118653698	0.344844233810228
0.449482770198073	0.0873321855854351
-2.94720125929596	0.646055459499367
-1.35703354439901	0.475086476038986
0.439871247620891	0.120233355559156
-0.0080238062082141	0.00263982899595744
-0.314974334266225	0.180517382779914
0.522363131482469	0.423755277220431
-0.37611789372204	0.319830380127324
-0.449649024133895	0.282626986880979
-0.0759682684831344	0.0473317038327201
0.0836386471869281	0.056014884870977
0.635566301998327	0.564954796623497
-1.32927288054565	0.732650220342582
-1.68633971949454	0.703563702264362
-0.665418057279529	0.583588716949427
-0.422191800151715	0.236513786519909
0.606559527610197	0.367723081536763
0.0618299853505819	0.0239347215720241
0.396024933516971	0.226195455441666
-0.0786522619879239	0.0353023758590265
-1.1143440462202	0.540707013154826
0.365690195287924	0.15027180821769
-0.358403573374647	0.229826301873213
-0.877171466206336	0.577150150243609
-1.12692027910398	0.723978664203291
-1.24519955622981	1.02234001569233
1.72939718148166	2.4695369876045
-0.00653322317101659	0.0036465042430468
-1.75193272404212	2.33482106957694
1.04401285919836	0.753591006608618
0.387350306201344	0.203615179010527
-0.327335550717987	0.129625546394617
-0.578945954765395	0.267273373392935
0.928982757783092	0.545220013672355
0.178582044959992	0.0880558495915799
1.15014266729831	0.774326861652598
-0.732085071167485	0.441120871664386
-0.732129713916639	0.441387161072424
0.0856504615516148	0.0467163223346054
-0.571624596727463	0.31249828110112
0.955740311572938	0.344597279041458
-0.0789528454821435	0.0354404697364153
-0.0083456807373163	0.00274570284113593
0.387524745750924	0.203731359245904
1.80580755289182	0.656394825107787
3.39042138736913	3.14412504417933
-0.968503241782958	0.567042315970506
-0.235277079457638	0.13786944999914
-0.967920770914226	0.56691647468837
-0.327335889648938	0.129624283363844
-0.573056252013549	0.392154337670413
-0.573069444667283	0.392154228921532
-0.327230659220978	0.129567376802136
-0.395786165129952	0.361415463128628
-0.0628371758064057	0.0443263959094748
0.497196260345077	0.461739233682324
-0.376092155763267	0.319724333928794
-0.130905959845549	0.0899102460971269
0.0289840778068076	0.0171894330672799
-0.413856609751681	0.32103831463558
0.0830543504088036	0.0647153958136992
0.617831314876769	0.573883835497939
0.25069825731129	0.155248653610278
-2.38060556106765	1.46186003707845
1.03238059025585	0.91136476035372
-0.00462762409852259	0.00214716140244468
0.372715621940169	0.176108968034927
-0.358509316483428	0.229953272680103
0.294759536764548	0.229176982200759
-1.27064632211145	0.885370023376595
0.23420176261692	0.135550725555505
0.84596605132746	0.715188219408872
-0.933951300730711	0.913979811896187
-0.801721916884086	0.848043425468633
0.551343487878927	0.635531261783893
0.399562329483327	0.340638691694545
-0.105329780244259	0.0292757305992616
-0.0091951964681284	0.00302330471275721
1.2461626932187	1.1460589544713
1.15466426704745	1.109180653183
-0.824867619725942	0.599090428767936
0.141944077139845	0.0887738399296703
-0.825045854923464	0.599435065359958
0.234380973697782	0.135649480050334
-0.686499309414722	0.50798896479976
-1.35043604302362	1.1802763393482
-0.119410862413062	0.0729743072486799
-0.57133188727889	0.312155289651699
-0.327441044350617	0.12966822779127
-0.788343745757691	0.414362328106443
-0.094825510373501	0.0660701308823056
0.6323231954158	0.755043928622067
-0.0783958612324863	0.0605303828558251
-0.479725112540609	0.522421134733059
-0.242780958197465	0.211546092539593
-0.366154773813824	0.358507508251482
-0.00643587924542967	0.00359301632558093
0.906467158004445	1.19605933723768
0.399633218063485	0.30958176904239
-0.00621801989780372	0.00347133379138808
-1.04440055935085	0.874733287180993
-0.167814701890377	0.0869867978736486
-0.104360815899979	0.0290077066781166
-0.788334455485247	0.414193392330842
-1.68633971949454	0.703563702264362
-1.10643563775539	1.48343306154168
-0.149763517824654	0.141510628335769
0.469586828631133	0.554851492953447
-0.492848800326452	0.593903236830431
0.175246708269524	0.177585588393676
-1.01094797395372	1.04629573419161
-0.52960636041098	0.57454843346485
-0.518789495863869	0.498775669364724
-1.0378697962589	1.64483608653347
-1.68657752983501	0.703681756485321
0.671567142878356	0.33484663200897
-1.35610128709322	0.474818712797072
-1.23442297805832	1.17075819927854
-0.968152752066219	0.567121503023109
-1.35579670478113	0.474613983393002
-2.94698077954152	0.645760131429668
-0.952135059882499	0.272770263417896
-0.407047340101398	0.0913266870047607
-1.81225698285298	1.31305541513534
0.396305048544428	0.22635906900751
2.67868888783708	1.64677136244639
-0.407047340101398	0.0913266870047607
-0.406143088696864	0.0911104868149055
0.178329729181954	0.0879236922445928
0.0617712952826897	0.0239168790122259
0.276716675342006	0.193539393850508
-0.149429725651847	0.141162244498251
0.399426973829484	0.325099203511926
-0.471797401774211	0.485740741266775
-0.801701613745023	0.847993548421683
0.0421500025685032	0.0298604386142199
1.12949310713366	1.89228994243507
-0.314928072102401	0.180459211008952
-1.51104783979523	0.927425652792618
-0.327441044350617	0.12966822779127
-0.579090117832204	0.267455039000505
-0.212605343275744	0.172450378501617
-0.518796646532029	0.498836162530179
-0.701816883705297	0.470731915364278
-1.04428125335874	0.874450999488996
0.163647281269824	0.108834487474704
-0.791787558524264	0.63030518261539
1.09689983913046	1.40770310099859
-0.167754090883061	0.0869546539632337
-0.825045854923464	0.599435065359958
-0.449804799749989	0.28265548947605
-0.10062225280412	0.0535115969827204
0.387350306201344	0.203615179010527
0.558666489042428	0.623792707637808
-0.843940344114945	0.995592818383262
0.142134412467577	0.0888701138044921
0.558777225327772	0.62399483277668
0.142104496445826	0.0888857228357281
0.178315331624704	0.0879190895682354
1.02265240382554	1.06700740870336
0.250671549096301	0.155227427239656
0.372950968880263	0.176251163954604
0.365795892718222	0.150333644094674
-0.358732662393978	0.230114354749903
-0.981373927907795	0.890781296672914
-0.100883640783606	0.0536391768639727
-0.358443927278773	0.229868386699299
0.387431007706947	0.203668807909657
-2.81259918367834	2.16580080935946
-0.104360815899979	0.0290077066781166
-0.167822568183777	0.0869921519796813
0.403122432305779	0.139593949723423
0.372593121133374	0.176024712366914
-0.171756506436492	0.102917399898034
1.92292803698478	2.0383974174747
-0.487712563830129	0.372844245573686
0.142051476455936	0.0888577884553235
-0.17381013832956	0.117590207916173
-1.8123784047149	1.31285784388823
-0.252821973911343	0.203078972002461
0.083015682803217	0.0646858189559798
0.399653175010465	0.325332889772646
0.644515795202983	0.746160392152551
-0.305857597611016	0.28285338124513
0.340398268757712	0.374228264190126
-0.732011940100003	0.732829633677683
-0.305859337552429	0.282882499564336
-0.58553404122298	0.632335799274837
0.779612091239785	0.875988688644532
0.806972845941745	0.876009460002654
0.804210548925672	0.712349086565342
0.372838340462595	0.176172443452236
0.607107860141163	0.368108325103569
-0.849278232245566	0.35392746874739
0.963409078782663	0.736933842807329
0.898189560089697	0.722628176067218
0.141944077139845	0.0887738399296703
0.104983037818287	0.0742023474051644
-0.581424526032711	0.516161570285502
-0.119410862413062	0.0729743072486799
1.01131556618493	1.37615094986661
0.929836539441232	1.04615595032074
0.140371237695329	0.109363049298383
-0.078511934218284	0.0606217948602629
-0.00479980150253003	0.00222543899707575
0.763957208446354	0.331045765272962
0.874733372651614	0.879546458639137
0.058487651644296	0.0369500740198118
-0.176098300794053	0.13206066315773
0.123385420895066	0.0916683702506069
-0.938721931069197	0.733772098957752
-0.461710405575953	0.447047797415738
-0.202563036607668	0.189961672005907
-0.58526604285379	0.770490801919064
-0.176767850527243	0.144609313402564
-0.422428119128095	0.236719234912365
-0.792066289731086	0.630748823283636
1.14990698215722	0.773998601930091
-1.12690984914405	0.723594191723434
-0.0789466320583325	0.0354412383139809
-4.86890552738918	2.53079300332062
-3.48199261945285	0.919202577093156
-0.305808690136794	0.282908391946252
-0.533156607958057	0.610024160118099
-0.479542087398288	0.522101027527116
-0.0627172119943085	0.0442519005246114
0.602148191533793	0.582715754374194
-0.131147323350631	0.0901154101141619
0.018454497184044	0.0124166826097499
-0.167921349798371	0.0870253071256986
0.0617712952826897	0.0239168790122259
-1.32935577109624	0.732691233079291
-1.96498450145697	0.956723482218052
-0.327441044350617	0.12966822779127
-0.00473520578037929	0.00219591531042473
0.399682502217224	0.245269833092447
-1.35579670478113	0.474613983393002
-0.49902058635198	0.63038453122852
-0.289090404130808	0.285384765765988
-0.144347482915285	0.118935443860856
-0.52960636041098	0.57454843346485
-0.44947814360217	0.282431103264722
-0.119571298130348	0.0730913852716358
-0.665628773482441	0.583859348821932
-0.931985518496727	1.09132426173096
-0.568404782301551	0.350035267727637
-0.658767448679862	0.622135778002015
-1.24511065089149	1.02221469041217
-0.391732523448923	0.191484277454062
-0.579047233084989	0.267435837190726
3.44542702694839	0.961324616818369
-0.422363725502875	0.236700130314835
1.8331563644153	1.1399795081543
-2.10727742655476	0.3785967871456
-2.10706742962015	0.378548652882402
-0.406143088696864	0.0911104868149055
-3.87542104119766	1.20695765047403
-0.406143088696864	0.0911104868149055
-0.517262058968037	0.178864495866734
-1.68718740077762	0.704071354649794
0.211857686193715	0.113839275081236
-0.406536039818103	0.0912270232471427
-0.0787197888754788	0.035331436723466
0.60666747478801	0.367841714094269
-0.824407938002382	0.816587305097345
-0.107588893142203	0.0823706215136181
-0.822646442103011	1.02214420733913
-1.2258555768556	1.32010393190176
0.7697048500773	0.713365515733353
1.12974869377625	1.89336235489069
0.0422730605607783	0.0299553321539199
0.129203628790739	0.0573571007674683
-0.788222961863263	0.414264406349458
1.83336628379572	1.14025227551831
-1.12703758998166	0.724067663560919
-0.500248816324381	0.416075405525705
-0.701832486364182	0.471016343360915
-0.877277380430432	0.577081252829866
-0.00643587924542967	0.00359301632558093
-1.27066180837054	0.885025373031595
0.711968581035779	0.546565959336452
-0.573003554697925	0.392024760025173
-0.391481666646295	0.191384943509599
-1.00939409998833	0.719191379540725
-0.28498370230448	0.186287806202676
0.635758310308423	0.564875282584614
-0.389716607294637	0.276063724492673
0.264741881640269	0.174598132091718
-0.00833713011532937	0.00537350785301406
-0.184627520138321	0.0791861460962011
-1.94195398850836	1.50504650455264
-0.732207785471608	0.441468073086455
-0.84751494297264	0.353113627072122
-0.00940109644110474	0.00309197435180766
0.128504583636049	0.0570536698492632
-0.579018048486102	0.267409454362904
0.372705457589149	0.176103244649458
0.0478951238309963	0.0241632634006464
1.2121859198127	0.970985606335259
-0.167822568183777	0.0869921519796813
-1.35656708661147	0.475009288267318
0.928880311944051	0.545314341145758
-0.391603095504156	0.191462066890932
-0.84751494297264	0.353113627072122
0.365797211168257	0.150339977566715
-0.358561349203797	0.229976361393022
-0.825247892420489	0.59937445297054
0.365902024574029	0.150387445991254
-0.1718633119952	0.102970008030611
-0.877235699762874	0.576995364187196
0.49708317547785	0.461581250458965
0.264611710694309	0.174500278389277
1.14981955405602	1.42911617587349
-0.28223076303101	0.244176663736343
0.318709249336962	0.294753322203717
0.242090712276927	0.214720322653982
0.735638044106412	0.881960695370533
-0.146913413667561	0.130113969916227
-0.326311824424262	0.280026266038631
-0.498965438912534	0.629807868868272
0.26715914936177	0.265023121350576
0.196226161935152	0.145414197641626
0.968740277837925	0.894867219943855
0.63229174929066	0.352703851644874
1.52805974606069	1.06683589829208
-0.450007061953605	0.282771054431683
1.11257366517831	0.937599599098464
-0.00657979808016496	0.00367176203867503
0.0290113532844415	0.0172048544907705
-0.00462762409852259	0.00214716140244468
0.0584409984340268	0.036915350809846
0.0289825102637502	0.0171873746132031
-0.413689766564485	0.320820924954667
0.399295830525548	0.293323626553402
-0.648684491302877	0.696569312787746
0.116475015422518	0.0682251413948048
0.711981637507327	0.546618402945273
1.34289595232922	1.01499095487319
-0.934036220048153	0.914018836599402
-1.01137291582881	1.0468867359018
0.142158877408837	0.0889187387226178
-0.389955764282231	0.276364109155234
-0.172035766830778	0.103097356983146
-0.260766091295426	0.131607173198637
-0.788222961863263	0.414264406349458
-0.848034357080434	0.353432748047731
-1.55197013026642	1.81453962005114
-0.0345166891399515	0.0246353687525861
-0.389902765292212	0.276321754862654
-0.568412513831888	0.350074832940256
0.387793623993806	0.203833458215704
0.178502584419716	0.0880150507571391
1.31754699712777	0.590324009457586
-0.847833196182046	0.353207340512575
-2.68380367508382	1.94115029656109
0.128739954381237	0.0571706971446716
-1.1146996213552	0.541121784175122
-0.185049723845816	0.271871911106401
0.0631926542085963	0.0831309087678414
0.203952537805409	0.194449583472266
-0.211076962118094	0.258354185747601
0.0380982097345895	0.0355466122855264
-0.326227592780165	0.434132459686752
-0.182446590675037	0.241764381573074
-0.461313616263823	0.716943040730595
-0.00471351223080486	0.00218494087160831
0.440513946717843	0.120393291309023
-0.306053310445979	0.283100117449058
-0.487741478563822	0.37286372866831
2.17481039900902	0.972748943138888
-0.95187692509697	0.272670624519378
-0.951768045880078	0.27264192625531
-2.94698077954152	0.645760131429668
0.366006846139723	0.150375338743401
-1.35626224425971	0.474875835650706
0.928757462515204	0.545183921949788
-0.449746215436977	0.282653986067633
-1.51128399880157	0.927879913676698
1.52783477727406	1.06674636561976
-0.579018048486102	0.267409454362904
-2.94742201638341	0.645982057725913
-0.933718642424492	0.913345059106075
-1.47872278981458	1.6473945148113
0.496739626037462	0.774580333973622
0.488747057606729	0.921271618862717
0.0193633590575099	0.0196720158229136
-0.975694125586759	1.84202883757335
-0.308141993914434	0.321797804411755
-0.152391931692045	0.19401792476857
0.123256352705787	0.120213067820803
0.0859277319671003	0.0468578545566706
0.365691750007034	0.150278237952888
-1.52283520394249	1.22073671253041
-0.62921324858704	0.863731278218524
-0.107471564398254	0.0822786215010428
-0.342981575252604	0.357083819961501
0.242201410397855	0.214856972470571
-0.395807745123402	0.361408517257778
-0.665817649525553	0.583957697516659
0.333098311425916	0.343389603801542
0.715617930621586	0.720536934995111
-0.486602450988311	0.558131626082066
-0.583703120286155	0.556469965414031
-0.0947125918300153	0.0659933735364849
-0.325145477918989	0.357976395017254
0.40414048067488	0.501259930271971
0.072795355872737	0.0682880410014706
-0.406106056436069	0.539070655029759
0.644582285544864	0.7461223879929
-0.119598493637038	0.0731100910843556
-0.0626765370969724	0.0442193273871746
-0.17556522105828	0.154732315930289
-0.653647603974147	0.66007976754343
-0.732170766074403	0.732852964680826
0.803936420092104	0.712011663513178
0.301557864876519	0.245828147918985
0.0185670250698239	0.0124939251739128
0.242328311694564	0.214936533819688
0.182156286592536	0.161191707114877
-1.62735677451131	1.68609390062065
0.0479668102951513	0.0242035155870716
0.398569630004423	0.276758035821271
-0.877169937096785	0.577203324418684
0.276822648769099	0.193598998493041
0.340387426281887	0.374246315400579
-0.0284027572203765	0.0222477973730666
-0.199724241755248	0.199136732209816
0.403469373049001	0.459959344167369
-0.0979106474260177	0.0874709913021991
0.462370392998392	0.593063382627878
0.111853301312644	0.105539199479993
0.11694440545089	0.124374106890656
-0.135692176517943	0.144292127452859
-0.584036174165753	1.04139845234911
0.0177068412411296	0.0206025026536263
0.125320751557624	0.148763265057415
-0.145227080577122	0.205161756015964
-0.0249584693468924	0.0267190473567867
-0.0753149478625285	0.0880555467142296
-0.175735989689266	0.18603542717213
-0.156689679779579	0.183592129170426
-0.394634142390321	0.432338551387626
0.209738258855914	0.163314651146803
-0.500159334491165	0.4159220710657
-0.131036907601626	0.0900279719569885
0.294497222084847	0.22898750613545
-0.295141903781338	0.325759938543578
0.258406550071765	0.313704780589077
0.952853947273038	1.51393467734
-0.0284293685003356	0.0222666434205847
-0.121138139578488	0.107756756931399
0.0240130312891194	0.0216530167192553
0.203883538105139	0.194356859553727
-0.268543545201617	0.39891263907224
-0.10038950642051	0.107157699163293
0.289589824427979	0.325692213884521
1.15457177884896	1.10893769082864
0.481390677174348	0.500449676732147
-0.629398161592304	0.864003617679907
-0.25315328422318	0.309396302013277
-0.217407516297759	0.161059132045363
-0.354462444498737	0.430700109350313
-0.766414454254694	0.663108225094003
-0.890123915538507	0.758022767011415
-0.497757505625351	0.884845697667699
-0.44450257998104	0.61495462618344
-0.0838474306133179	0.089585122093515
-0.138700155964994	0.155217301533713
0.660895651448147	1.26588794152481
0.301961464163544	0.369190816729924
-1.03819177510079	1.6458010375987
-0.00833713011532937	0.00537350785301406
-0.29896684560065	0.237764756905772
0.142050123427152	0.088833895559877
0.711676619213986	0.54605131216293
0.0857559934226779	0.0467736506521512
-0.686827855694164	0.508381075212563
-0.0487822222888425	0.026595821843986
-0.571856302171083	0.312667878337296
-0.198446991415222	0.209487328470006
-0.852478205765596	0.785785640793822
-0.0627426994895185	0.0442696687365672
-0.573122228556241	0.392182120784472
-0.34815037397485	0.320072257842192
-0.387466056641259	0.536942030832189
-0.732192865670734	0.441473163114747
-0.184363306761202	0.079022323203439
-0.952135059882499	0.272770263417896
-0.23539602597155	0.138035568356171
-0.518151592408807	0.17915606425969
-2.94720125929596	0.646055459499367
-0.406653408801407	0.0912540543799087
-0.406536039818103	0.0912270232471427
0.956226036647493	0.344930752421141
-0.516625938445608	0.17859542475739
0.449482770198073	0.0873321855854351
-1.32938572253344	0.733074998982863
1.3082662459452	0.797390693711427
-0.104046979058593	0.0289047757466345
3.44549632854058	0.961689054878872
-1.96398821246931	0.956159377765416
-0.449894406409047	0.282684690460742
0.546658537699458	0.39936889682843
-0.423999886928913	0.438229976871072
-0.752706910947216	0.939426980632852
-0.281898524808045	0.24370692483894
0.14050139907771	0.109464650606906
-0.585649983600677	0.632392842030808
0.929709215444752	1.0459804557593
-0.167860712017752	0.0870028481663323
-0.848756633713589	0.353692019334519
-0.0788332563552394	0.0353882174785728
-0.406260094312188	0.0911374164788629
-0.327335889648938	0.129624283363844
-0.515740598803656	0.178130668849307
-0.515740598803656	0.178130668849307
-1.15409664065732	1.32578895827275
-0.265741780435911	0.194239500486931
-0.518941348333222	0.498871092952397
-1.14899667515834	1.17281384342028
-0.235316786021102	0.137981180349472
-0.0488357677346139	0.0266327969000951
-0.391498369660419	0.191308871920891
1.36217591035637	1.19728192741819
0.79652044983038	0.5464742420311
-1.00958459475678	0.719552722677059
-1.00943210635186	0.719314837631752
-1.11459535646121	0.54087500274063
-0.322181024893116	0.23204661658807
-0.265614440495864	0.194180304416663
0.083310726233582	0.0557878799429237
-0.648713567559978	0.696543038899367
0.250883071618732	0.155317197943679
-0.472094075181024	0.329036698021253
0.365797211168257	0.150339977566715
0.522413088300921	0.423900372981617
0.366007310144161	0.150389420387711
0.211895891785283	0.113859386997973
-0.184271044593708	0.0790222441021079
0.898436685031673	0.723471675074255
0.211849784137663	0.11382783840282
1.02257212127383	1.06706916732697
-0.576882370471677	0.434180566976922
0.671668417677061	0.334620740436342
-0.0786652342337771	0.0353041509350032
-0.449551847246755	0.28255524491248
-0.732114848484512	0.441422043241892
-0.571531865159127	0.312374846114351
-0.299146088752765	0.237921778175476
-0.658725945119197	0.622191717871612
-0.100369256397121	0.0533525851212288
0.387255709282983	0.203530837713989
0.6563136995897	0.556790487890074
-0.0759463769065314	0.0473158585830138
0.588595066392203	0.591766024504237
0.740431973094889	0.716178523874069
0.209697856774285	0.163272789749553
-0.176540348119829	0.144355104882025
1.01570244328656	1.22255679589545
0.251333926928551	0.231871783363614
0.0855686574384004	0.0752113297085843
-0.00706815006793827	0.00557231721100354
-0.342625862467797	0.356405360141135
-0.4112377240035	0.400552763562645
0.402502395640229	0.431160691862527
-0.39009037669517	0.276450857378076
0.211918251717271	0.113865661807845
0.116414508098209	0.0681924531426653
-0.571624596727463	0.31249828110112
-0.719797388829241	0.7672039451182
-0.217541678589498	0.161189557587135
-0.8525382689439	0.785554693246388
-0.285197483829977	0.18640328386474
-0.0756720491094712	0.047125696163082
0.294628424596357	0.22910263100957
-0.376097638886974	0.31981980715891
0.401217664989699	0.415466112183935
-0.366218316568138	0.358684589540661
-0.472047704335293	0.329071112036136
-0.877020695133298	0.576798736351056
-0.938971978520868	0.734455823851989
0.0585726739901592	0.0370012414493682
-0.0944930290534367	0.0658343548273408
0.0422730605607783	0.0299553321539199
-0.581421320911981	0.515880806331806
-0.308176007757536	0.321736146814301
-0.729901109738607	0.998135843430158
-0.643728151393778	0.730967536318288
-1.93118167724533	1.94577024943111
-0.934055074566501	0.91404265035613
-0.23361727818906	0.21817966141294
-0.325359496940728	0.358226847674092
-0.631838961685051	0.830424898928668
-0.2597077713833	0.302349005530613
-0.471663518407286	0.485522135579118
-0.207340428615865	0.181713279181488
-0.233536960383459	0.218126490130705
0.328753096830807	0.327461231144158
0.938053122111539	1.20207133869022
-0.144514755084719	0.119091478732699
-1.3777796896593	2.06364225577895
0.398965812529665	0.261023979914902
-0.358588196149511	0.23002237558786
-0.0789466320583325	0.0354412383139809
1.8333666502392	1.14033606036781
1.05626564904319	0.549859734255288
0.852939962809722	0.546934303038246
2.23944236424743	1.77964824003725
-0.327440587999834	0.129669435996948
-0.57885989796914	0.267210036729404
-0.877169937096785	0.577203324418684
-0.327230659220978	0.129567376802136
-4.4491249689858	1.84196048033348
-0.0788394138547632	0.0353861542623881
0.0185006670919112	0.012448864722067
-0.176118532473745	0.132076880870444
-0.094605844788756	0.0659202457636271
-0.516625938445608	0.17859542475739
-0.406143088696864	0.0911104868149055
1.83326260705364	1.1404506258399
-1.51151154262208	0.927724141804404
3.44556547002046	0.961475626406072
-2.94698077954152	0.645760131429668
-2.10727742655476	0.3785967871456
0.44025009120492	0.120379994939149
0.956226036647493	0.344930752421141
2.59836788378482	0.565681354882139
0.44025009120492	0.120379994939149
-0.516375129736063	0.178441001382876
-0.406536039818103	0.0912270232471427
-0.0081408866142675	0.00267744478079309
0.449482770198073	0.0873321855854351
-0.104360815899979	0.0290077066781166
-0.10045091808691	0.0534111225538958
-0.376184178106449	0.319890001238324
0.674878259874367	0.731025858500893
0.116475015422518	0.0682251413948048
-1.12714961438317	0.724193919652426
-0.389958581984116	0.276296546954303
0.796542286709821	0.546503907985386
-0.517513875524486	0.178911161319999
-0.951510131474032	0.272461351367526
-0.0081408866142675	0.00267744478079309
-4.44881840888359	1.84062674574224
-0.518151592408807	0.17915606425969
-0.847833196182046	0.353207340512575
-0.0788332563552394	0.0353882174785728
0.852778255844793	0.546757450411459
-0.968033043844823	0.567023112730889
-0.327230659220978	0.129567376802136
-2.81249308077895	2.16583786673649
-0.578988840358499	0.267264150644971
-0.571737584667295	0.312608565413617
1.05615920010244	0.549561803212589
-1.11469959880058	0.540907832368884
-1.13151235160817	0.867711109736061
0.211956415974128	0.113885749261243
-0.788575520499092	0.414353051058273
0.396068108708119	0.226269963646636
-0.184485633764555	0.0790929662935038
0.763957208446354	0.331045765272962
-3.87503061007077	1.20658143667459
0.128844798984404	0.0572090254928978
-1.11394961846196	0.540358650867839
-3.48219873584491	0.919655084022901
0.40402043752692	0.139945751112398
0.372725804073486	0.176054068288413
0.365797211168257	0.150339977566715
0.0618001400542124	0.0239176235089601
-0.184617640808077	0.0791844639739394
0.448931724883838	0.0872096407569261
2.23921082823121	1.78036743679166
-0.00887297177040951	0.00291884997088316
0.365691013165346	0.150286033986656
0.956396713452994	0.344907057276545
1.03206268139685	0.911019810572968
-1.96368093592683	0.955822689151189
1.7210806538876	1.34702122879155
0.796629057528294	0.546502925119404
-2.38060556106765	1.46186003707845
1.6637398985447	1.51663739569065
-1.32931437217088	0.732704638322614
0.387431007706947	0.203668807909657
0.211880101492958	0.113837225827733
0.0859014915634962	0.0468510187878195
-0.702068994582289	0.470886155986589
0.399026614516123	0.293037091397908
-0.314737975535389	0.180310123749427
0.1161634901573	0.0680366741364742
0.163608641365058	0.108804553605115
-1.00953873661838	0.719001799339647
-0.449641252180695	0.282629245641421
-0.0788332563552394	0.0353882174785728
-0.327440587999834	0.129669435996948
-0.951510131474032	0.272461351367526
-0.314982198182125	0.180510673545541
-0.968272243637976	0.567172585007472
0.372961276956232	0.176215374962572
0.178250692646318	0.087868903847657
-0.571850481296198	0.312666676322475
-0.51764708606635	0.178953973086848
-0.32733529210431	0.129585538245281
0.128617894345499	0.0571115897629187
0.0478757935477757	0.0241566119386645
0.387605725992851	0.203766496048981
-0.100883640783606	0.0536391768639727
-0.0488357677346139	0.0266327969000951
-0.0788269788881849	0.0353859300459337
-0.877128198496476	0.577191008258668
-0.471926829276133	0.328942702328004
-0.568481019853327	0.350153375981782
-0.472038605251935	0.328947274704694
-0.358403573374647	0.229826301873213
-0.579119326010413	0.267387068020036
-1.94217785162884	1.50556750778932
-0.314814424996404	0.18040114856928
0.546882652287686	0.39961135638563
0.399445402301504	0.245109628862533
-0.413563994209401	0.320580139826377
-0.322244113029841	0.232093565796801
-0.119438062625368	0.07300144384376
-0.499863887287933	0.415499864586246
0.63575597718878	0.565136053841601
0.796434639915807	0.546296788418666
0.584636987999026	0.37975716331902
-0.00638929513398506	0.00356739098780242
0.769730612762067	0.713415955765321
-0.167792228123067	0.0869736387408147
-0.579119326010413	0.267387068020036
-1.68779819019677	0.704372690601768
-2.94698077954152	0.645760131429668
1.28995666139643	0.361009605400419
0.365691013165346	0.150286033986656
0.956055118653698	0.344844233810228
-1.11449125834891	0.540788176297302
-0.0091951964681284	0.00302330471275721
-0.952135059882499	0.272770263417896
-0.951401566537421	0.272432782475208
-0.968160264279937	0.567066206054291
-0.0491652464123126	0.0268075543086698
-0.235409159682121	0.13803600571538
0.928880311944051	0.545314341145758
-0.167723743572673	0.0869307434564531
-0.00818900317591642	0.00527728262442115
-0.783284459182909	0.879654013737668
-0.103708004302289	0.0288061650208548
-1.5112760877357	0.927430513104126
-1.68633971949454	0.703563702264362
-3.87522571878201	1.20686794936312
-2.10706742962015	0.378548652882402
1.31690798760239	0.590129049397097
-0.952244254371164	0.272799090918146
3.44549632854058	0.961689054878872
-0.517262058968037	0.178864495866734
-1.35563614408753	0.474557097061527
0.449356737420673	0.0873001538306624
-1.35517165583896	0.474174060906171
-0.406143088696864	0.0911104868149055
-2.10706742962015	0.378548652882402
-1.68596857506758	0.70320287292914
-0.877128198496476	0.577191008258668
1.15014266729831	0.774326861652598
0.16351844739704	0.108705640887679
-0.568481019853327	0.350153375981782
-0.00475680929605525	0.00220672361861251
0.387431007706947	0.203668807909657
-0.0789466320583325	0.0354412383139809
-0.00649619072655505	0.00362618846728953
0.211849784137663	0.11382783840282
-0.391724305318784	0.191524028484181
-0.516877128372687	0.178641872315134
-0.84771589802742	0.353095483927744
4.3409413332655	1.77184686129911
-0.788222961863263	0.414264406349458
-0.516375129736063	0.178441001382876
-1.68694899077746	0.703952762450668
-0.848034357080434	0.353432748047731
-0.968025445363508	0.56675996581703
-0.471917697128645	0.328849219181502
-0.28518786639213	0.186434024764144
-1.40188477168528	1.05085158297314
-0.967928406766678	0.566690436445225
-1.13154295188984	0.867783868580836
-0.00907866149999291	0.00298664964320787
0.387524745750924	0.203731359245904
-2.81249326775805	2.16602772295298
-0.788111377288474	0.414177817025583
1.3171611502856	0.590087165510619
0.211887954999951	0.113856287486724
-1.3294270748627	0.733061521380134
-0.848034357080434	0.353432748047731
-1.12680276458926	0.723836733698945
0.963622449255186	0.737032606359318
-0.260314528745779	0.131393590854783
0.234396349619033	0.13565353178987
0.765015511027073	0.33174094912973
0.632046398741327	0.352597545210657
0.128382892136535	0.0569893614731727
0.178582044959992	0.0880558495915799
-1.35626224425971	0.474875835650706
0.373074051711785	0.176294168822822
-0.422341841578886	0.236653826502526
1.05626488614213	0.549849792880685
0.606905808623433	0.368049054219425
2.23909959407759	1.78017430309562
0.396197438898127	0.226365511940548
-0.104674754370764	0.0290881727694566
-0.0083456807373163	0.00274570284113593
-0.422363725502875	0.236700130314835
-5.03426811334313	2.85048419027073
0.440364661588217	0.120386763104114
-0.471964074016085	0.328988442076057
0.0616700182489409	0.0238789606093496
-0.327230659220978	0.129567376802136
-0.18438336931455	0.0790808605857554
-1.11469972387002	0.540927932422351
0.250671549096301	0.155227427239656
0.128496054262865	0.0570471936487537
-0.449470313294104	0.282463449072139
0.635583455288015	0.564897273997189
-0.285043981003217	0.18633542576247
-0.0759489641588138	0.0473161986698993
-0.376051625080817	0.319760670481302
0.606811949914098	0.367954213314213
0.398919196382213	0.292699885433778
0.399621764926025	0.24528629890332
0.853033866383466	0.547002647083637
0.116451858679516	0.0682159522077023
1.34272182391304	1.0146264042384
-0.391724305318784	0.191524028484181
-0.825127181183508	0.599448766878507
-0.732177930350104	0.441368127807516
-0.732021846522536	0.441299012127764
-0.573174952210549	0.392042765871322
1.05637106962915	0.549947620800554
0.163521087137834	0.108760112686365
-0.56857990501294	0.350166387556922
-1.35066607116929	1.18185879535167
-0.791838664214195	0.630355242517293
-0.184260968187063	0.0790176636787065
-1.74045316683023	1.57430107940603
-0.825158717915544	0.599291194086621
-2.81249308077895	2.16583786673649
-1.06770226032767	1.02971511897472
0.681036505198026	0.550198685459675
0.181506676501752	0.127761413863331
0.54679022047352	0.399511882423471
0.396284062791461	0.226395002349251
-0.701771467802911	0.470856745105674
1.15026509610464	0.774341633185776
-0.171831111220029	0.102975093490661
-0.579233535502349	0.475321044301583
0.399493311157774	0.340648530554729
-1.27050791219214	0.884661458500863
1.51246676694677	1.26229738593295
1.05637042484898	0.549937742703155
2.4522800111156	1.30195468533053
0.956396713452994	0.344907057276545
-0.391611384485079	0.191440763997525
2.87963066246054	2.00186666770316
-1.68657752983501	0.703681756485321
-3.87522571878201	1.20686794936312
-0.327231183041061	0.129525284241862
-0.406653408801407	0.0912540543799087
-0.0614075033683001	0.0624215772387531
0.361680473590733	0.517324188286275
-0.720982803106315	1.02839453297591
0.71544946601204	1.37699863324756
-0.370111851517019	0.533685909747258
-0.196907082104846	0.21933466895367
0.00615085221701302	0.00605529974305088
-0.135733587668506	0.144337626469369
-0.346011246320228	0.498676743214297
-0.0437646378490784	0.0368818876829174
0.162031836776715	0.198639557782221
-0.825247892420489	0.59937445297054
-0.391360018543522	0.191292687350545
-0.18463738170786	0.0791607990119409
1.24598316835628	1.14572178126967
-0.184025732944261	0.0788881612199788
-0.171756506436492	0.102917399898034
0.141837999713012	0.0886982180340347
-0.00484279931117502	0.00224682304483335
0.211857686193715	0.113839275081236
0.211841965286831	0.113798584359214
1.2459159380877	1.14550426291643
-0.0078192213786039	0.00257237113093503
-0.413815629625469	0.320996865707269
0.349948330799373	0.430896614113404
-0.471758725866629	0.48567728187109
-0.405854656459489	0.538494347978851
-0.314387156794539	0.400873219469029
0.40363306538577	0.526947134832014
0.347673086768745	0.416407008280065
0.456043547386152	0.63041094345683
-0.46157910044817	0.584107529174226
0.228899731561973	0.240793128259221
1.03374879097265	1.8417772454178
-0.175606319787497	0.154760856488758
-0.708944705169334	0.801217980767438
0.123623950109965	0.0918563579771414
-0.648301895348927	0.696050801669448
0.232157103746618	0.197624826088844
0.0186333673940162	0.0125386230495905
-0.653622576466773	0.659864975178518
-0.173706043323555	0.117517735171807
0.481330082406167	0.500314948400575
-0.202566533357821	0.189971275488836
-1.32608960823279	1.91241634192204
-0.394498951163793	0.432116154525585
-0.237237349745247	0.276882038151769
-0.529625174433824	0.574448735660198
-0.54835726465137	0.786701108172351
-0.112453079075683	0.113502083749886
-0.372046556464665	0.429847570996158
-0.351713017116869	0.276409214357251
-0.282114530662509	0.244104562626992
0.400478005376388	0.400474625453948
0.318725598019981	0.294803770004068
-0.212699182290585	0.172574668852142
-0.902349319097313	1.27834020139292
-0.276765384894833	0.289838370276692
-0.276779562027381	0.28986742111387
-0.358263967458095	0.393362802968581
-0.0521043401232209	0.040534904021394
-0.242786227222363	0.211532161496623
-0.99439839574475	1.52019335539315
0.485537476895667	0.486893747041495
0.617704044951954	0.573751586513024
-0.719681933824323	0.76741538842748
-0.176601606614066	0.144459897099089
0.264551372342609	0.174450099076039
0.042330840524158	0.0299958982139038
-0.376143684377995	0.319851962038645
0.60223488348175	0.582834974087951
0.567195175434333	0.61255360770368
0.123643013424784	0.0918693581809042
0.577290246775368	0.602018658296697
0.53323209335637	0.411160796994751
0.490748455392357	0.473981865843764
-1.28429511964818	1.61968089291607
0.140262691662791	0.109261739662915
-0.202570026515887	0.189970156498749
-0.411222050821165	0.400659567402869
-0.176712165728201	0.144563040925018
-0.305909055347326	0.283015327077871
0.399345224825531	0.340395318968841
-0.207427279705743	0.18184925251526
0.273782377056919	0.280858532545222
0.193737021430441	0.178129781605771
0.464762182324851	0.580727943051354
0.273864783694073	0.280942614374158
-0.358147662677212	0.393320324164048
0.182096151659016	0.161081795358749
0.285145497443562	0.311464475339131
0.203994041707369	0.194481706940374
-0.0684491629520162	0.0655967028111274
0.403857274681027	0.474034837681892
-0.788643612345992	1.07598749795263
-0.107588893142203	0.0823706215136181
-0.276979466364639	0.290067979884006
-0.449461019006595	0.407127485073451
-0.0785452783979761	0.0606454793227332
-0.620749757961301	1.03499161026334
-0.289052302635348	0.285338013077219
-0.629164747360445	0.863518796296686
-0.0762071447781161	0.0683525167435506
-0.326483377629149	0.397405365201639
0.204063045153452	0.194564787130582
0.116183915614566	0.0985519072341336
0.191919352497622	0.206829060599628
-0.876247880513573	1.13831947087499
-0.45141469294631	0.650187014627695
-0.58710417092221	0.876492897478707
-0.585154492428132	0.770287270212337
-0.417754694579017	0.50558009633923
-0.469227350444256	0.621146095965898
-0.342871036627444	0.356996406251039
-0.434954304411618	0.475200621372345
-0.222263249602154	0.234043393023802
-0.643272400714814	0.730248839921803
-0.275823316541973	0.336532415361809
-0.723565161539201	1.28961718277976
0.783603794825362	1.34489900512904
-0.207203214180452	0.181564454550546
-0.340302006840787	0.393842022071862
-0.311698006381929	0.361567832934872
-0.196761843949128	0.219173224250528
0.235824220369659	0.255716376505348
-0.311674272010548	0.361682965705354
0.323831363056556	0.311134069761231
0.402352021554393	0.431017875821108
-0.149300797384312	0.140990461097398
0.762944898490936	1.19747003107222
0.401310378925919	0.415671406139586
0.402213393318885	0.43079953357987
-0.0651628107281297	0.0546398590272542
0.523403444627197	0.693887811769148
-0.0651938173053836	0.0546652615422301
-1.32061182671971	1.32502985258489
-1.36899469164179	1.62820375326601
-0.235369770675652	0.138004043591348
-1.16169217336323	1.90007014558129
-0.260059392722776	0.302977861384619
-0.542928641936159	0.71607349736624
-0.246031966856684	0.314160289898159
0.191727392625065	0.206597497083603
-0.00748221109480648	0.00681954731873335
-0.308173585613694	0.321845672759447
-1.03818365280589	2.52197689642453
-0.182730468749531	0.2423182056047
-0.288339169936069	0.4293157847269
0.0681602728221799	0.0738760390483458
-0.294814702047015	0.325239605463483
-0.00764297723167947	0.00696586969771701
-0.196502124934244	0.218783909119339
-0.298793677715702	0.237613009252236
-0.0760120659596625	0.0473565155075544
-0.407047340101398	0.0913266870047607
0.211918251717271	0.113865661807845
0.128739954381237	0.0571706971446716
0.061698863167424	0.023890625298551
-0.57950760152142	0.475508587411243
-0.00464925692511027	0.00215784838081213
0.852859024632958	0.546883761518186
0.399591436244457	0.245265409014508
0.396154537368834	0.226335141231484
0.0616264557748945	0.0238611614751663
-0.449925186703134	0.282727938805913
-0.0861986631547651	0.0823118942524398
-0.277007828276191	0.290081497876607
0.918661570374081	1.35365674096125
0.15368038541896	0.183297488416366
0.572568917674429	0.82220785682558
-0.499249624753462	0.630529214046342
-0.021093592255435	0.0203848936169067
0.783721047726497	1.34496160634913
-0.517716297045532	0.774441069551545
0.282814884138445	0.390393369135169
-1.33901648434021	2.32969866686773
-1.24527253921091	1.02234010991608
-0.217410789822541	0.161083572869334
-0.224335078077715	0.149257804118276
0.196533389335441	0.145721304494099
-0.658812020234313	0.622272623786636
-0.173873205805169	0.117633901391615
-0.242780958197465	0.211546092539593
-0.326159922484406	0.279907201089532
-0.20749283168265	0.181903967536504
0.106490390147058	0.109844680561659
-0.0475547671427673	0.0554375254957828
-0.0537023961490298	0.0574744259467177
-0.06122498618568	0.0622272732905686
-0.967141334514004	1.5374585568027
-0.752798184337357	0.939535965995986
0.242096037908209	0.214744114163649
0.8546437642617	1.1912608665035
-0.351781995904038	0.276467930110183
-0.471691822276991	0.485594913166363
-0.21267756795132	0.172548501545212
-0.0244419494078608	0.0206971862539983
-0.351954321284277	0.276666513577105
-0.788578049121983	1.07597110667925
0.0294132590949347	0.0247948555196385
-0.968284368308642	2.00319464515096
0.602559933602322	0.783862070694972
-0.585389996817857	0.632034865810132
-0.585226016335568	0.66741063367779
-0.176046668616629	0.131975813275289
-0.242747585157916	0.211510526209438
0.551528955089257	0.635590348275376
-0.897517881794049	0.94030942754423
-0.119651523577888	0.0731394835730531
0.589022195690945	0.591873707535578
-0.25306100751911	0.203389159680727
0.617658785731477	0.573718074229117
-0.173917091531538	0.117682478952323
-0.658880597179949	0.622257069897141
0.0289038193280555	0.0171413780587822
0.141945413134548	0.0887896964119642
-0.665565860044932	0.583781834448672
-0.100427730451234	0.0533968200283202
0.586284719996607	0.80241532909928
-0.00914440533747055	0.00659387262922071
-0.256247747178576	0.253859761841869
-0.207473708246234	0.181879734086638
-0.3082789817827	0.321932359852375
0.342994973237755	0.388335529631884
0.777857437565764	1.19286207417462
-0.175405927550633	0.154565767241377
0.0452255896978721	0.0395710713171451
-0.135760816355218	0.144359902389039
0.893733236885823	1.64518460326166
0.115826291911084	0.133678078612972
-0.290827848905487	0.402800541420391
0.572495491888688	0.822118908219834
-0.156344508088674	0.183103296542815
0.213288139890229	0.250344557574057
0.586393233896212	0.802789497901857
-0.248276197336127	0.260673374546311
-0.0569496517217853	0.0512973130993377
0.968656580278954	0.89475746323902
-0.524931376842375	0.537488822556048
-0.0978367251233382	0.0874033748114266
-0.924308746450587	1.4164262714751
-0.199550047527116	0.198903897604671
0.0120523372019187	0.00977303482538587
-0.00667176538127362	0.00567616652664009
0.632296285894712	0.755172383071957
0.273899392708689	0.280994606386624
-0.199538679067542	0.198938069952024
-0.155316352772364	0.164786859665398
-0.0883301505744235	0.0990256766343759
-0.197007695935026	0.219450107616525
-0.406390894640143	0.53940375784396
-0.325159717250496	0.357981396766839
-0.414977834375541	0.574444932454095
-0.176214819360463	0.196615308024174
-0.58409863616039	1.04170913404132
-0.408475803102654	0.634456817842282
0.451392489083392	0.66900994351517
-0.154845646857137	0.164236441559826
-0.176496412601905	0.144330299287743
-0.308019068728431	0.321613498368632
0.350109952444443	0.431153461244566
0.490812879449934	0.474081067016324
-0.366013229778637	0.35830987853021
0.752043917379737	1.04276002623969
-0.00902836931649561	0.00650954682405186
-0.326347850552407	0.280039252640529
0.0344135836876693	0.0268052430780312
-0.176889293610548	0.144693460562961
-0.852604151174065	0.785927542903538
-0.260343515581359	0.131418537401997
0.286334355858973	0.211582312059847
-0.573148582352656	0.392220049465515
-0.35813023428508	0.393314282999748
-0.351391844276846	0.467455928132842
0.213142965578737	0.250174311431064
-0.156740494328335	0.175095171038169
0.312050661521809	0.412075621989656
-0.361428584983192	0.501012810865221
-0.314239720055416	0.400678711251224
0.220563986772159	0.301674283781333
0.117206244947265	0.12467772916251
-0.175130751207762	0.175179697620865
0.0830771676423652	0.0647099165156731
0.169432757467572	0.144002537968792
-0.487715822601909	0.372764980793623
0.372950968880263	0.176251163954604
0.564422049407264	0.389700830190336
0.681036505198026	0.550198685459675
-0.173793977810882	0.117564984361796
-0.791982672273346	0.630647826107759
-1.32934427758984	0.733020573050618
0.497389649309095	0.461887550182002
0.564422049407264	0.389700830190336
-0.788584669491101	0.414442391647873
-0.686670269083675	0.508235697146491
0.213180374098069	0.250222735146578
0.273747764701311	0.280813844471173
-0.461717800577787	0.584345130476416
0.253370106972696	0.299421203805922
-1.40010808717976	2.75865235127556
0.50240279238203	0.749519399115867
-0.0571949365639926	0.0515202250558984
0.55423514562036	0.851229388081303
-0.406492868339706	0.539561994819392
-0.406581442826578	0.53955523224116
0.0137427173267211	0.0102323652032013
0.611617532646374	0.774031168831592
-0.308127923156514	0.321786741804903
-0.0945131734580805	0.0658459477266383
-0.901892476357443	1.1149831143537
-0.433270756414973	0.364627517279049
-0.152403828721572	0.152883823330598
-1.21631768332401	1.61806652108899
-0.461941509756062	0.447436107084494
-0.120965091024651	0.107610526601172
-0.135470115937899	0.143956738129514
-0.309522608022788	0.461945416039357
0.301881068067526	0.369112797771099
-0.0357449131033723	0.0344513468283395
-0.0888151375945493	0.0740672373967776
-0.414879308010072	0.574291612999104
-0.9576832582313	1.23809004308569
-0.342978079803888	0.357126367483754
-0.202708069778646	0.190129588791248
0.523400752896233	0.69384551272812
-0.967172853714768	1.53749063950567
0.174976893244232	0.177307611227594
-0.105273195789266	0.100139616073067
0.464899235951296	0.580866153844329
-0.144308833928759	0.11890221872615
-0.584842945891993	0.73588390454362
0.15501164212338	0.147034883568781
-0.174710252063691	0.164468069267677
-0.00728193382793028	0.00573965384912138
0.235889560636744	0.255875362359546
-0.242587567454468	0.211304865541151
-0.326232293617476	0.279952586454806
0.40044470479921	0.400412287506984
0.221641519655241	0.180666331678671
-0.351733696571326	0.276410145262017
-0.665625717998748	0.583870435607684
0.631961583281489	0.754261262111061
-0.843990827409125	0.995598102864822
0.221431770752806	0.1804683906791
0.123312792666688	0.0915906667840502
-0.176463124497817	0.144278539617868
-0.653129196854313	0.65896027243645
0.333215893936166	0.343501444919967
0.715445504442213	0.720411590700479
-0.413985546774724	0.32111240827119
-0.0346252195491577	0.0247110725291593
-0.529585249353025	0.574484750216383
0.579299845148733	0.812667167068855
0.267010468467694	0.264822132400278
-0.32506840310441	0.357848976286615
-0.861979164263391	1.32424030556057
0.663798712692777	0.91530793664708
0.472375166725308	0.541892251811941
-0.0784452176349415	0.0605699329836714
-0.21295207709753	0.172746235867332
-0.824012039357249	0.816178893464369
0.333231489079372	0.343680285739857
0.328956214306635	0.327702763095005
-0.542863686215657	0.715904603444069
0.879028934528577	1.19252957147326
-0.00724754222040941	0.00571301690914242
0.251198703362426	0.231705020942192
0.579193388916495	0.812471089583625
-0.112527894311587	0.11359147021313
0.490870497861311	0.474055860706338
0.644488060704326	0.746134185761975
-0.394709980988199	0.432465848606843
-0.0438559826741441	0.0369590260297165
-0.0784012276735741	0.0605377761182603
-0.207336420570803	0.181752152660629
-0.585111862773407	0.770221038486755
-0.876317897663002	1.13860186848024
-0.39467866293839	0.432416548989307
-0.631824868709256	0.83041232827605
-0.0976823544085707	0.0872726667112344
-0.801767812830155	0.84809156874333
0.221719065546477	0.226106782798315
0.404170414301956	0.487893853470628
-0.199615752685489	0.19903148481121
-0.415061876399433	0.574605415838665
-0.242090482772284	0.268481835392246
-0.146775786696871	0.129953202169804
-0.518825523041233	0.498855382543206
-0.766937541686533	0.909901267738895
-0.729995955174862	0.998327206796695
-0.202632050777103	0.19003280571302
-0.358267216935836	0.393517507521619
0.588915411597909	0.592052982008925
-0.107594412313353	0.0823757338934234
0.318797519584816	0.294892595800152
0.399704247347247	0.385127023877231
0.175034099523171	0.177379607135563
-0.423963678572447	0.438292832917724
0.241895365878728	0.270190439947098
-0.295068063942731	0.325638111770209
0.551412966157032	0.635743309676092
-0.411322114980928	0.400775498308644
0.565879602656358	0.831567757912251
-0.0886779845789675	0.0739414052510847
0.02936758434592	0.0247543524522176
0.221526000251311	0.180559180302698
-0.449649024133895	0.282626986880979
-1.01120058538935	1.04695271671224
-1.15437851056057	1.32569982814967
-0.212720779833938	0.172588691151125
-0.0785732257371905	0.0606598270283159
-0.061265029961681	0.0622624850937054
-0.197805130855533	0.208796144158761
0.213475245901696	0.250482805311896
-0.175955281852895	0.196298045875107
0.152324284667004	0.163062064328559
-0.155052162044675	0.189760232502245
-0.105863228533966	0.124023359076357
-1.03241836892161	1.94454831641908
0.182333663160033	0.161337009642451
-0.126568798673616	0.120021934444913
-0.0761189859617171	0.0474085637528091
-0.579018048486102	0.267409454362904
0.564122414641642	0.389310285120803
-0.322436054547146	0.232134597736482
-0.235462187373492	0.138072780517714
0.898526453765479	0.723531388531303
0.141918226728449	0.0887664170461289
-0.171937931217338	0.103046922596437
0.399550257329705	0.245208994329299
-1.12714961438317	0.724193919652426
0.264765162673262	0.174597949426574
-0.0391196577717696	0.0353769461710146
0.340422174131601	0.374094409480695
-0.0653078399036735	0.0547662098268346
-0.757920245232942	1.5728857035105
0.116455204875569	0.0988069686627295
0.0852488993972234	0.0749085629845377
-0.0653148385654432	0.0547647346000782
1.17960176062962	2.38492068567815
0.111500968714828	0.105166914311988
0.098929863373387	0.0901268146472451
-0.342867543952132	0.357017132748085
-1.20754579723746	1.89952016969778
-1.4786193083348	1.64704121354864
-0.289293122926987	0.285632070384089
0.632386738569048	0.755164881326392
-1.03822651552148	1.64578074592055
-1.32061027118199	1.32511225206066
-0.131561602667889	0.0903709055458641
-0.804167055329782	1.04846992441158
-0.28212637607391	0.244100165601718
-0.683120052752731	0.895774168700673
-0.305842154231817	0.282951463339309
-0.499008161744112	0.630300999750561
0.13054244969294	0.115175477403237
-0.120751852514887	0.135227998212603
0.169145565167045	0.191793174861682
-0.395765550018505	0.502493240507707
-0.15513631215975	0.164639683493159
-0.0228728790406695	0.0207700010059667
-0.00720944083595175	0.00568304486925151
0.174829486209327	0.177060705993117
-0.880495870427856	1.30041870570902
-0.207270838175619	0.181660898018986
-0.453533346977422	0.54778274625977
-0.0344587378778064	0.0245926932621144
0.19175799143781	0.206637599041494
0.404025817854569	0.474220171954778
0.674406452159728	1.07378314698959
-0.105607087134766	0.1004841834536
-0.354214941205602	0.430246484881895
-0.339668581730966	0.432671505803969
-0.504408887354516	0.6664023796877
0.0532993667816075	0.0433153163260087
-0.665751721003349	0.583913586861772
-0.282187037640102	0.244091388668986
-0.242631607266723	0.211392045988644
0.635564005317325	0.565008227026761
0.845715143638794	0.714748853923145
0.485681944236711	0.487152516010876
0.497309249136579	0.461792760257714
0.717923254286656	0.887223799528974
0.588508464162082	0.591538414010077
0.399780484479693	0.325495020172414
0.917411636143412	0.88466355355712
0.588695936024272	0.591896019709834
0.635481208363628	0.564843479631815
0.116346242314286	0.098701523533616
0.0828277055523656	0.064523308143867
-0.524870054265236	0.537242751468768
-0.24285298430175	0.211597744702005
0.273678547125502	0.28070258970198
0.0187199244984011	0.0125962026882847
-0.305880813625112	0.28298307275623
-0.0947651989438892	0.0660187014675651
0.769162373115244	1.03918557904313
0.337144733936666	0.359271084938414
-0.256175205583946	0.253747329880464
0.34321201741695	0.388743946001788
-0.226790857736626	0.225453573160172
0.2131794493667	0.210359789263509
-0.967182151182288	1.06812688940222
0.343623197142272	0.389104693163752
-0.690290184708852	0.86407969045615
0.642577715865228	0.929502656620199
0.467248542181753	0.568119549921287
0.404099086800231	0.514560422538892
0.193710555112958	0.178115707640607
-0.461693190743676	0.584321834615736
-0.175331781112209	0.154414156120087
0.927904930099174	1.50693140043684
-0.783154370153593	0.879485184153655
-0.308233320400093	0.321894551487881
-0.461933873656346	0.447398424256107
-0.0243221854925143	0.0205952559815864
1.0111347264843	1.37596196919581
-0.539917408298563	0.680731869194327
0.523126622247819	0.693511077009154
-0.149395169615126	0.141137192446183
-0.115159436897511	0.0954945281439122
0.191838668625506	0.206737848278695
-0.0651178034814368	0.0545900885935895
-0.381227028156612	0.395619742439383
-0.0283791282199461	0.022228426598721
0.401420483220259	0.415830981736346
-0.146867897844697	0.130055984662593
0.0533561944632257	0.0433674909739691
-0.479792954338252	0.522470077974857
0.0635282653394263	0.0472628493874705
-0.479433219340087	0.521744836244543
-0.0244307800267693	0.020687613197753
-0.683164560457589	0.896021502018484
-0.00702635000693691	0.00553862161502486
0.0454738978924999	0.0397900981153902
-0.0783450717552425	0.0604805059491361
-0.381169886029893	0.395528151266537
0.15553908074406	0.126718473093623
0.345937873767448	0.403310720645642
-0.433205412351035	0.364538367085565
-0.0760314155104479	0.0473703860597685
0.617851817463887	0.573856535275848
0.323719319891224	0.310953430770512
-0.325523002325715	0.3201322802917
-0.643450107713458	0.730837742747949
-0.0946924686572058	0.0659817992337953
-0.294863958876777	0.325352311915695
-0.378021376196119	0.50239167636597
-0.112361598686674	0.113415945650378
-0.345752398187244	0.498240415618312
-0.267552034570869	0.296005111255992
0.361400768381095	0.516648470696437
0.250233460203244	0.343721569754527
-0.23178190038477	0.283613139192008
-0.0387256695919421	0.0414595787985597
0.0851839163133673	0.0900684658291192
0.460229908215318	0.60567903430521
0.16928394114503	0.143853171500036
-0.212699182290585	0.172574668852142
-0.389878400650827	0.276257445951353
-0.783212332998339	0.87962044583674
-0.0396157317770593	0.0251209170851008
-0.13127473744166	0.0902000576828426
-0.285007010964892	0.186314582604357
0.512887991688242	0.436697103672068
-1.06765107084076	1.02955906828335
1.0223872144871	1.06641100582436
0.128504583636049	0.0570536698492632
-0.0392257806238344	0.024871844928722
-0.175179984653185	0.175212468343528
-0.396179120759363	0.503259344674453
0.199527297539125	0.221389244471851
-0.324977084607708	0.357685668787038
-0.197585523541206	0.208462066848739
-0.226545153534921	0.225165230690337
0.0958791793113913	0.104451026889059
-0.175696940256422	0.185935264074642
-0.222238699916703	0.234018251052306
-0.175413681743206	0.185588295049784
-0.00928824762954833	0.00669633702181945
-0.434916199726706	0.475155089164109
0.652658404195299	0.921939632182046
-0.233434099808328	0.218034641630343
-0.121040921624114	0.107682257526612
-0.175212525584265	0.175257624514179
0.359093139005294	0.50123317226135
-0.126708003627602	0.120151628801687
-0.424278921363514	0.438584744315948
-0.0783678851086653	0.0605111151387337
-0.339635249958618	0.432613600473279
0.213870415899127	0.285160969262653
-0.461520307096987	0.7173756620038
-0.325408106084426	0.35824604725392
-0.983152312650252	1.67844391264872
0.0242723678189333	0.021892088868148
-0.396234612067777	0.503326333145203
-1.15807970233474	1.47538796993255
-0.58523500704641	0.595528974358546
-0.585154492428132	0.770287270212337
-0.585184378243967	0.667193726809201
-0.763798612728081	1.13277076173745
0.25972767526674	0.248698846062927
0.722254250742112	1.05225167247409
-0.354270535169756	0.43036584153087
0.685145944781456	1.06759603743263
0.474868569235662	0.52781367166801
0.779831577241279	0.876311884753314
0.23237676752072	0.19778807424284
-0.434812962900293	0.474953772452524
0.181440973065105	0.12771404261578
-0.298753355261292	0.2375541341631
-0.665647710595455	0.58393081140269
0.0187199244984011	0.0125962026882847
0.621409964501818	0.764626246918653
0.602787881572421	0.784090835149353
-0.524887366758533	0.537313489082707
-0.433401510058186	0.364767577152712
-0.479609933179527	0.52225147529552
-0.212713360939679	0.17254553218638
0.399558829422796	0.340706732944273
0.577109350539647	0.601877431058455
0.0586329228416671	0.0370441448141597
-0.062757670160762	0.0442617369572899
-0.444621097597432	0.511437843904339
-0.267544170781363	0.295971607105689
0.235865080919541	0.255864912590631
-0.144159394520316	0.118736305780885
0.404156119186456	0.487937786866199
-0.149643831491492	0.1413966647714
-0.295011919769548	0.325430578575523
-1.03374979832969	1.20022282333808
-0.139641943786105	0.105852738909455
-0.0344081561738779	0.0245554787313122
0.478028178347056	0.51429142122259
0.77836305915598	1.19515863650578
-0.395583863149427	0.361209150275205
0.130477383565047	0.115095619995304
-0.0887044592592567	0.0739558833320065
0.558638574273542	0.623711661084042
0.279753761865671	0.29629952140378
-0.174787512092113	0.164546624882924
0.602214265983302	0.582821561060711
0.284974293239819	0.311182308929668
0.0852280866109275	0.0748921006113178
-0.199829774486134	0.199255278166148
-0.436276971358241	0.57820474437835
-0.207294044743531	0.181682839252865
0.133532573280451	0.134478520582244
0.0727628437777924	0.0682536440350459
0.204021548205941	0.194522931926506
-0.94371434530796	1.55699704247055
-0.115203716986293	0.0955315039103087
0.404169092330378	0.474469245560107
-0.253087570796958	0.203324072836037
-0.444463084087956	0.511084493572081
0.0423019477325416	0.0299761365242794
-0.375924574758734	0.31959818293731
0.196788331902146	0.145967606504859
0.490929457838827	0.474171484983001
-0.585395271891793	0.632088063168578
-0.0627833616009338	0.0443022408208826
-0.583576043533161	0.556409517844478
-0.221937682938497	0.233593671601617
-0.325159717250496	0.357981396766839
-0.677110058681823	0.927850297546367
-0.259016870150401	0.344942582202595
-0.00646716777096294	0.00550186541303022
0.267010468467694	0.264822132400278
0.502371317438093	0.749465192916363
-0.267461979744065	0.295727937745832
-0.115094293064442	0.0954358286865191
-0.0945131734580805	0.0658459477266383
-0.119360655922449	0.072933055218904
-0.573227757311324	0.392266514424076
0.333307869931454	0.343742242774571
-0.434988710947288	0.475244374392447
-0.631765138833321	0.830249191399859
-0.326719149343311	0.397720839983049
-0.366260526143579	0.358676642174567
-0.267332084428359	0.295680271370242
-0.176149558459033	0.186472124802782
-0.199678591786728	0.199081938189419
-0.0437646378490784	0.0368818876829174
0.0728603216989401	0.0683483129699752
-0.311199556506976	0.511469625206837
-0.49014677868888	0.761825691601692
-0.868652906464027	1.48879792049898
0.0629019436663736	0.0625782391274541
0.140161483111417	0.109163054484709
-0.38129496911758	0.395695788683947
0.0135754417574705	0.0101098692341955
-0.732032135539211	0.732821298651971
-1.4018007776737	1.0507394544735
-0.487633965163832	0.372797634315868
1.11256634242361	0.937710941311817
-0.285007010964892	0.186314582604357
-1.00958459475678	0.719552722677059
-0.100524984420176	0.0534573894442428
0.845860264717128	0.715059134269568
0.917200550784249	0.883848915427954
-0.217669168467363	0.161271123003851
-0.732114848484512	0.441422043241892
0.221678016741937	0.180660947564713
-0.0942777097832608	0.0954030486624705
0.111566685331533	0.105238812991982
-0.336883874600089	0.467033431357954
-0.0357822626852587	0.0344897906314291
0.0535050686409448	0.043485646053535
-1.16090769462821	1.76158966026289
0.3554332949023	0.47258380504499
0.176998698137191	0.206406818673797
-0.903344959470084	1.43775964247532
0.0135701982335439	0.0101054048882599
-0.313841627079048	0.39988545973582
0.343097542479941	0.388352545308926
0.304966607247436	0.382634922430034
0.165790815947544	0.162662603136644
0.518490610766795	0.704704199743468
-0.880641007881776	1.30054945455121
-0.0655253714249194	0.0549344656906737
-0.667852161927689	0.993979338177966
-0.471681348655062	0.485478631248402
-0.585090226993946	0.701992437961303
0.401420483220259	0.415830981736346
0.203945544566948	0.194424410802409
0.0290415912200437	0.0244669368485793
-0.30815607202697	0.321790392499171
-0.248090581505292	0.260497427403048
-0.196866858072546	0.219276680036795
0.545382472535605	0.874761044695294
-0.249918750492744	0.345722476735421
-0.683050800574977	0.895669862336229
-0.525141778735481	0.537817095324494
-0.146726605123729	0.129909263333598
-0.00664012457361048	0.00370465466943885
0.0094864417264312	0.00826047135462729
-0.339925879278095	0.433067346843053
0.143398788854676	0.131288534300136
0.40369929896447	0.460356659550783
-0.411443388533782	0.400857684320524
0.602238547105452	0.582794711776641
-0.766334235224492	0.663007552598854
-0.423961073770254	0.438326587243446
-0.686762524177882	0.508259419397331
-0.094499096567093	0.0658340442278749
0.307634491053212	0.262156519345128
0.0702928813387614	0.0594719829226712
0.0294731083754178	0.0248488196219731
-0.448962592264095	0.406308978481507
0.323881598263012	0.311202905126171
0.399558829422796	0.340706732944273
-0.326152766755529	0.279856809596951
-0.119518275601168	0.0730591665263058
0.0701373740121049	0.0593359322344553
0.294607819320488	0.229068114143061
0.221439419564231	0.180398324068145
-0.12104751380331	0.107665975783128
0.0192521220900776	0.0195545253205705
-0.394709980988199	0.432465848606843
-0.348094735622872	0.320074430388317
1.45009278842046	2.26107622331496
0.251513578098554	0.232006015137278
0.404042437003118	0.5011721446185
-0.289075621560384	0.285341961430109
-0.126478873186131	0.119929490489172
-0.783190742077624	0.879521667621264
0.0585479424400123	0.0369907265993461
-0.471542368105493	0.485196118883296
0.0289053747418535	0.0171405436715424
0.0188323000780931	0.0126703334483123
-0.39577191577307	0.361309722349418
-0.709083183294726	0.801334464919211
-0.17607245836412	0.132033562000342
0.196684959888842	0.145864602457353
0.140429200540264	0.109404308192657
-0.58155202820108	0.516158352117521
0.0702858985819992	0.0594651251848652
-0.753970203955666	1.16258822719784
-0.627542375485408	0.898354690175831
-0.518709511096028	0.498290397263621
0.104829887126333	0.074089574109362
-0.0945594924773352	0.0658855071300937
-0.120722717024616	0.107303016653779
0.639449681791178	1.1046559053633
-0.424052268294997	0.438470918890264
-0.479769293678885	0.522461406156795
0.328711131294805	0.32747423626454
-0.0345672803212532	0.0246719424286902
1.08093200253498	1.55712204519667
0.20951883856931	0.163080917926974
-0.0784399084616426	0.0605682644524867
-0.265528231091648	0.194101021679468
1.14967178808968	1.42877421216894
0.635714625225992	0.565066006011274
0.27650311630388	0.193374817555996
-0.585126476792244	0.595416978000577
0.141891042315833	0.0887378890503946
0.274034568133625	0.281107595242756
0.0344838249714328	0.0268613912121277
0.404159009889726	0.527998586545123
-0.0284765369764889	0.0223008944746823
0.10695978475023	0.110370814158593
0.53835847076302	0.900758319985963
-0.0226450196405333	0.0205575553664613
0.0241506672778524	0.0217810073218826
-0.0385160470002071	0.0412182212132447
-0.585114940233774	0.76987192190048
1.44660336900934	2.4285015927742
0.116284536468204	0.0681178066573984
-1.54116582767189	1.51538502427765
-0.901902944781453	1.11475606239778
-0.583861266356692	0.55676706091992
-0.0628221950080649	0.0443306739163117
-0.754343854612839	1.16356501453952
-0.427450000050528	0.541910732773025
-0.462047916169626	0.44750629490806
-0.00649619072655505	0.00362618846728953
0.512742380105506	0.436490627879526
-0.281984440451377	0.243935626857212
0.122929886446361	0.119881131358872
0.169635258424109	0.144176525666329
-0.139641943786105	0.105852738909455
-0.282093078172493	0.244081257999096
0.14350922592374	0.131414371070943
-0.039529500318646	0.0250689531848583
-0.253195876231545	0.203489097603235
0.399315522086269	0.340391559206396
-0.173917091531538	0.117682478952323
-1.63526048784184	1.39569625082924
0.712007738259608	0.546620013704936
-0.568450605056492	0.350111713650879
0.25061916968494	0.155193208312974
-0.322202951136644	0.232055249653008
-0.568450605056492	0.350111713650879
0.250486719388227	0.155045140625533
0.5469093255531	0.399618657335497
1.02259938083604	1.06705854609469
-0.788353018666431	0.414337941238971
-0.0786262627254148	0.0352769823335984
0.396132754922445	0.226326677718278
0.28493142461769	0.311150260071392
0.52803112293389	0.682299481171511
0.085291234331934	0.0749605373591787
0.0634839730990181	0.0472342235530546
0.398939685964909	0.260998562871579
0.39861589339111	0.276785187769467
0.485609695517195	0.48707102681153
0.399497104185646	0.325254990433101
-0.0064125873499607	0.00358029417270733
-0.897277515888845	0.939927270681426
0.273751062501795	0.280819133961437
0.259707032046635	0.248687991168709
-0.585226016335568	0.66741063367779
0.485580715993374	0.487025767487027
0.259842666578829	0.248819119300097
-0.140032500153081	0.106127072940501
0.674560134958781	0.730333581550693
0.221526000251311	0.180559180302698
0.169350830231129	0.143924963642975
0.203952537805409	0.194449583472266
-1.0112418576937	1.04696151548129
-0.583749049120835	0.556619780596586
0.324054141352355	0.31128328810099
0.221511322296753	0.180550322648773
0.632118134764745	0.754843257056373
0.0635115863446252	0.0472556483106754
-0.747030305025804	0.697668597176143
0.57723250490321	0.601941987763974
-0.15263958942526	0.153149840941964
0.3991619982708	0.355248444416205
0.234150079657165	0.135409070182086
-0.579018048486102	0.267409454362904
-0.579274580544113	0.475386205460311
-0.449454684785548	0.282441571160091
-0.585177035421564	0.595456975690764
0.0137918132745716	0.010270513168344
-0.144370506992253	0.118967299099754
0.702281084671409	0.893773917517034
-1.06305886196714	1.49399112115098
-0.23539602597155	0.138035568356171
0.58488846568727	0.379922298196432
0.398970258195845	0.277066448510232
1.26777826938512	1.31689238990432
1.2121859198127	0.970985606335259
0.387605725992851	0.203766496048981
0.211797232378301	0.113783323335555
-0.471880447909488	0.328863331156295
0.142051476455936	0.0888577884553235
-0.422385450751323	0.236657506409627
0.250750575245472	0.155274432661127
-0.732177930350104	0.441368127807516
-0.0489147483452937	0.0266769411251259
-1.13157352576474	0.867806795163739
0.0583807005428617	0.0368824650389447
0.0856635463965309	0.0467239502969187
0.250644826012959	0.155163976669908
-0.131188573518199	0.0901445086009192
0.399297927602641	0.370106789514217
-0.176662703246214	0.144519924105875
0.058676847590958	0.0370693788905926
-0.648482468014062	0.696409457912416
0.276659037016941	0.193458219544871
0.938074904675184	1.20216991940453
0.209723800335686	0.163263503852314
0.635588129929611	0.56491142273106
0.546737724120211	0.399480929625377
0.0291702650513206	0.0172963921370407
0.845873572645785	0.715100082050027
0.711889146938377	0.546487094584724
-0.314768381769117	0.180349988527173
2.70352272801699	2.75548008976166
0.0288796510816256	0.0171220029416784
-0.889836430756796	0.758278106424201
0.564422049407264	0.389700830190336
-0.217541678589498	0.161189557587135
-1.24492490695011	1.02185014029931
1.47058564957574	1.75598604225464
0.100422273926954	0.0817356522970432
-0.876273552094794	1.13848557971854
-0.422385450751323	0.236657506409627
-0.358403573374647	0.229826301873213
-0.939116750305152	0.734481046029501
-0.449217000544622	0.406808342310543
-0.686605034259842	0.508064277585327
-1.13150479970894	0.867635884459367
-1.74074343130457	1.57478594643526
0.178157308327179	0.0878173743340906
-0.100182763688428	0.0532283118121203
-0.701862955864654	0.471051609861451
-0.00477832280722481	0.00221735527016294
-0.314974334266225	0.180517382779914
-0.26050123433033	0.131519082409796
0.852871940568314	0.546825607663817
-0.167822568183777	0.0869921519796813
0.546895990778706	0.399626688998168
1.11260056216583	0.937590941216586
-0.063025014040128	0.0444685998989825
0.693716672149572	0.72518946582843
-0.0652318245950692	0.0547004683451055
0.477758180695652	0.513995789832377
0.577102272424822	0.601819597590664
0.497303000936201	0.461850728353355
0.751994016199346	1.04314257653731
0.286246677290265	0.21143983910713
-0.28223685747382	0.244226922956707
1.30820827665872	0.79742393937989
0.142186070876474	0.0889284491342572
-0.358601625161616	0.230018412531975
-0.265704714630392	0.194203985708896
-0.471542368105493	0.485196118883296
-0.325756358197478	0.320354713896418
-0.17603006505317	0.196402415398874
0.685113294298161	1.06766269737994
-0.384597879561546	0.466281908691048
-0.369984151021325	0.533391650489703
-0.0919365256867045	0.116202849894093
0.001032018224448	0.00110473820919556
0.0680660556748057	0.0737544870396581
0.0431698295237357	0.0465696497653086
0.247915097710838	0.284983456046779
0.232024672762025	0.197420070347461
0.155148677729042	0.147184445200027
0.481501343613631	0.500541180283741
-0.217562355222036	0.161209704519002
-0.584803847820132	0.70151424437011
-0.571737584667295	0.312608565413617
-0.433535792588842	0.364764466777481
-0.167852880383599	0.0870058064419345
-0.224389641716655	0.149312226642465
0.533101929070067	0.410966339617484
0.294755810663967	0.229188035861915
0.0287175489904979	0.0170249021160399
0.250883071618732	0.155317197943679
-0.00631528212526665	0.00352626021625771
1.34309643861636	1.01494888434125
0.584667295124791	0.379762152664093
-0.100345964860746	0.0533501486030699
0.663650410837807	0.915055596150394
-0.517676572627197	0.774377187303175
0.144843456352995	0.167968668414716
0.27813334897987	0.374418280357608
0.0727218761488257	0.0682094122949115
-0.256455448148542	0.254107415027545
0.579692238441275	1.0157089546914
-0.0069199413715403	0.00670343185344071
-0.586381867922653	0.840812788502781
0.457884166787587	0.617732618767793
0.213290379049584	0.250346733380587
-0.0284911506847198	0.0223183071793435
-0.395656038048465	0.36130170190441
-0.39578542477454	0.502381515463948
-0.0782625129326343	0.0604206614583681
0.0293753376886011	0.0247592842813942
0.0119864363190784	0.00971767031412582
0.0829984823148708	0.0646660332260696
-0.174612094623941	0.164318381450822
-0.233289114610927	0.2178546964424
-0.295125246301269	0.325706013073759
-0.342722489144135	0.356777207015482
-0.00724754222040941	0.00571301690914242
-0.47155790608018	0.485263703362592
-0.024367852748858	0.0206349932727416
-0.0567128984199193	0.0510676640601214
-0.631807413474847	0.830344932680984
0.203980054755961	0.194453573692017
-0.290230194114378	0.370466833799118
0.554574892688307	0.851997832339211
-0.924263093314189	1.41627651541266
-0.326331332009092	0.397105305944874
-0.289258729333696	0.285610147408492
-0.0650902936802915	0.0545726127225372
0.169521877257382	0.1440679238617
-0.149566702948432	0.141324796807023
0.111468298061512	0.105135277072296
-0.0521063438546233	0.0405347337887694
-0.677067638318713	0.927654472497311
0.175262933535724	0.177629655268023
-0.325131246009193	0.357951677665841
0.0330906648536341	0.0327412776470214
0.736519352682461	1.04707726876307
-0.0888190521081299	0.0740758957915267
-0.146619696690078	0.129775982881005
-0.107660709698177	0.082420654132952
-0.902031037810634	1.11519561105545
0.504527245921665	0.449325217126695
0.058443790022945	0.0369248768508539
0.63552484723788	0.564785799320996
-0.10736790152748	0.0821758701543185
-0.107399550091062	0.0822077987767887
-0.115096812571512	0.0954319382839154
0.0584629558579508	0.0369341675612139
0.715548250819828	0.720304017679708
0.116449295067358	0.0987854554624768
0.0136020762242431	0.0101292766713068
-0.174752493111322	0.164516765836278
-0.173728020048257	0.11753891692866
-0.0437646378490784	0.0368818876829174
0.549673412147045	0.863074241898563
0.894145750663502	1.3499135355516
0.100538198463368	0.0818363604091865
0.0533180002692364	0.0433342753763517
0.267079258123291	0.26490651510976
0.184526017895973	0.221098962778647
-0.358053030071865	0.393161470351619
0.3133568651253	0.278502834108035
0.143515817317768	0.131427834210647
-0.648525332831428	0.696453090094762
-0.115320893292713	0.0956327015219525
0.30149128697473	0.245756110929428
0.779739037568462	0.876160446607397
-0.643377986804204	0.730630751210004
0.182226469294512	0.16127580957496
-0.461869532765344	0.447298608519901
-0.149486505509347	0.141236785444116
0.451422649205525	0.668952168774523
0.0120490337915763	0.0097706071486734
0.836439028660176	1.98514464229478
-0.529583080310145	0.574489087048986
-0.372126767533789	0.429948486447025
-0.107262975390366	0.0820731251075919
-0.202677062720068	0.190097356058568
-0.579233535502349	0.475321044301583
-0.115026564882264	0.0953645838519397
-0.0612974938878392	0.0623069218623942
-0.658639875683426	0.622045105168558
-0.529741651311274	0.574748949868629
-0.471825593430279	0.485707341360136
-0.20253201878785	0.189924937893084
-0.880568439922688	1.30053762555948
0.469914846868467	0.555254053618491
0.123576851992187	0.0918225846901138
-1.0676237647284	1.02968638703922
-0.0284848460859345	0.0223051069450682
-0.434996103086445	0.475172310374907
0.0853228032493503	0.0749916405292871
-0.295027577107243	0.32560479041195
0.452336343139538	0.655070289009064
0.135644943216288	0.15285994772355
-0.0393230981608675	0.0355617906612289
-0.453519123100397	0.547780143822073
0.0991439835194735	0.0903534202372394
-0.548775503413448	0.788135231504219
-0.406664110084527	0.468843567926707
0.567195175434333	0.61255360770368
-0.351954321284277	0.276666513577105
-0.348161267106143	0.320164239877476
-0.2426595855118	0.211400796378079
-0.226390754680764	0.224920862864866
-0.584845630895098	0.701564939053238
0.0634784331156925	0.0472302539555288
-0.433273985846168	0.364583826134231
-0.202701054012224	0.190087200970816
-0.107349013775033	0.0821583248909087
-0.643573283479009	0.730482175904756
-0.498731449584751	0.629857900352934
0.242234765338923	0.21487792757632
0.0991409748582412	0.0903463882818541
0.209871007942117	0.163430267821291
-0.579296535169985	0.475401577626035
0.490901933778333	0.474099338980889
-0.175772347454021	0.131737219307016
0.3075330390325	0.262055958899197
-1.67000918546535	1.12155961645345
-0.327230881004658	0.129566059642725
-0.968048191866317	0.566741793143772
-0.788101962939554	0.414130609919789
1.72142098415541	1.34716071115372
-0.422427233635055	0.236672878482993
-0.573306969524194	0.392293013381665
0.234380973697782	0.135649480050334
0.968740277837925	0.894867219943855
-0.579047233084989	0.267435837190726
-0.0788394138547632	0.0353861542623881
1.52805974606069	1.06683589829208
0.204135551826356	0.194628692539946
0.123403855233965	0.0916692614383473
-0.242814321765478	0.211576090456036
-0.0568518846321065	0.0512025821536199
-0.525059015585317	0.537589431338064
0.279936516411134	0.296513885458752
-0.585267537822336	0.667418701823899
0.752142838040245	1.04338505565756
-0.948960590853133	1.39751290452265
0.307446689295013	0.261921350228832
0.169721962263203	0.144240643409739
1.12032416462092	1.25778427019312
-0.747092163644139	0.69770729158356
-0.510880903892977	0.458260176999094
-0.395605467282088	0.361244895173222
-0.0943722187942549	0.0657013920075561
-0.472024518616386	0.329044883502682
-1.06741049607932	1.02918447124468
-1.44946192152705	1.34674986099895
0.264718600927762	0.174588722278937
-0.265481177535199	0.194013757282406
1.3764770562336	1.70457154104561
-0.877169937096785	0.577203324418684
-0.0948858456132183	0.0660949603471858
-0.305842154231817	0.282951463339309
0.104896410612126	0.0741403678084016
0.0423455007248351	0.0300064543775667
0.475111048695834	0.528241589506123
-0.0652733334562238	0.0547364744307993
-0.0648692462177459	0.0543475738775928
-0.171937931217338	0.103046922596437
-0.282021083057646	0.243967157640873
-0.68642062711381	0.507816047405359
-0.648373842169701	0.696240291814015
-0.0522183834636923	0.040627987145417
-0.731905187240061	0.732583367161598
-0.967254217188718	1.06791490925739
0.0833518674706668	0.0558097145408238
0.545010832106634	0.647872841636134
-0.00732374549701143	0.00577248836438031
-0.665525007164568	0.58358875340051
0.307446689295013	0.261921350228832
0.399600115777703	0.340706608934968
0.08359737792427	0.0559836450072054
0.504596627646666	0.449194025727627
0.29480077584406	0.229215312049055
-0.510441955718791	0.45807955105784
0.845781080857291	0.714913663492623
-0.573386218971462	0.392297574695439
-1.96417843831088	0.956262812874776
-0.048928130971809	0.0266820435245928
1.0817754508413	1.08353682191244
0.140349626264432	0.109341119868297
0.1161634901573	0.0680366741364742
0.141892369815366	0.0887500114785208
-1.13153535371861	0.867658783457998
-0.579359558285776	0.475463311637417
-0.449656806802103	0.282594576641388
0.14178625989167	0.0886587690609341
-0.766306935255432	0.662900709878385
0.104696791120862	0.0739808215885563
-0.472047704335293	0.329071112036136
0.617617789518685	0.573585006945493
0.845794375808675	0.714954580622306
0.234380973697782	0.135649480050334
0.490646966265987	0.473802742500122
1.22688803699106	2.10786588156713
0.209804641210926	0.163375302753225
0.0289825102637502	0.0171873746132031
-1.55201070838787	1.81489630714572
-0.212569050562236	0.172441524440049
-0.173917091531538	0.117682478952323
-1.56533113941344	2.40839742754712
-0.395713988074969	0.361346996916854
-0.411471489175814	0.400905853531453
-0.375786708660633	0.319372054700148
0.0702789300738551	0.0594455263188471
0.209790140226986	0.163318425833463
0.209824845208252	0.163386666584506
-0.376230236795951	0.319928965342465
-1.03361750767048	1.20000036554384
0.894153536515924	1.34963993355035
0.294431587015065	0.228916033996534
-1.11284313403012	1.62641310501748
-0.524947211829621	0.537315630932432
-0.897580143543547	0.940081077850025
-0.897366494334249	0.940086363572764
-0.579189609217717	0.475255109814496
-0.529743778903849	0.574709327768589
-0.242736970862359	0.211505604529632
0.276554597821924	0.193442752888539
-0.298900419989747	0.237697708205345
0.7697048500773	0.713365515733353
-0.107660709698177	0.082420654132952
-1.04476689876248	0.874998371336222
0.241918638023878	0.214476361256292
0.715507167060038	0.720447115157577
-0.579422604835936	0.475506520812133
0.196505607634886	0.145735446962698
-0.766254021125977	0.662819169364524
0.294669620325618	0.229140922317883
-0.395482707086432	0.361039862958492
-0.375924574758734	0.31959818293731
-0.571618661584741	0.312525279780433
-1.00951606416	0.719470647168065
-0.167754090883061	0.0869546539632337
-0.217366086087978	0.161042824286404
-2.38042444385459	1.46123876220106
-0.968503241782958	0.567042315970506
-0.825045854923464	0.599435065359958
-0.11962432842317	0.0731207776275701
0.116200869059932	0.0680580725820629
-0.131167945964282	0.0901320351584368
0.0289599308621415	0.017168764732789
-1.04476689876248	0.874998371336222
-0.825321423367854	0.599706575982585
-0.217603722736994	0.161225948096316
-0.487821709056426	0.372858379450385
-0.0765296536154426	0.0686494496190902
0.0725834529630542	0.0680638698016981
-0.0226419938894152	0.0205492058566889
-0.366262699999005	0.358723821920404
-0.25332606862342	0.203598242608979
0.183567604323942	0.191856917167558
-0.499249624753462	0.630529214046342
0.209611274086493	0.163175520720536
-0.395692368476672	0.361283521952866
-0.00846460341654334	0.005453665875232
-0.58372876896372	0.556635209274743
-0.29886610370457	0.237647739189563
-1.04454424783783	0.875037302287801
-0.890114108701225	0.758325900391627
0.142051476455936	0.0888577884553235
-0.358574770830738	0.230008355533989
0.276634861834895	0.193514161038662
-0.284993363742646	0.186275029087059
-0.413963562725887	0.321128480945109
0.264709079660994	0.174535470637378
-1.08412859432016	1.18335772876772
0.0855972236079637	0.0466817565088722
-0.701824725138337	0.470945497752617
-0.314905683790335	0.180488007236133
0.577087572672009	0.601812001111028
0.155162852196121	0.147196896120391
-0.0227365797772739	0.0206452625062621
1.0638903719018	1.2384968780635
0.874502253673663	0.879136385409782
0.547027382879155	0.399595055125092
0.048065854555806	0.0242465685272344
-0.217431487334157	0.161103732800981
0.399460747825954	0.309473285617717
0.196746997365906	0.14594511021234
-0.434843686756278	0.475034254022183
0.232300730347546	0.197757644464907
-0.358316175897491	0.393573764565921
0.0136528483379236	0.0101678161494968
0.497276593626839	0.461755392050357
-0.00731632244295362	0.00576616936091459
0.0855370844777038	0.0751841618755295
0.504596627646666	0.449194025727627
0.485790493195486	0.487257852180367
0.715309996970718	0.720037016954227
0.013469883728162	0.0100297953516439
-0.449288065965024	0.406959234228193
0.402478841315873	0.431107068291911
0.399441971661973	0.355490654910735
-0.207311034966898	0.181691975147393
-0.394561607277333	0.432210566296101
-0.175674156310567	0.154812245226137
0.512698605043471	0.436482208723404
-0.202646042570764	0.190041475874551
-0.852393270064865	0.785621271260328
-0.358640290259768	0.230034639766072
0.0478598994186285	0.0241459676341155
-0.84771589802742	0.353095483927744
-0.167784410327834	0.086973154849
-0.732036673044235	0.441341043477748
-0.571624596727463	0.31249828110112
-3.50233811105862	3.73022485016927
-0.389929969887617	0.276359669549728
-0.510462132487012	0.45806999770445
0.211964338892854	0.113888136941665
-0.449003353957147	0.406493163725742
-0.3518681556598	0.276580045277437
-0.139620162519706	0.105826210846086
0.504420463654406	0.449147231085128
-0.0757763188863928	0.0471943830956684
-0.581576029669709	0.516395757903959
-1.13155047031351	0.86769390868449
1.34300268361462	1.0150029618971
1.04435891259757	0.754279565754827
0.504609521567285	0.449298511493437
-1.81214638498018	1.31346636503693
0.234306721965948	0.135608476227016
0.0478757935477757	0.0241566119386645
-1.6275134243475	1.68733289871553
-0.100524984420176	0.0534573894442428
0.0856766271852479	0.0467288268596743
0.178423283573288	0.0879679360806085
-0.422385450751323	0.236657506409627
-0.167677774336158	0.0868939558902765
-0.479762855379398	0.522293517747435
-0.29886610370457	0.237647739189563
0.0289840778068076	0.0171894330672799
-0.25306100751911	0.203389159680727
-0.433356843994012	0.364700151185672
1.06395618292179	1.238615150834
0.163564873806924	0.108792680582514
-0.0945131734580805	0.0658459477266383
1.47066717479768	1.75600155148218
-0.568511406865005	0.350173903370174
-1.00955415243895	0.719594277702576
0.264500485590941	0.174379741570726
-0.449373191513552	0.282357849246829
-0.235303642562071	0.137970517714117
-0.100629944992226	0.0535126365530659
0.264741881640269	0.174598132091718
0.276687851535201	0.193548878671475
0.485710913369768	0.487197770356508
0.399517607121712	0.325283423741794
-0.732078312418509	0.73290941491741
-0.325440827250025	0.319960025423436
-0.422277886081322	0.236628606264027
0.0478678062535957	0.0241529007811321
-0.74698538174706	0.697663368297709
-0.16779871935084	0.086938103093171
-0.253195876231545	0.203489097603235
0.0186535911440055	0.0125518766756815
-0.146913413667561	0.130113969916227
-0.434954304411618	0.475200621372345
0.328781308754763	0.327576891010194
0.402458148417811	0.43114410951895
0.328890890357925	0.327695371377119
-0.699223812293849	0.833492992697793
-1.51116602461278	0.927694205065401
-0.571969057025845	0.312725884763733
-0.732144563914125	0.441193221226084
-0.568435128141284	0.350055756569714
-0.732378467286876	0.441435638108329
0.398965812529665	0.261023979914902
-0.674765676785215	0.545649823465162
1.15002045869346	0.774163935987156
-0.395410489122014	0.360831916397338
-0.957883539359056	1.23775359227731
0.181486135511974	0.127750720166101
-0.233472298624916	0.218069427105376
0.477868931388525	0.514072460686603
-0.394751202798274	0.432485164353755
0.3991619982708	0.355248444416205
-0.325597075747382	0.320239761732383
0.787776125124039	1.03554447468436
0.656177814080864	0.556462972229039
0.396025163192264	0.226199778623561
0.0424686391984549	0.0300861925103111
-0.51886901224014	0.498898429213024
-0.212850921846084	0.17269264515154
-0.217410789822541	0.161083572869334
-0.411193920418617	0.400582318806825
0.787913862740091	1.03575531724027
-0.424049624186674	0.438465371745687
-0.366195060823068	0.358654546087626
-0.674898840923898	0.545790922920221
-1.11423834940659	0.540537025048118
-0.825329265417905	0.599645011435276
-1.35091571216432	1.1824817039579
-0.449649024133895	0.282626986880979
-0.435084480442012	0.475179643992496
-0.424140836903176	0.43857050801424
-0.783212332998339	0.87962044583674
0.283068835126969	0.390794883489036
-0.0843015964633888	0.114083387625828
-0.324950503854353	0.601688224134554
0.10598991995033	0.118858206313497
-0.0944187364921433	0.0955523626608485
0.0918729248431563	0.139641416221302
0.0217694510639686	0.0234229752448886
0.0946134380242317	0.123334880282051
-0.456759407525413	0.684032137294877
-0.156396346278016	0.183189179527433
0.0240693615390567	0.0217057357203291
-1.44521097249283	2.50029261946
-0.394709980988199	0.432465848606843
0.0635502476166685	0.0472862518912708
0.756146261645206	0.878229366181112
-0.267840071855568	0.249032927184924
0.485573397841996	0.486950983203922
-0.461840482312153	0.447287279446146
-0.23350658966386	0.218105105024232
0.143213560526139	0.148772681213267
-0.358312875436869	0.393568046878793
-0.880533700959561	1.30046627966342
-0.139533547797956	0.105749013163599
-0.500380080758317	0.416143187482361
0.490965054033907	0.474259629942026
0.262109268546222	0.378473939714605
-0.0388927084892723	0.0416455361221809
-0.280363288343809	0.402969255672419
0.258481257975723	0.313817614634295
0.485479491379526	0.48682146838921
0.323808407499624	0.311087452670562
0.769398531035636	1.34613647189854
-0.44444901366097	0.511110956847875
0.0184746983988684	0.0124294595948216
0.328781308754763	0.327576891010194
0.382406186552203	0.656027926889541
-0.377661970931062	0.565406136883414
-0.276913456901422	0.289927672231994
-0.475784844842642	0.657401523144038
-0.0883203776687063	0.0989814463898004
-0.300592104134491	0.366506873640288
-0.339786609339904	0.432800053772248
-0.358330287477982	0.393609040515594
-0.372232617958358	0.429909306558306
0.16075901644373	0.177144424119161
0.545265122018071	0.874472310630249
-0.481465958302615	0.693037670320314
0.403766137264712	0.540679082066133
0.0745868102053884	0.0765352960095894
-0.447546596440639	0.792999671562623
0.161843149799666	0.198380389193466
-0.0839434894173702	0.0897077242550436
-0.486516340582465	0.558022478710565
0.291575034358268	0.48205955511365
-0.28193392999905	0.243862767425976
0.0836386471869281	0.056014884870977
0.522413088300921	0.423900372981617
1.37271009537197	1.53252357342144
-0.487608320482119	0.37274814708529
-0.381024897089183	0.395222769109412
-0.518644753386396	0.498552763479775
-0.585040051699477	0.59506725919905
-0.121075536873031	0.107716011611144
0.199316664718288	0.221173548577477
0.0344838249714328	0.0268613912121277
0.0346167461196395	0.0269656003223134
-0.120785404689069	0.107410694470887
-0.548745130828717	0.788075059188064
0.0379066037285974	0.0353626781199794
-0.625893714025425	0.93317110159551
-0.0210257137855503	0.0203192701499295
0.155145503636033	0.147163353759216
-0.217342157822618	0.160992599760789
-0.0944930290534367	0.0658343548273408
0.0856504615516148	0.0467163223346054
-0.577109715356513	0.434343995222223
0.30752620295162	0.262032363267424
-0.897233098049023	0.939673038658141
0.0856766271852479	0.0467288268596743
-0.0392669463724804	0.0248976618460887
0.558771854148025	0.623952258732741
0.0136088789185696	0.0101348422654433
-0.791922270637053	0.630589539613816
-0.579444542438661	0.475484229467126
-0.206179297812035	0.263386292528843
-0.0860445322309099	0.0821613250893906
0.715359282597455	0.72023739610064
-1.03403486304522	1.2001954554125
0.336930735373122	0.358985658483638
0.633171796867425	0.937247717891889
0.235848695462737	0.25586612107999
0.313335239059769	0.278479859967753
-0.449909775073669	0.28276271969984
-0.235409159682121	0.13803600571538
-1.22606262104433	1.32050196369301
-0.0761383398376614	0.047432157350192
-0.217676777020053	0.161198590417387
0.398932894820001	0.277111636861188
0.588701846948977	0.591988568716591
-0.0520599349026779	0.0404965009713295
0.404169384328768	0.568013301530121
-0.248218902221251	0.260622085692099
-0.627363964045562	0.897701455085782
-0.105281098217464	0.10015948959198
-0.510528530413483	0.458147754402912
-0.413793633721842	0.320969820892725
0.485710913369768	0.487197770356508
-0.175853366906901	0.131837818302104
-0.217256082791637	0.160915869250074
-0.648323343491058	0.696127132054422
-0.0210304430425159	0.0203220329834456
0.449662009261692	0.696894372340544
0.541062082960336	0.886317151160545
-0.360600388885204	0.558879840318502
-0.509638006460253	0.703156752788267
-0.383661266224924	0.595198229877912
-0.384451551916068	0.466011172286986
-0.571612713488628	0.312477898458969
0.803908700644487	0.712145574984858
-0.981609926814513	0.891235733129596
-1.35070082312504	1.18148574248685
-0.674792889721164	0.545690657241514
-0.235303642562071	0.137970517714117
-5.03426197646044	2.85062614636498
-0.314905683790335	0.180488007236133
0.963515763266062	0.737132596613881
0.796585173823348	0.546500154315464
-0.00830967227332369	0.00535242089617555
-0.171854279210956	0.102994903376511
0.0135754417574705	0.0101098692341955
-0.276962177282965	0.29005093221923
0.263495839014086	0.328461628682469
-0.156682098020632	0.183581815407131
-0.461468633508723	0.717299269978179
-0.606644480643892	1.18545036199934
0.184665898255864	0.221374158275465
-0.436332411412223	0.578311376932484
-0.387313236516362	0.536648365563479
0.0596809243300948	0.0541084315707121
0.715420927636754	0.720370237594475
0.00938086782800133	0.00816927455632447
-0.131569174549006	0.132392235109927
-0.585022800250932	0.736110280349249
-0.461522054050811	0.583981964382495
-0.267845544429312	0.296230665917237
0.595063236395073	0.980359591473403
0.294308686457748	0.340650113733747
0.450069291320735	0.682105546801365
-0.84696330104037	1.70719758642285
0.734078285242669	1.36023468673858
0.626802282410946	1.12676269052244
-0.629230395677957	0.863631046341246
-0.376143684377995	0.319851962038645
-0.0757597994813105	0.0471846282043129
-0.29899907502593	0.237758992484186
-1.2708914783869	0.8851051120351
-0.094605844788756	0.0659202457636271
-0.732007004540103	0.441102845894737
-0.585389996817857	0.632034865810132
-0.585649983600677	0.632392842030808
-0.0880565929040314	0.0986938826738426
-0.138474502174313	0.154979296487354
-0.625671811850988	0.932568560738207
-0.194664080930209	0.227789197140373
-0.13417610975695	0.176796126540986
-0.293429396470409	0.48109225604883
0.126493785693964	0.138541723290006
-0.0945677866072202	0.0957132977974463
-0.116628704905744	0.175391422037414
0.144807821790673	0.208212173562792
0.326019053217424	0.564661487457434
-0.173941451575077	0.246976931139537
-0.175685902894436	0.185976609738868
-0.138374466333239	0.154816435957949
0.059713578590855	0.0541424394935136
-0.12093047391553	0.107574487865121
-0.226643075330657	0.225192387390754
-0.152623752233165	0.153113331492917
-0.199612843555821	0.199015527668999
0.301590070647915	0.368653526894826
-0.453519123100397	0.547780143822073
0.123036005474124	0.119996017816917
0.401399223520908	0.415812060223692
0.169445304668474	0.192162261499883
-0.196601568651646	0.218965381967176
0.143077501614801	0.148604019764534
-0.175494303058791	0.154660345574935
-0.449217000544622	0.406808342310543
0.312230648180012	0.412397504146183
0.357249442436359	0.486612841753678
0.143144071142233	0.148654416693541
0.0295927793428676	0.024948964566209
0.398895517433152	0.277116160983013
0.635777837797818	0.565092705972109
0.854887264375198	1.19161858121237
0.538896526088721	0.659466227787088
0.209677652008319	0.163241730118945
0.182158748973975	0.161203181335469
0.0680660556748057	0.0737544870396581
0.450157336079375	0.762178889197962
0.213142965578737	0.250174311431064
0.176741081577166	0.206039577472644
0.219461396493026	0.26463990095641
0.125497046991704	0.149005312825631
0.903289715829139	2.29943965342972
0.545120111445315	0.874090914765248
0.349892604097262	0.430793737367846
0.135861790886968	0.153184442205383
0.111345588612186	0.104986508282648
-0.138248849790225	0.154675676768873
-0.504335213257583	0.666106832723983
-0.112372698545851	0.113410242670326
-0.0838496234667306	0.0896082380431305
0.0360216655353302	0.0420701886973108
0.199382221746863	0.252181572637864
-0.107442503166344	0.0822548653414665
-0.0610251980401557	0.07123710413409
-0.376138151059544	0.319822824873719
0.211956415974128	0.113885749261243
-2.81291677734382	2.16539973544449
-0.571856302171083	0.312667878337296
-1.4018411223619	1.05067730412742
-1.1269254750699	0.723652906776775
0.399214271315013	0.293315937795653
0.399135337315706	0.293206775102603
-0.576965922644856	0.434268315425558
-0.0346178706262051	0.0247078734374804
-0.176806542179563	0.144644924842262
-0.265524370552137	0.194087155247442
-0.348149232690115	0.319977715339288
0.259547811320756	0.24844965108308
0.0828103066089028	0.0645221309018175
-0.58513941421423	0.701555304865365
0.403692717989025	0.460399650241381
-0.831342909262314	1.3770021863476
-0.533244737391929	0.610133803909752
-0.0652663274115222	0.0547290677007537
-0.801630220696602	0.847666253689669
1.21220761644946	0.970972622298318
-0.57910362883179	0.267332371218486
0.116284536468204	0.0681178066573984
0.387699641114235	0.203810552040452
0.558661135923156	0.623729412205856
-0.235211272959703	0.137888266645417
-0.139634820780245	0.105841812669374
0.276821078379656	0.193605143329561
-0.176778715235629	0.144626581090465
0.209871007942117	0.163430267821291
-0.573293818099177	0.392293154873551
-0.708944705169334	0.801217980767438
-0.176317571430289	0.132213694751852
0.594547963113683	0.793662046842103
1.0237071588649	2.28813037933486
0.399608988345412	0.309648467855412
0.39979839264148	0.309734442086722
-0.571850481296198	0.312666676322475
-0.265696734324441	0.194168599906118
-0.0785456362005581	0.0352399196503108
-0.119518275601168	0.0730591665263058
-0.167814701890377	0.0869867978736486
-0.38995717249119	0.276378670243734
-0.658488520418359	0.621677137681089
0.522281329542169	0.423797055534019
0.399694028346507	0.309716645373078
0.209830579082398	0.16338837072622
-0.121078837363794	0.107713141595641
-0.233117370337428	0.217565969419417
-0.752706910947216	0.939426980632852
-0.00714064968876213	0.00562941951296692
-0.314768381769117	0.180349988527173
-0.253081360855656	0.203407265235028
-0.376077386551352	0.319792328705742
-0.634588926373864	0.796159129392575
-0.701969859027272	0.471086554526434
-0.73225145752067	0.732918890317892
-1.0094931847238	0.719548716819513
-0.487661253003712	0.372817824928706
-1.3205573515626	1.32508128150296
-0.587109491265163	0.8765701679127
-0.267396345982639	0.341406982461431
-0.249985162910891	0.37068187598602
0.143319061459031	0.148887423759549
-0.175983058076293	0.186314092084447
-0.253218415614507	0.309477180600021
-0.235488423181181	0.138083855479216
-0.100704209772987	0.0535537703395433
-0.260594489203997	0.131559221193867
-0.322096027819269	0.231968199161496
-0.184271044593708	0.0790222441021079
-0.119542730927493	0.0730379258126596
-0.422234825621056	0.236575732189162
0.128853508420719	0.0572225471771537
0.584781816253386	0.379967818774411
-0.00464881905447431	0.0021552090576274
-2.38064264796674	1.46174675563604
0.085809101416214	0.0468035936787465
-3.04145083346692	2.60380802030778
-0.0489803984799141	0.0267132188815541
0.116195531396575	0.0680349867945533
0.209784434728169	0.163357596997261
0.402916738656998	0.44546399658984
0.359484367652098	0.501836653635796
0.268159509582166	0.343046426866102
-0.442135719030269	0.735793718225019
0.12554563338724	0.149073099361812
0.40693894484806	0.627117520342299
-0.154843358690958	0.189439776016379
0.0243781696170922	0.0219888618755919
-0.499053795932466	0.630363889177463
0.399624374491165	0.325372109335796
-0.529764916448237	0.57476185553824
-0.949053778550215	1.39770926430696
-0.690436693000727	0.864526088588019
-0.218401529055543	0.242710866343756
0.0895860052850006	0.102912643503907
-0.214948260453666	0.251087819922388
0.084963256137485	0.0823677812379252
-0.280161545319951	0.373093486348856
0.0851489949707921	0.0900219829144054
0.225948991900036	0.279896046022961
0.53805380683228	0.900469570833673
0.0958625026080037	0.104435646373542
0.0791051460699326	0.08830053839108
-0.804380413204779	1.04888626208232
0.286501692822054	0.211716469912503
-0.787980748731883	0.413953048132144
0.163292528216152	0.108538207803624
1.79944799922107	1.775645902734
0.804187280666296	0.712317950885252
0.796542286709821	0.546503907985386
-1.44921278570039	1.34656763373189
0.250592487483807	0.155172004789474
0.196312612103507	0.145529852895332
-0.453613421045064	0.547841811162615
-0.498762834667266	0.629902484719921
-0.0927051107282513	0.121340095286283
-0.417700281465357	0.694200028923575
0.23814347409142	0.310835726966215
-0.41498469465048	0.574553750562959
-0.628159467995482	1.29836669765581
0.691127836395922	1.82967594057386
0.449931798289551	0.745424562540629
0.244087983291046	0.326867484794254
-0.517711726461101	0.774417800613162
0.154965965924615	0.146978488106413
1.11899824081128	2.34122959521311
0.0378760701582914	0.0353328334969411
-0.504725994888045	0.66681080823542
0.63217369273952	0.754834988301704
0.0120111204951783	0.00973972852873941
0.111738652640558	0.105425428640734
-0.196761843949128	0.219173224250528
-0.00732003595170289	0.00576947176225351
0.830307114037614	1.49051810897926
0.0506828627771386	0.0488443125492294
0.123117617623404	0.120078808960439
0.333193298487915	0.343633511008317
-0.358811661251362	0.230151188866686
-0.0760533009637857	0.0473839636800134
0.41484026317571	0.714473122831638
0.00843111605309435	0.00879210121420597
-0.0212153483935436	0.0205001202952981
0.81467717306193	1.34247005828636
-0.139743235874131	0.105939373673095
-0.305775216977741	0.282857625582977
-0.146799106696426	0.129993445976943
-0.88059143531546	1.30028237748817
-0.822594895322079	1.02216240326796
0.551324108815632	0.635547812585534
0.232473400809488	0.295716761540673
0.36623176238504	0.549052628295413
-0.138950435734158	0.162866260788901
-0.0902091538643286	0.105587752685144
0.0628414933523442	0.0624920589768853
-0.0616200095560908	0.0626353853595766
-0.275931162092403	0.336775068716266
-0.74678360135249	1.41803009694549
0.0201500520097096	0.019309440707634
0.655166275079889	1.08717025978215
0.20631130942773	0.235498853411932
-0.249996004804077	0.370702582605391
0.20631130942773	0.235498853411932
-0.492828046935202	0.593728054939146
0.00884868418145545	0.00923413101411253
0.126461317628203	0.138500675106955
0.572380990004291	1.04501927465268
0.403936189756695	0.51427382024111
-0.395740448051889	0.502448066291131
-0.64359953170177	0.731059995223998
-0.687064500707962	0.508409645966285
0.711835729156345	0.546436820610805
-0.933866387606185	0.913817896990738
-0.171886481682259	0.102948871343672
0.39982558610268	0.325474373637144
-0.518695385209893	0.498664013815126
-0.217452189601796	0.161116070471731
-0.094605844788756	0.0659202457636271
-0.281904867849601	0.243805994757174
0.0637325361961794	0.0474153389882653
0.674747996043736	0.730865020105919
-0.819078754760871	1.21207645895731
-0.0629304825227409	0.0444087660735971
-0.643617318995098	0.730865984271612
-0.152713107858388	0.153217348770445
-0.152517737995538	0.153018299574398
-0.585228670017406	0.667349338770463
-1.16077192235494	1.761033870185
-0.381268827844455	0.395523767274108
0.399669129551259	0.340752189417628
0.656180365938769	0.556560417149379
0.264416845184415	0.174291804898732
1.21240187826844	0.971357094877432
-0.167715939625543	0.086928424290891
-0.510329386276558	0.457867156273122
-1.61858679035046	2.28267697184308
0.340306907473226	0.374127820150125
0.611739873622955	0.774553765162015
-0.326239444133989	0.279984135591738
-0.411443388533782	0.400857684320524
-0.0436873900637739	0.0368132004722377
-0.897277515888845	0.939927270681426
-0.674739925783626	0.545605022666558
-0.23513208013651	0.1378187093465
0.234045106137132	0.135412255558396
-0.285067287514914	0.186362204940924
-0.791908305713741	0.630579329942369
-0.0944930290534367	0.0658343548273408
-0.0395500459007253	0.0250801320019376
-0.579271811951938	0.475172822923278
-0.0757789679966719	0.047205567072054
0.247742846337775	0.284768103371206
0.0852630184585864	0.0749294487570656
0.56607192118756	0.831889531880002
0.0295329484330053	0.0249002255601327
-0.376409032062409	0.319985710096878
-0.37210208502209	0.429924863903762
-0.236907422371279	0.276465399037994
0.544970215851283	0.873217428666457
-0.387232956050631	0.536286732641111
-0.31484487118018	0.180441066493249
0.286186163765043	0.211414372910103
0.307504250156037	0.262021859532627
-0.00654276926370439	0.00365105635225601
0.399591799467611	0.309459975012498
-0.57687260630212	0.434061257328015
1.02244026721769	1.06670101667827
-0.766414454254694	0.663108225094003
0.399080971909257	0.293155310902524
-0.0489013694262602	0.0266701962197787
-0.260579855127371	0.131555960501043
0.395917416054305	0.226039751825445
-0.897428804538663	0.940123855262361
0.104656599253808	0.0739448460377965
0.806977108402305	0.875863628466965
-0.00907248770882343	0.00654208117563044
-0.105427784228924	0.100320758694649
0.337103245287923	0.359249615900759
-0.406260904714067	0.539360646359305
0.506197076775566	0.73856705180185
-0.173148358108782	0.212047147197926
0.225747585494062	0.279607385954549
0.0121561731697212	0.00985706320375036
-0.326392084806577	0.397284013175923
-0.631765138833321	0.830249191399859
-0.14444262980892	0.119032970859655
0.718116759444277	0.887535393579422
-0.880467299183394	1.30003504627854
-0.372241291519141	0.43008177784659
-0.843716971454895	0.995224858764752
0.116343175224197	0.0987109033400783
-0.311503750008234	0.36140596998925
-0.33048328402805	0.493413832881552
-0.438002934247458	0.704115885948512
0.0572142197057323	0.0602090008318968
-0.336703059236851	0.466774000321036
-0.674517712550748	1.28172885437451
-0.625854221711867	0.932668884589262
-0.0515846090473941	0.0495893416603776
0.0627960804352384	0.0624682868423548
0.0422801964941737	0.0299581726434151
-0.358495878177703	0.22993924642698
-0.579296535169985	0.475401577626035
-0.701977565807351	0.470939585084635
0.546658537699458	0.39936889682843
-0.235369770675652	0.138004043591348
-0.375965103886377	0.319670064393052
-0.579211569978325	0.475305661180453
-0.977727677975682	1.38025463759668
-0.0392171917954919	0.0354605443552797
0.00904642147790427	0.00787582873618338
-0.15823622810903	0.2314998316136
-0.30053683869641	0.366430213695216
-0.584903396559676	0.701646213786586
0.708152941811767	1.80244478733822
-0.0331015602324381	0.0414375765697651
0.599741053831621	1.47648099646869
-0.481300209672696	0.983461245656674
-0.021093592255435	0.0203848936169067
-0.112356140465283	0.113399696390209
-0.12230015740776	0.149416858423491
0.455591144948293	0.629353479490387
0.116849779462007	0.124212051865803
-0.40667829094103	0.468825318368411
-0.444712405776508	0.511575587170402
-0.414837233488037	0.574272682924413
-0.156787802253257	0.175220225962183
0.279859334788314	0.296449809912637
0.0961392664103112	0.0962123576938891
-0.259011916834958	0.344963002894231
0.0956725985938814	0.104186055183607
-0.197894348914175	0.208926816132965
-1.11770142025461	1.76600469891919
-0.00931054848332267	0.00671085483883193
0.244331993945144	0.327232543874673
-0.194629145383413	0.227741583321836
0.407339875524931	0.62807146752147
0.143474610104851	0.131382948131218
-0.966917012932338	1.0674734320829
0.929881668108966	1.04618174195779
0.140313297263861	0.109306231322599
0.57724669322125	0.601953159977941
0.756110322057444	0.877981722989617
0.976566682179682	1.36616345661768
-0.620862567643262	1.03542630949249
-0.136013232836917	0.172894623163794
0.529057214348216	0.962015861053821
0.262072772147217	0.378396664783149
0.489066972865367	0.885453965005061
-0.152468694813735	0.152969006240228
0.125454475601353	0.14895325406705
-0.326120327405423	0.396743418563613
-0.097654099988128	0.0872273454387309
0.565854571459725	0.831525130734778
-0.12100300617601	0.10764800936119
-0.667779902360771	0.993793614074515
-0.260089782095195	0.303034359261326
-0.854373411005807	1.51661539057167
-0.300531331017946	0.366439121376412
0.00249859660362824	0.00301839824702584
-0.366835329152247	0.466674812960557
-1.22084018137781	1.47063044471238
-0.269944347912126	0.373782259803937
-0.173873205805169	0.117633901391615
-0.791968693252402	0.630667165648645
0.365797211168257	0.150339977566715
0.968688495207287	0.894435702761685
-0.391707819032516	0.191441091636894
0.128722661231086	0.0571444794901516
-0.517513875524486	0.178911161319999
-1.24519154070041	1.02240393492908
-0.00477816764385727	0.00221449009969904
0.399497104185646	0.325254990433101
-0.58157945198374	0.516378936823913
0.558821367141541	0.624012792069527
-1.23448311547034	1.17077474119754
-0.322011037157674	0.231866624991855
0.0423891207179959	0.0300286725135493
0.0701478609510518	0.0593521988460137
0.85094623861938	1.34381434298011
-1.2040312309105	2.03690734124596
0.464562297240976	0.580258353982075
0.336992741094583	0.359121032093469
0.399809142297564	0.385256832257424
0.718111359650868	0.887483900214155
-0.938958711023036	0.734322134192378
-0.573148582352656	0.392220049465515
0.564339939851966	0.389626426333852
-0.314951765219021	0.180492172724413
1.31642837968388	2.00201641747692
0.276530386752355	0.193383473806482
0.301664613677861	0.24585492314882
-0.171840142126793	0.102971998105413
-0.581534663169211	0.516361215772892
-0.653317619182716	0.659672230044936
-0.207357562861288	0.181769539485242
0.0183938786951743	0.0123755751274869
-0.0438418823733307	0.0369488782362844
-0.701939376185849	0.471077472243728
-0.00479980150253003	0.00222543899707575
-0.788353018666431	0.414337941238971
-0.260422454505934	0.131473076198748
-4.44973933299975	1.84343682746367
0.712007738259608	0.546620013704936
0.142052828198632	0.0888586735653421
-0.35874606176488	0.230128359214925
-0.358667111251907	0.23008064430689
0.0242319792045636	0.0218554587179101
-0.107483936228961	0.0822896283358165
-0.348205293037469	0.320210844976139
0.232228918202675	0.197697839925413
-0.285150876711098	0.186416646333165
-0.376051625080817	0.319760670481302
-0.155080966418878	0.164570451299632
-0.606175462660514	1.18366712779146
-0.394018621976544	0.653657784538131
-0.542692251377848	0.715383742804414
-0.212554748859366	0.172385364347825
-0.167715939625543	0.086928424290891
0.606920023753657	0.368081471821074
0.546803549672268	0.399551531032605
0.0288508268156486	0.017108910813176
1.72118578227213	1.34715372139245
-0.00484279931117502	0.00224682304483335
-1.12668504630645	0.723641797428308
0.396089831394072	0.226278388755559
0.898526453765479	0.723531388531303
0.765221229893607	0.331833236925771
-1.11449125834891	0.540788176297302
0.711835729156345	0.546436820610805
0.796607070563234	0.546529871565748
-0.422385450751323	0.236657506409627
-0.391724305318784	0.191524028484181
-0.0487970596958957	0.026594018613209
0.974129626335058	1.21102676146163
-0.00706815006793827	0.00557231721100354
0.242094730854174	0.270475914272515
-0.408197425539126	0.633870580234923
0.15354063982453	0.183124306189982
-0.453641840985075	0.547943532567682
0.00666227151140849	0.00655726701770462
0.247823361032601	0.284874553944198
-1.16003127536141	1.62020116312627
-1.32050443969245	1.32499356923095
-0.372028085639328	0.429763138827243
0.301370746037624	0.245605718262486
-0.0763897901852499	0.068528881057559
-0.461480692156201	0.717039427278564
-0.36172291254582	0.501214525865614
0.452481546298132	0.655450772192021
-0.0315366789024277	0.0321582026651891
0.256454134056002	0.361369687677767
-0.218709088458452	0.243131684834868
-0.0472540603925306	0.0550663416099902
-0.302795122176385	0.403187031395039
0.506313799383092	0.738638540460358
0.363765784795018	0.532461321706713
0.100290929049819	0.0816280404924855
0.250671549096301	0.155227427239656
-0.449641252180695	0.282629245641421
-1.12726154838206	0.724019034618447
0.25061916968494	0.155193208312974
-1.13148172493174	0.867583831883534
0.796607070563234	0.546529871565748
0.711769199762494	0.546256352478611
1.648474567044	2.22618410101958
0.163416673168622	0.108685956637582
-0.242499297969773	0.268885455297121
-0.326347519811603	0.397165606808537
-0.028249502846866	0.0221175540521767
-0.147085548025266	0.201031647576025
-0.0111619617207284	0.012942335761031
0.117201010378986	0.163714113697774
-0.0809341001997843	0.105762428523634
-0.00687366372713236	0.00889265785538977
-0.187399477639467	0.239192832196841
-0.955775306020654	1.86338548369153
0.0463646204958688	0.0556482686622132
0.26745727104073	0.395564837634694
-0.0683137580508418	0.073063265222834
0.283161464394596	0.3909256925292
-0.175897104029064	0.186209031466554
-0.0772378679414813	0.0783361056935966
-0.325345264724428	0.358219607708446
0.399974711302707	0.385294994109702
-0.46192927065065	0.58453772340988
0.451284902628581	0.668821052043127
-0.554795262708939	0.925415589520464
-0.152407530711728	0.19404757020567
0.403831985331119	0.474038201942814
-0.643583894717906	0.730901247199573
-0.552969382147804	0.858676293902732
-0.525235082222545	0.935098431987527
-0.279749411202458	0.402074080905343
0.042171752524437	0.0298790460230667
-1.0673849388289	1.02908287832302
-0.100443178122335	0.0534100513858687
-0.26554880296696	0.194126969543783
1.47072026985274	1.75617070299263
0.0633515476702507	0.0471147111200081
-0.358574770830738	0.230008355533989
0.0214132875745974	0.0230364083202933
0.304185948977164	0.542543004665575
0.261756393610247	0.377846719439422
-0.00429078815975957	0.00438112504156294
0.0470635700173292	0.0591278094717024
0.636632100482039	1.34008125623874
0.600458370241913	1.212981507499
-0.805917737084533	1.6257809677145
0.809106522554476	1.03359079706848
0.153464655865393	0.183013158933878
0.0121182607867149	0.00982643358141462
0.0743036236754983	0.0762142725257715
0.491527334373807	0.818121387611067
-0.13848453436695	0.154966885308078
0.000304830641631618	0.000353650510390823
-0.475354168322327	0.894669996422948
0.304996191828795	0.382586197633476
0.116384400022193	0.098744929934484
0.13575705144113	0.15305300860639
-0.171854279210956	0.102994903376511
0.211926139913565	0.113876387771514
-1.52276656842253	1.22109541407879
-0.571969057025845	0.312725884763733
-0.847833196182046	0.353207340512575
-0.184260968187063	0.0790176636787065
-0.00469172861944419	0.00217379346282996
0.632177810904669	0.352614000083049
0.365797211168257	0.150339977566715
-1.52280449040303	1.22064201753855
0.796455763646197	0.546406595576815
0.602262745870816	0.58262313075345
0.286336896081456	0.21151127551838
0.31331362990554	0.278437083393738
0.602365984917455	0.582957641170346
0.584880550786762	0.379823848247094
-0.028694640178079	0.0224740421697346
-0.00892865946533157	0.0064373782568112
-0.0653043353740683	0.054762725886024
-0.135727496153122	0.144335566876
0.658646377278559	0.738049434180312
-0.818874609599678	1.4062253208853
0.399255404140671	0.340327963958106
1.7210806538876	1.34702122879155
1.0442507952022	0.75417682170438
-2.1932789588964	1.21117205627218
0.606840474184464	0.368014046586871
-0.139822767383323	0.105999705204428
-0.224336677934566	0.149274089294747
0.221518955905205	0.180502354834834
0.497196260345077	0.461739233682324
-0.585621784367128	0.632241126360821
-0.585317237729489	0.667555382412375
-0.260372440477341	0.131331464433963
-0.968040626027814	0.567014988604947
-0.792103503205385	0.630676821498528
-0.449470313294104	0.282463449072139
0.0478295204619513	0.0241303182423519
-0.126593439823134	0.120045101188354
0.560061346414521	0.841842937105727
0.399309152528965	0.355363453106969
-0.348199925365281	0.320215025577011
-0.472145435547435	0.32911333829104
-1.14260067669355	1.02066115370797
-0.119705907888689	0.0731644759949217
-0.579060886134685	0.267400175341313
0.196677964076169	0.145868147294492
0.143446598920147	0.131349775656041
-0.686722096742145	0.508273973989328
-0.877277380430432	0.577081252829866
-0.00482134538163185	0.00223622028267589
0.129098587708665	0.0573264026873503
-0.579119326010413	0.267387068020036
-0.315012604577116	0.180519573244866
-0.0081408866142675	0.00267744478079309
-1.51151154262208	0.927724141804404
0.764164037484612	0.331138547182105
0.712061048069147	0.546653091630455
-0.406536039818103	0.0912270232471427
0.403377677871532	0.139736809774786
-0.18438336931455	0.0790808605857554
-1.52282792740514	1.22121094412113
-1.27040006372588	0.885002340015008
0.250579140813568	0.1551468753094
0.0424103786080009	0.0300514923559452
-0.510395751096544	0.457976707873332
-0.394779207928494	0.432513763092937
-0.587481350379929	0.911528700320736
-0.417067027188848	0.692426421937063
0.016829434277591	0.0219951853282749
0.145008084666333	0.1681789874077
-0.2760455395113	0.336937364639825
-0.618472624700859	1.06710229857554
-0.585291045984754	0.667492949467157
0.140212086942194	0.109214026574701
-0.248300818399581	0.260717967750052
-0.247875116514248	0.260204748342522
-0.144558670907797	0.119119195572752
-0.260502040998013	0.30351493453089
0.765075657245509	1.50763604351166
-0.158245381949308	0.231655553187882
0.234004848522217	0.336512034118853
0.115807575308197	0.133655094279602
0.278159918703901	0.374497613435163
-0.122690140071864	0.178603891487169
0.115662485845755	0.133467634019214
0.115793525971611	0.133628690212312
-0.314134300986216	0.400548219377803
-0.0946924686572058	0.0659817992337953
-0.100696563025694	0.0535453328515396
0.0479747380547107	0.0242080962692441
-0.314989981860904	0.180456775897979
-2.19255723702801	1.21048047914659
-0.788343745757691	0.414362328106443
-1.96417843831088	0.956262812874776
0.656180365938769	0.556560417149379
-0.939209052150764	0.734638357608288
-0.351356806340945	0.467411319218066
-0.267639499454614	0.248840835074864
-0.131468745546385	0.13228296941712
-0.325794372066981	0.320390632426202
-0.686920155648617	0.508356092101914
-0.32247483264862	0.232165496062573
0.0133529805624716	0.0205185466898422
0.00235394461321364	0.00284475725935953
0.392643533157549	0.884074343874937
0.153778600896503	0.263485290081509
0.00166425789168873	0.00178611288461857
-0.412923576879084	0.663502126964016
0.03153015171593	0.033024749802602
0.0763751888601896	0.0946106885157666
0.135861790886968	0.153184442205383
0.279645111686824	0.2961746898826
0.616030028447525	0.953268888700481
-0.586913229937086	0.875995551938355
-0.490190189553758	0.761906424933939
-0.754123948745486	1.16338137489168
0.169147958265539	0.191810786609611
-0.0614750065589918	0.0624949301247533
-0.340791886422682	0.394593637636223
-0.031025153679203	0.0316100273195669
0.116281541656028	0.0986185369527942
0.251445967614312	0.231966311182712
-0.587259174131888	0.910952432434218
-0.0312299128795314	0.0405268292980406
0.356673536533089	0.633291745005359
-0.307955237916358	0.3214901950921
0.769621589191955	0.712949032288924
0.234119701427991	0.135495466226445
0.504289166434701	0.448945981442803
-0.253224680769402	0.203534183342816
0.735781685207039	0.882220466103133
-0.11978479919456	0.0732036973318082
-0.138013298148388	0.168771939495471
0.298725025300585	0.513783318758222
0.213894264125007	0.313250026116144
0.0363426521691297	0.0424854924621915
-0.434425922430671	0.675218261244105
-0.0680049752670056	0.0651420333563542
0.333982043980794	0.510222224620615
0.253012939846662	0.298927479354861
1.005787406075	1.97820305250302
-0.553654907019603	0.986082835042343
-0.377832347886329	0.502082980668753
0.15243503215216	0.163185602350514
-0.07738525831231	0.0784985734079324
-0.136336353707685	0.173361092674693
0.23217037788665	0.295308691111119
0.743552805872914	1.92974397556505
0.457964967477466	0.61786429471334
-0.0945594924773352	0.0658855071300937
0.117061041511326	0.124520620798132
-0.500076440477735	0.41585911257642
1.52782493970326	1.0667583525539
-1.27073852153077	0.885116853872745
0.128967157113683	0.0572682747137997
0.37294067854689	0.176245525558977
1.51276202140523	1.26314002560136
-0.235488423181181	0.138083855479216
0.234380973697782	0.135649480050334
-0.260515813735499	0.131513276350311
-0.284923432219298	0.186232006972448
0.602254894985405	0.582822423289549
-0.585439123248561	0.632142413742664
0.100360602456113	0.0816823439322041
0.481374167792748	0.500484995996703
-0.107508169849809	0.0822857545200277
0.16929775874288	0.143842376477617
-0.740155195553646	0.968003390171822
-0.233418434219823	0.217928862007416
0.3088733056566	0.397792522320401
-0.0944821749365241	0.0956127931783245
0.116407993222198	0.0987680366186473
0.72203992207267	1.05193424013547
0.497149769694944	0.461687035193562
0.398872373781685	0.277094868971369
0.178502584419716	0.0880150507571391
-0.472145435547435	0.32911333829104
0.211819494672195	0.113810815709731
1.24611082329471	1.14586100594575
0.0828382842492208	0.0645463187224026
0.3132772866988	0.27840878870001
-0.322183785934379	0.231964800139638
-0.504465828969455	0.666516257684874
0.0117144127709101	0.00949186113917096
-0.115099262185609	0.0954157520010552
-0.0439191236378991	0.0370141670150405
-0.87719241026191	0.577211271023757
-0.107508169849809	0.0822857545200277
-0.2760455395113	0.336937364639825
-0.375919135171039	0.319589844911493
-0.648373842169701	0.696240291814015
-0.0789466320583325	0.0354412383139809
-0.0787328393819667	0.0353418953097744
-0.167754090883061	0.0869546539632337
-0.260329029925159	0.131417764875266
-0.0785456362005581	0.0352399196503108
-1.12714961438317	0.724193919652426
0.671378649492526	0.334583333907498
-0.391716070497778	0.191515317219743
-1.52289654869207	1.22070644061425
-1.93146639458226	1.94710546306004
0.58475959722206	0.379934996153133
-0.260314528745779	0.131393590854783
0.398681888694626	0.276835092857952
-0.212496850806745	0.172347337788627
0.658400244756624	0.737662834140235
-0.267571746673559	0.341727340555829
-0.300666713870692	0.366629143449237
0.225953357530803	0.346324556462866
-0.277428071000919	0.426270753879525
0.589639005424332	1.28037234444834
0.143804483930509	0.180383142193577
0.253234467739169	0.299261842883
-0.395793540104486	0.361386604646153
0.163606102560209	0.108818672900978
-0.493031419914927	0.594334281844082
1.07088500561805	1.70867471553028
-0.105370699549137	0.100259792309016
-0.450906956016587	0.649414150131252
0.282901961074868	0.390537993736914
-0.238571627065775	0.317499210195109
-0.890786978850024	1.79395527722407
0.328733157033658	0.58029724239069
-0.525163364810888	0.934787501639566
0.0900438318080596	0.122099130704303
0.109698115402274	0.133326603512873
-0.30266528404219	0.403043935244597
-0.895673159620803	2.22871269047908
-0.326102142331909	0.27980884737187
-0.877107195262802	0.577129826927392
-0.235303642562071	0.137970517714117
0.264467752091794	0.174352348075222
1.21231527031093	0.971317789997125
-1.12715469735633	0.724097661397232
-0.44947814360217	0.282431103264722
-0.395906978747621	0.502822932453417
-0.276115959870121	0.337086338965633
0.53875156772615	0.659080801509912
-0.313229134846921	0.434094177759966
-0.902314894591944	1.27830160939508
0.0423743719128558	0.0300283189520027
-0.792005881270846	0.630719515069575
-0.444814311299664	0.511476042629528
-0.313631782543394	0.434778144259416
0.160798385360187	0.177186144790663
-0.0727601085682682	0.0815385602499662
0.191727392625065	0.206597497083603
0.238252876107041	0.310980257022771
0.2288751853549	0.240779866445636
-0.708816725797612	0.800759527607728
0.209591073520732	0.163136712546142
-0.949019250459696	1.39772192435503
-1.47863791907139	1.64687267055215
0.809123111696657	1.03390001069984
0.404050461226975	0.487801587893281
-0.0784345608345093	0.0605629423147764
-0.131660692084557	0.132508983196458
-0.486578428775196	0.558312251145014
-0.256244453877345	0.253864915906049
0.0990354236599758	0.090246144112934
0.722113950286885	1.05194415195252
0.497262814943253	0.461803697327511
-0.57704947882514	0.434290285975212
0.253234467739169	0.299261842883
-0.021093592255435	0.0203848936169067
0.213288139890229	0.250344557574057
0.284962793435453	0.311193903046097
0.504592859831749	0.449371582331686
0.196464346965033	0.145700988369816
0.045088609257652	0.0394442269348564
0.0136088789185696	0.0101348422654433
-0.487422279001103	0.372407313032199
-0.461832868610168	0.447275924023554
-0.0774622131528459	0.0785773722521766
0.212740503701731	0.24948277338224
0.403949446444497	0.567468087011828
0.133418825753539	0.134350398264687
0.462214879703416	0.592772128318272
-0.326469403334679	0.434623714062242
-0.135878863253561	0.144517802687099
-0.0284911506847198	0.0223183071793435
0.336837254586457	0.358712345381184
0.685194889437503	1.06776615155073
0.0635226648707954	0.0472632648058733
-0.7636131577088	1.13221007391103
-0.0240420965998376	0.0203442500799541
0.860843468261436	1.0349698612074
0.253179084151107	0.299187442166145
0.646887280260882	1.09517040047886
-0.444617603712095	0.511426388228751
0.702213478865445	0.893646188952004
0.133331334985211	0.134243590987067
0.65856678330867	0.737991575978627
-0.167814701890377	0.0869867978736486
-1.52285115919996	1.22094655905409
0.0479364447408366	0.0241891330477726
-0.877256584690999	0.57705638656403
0.17856779616299	0.0880459181741458
2.0353149162692	2.30506608390823
-0.825224295078979	0.599634201404957
0.116377143600508	0.0681615225405326
-0.0760945859454269	0.0474073772906456
-0.285211168305487	0.186448644459638
0.892991025427331	1.03960342014187
0.0187603779399543	0.0126212930219517
0.401445608684003	0.415830741307211
-0.479609933179527	0.52225147529552
0.221294436436644	0.180292288473606
-0.69904414307673	0.833026426386197
0.267231638949746	0.265097676846063
-0.340644475571333	0.394364592706227
0.485638680661842	0.48709804338547
0.39969301573876	0.385182892718584
0.718083460438949	0.887542647424653
-0.217366086087978	0.161042824286404
0.53312519403382	0.411026461301314
0.396111062600139	0.226300322457463
-0.422428119128095	0.236719234912365
-0.731928779514293	0.441051573299806
0.398860270688586	0.260928559216684
-0.171937931217338	0.103046922596437
0.89833172185645	0.723268328705126
-0.487635606562525	0.372739875622519
-0.199384522538773	0.198720619211944
-0.144342296426494	0.118939532701684
-1.35077156441332	1.18217148426361
-1.09726281254122	1.33580254085195
-1.94210338431566	1.5054945356292
-0.471591398829304	0.485369096740568
-0.175766460622756	0.186077503317358
-1.11480389157877	0.541093044086259
-1.45967586848021	2.08495134570116
-0.100524984420176	0.0534573894442428
-0.577002826250074	0.434347034870591
-0.0784648403539831	0.0352003266724505
-0.260436979275461	0.131458797580532
1.04443859417144	0.754332078234377
-0.00642632049195206	0.00358745361441481
-1.51128399880157	0.927879913676698
0.399579085160327	0.325279607888137
0.564317092367707	0.389632583146479
-0.449461019006595	0.407127485073451
0.0634564531632897	0.0472062157181308
0.00963379532630077	0.00838875217420672
-0.746777552328319	1.4181890891876
0.225687150881492	0.279485876647086
0.232265789750653	0.295454578078264
0.0093889006746218	0.00817680133521988
-0.0567780614199094	0.0511343150413276
1.00900049459534	1.68367750427789
0.512676710615349	0.436447155868463
0.104590040820231	0.0738867584641966
0.142105856690795	0.0888908050395115
0.586561714460838	0.803116400864371
0.313407471062724	0.278546268335981
0.273819144368143	0.280823712448747
-0.267798413391653	0.249021347083078
-0.202780583908736	0.190197804310236
0.13047366902564	0.115099622104558
-0.22211666044368	0.233882169920685
-0.586882946629886	0.875806125619485
-0.267786737470404	0.342056775215196
-0.302534556766993	0.402566927518224
-1.07233803077599	1.63285268318272
-0.314943947858019	0.180508496860338
0.399185776221985	0.293205187254667
0.631932759206064	0.352507886935394
-0.35841702097782	0.229858290125378
-0.0974192508347051	0.0870095940755514
0.133735606551856	0.134669406503581
-0.0314150300152435	0.0320337284311607
-0.135694205304203	0.144295214096647
0.229079939381069	0.241100035326292
-0.631761763737966	0.830290545006268
-0.676881814069009	0.927202246897885
0.528105223878696	0.682366276538099
-0.0438418823733307	0.0369488782362844
0.30760571259343	0.262122423899814
-0.00633857803269929	0.00353880115898878
1.11255900834009	0.937756926523111
0.294735209381305	0.22918377192748
-0.0628240330612905	0.0443279840820764
-0.461941509756062	0.447436107084494
-0.267660318613673	0.248855752807277
-0.149472299433566	0.141228665702496
-1.51320365435378	2.24360890284484
1.24651380909711	1.7969561863172
0.404387299553975	0.488193198183211
-0.119546843544292	0.0730678346020511
0.769624558410942	0.71323243362851
-0.818965408699619	1.40664975475261
0.549739640090861	0.863125960347751
0.708706957181547	1.0564918924689
0.184910157756867	0.221731099435916
0.221605537863287	0.180636771759577
-0.348143986052117	0.320054101193831
-0.0889718437179536	0.074203437212421
-0.065093785684535	0.0545745364424279
-0.298860101022677	0.237688026429349
0.313132848741132	0.278168758108141
-0.131282217785021	0.132024496617627
-0.105338178127862	0.100224251064405
0.191546548122542	0.206310224557665
0.029389465187787	0.024766945859101
0.762728284030966	1.19683262961834
0.289704220495775	0.325872920367311
-0.29497041263893	0.325517364588875
0.47782567953485	0.514123936266195
-0.24809631751147	0.260518038057412
0.403148986946487	0.445935836353013
-0.395677619377101	0.361298242623514
-0.381417715250827	0.395749121679534
0.349781152937737	0.430557362188524
-0.943950414677734	1.55764327594884
0.203949039522137	0.19444232485102
-0.585280236685091	0.770596762513617
-0.841272901878983	1.54467294753556
-0.58560075068691	0.632352818128706
-0.126585476940727	0.120024440946477
0.952594764895883	1.5137222547449
-1.32061182671971	1.32502985258489
0.250553369184273	0.155126774488292
-0.26050123433033	0.131519082409796
0.928880311944051	0.545314341145758
-0.224418508914257	0.149284999516883
-0.260357985752607	0.131395186767185
1.36828089270471	1.3634369282367
0.52230708112406	0.423835271535181
1.49730071637602	1.43007384491007
0.14178625989167	0.0886587690609341
-0.242780958197465	0.211546092539593
0.635522631800618	0.564955794700488
-0.433446223556604	0.364800652337892
-0.868143327583173	0.967200514735442
0.974155704016413	1.21079582393813
0.242345455435383	0.214970199497008
0.232162683178511	0.197621027730203
0.294390169020995	0.340712944584241
-0.207359651977579	0.181778665800686
-0.13980099327149	0.105977883175518
0.209911426831079	0.163446521346098
-0.933973345402332	0.913944086266714
0.104656599253808	0.0739448460377965
-0.938814115378142	0.734138351979046
0.0478981651999103	0.0241685434406286
0.250605830440359	0.15518710398705
0.0424032487040718	0.0300491191000436
0.209784434728169	0.163357596997261
0.715490575643558	0.720391229913387
-0.00657979808016496	0.00367176203867503
-0.643537641231685	0.730832786881369
-0.746921508101353	0.697565218519348
-0.933803537214648	0.913670596019875
-0.518673614438678	0.49857196223134
-0.202601045089664	0.190013213598463
-0.267454855356008	0.295808959955464
-0.571624596727463	0.31249828110112
-1.35081019341843	1.18168206483099
0.250592487483807	0.155172004789474
0.116526517821867	0.0682388702802972
0.750654953713116	0.546018463507429
-1.40175994456982	1.48426246745865
-0.968025445363508	0.56675996581703
1.5622874673547	1.98742259868547
-0.00913897326050833	0.00658970720462946
-0.487686905437284	0.372851819278413
-0.394744595711413	0.432494747449255
0.0423886429867831	0.0300321424868328
0.655314932545439	1.08745155087145
-0.371878238932747	0.42955747015792
-0.267299659670343	0.295630401493574
0.11669809992745	0.124043720119356
-0.126211182728119	0.119632186239249
0.0724290252704746	0.0679004651923831
-0.22204295223603	0.233806875747989
0.1161634901573	0.0680366741364742
-0.510303442487599	0.457611233627262
-0.581555343950065	0.51639606863397
0.10031621713678	0.0816372997431155
-0.348122600075599	0.320098867083458
-0.435061220422003	0.47530147638215
-0.581465945860994	0.516121824486077
-0.0438452905911749	0.036948494673532
-0.00837846316080255	0.00539937770157817
-0.2988802591657	0.237699342993491
-0.295395149694524	0.326011925412221
-0.0488357677346139	0.0266327969000951
-0.00650993522150788	0.00363359785395652
-0.00661683941035757	0.00369212124662277
-0.202670060157173	0.190084354807069
-0.620967205202428	1.03565169527291
0.247514894724495	0.284319182595983
-0.27693381839852	0.290025113256778
0.4040305798303	0.487500849628757
-0.479766108540177	0.522419003970462
-0.0284971881475087	0.0223202739500568
-0.300415399469126	0.366200801762491
-0.822705613789	1.0223122918427
0.584812089314716	0.379933439174538
0.0185410853283632	0.0124748888188237
-0.500335013403893	0.416119731996958
-0.877169937096785	0.577203324418684
0.56439909771469	0.389627774542729
0.128862234571198	0.0572251923644326
-0.732099967580472	0.441350213980641
-0.390063176806021	0.276452098473583
-0.0487568225975182	0.0265874476193196
0.25061916968494	0.155193208312974
0.976489277058346	1.36602109097782
0.267266036026918	0.26512892054937
0.398873322187915	0.260949289938167
0.31342912003635	0.278538494803129
0.399542940036478	0.245217361896434
1.05637042484898	0.549937742703155
-0.285113899572739	0.186378443168237
0.273826876987133	0.280909441302747
0.328875005767936	0.327563066380643
-0.933869734304217	0.913544117933911
-0.231652922601284	0.283416199173603
-0.361232382568033	0.500519075675709
-0.117624359073856	0.125302652407149
-0.948957126455803	1.39767862694653
0.228891532146933	0.240845483310196
0.0316892571975541	0.033193631345686
0.185022863094154	0.221867319146612
-0.233277393265523	0.217776619314086
0.399797955403642	0.385284925621455
0.155600218387415	0.126753285450839
-0.0784838709809158	0.0605959569003531
0.213242572052921	0.21044133613113
0.328648393927916	0.327336362823669
-0.00835438081343435	0.00538245025635167
-0.115253167729569	0.0955799432249785
0.209585260938722	0.163158798782528
-0.352061118010864	0.276728856939882
-0.643555692254839	0.731009070221673
-0.13975781530259	0.105923749550496
0.313407471062724	0.278546268335981
-0.171891600284617	0.103013652092688
0.769491216255838	0.712799096277017
-0.585206024030245	0.595510242360479
0.702395051108696	0.893711934793014
0.169147958265539	0.191810786609611
-0.202822100039268	0.190226432560404
-0.326452924938182	0.397384081814283
-0.325635009856197	0.320265252507856
-0.207471680451127	0.181891112921745
-0.876341216328056	1.13863240837444
-0.276807938502846	0.289878354503113
-0.212807712605218	0.172656903022634
0.952739725353448	1.51391512878887
0.242031911496995	0.270379632730219
0.267017885827981	0.264820604446517
0.0346610636760765	0.0269987445313969
0.0120111204951783	0.00973972852873941
0.273930711758781	0.281043407581467
-0.0359275522862049	0.0346370990946775
0.658479841357247	0.737866944239932
1.17344445063286	1.59851399598763
-0.325125422508171	0.357723824037637
-0.766855102726004	0.909735413873122
-0.233601587652664	0.218129062301179
-0.0763098881580922	0.0684379342764894
-0.256058169232626	0.253515764784932
-1.09722192601032	1.3359014050852
0.209524686670805	0.163064848998873
0.0185468055343983	0.0124802149628198
-0.348089349843465	0.320058529456619
-0.00706074537866844	0.00556548101463576
0.768842337286309	1.03824023479972
0.832988840586588	1.19159295097399
0.399864236444009	0.385286738147105
-0.115182883461424	0.0955193122720323
0.0136466259601306	0.0101621857370539
-0.32631896973014	0.280039079735488
-0.0889218938821686	0.0741579498049815
-0.451119704819429	0.649876272351289
-0.11489110787696	0.0952043778624483
-0.444622735126299	0.511289228370316
-0.493017320607114	0.594276479664211
-0.212713833208726	0.172512840141444
-0.354426763923494	0.4305005348931
-0.248276197336127	0.260673374546311
-0.763752980187521	1.13265178799612
0.213182764472248	0.21035487275049
-0.104042299563209	0.116581576721874
-0.302544039395583	0.402833016137166
-0.175334439610609	0.205358458679981
-0.730434565186294	1.25785671113853
0.722025744039064	1.05184684007265
-0.00728193382793028	0.00573965384912138
-0.500074420317747	0.415863932501337
-0.265786877588078	0.194286941906231
-0.00848879090439034	0.00546982341217504
-0.479677778821833	0.522364368786986
-0.00635228232034153	0.00354698853506701
0.276556128649085	0.193436235303888
0.496996498730821	0.461421485640078
0.286523637112009	0.211735970130416
-0.783060654015574	0.879309192246952
1.15477006151329	1.10920857535553
0.211926139913565	0.113876387771514
0.399698378494952	0.245331839655781
-0.787999701638591	0.413940026884914
-1.12692027910398	0.723978664203291
-0.147089095811421	0.130259323686912
-0.175538483155749	0.154699594593905
-0.135870808941113	0.144495151934243
-0.422532173591371	0.609059496995385
-0.21082144458071	0.32109192684383
-0.402277094101211	0.709698178446159
-0.805437608343811	1.24020716571987
-0.354125273577316	0.429725079024934
-0.0522839918601282	0.04068072043643
-0.112461555273103	0.113496097834687
-0.3812462856648	0.395663419360529
-0.0242734863342662	0.0205522007578798
-0.330807805295942	0.49426556787568
-0.0513880731362745	0.0493863491615226
-0.276902343526802	0.290003236560301
-0.479742414747688	0.522370573427531
-0.169752666351773	0.216468905968806
-1.06759473282354	1.02934690786557
-0.131126705677178	0.0900946303692759
-0.212467893429097	0.172317250767758
0.234134912161859	0.135481632721817
-1.12680802340469	0.723563792790257
-2.38060556106765	1.46186003707845
0.402989430804172	0.139588222045671
-0.732300657555277	0.441384704650949
0.128967157113683	0.0572682747137997
-1.14278170061859	1.02078653749584
-0.0784345608345093	0.0605629423147764
-0.577109715356513	0.434343995222223
-0.422341841578886	0.236653826502526
0.196554057121094	0.145763370635382
-0.100532689740455	0.0534621458761021
0.671626073423993	0.334752594792006
-0.515990783583792	0.178284628481265
-0.147154142164629	0.130281368910163
0.644559986072141	0.746243486322818
-0.282270002489326	0.244246371954232
0.279659302240486	0.296208724784815
0.700819523203993	1.21844881984592
0.154917144886127	0.146931097481555
0.458132301910906	0.618064182476718
-0.152281214125585	0.15272997251357
-0.336676495292242	0.466740128182708
-0.0609973684274958	0.0619682988107047
-0.58373420454877	0.556543794496588
0.0857298001699369	0.0467611300263588
0.307554980989846	0.262076954344765
-0.184505553212383	0.0791373504854963
0.30760571259343	0.262122423899814
0.67458892473134	0.730450079682127
-1.15823149482902	1.47558571874258
0.533376076879672	0.411247392753159
-0.902074934315588	1.1150480895648
-0.939077485445265	0.734512322363123
-0.510727823059751	0.458289425612123
0.181445038128079	0.127712516882967
0.276501593424179	0.193390335819138
-0.38995717249119	0.276378670243734
-0.687064500707962	0.508409645966285
-0.167784410327834	0.086973154849
-0.289304245683167	0.285654145844107
-0.175426468058515	0.15458422711273
-0.107551153683785	0.0823416233519769
-0.0681506782178314	0.0728915876332484
0.449388528154237	0.696055115065427
-0.174643667373442	0.16437430239021
-0.172969365802441	0.211790430912748
0.460091189497226	0.605476805695734
-0.444603542359674	0.511433650188504
0.143471315766267	0.131369128806079
0.34801573174823	0.41714344125393
0.0991582109753559	0.0903689214126886
-0.0652283197026259	0.0546938587562523
-0.0974366300205096	0.0870255911431403
-0.325635009856197	0.320265252507856
-0.802027340674671	0.848172105335391
-0.199353109714056	0.198668036175788
0.029009781927305	0.0172044213737388
-0.0888915345539004	0.0741402455997
0.399630859244332	0.309670206289546
-0.351819809100106	0.276476130712377
0.399726141222678	0.385221715079767
0.399467948759877	0.355544814562237
-0.487791191325823	0.372801911319821
-0.352106055695606	0.276762693416363
0.490690915120678	0.473766149965937
0.155621945192647	0.1267890069065
0.475043338104885	0.528198288821
-0.584937801586427	0.701668866024597
0.459960631611535	0.605162446793014
0.0992211015957709	0.0904250579577082
0.232262051186001	0.197726892854407
1.37656214784254	1.70472227224612
1.07086167631139	1.70827208031295
-0.766414454254694	0.663108225094003
-0.583357181701419	0.555892170982543
-0.351995588476625	0.276684378744971
-0.686643295235763	0.50818911175335
-0.384842349652772	0.466681123158589
-0.0436101390160459	0.0367427909931947
-0.48179805982402	0.693405999271981
-0.276263329513063	0.337268245240653
-0.542945514066964	0.716049558112451
-0.387273089790539	0.536495802351327
-0.174967183374371	0.174998612242214
0.0853557704800851	0.0902681740867229
-0.120821485352527	0.135295954751847
0.458164811647642	0.618066358211197
0.286334355858973	0.211582312059847
0.567101160636686	0.612262123139383
-0.107373457255301	0.0821891601759086
-0.327230659220978	0.129567376802136
-0.139504665028711	0.105714550661248
-0.577146638675989	0.434429840249087
0.116368199676192	0.0681703696479722
1.26780139530442	1.31689537172487
-0.131212887277098	0.0901629643677175
-0.939011804865643	0.734143578649317
-0.577063067083383	0.43440075790853
-0.472010450119347	0.329013950089207
-0.167746238435569	0.0869469108163603
0.631924054382468	0.352475981362613
-0.422406829788458	0.236695706877833
0.0478678062535957	0.0241529007811321
-0.390010170761787	0.276421028544424
-0.171937931217338	0.103046922596437
-0.0758420447116388	0.0472493626621867
-0.13983735679751	0.105991070594441
-0.376077386551352	0.319792328705742
-0.232590036925337	0.344199137565946
-0.300693093387303	0.432724016753448
-0.469322694983797	0.620923324554206
-0.543271565699812	0.716505643902217
0.0290916091214662	0.0172506474117661
-0.0567454695830221	0.0511021067619738
-0.451002412401814	0.649301306635675
-0.138377825429362	0.154855470871983
-0.253172941659382	0.20349196228865
-0.389743814973355	0.276121848681845
-0.413919608406986	0.321094793095108
-0.51764708606635	0.178953973086848
-0.579047233084989	0.267435837190726
-0.391473290236428	0.191346105669389
0.373186918798905	0.176352245678087
-1.52272133551366	1.22049667570287
-0.56850361312045	0.350137185021699
-0.260422454505934	0.131473076198748
0.1555336677008	0.126704851836775
-0.889739439393221	0.757923214285955
1.15015132121946	0.774176029611433
1.15491496610817	1.10878782594068
-0.167852880383599	0.0870058064419345
0.403377677871532	0.139736809774786
1.04401285919836	0.753591006608618
-0.0285558675009951	0.022366706122132
0.838344492976632	0.876848304195452
0.512827443679135	0.436556749991168
-0.210938114108069	0.258156886436332
0.814799807841436	1.34306130360138
-0.696173251573666	1.15894098549846
-0.342801992688295	0.356853939106245
0.174952345164154	0.177278282573428
0.523309371788305	0.693822673528195
-0.00751274926259327	0.00684700504913413
0.399714800274633	0.325466427407848
-0.568549525224171	0.350166151783107
-0.686800933612094	0.508334523103492
-1.63519167898621	1.39553890660412
0.234112079861019	0.135489192248169
-1.47889255057501	1.64746131195401
1.47061157231704	1.75597075940269
-0.119627047102514	0.0731073144010789
0.0583395005806904	0.036852126768332
0.140392865981144	0.109377863061901
0.251198703362426	0.231705020942192
-0.235329933523451	0.137981629173474
0.313234042057343	0.278344285129952
1.03230116897854	0.911423629192629
-0.0488879942131119	0.0266619172719185
-0.167898841844075	0.0869965165663214
0.0835524868560745	0.0559590557469043
-0.242631607266723	0.211392045988644
-0.0946461025916477	0.065946218902393
0.00644134263004804	0.00597549533688367
-0.240421620499078	0.344248076357854
-0.155056038503291	0.1645411791189
0.384378492883977	0.672848350766065
0.0241341807854505	0.0217647748274523
0.60846836415589	0.962084693770584
-0.197691418097647	0.208620039371373
-0.00691752363264606	0.00588391885991435
0.798238450119051	1.34102574189282
-0.819015714723954	1.21199764660259
-0.424161638024443	0.438562243307223
-0.423963678572447	0.438292832917724
0.399384560053957	0.370248260620243
0.130687437575845	0.115313256898053
0.196681525546273	0.145897187775546
0.221323323037846	0.180336725372739
-1.56528745916096	2.40795851368313
0.301237625522345	0.245433243567177
0.806732568709337	0.875432965157303
0.399630859244332	0.309670206289546
0.485645701425875	0.486931898464325
-0.732144701225611	0.732964424136766
-0.0394884245435511	0.0250431843018384
-0.0522203267118216	0.040623388684419
0.0827996118111091	0.0645103854377644
0.403049528489266	0.445668313861195
-0.0626103897323382	0.0441676202998615
-0.577123316514962	0.434435598564971
-0.322139897340277	0.231999577337031
-0.0629811980915433	0.0444439033569025
-0.957516094208986	1.23736940930748
0.681111391978709	0.550473937505231
-0.648352400032634	0.696186535969026
-0.121327725865029	0.107909917716962
-0.933888438208591	0.913869462420194
-0.298733198054574	0.237505669362653
-1.08434221084797	1.18416873197409
0.0251250494070116	0.0285589374022982
-0.105573606420846	0.123635555066489
-0.695915842964506	1.15838378967086
-0.242015142862448	0.268387431901513
-0.051714667214817	0.0497170432237143
0.363955340994484	0.532948514336604
-0.227053917480403	0.225632441490772
-0.176052217468941	0.132023277324591
-0.265310825116447	0.193861658240783
0.845873572645785	0.715100082050027
-0.686591528873148	0.508125343240681
-1.04445204539498	0.874915515762286
0.104723141371598	0.074000406081719
-0.167929195262157	0.0870101900241509
0.399187088913684	0.293282605618885
0.928993059852903	0.545364679729449
-0.391724305318784	0.191524028484181
-1.0674906827344	1.02947600253339
0.128862234571198	0.0572251923644326
-0.788473517099805	0.414356124603627
-0.184148497629906	0.0789589941501255
-0.571963286722402	0.312637127021938
-0.167852880383599	0.0870058064419345
-0.326006325824996	0.569994300124622
-0.207713114628744	0.326455621081743
-0.348205293037469	0.320210844976139
-0.583907281167518	0.556785228404916
0.13054244969294	0.115175477403237
0.196616031972375	0.145843799490633
-0.369938624017687	0.53335375406681
-0.997911595414174	2.12362773127455
-0.391481666646295	0.191384943509599
-0.175634379752921	0.131589968136899
-0.665691709552174	0.583914618045903
1.31640050781925	0.589791315671906
0.0615106551227168	0.023806118014709
-0.105015388977172	0.0291873412061693
0.632396826255826	0.352744510096783
0.750967604056486	0.546403961082126
-0.824778579016601	0.598838855860113
0.178315331624704	0.0879190895682354
-0.0346684600454864	0.0247431586218476
0.058506856910663	0.0369659911939458
0.399698378494952	0.245331839655781
-0.0488089875965929	0.0266177615123385
-0.825061670752121	0.599394220982401
0.365796592364056	0.150347828566248
0.0615975870037284	0.0238440904296656
0.232228918202675	0.197697839925413
0.711994689914987	0.546635957220775
-0.00831300788254624	0.0053575270356208
0.00924217199577847	0.00804812415187095
0.458026587654928	0.617936656777943
-0.427442170525677	0.541932361003437
-0.00903923005469861	0.00651800416598208
0.12649630953242	0.138548134188096
0.355730041310208	0.472880978595488
-0.394564906678559	0.432251222618305
0.399362209541895	0.340488220509392
0.234299063326123	0.135610764338717
0.264695320532999	0.174570131584808
-0.889859782606406	0.75818922164643
-0.93409601142374	0.913907893473794
-0.315014367013039	0.180484048351892
0.17843765751352	0.0879488879768174
-0.358561349203797	0.229976361393022
-2.0177748235648	2.13699505121855
0.0188985794226204	0.0127132844520064
0.512824885374524	0.436647875751912
-0.877169937096785	0.577203324418684
-0.224442612976316	0.149344680362211
-0.0487956030897302	0.0266078382724499
0.0289053747418535	0.0171405436715424
0.711756192821373	0.546272322571263
0.105242889707405	0.0743536924066012
0.193592059916426	0.177953323460318
0.323876343130265	0.311177595444108
0.14333220423828	0.179670531158825
-0.0386072138593208	0.041323062540628
0.36146341801849	0.516906998603298
0.0452706884480315	0.0462054744564492
-0.41465228985495	0.573758852230971
0.34020142379959	0.373962326660353
0.0990810916457884	0.0902927082894139
0.111697479791033	0.105379709161809
-0.2332973160295	0.217858396224209
0.34321201741695	0.388743946001788
0.833012415521105	1.19163910375268
0.25957438400982	0.248505106874317
-0.00717504678095665	0.00565629094285036
0.348105454489329	0.417267445496708
0.0420704478799066	0.0297993041871725
-0.202635554012911	0.190050882278218
0.402505294821298	0.431210550565508
-0.00812007627609931	0.00523422313712623
0.0585095755545588	0.0369601105326503
-0.265593879861676	0.194154362331262
-0.89734276186661	0.940076957017963
-1.28401050181294	1.61877380619337
-0.433163941434932	0.364480206842637
0.481246827162655	0.500145198476369
-0.62929027244031	0.863852792853037
-0.453593228790882	0.54779553307958
-0.325202479981459	0.357875504830709
0.399714800274633	0.325466427407848
0.209677652008319	0.163241730118945
0.39933518751255	0.355448468845029
0.140262691662791	0.109261739662915
-0.933803537214648	0.913670596019875
-0.658684460572583	0.622068107957982
-0.8681888780838	0.967483424037025
-0.451021944238831	0.649575835292517
-0.299119888503978	0.237859100331617
-0.931515720566436	1.0901289848257
-0.74698538174706	0.697663368297709
0.116368199676192	0.0681703696479722
0.769836637271439	0.713404968703696
-0.119518275601168	0.0730591665263058
-0.701824725138337	0.470945497752617
-0.048664495000916	0.0265339235411585
-1.0094856146547	0.719469300354575
-0.167754090883061	0.0869546539632337
-0.0786392714965295	0.0352944119780959
-2.54175560683081	1.70697373722889
-0.358798278522501	0.230119212026181
-0.301383846912138	0.588319551300546
-0.395656038048465	0.36130170190441
0.29406427623046	0.340357312282903
-0.196526973412257	0.218837833517499
-0.638737757211556	0.763977742221021
-0.0344371294284795	0.02457723815728
-0.314982198182125	0.180510673545541
-0.444608629654217	0.614947138740072
0.372715621940169	0.176108968034927
-0.487581032377036	0.372727958048912
-0.235633969753603	0.138158999099977
-0.00907866149999291	0.00298664964320787
1.512841282031	1.26331557456989
-1.27056950611993	0.885278385976038
0.0617712952826897	0.0239168790122259
0.128617894345499	0.0571115897629187
-0.171877447008978	0.10300836389379
-1.04422986940011	0.874422999949284
-0.449196621979601	0.406822611660208
-0.00648246208559319	0.00361788921927842
-0.235475303257102	0.138083428952403
-1.0676237647284	1.02968638703922
-0.788213600919535	0.414059767247702
-0.104360815899979	0.0290077066781166
-1.96467671705873	0.956602614744049
0.399333896174166	0.370184370978777
1.03202362828002	0.910680889493628
-0.224309396879475	0.149251198329982
0.289843187428158	0.326070900523598
-0.218975213639386	0.243369159457501
-0.0438069745983277	0.0369063550898237
-0.126339635202558	0.119781543581762
-0.202822100039268	0.190226432560404
-0.314015083242969	0.400137362197766
0.169145565167045	0.191793174861682
-0.0761164605046595	0.0474209476110106
0.0857690839630121	0.0467755813981377
-0.322224882148801	0.232048157503835
-0.00655651078964978	0.00365922616789442
0.142052828198632	0.0888586735653421
-0.472131338862803	0.329112025572246
-1.2452965150554	1.02201297535583
1.26777826938512	1.31689238990432
0.497103246118214	0.461595101729182
-0.579126611208689	0.47515484208015
-0.568351641997104	0.349910676355777
0.234373269576146	0.135633958116151
0.48145705699883	0.50059294856156
-0.10045091808691	0.0534111225538958
0.917412917114372	0.884702546982814
-0.285043981003217	0.18633542576247
0.013786571263954	0.0102662633047047
0.28509981985229	0.311408251044341
0.140421833819028	0.109404273443709
-0.518008846582519	0.77464822768523
-0.197650283388712	0.208561151012622
0.04539965200378	0.0463334260986302
0.775963467625405	1.50068424763398
-0.394606121491087	0.432319876380336
0.297753488136449	0.354228963717804
0.203876532457962	0.194351071560513
0.116251737868713	0.0986237641289767
0.70214587327967	0.893451211236243
-0.653256422737643	0.659608498567667
-0.498931142812397	0.630232567206095
-0.325390910111865	0.358259751768212
-0.731879245067499	0.732594284903955
-0.843724565567512	0.995046186482964
-0.242670275181169	0.211440087094734
-0.41128876973223	0.400747824114552
-0.298707101256619	0.237506099924591
-0.00831647071794103	0.00536026035772822
0.0583587733453041	0.0368674418310713
0.141946747916864	0.0887830221731782
-0.766361533159932	0.663054207629342
-0.579170559296308	0.475220785916367
-0.583774738876645	0.556689695653195
0.285496665178181	0.311639102584681
-0.14695151628768	0.13014571170348
0.533549989097412	0.67136054906405
0.24211358163716	0.214638879145175
0.92972975942909	1.04605846100747
0.307641348882535	0.262148868679867
0.0832450744155917	0.0557366860367915
0.945633564818187	1.35804247325658
-0.10045091808691	0.0534111225538958
-0.50009704051959	0.41591664999723
0.496889752515312	0.461144943667422
0.104849993135276	0.0741031666810547
-0.176734621534475	0.144587099414764
-1.34501750259508	1.77107941347993
-0.422341841578886	0.236653826502526
-0.889692726726828	0.75800789084331
1.6636969038813	1.51644247306866
0.058443790022945	0.0369248768508539
-0.877213265073092	0.577236204859608
-1.74055815189192	1.57530601005613
-0.235184772448113	0.137838722250301
-1.23440961504848	1.17012378952531
-0.00637557637037879	0.00355970996600095
-0.217783498323823	0.161309053711479
-1.00952368242225	0.719592912783372
-0.58549537653348	0.63224670221611
-0.233399806098649	0.217993841900115
-0.305875609292159	0.282987072028469
0.340355881844364	0.374216211621524
-0.17594543043347	0.131927464899078
-0.117425441427604	0.125060982812051
-0.571969057025845	0.312725884763733
0.0616553482559604	0.0238703716137645
-0.391481666646295	0.191384943509599
-1.44889924866045	1.34562417133617
-0.889692726726828	0.75800789084331
-0.0787588855722984	0.0353441950334484
-0.0785973218257233	0.0352476455972686
0.387592918851795	0.203717843721853
0.956226036647493	0.344930752421141
0.128513129788498	0.0570429042556451
0.79649870309776	0.546379576538645
-0.285104268291679	0.18637524470887
0.675044173578043	0.730837382574128
-0.358430472278739	0.229872321405079
0.211918251717271	0.113865661807845
0.972572873774472	1.05493472482154
0.178315331624704	0.0879190895682354
-1.35610128709322	0.474818712797072
-0.73185039601604	0.440970472276922
-1.45952429360365	2.0845639356974
-0.299079606706917	0.237877630655294
0.27674083375271	0.193573768724026
-0.366705120805189	0.466413081123153
0.0727303123138188	0.0682164570601608
-0.0976508290500846	0.0872455724599556
0.60252194122381	0.783739466181991
-0.469257824438015	0.621153436262158
-0.522623434152372	0.841867564099686
-0.0614399991554102	0.06245936625522
0.0185670250698239	0.0124939251739128
-0.119544100623782	0.0730686929218244
-0.285113899572739	0.186378443168237
-0.85258513378082	0.785727272580979
-0.579189609217717	0.475255109814496
0.234478219261989	0.135689432788445
0.141733193300166	0.0886060261770871
-0.139692590234455	0.105897572019939
0.779791212723478	0.87618166578806
-0.00833369197067239	0.00537012900939467
0.251133050153254	0.231606763294243
0.163540368348085	0.108744944265984
0.735665597305901	0.881988217754878
0.399553130100988	0.245216534651606
-0.938919602641575	0.734277294146734
0.29451780077967	0.229011585671989
-0.433490984422864	0.364800092627028
-0.0389811911330449	0.035245233625483
0.512929138946497	0.436686471681773
-0.00767349652683523	0.00699338100838828
-0.039103798718013	0.0353559285460839
0.404036293826798	0.554394616164328
0.633139081918995	0.937257139262139
0.715311719348802	1.37691183260971
-0.131872240726203	0.132722039961821
0.3518238036272	0.444695086349906
-0.371969541197011	0.429727366689433
-0.149521044992532	0.141273574492405
-0.0523495386029538	0.0407269663768707
-0.0283615488299158	0.0222118704443204
0.513878310060692	0.715383286058999
0.0701408661947332	0.0593443352584983
0.183510613553087	0.191772167368678
-0.00915515031490818	0.00660096196247951
0.193786943689921	0.178183847950349
0.0830930266334013	0.0647428763908524
0.544898792046892	0.647658895075487
0.485595070445528	0.486898788661952
-0.176529690675234	0.144376853145538
-0.107594412313353	0.0823757338934234
-0.358838437756147	0.230161188232916
0.938118520699981	1.20201267091147
0.611838849893986	0.774433449463631
0.169432757467572	0.144002537968792
-0.107522092874922	0.0823209484087148
0.279810521100993	0.29637649221486
0.0137144493684801	0.0102132074711851
-0.0946662354950037	0.0659547185870945
-0.0343359530859755	0.0245006997673985
-0.585400508234291	0.632087400184136
-0.265786877588078	0.194286941906231
-0.0783238402661053	0.060470616905854
-0.298886246745705	0.237696218895223
-0.299039335555122	0.237842953860494
-0.0345598986343283	0.0246651748908364
-0.25314518634837	0.203447879773994
0.0635171051824144	0.0472608639214946
-0.0758008970647359	0.0472191690492665
-0.171854279210956	0.102994903376511
-0.824956711698704	0.599283845361732
-0.568450605056492	0.350111713650879
-0.167677774336158	0.0868939558902765
-0.265589962111222	0.194147290259864
-0.579170559296308	0.475220785916367
-0.752594903566614	0.939136543495739
-0.0243252670785209	0.0205926591957504
-0.395879869387036	0.361374325657846
-0.487608320482119	0.37274814708529
1.37656214784254	1.70472227224612
-0.174021328040406	0.117736141408568
-0.572081720825697	0.312696224610726
0.968633454978264	0.894672147645549
-1.3205573515626	1.32508128150296
-0.260407914201451	0.131463826799335
0.92912666564349	0.545221169055652
0.67165474986319	0.334887885324188
-2.06202987534165	1.69822917351249
-0.100524984420176	0.0534573894442428
-0.422299294346764	0.236652215203968
1.18705756048804	1.28228315099964
0.551324108815632	0.635547812585534
0.0584657231335231	0.036938288303298
-0.391481666646295	0.191384943509599
-0.868280070505847	0.96771546914886
-0.0786652342337771	0.0353041509350032
-0.517262058968037	0.178864495866734
-1.32945704925353	0.732853759751035
1.05590883622801	2.00287717082997
-1.01128674755933	1.04699179572721
0.0288765481797219	0.017124337713658
0.403623493046071	0.460292248295069
-0.0358902127040475	0.0345997355140875
-0.0315185913348094	0.0321298884908571
-0.585428649628552	0.632158940536327
0.143027538686027	0.148534426920484
0.0850439572392409	0.0824539404838412
0.509711620847796	0.726593079044086
-0.265310825116447	0.193861658240783
-0.449633490948602	0.282605167831363
-0.100696563025694	0.0535453328515396
-0.0785065858112317	0.0606171165351739
0.779698709476563	0.876174282801604
-0.58543390581202	0.632177093619664
-1.22612880692168	1.32045260192769
0.893364135489757	1.03871300826089
-0.500159334491165	0.4159220710657
0.318648183994018	0.294697766351073
-0.062844101700979	0.0443436364973041
0.504285098308278	0.448945005152243
-0.13972890090971	0.10588423898201
-1.14897468185977	1.17268553875547
1.15015232276144	1.42966195033058
0.892950902474441	1.03963025554267
-0.078151829431632	0.060318004592328
-0.486906552381793	0.55859966595656
0.063583400431616	0.0473103569520549
-0.456696772281452	0.68388367446657
-0.326372502724039	0.397237005468904
0.175025965687545	0.177353125150229
0.28505414332277	0.31134436175223
-0.295174451478037	0.325797634619393
0.123223296544271	0.120165458262639
0.979949253900577	1.52173489677999
-0.34279152408498	0.356901694581288
-0.212814486798987	0.172609426358113
-0.267798413391653	0.249021347083078
-0.0652318245950692	0.0547004683451055
-0.449420320191667	0.407086076013793
0.399902902173064	0.385311469958863
0.56711774831774	0.61246897341953
-0.175517951014404	0.154688006532553
0.402304805170748	0.430979189813339
0.0698578395641641	0.0590776498735267
0.285085514166529	0.311379798568802
0.644482564709576	0.746127570500988
-0.298906392453111	0.237731703124378
0.806799366249994	0.875643455159383
-0.747092163644139	0.69770729158356
-0.411350070332522	0.400722033237914
-0.17489290406696	0.164664611707939
-0.424211185337974	0.43858427739984
0.918773615680826	1.35368574642396
0.0120457330582555	0.00976773598503202
-0.034646848214051	0.0247279120655067
-0.585177035421564	0.595456975690764
0.50450666466925	0.449281337097482
-0.212807712605218	0.172656903022634
0.210064359244016	0.163535951313013
-0.732231280674298	0.732986033736395
-0.253101716540296	0.203415792054854
-0.395598065654919	0.361183918928414
-0.529494342934159	0.574244775813692
-0.224389641716655	0.149312226642465
-2.01776145783446	2.13786584290247
-0.719732553016427	0.767524505470819
0.401264002800125	0.415596300466192
-0.389769583320189	0.276143628521976
-0.540005511926948	0.680897322340208
-0.313421043013891	0.434551808261957
0.497076748143258	0.461437575738518
-0.0487568225975182	0.0265874476193196
-0.0944467336337251	0.0657926616464486
-0.235343085069702	0.137969584760359
0.973976557488727	1.21074974660252
-0.422277886081322	0.236628606264027
-0.39158646767252	0.19134903588659
-1.3294270748627	0.733061521380134
0.796564213761884	0.546476908211474
0.396176409966509	0.226325721913052
-0.573056252013549	0.392154337670413
-0.0064125873499607	0.00358029417270733
1.15454516609849	1.1085304379891
0.0186794610530569	0.0125692209146826
0.141919557864797	0.0887687130470317
0.373053344931518	0.176282869574425
-0.579211569978325	0.475305661180453
-0.100629944992226	0.0535126365530659
0.365691013165346	0.150286033986656
-0.787999701638591	0.413940026884914
-0.14438095539041	0.118972770277273
-0.131106092943825	0.0900693868095668
0.323837665247974	0.311112099955909
-0.226394012623075	0.224925812838341
0.340187289051632	0.373917334441116
-0.325268199818601	0.358139103006105
-0.805273988266952	1.23964611013015
0.509711620847796	0.726593079044086
0.133281144028861	0.134179904372899
0.594176028268502	0.793297322431014
0.123490355899426	0.0917494452189474
0.898608533156055	0.723494902630146
0.163394799247274	0.108667158772753
-0.21747622332068	0.161139158750961
-0.783233907202916	0.879631453075957
-0.89005388557204	0.758387165212466
-0.358917446055971	0.230186034795405
1.03223474756332	0.911370242557373
0.602259184496146	0.582859380756287
-0.500207656082033	0.415987796217914
-0.115138590901731	0.095479138593416
0.104497025082015	0.0737978061967284
-0.144398633459564	0.118978896917438
-0.766465722469286	0.662980887554224
-0.034610477668306	0.0247004503221773
-1.22604391557717	1.32058227347366
-0.0947528461649672	0.0660066799660536
-0.260195007150153	0.303164891353684
-0.434847378396486	0.475032886446157
-0.804285675790862	1.04898009161567
0.206167883237216	0.235320269149503
-0.0772070391474405	0.0783021901287203
0.315433272542589	0.427037753912798
0.0598771405230451	0.0542874912218444
0.221333499515204	0.225642578959541
0.60296042257843	0.784200209392074
-0.056818744274093	0.0511643041495475
-0.924526300394106	1.41758321370854
-0.0523072115014975	0.0406984312144248
-0.282252241621035	0.244227591554584
-0.763767218432536	1.13272614314929
-0.175812852150283	0.13179959045834
-0.107622025876025	0.0823919798169664
0.40306910744281	0.445839952866147
-0.461811426299688	0.447252490197093
-0.325563923889867	0.320087548981701
1.8286418240824	4.07488396389087
-0.324948625623865	0.357591681357583
0.567156457418707	0.612522500364788
-0.322159103419451	0.232023888318447
0.0584657231335231	0.036938288303298
-0.0944467336337251	0.0657926616464486
0.0424539004200372	0.03008432465665
-0.783002722042267	0.879174038283977
0.0120177300257979	0.00974464751437104
0.652830006871886	0.922403749861365
-0.131147323350631	0.0901154101141619
0.658450871946659	0.737768234500306
0.974103496787499	1.21097844257219
0.558682777253736	0.623699816544303
0.104916523665419	0.0741539664078005
0.693837130350544	0.725260835339231
0.860938191758021	1.03487950837801
-0.00904460076360904	0.00652159510104995
-0.433339404911638	0.364647659624483
-0.233249580046299	0.217760789001024
-0.217279988244725	0.16095610036151
-0.149669163814531	0.14140215759045
-0.0314064340802044	0.0320252159553338
-0.00913350155306757	0.00658513951659171
0.396133547086027	0.226237631516835
0.0289840778068076	0.0171894330672799
0.0856766271852479	0.0467288268596743
-1.51366545788998	2.2457498036678
0.0479747380547107	0.0242080962692441
-0.0047138086914673	0.00218770251866513
-0.449730708473686	0.282688698372418
-0.00469223554792906	0.00217704265702508
0.67165474986319	0.334887885324188
-0.31484487118018	0.180441066493249
-0.852415268225124	0.785666912193693
0.968679705784598	0.894791434390984
-0.52496466157317	0.53756186875047
0.25133202283198	0.231847405802545
0.14178625989167	0.0886587690609341
0.286312443114443	0.211562843707214
-0.0787261041250346	0.035320001598361
-0.849278232245566	0.35392746874739
-0.579018048486102	0.267409454362904
0.0827824156091191	0.0644891632618111
-0.217669168467363	0.161271123003851
-0.746795901915655	0.697288451086869
0.538858436504948	0.659387758892592
0.193649860039599	0.177981009133288
0.401352876908239	0.415736978807876
0.28496001118145	0.311188092734624
0.474910357209005	0.528013094434976
0.46477933894763	0.580757387762401
-0.289159226970926	0.285502946198636
0.0828490166456186	0.0645538027913875
-0.3518681556598	0.276580045277437
-0.579340458708076	0.475309080926243
-0.413708678497943	0.320841292921872
-0.868407309964976	0.967743905919432
0.0188378120742858	0.0126705372836898
0.39969301573876	0.385182892718584
-0.395576489051555	0.361195213429557
-0.176784088069637	0.144620571547292
-0.212800342875398	0.172658169951897
-0.471964074016085	0.328988442076057
0.29438648653125	0.228859204294919
-0.217693310125571	0.161294740239511
-0.0628948016396177	0.0443787584257358
-0.424161638024443	0.438562243307223
0.0138639321955973	0.0103229381376642
0.163309752377474	0.108589945028276
0.174984982090277	0.177316480780826
0.518727685621922	0.704903602262178
-0.0763583924741149	0.0684986202663821
-0.0761472323204013	0.0682846204889505
-0.237168734770414	0.276791116603506
0.155054156589237	0.147080609644549
-0.775315434867091	1.10364532212588
0.577087572672009	0.601812001111028
-0.653210794338804	0.659515020496852
0.294521640785527	0.228969184933619
0.294542240172284	0.229015266462376
-0.648395267579081	0.696231098283398
0.0345231939174147	0.0268895737461867
-0.267777540931188	0.248990992220438
-0.0629016945424448	0.0443887505971142
-0.529585249353025	0.574484750216383
-0.433315405412224	0.36468529227267
-0.107555750061736	0.0823470758314727
0.0137427173267211	0.0102323652032013
-0.449160873175289	0.406638268357105
0.116451858679516	0.0682159522077023
0.491015780475146	0.474276536183071
-0.843615983052206	0.994809193522579
0.736315482995245	1.04698793388129
-0.146661487365806	0.129832744252399
0.0535050686409448	0.043485646053535
-0.217342157822618	0.160992599760789
-0.648482468014062	0.696409457912416
-0.358693947004867	0.230050693313241
-0.322202951136644	0.232055249653008
0.399320754652263	0.355357113434799
0.276475847907459	0.193356630316495
-0.510441955718791	0.45807955105784
-0.217583036604374	0.161222023874358
0.182067629518452	0.161088760477301
-0.510661375735054	0.458257654575307
-0.746880785015513	0.697457472057385
-0.524936695194977	0.537478152938874
-0.175361732150172	0.15451044350865
-0.284787928156502	0.331131887082044
-0.745577071813653	1.19511640236217
0.323987154456627	0.31129512814758
-0.107483936228961	0.0822896283358165
-0.653363251585072	0.659827762496698
0.617704044951954	0.573751586513024
0.181445038128079	0.127712516882967
-0.0393981764029331	0.0249849676031559
-0.731991747335839	0.732785272210026
0.606905808623433	0.368049054219425
1.15451914124302	1.10878704990263
-2.27755296626638	2.09471785974243
-1.32934427758984	0.733020573050618
0.680906541731071	0.550094280150441
-0.573043063375869	0.392116283470683
-0.73191966712129	0.732518919974955
-0.572977137866887	0.392068629563688
-0.746773805218384	0.697217532176898
-0.351737144610455	0.276443296639625
0.0857559934226779	0.0467736506521512
0.061698863167424	0.023890625298551
-0.184260968187063	0.0790176636787065
-0.121034317756622	0.107675777355465
-0.139902302837668	0.106052591030543
-0.119651523577888	0.0731394835730531
0.469673301739494	0.554991207322152
-0.202784089724886	0.190200919463558
-0.100499543506988	0.107284782031277
0.586270455572104	0.802391942861206
0.259845673286656	0.248799962545866
-1.10661285918559	1.48391142432305
-0.677201348472605	0.927961024222217
-0.305947734652615	0.283046959576675
-0.139663708311217	0.105871822947445
-0.325461412076947	0.320035808244601
-0.131212887277098	0.0901629643677175
-0.783060654015574	0.879309192246952
0.116251737868713	0.0986237641289767
-1.87142005422034	2.69622338747993
0.140342264680331	0.109336636793216
0.577275594285254	0.601907270260466
0.475134430831087	0.528238346172002
-0.114977038640873	0.0952854462425674
-0.643537641231685	0.730832786881369
-0.0762865696470285	0.0475089007606782
0.0701063572867495	0.059315389801955
0.00929925895345828	0.00809823230618561
0.313537643823297	0.278630876860233
0.213274128442126	0.210473393985885
-0.554612913233202	0.925374419060128
-0.0439366166362834	0.0370270673507358
-0.105452335225304	0.100348047414752
0.846792270049519	1.49111817373956
0.551411089253918	0.635690904682591
-0.325681930673456	0.358368728575761
0.399476199694111	0.340526317214485
-0.992541474643787	1.21870709605587
0.474845144757702	0.527816823094644
0.538820346711536	0.659288417848483
-0.719544679505755	0.76685824669315
-0.648554409936427	0.696512552624128
0.294562834620656	0.229049768992594
-0.202894616228685	0.190273639487812
-0.276902343526802	0.290003236560301
0.979881438525683	1.52179341656668
0.140443468150616	0.109415692377048
-0.00850943896176418	0.00548263569586031
-0.322287948489279	0.232095083624974
-0.708911413623712	0.801159832729146
-0.0786279297576377	0.0606913791420206
-0.433315405412224	0.36468529227267
0.029009781927305	0.0172044213737388
0.400344858391044	0.400138982729109
0.399134034293624	0.293226555893517
-0.139945810157123	0.106076499041856
-0.471802602009974	0.485746049269169
0.400550030687002	0.400556658052598
-0.518738876733916	0.498713230147624
-0.171733333748742	0.102903938585626
-1.05065571133179	1.34962011875571
-1.03276087645107	1.94542508686813
-0.586888214331492	0.875953178893838
0.403976749648646	0.514178491557075
1.2850046110646	1.4888663142498
-0.41129407240327	0.4007662192039
0.0585095755545588	0.0369601105326503
-0.173897970235959	0.117662972860727
0.399254392999851	0.355300972276956
-0.791657535450693	0.629883320551244
-0.260357985752607	0.131395186767185
-1.24519154070041	1.02240393492908
-0.167792228123067	0.0869736387408147
-2.27751507744344	2.0936005225025
-0.217607155601996	0.161234760783561
-0.44930344520284	0.406861639967505
1.0156308562804	1.22300656555389
-0.395807745123402	0.361408517257778
-0.449196621979601	0.406822611660208
0.123407352794006	0.0916878444239555
-0.391594789884239	0.191438279351218
0.963370850303374	0.736798442331128
0.365797749259746	0.15029510416954
0.0727138932671991	0.0682060084102172
0.0423743719128558	0.0300283189520027
0.0633734730104207	0.0471434643677307
0.313306260074471	0.278449490879995
-1.28588115739609	2.31878167317347
0.47501760880624	0.528067839926108
-0.835176005191518	1.18616407447347
0.510026120133881	0.726967851568167
-0.427555849520658	0.542130940638215
0.688238899237219	0.900550339602943
-0.144548182605101	0.119113753466081
-0.176701382676573	0.144561083548768
-0.20737867450404	0.181775215848562
-0.282151184067188	0.244118204227712
0.702302368402709	0.893793846832306
-0.175697807436534	0.154832608025407
0.0532572483311669	0.0432858337104821
0.769026940316559	1.03907780268914
-0.427303958995799	0.541636401907446
-0.0392502837211436	0.0248857542367108
0.860814682333386	1.0348402030311
-0.146920809336835	0.130098736136998
-0.199555862155726	0.198938007514216
-0.325268199818601	0.358139103006105
0.267151752373686	0.264997554707782
0.273706561587888	0.280718148100014
-0.139714348764942	0.105913617581384
-0.115274050396671	0.0955989679801545
0.401242764473543	0.415548679557765
-0.0653733337309316	0.0548165048905175
0.259845673286656	0.248799962545866
0.155793516214457	0.126926621799664
0.0834419623206405	0.0558844880401982
-0.253253479677255	0.203569659989082
1.08185910510021	1.08381532721845
0.196325992246854	0.145514053439384
0.323719319891224	0.310953430770512
-0.00729305145970914	0.005748330867909
-0.289373045734358	0.285717838578257
-0.176994492761812	0.144742748424033
0.340310196273273	0.374140289493265
0.539117666792592	0.659695075944943
0.6027464039116	0.784189455760755
0.632274700498546	0.755133457136124
-0.305708243350915	0.282731296122505
-0.461941509756062	0.447436107084494
-0.107630746785315	0.0823991627726796
0.485515488420333	0.486714073531526
0.808885136098478	1.03268142580327
0.18390150395516	0.192263797993497
-0.21256166538904	0.172413099474905
-0.107373457255301	0.0821891601759086
-0.34305060375184	0.357174348050064
-0.351933695091486	0.27663405550882
-1.15813745605655	1.4753078952798
-0.897452559815129	0.940260218229084
-0.395887319810276	0.502693666472647
0.165479773533358	0.162327771988699
-0.217517602207641	0.161171641212651
0.602452937989217	0.783500409560881
-0.461753297578012	0.44711378396866
0.307619439506392	0.262097114021427
0.301670867142545	0.245944501204832
-1.14263776625694	1.02054534626861
-1.24528052059392	1.02247485915243
-2.06201088940925	1.69806729104494
0.163438542313277	0.108699687883226
0.533088084526954	0.410953314616359
0.399534576680688	0.340648388116244
-0.938906313504456	0.734349776969803
-0.581710449135816	0.516499216666256
-0.525219066575026	0.537829431154593
0.232123980618122	0.197583321634287
-0.00636600259477856	0.00355428728509299
0.234396349619033	0.13565353178987
0.606653110878273	0.367855821635787
-0.686564529117942	0.508078747495984
-0.256389526573598	0.254050921496341
-0.034610477668306	0.0247004503221773
-0.12110353470215	0.107732046439332
0.259707032046635	0.248687991168709
0.399698611219441	0.385168891994439
-0.233468390072115	0.218070318737324
-0.0244105051596699	0.0206690742866126
-1.07221645958462	1.63335634772888
-0.242819610503655	0.21156773723034
-0.638764691992093	0.764095852840741
-0.407004097119021	0.469120159426887
-0.38132268553249	0.395732994742536
-0.174664585932837	0.164410021240612
-1.06290017909145	1.49346758262367
-0.00926036244040366	0.00667619935754914
0.711248208055861	1.21251651640849
-0.444508752054161	0.511159173212499
-0.0246905282895269	0.0209059267758611
0.402310899716403	0.430809921401592
-0.835220490066578	1.18650700751357
-0.289216911670973	0.285506787733367
0.735178430335682	1.20345692860124
0.0453654433758042	0.0396976937573309
0.0596970367017037	0.0541269852955634
-0.585390145325711	0.667306177094045
0.10031621713678	0.0816372997431155
0.833277918827538	1.0334434765609
-0.039353128958727	0.024952962953098
-0.17594543043347	0.131927464899078
-0.577026152697648	0.434341282550561
0.163416673168622	0.108685956637582
-0.585075917299255	0.595359118899763
-1.28411729657021	1.61905932401005
0.674747996043736	0.730865020105919
-0.686578027159609	0.508127690026033
-0.732231280674298	0.732986033736395
-0.298860101022677	0.237688026429349
-0.381173790428239	0.395557863206275
-1.10911003095113	2.48641904393659
0.0853228032493503	0.0749916405292871
0.538865839367266	0.659316666783604
-0.0394432749489625	0.0250150078693679
0.169466896590649	0.144055695592985
-0.8523963865063	0.785369360507088
-0.381280578380286	0.395699884760492
-0.719812053847761	0.767645000664507
-1.05083623591582	1.34986755478027
-0.308219246822686	0.321897553007215
-0.394391772048088	0.431850430733211
-0.282303137144687	0.244258893600918
-0.225647466881955	0.288324466376689
-0.202684050887366	0.190066993648468
-0.0887543754978377	0.0740143796508181
0.399647638213451	0.384966754626122
-0.217366086087978	0.161042824286404
-0.253224680769402	0.203534183342816
-0.510375567212001	0.457986246773188
0.51280296993901	0.436612787781603
1.21197677518373	1.45632330100297
0.178488280870952	0.0880114930246788
0.234217042819429	0.135554715301903
0.141919557864797	0.0887687130470317
-0.0397019693188897	0.025170654058451
-0.411299336457867	0.400754661376548
-0.376163929996024	0.31987943573016
-1.08410479185828	1.18363928378775
-0.747006414651001	0.697678094612967
0.0828382842492208	0.0645463187224026
1.08191949778297	1.08398924701774
-0.579018048486102	0.267409454362904
0.128617894345499	0.0571115897629187
0.340675715203393	0.374440711174915
0.58867576702275	0.591918888455115
-1.22037088529151	1.46988380490512
0.340433115744955	0.374312127584729
0.403727333979092	0.460432794727645
-0.174963371268795	0.164632427004295
0.0121248594101003	0.00983160881921533
-0.486440323668037	0.557902930359456
-0.752592088425878	0.939024067745955
-0.242564894176833	0.211303629915423
-0.533103725747921	0.609862786006722
0.663685028286896	0.915110736694855
-0.752751152454777	0.939449512722338
-0.461999625639668	0.447433081472841
-0.325408106084426	0.35824604725392
-0.308159520792433	0.321823185554617
-0.905155194486646	1.60405479354826
-0.0390871853542888	0.0353462585907051
-0.149398246652813	0.141134348365246
0.183893378540147	0.192222017501676
-1.25265275466716	2.04035365476897
-0.256272472916602	0.253869387858047
-0.305803486372314	0.282907825100837
-0.212757121541721	0.172612736206995
-0.461970570480696	0.447447446289047
-0.00651948015524466	0.00363872630473713
-0.282270002489326	0.244246371954232
-0.581513987327212	0.516291159010429
-0.321989103418725	0.231814019430097
0.399626795574352	0.385063449898919
0.0424032487040718	0.0300491191000436
-0.453519123100397	0.547780143822073
-0.0229284914835998	0.0208203953897915
-0.479704573340437	0.522365276935426
-0.719739672466919	0.767435441902361
-0.298753355261292	0.2375541341631
-0.366150679458196	0.358599575312925
-0.87719241026191	0.577211271023757
-0.298686934258126	0.237470626270997
-0.509829509006355	0.703339407279882
-1.01129491808947	1.36428406414076
0.611556758728988	0.774145625628359
-0.348233186701968	0.320246520010427
1.93401623025957	2.42725632520994
0.209651667780121	0.163230716138265
-0.487499155885506	0.372494225759943
1.24600584917066	1.14588779083778
0.584737587247751	0.379737389134723
-1.94217785162884	1.50556750778932
0.387431007706947	0.203668807909657
0.533533806927598	0.41110817168364
-1.40190822494449	1.05042639207658
-0.471820019432507	0.328774129457693
-0.207382873502609	0.181800627702439
-0.449110177851312	0.406703568333302
-0.584982153833221	0.59514725629932
-1.07246853503917	1.63440850715985
-0.314943947858019	0.180508496860338
-0.568541766074588	0.350174119857092
0.656260626852243	0.556695144537498
-0.340604032825573	0.394395789251074
-0.0945796297891467	0.0658970940220562
-0.376057136712122	0.319747927093719
0.544990206048648	0.647811029342229
-0.529809296190379	0.574782109172195
0.116523027315069	0.0988571251450482
-0.753976494052506	1.16217788007052
-1.06301079839192	1.49319498613275
-0.707203443805381	1.09297170035338
-0.242592930733495	0.211335336982449
-0.267707235381525	0.248928632520366
-0.217452189601796	0.161116070471731
-0.0244561758675596	0.020707265753551
-0.146982208353197	0.13017652146064
-0.24809631751147	0.260518038057412
-0.529695090961566	0.574677266779248
-0.267495080599765	0.295928836402637
0.0635115863446252	0.0472556483106754
0.196664271215379	0.145822499744022
-1.9952194597531	2.60144217060357
-1.56016080068558	2.11480282870073
0.0347990274067498	0.0270967004901459
-0.326131035211886	0.279864901535083
-0.21747622332068	0.161139158750961
-0.479592538574591	0.522155844550178
-1.44542499912578	2.50028417267642
-0.242953049092153	0.211654319349832
-0.121148066010363	0.107778398169278
-1.01121771699011	1.36405176431989
-0.0437364503152073	0.0368569897869382
0.504679049136557	0.449416783278785
-0.579107606565021	0.475099010712088
-0.17669593160616	0.144545928734321
-0.217452189601796	0.161116070471731
-0.23539602597155	0.138035568356171
-0.0788395206722486	0.0353837508560663
0.234380973697782	0.135649480050334
-1.63513010457781	1.39516657758567
0.39632692028808	0.226385536728356
0.635692775513996	0.565109371608688
-0.89766931942128	0.9403211353412
0.123683671244444	0.0919050903834416
0.0344395284468132	0.0268250743191441
1.01577745702024	1.22329990378456
-0.9319782906274	1.09099148557421
-0.358732662393978	0.230114354749903
-0.848554588996423	0.353709685597233
-0.285030319307596	0.186329206529657
-0.677124213521341	0.927786361329234
-0.77520664673843	1.10369837783699
0.481396258945754	0.50036388521728
0.0989552686503928	0.0901422325609699
-0.394489070596721	0.432054693800008
-0.149623500915271	0.141365066699976
-0.12653615684743	0.119988426771989
0.0241506672778524	0.0217810073218826
-0.395712671260252	0.570574462675278
-0.634944633785415	0.797235917916143
-0.146806505312673	0.130003782505204
-0.62915048081339	0.863564281581963
-0.395663406989814	0.361290176411202
-0.366890658049693	0.466772626356485
-0.44495471225607	0.511678733678768
-0.202756576529736	0.190131261055225
-0.176850638734612	0.144676461473467
-0.0626714248333905	0.044213957910752
-0.0628221950080649	0.0443306739163117
-1.09735860323448	1.33545749308828
0.301636790519421	0.245835361640549
-0.131098870174411	0.0900513276682991
0.038012136898737	0.0354646103183691
0.13043185856649	0.115052655562158
0.0137196918970918	0.0102175136829825
-0.584883733384476	0.701595098527351
-0.406755417564339	0.468948629747612
-0.174787512092113	0.164546624882924
-0.406653108850027	0.46873447867779
-0.199707062044603	0.199137100958881
-0.631747666294392	0.830297307380977
-0.413900585107279	0.321072021268116
-0.176856012734367	0.144667408135343
-0.366220394319292	0.358661883180603
-1.13164225147126	0.867764086305046
-0.0489147483452937	0.0266769411251259
-0.472010450119347	0.329013950089207
-1.40191852861841	1.48444968889206
0.711915228195204	0.546557048928131
0.141999791938549	0.0888227103233252
0.163309752377474	0.108589945028276
-0.381227028156612	0.395619742439383
0.0700788584802277	0.0592878349489322
0.141999791938549	0.0888227103233252
-0.0763897901852499	0.068528881057559
-0.487633965163832	0.372797634315868
-0.327440587999834	0.129669435996948
0.740388191189061	0.716013820448199
0.399764830389003	0.385260446380783
-0.0762185486176654	0.0683549435967063
-0.524936695194977	0.537478152938874
0.0854598301205954	0.0751166846599072
0.165805118512925	0.162684588903245
0.116322603373749	0.0986858507787125
-0.664204177017485	1.02822895481203
-0.289075621560384	0.285341961430109
-0.221977967604186	0.233722302180923
-0.0944932242642639	0.0956426011488993
0.116363774166538	0.0987305651723561
-0.747140886414198	0.697611591816472
-0.581403823532906	0.516126708401032
0.0138745271701774	0.0103295956965361
-0.525108502899817	0.537790783926574
1.21183110264754	1.45672094938458
0.514106325543864	0.715728221430491
-1.33884316616046	2.32928496744194
-0.242780958197465	0.211546092539593
-0.325644312327304	0.320251723200195
-1.01135171304267	1.36433972664653
-0.461326268186554	0.583481559691553
-0.381242377759065	0.395640385513689
-0.395627054649995	0.36125200859468
-0.282223181170317	0.244214739727755
0.399588083058833	0.385010744640093
-0.411332721166494	0.400804361782218
-0.13108178201676	0.0900649149244417
0.52233282678723	0.423828576929694
-0.285030319307596	0.186329206529657
-0.0489803984799141	0.0267132188815541
0.178488280870952	0.0880114930246788
0.142051476455936	0.0888577884553235
-1.08471392196872	1.1840730921333
-0.28498370230448	0.186287806202676
0.100447377410256	0.0817675762381931
-0.767065914392792	0.91011161215185
0.401399223520908	0.415812060223692
0.123414219855483	0.0916913597139219
0.893037576337308	1.03969989531373
0.399019063877058	0.261052466805314
-1.40178547456676	1.48430317911911
0.10604175261913	0.118926136563636
0.0853684776356218	0.0750349336092865
-0.126478873186131	0.119929490489172
-0.10523196443832	0.100102349059221
-0.381349153552981	0.395744126207391
-0.573056252013549	0.392154337670413
0.0480816714797298	0.0242551139833624
-0.0394187444678999	0.0249961651205256
0.974103496787499	1.21097844257219
-0.510641220224687	0.458267238847019
-1.75208616053497	2.336276002657
-0.721396583509544	1.02891966561563
-0.76390411757634	1.13293474829778
-1.66343577323641	2.74032168553769
-0.202528525348266	0.189919740175057
0.469711297267136	0.555013165928437
-0.461999625639668	0.447433081472841
-0.358467243530975	0.393734926849704
-0.583616628412319	0.55641461520282
-0.0488223758110372	0.0266260448981406
-0.314936050194936	0.180496880170545
-0.094605844788756	0.0659202457636271
-0.571345083187715	0.31223357533473
0.606638762526366	0.367790241599378
1.72130744598584	1.34723838494901
0.632055174789326	0.352583555456159
-0.516625938445608	0.17859542475739
0.372838340462595	0.176172443452236
0.584652914869478	0.379820092954532
-0.10061457138053	0.053506852680468
-1.92752538146681	2.87929706871567
0.0585259790915252	0.0369739349221746
-0.47190363868862	0.32891647785336
-0.224495591706642	0.149371318920318
-0.573082641337609	0.392110428954273
-2.19255723702801	1.21048047914659
-0.171733333748742	0.102903938585626
-0.175358632943223	0.154498798329635
-0.282325023957761	0.244150657424552
0.140653179747909	0.109554420075919
0.0509540996568825	0.0491161519039775
-0.112079029844422	0.113058495122964
-0.406653108850027	0.46873447867779
0.59439033773353	0.79375959636788
-0.242631607266723	0.211392045988644
0.116366798797272	0.0987291479443793
-0.461659893900722	0.446921856686014
0.175017598612692	0.177346343393882
-0.325888980729011	0.320414386107391
-0.00717874990670356	0.00565938707242033
-0.276891335494367	0.289855734655823
-0.289090404130808	0.285384765765988
-0.462013456987727	0.447497965817043
-0.434839990751649	0.475003799119174
-0.73227752816526	0.732998532235449
-0.500074420317747	0.415863932501337
-0.449909775073669	0.28276271969984
0.399493311157774	0.340648530554729
-0.422384984558512	0.236709053249403
-1.43516968523736	1.78575331491808
0.0834213626748523	0.0558700760786796
1.59479593802744	0.854501934069775
0.403244537973636	0.13964937041993
-1.51174615796903	0.927670006540335
0.606840474184464	0.368014046586871
-1.06751625548531	1.0294800228211
0.396024933516971	0.226195455441666
-0.314905683790335	0.180488007236133
-1.14893690324476	1.17206399732265
-0.314768381769117	0.180349988527173
-0.351626904575088	0.27629723816083
-0.224416920480156	0.149326489856746
-0.167754090883061	0.0869546539632337
0.92864495305129	0.545077172240108
0.711915228195204	0.546557048928131
0.294137657591138	0.340466198564216
0.116570276572956	0.0988798788897572
0.140371237695329	0.109363049298383
-0.175024366810295	0.17506410975301
-0.285145997432869	0.331611352954614
-0.369886953535773	0.533227886357009
-0.104121278261673	0.116679823702325
-0.196576695271761	0.218928440720614
-0.396098561466243	0.503154281898043
0.193829057405697	0.178186550782192
-0.131307300718846	0.132067080178397
-1.61532782859135	2.57350468013554
0.013753127089606	0.0102420119271356
0.621389015239166	0.764571601461366
-0.222141245480511	0.233892775125363
0.0635535361126951	0.0472866216712399
-0.131016263300777	0.0900113369121823
-0.719942185790299	0.767725818369495
-0.493017320607114	0.594276479664211
-0.253172941659382	0.20349196228865
-0.52078404911332	0.809403217813367
-0.40810699080845	0.63362860042341
0.0136371193147699	0.010154669463261
0.644305482627663	0.74561228389987
-0.394706675939447	0.432439547266923
0.398939685964909	0.260998562871579
0.602148191533793	0.582715754374194
-0.358759464822714	0.230124373095012
-0.471889598542531	0.328852772332922
-0.889669369915751	0.7579225607507
-0.578990244910473	0.267141245717872
0.928870064051347	0.54523415602611
-0.824940890989121	0.598926664218878
0.178553562825416	0.0880207736400299
0.0292216172323823	0.0173212776284948
0.635566301998327	0.564954796623497
-0.100532689740455	0.0534621458761021
0.0836592743991879	0.0560270195691225
0.276554597821924	0.193442752888539
0.764486778123062	0.331447869942357
0.0616700182489409	0.0238789606093496
-0.391603095504156	0.191462066890932
0.19928045151095	0.221109090596883
-0.0345023582207968	0.0246173675362432
0.0382648230113713	0.0357005020795276
0.0202160931593128	0.0193767621846682
-0.175911429274723	0.196161406584288
-0.0225948056401579	0.0205129963303412
0.267296746014909	0.265131863219648
-0.326633368204849	0.397578786852066
-0.468837357655869	0.620333499492074
0.267166561762143	0.26498842927755
-0.10551034659089	0.100336194828132
0.572120089241791	0.82139878765064
-0.126314974537566	0.119755078484646
-0.822806187928571	1.02259290000407
-0.434916199726706	0.475155089164109
-0.85402109614794	1.16171047571245
-0.581489923647832	0.516289087537008
-0.282225746397935	0.244158319849817
-0.358207435286309	0.39344370276573
-0.552784350572125	0.858247325759407
-0.58549121025645	0.770744710476922
-0.835321107331087	1.18667143671101
0.116142754723042	0.0984977178243375
0.0331611196178556	0.0367160976135688
-0.388985815858569	0.624307073292967
-0.868473343453346	0.967800638443948
-0.265635006259592	0.194195863617721
-0.322032975668386	0.231903465341743
0.533208825612179	0.411146860046541
-1.05073525888176	1.34973329226194
-0.284970053545889	0.186273402942853
-0.391490026470118	0.191378721986921
1.52817236883616	1.06669891050688
1.04435891259757	0.754279565754827
0.21184359704193	0.113773692296677
-0.327335550717987	0.129625546394617
0.372828104257578	0.176187601416706
0.387537631223081	0.203721585062821
0.333227583179846	0.343668482719731
-0.314883095294388	0.18046152778602
0.234096804356181	0.135446566500452
0.141971261916633	0.0888023742952421
0.23420176261692	0.135550725555505
-0.327335550717987	0.129625546394617
0.928532535536287	0.544905767686774
-0.155197194848884	0.164707286756998
0.163542982860668	0.108778932354839
-0.0535712239776339	0.0573555301904735
-0.621048452925176	1.03578222037627
-0.414987001054927	0.574534293914108
-0.35150185471732	0.467578481018713
-0.314326173985027	0.400718464892772
-0.279722793622443	0.401967420174373
-0.0570805892876348	0.0514180230707401
-0.0228478215268428	0.0207470667694822
-0.358056343047872	0.393120570270364
-0.175463791920216	0.185666430814314
0.621253587796912	0.764137317942181
-0.342833026908672	0.356959255150323
0.229227318876014	0.241271136286963
-0.3582879747411	0.393428601962156
0.111771364437988	0.105461392677525
-0.152517737995538	0.153018299574398
-0.14964074690346	0.141401532595738
-0.107555750061736	0.0823470758314727
-0.525467860688279	0.935590974417842
-0.0974192508347051	0.0870095940755514
-0.289083021441783	0.285398898029998
-0.585132022754414	0.667073408457246
0.287405957728534	0.465369167665105
-0.20033346869812	0.265972590098263
0.0702238697431845	0.0594127800951293
-0.902208205525506	1.11492244237773
0.0187052782337953	0.0125841562637739
-1.27055405837643	0.88524530962507
0.018506358981842	0.0124512923922381
-0.348061454900727	0.320015478080447
-1.40182099425293	1.05074397500167
-1.6857313628121	0.703085363193652
1.05637163360447	0.549884852122293
0.128967157113683	0.0572682747137997
-0.167822568183777	0.0869921519796813
-0.578932087841688	0.267346135716811
0.584729428763778	0.379865866604109
-0.348315847527688	0.320275963085678
0.399842195091528	0.309763132160968
0.399608988345412	0.309648467855412
0.181095955123158	0.127398449478342
0.085809101416214	0.0468035936787465
1.31729408016793	0.590203599966043
-0.517262058968037	0.178864495866734
-0.325623690290357	0.320171905257598
0.263320415286929	0.328115886092269
-0.326342062428371	0.397201149521483
0.0242888604769343	0.0219076181920745
0.279687661014933	0.29622974760677
0.221427800615268	0.225769015279901
0.330682768380358	0.493523046520156
-0.250238349555055	0.371156731564678
-0.295076870294536	0.325632740813088
-0.233453395979838	0.218021874193932
1.14768396368407	1.74462929302577
-0.126437612892186	0.119876141720167
-0.144548182605101	0.119113753466081
0.467206102151619	0.568075627822469
-0.411337966346351	0.400773003211516
-0.366213933864468	0.358567544424489
-0.233395901052877	0.217991967925666
-0.267845270421054	0.249044551828235
-0.0886436877888887	0.07390560432872
0.0829489881491049	0.0646381842100399
-0.295149844930453	0.325757033149452
-0.584019644467551	0.556749996115185
-1.08436610498949	1.18424888419965
-0.548012566777796	1.18539706046935
-0.399508584474617	0.939108796282544
-0.0435795697857753	0.0487195821882608
-0.218592799028891	0.242976268385648
-0.199812616481768	0.199231229713102
-0.00916670919333731	0.00660852190155799
-0.207195314911432	0.325415869040897
-0.337047168412805	0.572956128218742
0.594267413061651	0.793555521098114
-0.686933612915564	0.508174414789581
-0.107471564398254	0.0822786215010428
0.178502584419716	0.0880150507571391
-0.571518586146758	0.312432773778368
-0.422513615603326	0.236692024525798
-1.32941565093715	0.732799399043906
-0.327440212159224	0.129629361099382
0.606920023753657	0.368081471821074
-0.00479980150253003	0.00222543899707575
0.0855972236079637	0.0466817565088722
0.0185872421154951	0.0125071736730892
0.681195083204236	0.550500792823466
0.711676619213986	0.54605131216293
-0.265483188904491	0.194066813915525
-2.06192852260727	1.69842741891697
-4.18668471132409	1.51115380013371
-0.449247350940796	0.406826977924939
-0.317047988324418	0.489744045358315
0.17573995542006	0.24402786313406
0.160690449206687	0.177011984048595
0.725869670884223	1.76820893100297
-0.586993560440465	0.876184882165378
0.130424966900947	0.190125311972391
-0.59298827864655	1.4544227575097
-0.384768759321791	0.466533196684223
-0.0227671448834686	0.0206729498776157
-0.0523304213441873	0.0407151963118366
0.100244529068198	0.0815815314421879
0.403179689500908	0.44596494283635
-0.00744616587458028	0.00678654156169382
-0.144548182605101	0.119113753466081
-0.009249574254788	0.00666887211196535
-0.0888190521081299	0.0740758957915267
-0.289117426787749	0.285447398233307
0.0294872743101041	0.0248616407061542
0.518400680008467	0.704574981559377
0.00649740523906989	0.00602720657457085
-0.461693190743676	0.584321834615736
-0.0462632461038405	0.0471229667082724
-0.449559643029099	0.282553005776485
-0.310143532291924	0.572960480588044
-0.612850652461318	1.12829058647127
0.253154227562564	0.299150957985344
-0.202642550017203	0.190055410798404
0.313292037714448	0.278374344050973
0.251450057472776	0.433328081601557
0.524930276643835	1.31769948417907
0.0634397699715975	0.0471980136659353
-0.414045673528618	0.321172019975283
-0.176383948939865	0.132250725355509
-0.579170559296308	0.475220785916367
-0.184260968187063	0.0790176636787065
1.3082516470813	0.797772341886517
1.31729408016793	0.590203599966043
-1.67024223126531	1.12163944781049
-0.701840167512445	0.470997103993803
-0.571969057025845	0.312725884763733
-0.701862955864654	0.471051609861451
-0.720982803106315	1.02839453297591
0.163584195930917	0.108799843938814
-0.573016769140415	0.391891386667433
-0.422342376725643	0.236676559474934
-1.74064666215519	1.5754150280141
-0.103877372062926	0.0288628201081387
-0.293158019159302	0.480638816111005
-0.337944146974788	0.522846120864973
0.186083614457377	0.247073688916185
0.448999659996111	0.727470654447272
0.176235110962608	0.245027563075083
-0.313566189078337	0.434793449322695
-0.395583863149427	0.361209150275205
-1.24528851254411	1.02241091253556
-0.00703530758193492	0.00681637776538616
-0.077284054018367	0.0783779112643728
-0.0862964415402946	0.0824180035259722
-0.226885445167291	0.22552267643038
-0.486650958819	0.558450374908538
-0.372184029852812	0.430019558275236
-0.525147140676567	0.537812821767378
-0.308177070129208	0.321794019214891
0.611522481907056	0.774027993638564
0.539007096425125	0.65963276901598
-0.265589962111222	0.194147290259864
-0.175267135408207	0.15435909284982
-0.265376414704092	0.193936765237222
0.318863951754574	0.294966170112902
-0.499130808160004	0.630375969852091
-0.218839431861447	0.243255593473632
0.00663750942338367	0.00615746446202112
-0.0437505404004217	0.0368702944307969
-0.0630099856496405	0.0444621396484759
-0.348305108635136	0.320305435748116
-0.671970989203828	0.960289710261067
0.203990540090217	0.194490385983142
-0.115096812571512	0.0954319382839154
-0.260981491335255	0.426205884299134
0.107861100650254	0.183444189540334
-0.0764383510233012	0.0685664725899289
0.105075745602191	0.0742611086247324
0.0837490034126986	0.0560754296234134
-1.3294270748627	0.733061521380134
-0.846796269002475	0.352488687791578
-0.732066279855525	0.441049099583088
0.128504583636049	0.0570536698492632
-1.6857313628121	0.703085363193652
-0.701801990339726	0.470952990233888
-1.32061027118199	1.32511225206066
-0.701832486364182	0.471016343360915
-1.32945704925353	0.732853759751035
-0.158039693894319	0.231269215471116
0.261549507188721	0.377399437597566
-0.483763255895225	1.01478417633331
-0.058176145575027	0.065170081058311
-0.121999725820046	0.142990836843974
-0.376436534628856	0.642594487347414
0.487984630153126	0.95550876861932
-0.471926829276133	0.328942702328004
-1.04445204539498	0.874915515762286
-0.825045854923464	0.599435065359958
-0.406130947385902	0.539143772487846
-0.361639520018217	0.501360662708207
-0.869141777006499	1.49041066149487
-0.325142558607642	0.357884032489266
-0.0626968733749649	0.0442364556382022
-0.46204236672681	0.447429644732858
0.28979404499344	0.325965699594063
-0.00709884567001959	0.0055959024205234
-0.217279988244725	0.16095610036151
-0.112372698545851	0.113410242670326
0.152343481947252	0.163071693803968
0.0379371152960915	0.0353911480041938
-0.351539336813308	0.467612570556719
0.235718038617132	0.255667263562855
-0.876296863156069	1.13851610491653
-0.583907281167518	0.556785228404916
-0.401980276788194	0.708803317380906
-0.76402662813016	1.36027942082153
-0.249761571621875	0.345482685869418
-0.0213510225039439	0.0206333035478655
-0.104061713339015	0.161339365387839
0.165359893689735	0.16217954000115
-0.00914979771237941	0.0065976301067941
-0.848235856286303	0.353414829103439
-0.686670269083675	0.508235697146491
-0.708972596645067	0.801134420971553
-0.701923815248982	0.471043419126657
-1.23437621508855	1.17045853727708
-0.579018048486102	0.267409454362904
-0.449276084187299	0.282201112601811
-0.517746884731389	0.774431176717188
-0.444601889720113	0.763407077842722
0.566356549364711	1.07544648360329
-0.291326156673356	0.403772994544104
0.256472486538299	0.361292477891896
-0.554518675706643	0.925169271990345
0.598070934349172	1.23165185469674
0.109655519916785	0.13326657141407
-0.498805640297145	0.630005579761165
-0.731965786857973	0.732716523926003
-1.68827825841508	2.15943263804495
-0.451339745091748	0.650128207030437
-0.242201661926747	0.268629186613388
-0.479754851178665	0.522176326521363
-0.699202732063356	0.833438469017457
-0.295117282580643	0.325729747666558
0.085336906058867	0.0750038246829104
0.259795489229792	0.248771059892245
0.579430835782364	0.812723091200972
-1.03825928531874	1.64532764637403
-0.536591745241068	0.645322865415666
0.455963033983882	0.630307102892177
0.209845046723334	0.163391547984917
0.55134535853715	0.635609433994092
-0.307955891158027	0.321458963700349
-0.285374792121596	0.481903261936429
-0.505858212755551	1.09069876329273
-0.0362847321774708	0.034967743881965
-0.479701450038863	0.522399350329607
-0.282194115143436	0.244190624765157
-0.389904182000159	0.276324804610237
-0.422607390807063	0.609258058093593
-0.585661224217112	1.01097592790716
0.421218670649209	0.786569961772929
-0.0436873900637739	0.0368132004722377
0.143257832563305	0.148789764857367
-0.904823694496687	1.93031547302107
-0.139245294915134	0.163218036893398
0.0201126696256635	0.0192731584975694
-0.194964493720401	0.228150792700902
-0.196979749609135	0.219416679530427
-1.16144637592884	1.90011988630686
-0.539977197024498	0.680888450677159
-0.121435742089774	0.10793496783762
0.0854739286861998	0.0751239043260202
0.404156093991194	0.514628087110006
0.0451998545041633	0.0395385535525954
0.544990206048648	0.647811029342229
-0.390116190617883	0.276471622817521
0.169572447679521	0.144145519972943
0.779805492458163	0.876253399465802
-0.299125958895665	0.237910490096711
-0.579488431928839	0.475237625024832
0.399428150539116	0.37025299028889
-0.381204177209921	0.395564612340285
0.140183114767578	0.109179316432306
-0.196624068699601	0.298959643043126
0.216832284499519	0.350720453885299
-0.147137252334842	0.20113105432887
-0.737785726094715	1.22674347375668
-0.107551153683785	0.0823416233519769
-0.699158356339124	0.833318508644783
-0.414736503346777	0.573804991637063
-0.0630607056542737	0.0444960203825106
0.0584218523132793	0.0369098436699805
-0.578975115762517	0.267390226446819
0.276580329693046	0.19344851355763
0.286457790440453	0.211646657646458
-1.52285856569018	1.22115975486306
-0.657061604516338	1.09480183109078
-1.45954584106167	2.08463453152694
-0.433363486914694	0.364490441562127
-0.766334235224492	0.663007552598854
0.163564873806924	0.108792680582514
0.0856373726497179	0.0467057526082143
0.061698863167424	0.023890625298551
-0.184260968187063	0.0790176636787065
-0.1843733468576	0.0790649086662853
-1.11469959880058	0.540907832368884
-0.0489013694262602	0.0266701962197787
0.0479668102951513	0.0242035155870716
-1.74038128308401	1.57482922037022
-2.10727742655476	0.3785967871456
-2.10706742962015	0.378548652882402
-2.10727742655476	0.3785967871456
-2.10706742962015	0.378548652882402
-2.10706742962015	0.378548652882402
-0.104844951344196	0.0291451841025915
0.928655092758678	0.545035913914066
-0.391603095504156	0.191462066890932
1.51276202140523	1.26314002560136
-0.579119326010413	0.267387068020036
-0.57896117813973	0.267319458250344
-3.48240509937676	0.919800644574475
-2.94742201638341	0.645982057725913
-0.406653408801407	0.0912540543799087
-0.104674754370764	0.0290881727694566
-0.515740598803656	0.178130668849307
-2.10727742655476	0.3785967871456
-2.94698077954152	0.645760131429668
-2.94698077954152	0.645760131429668
-3.48240509937676	0.919800644574475
-0.951768045880078	0.27264192625531
1.29007573135185	0.361162560899904
2.59836788378482	0.565681354882139
2.59836788378482	0.565681354882139
2.59830808808347	0.565621890602798
-3.48240509937676	0.919800644574475
-2.94720125929596	0.646055459499367
-2.10706742962015	0.378548652882402
-2.94720125929596	0.646055459499367
-2.10706742962015	0.378548652882402
-3.48240509937676	0.919800644574475
-2.10727742655476	0.3785967871456
-0.517010624683618	0.178709666938849
-0.571969057025845	0.312725884763733
-1.14268425110021	1.02080581954915
-0.413919608406986	0.321094793095108
-0.00657979808016496	0.00367176203867503
-1.23454326143282	1.17073840362308
-0.217496910387678	0.16115931261989
-1.51139392024975	0.927615958914171
0.0762019782091434	0.0943990253914206
0.552911037889251	1.19448581760235
0.699405421803514	1.39732658588185
0.492878071696991	0.802854146509579
-0.205124967598858	0.292414132262957
-0.230377978505762	0.318168754456868
-0.88929955182461	1.63080964277621
-0.572977137866887	0.392068629563688
-1.24528851254411	1.02241091253556
0.11627031625817	0.0681082454094151
-0.35874606176488	0.230128359214925
-2.2776150608574	2.09462450594487
-0.499967443467634	0.415727067073684
-0.119333460572855	0.0729183347599336
-0.039467894351048	0.0250286748113181
-0.701809625083862	0.470900828404984
-1.0674360593176	1.02910344958402
0.796455763646197	0.546406595576815
-0.732192865670734	0.441473163114747
-1.1146996213552	0.541121784175122
0.395981927256515	0.226165131273107
1.31640050781925	0.589791315671906
-0.105159166906112	0.0292185674982776
-1.74065489380138	1.57475967251135
2.04495556501966	1.91702160426515
-0.26050123433033	0.131519082409796
0.0585507395646079	0.0369912014102946
0.211857686193715	0.113839275081236
-0.391724305318784	0.191524028484181
-0.00473520578037929	0.00219591531042473
-0.422363725502875	0.236700130314835
0.058443790022945	0.0369248768508539
-0.766334235224492	0.663007552598854
-0.311690040417162	0.361659169253787
-0.0488879942131119	0.0266619172719185
0.286630581476719	0.211776907170917
-1.93138823677143	1.94709616371506
0.100407100996032	0.0817072135039872
-0.173832089409108	0.117617618957449
-0.0487568225975182	0.0265874476193196
-0.282064016872865	0.244046438348143
0.00891828341105567	0.00930731744773852
-0.284743231430541	0.331030970646129
0.0884764340026538	0.165692468868833
-0.469304246819968	1.29043896055978
0.169728844393473	0.357621221212169
-0.324528004817346	0.832090531743631
0.873399545145803	2.50290817311685
-0.142165052401704	0.228372370208201
-0.186858466711256	0.330378130837102
-0.487633965163832	0.372797634315868
-0.171807943033785	0.102948482806925
0.128844798984404	0.0572090254928978
-0.533180478419577	0.610069096751573
-0.579296535169985	0.475401577626035
-0.889873267452747	0.758353213221804
-0.952135059882499	0.272770263417896
2.04748541642585	1.45280064834541
1.21233708646883	0.971304917656255
-0.674634021264285	0.545352624230085
-0.173955583184582	0.117629939597363
-0.167883164706142	0.0870145895376265
0.10494279492139	0.0741722381789076
-0.00660308504529402	0.00368408824170209
-0.568511406865005	0.350173903370174
-1.51151931630602	0.92801396381259
-2.24940387056783	2.72623752366672
0.100200106383497	0.081536469880676
0.140284335441089	0.109271514096217
0.399567666730592	0.309608506043698
0.404074944068857	0.500987998589981
0.0186333673940162	0.0125386230495905
-0.235449075529597	0.138051915791987
-0.314867405965761	0.180451526135702
-0.285020674166101	0.18629562430315
0.956055118653698	0.344844233810228
-0.224338278181341	0.149249065378193
-0.568572097465517	0.350153102769924
0.178423283573288	0.0879679360806085
-0.571731700161253	0.312583492623591
-0.00853009176364588	0.00549520878405409
0.00674801938429066	0.00625959858448309
0.00656838582615475	0.00646762317027314
0.100402960718665	0.0817303274157741
-0.00917765366808915	0.00661760987460806
-0.410374647396961	0.767088805733191
-0.00599133275325536	0.0083124223584095
0.0415396694105971	0.0609992000672235
0.272856142906199	0.553164805099192
0.367586040463272	0.767896319630554
-0.356243122746086	0.661900674796621
0.000386935296430343	0.000535567189236387
-0.0826785883016623	0.12380637007927
-0.10060690072741	0.0534984057920706
0.142051476455936	0.0888577884553235
-0.18438336931455	0.0790808605857554
-0.167784410327834	0.086973154849
-0.381276666288699	0.3956673079627
-0.525136377046038	0.537777047229044
-0.31487529078185	0.180469531977314
-1.96368093592683	0.955822689151189
-1.11480398571088	0.54087926587085
-0.573043063375869	0.392116283470683
0.68120935990724	0.550510843550439
0.250566688022217	0.155113796049089
0.250711605847258	0.155245755704872
0.116428702122489	0.0682030568622803
-0.314913534863782	0.18049000784073
-0.517010624683618	0.178709666938849
-0.391724305318784	0.191524028484181
-0.653363251585072	0.659827762496698
0.123537583247572	0.0917976311587319
-0.0438734571668614	0.0369759607060219
-0.0082268846083795	0.00530268934145092
-0.57896117813973	0.267319458250344
-0.212757121541721	0.172612736206995
-2.27758402649673	2.09472843709473
-0.299212587171589	0.237957935757526
-0.56850361312045	0.350137185021699
-0.573293818099177	0.392293154873551
0.128975937783999	0.0572771124689474
-0.577206894554713	0.43444537062023
-0.39604845275416	0.503047737277625
-0.1978374889411	0.208849162483095
-0.481322852686536	0.692621634530549
0.0571880089336927	0.0601752570541225
-0.584230674961234	1.04200257092633
-0.0619397688156923	0.0865621372274822
0.172989799211188	0.29981969908839
-0.332921632758307	0.59957282288359
0.552580599600995	1.56883229348811
-0.0230125538965148	0.030909443841009
-0.284993363742646	0.186275029087059
-1.81226068169386	1.31362119752981
-1.96448596851255	0.956498553769595
-0.18485131374827	0.0792610028696062
-0.100435448908401	0.053405283159304
1.11219789154464	0.936585408154834
-1.12714451863863	0.72393034465297
0.250434257978222	0.15503656965698
-0.449381034942207	0.282355651950242
-0.449559643029099	0.282553005776485
-0.260314528745779	0.131393590854783
-0.100540405818408	0.0534632011451723
-2.38053634733883	1.46170029835018
-0.321802988766258	0.231548262432136
-0.265507664348023	0.194064234856467
0.779791212723478	0.87618166578806
0.878962230095634	1.19260011351086
-0.00469223554792906	0.00217704265702508
-0.171733333748742	0.102903938585626
-0.224494015727289	0.149337315939924
-0.18463738170786	0.0791607990119409
0.0615540730712499	0.0238263165776983
-0.314943947858019	0.180508496860338
-0.572832255431306	0.391827788620206
0.372950968880263	0.176251163954604
2.18172757081744	2.20404508792687
0.632168963645606	0.352673317989728
-0.568495736270134	0.350034919147592
0.0853543688674141	0.0750207625324282
-0.584988071259523	0.736051352472923
-0.1151202102262	0.0954498915234844
-0.149675306476265	0.141415430829671
0.0748787883684243	0.0970237128953144
-0.239287092470717	0.413790099372056
0.162564120731215	0.268815208791809
-0.332856637048181	0.599474970714311
0.193182133286613	0.338668504606316
-0.18906394427645	0.268997969680404
-0.0740322947033136	0.114259472116864
-0.103861084581071	0.160976719769749
0.211835479388691	0.113803455060704
0.128382892136535	0.0569893614731727
-0.26050123433033	0.131519082409796
-0.104674754370764	0.0290881727694566
-0.516625938445608	0.17859542475739
-0.167883164706142	0.0870145895376265
-0.235673258972808	0.138108396121494
-0.119412253858398	0.0729861393109778
0.522416147224192	0.423823307058413
0.264634988622785	0.174528423682581
0.89281764567569	1.03932495145424
-0.260249986440471	0.131363174492885
-0.579018048486102	0.267409454362904
-0.792173115154123	0.630685101687991
-0.572093120982395	0.312658173026152
-0.184495602328439	0.0791280415311326
0.396176409966509	0.226325721913052
-0.0784777290597165	0.0352127653673877
-1.35579670478113	0.474613983393002
-0.105329780244259	0.0292757305992616
0.399241455715525	0.293334087412803
-0.121148066010363	0.107778398169278
-0.146913413667561	0.130113969916227
-0.282297559786979	0.244219288865177
-0.500425199076871	0.41612272814566
-0.612907754962082	1.12822421475082
-0.251175905129256	0.397057515049532
0.311763885855781	0.593722139321603
-0.349857481594282	0.631493130946346
-0.0612410762335168	0.0715149096805626
-0.229358589469252	0.384646442305335
0.0965726037719453	0.157273284535961
0.0530676076347001	0.07755670414092
-0.182633552595058	0.348891348302644
-0.162383599586525	0.293463900958136
-2.27755296626638	2.09471785974243
-0.788343745757691	0.414362328106443
-0.406143088696864	0.0911104868149055
-1.11459535646121	0.54087500274063
0.631932759206064	0.352507886935394
0.178473992833301	0.0879941463135877
-0.322370359561	0.232160877333793
0.968740277837925	0.894867219943855
-0.487633965163832	0.372797634315868
1.62034467553353	2.38863456486028
0.061698863167424	0.023890625298551
-0.327441044350617	0.12966822779127
-1.81226068169386	1.31362119752981
-1.1269254750699	0.723652906776775
-0.167647468271265	0.0868700825002316
-0.327545771414056	0.12969920235071
-2.81228031043952	2.16543401183887
0.399188400393345	0.293278030550534
0.0188323000780931	0.0126703334483123
0.477781945907163	0.513958714043543
0.221459227744402	0.225799139481284
-0.584872681346515	0.701681104928937
-0.0210912684835961	0.0203809821564451
0.673560194547246	1.68041056760048
0.224119826681432	0.37592080728074
-0.119325915779013	0.162316820001099
-0.393678768950419	0.903272868638352
0.513147096963824	1.15320171548407
-0.17139553518982	0.251348954728855
-0.121089051092227	0.17045842854831
-0.0788269788881849	0.0353859300459337
0.0479668102951513	0.0242035155870716
1.05637106962915	0.549947620800554
-0.0790660786633357	0.0354934239501734
2.04777265997013	1.45269919671595
-0.391603095504156	0.191462066890932
0.606681854293865	0.367710991414255
-0.35841702097782	0.229858290125378
0.602061452553838	0.582542601756733
-0.579296535169985	0.475401577626035
0.399672146546433	0.30969489565243
-0.6867874780642	0.508227184141461
0.606826204302058	0.368017845521227
-1.66942929668278	1.11962231310364
-0.889956812825115	0.758402852078309
-0.406929606498836	0.0912995639757081
0.396068108708119	0.226269963646636
-0.95187692509697	0.272670624519378
0.211994594277884	0.113897485870755
-0.00651948015524466	0.00363872630473713
-0.525053535695105	0.537444714824636
-0.167830351359906	0.0869843248816228
-0.585923956429782	0.805776422740046
0.00887659582650281	0.0092620980473143
-0.0883718779858172	0.0990682396472633
-0.0302687388017318	0.0338344786668537
-0.326613749740724	0.39762076465558
0.228989851404893	0.240960679902393
-0.739933550130978	1.61983691898053
-0.571518586146758	0.312432773778368
-0.327120299645599	0.129477764934943
-1.96368093592683	0.955822689151189
0.372838340462595	0.176172443452236
-4.86850020904637	2.52996282419655
0.403887011029617	0.139900753756777
-0.327440212159224	0.129629361099382
-0.701931635787829	0.4711048335323
0.0479061058216731	0.0241734985376833
-0.686814392821566	0.508383460359442
-0.119410862413062	0.0729743072486799
0.25069825731129	0.155248653610278
-1.1145954954322	0.541089063658969
1.29059040546749	0.361273728188317
-0.952135059882499	0.272770263417896
-0.104360815899979	0.0290077066781166
-1.35563614408753	0.474557097061527
1.30829511341016	0.797784880803241
-0.516625938445608	0.17859542475739
-0.472070889856049	0.329070387884181
0.209692051578075	0.163259758441315
-0.876226899525095	1.13833006468011
-2.94698077954152	0.645760131429668
-0.515990783583792	0.178284628481265
0.449482770198073	0.0873321855854351
1.31729408016793	0.590203599966043
-0.406929606498836	0.0912995639757081
-0.406536039818103	0.0912270232471427
-0.406143088696864	0.0911104868149055
3.44542702694839	0.961324616818369
0.955883959048738	0.344654176637369
-0.406260094312188	0.0911374164788629
0.402478055947086	0.139341983658164
1.83336714157312	1.14010425616772
-4.18668471132409	1.51115380013371
0.44905816517692	0.0872417415102285
-0.104844951344196	0.0291451841025915
3.44556547002046	0.961475626406072
-0.967920770914226	0.56691647468837
-1.67000918546535	1.12155961645345
-0.487792808417601	0.372915311409266
-0.0758639628706004	0.0472629593014399
-0.248309535228143	0.260708894456199
-1.12652490159558	2.046029983301
-0.260486639341066	0.131500765009026
0.44025009120492	0.120379994939149
-0.847833196182046	0.353207340512575
-0.517899147573227	0.179109173088448
-0.848034357080434	0.353432748047731
-0.260579855127371	0.131555960501043
0.403377677871532	0.139736809774786
0.0617424742393982	0.0239084459082885
1.15015132121946	0.774176029611433
0.402089212506356	0.13919342312955
2.59830808808347	0.565621890602798
-2.10727742655476	0.3785967871456
0.449482770198073	0.0873321855854351
-2.94742201638341	0.645982057725913
-0.406536039818103	0.0912270232471427
-0.951401566537421	0.272432782475208
-2.10706742962015	0.378548652882402
-1.96349123148842	0.955719882005179
-2.10727742655476	0.3785967871456
-2.10727742655476	0.3785967871456
2.59836788378482	0.565681354882139
0.0615829893731542	0.0238409326210027
-0.260329029925159	0.131417764875266
0.128496054262865	0.0570471936487537
-0.406536039818103	0.0912270232471427
-0.391603095504156	0.191462066890932
-0.0789466320583325	0.0354412383139809
0.399582505906782	0.385010401600754
-0.358327007700537	0.393542722858089
-0.422363981986835	0.236602897283002
0.399506947905007	0.245044308972317
-0.00464881905447431	0.0021552090576274
-1.15383587859979	1.32504823917929
-0.568549525224171	0.350166151783107
-0.449730708473686	0.282688698372418
-0.568541766074588	0.350174119857092
-0.686800933612094	0.508334523103492
0.765221229893607	0.331833236925771
0.0617424742393982	0.0239084459082885
-0.571743456153145	0.312557694105377
-0.0395541441011701	0.025083993257901
0.100242610565444	0.0815690353486965
-0.504587575822729	0.666605934675623
-1.23439959674861	1.17069584688429
-0.390035974921079	0.276433097301495
-0.314951765219021	0.180492172724413
1.49718849841406	1.43018473224439
-0.792066289731086	0.630748823283636
-0.731958339276255	0.441230120289073
0.372828104257578	0.176187601416706
0.631819214311294	0.352378760345744
-0.235462187373492	0.138072780517714
-0.308373742846152	0.322041313852252
-0.218271067810276	0.242516228097769
-0.533336566760532	0.610217831868209
-0.57703974245666	0.434369516798473
-1.00952368242225	0.719592912783372
-0.41394158326969	0.321121824292564
-0.358838437756147	0.230161188232916
0.546948364222488	0.399602425564261
-1.40190822494449	1.05042639207658
-1.93116782314265	1.94659156429095
-0.677169860482535	0.927831378207141
-0.71999994333641	0.767494288973926
-0.34806678023161	0.319997108905786
-0.167784410327834	0.086973154849
-1.0675179913994	1.02948100786859
-0.472070889856049	0.329070387884181
0.128731299422086	0.0571633654848292
0.398858126103384	0.277086879421163
0.58475959722206	0.379934996153133
-0.314974334266225	0.180517382779914
-0.171952098581378	0.103047850133584
-0.298972855797397	0.237791115055507
0.0479444191794637	0.0241924711034532
-1.13148915097421	0.8673744406205
-0.571731700161253	0.312583492623591
0.401356793818009	0.415690138445252
-1.24519154070041	1.02240393492908
-0.327546345457555	0.129698049658362
-1.22595903042734	1.32048473480933
-0.510427708774961	0.457907554625565
0.602214265983302	0.582821561060711
0.399234188147113	0.3552228778774
0.7964775407151	0.546436206750712
0.276660584190188	0.193521158081898
-0.285007010964892	0.186314582604357
0.577094722907789	0.601676744609256
-0.571618661584741	0.312525279780433
0.286526339654432	0.211692596192982
-0.433442937245101	0.364734970167462
-0.686539864471545	0.507744196866069
0.221417593288521	0.180415061357884
-0.00842328172380098	0.00542826232287636
0.0290386308033832	0.0172194422525343
-0.00816484380810605	0.00526291870258437
-0.422427233635055	0.236672878482993
0.396154537368834	0.226335141231484
-0.0786522619879239	0.0353023758590265
-0.22431100092233	0.149244423954331
-0.0487047600275729	0.0265488692503066
-0.217410789822541	0.161083572869334
-0.573359947594847	0.39225971710813
-1.12692027910398	0.723978664203291
-0.0395951974240842	0.0251097479932385
-0.0489013694262602	0.0266701962197787
-0.576919265114257	0.434242823481618
0.23420176261692	0.135550725555505
-0.171891600284617	0.103013652092688
-1.40192841274304	1.05049717063142
-0.568511406865005	0.350173903370174
0.632282847428213	0.352728572431533
-0.224253217296258	0.149080050111516
-0.411260697949849	0.400716533666741
-0.708988647364311	0.801273952586243
-0.949133283945197	1.39796567776136
0.0700063552564947	0.0592210127783069
-0.548684451442517	0.787820859921419
0.193744835448829	0.178154828775521
-0.801676052804985	0.847904396814613
-0.212626980343274	0.172494475704482
-1.07249930501291	1.63445236896901
-1.14908162016824	1.17279193699477
0.140580960455217	0.10951751736928
-0.0064125873499607	0.00358029417270733
-0.146940392783865	0.130127301131001
-0.035738814278977	0.0344395252480432
-0.525173764425093	0.964070232699785
-0.54618817573849	0.752285127375084
0.0449483829564262	0.0458563459936184
0.307879870802785	0.262228118898585
-0.0859552924856501	0.0820595667687336
-0.13827129344418	0.169113624995671
-0.525290994790639	0.537792941079351
0.0346870057665944	0.0270159970935974
0.0829436615362906	0.0646312697887717
-0.0784065556778672	0.0605415939725262
-0.253081360855656	0.203407265235028
-0.0246905282895269	0.0209059267758611
-0.0227311252066529	0.0206393092578765
-0.923430010188963	1.58019898013924
-0.406727072053628	0.468942487063009
-0.0610065742292685	0.0712248061698245
-0.246107842242607	0.314401239957115
-0.0651558102657626	0.0546284878969838
0.0452021776746447	0.0461332348448803
-0.267234869479227	0.29548514458817
