x	y
-1.68694899077746	0.703952762450668
1.56236922320706	1.98817823796751
-0.85241225822089	0.785412764059539
0.740602076435248	0.716379445772882
-0.658725945119197	0.622191717871612
-0.217321429867897	0.160988624983541
-0.897541762300536	0.940059117359875
0.105003155264898	0.0742130464749505
0.0121809220575043	0.00987356236545423
-0.351999257094013	0.276678564414808
0.788001540531627	1.03605734349106
-0.299186356433563	0.237903230513784
-0.212778740609281	0.172641686069342
-1.70885174411854	1.86278158092618
-1.14256360095853	1.02057817622063
-0.568511406865005	0.350173903370174
-0.573082641337609	0.392110428954273
0.564324718997456	0.389655936649954
0.584866281079793	0.379894017023971
0.584751571128831	0.379962887188801
-1.27056950611993	0.885278385976038
0.40402043752692	0.139945751112398
0.584729428763778	0.379865866604109
0.496943437013766	0.461114461150512
0.874713866550428	0.879621645016318
-1.40186565980495	1.48444853822536
0.656419821809539	0.556877278723426
-0.889752898331209	0.758159798405766
-0.968033043844823	0.567023112730889
0.373176502294703	0.176346584481927
-1.12714451863863	0.72393034465297
-0.571737584667295	0.312608565413617
1.73168004765569	1.91274305787207
0.234388667047457	0.135655805195531
-0.791982672273346	0.630647826107759
1.48108975721842	1.58916116206125
-0.824770615882228	0.598736917205988
-0.568442908073705	0.35011647403505
-0.516375129736063	0.178441001382876
0.632273962207813	0.352668549463053
3.44556547002046	0.961475626406072
-0.788241631735444	0.41410029348193
1.59491187457724	0.855036907978974
-0.406653408801407	0.0912540543799087
-3.48219873584491	0.919655084022901
-0.568481019853327	0.350153375981782
0.874648320481278	0.879392721604264
0.399538104929595	0.325297140047321
0.141944077139845	0.0887738399296703
-0.433226154948929	0.364534788045887
-0.0788394138547632	0.0353861542623881
-0.389902765292212	0.276321754862654
-0.376250478197915	0.319939523561622
1.66363205123385	1.5158577948645
-0.517262058968037	0.178864495866734
0.449482770198073	0.0873321855854351
-0.877149112430242	0.577216000555005
-0.260343515581359	0.131418537401997
-0.00482134538163185	0.00223622028267589
-2.10727742655476	0.3785967871456
0.178236240272615	0.0878720950705939
0.588788443933033	0.592083298498628
-0.581793052068323	0.516564135047131
0.294390436438278	0.228835531941377
0.399672146546433	0.30969489565243
1.15458507968611	1.10902660350339
0.365691750007034	0.150278237952888
-0.0083456807373163	0.00274570284113593
-1.27072298147689	0.885399734353617
-0.100688927061247	0.0535323661912431
1.03222171039443	0.911376016037499
-2.19217946653329	1.20987458056536
0.0616264557748945	0.0238611614751663
-0.0047138086914673	0.00218770251866513
-4.44973933299975	1.84343682746367
-3.48240509937676	0.919800644574475
0.449356737420673	0.0873001538306624
1.29047191149383	0.361322640689658
3.96468442127274	1.35922276844108
0.671465868796485	0.334774054050095
-0.327335889648938	0.129624283363844
-1.35626224425971	0.474875835650706
-0.951510131474032	0.272461351367526
-0.952135059882499	0.272770263417896
-0.952244254371164	0.272799090918146
-3.48240509937676	0.919800644574475
-0.568481019853327	0.350153375981782
0.584622732899797	0.379711737328012
0.584751571128831	0.379962887188801
0.142078665577231	0.0888764959093391
-0.0396157317770593	0.0251209170851008
-0.0487956030897302	0.0266078382724499
-0.585307149018552	0.595535725045308
-0.0888190521081299	0.0740758957915267
0.20370756514102	0.194064461308782
-0.305903794727432	0.282992550723499
0.141945413134548	0.0887896964119642
0.141998448683475	0.0888256576774279
-0.576942594038448	0.434274061427803
0.399653175010465	0.325332889772646
-0.573122228556241	0.392182120784472
1.24600584917066	1.14588779083778
-0.413837630123317	0.321003545361389
0.396111062600139	0.226300322457463
0.128731299422086	0.0571633654848292
-1.27055405837643	0.88524530962507
-0.732099967580472	0.441350213980641
0.372583028617614	0.175978797190814
-1.74054990732729	1.57524358635527
0.806839272418555	0.875738642983419
-0.100704209772987	0.0535537703395433
-0.422363725502875	0.236700130314835
-0.568602401021607	0.350107625107656
0.234209408113983	0.135557017197127
-0.952135059882499	0.272770263417896
-0.57885989796914	0.267210036729404
-0.571850481296198	0.312666676322475
-0.0789466320583325	0.0354412383139809
-0.56851911765476	0.350145609039403
-0.686670269083675	0.508235697146491
-0.0760945859454269	0.0474073772906456
0.796326504549897	0.546125168287339
0.398952751279318	0.261019310889639
-0.00477832280722481	0.00221735527016294
0.671567142878356	0.33484663200897
1.05626488614213	0.549849792880685
0.402989430804172	0.139588222045671
0.0617424742393982	0.0239084459082885
2.17466711646327	0.972626601623044
-0.952244254371164	0.272799090918146
0.448931724883838	0.0872096407569261
2.04759954409151	1.45234980116813
-0.391490026470118	0.191378721986921
1.36220611551615	1.19737223627029
0.399647793634485	0.245264441983756
-1.13157352576474	0.867806795163739
0.242024008533079	0.214644814368718
-0.327335889648938	0.129624283363844
-4.86870272960003	2.53049280722129
-0.184739462555253	0.0792331882344397
-1.35672844137063	0.47506664569878
-0.571974814230293	0.312696668009941
-0.938998525441713	0.734414306613764
-0.235290503145764	0.137949646882033
1.29059040546749	0.361273728188317
-0.686762524177882	0.508259419397331
0.635585858470544	0.565049160716253
0.399049309890461	0.355063475189043
-0.267798413391653	0.249021347083078
-0.265614440495864	0.194180304416663
0.0615975870037284	0.0238440904296656
-1.96299502372977	0.955165401048326
0.440628375497016	0.120463053794555
0.449482770198073	0.0873321855854351
1.79944799922107	1.775645902734
0.67150962292298	0.334766898185218
0.178473992833301	0.0879941463135877
-0.518151592408807	0.17915606425969
-1.68657752983501	0.703681756485321
-1.35563614408753	0.474557097061527
-2.94698077954152	0.645760131429668
0.365795892718222	0.150333644094674
-0.406143088696864	0.0911104868149055
-0.952135059882499	0.272770263417896
-0.951401566537421	0.272432782475208
1.31614618941119	0.58941996665963
-0.327335889648938	0.129624283363844
-2.94720125929596	0.646055459499367
-3.87522571878201	1.20686794936312
-0.516625938445608	0.17859542475739
-0.939261729373226	0.734162417173894
-0.573056252013549	0.392154337670413
-0.576895935869684	0.434174621781823
-0.00850943896176418	0.00548263569586031
0.398797581707142	0.277035673986689
-1.29929973177386	1.47253333977019
-0.380975434766825	0.39504520122449
0.779712872334448	0.875859291653946
0.209896916714308	0.16343734539218
0.474949905617902	0.52795152928377
-0.579359558285776	0.475463311637417
-0.322117960194991	0.23199093386192
0.398811843473839	0.277059701974975
-0.00479980150253003	0.00222543899707575
-0.235409159682121	0.13803600571538
0.142105856690795	0.0888908050395115
0.607079602467905	0.368102950443178
1.31665444033133	0.59000828848376
-0.260609107685329	0.131524552950785
0.606999733160499	0.368112755368252
-0.0487300164360545	0.0265724014795389
-2.17347163146783	1.89396725664341
-0.70190117287605	0.471095771394012
0.681125680716043	0.55046354075607
0.0859014915634962	0.0468510187878195
-1.00956173625136	0.719582795507295
-1.54116582767189	1.51538502427765
0.0616264557748945	0.0238611614751663
-0.327230881004658	0.129566059642725
0.396111062600139	0.226300322457463
-0.167852880383599	0.0870058064419345
-0.449835675409196	0.282698812654352
-1.35059575035503	1.18172808417882
-0.314974334266225	0.180517382779914
-0.358667111251907	0.23008064430689
-0.18438336931455	0.0790808605857554
-1.35656708661147	0.475009288267318
-1.68633971949454	0.703563702264362
-3.48199261945285	0.919202577093156
0.372715621940169	0.176108968034927
-0.951401566537421	0.272432782475208
-0.406536039818103	0.0912270232471427
-3.87483571435345	1.20595805352468
-0.579047233084989	0.267435837190726
-0.57946375285479	0.475515549247887
-0.825135049387965	0.599550836734038
0.399660064812808	0.245317382260872
0.211781317206402	0.113772152167333
-0.686485798413027	0.507940032132344
-0.516375129736063	0.178441001382876
-0.571963286722402	0.312637127021938
-1.1145954954322	0.541089063658969
-2.10727742655476	0.3785967871456
-0.576798822309945	0.434032740346792
-0.139591296538509	0.105804734317361
-1.28410187232851	1.61859612427001
-0.852563147890518	0.785844565177501
0.711981637507327	0.546618402945273
-0.568541766074588	0.350174119857092
0.178661665260978	0.0880903270670572
-0.391837132279878	0.191577190293029
-4.44973933299975	1.84343682746367
0.387431007706947	0.203668807909657
-0.967920770914226	0.56691647468837
0.17856779616299	0.0880459181741458
-3.87522571878201	1.20686794936312
2.59836788378482	0.565681354882139
0.449356737420673	0.0873001538306624
-0.84771589802742	0.353095483927744
-0.104360815899979	0.0290077066781166
-1.35610128709322	0.474818712797072
-1.4017190259846	1.05002849598123
-0.217517602207641	0.161171641212651
-0.260515813735499	0.131513276350311
-0.217452189601796	0.161116070471731
0.313450785788949	0.27850831026767
-0.585097487760511	0.59532914956603
-0.0389077193133067	0.0351689565537394
-0.45369049708891	0.547880807069522
-0.0570560005417592	0.0513965525292354
0.305456392899572	0.38327758026903
-0.788505507498841	1.07577254731158
-0.585500672277313	0.6323007747433
0.130798030678573	0.115401135981835
-0.581751740738373	0.516604081856749
-0.701870683447116	0.471060482975925
0.512761756487038	0.436576039484465
0.0290916091214662	0.0172506474117661
-0.686591528873148	0.508125343240681
1.36216788507174	1.197393867706
0.963499842446657	0.736981665988245
-0.100629944992226	0.0535126365530659
0.178741445386761	0.0881170521565662
0.0857298001699369	0.0467611300263588
-0.449374540196002	0.407060816057139
0.0288250995353104	0.017091994259572
-0.579337614554796	0.475447950640614
-0.235488423181181	0.138083855479216
0.128722661231086	0.0571444794901516
-0.787990233828196	0.414043933099704
-0.315004694077924	0.180516228112622
-0.171984261369787	0.103051577974899
-0.171961096389896	0.103053583967166
-0.119412253858398	0.0729861393109778
-0.0789466320583325	0.0354412383139809
0.0478216473836701	0.0241191298919866
-1.5112760877357	0.927430513104126
-1.35656708661147	0.475009288267318
-0.579018048486102	0.267409454362904
-0.00887297177040951	0.00291884997088316
0.0617861815936593	0.0239238580331253
-1.35626224425971	0.474875835650706
-0.406143088696864	0.0911104868149055
-0.686749044698813	0.508320544769257
-0.31484487118018	0.180441066493249
0.497349454550383	0.461879062046642
0.399045218082428	0.26107791038966
-1.22092108067764	1.47059017070109
-0.171891600284617	0.103013652092688
-0.391716070497778	0.191515317219743
-0.0091951964681284	0.00302330471275721
-3.48219873584491	0.919655084022901
-1.74054990732729	1.57524358635527
-1.12703758998166	0.724067663560919
-0.568336289447337	0.349829193254504
-0.981559944583155	0.890855981465677
0.449356737420673	0.0873001538306624
0.100354666237511	0.0816745607099539
-0.202597545074058	0.189999336103433
-0.709298972332903	0.801086246794398
0.231969259534739	0.197356926320763
-0.0763156287369845	0.0684536686246813
-0.217452189601796	0.161116070471731
0.963538022937797	0.737057787372522
-0.235567724001161	0.138125157356038
-0.00488543744923292	0.00226715904143512
0.141945413134548	0.0887896964119642
0.56422737419145	0.389555636326398
-0.00761497811460606	0.00250433676554653
-0.104191034118389	0.0289508643830017
0.44025009120492	0.120379994939149
-2.94720125929596	0.646055459499367
-0.0083456807373163	0.00274570284113593
-0.00887297177040951	0.00291884997088316
-0.686827855694164	0.508381075212563
-0.391255137428528	0.191169523108121
-1.51093754498775	0.926902362359847
-0.576905701247131	0.434174829667432
2.87952537280838	2.00125268295432
0.178502584419716	0.0880150507571391
0.250632505219279	0.155190304364966
-0.375746133802919	0.319333960038721
-0.115187930302016	0.095512148141021
-0.436598660381261	0.578875734911937
-0.326449147176144	0.280093388631589
-0.424187745089266	0.438590956949159
0.221704811720421	0.226078751274219
-0.453704699026737	0.547962550346864
-0.325862214191958	0.320392519048269
-5.54267529393805	3.920381900024
0.387443934982169	0.203677658568846
-0.788353018666431	0.414337941238971
0.128844798984404	0.0572090254928978
-0.104191034118389	0.0289508643830017
-2.38064264796674	1.46174675563604
1.52771264725973	1.06666096129644
0.365584350245701	0.150174586575426
1.31729408016793	0.590203599966043
-0.579204904764993	0.267396917142687
-0.472094075181024	0.329036698021253
-0.0391640705334349	0.0248246147277614
-0.285007010964892	0.186314582604357
-0.516877128372687	0.178641872315134
-0.167754090883061	0.0869546539632337
0.853127837722916	0.547021736367706
-0.0488357677346139	0.0266327969000951
0.95671106671777	0.345047173325076
-0.0789466320583325	0.0354412383139809
-0.104191034118389	0.0289508643830017
0.365691013165346	0.150286033986656
-0.104360815899979	0.0290077066781166
-0.951768045880078	0.27264192625531
-0.105500634956843	0.0293179785582308
-0.104844951344196	0.0291451841025915
0.396068108708119	0.226269963646636
0.178488280870952	0.0880114930246788
0.211819494672195	0.113810815709731
-0.0786392714965295	0.0352944119780959
0.178394582455224	0.0879597751455033
-1.52278995090759	1.22112318048924
-0.449902085367847	0.282738693009958
-0.952135059882499	0.272770263417896
-0.95187692509697	0.272670624519378
-4.18692465030888	1.51167343819974
-2.10727742655476	0.3785967871456
-0.952612120944232	0.272853156193857
-0.951768045880078	0.27264192625531
2.59836788378482	0.565681354882139
-3.87483571435345	1.20595805352468
-0.583688216168588	0.556559775585765
2.59836788378482	0.565681354882139
0.533487250233336	0.411058006997357
-0.0342274425213764	0.0244169174673246
0.833198311697356	1.03329892351257
0.100337368122062	0.0816663713007057
-0.202818594449257	0.190230218123999
-0.792173115154123	0.630685101687991
0.17856779616299	0.0880459181741458
0.403244537973636	0.13964937041993
-0.260185160153673	0.131279570125716
0.898534056931897	0.723499377018564
-0.391949865486702	0.191579791283879
-2.54153628033773	1.70669422256616
-0.00972360174523113	0.00319590720204612
0.439986145529585	0.120240256039653
-3.48219873584491	0.919655084022901
-2.10706742962015	0.378548652882402
-0.951510131474032	0.272461351367526
-1.35626224425971	0.474875835650706
-2.94698077954152	0.645760131429668
-0.406536039818103	0.0912270232471427
-2.94720125929596	0.646055459499367
-0.406536039818103	0.0912270232471427
-3.87503061007077	1.20658143667459
-0.00866762541139504	0.00285038216826518
-2.38053113038207	1.46168604445156
-0.848034357080434	0.353432748047731
-1.4018611620366	1.05052725349862
-1.51116602461278	0.927694205065401
0.373074051711785	0.176294168822822
-0.788353018666431	0.414337941238971
-0.391473290236428	0.191346105669389
-0.788353018666431	0.414337941238971
0.711809675508547	0.546366920879928
0.264862528257026	0.174652712342763
0.399032143012627	0.261073229564847
-0.487606675292995	0.372750836390607
0.104789667136975	0.0740535564195607
-0.805454553196583	1.24020715475455
0.647111451402422	1.09607496630396
-0.107399550091062	0.0822077987767887
-0.384646970843662	0.466396297593702
-0.716597726651499	1.31935094481431
0.40383026417903	0.513946952945999
-1.66359366097917	2.73973541471236
-1.0094931847238	0.719548716819513
-0.167792228123067	0.0869736387408147
0.128261420172708	0.0569141011954547
-1.12715469735633	0.724097661397232
1.8333666502392	1.14033606036781
1.52759073399483	1.06609938425288
1.0442650852691	0.754232399790507
-1.68718740077762	0.704071354649794
0.955568975584273	0.344510645872178
-0.327335550717987	0.129625546394617
-0.224471471909536	0.149323126911641
-1.2343160820192	1.17039000322975
-0.766387156575993	0.663061566941855
-1.68657752983501	0.703681756485321
1.2122505761694	0.971192499435083
0.656286518481059	0.556786806671946
-0.571518586146758	0.312432773778368
0.956055118653698	0.344844233810228
-0.327335550717987	0.129625546394617
0.387605725992851	0.203766496048981
-4.44973933299975	1.84343682746367
-2.94720125929596	0.646055459499367
-4.45004713937615	1.84385583485808
-1.04468813256807	0.875044381033776
-0.18438336931455	0.0790808605857554
-2.27758402649673	2.09472843709473
-0.131233499060858	0.0901795833894835
2.04765845854349	1.45232476652235
-0.449649024133895	0.282626986880979
-0.131012747543031	0.0899915866252994
4.34082916050413	1.7708178884829
-3.87542104119766	1.20695765047403
1.29047191149383	0.361322640689658
-2.94742201638341	0.645982057725913
0.44905816517692	0.0872417415102285
-3.48219873584491	0.919655084022901
-0.517899147573227	0.179109173088448
-0.422449318801549	0.236728116220036
-0.0759901648345779	0.0473452882734231
-2.94698077954152	0.645760131429668
-0.119651523577888	0.0731394835730531
0.572446364662812	0.821977059922434
-0.146837208866759	0.130037774696074
-1.1577254934825	1.47307871006964
0.0422295533166161	0.0299196187701161
0.0857428988252296	0.0467687674262433
-1.12692027910398	0.723978664203291
0.128844798984404	0.0572090254928978
3.06606186269824	2.3806988776649
-0.285053627335216	0.186330826663221
-0.260565205418295	0.131526093259204
0.448931724883838	0.0872096407569261
-1.35656708661147	0.475009288267318
-3.48240509937676	0.919800644574475
-0.406536039818103	0.0912270232471427
3.96468442127274	1.35922276844108
-0.848034357080434	0.353432748047731
1.29035320892594	0.361169722228799
-2.10727742655476	0.3785967871456
-1.51117398792917	0.92735653097427
-0.104844951344196	0.0291451841025915
-0.877254707096913	0.577167546274364
0.56439909771469	0.389627774542729
-1.32079631369006	1.32493172804645
-0.314913534863782	0.18049000784073
2.23943356998438	1.78025757563909
0.804006203687662	0.71236161428316
-0.285164564145787	0.186407245785783
-1.43538581219431	1.7870315989925
0.130763632090601	0.115372874144305
-0.265483188904491	0.194066813915525
0.163586759975438	0.108801348504513
0.472294886918854	0.541800005568615
-0.992418825798631	1.218593081794
0.523948851375262	1.03100790558237
0.0991551815522423	0.0903509771495985
-0.0946285889304501	0.0957817635269137
0.0136757801104586	0.0101840976211911
0.232422457195862	0.197775709702613
0.169411164241986	0.14399460930233
0.209631472171883	0.163206564584607
-0.00816146246870929	0.00526053940516808
0.399019063877058	0.261052466805314
-1.52279726164333	1.22119015236707
-0.701794275583271	0.470910260347338
0.852846126923184	0.546816711265645
-0.825127181183508	0.599448766878507
0.11614924186535	0.0680207405035995
-0.76623011151671	0.662706630838277
-0.686814392821566	0.508383460359442
-0.449753984995573	0.282559681000554
-0.00761497811460606	0.00250433676554653
-0.327441581340123	0.129627520191826
-0.517010624683618	0.178709666938849
0.0616700182489409	0.0238789606093496
-0.422342376725643	0.236676559474934
-1.4493048975108	1.34682131015526
0.711676619213986	0.54605131216293
0.396241213616493	0.226364630623662
-0.57685903938328	0.434149334010838
-0.825142928248916	0.599571444913089
-0.18438336931455	0.0790808605857554
-1.96448596851255	0.956498553769595
0.211819494672195	0.113810815709731
0.141999791938549	0.0888227103233252
0.276421317259084	0.193291027580897
-0.173832089409108	0.117617618957449
-0.968152752066219	0.567121503023109
-0.26050123433033	0.131519082409796
-0.390063176806021	0.276452098473583
-0.103708004302289	0.0288061650208548
0.403632537227691	0.139839884189156
0.439871247620891	0.120233355559156
-2.94720125929596	0.646055459499367
-0.406536039818103	0.0912270232471427
-4.44973933299975	1.84343682746367
-1.68633971949454	0.703563702264362
1.29047191149383	0.361322640689658
-0.952135059882499	0.272770263417896
-0.314829114370994	0.180396854124777
-0.078745871602922	0.0353461577361168
0.0617861815936593	0.0239238580331253
-0.573227757311324	0.392266514424076
-0.212720779833938	0.172588691151125
-0.686854792434839	0.508138259065505
-2.94720125929596	0.646055459499367
-0.282093078172493	0.244081257999096
-0.510421781629362	0.458060416627737
0.398811843473839	0.277059701974975
-0.493259667370892	0.594567090493084
0.756124476380908	0.878135062575888
-0.26050123433033	0.131519082409796
0.0479747380547107	0.0242080962692441
-0.0785585849311568	0.0352548515118034
0.606746759712527	0.367950501034703
-0.0757789679966719	0.047205567072054
0.387443934982169	0.203677658568846
-0.516877128372687	0.178641872315134
-1.35610128709322	0.474818712797072
2.17530130888176	0.972804016432564
1.80580755289182	0.656394825107787
-3.87503061007077	1.20658143667459
0.178394582455224	0.0879597751455033
-3.48261171098015	0.919665246937834
-0.406536039818103	0.0912270232471427
-0.00846262185640431	0.00278126286689462
-1.35610128709322	0.474818712797072
0.44013533532887	0.120310143303148
-0.573043063375869	0.392116283470683
1.34289595232922	1.01499095487319
-2.38067964938464	1.46145967656902
0.399640462504326	0.245290629353771
0.396197438898127	0.226365511940548
-0.686629813814052	0.508081781188768
-0.701962072171393	0.471087613431695
-0.877128198496476	0.577191008258668
-0.322098819818195	0.231927798872294
0.0343458631930737	0.0267489928699424
-0.289262437401558	0.285628366526587
0.152268912464111	0.162995671463646
-0.49916770905071	0.630456528922415
-0.175277668920273	0.175321988061208
-0.215163628067712	0.251440325098632
0.133613898523529	0.134568191726922
-0.752892135198168	0.939409013085609
-1.24528851254411	1.02241091253556
0.796563367283465	0.546405439872833
0.396175686819008	0.226339115191097
-0.00501404009288466	0.00232508013699526
-0.968040626027814	0.567014988604947
0.671422211026953	0.33472577676997
-0.0788394138547632	0.0353861542623881
-0.327335889648938	0.129624283363844
-0.260658316972533	0.131581223015508
-0.391837132279878	0.191577190293029
-0.0490327681648237	0.0267369195294689
-1.40178726667753	1.48411425653221
-0.103877372062926	0.0288628201081387
-0.104844951344196	0.0291451841025915
-1.96567561100499	0.956820321772291
-1.68755917895986	0.704253567990808
1.29007573135185	0.361162560899904
0.92912666564349	0.545221169055652
0.680981438499674	0.550257678966188
0.233940133706948	0.135348023118357
0.399045218082428	0.26107791038966
1.05637042484898	0.549937742703155
-0.00458408807629383	0.00212527871473938
-0.568404782301551	0.350035267727637
0.449356737420673	0.0873001538306624
1.30829511341016	0.797784880803241
0.128504583636049	0.0570536698492632
-1.94202876330122	1.5053209239681
-0.00473520578037929	0.00219591531042473
-0.224283721636834	0.149230159915673
0.440742619385608	0.120469713008539
-1.51129189335851	0.927465012449234
0.250513390435162	0.155108504066862
1.31729408016793	0.590203599966043
1.29007573135185	0.361162560899904
0.439986145529585	0.120240256039653
-0.406929606498836	0.0912995639757081
2.59830808808347	0.565621890602798
0.449356737420673	0.0873001538306624
2.59830808808347	0.565621890602798
2.59830808808347	0.565621890602798
-2.94720125929596	0.646055459499367
-2.10727742655476	0.3785967871456
-0.391611384485079	0.191440763997525
-0.571743456153145	0.312557694105377
-0.422384984558512	0.236709053249403
-0.525219066575026	0.537829431154593
-0.28944183338933	0.285754924292357
-0.325546674936774	0.320182315152499
-0.217386798813199	0.161055170874197
-0.32733529210431	0.129585538245281
-0.825142928248916	0.599571444913089
3.44542702694839	0.961324616818369
-0.00833369197067239	0.00537012900939467
-0.0286062365009532	0.0224077185476655
0.399441971661973	0.355490654910735
0.399153005728285	0.369874424844618
0.182161281083081	0.161192298203608
-0.0488089875965929	0.0266177615123385
0.403765825794991	0.1398030758734
-0.849075640655895	0.353944854479088
2.1749742693493	0.972967149948564
-0.00477816764385727	0.00221449009969904
-0.877128198496476	0.577191008258668
-1.96448596851255	0.956498553769595
0.44905816517692	0.0872417415102285
-2.94720125929596	0.646055459499367
0.449356737420673	0.0873001538306624
0.448931724883838	0.0872096407569261
1.31729408016793	0.590203599966043
2.59830808808347	0.565621890602798
-0.00940109644110474	0.00309197435180766
-2.94698077954152	0.645760131429668
-0.406653408801407	0.0912540543799087
-2.94720125929596	0.646055459499367
-0.792019876326016	0.630530640063288
-0.285234469888592	0.186450253083741
0.917465989348843	0.884742054533541
-0.322054918949587	0.231926205197877
0.0855580104856908	0.0466587120748805
1.49712032565267	1.42990651028131
-0.792066289731086	0.630748823283636
0.294714603155384	0.229169576232703
0.0185929124001953	0.0125107041320055
0.328781308754763	0.327576891010194
-0.63188460758202	0.830460444949871
-0.351974952412634	0.276683503833317
-0.901925797614078	1.11506632749244
-0.339415212623831	0.43206782550647
0.207886990330197	0.297600589287361
0.213404855930341	0.250404554582913
-0.38465484052555	0.466374856084999
-0.539871764807057	0.680631668175705
0.696537799295236	1.06206443191094
0.851220455843531	1.34496730981054
-0.411427475486477	0.400854953649514
0.656098836707982	0.556370497555478
0.313364223659544	0.278500050430033
0.512846796210458	0.436662397859969
0.396068108708119	0.226269963646636
0.533222644573356	0.411110517018407
-0.825061670752121	0.599394220982401
0.564055338292891	0.389338724185396
-0.471782795938621	0.32871723395479
1.02252205627975	1.06632501727219
-0.581596720328027	0.51635622255995
-1.13141297917719	0.867243874914386
-3.87503061007077	1.20658143667459
-0.579090117832204	0.267455039000505
-0.167891044836085	0.0870165131143139
1.36202299036526	1.19684698041237
-0.422299294346764	0.236652215203968
-0.449730708473686	0.282688698372418
0.250592487483807	0.155172004789474
-0.314837032959884	0.180433066341452
-0.674953259376512	0.545717615515664
-0.285090593703859	0.186376827935707
0.0617277318050226	0.0238966037879039
-1.27047713945773	0.885153560442061
-0.10045091808691	0.0534111225538958
-0.139634820780245	0.105841812669374
0.972614122268163	1.05491814920312
-0.0487956030897302	0.0266078382724499
-0.701962072171393	0.471087613431695
-0.70190117287605	0.471095771394012
-0.35184393948654	0.276566025269648
0.546645238199597	0.399353614216114
-1.68633971949454	0.703563702264362
-4.44943194328068	1.84281496770354
0.439871247620891	0.120233355559156
-0.104191034118389	0.0289508643830017
0.0616553482559604	0.0238703716137645
-0.0083456807373163	0.00274570284113593
2.239322153493	1.78039905857271
0.449356737420673	0.0873001538306624
0.44905816517692	0.0872417415102285
0.439871247620891	0.120233355559156
0.448931724883838	0.0872096407569261
0.449356737420673	0.0873001538306624
-0.791959463063889	0.630501322211344
-0.235211272959703	0.137888266645417
-0.0489670362588258	0.0267049448325151
-0.487686905437284	0.372851819278413
-0.701939376185849	0.471077472243728
-0.939222282586451	0.734669327956872
-0.167723743572673	0.0869307434564531
-0.579162162837228	0.267406238343768
-0.568442908073705	0.35011647403505
-1.00954648594502	0.719429089721718
-3.48199261945285	0.919202577093156
-0.653408914392345	0.659917412289735
-0.788678131322783	1.0759756174493
-0.276765384894833	0.289838370276692
-0.276793746556321	0.289880691188771
1.10688547498568	1.72435981515926
-0.83170768550193	1.37847269671956
0.0289840778068076	0.0171894330672799
-0.184729636999735	0.0792123581775086
-1.23443635671088	1.17047509799713
3.44542702694839	0.961324616818369
0.116193213892673	0.0985079763201218
-0.486647463747947	0.558431261913136
0.193897609389956	0.178269339230999
0.155649683127863	0.126821854967406
0.83318364722842	1.03321590218694
-0.981372406947405	0.891057998572292
-0.224336677934566	0.149274089294747
-1.13168041605499	0.86746936633199
-2.06192852260727	1.69842741891697
0.715490575643558	0.720391229913387
-0.701939376185849	0.471077472243728
-0.184505553212383	0.0791373504854963
0.128967157113683	0.0572682747137997
0.0617861815936593	0.0239238580331253
0.403377677871532	0.139736809774786
-2.94720125929596	0.646055459499367
-0.407047340101398	0.0913266870047607
-0.579060886134685	0.267400175341313
-0.327440587999834	0.129669435996948
0.449356737420673	0.0873001538306624
-0.00866762541139504	0.00285038216826518
-2.94698077954152	0.645760131429668
-0.00866762541139504	0.00285038216826518
-0.00475680929605525	0.00220672361861251
-2.10727742655476	0.3785967871456
-1.1146996213552	0.541121784175122
-0.358443927278773	0.229868386699299
-0.568442908073705	0.35011647403505
-0.0489670362588258	0.0267049448325151
0.898534056931897	0.723499377018564
-0.825410747725923	0.59972581114889
0.163268417717697	0.108556581939774
-0.824232160893451	0.816656260054727
-0.28498370230448	0.186287806202676
0.163501719768619	0.108748360137995
-0.14447064893325	0.119042830384517
-0.375965103886377	0.319670064393052
0.034418683582068	0.0268054091099658
0.130763632090601	0.115372874144305
-0.387533334409947	0.537069452162163
0.263711058670422	0.328707217467703
0.474978073209846	0.528108186297884
-0.144409194336957	0.119004806325173
-0.226668011668595	0.225322461972869
-0.868366506412099	0.967858973564698
0.181354727690782	0.127651068600099
0.307634491053212	0.262156519345128
-0.119651523577888	0.0731394835730531
0.234022345651087	0.135419850996738
3.23603882467348	2.76618058330003
0.178582044959992	0.0880558495915799
1.34298968142901	1.01511461811393
1.21229354415916	0.97118520731588
-0.314852629161087	0.180421594369275
-0.119625687146688	0.073124812578289
0.584828030314386	0.379951791497643
-0.389876979031048	0.276305805054114
-1.68596857506758	0.70320287292914
-2.19317610517767	1.21115236630217
-1.96349123148842	0.955719882005179
-0.0788332563552394	0.0353882174785728
-0.70190117287605	0.471095771394012
0.898354420160912	0.723312999645903
-0.981505504330676	0.891295148402178
-0.00484279931117502	0.00224682304483335
0.796542286709821	0.546503907985386
-0.571862109960018	0.31258660103728
-0.686735568887376	0.508322918373419
-0.788464314880281	0.414424326723021
-0.87699966280205	0.576773649682754
-2.683695069597	1.94097616444278
0.387511878551028	0.203703880087379
-0.84771589802742	0.353095483927744
2.1749742693493	0.972967149948564
0.061756624168205	0.0238926167457201
0.178502584419716	0.0880150507571391
0.92864495305129	0.545077172240108
-1.06765107084076	1.02955906828335
-0.576798822309945	0.434032740346792
-0.579162162837228	0.267406238343768
-0.0788394138547632	0.0353861542623881
-0.0487568225975182	0.0265874476193196
-0.579018048486102	0.267409454362904
1.29007573135185	0.361162560899904
0.372695311062578	0.1760365339899
-2.10706742962015	0.378548652882402
-1.96467671705873	0.956602614744049
0.95671106671777	0.345047173325076
1.31665444033133	0.59000828848376
-0.406260094312188	0.0911374164788629
-0.171733333748742	0.102903938585626
-0.422406829788458	0.236695706877833
-0.568450605056492	0.350111713650879
0.796499407903853	0.546409161577071
-0.731943567101129	0.441217944876616
-0.391360018543522	0.191292687350545
-0.391481666646295	0.191384943509599
-2.94720125929596	0.646055459499367
-0.0083456807373163	0.00274570284113593
-1.00955415243895	0.719594277702576
-0.578975115762517	0.267390226446819
-0.265376414704092	0.193936765237222
0.0702133815667667	0.0594062574051439
-0.242947681915927	0.211639832745227
-0.176337785534195	0.132223951721488
-1.01128674755933	1.04699179572721
-0.581531321742681	0.516249288055892
-0.314921305698856	0.18046368292624
-0.184617640808077	0.0791844639739394
0.804015607829325	0.712240290170832
1.29019459198889	0.361113808702474
-0.119438062625368	0.07300144384376
0.193737021430441	0.178129781605771
0.307590633702621	0.262093785095252
-0.449150945530561	0.406698925418772
-0.299013141070043	0.237825804071924
-0.578975115762517	0.267390226446819
0.372828104257578	0.176187601416706
-0.579204904764993	0.267396917142687
-0.788222961863263	0.414264406349458
0.0479444191794637	0.0241924711034532
2.17433880348467	0.972352135469458
0.440628375497016	0.120463053794555
0.955740311572938	0.344597279041458
-0.406536039818103	0.0912270232471427
-0.406536039818103	0.0912270232471427
-1.96398821246931	0.956159377765416
-1.68694899077746	0.703952762450668
-2.94742201638341	0.645982057725913
-1.51116602461278	0.927694205065401
-1.66976902181323	1.12042184848679
-1.51140958843186	0.927490892016474
-0.422342376725643	0.236676559474934
-0.573056252013549	0.392154337670413
-0.665647710595455	0.58393081140269
-0.00482134538163185	0.00223622028267589
-0.701794275583271	0.470910260347338
-0.119518275601168	0.0730591665263058
-0.314905683790335	0.180488007236133
0.181617449538402	0.127829003534113
-0.289121124141716	0.285456181832126
0.892957281382063	1.03939952178743
-0.0683631382732666	0.0655130877503579
-0.585022800250932	0.736110280349249
0.0630160389801208	0.0626962029150326
0.117100640385024	0.124552156880137
0.0628001416154617	0.06246719212842
-0.0243221854925143	0.0205952559815864
-0.424073094388109	0.438503654320582
0.674856322352999	0.730973069548694
1.15026509610464	0.774341633185776
-0.967288906286175	1.06790851633205
-0.0760120659596625	0.0473565155075544
0.398873322187915	0.260949289938167
0.21191044672147	0.113836877487231
0.750820935056823	0.546362059972189
0.39911149736699	0.261109190448986
0.387712424627645	0.203798195508622
-0.0788269788881849	0.0353859300459337
0.286589442369144	0.21173447910737
0.163628004413102	0.108832428913685
-1.70871876546067	1.86251548766304
-1.12680276458926	0.723836733698945
-0.732114848484512	0.441422043241892
-2.94698077954152	0.645760131429668
-0.84751494297264	0.353113627072122
-1.35656708661147	0.475009288267318
-0.847833196182046	0.353207340512575
-0.391949865486702	0.191579791283879
-2.17337197529272	1.89538975628836
0.396132754922445	0.226326677718278
1.0817754508413	1.08353682191244
-0.576965922644856	0.434268315425558
-0.568511406865005	0.350173903370174
-0.184505553212383	0.0791373504854963
-0.579162162837228	0.267406238343768
2.23898845091075	1.77980843134963
-0.579047233084989	0.267435837190726
0.0616553482559604	0.0238703716137645
-0.391603095504156	0.191462066890932
-0.0787197888754788	0.035331436723466
0.765543409119394	0.331916984826515
0.764486778123062	0.331447869942357
-3.04143381751888	2.6032867807098
0.806804773590727	0.875342567586614
-0.571531865159127	0.312374846114351
-0.877063949356056	0.577066528922155
1.18703038947551	1.28210048280107
-0.0487568225975182	0.0265874476193196
0.656179090572882	0.556596437211793
-0.389982968519614	0.276402027316149
0.671523484063149	0.334704051901253
-0.517262058968037	0.178864495866734
-2.19327744226801	1.21110610442507
-0.518151592408807	0.17915606425969
-4.18716485783141	1.51198812883872
0.956881327418798	0.345023297855276
-0.51764708606635	0.178953973086848
1.3171611502856	0.590087165510619
0.44905816517692	0.0872417415102285
-0.568481019853327	0.350153375981782
-1.94210338431566	1.5054945356292
0.116330839643921	0.0681472868212352
-0.358667111251907	0.23008064430689
0.128731299422086	0.0571633654848292
-1.51163666013488	0.927934310168409
-0.184035935062965	0.078881889936466
0.671538371030747	0.334855559136084
-0.967920770914226	0.56691647468837
-0.422534666368396	0.236684555505511
-0.517513875524486	0.178911161319999
-0.385013161802551	0.466849560997919
-0.326583337471507	0.397570752857689
0.155638860414166	0.126796720606508
0.251289501872468	0.231824361233566
-0.00649619072655505	0.00362618846728953
-0.327335550717987	0.129625546394617
-0.175700606722891	0.131673819033721
0.449482770198073	0.0873321855854351
-0.389928558046828	0.276305926072166
-0.634695999267485	0.796631811155027
-0.146917113659083	0.130110108893828
0.0137918132745716	0.010270513168344
0.0827609479791179	0.0644720672410313
0.750975541614246	0.54652601352424
-0.314913534863782	0.18049000784073
0.128862234571198	0.0572251923644326
1.30813599240279	0.797331200154474
1.04453259252245	0.754314244963196
0.955911405657352	0.344573880945257
-0.103877372062926	0.0288628201081387
-2.94698077954152	0.645760131429668
-0.791801495132781	0.63038238662287
-0.38995717249119	0.276378670243734
-0.321991901170692	0.23185171155015
0.234283713697625	0.135588951948784
-0.981609926814513	0.891235733129596
0.140262691662791	0.109261739662915
0.267200949501893	0.265041328792014
0.192443856192998	0.237065026038572
-0.326290102766521	0.434237916341368
-0.0838057683308345	0.0895542805174767
0.250518945709803	0.344299211359615
0.160554564765614	0.212287937335604
-0.326620301183529	0.434840546353732
0.452444193064478	0.655353406328352
0.617831314876769	0.573883835497939
0.853127837722916	0.547021736367706
-0.674634021264285	0.545352624230085
-0.167844965554481	0.0869955704368866
0.632265093678669	0.352482391383828
-0.73236345422613	0.441536831391427
0.211887954999951	0.113856287486724
-1.94219445552014	1.50498311534234
0.606920023753657	0.368081471821074
-0.573016698146289	0.391864814908646
0.19680899203713	0.145969499134116
0.0423961627944852	0.0300416647640507
-1.34508338670284	1.77135412451231
-0.939327813211343	0.734310406449492
-1.11394961846196	0.540358650867839
-0.0091951964681284	0.00302330471275721
-1.6857313628121	0.703085363193652
0.764898980443409	0.331545372027833
1.29059040546749	0.361273728188317
0.764809448292814	0.331596623912213
-0.327440587999834	0.129669435996948
0.387249349429255	0.203527671777068
-0.518151592408807	0.17915606425969
-0.167655258361164	0.0868735579417123
-0.235594716867071	0.138094181718978
0.917600599717409	0.884468374802835
-0.17191476584973	0.103033463272345
0.712061048069147	0.546653091630455
0.853115083689341	0.546978454245952
-0.31479876138457	0.180378411709713
-0.406143088696864	0.0911104868149055
-0.579132907592339	0.26744572765706
-3.87483571435345	1.20595805352468
0.0618149550089233	0.0239347187925616
-1.68694899077746	0.703952762450668
0.449482770198073	0.0873321855854351
0.44013533532887	0.120310143303148
0.440364661588217	0.120386763104114
0.95671106671777	0.345047173325076
-0.327441044350617	0.12966822779127
-2.38060556106765	1.46186003707845
-0.176164638179333	0.132110327925399
0.128626494876668	0.0571126960744007
0.522282839158941	0.423701285949133
-0.314783952241964	0.180345912013469
-0.579252630682082	0.475335656833146
0.546895990778706	0.399626688998168
-0.103877372062926	0.0288628201081387
0.44905816517692	0.0872417415102285
3.44549632854058	0.961689054878872
-0.406929606498836	0.0912995639757081
0.44905816517692	0.0872417415102285
-0.952502610189603	0.272824202108595
-0.516241348529343	0.178330871919979
-0.787980748731883	0.413953048132144
-0.171937931217338	0.103046922596437
-0.314951765219021	0.180492172724413
-1.35672844137063	0.47506664569878
-0.571612713488628	0.312477898458969
-0.389825426113108	0.276177511751794
-4.44943194328068	1.84281496770354
0.402345342397214	0.139296846935855
-0.327230881004658	0.129566059642725
-0.184505553212383	0.0791373504854963
-4.86870272960003	2.53049280722129
-0.0091951964681284	0.00302330471275721
-0.327441581340123	0.129627520191826
-0.343081608147253	0.357225159187857
0.0202930766075981	0.0194512213234959
-0.348266438118688	0.320269206180164
-0.461840482312153	0.447287279446146
-0.471663518407286	0.485522135579118
-2.94698077954152	0.645760131429668
-0.766441749899156	0.663094658546721
-0.171733333748742	0.102903938585626
-0.32733529210431	0.129585538245281
0.0615829893731542	0.0238409326210027
-0.413919608406986	0.321094793095108
0.533255361430788	0.411152401885777
0.54679022047352	0.399511882423471
-0.0788269788881849	0.0353859300459337
0.373063689449818	0.176309167899013
0.123597175674719	0.0918421735221754
0.963538022937797	0.737057787372522
0.28633168863619	0.211553497560757
0.250671549096301	0.155227427239656
-0.154950840283217	0.164398466963618
-0.175215517652681	0.205192217123477
-0.330480409462807	0.54468443666601
-0.197699263914625	0.208647219365278
-0.58672434751588	0.978699984932673
-0.360608391570329	0.558882738952635
0.126426321203269	0.138450317644744
-0.295060112881573	0.325655412872944
-0.665311106311113	0.583361206761243
1.36227457245336	1.19717008777991
1.1122955106478	0.937099102205197
-0.235409159682121	0.13803600571538
-0.167784410327834	0.086973154849
-0.571969057025845	0.312725884763733
-0.314883095294388	0.18046152778602
0.0617136769175722	0.0238943545769967
0.79652044983038	0.5464742420311
-1.00961500935903	0.719465002182
-0.686866363195777	0.508263388565242
0.688347958339292	0.900874876007685
-1.54116582767189	1.51538502427765
0.116224017930216	0.0680787722672144
-1.35579670478113	0.474613983393002
0.763750033727378	0.330901102695796
-0.847833196182046	0.353207340512575
-3.48240509937676	0.919800644574475
0.440628375497016	0.120463053794555
-0.0786522619879239	0.0353023758590265
-0.406536039818103	0.0912270232471427
1.7211940026025	1.34718905247286
0.584721353956748	0.379925831477889
-0.173854045087214	0.117638793695144
0.740618672700819	0.716036092866911
1.30829511341016	0.797784880803241
0.387699641114235	0.203810552040452
-0.00471351223080486	0.00218494087160831
-1.6857313628121	0.703085363193652
-0.516877128372687	0.178641872315134
-2.10706742962015	0.378548652882402
-0.327335889648938	0.129624283363844
-3.48240509937676	0.919800644574475
1.29059040546749	0.361273728188317
0.44025009120492	0.120379994939149
0.365691013165346	0.150286033986656
1.29059040546749	0.361273728188317
1.21235821634127	0.971237252051548
-0.35874606176488	0.230128359214925
0.0857690839630121	0.0467755813981377
-1.00951606416	0.719470647168065
0.27644858156017	0.19332892779995
-0.0786522619879239	0.0353023758590265
0.796693939241456	0.546484210727788
-0.0629811980915433	0.0444439033569025
0.403887011029617	0.139900753756777
1.31690798760239	0.590129049397097
-0.406653408801407	0.0912540543799087
-2.10706742962015	0.378548652882402
-2.10706742962015	0.378548652882402
-1.32938572253344	0.733074998982863
-0.0784648403539831	0.0352003266724505
-0.327440587999834	0.129669435996948
0.0616264557748945	0.0238611614751663
2.4522800111156	1.30195468533053
1.31640050781925	0.589791315671906
-0.952135059882499	0.272770263417896
-0.518284516304042	0.179158960661114
-1.96349123148842	0.955719882005179
0.956055118653698	0.344844233810228
0.403632537227691	0.139839884189156
-3.48219873584491	0.919655084022901
-0.96814522350334	0.566902385585879
-0.510594944841178	0.458210310992055
0.0295361125184358	0.0248994121162571
-1.44524543738019	2.50034538710046
-2.10727742655476	0.3785967871456
-0.848352883478491	0.353483822010577
0.671639646013065	0.334844260911513
-0.0788394138547632	0.0353861542623881
0.163329148834201	0.108573096068655
-0.747006414651001	0.697678094612967
0.779724799912908	0.876137017952781
0.963592277608293	0.737012836381491
-0.105159166906112	0.0292185674982776
-0.731905187240061	0.732583367161598
-0.939235516993964	0.73459676282174
-0.571425270298364	0.312336137740824
0.769785136813603	0.71341704442789
-0.265680101467543	0.194226915105528
-0.889886768103212	0.758135516388884
0.40274477303891	0.445142531530161
0.469559313306178	0.55482537029939
-0.308296496466139	0.321978847555164
-0.45093954716879	0.649520421249657
-0.415059565908944	0.574644745284199
0.283016128831012	0.390659204371556
-0.187330143526119	0.239092009552518
-0.0438952195455908	0.0491267299690655
-0.340294123859333	0.393855222521705
1.08185205283456	1.08339243352047
-0.732051484142669	0.441276325037825
-0.217956961795611	0.161390127506972
0.399714800274633	0.325466427407848
-0.0790599160932567	0.0354904532922947
0.681013377831042	0.550250990209298
0.606746759712527	0.367950501034703
-1.23439959674861	1.17069584688429
-0.260314528745779	0.131393590854783
-0.422341841578886	0.236653826502526
-0.325526156764688	0.320163004658386
-1.35648131164605	2.19736155311892
0.602642900113699	0.783871424016066
-0.449089797555773	0.40667171228902
-0.284839857471493	0.186127346710592
-0.100517289863626	0.0534489339909363
-4.44973933299975	1.84343682746367
-0.579132907592339	0.26744572765706
1.80565862715427	0.656093897862626
-0.18438336931455	0.0790808605857554
-0.406536039818103	0.0912270232471427
0.0617712952826897	0.0239168790122259
-1.3294270748627	0.733061521380134
-0.0792922705739997	0.03558442696734
0.250763944228594	0.155289556810608
-0.577063067083383	0.43440075790853
-0.658966717732284	0.622359946087841
-0.585258789854095	0.736019073296458
0.116475015422518	0.0682251413948048
-0.00633857803269929	0.00353880115898878
0.399445402301504	0.245109628862533
0.387431007706947	0.203668807909657
0.632177810904669	0.352614000083049
0.365796592364056	0.150347828566248
1.04390489512587	0.753534877399522
0.449356737420673	0.0873001538306624
-0.848756633713589	0.353692019334519
1.34300268361462	1.0150029618971
1.31575925965238	0.589174142486685
1.59563961177111	0.855317024832039
0.440513946717843	0.120393291309023
0.956226036647493	0.344930752421141
-0.00482134538163185	0.00223622028267589
0.399482601711874	0.309510248663981
0.577116472908594	0.601815484151135
-0.7322707246791	0.441490978820015
0.276609133537466	0.193488659541977
0.0479364447408366	0.0241891330477726
1.18697731340317	1.28213799022895
0.123566366575258	0.0918206157842435
0.402989430804172	0.139588222045671
0.402089212506356	0.13919342312955
-3.48199261945285	0.919202577093156
-0.406653408801407	0.0912540543799087
-0.390193671059912	0.276333195663257
-1.12680276458926	0.723836733698945
-0.260393358324243	0.131430586479957
1.51256029730163	1.2627409392019
-2.19293558337519	1.21094334214883
1.05647581657117	0.549811713656465
1.21242292633537	0.971216031525722
0.40427466411489	0.14004859743002
-0.00761497811460606	0.00250433676554653
-0.951768045880078	0.27264192625531
1.31575925965238	0.589174142486685
-4.44943194328068	1.84281496770354
0.929229261161179	0.54538288874509
-0.825135049387965	0.599550836734038
-0.518941348333222	0.498871092952397
-0.267707235381525	0.248928632520366
-0.525103121666103	0.53776603344622
0.0379621310508781	0.0354164091422404
-0.21267020427943	0.172544540860179
-0.449420320191667	0.407086076013793
-2.5418649740236	1.70688771462829
-0.968033043844823	0.567023112730889
-0.184393374089649	0.0790787932600563
0.387499029588765	0.203633945237083
0.399421775048638	0.355505081548686
0.972507183171769	1.05490729215136
-0.0759244901058836	0.0472976538205904
-0.00486435955028876	0.00225474722485634
-0.638758172773276	0.763918439133669
0.0834625570280058	0.0558966024436078
-0.289121124141716	0.285456181832126
0.221504206323728	0.180549472074024
-0.265593879861676	0.194154362331262
-0.0861582612681586	0.082280738752013
-0.0313286238910509	0.0319420852085007
0.404017635153656	0.514430277542472
0.451249842035675	0.668734729230671
0.595278732042063	0.981212202163019
-0.103774873428663	0.116217397596685
0.206059830305286	0.235154452628224
-0.152354759696784	0.152834503905004
0.212890051788179	0.249779931495593
0.206489721749777	0.235695785961032
-0.0346610557936765	0.0247350632502559
0.123544444385558	0.0917999591205901
0.20398704165316	0.194488708909291
0.399019063877058	0.261052466805314
-1.23424261735315	1.17039160209649
0.861053284068566	1.03531680293384
0.898324134144525	0.723150480152216
0.399587112669457	0.309611469101884
0.644272270113303	0.745450588028933
-0.175408978611698	0.154562007807894
0.100223308935728	0.0815607417230417
0.251492345305384	0.231989104241331
-0.5849155093417	0.735995056168476
0.0635115863446252	0.0472556483106754
0.294341337068945	0.228782396652253
-0.487765519305277	0.372868506449094
0.398820720900162	0.277025474674033
-0.167852880383599	0.0870058064419345
-1.13160407322127	0.867781212342318
-0.731958339276255	0.441230120289073
0.396219281155119	0.226374014114269
-0.732051484142669	0.441276325037825
-1.3205573515626	1.32508128150296
1.03208869656893	0.91095244316846
0.267148059934575	0.264961320155728
0.100358549470785	0.0816905721596299
-0.321947997560895	0.231792130970553
-0.0946461025916477	0.065946218902393
-0.643622587618629	0.731000600822443
0.104890197196252	0.0741214964982393
0.512824885374524	0.436647875751912
-0.00469172861944419	0.00217379346282996
-0.0081408866142675	0.00267744478079309
0.0615829893731542	0.0238409326210027
1.15451914124302	1.10878704990263
0.631924054382468	0.352475981362613
1.4971811259523	1.4300181057644
0.75090690912795	0.546464500138251
1.03216825724796	0.911174017936091
-0.327441044350617	0.12966822779127
1.05647678982563	0.549758738961787
0.584713362680071	0.379926319520258
-0.282159509872616	0.244126387230639
0.854753899032287	1.19161392370034
0.551389797254325	0.635696158551959
0.273854898796691	0.280953093135722
0.611743776654917	0.774528862854807
-0.583642259520937	0.556521520830535
-0.581489923647832	0.516289087537008
0.40241390618899	0.431113364741305
-1.13141297917719	0.867243874914386
1.3082516470813	0.797772341886517
0.671465868796485	0.334774054050095
-0.951768045880078	0.27264192625531
-1.68657752983501	0.703681756485321
-1.12715469735633	0.724097661397232
0.764280160087122	0.331303341451248
0.764693051385642	0.33154041613148
-0.868280070505847	0.96771546914886
-1.01122121898675	1.0470081680928
1.4972105480572	1.43010243633369
-0.67476713709981	0.545597783452129
-0.701931635787829	0.4711048335323
0.546803549672268	0.399551531032605
-0.184617640808077	0.0791844639739394
-0.167838051570862	0.0869540527704402
-1.1145954954322	0.541089063658969
-0.391368449200474	0.19130152788782
-1.67000305639844	1.12104617706866
0.128984735113373	0.0572744173820523
1.34298968142901	1.01511461811393
-0.701916480868463	0.470840918920392
-0.00654276926370439	0.00365105635225601
-0.202590534906923	0.189939124215423
-0.202746079636277	0.190168505046359
0.497303000936201	0.461850728353355
0.485464854009618	0.486640965375433
-0.265352152266523	0.193924496597866
0.178582044959992	0.0880558495915799
-0.167844965554481	0.0869955704368866
0.945610631039482	1.35780271622373
-0.352081748182746	0.276711216668374
-0.449262698600981	0.406918205235097
1.89219758589384	1.63152833214057
-0.732114848484512	0.441422043241892
-0.746733131676973	0.69710344076095
-0.107333850039996	0.0821536891304139
-0.107467201378844	0.0822463602025984
-0.395713988074969	0.361346996916854
-0.105281098217464	0.10015948959198
-0.0389732355836222	0.0352370750574166
-0.295010880760662	0.325563765425002
0.115634418500531	0.133424216760741
-0.152607130513474	0.153119032528983
0.594513274652731	0.793829131179823
-0.10523196443832	0.100102349059221
0.830506755076383	1.49152249856586
0.0121495857256715	0.00985057576895035
-0.30072195779555	0.366699379436188
0.100402960718665	0.0817303274157741
-0.253038286532311	0.309190336019521
0.0137813666535432	0.0102614612000186
-0.0436591934605948	0.0367887622290924
-0.0784399084616426	0.0605682644524867
0.398806889390494	0.260867793545225
0.143505934405931	0.131397349873214
-0.0758008970647359	0.0472191690492665
-1.2259369520513	1.32033982974582
-0.171756506436492	0.102917399898034
-1.15414110094083	1.32578579128168
-0.00720944083595175	0.00568304486925151
-0.326065740042839	0.279756087812935
0.328937660055856	0.327733482132564
-0.267485735587535	0.248553342263036
0.100445439503632	0.0817599112857032
-0.461970570480696	0.447447446289047
1.15455847432042	1.10877688420549
-0.500117645690407	0.41594675017541
-0.57704947882514	0.434290285975212
-0.167814701890377	0.0869867978736486
-1.47891132135376	1.64754431414411
-0.581534663169211	0.516361215772892
-1.21626714796989	1.61787329751127
0.80917286623849	1.03394148870086
0.735693243435839	0.881810726830726
-0.295149844930453	0.325757033149452
-0.643743791650832	0.730983179867197
-0.0523283902276604	0.0407139262759334
0.906428452737021	1.19590213625924
-0.0394473692888657	0.0250130024068497
1.08204025772391	1.08405931812681
-0.413692979100132	0.320655333384197
-1.03343954573444	1.19936448777331
0.681004567437001	0.550334672525007
0.211994594277884	0.113897485870755
0.116079809133871	0.0679706059801629
-0.00820619958532179	0.00528963663095982
-0.167814701890377	0.0869867978736486
0.968847101935018	0.894781886645523
0.956396713452994	0.344907057276545
1.06402197063375	1.23864395137302
0.681171948846945	0.550519576410294
-0.284993363742646	0.186275029087059
-1.12680276458926	0.723836733698945
0.398858126103384	0.277086879421163
0.209645813008664	0.163192702163378
0.0635226648707954	0.0472632648058733
-0.253279772720086	0.203593425277565
0.490618182894891	0.47370736237776
-1.61524563819554	2.57302618367018
-2.09942619335438	2.33139713705459
0.399401575950892	0.355504650371975
0.399493311157774	0.340648530554729
-1.06741049607932	1.02918447124468
0.116307687959683	0.0681343944936411
-0.449641252180695	0.282629245641421
-1.51139392024975	0.927615958914171
-0.732036673044235	0.441341043477748
0.546869310078337	0.399571689674323
1.04429371167394	0.753727567512307
-1.00952368242225	0.719592912783372
-1.5110558718895	0.927170816332459
-0.951768045880078	0.27264192625531
-1.35610128709322	0.474818712797072
-1.35065267930977	1.18131521817578
-0.658746694522627	0.622188073930247
0.155544533364789	0.126723980590743
-0.265544969074455	0.194079507040414
-0.235329933523451	0.137981629173474
-0.0757570437027667	0.0471897109394555
1.11256634242361	0.937710941311817
-0.351888792682056	0.276612510429749
0.632055174789326	0.352583555456159
-0.67492605114634	0.545783675338654
0.396154024889711	0.226290818605055
0.128504583636049	0.0570536698492632
0.399652120253719	0.245289401469063
0.898511215036685	0.72345451589888
-0.889813078580762	0.758273976852272
-0.00837846316080255	0.00539937770157817
0.264778926388733	0.174621340640128
-1.24502179654099	1.02203226696656
-0.358904068916121	0.230190038652968
-0.411476774715936	0.400885410733368
-0.876294568841331	1.13854006989708
-0.107391978929911	0.082210309151635
-0.389982968519614	0.276402027316149
-0.519006311016167	0.49898603189335
-0.366125233291768	0.35850595734735
-0.265528231091648	0.194101021679468
-0.0393816506771032	0.0249713880146857
0.047887776877987	0.0241619538247141
-0.235277367771546	0.137916302412677
-0.207382873502609	0.181800627702439
-0.175965673055704	0.131949461334819
-0.471874728196911	0.485795991253367
0.644471690958986	0.745933565289379
-0.267299659670343	0.295630401493574
0.0378760701582914	0.0353328334969411
-0.354609496969868	0.430867072312589
-0.00742675211566714	0.00676900846671084
0.559850447980022	0.841207624433632
-1.64090276247154	3.57453454042406
-0.931783082408798	1.09134486803983
0.106050606578514	0.118936475302632
-0.436301970458403	0.578311585026432
-0.0653733337309316	0.0548165048905175
0.752058693139938	1.04316661399344
-0.0283821665410048	0.0222304216862021
0.123117617623404	0.120078808960439
-0.629184876754266	0.863426460571392
-0.729921037953688	0.998119377469808
-0.105640148961276	0.10053073797012
-0.719653056135599	0.767329384359328
0.242273434119524	0.214920943203559
-0.0082475743883231	0.00531553212050281
-0.395663406989814	0.361290176411202
-1.32625652261905	1.91297096793486
-0.524931376842375	0.537488822556048
0.133695229946376	0.134652030384603
-0.212525802615229	0.172370164300516
0.143547135777244	0.131455881433354
-0.395692368476672	0.361283521952866
0.34327195640767	0.388865041015757
-0.00731632244295362	0.00576616936091459
0.0582544538747471	0.0367935906124995
-0.265680101467543	0.194226915105528
0.398952751279318	0.261019310889639
0.769732112894498	0.713348024140361
0.39924277451529	0.293267579091374
0.497369553260182	0.461892949717221
0.163436065309358	0.108691569460196
0.617568114664931	0.573480074652326
0.399735331760836	0.325480178596874
-0.699156157129462	0.833378565150973
0.221427800615268	0.225769015279901
-0.176624015046957	0.144473080071464
0.481567701101894	0.500646728111275
0.47782707566011	0.514118114524508
0.123703996642159	0.0919178340646103
0.104763347283701	0.0740364034986795
-0.298753355261292	0.2375541341631
-0.131212887277098	0.0901629643677175
-0.933803537214648	0.913670596019875
0.142080020952605	0.0888683874079472
0.23410444750179	0.135473731879832
-0.389876979031048	0.276305805054114
-0.766387156575993	0.663061566941855
0.399523941949888	0.309549797669524
0.398899413000892	0.260942508796847
-0.471866405691572	0.328853477360802
0.234194106334154	0.135535242488063
-1.74054167316395	1.57449439362976
-1.8389483573547	1.75887563114924
0.963562133970832	0.73691343078879
-0.321906941770025	0.231743362616838
-0.267793111748567	0.248959997215845
0.193924079271249	0.178312157793834
-0.529720531231745	0.574711659085862
0.474868569235662	0.52781367166801
0.328778844312134	0.327576430152694
-0.075883242399936	0.047275522636925
0.323871125238515	0.311130896345993
0.213133774766425	0.210303070057008
-1.14908162016824	1.17279193699477
-0.67460829313894	0.54516836090086
0.264755643837087	0.174602748105253
-0.95187692509697	0.272670624519378
-1.4018411223619	1.05067730412742
-0.285090593703859	0.186376827935707
-0.686735568887376	0.508322918373419
-0.766414454254694	0.663108225094003
-0.131147323350631	0.0901154101141619
-0.175985918182125	0.131965687487415
0.294624588337035	0.229092284949089
-0.094519225869103	0.0658539833534451
0.286438632184769	0.211674618036817
0.10492266946547	0.0741526896640413
0.400544634377637	0.400557827594007
0.522414617894451	0.423918668845377
1.03216825724796	0.911174017936091
1.02238575150709	1.06666914591894
-0.212778740609281	0.172641686069342
0.85276529812906	0.546766261298029
0.0291157145799139	0.0172647535261351
-0.100532689740455	0.0534621458761021
0.0585288005378674	0.0369794101178088
0.838340243285842	0.876980504085175
0.196550516671539	0.145785143711548
-0.686958713339299	0.508381254265831
-0.406143088696864	0.0911104868149055
-0.265483188904491	0.194066813915525
-0.719573563206367	0.767056386465778
-0.868407309964976	0.967743905919432
-0.653210794338804	0.659515020496852
-0.176057844901602	0.132010728367863
-0.665418057279529	0.583588716949427
-0.0760751911908723	0.0473951822819531
0.0585507395646079	0.0369912014102946
0.128391367175165	0.0569839724059529
-1.62746656990769	1.68716123511056
-0.253224680769402	0.203534183342816
-0.729918690275841	0.998261077732167
-0.156787802253257	0.175220225962183
-0.00685009323678477	0.00663538431639612
0.143058060551943	0.148565103029573
-0.358498775775449	0.393758696325852
-0.146619696690078	0.129775982881005
-0.581472650460056	0.516020564429497
0.871945182131794	1.34692629420857
0.0346635766788525	0.0269998844321134
0.336809733222339	0.358798892614903
-0.009249574254788	0.00666887211196535
0.0533522953605279	0.0433601519079623
-0.361526776001349	0.5012301106015
0.0380065525904523	0.0354559943133279
0.572324125181489	0.821937122316185
-0.740281822986558	0.967923779835899
-0.754082552083292	1.16291720368753
0.813134270179086	1.19209506196134
0.469407324610885	0.554356596668663
-0.461912443461038	0.447401297062778
0.403658104354566	0.460352685124973
-0.351974952412634	0.276683503833317
-0.00713694613920191	0.00562617120680222
0.632342202257007	0.755147837329674
-0.479674563628961	0.522293924297411
-0.719761430277388	0.767560566360836
-0.176297359797755	0.132197493425425
0.0453939854677578	0.0397206822343797
-0.326268325380026	0.279999349859245
0.833154687758278	1.03302402074298
-0.487528107083404	0.372641556643944
-0.500159334491165	0.4159220710657
-0.0521719642435835	0.0405916413329872
0.860973754168909	1.03525734443883
0.401308437156358	0.415673646813851
-0.326282921574832	0.279983944213401
0.0834831467970995	0.0559063479499675
1.15458507968611	1.10902660350339
-0.690469486759771	0.864453179806545
-0.282093078172493	0.244081257999096
0.0991125392203123	0.0903242090191221
-0.394644040144202	0.432357913336673
0.491066507690182	0.474268099677738
-0.931754193688488	1.09126818710388
-0.139757394843166	0.105909274066492
-1.06754356591929	1.02960059011662
-0.449559643029099	0.282553005776485
0.276662130961792	0.193532353478315
-0.119572665333446	0.0730925935206141
0.155505840589109	0.126685038363514
-0.115255650230435	0.0955689696541638
0.838319752008557	0.87697089157298
-0.731706176533003	0.732107972025925
0.39975585811231	0.325479188310196
0.917225225677621	0.884239691025356
-0.665502969254937	0.58368145739329
-0.298920583497479	0.237680886951509
-0.224177831521075	0.149123008506547
-0.17389514636938	0.117661309424927
0.878978462496144	1.19265559242908
0.558838549936383	0.623916631126183
0.464530871585641	0.580143491939801
0.232190237180697	0.197660148864657
0.169422958575472	0.144003433406443
-0.352130448708155	0.276737609650843
-0.395533285532983	0.361130423957381
-0.21259801824306	0.172471634334213
0.323865944663762	0.311061251774218
-0.144375749886043	0.118973684538715
0.398811843473839	0.277059701974975
-0.327335889648938	0.129624283363844
-0.571345083187715	0.31223357533473
-0.314905683790335	0.180488007236133
1.36847899550541	1.3638658606658
-0.674950398155304	0.545668052412575
-0.517513875524486	0.178911161319999
-0.391837132279878	0.191577190293029
-2.94742201638341	0.645982057725913
-0.701862955864654	0.471051609861451
-1.06756914640479	1.02956080335463
-0.931710732461002	1.09114061465758
0.735809240040407	0.882143206626074
-0.21256166538904	0.172413099474905
0.693470329393481	0.72471398612247
-0.449481371905418	0.407113163310949
-0.867945500927667	0.966415763102952
0.497369553260182	0.461892949717221
0.558699823794472	0.623840905646041
-0.0487568225975182	0.0265874476193196
0.0833518674706668	0.0558097145408238
0.163734922765348	0.108878983721849
-1.14884881466261	1.17257606466501
-0.22428532991342	0.149198968742214
0.838381210463072	0.876877729957073
-0.07853991043707	0.0606392660068378
-0.358403573374647	0.229826301873213
0.769134161331204	1.03933502905629
-0.461912443461038	0.447401297062778
-1.35075817831556	1.18224018628913
-0.449462493686468	0.282465667764756
-0.824035939998639	0.816375692949902
-1.32950950216216	0.732690573076271
-0.57910362883179	0.267332371218486
-1.14914459052337	1.172726766653
-0.576905701247131	0.434174829667432
-0.119597131265098	0.0730980839289773
-0.235211272959703	0.137888266645417
-1.44931854075231	1.3467404647264
-0.199692823207684	0.199114716317766
0.0453625798239367	0.0396910887237726
-0.0943634482407753	0.0954933739910323
-0.624327111141828	0.967593981035635
-0.097439907930493	0.0869996552969507
0.336961732404323	0.359078807173167
-0.00906705676093323	0.00653787291057647
0.399297927602641	0.370106789514217
0.267231638949746	0.265097676846063
-0.479704573340437	0.522365276935426
-0.094625972357169	0.0659346382070736
0.267090368921526	0.264924433502066
-0.107588893142203	0.0823706215136181
-0.242418622144649	0.268836219915989
-0.587477091922804	0.911533508395318
0.579095081764502	0.811992108474101
-0.699359121425198	0.833505614672753
-0.627233181121598	0.897655393662617
-0.0651282996182208	0.0546078079620299
-0.0570154666986369	0.0513510575276475
-0.131630163653462	0.13247575159184
0.68823591679408	0.900670469846048
-0.175680477488297	0.185963071195799
-0.586022456582646	0.805703873011348
-0.0978649911822087	0.0874348392969015
-0.207518123929719	0.181921607925356
0.116251737868713	0.0986237641289767
0.0186996940277383	0.01258294431161
-0.449247350940796	0.406826977924939
0.577290246775368	0.602018658296697
0.169546173851529	0.144121034705081
-0.747028489705835	0.697635563753618
-0.139634820780245	0.105841812669374
-0.0343649104307773	0.0245215887540216
1.62041443589659	2.38744872367749
-0.0627782419331492	0.0442876741446585
-0.529650728438621	0.574627103089005
0.47782567953485	0.514123936266195
-0.298900419989747	0.237697708205345
1.19386434220834	1.76825309950282
-0.902074934315588	1.1150480895648
-0.901869572006474	1.11456661895987
0.0852596621181355	0.0749273938767257
-0.804468771665968	1.04898831332018
0.100290929049819	0.0816280404924855
-1.03333275759294	1.19892518996362
0.740580175979295	0.716383544036968
0.481700533242503	0.50060979783587
0.0584629558579508	0.0369341675612139
0.221619769009812	0.180629418132482
-0.897061087004733	0.939233195947751
0.163732271593213	0.108881835348847
-0.242592930733495	0.211335336982449
-0.579444542438661	0.475484229467126
-0.22431100092233	0.149244423954331
-0.395605467282088	0.361244895173222
-0.658702155294832	0.622029190945966
-1.14276782971979	1.02075219205701
0.0835767358738898	0.0559642549404906
0.577000905802533	0.601661421283551
0.833133011118475	1.03311088996779
-0.529449965990995	0.574074226437988
-0.461890996480612	0.447368345255789
-0.175538483155749	0.154699594593905
0.0702238697431845	0.0594127800951293
0.545075725605364	0.64792626945351
0.181157440521945	0.127464634217304
0.602279817140659	0.582897967718392
-1.08449363449674	1.18409769739597
0.635734111800497	0.565150333147693
0.276474328877052	0.193352422934333
-3.48219873584491	0.919655084022901
-0.5684886823218	0.350103935453231
-0.585155535437042	0.667187160809291
-0.18438336931455	0.0790808605857554
-0.376184178106449	0.319890001238324
-2.19217946653329	1.20987458056536
-1.28431547697775	1.61959315126928
-0.585162835395546	0.595412768328562
0.23200792643472	0.197426319508959
0.399508357853468	0.355530835145258
0.276686300569109	0.193508117395282
-0.267662945975918	0.248874012158675
-0.265483188904491	0.194066813915525
0.0185410853283632	0.0124748888188237
-0.665691709552174	0.583914618045903
-0.433422221275793	0.364763951655596
-0.0394638266369213	0.0250273580585416
-0.119518275601168	0.0730591665263058
-0.00655651078964978	0.00365922616789442
0.860887427741006	1.03486534628498
0.617720241602737	0.573715772312548
-0.256597184470981	0.254196330858894
-3.48199261945285	0.919202577093156
-0.322052177381556	0.231878746333326
-0.968279685877624	0.567057194652099
0.0629454319814963	0.0626215888946844
-0.078522515716833	0.0606193422366744
-0.149380966561258	0.141123294546986
0.183746633654753	0.192095865369065
0.183600146456722	0.191909637695911
-0.311812443589697	0.361847888231964
-0.648431959955563	0.696317763664638
-0.667730768361347	0.99376363530657
0.400583339660916	0.400591276807683
-0.869252666772961	1.49056200751461
-0.0438734571668614	0.0369759607060219
-0.144293106914085	0.11887939086347
0.558915907557367	0.624026304237235
-0.00707553823765786	0.00557803849398367
0.273231113656614	0.358670617183921
-0.0362201018903609	0.0349187290823798
-0.471786889172871	0.48562035233879
-0.902311215356809	1.27818554167985
0.621657429421025	0.764878624994038
-0.289132189756399	0.285375252021941
1.00952657793021	1.53020541444196
0.155700119102861	0.126792898960328
-0.433380803591891	0.364749116803
-0.381182956621301	0.395568616073946
0.0187142474436383	0.0125887113995487
-0.631838961685051	0.830424898928668
0.0596724369839103	0.0541014531324675
0.193664539769961	0.178046946101882
0.399391689698311	0.370207278130441
-1.75189091978082	2.33611878507007
0.972400245133465	1.05460350186192
-0.579230685585177	0.475247420735975
0.276607594746272	0.193486442141265
0.307424731644428	0.261912705747555
0.551480574020559	0.635832038825012
-1.22589624035045	1.32032608578155
-0.212771354506694	0.172628028249076
-0.889956812825115	0.758402852078309
-0.282159509872616	0.244126387230639
-0.8976039643065	0.940339593994941
0.3132772866988	0.27840878870001
0.104849993135276	0.0741031666810547
0.403392093263519	0.459771011578431
-0.384557642080625	0.466215826907126
0.644559986072141	0.746243486322818
0.307657271310195	0.2621586356172
-0.479704573340437	0.522365276935426
-0.173791021253973	0.117590988191062
0.0833389147049373	0.0557848597883217
-0.171975261730541	0.103067661326467
0.301517681127355	0.245819645773621
-0.389904182000159	0.276324804610237
-0.686578027159609	0.508127690026033
0.711941293208047	0.546490151457986
-0.171816972074702	0.102965328684015
0.234119701427991	0.135495466226445
-0.173769055054967	0.117569809360543
0.0291173019445393	0.017266599974287
0.234299063326123	0.135610764338717
-0.314913534863782	0.18049000784073
-0.0945333205447328	0.0658544647941624
0.100377829604864	0.0817008982162414
0.0452997587989799	0.0396287960797202
0.053207318499499	0.0432370037809537
0.721976870332661	1.05169880644477
0.28629311459722	0.211522605665442
-0.510707674604449	0.458299016032669
0.340584328073877	0.374438135236773
0.10487009649093	0.0741138581683246
-0.825142928248916	0.599571444913089
0.0857298001699369	0.0467611300263588
1.36836038186052	1.36369259288262
0.671727350711025	0.334885576734114
0.852859024632958	0.546883761518186
-0.897277515888845	0.939927270681426
-0.322329129041418	0.232140380002769
0.606573930730702	0.367747138860669
-0.579170559296308	0.475220785916367
-0.119571298130348	0.0730913852716358
0.779678541744073	0.876127577905722
0.0834419623206405	0.0558844880401982
-0.461789967259706	0.447192324254727
1.3079203140791	1.83340984956378
-1.22058976263205	1.47037525469748
0.399538104929595	0.325297140047321
1.15465095325541	1.10909169821672
-0.579255505788466	0.475298800982053
-0.0490205073645901	0.0267280423638009
0.399108153609376	0.293188629141589
-0.766281321352695	0.662925995029655
-0.282281296500315	0.24422790722215
-0.176404156387363	0.132260975454526
-2.10727742655476	0.3785967871456
-0.351692342607298	0.276392188441944
-0.699111796551543	0.833258632868648
-0.731859038073219	0.73254991886232
-0.665647710595455	0.58393081140269
-1.1583037748178	1.47532442941367
-1.96448596851255	0.956498553769595
-0.493077071797865	0.594407430203836
-0.667632592140043	0.993193899963988
0.228842324487195	0.240749592844777
0.34340900498235	0.389023953864708
0.203773034519432	0.194204720415538
0.0961753065147499	0.0962417357449021
0.549451390889548	0.862452815859633
-0.667779902360771	0.993793614074515
0.267010468467694	0.264822132400278
-1.33884316616046	2.32928496744194
0.717856563940884	0.887197185912437
-0.0761443315301665	0.068290226187267
0.340507077958451	0.374375608343796
-0.144447873219691	0.119038066200256
0.769677589313058	0.713346935133066
-0.584847926797457	0.735937072325278
0.176878621964978	0.206233853623991
-0.495391125617686	0.825912541150509
0.403657257071144	0.473581880629807
-0.461941509756062	0.447436107084494
0.122628128983897	0.11945633252499
0.402893443664776	0.445538255554722
0.594218490341801	0.793350730202254
-0.375965103886377	0.319670064393052
-0.0885212980664969	0.0737475151269458
-0.242592930733495	0.211335336982449
0.298187413777579	0.354901310655876
-0.175453187590405	0.154617354343152
-0.289151829007522	0.285489159298867
-0.175497391498157	0.154667314936894
-0.65342930032136	0.659939226936215
0.551167657616839	0.635025868182229
-0.2426595855118	0.211400796378079
-0.21284349679664	0.172654511803032
-0.433270756414973	0.364627517279049
-0.0760071354676621	0.04732786235858
0.196571155039691	0.145799378267807
0.163567331227734	0.108757004320678
-0.413837630123317	0.321003545361389
-0.709027251075149	0.801254512360191
-0.479586251282296	0.522189228121285
-0.487794425801085	0.372902959991203
0.1433773898922	0.131259614653958
0.053364007302194	0.0433753765697563
0.0960724790725262	0.096109947434604
0.337027249154502	0.359153376043102
-0.242775650619352	0.211545182117039
-0.212619627852442	0.172495534098922
0.399228404544203	0.355333715609178
-0.32207686699996	0.231934859347299
0.656286518481059	0.556786806671946
0.769651818943123	0.713251012434848
-0.573082641337609	0.392110428954273
1.58611764150504	1.82439085236578
-0.265397003950371	0.193973549463885
0.399045218082428	0.26107791038966
0.522040458358552	0.42328771532372
0.681111391978709	0.550473937505231
0.602472786296951	0.582920753369616
-0.76630861954926	0.662972643880192
-0.224362360916797	0.149289333907045
0.141919557864797	0.0887687130470317
-0.510621067373561	0.458248126347247
0.740538917793061	0.716312897226207
-0.325576484017858	0.320175979827961
0.100401002551815	0.0817251618793848
0.0187660049344994	0.0126268624467797
-0.351930081540779	0.276630397745374
-0.500228233640452	0.416045323723521
0.193927982424144	0.178313306573959
0.294587209103664	0.229022015878345
0.0287175489904979	0.0170249021160399
1.01595095718455	1.22313447222819
0.0478981651999103	0.0241685434406286
1.31690798760239	0.590129049397097
-0.422428119128095	0.236719234912365
0.27650311630388	0.193374817555996
-0.82521645061763	0.599532139278292
-0.95764463254269	1.23793885253156
0.86091619758058	1.03504096236108
0.892910768990597	1.03948206300516
-0.217324674914185	0.160994668391273
0.30749743053463	0.261976438841343
0.399214271315013	0.293315937795653
-0.00903381954882627	0.00651398559548027
0.769677589313058	0.713346935133066
0.221453541794974	0.180496855805387
0.163397194928647	0.108655313544341
0.0834663206478252	0.0558987620012023
-0.202642550017203	0.190055410798404
-0.00921632530964711	0.00664529517638019
0.294735209381305	0.22918377192748
-0.253081360855656	0.203407265235028
-0.824077379269948	0.816333830861101
-0.977717508803144	1.37955482116464
-0.119544100623782	0.0730686929218244
-0.326159922484406	0.279907201089532
-1.35059575035503	1.18172808417882
-0.98134518112413	0.890952875697173
-0.265659552066275	0.194200980313433
-0.314806633342869	0.180404619625564
-1.00953121808198	0.719538579271265
-0.327335550717987	0.129625546394617
-0.835258409483066	1.18655417477991
-0.2263624721582	0.224880514521852
-0.120899146169746	0.107532703317542
0.074036868738535	0.0758991034782936
-0.284651825630763	0.330896632541357
0.32297727258615	0.459328831348202
0.326510137118754	0.475529590744314
0.347958621439496	0.417046570058983
0.0422153030570909	0.0299104691900951
0.938132694456184	1.20207990939578
-0.74698538174706	0.697663368297709
-0.816833246748329	1.59751934593071
-0.529671795640097	0.574617889353049
0.221533088559734	0.180579541509493
-1.0841908394185	1.1839217961835
-0.207471680451127	0.181891112921745
0.451252586510803	0.796229416386156
-0.468060607909334	0.779838148370914
0.0451799284793775	0.0395295308471223
0.449972906149474	0.697739957104365
0.165633892394111	0.162514243057758
0.11620453641557	0.0985703624412027
0.40223404303394	0.430818061357312
0.130535046580079	0.115154184597599
0.6240969084581	0.944530934459348
-0.207583707200435	0.181970711610908
0.259774849302597	0.248760927301079
-0.525113844330855	0.537771216372175
0.644598709882807	0.746261234072379
0.39929038542852	0.37003719450644
0.617745053337773	0.573829512967194
-0.424273650135589	0.438549890866321
-0.634913608440256	0.797222764842826
0.333265773064353	0.343715256157468
0.404107776213359	0.501231489639087
0.100449389523839	0.0817644026470462
-0.171793801836589	0.102951867486592
-0.82247906867865	1.02167419911996
-0.00918843955859068	0.00662507032319365
-0.0976791248246338	0.0872685550705274
0.403183382174554	0.445972935149469
0.399538104929595	0.325297140047321
0.0345022350046021	0.0268755213813436
0.809156348630994	1.0339019075435
-0.434847378396486	0.475032886446157
-0.34043285654574	0.394123039868451
-0.635051673270373	0.797308974388257
0.301564125786756	0.245862910787984
-0.585097487760511	0.59532914956603
0.929922774575149	1.04610518450702
0.196595378439059	0.145823539637778
-0.0782905181298599	0.0604439777307736
-0.326398499271746	0.280070631927863
0.874798937057536	0.879642881682537
0.232146067251646	0.19759240090715
0.0858484266526765	0.04681806473566
-0.0946461025916477	0.065946218902393
-1.04432199529017	0.87455898053866
-0.0628221950080649	0.0443306739163117
-0.172058927367155	0.10311081239665
0.497109606497017	0.461600806705287
-0.322348470771355	0.23213817577111
0.105003155264898	0.0742130464749505
0.854821501938883	1.19166894914132
-0.256386224592407	0.254047465340201
-0.585356629346338	0.631964021106365
-0.00909479312271896	0.00655679142787424
-0.766573262377946	0.663104637362673
0.196791762552259	0.14596683233119
-1.05067712763806	1.34965680556092
0.0830650781550408	0.0647205741712665
-0.690504646333271	0.86457604362879
0.39898285047161	0.354933037578572
0.635627197707316	0.565069375339754
-0.391603095504156	0.191462066890932
-0.0487300164360545	0.0265724014795389
-0.0626256680063536	0.0441727442420831
0.141998448683475	0.0888256576774279
-1.44933218755731	1.34620350948045
-0.732207785471608	0.441468073086455
-0.326217680226833	0.279951354358186
-1.03350562865797	1.19962555668558
-0.0436417119004857	0.0367728155374933
0.123385420895066	0.0916683702506069
-0.144496881479892	0.119044316609771
1.09679309410691	1.40762793019463
-0.934118015430441	0.914046639201442
-1.08445219983833	1.18435363304479
0.313385838919855	0.278533200072954
-0.0944870447273492	0.0658060499454918
-0.529695090961566	0.574677266779248
0.892750993039911	1.03908079661019
0.399583361571094	0.325359390748264
-0.643560885605142	0.731042205742158
0.399621198762399	0.385077438245181
-0.766932353592444	0.909969798012273
-1.06749242287696	1.02918275724483
-0.115162021042232	0.0955015869388595
-0.939050965893036	0.734553872901206
0.838319752008557	0.87697089157298
-0.571731700161253	0.312583492623591
-1.94225216532037	1.50553265197483
-0.175939889037554	0.131914260685591
0.0290900259567636	0.0172511793350693
-0.389876979031048	0.276305805054114
-0.260343515581359	0.131418537401997
-1.68694899077746	0.703952762450668
-0.73228569888236	0.441519104636812
-0.579047233084989	0.267435837190726
-0.848352883478491	0.353483822010577
-0.391716070497778	0.191515317219743
-1.66976902181323	1.12042184848679
-0.788584669491101	0.414442391647873
-0.260422454505934	0.131473076198748
-0.422341841578886	0.236653826502526
-0.579090117832204	0.267455039000505
-0.422428119128095	0.236719234912365
-0.517262058968037	0.178864495866734
-0.732036673044235	0.441341043477748
-2.27754611815865	2.09361107205081
-2.81270509857172	2.16557290072428
-1.12703244414615	0.724105062479207
-0.584945822209544	0.595101173667723
-0.00668836681435601	0.00568990138741254
-0.634765051786226	0.796831032986354
0.0295927793428676	0.024948964566209
-0.38469609305093	0.466447446590779
0.528421191132401	0.960369843557998
0.403918265856857	0.553904693890072
-0.543058802297454	0.715872139531779
-0.536682420499988	0.645407794720288
0.688036748981219	0.899596716506173
0.161697933597166	0.198142572789848
-0.0568272689701291	0.0511810879168769
0.594098812719419	0.793054221149685
0.399514768663897	0.370351123786471
0.0295014328353598	0.0248733441795871
-0.258731363715654	0.344447785360323
-0.138833461853906	0.162671115571606
-0.0653078399036735	0.0547662098268346
-0.475618833736628	0.657080735084363
0.642529735184303	0.929396338429231
-0.107517078885987	0.0823153268895267
0.285008467851621	0.311272910614451
0.30163064991746	0.245915766791506
0.0181745133342312	0.0122224233147603
0.399283233150295	0.370106443791667
-0.394713283124097	0.432465156118387
0.27978215636399	0.296369633437061
-0.0283143434416065	0.0221746802653698
0.635799693626539	0.565016953253082
0.0853859311831757	0.0750479204611578
0.39956061627664	0.384886184357538
0.0830877016783756	0.0647363077012185
-0.643527405347685	0.730996143549834
0.169451231011947	0.14400226806001
-0.351888792682056	0.276612510429749
0.15571617077308	0.126870235615836
-1.0338618469981	1.20017015535788
-0.242708934477882	0.211479639858171
0.22158374872425	0.180626235790488
-0.585649983600677	0.632392842030808
-0.449523782791997	0.407127494338527
0.467143027349039	0.567983366976307
-0.00917220121774698	0.0066132667553173
0.0531044594396479	0.0431503225995211
0.528216923788477	0.682559765870118
-0.115187930302016	0.095512148141021
-0.746795901915655	0.697288451086869
0.058487651644296	0.0369500740198118
-0.461840482312153	0.447287279446146
-0.433229306429822	0.364569367373766
-0.658791281288364	0.622276283523047
-0.063025014040128	0.0444685998989825
0.0424250288085928	0.0300635275203983
-0.658681390667943	0.622081457327723
-0.322370359561	0.232160877333793
0.399134034293624	0.293226555893517
1.08189624048137	1.08398163423465
1.48112906931152	1.58978498370673
-0.0395089598661675	0.025056610537209
-0.573201430999483	0.392228605869892
0.264792674096784	0.174596554442006
-0.242742297278511	0.211515194927251
0.558815938991408	0.624038806687984
0.273741860771385	0.28071836969462
0.399435224780106	0.370297890158928
0.347934139954555	0.417007703424345
0.210003694385071	0.163521719676352
0.658667998790788	0.738101903758566
0.402304805170748	0.430979189813339
0.485522773788864	0.486877848944031
0.806739212653688	0.875184688166223
0.30776471982826	0.262240146094507
-0.0942735747942176	0.0656526525977948
-0.848034357080434	0.353432748047731
0.398667618958224	0.276904598251902
0.48146259854644	0.500545321274835
-0.471964074016085	0.328988442076057
-0.48789874126372	0.3729158884432
-0.653190391425191	0.659451270898266
-0.348138699404693	0.320102371540623
-0.648243786961688	0.695890645353266
-0.433336122325977	0.364703762729005
-1.21184762366607	1.7605853079145
-0.648323343491058	0.696127132054422
-0.433377570416675	0.364671188064075
0.929770832625724	1.04607476578153
0.400372676134019	0.400288737152197
-0.487500816684725	0.372594781225635
0.313501790234058	0.27854922884074
-0.351737144610455	0.276443296639625
1.18687113800311	1.28186897875034
-0.471902976569938	0.485810815260873
0.917465989348843	0.884742054533541
0.0185208774497838	0.0124621077203627
-0.3518681556598	0.276580045277437
-0.433294693252422	0.364645626311843
0.140248448878093	0.109242433071045
-0.265417598331787	0.193999504196372
-0.00831647071794103	0.00536026035772822
-0.95769360593022	1.23795429631017
-0.0946522302866836	0.0659502880843956
-1.35579670478113	0.474613983393002
-0.358653698911515	0.230066631527229
-0.126478873186131	0.119929490489172
-0.889886768103212	0.758135516388884
-0.701862955864654	0.471051609861451
0.365902024574029	0.150387445991254
-0.422449318801549	0.236728116220036
0.39957560183844	0.245169058147594
0.65842921936849	0.737761533975191
-0.518876157687405	0.49891785553984
-0.305741734725464	0.282798784411827
0.399603665219994	0.340727436631877
-0.472084972467567	0.329086525090447
-1.66989852421153	1.12091319161198
-2.3804937863766	1.46139845086505
-0.788232305482405	0.414275835906919
0.398793855759975	0.26086314753592
-0.9676881851453	0.566449087740737
1.05637106962915	0.549947620800554
0.956055118653698	0.344844233810228
0.928993059852903	0.545364679729449
-0.579004253227954	0.267391767117248
-0.104360815899979	0.0290077066781166
0.0616553482559604	0.0238703716137645
-0.788232305482405	0.414275835906919
-1.63529122922898	1.39567717437349
0.40427466411489	0.14004859743002
-0.968033043844823	0.567023112730889
-1.6700152989722	1.12100199645362
-0.952135059882499	0.272770263417896
-0.391837132279878	0.191577190293029
-0.265483188904491	0.194066813915525
0.30880295907692	0.397685183324326
0.104983037818287	0.0742023474051644
-0.282302769043942	0.244272051426965
0.183803617513652	0.19216089643684
-0.120574564581963	0.153009321907597
0.0767425714489669	0.110635955529554
0.0969607078436483	0.120630128580068
-0.30387698761733	0.483741438882432
-0.17025862645839	0.257816452371752
-0.689306715311817	1.42856149928837
-0.336336918581107	0.571214053975284
-0.268950443864076	0.399818423888041
-0.709005847759148	0.801122849481615
-0.173832089409108	0.117617618957449
-0.0570314197068068	0.0513738065853374
1.01138782424074	1.37591692600594
-0.487741478563822	0.37286372866831
-1.35116560867072	1.18231797168079
-0.0394187444678999	0.0249961651205256
-0.326138163374194	0.279879812063682
-0.938879747158581	0.734185107924619
0.0831317114780431	0.0647681503298436
-0.31173897881743	0.361768491707138
0.169328097987999	0.192026596489501
-0.0439332194061844	0.0370245652458749
0.403871069892885	0.514157612436171
-0.0437646378490784	0.0368818876829174
0.211797232378301	0.113783323335555
-1.51104783979523	0.927425652792618
-0.167776509342108	0.0869605415634023
0.631932759206064	0.352507886935394
-0.0091951964681284	0.00302330471275721
0.250935307414168	0.155357470580199
-0.877105806247263	0.577078965683136
-0.0488223758110372	0.0266260448981406
0.399698378494952	0.245331839655781
-0.253233963274829	0.203545989804676
0.0633679513081685	0.0471373608322451
-0.0285353397853532	0.0223525652828581
0.472131354450661	0.541214442915443
0.898526453765479	0.723531388531303
0.181551804261509	0.127792825572201
0.804233817500631	0.712341808453807
-1.4018007776737	1.0507394544735
0.929116274088441	0.545396838220442
-0.578975115762517	0.267390226446819
-1.35563614408753	0.474557097061527
0.852952818714724	0.546952016374648
-0.327335889648938	0.129624283363844
1.80580755289182	0.656394825107787
-1.11459535646121	0.54087500274063
0.44013533532887	0.120310143303148
-0.517899147573227	0.179109173088448
-0.848034357080434	0.353432748047731
0.365797211168257	0.150339977566715
-0.212937868883698	0.172737453612614
0.163436065309358	0.108691569460196
0.685080624069888	1.06766381603973
1.38260711328991	2.21265030594905
-0.194961861479323	0.228160328110082
-0.674659755958964	0.545452715371539
0.736242985090553	1.04667494249978
-0.233361608125372	0.217951171489261
0.853021070490942	0.546910029300553
0.44905816517692	0.0872417415102285
-1.35563614408753	0.474557097061527
-0.104360815899979	0.0290077066781166
-0.0091951964681284	0.00302330471275721
2.239322153493	1.78039905857271
-0.57885989796914	0.267210036729404
-0.579422604835936	0.475506520812133
-1.52289654869207	1.22070644061425
0.632028896808119	0.352336843743416
-1.68657752983501	0.703681756485321
-0.571974814230293	0.312696668009941
-1.68512391843097	0.702434549692085
-0.579047233084989	0.267435837190726
-0.16770805249265	0.0869124257822003
-1.51140176261422	0.927988291760551
-0.449551847246755	0.28255524491248
0.25069825731129	0.155248653610278
2.70352272801699	2.75548008976166
-0.314982198182125	0.180510673545541
-0.00643587924542967	0.00359301632558093
0.234306721965948	0.135608476227016
-0.00643587924542967	0.00359301632558093
0.307504250156037	0.262021859532627
-1.51139392024975	0.927615958914171
0.439756163615296	0.1201634870976
0.3996138541701	0.245240556317635
0.372828104257578	0.176187601416706
1.59511601418842	0.855215915166121
0.764486778123062	0.331447869942357
1.59491187457724	0.855036907978974
-0.167792228123067	0.0869736387408147
-0.517262058968037	0.178864495866734
-0.518854393963787	0.498844412087798
0.440364661588217	0.120386763104114
-0.37577180155329	0.319342413264841
-0.428839241559124	0.642239428731882
-0.215456164739169	0.251759139106707
-0.26767836315893	0.248773200264066
-0.282114530662509	0.244104562626992
-0.0522628002032932	0.0406638565957175
0.140277448711222	0.109261146672145
-0.327440212159224	0.129629361099382
0.546658537699458	0.39936889682843
-0.242786227222363	0.211532161496623
-0.212728154709746	0.172597522843799
0.0120803480982195	0.00979555145108419
0.104783446264362	0.0740499896731453
-0.174902069859696	0.174910913804487
0.196791762552259	0.14596683233119
-0.579132907592339	0.26744572765706
-2.94720125929596	0.646055459499367
-0.0784905995673504	0.035215212554511
-1.51163666013488	0.927934310168409
-2.38049913199445	1.46167710571258
1.29019459198889	0.361113808702474
0.440742619385608	0.120469713008539
-0.406260094312188	0.0911374164788629
-1.1143440462202	0.540707013154826
-3.87522571878201	1.20686794936312
-0.00793643439331131	0.00260858291975344
-1.35626224425971	0.474875835650706
0.129098587708665	0.0573264026873503
-1.35533182117744	0.474230709506602
-0.571618661584741	0.312525279780433
-0.103708004302289	0.0288061650208548
-0.518537206682979	0.17931447468502
-0.968040626027814	0.567014988604947
-0.406536039818103	0.0912270232471427
-0.406536039818103	0.0912270232471427
-1.96467671705873	0.956602614744049
-1.96467671705873	0.956602614744049
-0.585572697296621	0.632390890986375
-0.22428532991342	0.149198968742214
-1.01104892519336	1.04670851481839
0.779591927670932	0.875905258510253
-0.0065541628166591	0.00557504207024773
-0.077424825987286	0.0785401803352607
-0.17588299926811	0.18619675581322
0.050887515642351	0.0490478838704648
0.144921669121562	0.168102855268062
0.0450371682342025	0.058781458337413
0.256684658645735	0.404571054283859
-0.682080188434542	1.68208470879683
0.792175872132312	2.21826693631088
-0.4700779492204	0.808690272126089
-0.313355456882797	0.434321672390524
0.691176136065732	1.22550826871439
0.361601141266124	0.517151788070819
-0.115049989954782	0.0953893353566603
0.403038409564133	0.445809838028763
0.755994222195854	0.877681669562019
1.12410757971275	1.57569928849423
-0.48757938338837	0.37267553407775
-0.376097638886974	0.31981980715891
-1.14262392140449	1.02071657436321
0.567156457418707	0.612522500364788
-1.22033032190095	1.46988689311175
0.768891507988897	1.03862963664962
-0.0082475743883231	0.00531553212050281
-0.348310497952697	0.320303638800687
-0.395706607950312	0.361347945098586
-0.47951840357609	0.522024331641387
-0.500117645690407	0.41594675017541
0.522282839158941	0.423701285949133
0.276260750141574	0.193020898448432
0.178142816773624	0.0878120900805318
0.584812089314716	0.379933439174538
0.396132754922445	0.226326677718278
-1.85905440063008	2.22514722786123
-0.389823995955751	0.276239675249137
-0.572884844879185	0.391923130833835
-0.00918843955859068	0.00662507032319365
-0.510635278011549	0.458081142147635
0.485588078313531	0.487005669319959
-0.64841667621059	0.696156511789165
-0.28223685747382	0.244226922956707
-0.348028164152759	0.319946398870339
0.196571155039691	0.145799378267807
0.0856766271852479	0.0467288268596743
-0.572977137866887	0.392068629563688
-1.32934427758984	0.733020573050618
0.211918251717271	0.113865661807845
-0.0787197888754788	0.035331436723466
0.178394582455224	0.0879597751455033
-0.0786392714965295	0.0352944119780959
-1.3294270748627	0.733061521380134
-0.327335889648938	0.129624283363844
0.681148814685048	0.550507144497065
-0.32733529210431	0.129585538245281
1.36833299028881	1.36337478414972
0.929664051724808	1.0459117599615
-0.25283740462023	0.203071522842975
0.702373835092109	0.893519184710547
0.013603654279852	0.0101301539501943
-0.729880110362686	0.998199337842385
-0.176230991192954	0.132155992755904
0.221473475870686	0.225836310581365
-0.525008615438148	0.537619000841358
0.0858752349172589	0.0468327597926758
-0.235554617857959	0.138124741028281
-1.0094856146547	0.719469300354575
0.764073196708025	0.331075185621132
-2.19242126769198	1.21041099953334
-1.24511065089149	1.02221469041217
-0.825418566040116	0.599664233386239
-0.0945534703160744	0.0658593147914801
-0.573056252013549	0.392154337670413
-0.358653698911515	0.230066631527229
-0.487475189289329	0.372536126788705
-1.54136026266431	1.51536754125796
0.250632505219279	0.155190304364966
0.85276529812906	0.546766261298029
-1.2343628492197	1.1706896552133
0.53323209335637	0.411160796994751
-0.524970000529164	0.537568009744887
0.264718600927762	0.174588722278937
0.533245913804934	0.411170667653861
0.0480050835828071	0.0242224684999677
0.711809675508547	0.546366920879928
0.163416673168622	0.108685956637582
0.178207382357974	0.0878222181168699
-0.701862955864654	0.471051609861451
0.128496054262865	0.0570471936487537
-1.70887735822596	1.86293477516811
0.387524745750924	0.203731359245904
-0.701969859027272	0.471086554526434
-0.732348425588394	0.441465173551282
0.0858353222994158	0.0468161299105287
-0.510355386012621	0.457967106030025
-0.747028489705835	0.697635563753618
-0.130950767227687	0.0899543982456215
-0.105476894042263	0.100372779809206
0.340264511919119	0.374054260625323
0.0191383205821237	0.0194377797531774
-0.0761614807198172	0.0683050632868627
0.0135754417574705	0.0101098692341955
-0.340620774978275	0.394368174331032
0.181354727690782	0.127651068600099
-0.422342376725643	0.236676559474934
-0.171952098581378	0.103047850133584
0.221453541794974	0.180496855805387
0.0455052846195467	0.0398147678374592
-0.627550136501374	0.898405772387523
0.229055349920527	0.241074321736262
-0.583815283194454	0.556694729514486
-0.0491652464123126	0.0268075543086698
-0.788343745757691	0.414362328106443
-0.103877372062926	0.0288628201081387
-0.406260094312188	0.0911374164788629
0.061698863167424	0.023890625298551
-0.952244254371164	0.272799090918146
0.396046476092211	0.226243653582569
-0.516625938445608	0.17859542475739
-0.1843733468576	0.0790649086662853
-2.10706742962015	0.378548652882402
-0.516375129736063	0.178441001382876
0.372838340462595	0.176172443452236
0.128722661231086	0.0571444794901516
2.59830808808347	0.565621890602798
-1.96398821246931	0.956159377765416
-0.788473517099805	0.414356124603627
-1.32926110938342	0.73269315682669
-3.87522571878201	1.20686794936312
-1.67013186128768	1.12099348540424
-1.96349123148842	0.955719882005179
-0.517010624683618	0.178709666938849
1.29047191149383	0.361322640689658
-0.848756633713589	0.353692019334519
-3.48219873584491	0.919655084022901
-2.683695069597	1.94097616444278
-0.461920052066224	0.447379679007814
-0.253268433024617	0.203497507514142
-0.433511665279704	0.364839731926706
-0.411299336457867	0.400754661376548
-0.284637630154075	0.330783154097057
0.182179671834162	0.161224013987261
0.0681998627530565	0.0739049917680225
0.199400992549361	0.252236208717687
0.161943570370518	0.267589259417828
-0.27884877551852	0.484585301696246
0.287251501847572	0.464949960182812
0.15005694961483	0.23571849313703
0.129941955537665	0.189277393602256
-0.132857143710526	0.18122122655588
-0.210790664161772	0.257879005308547
-0.671856718195297	0.959957294466644
0.221576063976643	0.225911491742828
0.8149635625133	1.34329398832172
0.602407962394915	0.783207527504259
-1.04446560025431	0.874951843477017
-0.32207686699996	0.231934859347299
0.674979730631872	0.731007263015943
-0.65342930032136	0.659939226936215
-0.8681888780838	0.967483424037025
-0.217672654330868	0.161274609837788
-0.139750337277477	0.105936073017397
-0.45369049708891	0.547880807069522
0.0121594711109407	0.00985962028128855
0.523140951845299	0.693560502749552
0.481551258513531	0.500612209647164
-0.173602085583531	0.117420331375906
-0.00655651078964978	0.00365922616789442
0.234411682403722	0.135618793228944
-0.391837132279878	0.191577190293029
-0.314905683790335	0.180488007236133
-1.00971391185688	0.719096866699673
0.0855438769386049	0.0466324295729692
-0.253233963274829	0.203545989804676
1.11236395675142	0.937365047108194
-0.0758420447116388	0.0472493626621867
-0.00837846316080255	0.00539937770157817
-0.217193896077216	0.160855344725976
-0.708872783591005	0.801029741977259
0.0584629558579508	0.0369341675612139
0.399460747825954	0.309473285617717
-0.868544311356766	0.967878607688032
-1.2704617302546	0.88475871812798
0.128374433929092	0.0569718320144089
-1.24528851254411	1.02241091253556
-3.87503061007077	1.20658143667459
0.396089831394072	0.226278388755559
-0.515990783583792	0.178284628481265
-2.06194765321577	1.69869793520873
0.398952751279318	0.261019310889639
-0.174615478359449	0.1643641630618
-0.17372513645502	0.117507811427657
0.0829770238156423	0.0646541830103316
-0.311746901710467	0.361723925255639
-0.107594412313353	0.0823757338934234
-0.924526300394106	1.41758321370854
0.323742290930349	0.311000048432772
0.142131685932888	0.0889044303481582
0.178265160681156	0.0878415640106971
-0.184627520138321	0.0791861460962011
-0.951510131474032	0.272461351367526
-0.579255505788466	0.475298800982053
0.396024933516971	0.226195455441666
0.606826204302058	0.368017845521227
0.712061048069147	0.546653091630455
-0.391246652475677	0.191209210716848
0.234224666727355	0.135543204546346
-1.52282792740514	1.22121094412113
-0.314897752349974	0.180460386792066
0.0479444191794637	0.0241924711034532
-1.00956173625136	0.719582795507295
1.47047943822065	1.75505831026957
-0.573148582352656	0.392220049465515
0.264574648130701	0.174478236700459
-0.39008898908593	0.276452622310432
0.635734111800497	0.565150333147693
-1.06757087432184	1.02960559429657
0.898144483187345	0.722682452073047
1.21233708646883	0.971304917656255
1.34298968142901	1.01511461811393
-0.260407914201451	0.131463826799335
-0.788464314880281	0.414424326723021
0.178408925233274	0.0879707492156317
0.396024933516971	0.226195455441666
0.387443934982169	0.203677658568846
-0.897277515888845	0.939927270681426
-0.868254872563462	0.96763483364418
-0.58490262857324	0.594994421392738
0.279919211576977	0.296495042416975
0.00660923924655197	0.00613154586532588
0.406033266330459	0.611894681818528
0.349792255798409	0.430496597238566
-0.175144506729982	0.20512610362443
0.273823579394449	0.280920270755805
-0.0945333205447328	0.0658544647941624
0.372705457589149	0.176103244649458
-0.0944930290534367	0.0658343548273408
-0.247830953315486	0.260100707699733
-0.0682687199422996	0.0654036990410261
0.13313911824929	0.13399023224629
-0.402661065679032	0.603171152221411
-0.579004253227954	0.267391767117248
-0.579031630911882	0.267196470307587
-0.0083456807373163	0.00274570284113593
2.59830808808347	0.565621890602798
0.0617136769175722	0.0238943545769967
-0.184128183921183	0.0789081244522791
-1.68718740077762	0.704071354649794
-0.579132907592339	0.26744572765706
-1.11459535646121	0.54087500274063
-1.68657752983501	0.703681756485321
0.764603041122565	0.331368587604412
2.4522800111156	1.30195468533053
-0.0078192213786039	0.00257237113093503
-0.952244254371164	0.272799090918146
0.671610898104777	0.334894991105506
0.365586141782211	0.150181109261029
-1.5110558718895	0.927170816332459
0.403377677871532	0.139736809774786
2.41094543858835	2.11023673789115
-0.260451488548062	0.131406619854658
-1.35626224425971	0.474875835650706
-0.327440212159224	0.129629361099382
0.178488280870952	0.0880114930246788
-0.224071971421461	0.148980087612328
-0.510574782260195	0.458219887010343
-0.176037620682556	0.131976261856863
-0.139750337277477	0.105936073017397
0.162005171631291	0.198614960938683
-0.0252195674870189	0.027001155200506
0.193811114191145	0.310727702479129
0.295532105874122	0.49866667108925
-0.255209347939563	0.429081351355354
-0.0305404372803069	0.0410638269581987
-0.259113691347494	0.345023077893795
0.115545451287273	0.133274810624012
0.485443182750577	0.486679720804235
0.1420256374432	0.0888443640776842
-0.076284237540435	0.0475062860760783
0.53323209335637	0.411160796994751
0.968777710393173	0.894831303474498
-0.391481666646295	0.191384943509599
0.711928262731637	0.546541091843573
-1.04459587610723	0.874882532020824
0.796542286709821	0.546503907985386
-0.852563147890518	0.785844565177501
0.193630253930396	0.178012428858886
0.779652411017309	0.876046324491345
-0.658942737126193	0.622376934191527
-0.139743235874131	0.105939373673095
-0.351561489246123	0.276189148582017
-0.00471351223080486	0.00218494087160831
0.211972345235843	0.113872699829732
-1.1144886963805	0.541000350984738
-1.40196852319843	1.05043478762835
0.365690195287924	0.15027180821769
-0.184627520138321	0.0791861460962011
-0.00467057234517247	0.00216620810420213
-0.391481666646295	0.191384943509599
0.365902024574029	0.150387445991254
0.365797211168257	0.150339977566715
0.399582999729393	0.340690923532659
-0.740648080038776	0.968446753307746
-0.58168981073217	0.516389798199878
-0.0487702312480759	0.0265925698568664
0.5469093255531	0.399618657335497
0.0185670250698239	0.0124939251739128
-1.68633971949454	0.703563702264362
-1.94211993564956	1.50480976784463
-0.951401566537421	0.272432782475208
0.440364661588217	0.120386763104114
-0.00866762541139504	0.00285038216826518
-3.87522571878201	1.20686794936312
0.0617712952826897	0.0239168790122259
-0.224336677934566	0.149274089294747
0.533269183355893	0.41120691108276
0.29395846686079	0.340139277817496
0.75090690912795	0.546464500138251
-0.0628698544044172	0.0443650532359503
-2.27770800860111	2.09357014030954
1.21197677518373	1.45632330100297
0.551436144612331	0.635766738649212
1.5280498006965	1.06661312252924
1.31729408016793	0.590203599966043
-1.32938572253344	0.733074998982863
2.45289796815027	1.30259958813912
-1.68718740077762	0.704071354649794
-0.314936050194936	0.180496880170545
1.59584285993789	0.855378185163195
-0.422384984558512	0.236709053249403
-4.18692465030888	1.51167343819974
-1.96398821246931	0.956159377765416
0.632405782769901	0.352759200610373
-0.167875201304295	0.0869988913766136
0.403632537227691	0.139839884189156
0.0618587111049973	0.0239501477339738
0.852778255844793	0.546757450411459
-0.235554617857959	0.138124741028281
0.399647793634485	0.245264441983756
-0.235462187373492	0.138072780517714
-0.968152752066219	0.567121503023109
0.387362897339459	0.203602422991271
0.398939685964909	0.260998562871579
0.211948576329243	0.113865296765307
0.387249349429255	0.203527671777068
-1.66989852421153	1.12091319161198
0.398806889390494	0.260867793545225
-0.0081408866142675	0.00267744478079309
-0.848034357080434	0.353432748047731
0.0617861815936593	0.0239238580331253
-0.967792976635222	0.566690506749215
-0.194776744199172	0.227951683170415
-0.231955175881871	0.283816092439236
0.595419354447476	0.981635361697084
0.513870138010044	0.7153624959052
-0.200264013091964	0.265896315581606
-0.42275230821244	0.609561573485484
-0.326282921574832	0.279983944213401
-0.260393358324243	0.131430586479957
-0.848554588996423	0.353709685597233
-0.256427444365075	0.254083717454596
0.0202160931593128	0.0193767621846682
-2.19279921330255	1.21087324593908
-0.104360815899979	0.0290077066781166
0.95671106671777	0.345047173325076
-0.00793643439331131	0.00260858291975344
1.80591828976772	0.656470060574126
0.448931724883838	0.0872096407569261
-0.952135059882499	0.272770263417896
4.63421362416764	2.20007628726152
-0.848235856286303	0.353414829103439
2.17433880348467	0.972352135469458
-2.94698077954152	0.645760131429668
-0.406536039818103	0.0912270232471427
2.59836788378482	0.565681354882139
-2.94720125929596	0.646055459499367
0.764164037484612	0.331138547182105
-0.0788394138547632	0.0353861542623881
-2.38049913199445	1.46167710571258
3.44549632854058	0.961689054878872
0.44905816517692	0.0872417415102285
-0.952135059882499	0.272770263417896
0.764280160087122	0.331303341451248
2.59836788378482	0.565681354882139
-0.406536039818103	0.0912270232471427
-0.406260094312188	0.0911374164788629
-0.0788269788881849	0.0353859300459337
-0.579378743921397	0.475440639742885
0.0829050009289711	0.0645975373907651
-0.087974566406758	0.0985345469518931
-0.136363189371349	0.173364644174399
0.736826463373524	2.09824300561061
-0.737504286082552	1.22580979661601
-0.45246730508137	0.849542276837326
-0.108927960040679	0.174251892397677
-0.00717236037880799	0.00694843817508085
0.34327195640767	0.388865041015757
-0.487500816684725	0.372594781225635
-1.40182099425293	1.05074397500167
0.196767667011899	0.145959372103871
-1.00951606416	0.719470647168065
-1.00950067227012	0.71944848988664
-0.573082641337609	0.392110428954273
-0.00637557637037879	0.00355970996600095
-0.701923815248982	0.471043419126657
-0.100719535592776	0.0535595262511556
-0.119545471464112	0.0730778713492053
0.0833557667171139	0.0558227225451886
0.748272646211452	1.19936135125826
-0.226559296916501	0.22517095479242
-1.06786102188071	1.02942553692985
0.398555312322465	0.276659101355515
-0.327230659220978	0.129567376802136
0.796455763646197	0.546406595576815
0.44025009120492	0.120379994939149
-0.327335550717987	0.129625546394617
-0.517513875524486	0.178911161319999
-2.94720125929596	0.646055459499367
-3.48219873584491	0.919655084022901
-0.104674754370764	0.0290881727694566
0.402989430804172	0.139588222045671
-0.701908866845412	0.471042169258016
0.399365868534904	0.340465202532429
0.874670173944602	0.879514467652847
0.0185929124001953	0.0125107041320055
-0.314982198182125	0.180510673545541
0.387686875825049	0.203780516144307
-1.4018007776737	1.0507394544735
0.956055118653698	0.344844233810228
0.0617424742393982	0.0239084459082885
-0.104360815899979	0.0290077066781166
-0.517010624683618	0.178709666938849
-0.406536039818103	0.0912270232471427
-2.10706742962015	0.378548652882402
-3.48199261945285	0.919202577093156
-0.952244254371164	0.272799090918146
-0.104844951344196	0.0291451841025915
-3.48219873584491	0.919655084022901
-0.568549525224171	0.350166151783107
0.838167685316824	0.876715975962942
0.0136466259601306	0.0101621857370539
-0.173982954598215	0.117708458388327
-0.326058650470731	0.279785956245357
0.0859146137953314	0.0468559151956241
0.141865183765722	0.0887267375760719
0.399382295130321	0.340494946368489
0.764280160087122	0.331303341451248
-0.95187692509697	0.272670624519378
1.59491187457724	0.855036907978974
-0.95187692509697	0.272670624519378
-1.35533182117744	0.474230709506602
-0.0393119754570009	0.0249293922867717
-0.967905450376505	0.566570214515686
1.31665444033133	0.59000828848376
-0.516877128372687	0.178641872315134
-1.96398821246931	0.956159377765416
0.956055118653698	0.344844233810228
-1.35610128709322	0.474818712797072
0.440742619385608	0.120469713008539
1.72120223901392	1.34652245550211
-0.0789404054704349	0.0354352126325418
-0.968160264279937	0.567066206054291
-0.391603095504156	0.191462066890932
0.606920023753657	0.368081471821074
0.0616700182489409	0.0238789606093496
-1.29896413901371	1.47155054979702
-0.73228569888236	0.441519104636812
-1.81260237650522	1.31341923466061
0.584751571128831	0.379962887188801
0.765015511027073	0.33174094912973
-1.11394961846196	0.540358650867839
1.04417132370979	0.75412450860252
1.30832400447743	0.79777889706228
-2.10727742655476	0.3785967871456
-0.104674754370764	0.0290881727694566
-1.96448596851255	0.956498553769595
-0.674818648861795	0.545711507796161
-0.413982629671486	0.321139429957632
0.611423083456433	1.16640577441461
-0.7304087527014	1.47256451497479
-0.00739624162092366	0.00674122284249444
-0.336642362361503	0.466665558369476
-0.21122352427201	0.258446210675164
-4.86904176537515	2.53066880531608
-0.622842543567048	1.00186093043502
-1.68694899077746	0.703952762450668
-1.35626224425971	0.474875835650706
-0.105015388977172	0.0291873412061693
-0.260329029925159	0.131417764875266
-0.104530837627992	0.0290497664010843
-0.952135059882499	0.272770263417896
0.366006846139723	0.150375338743401
-0.951768045880078	0.27264192625531
0.440513946717843	0.120393291309023
-1.35610128709322	0.474818712797072
-0.517262058968037	0.178864495866734
0.956396713452994	0.344907057276545
-0.406143088696864	0.0911104868149055
2.1749742693493	0.972967149948564
-0.104844951344196	0.0291451841025915
4.34088530635541	1.77157510731751
1.28995666139643	0.361009605400419
-2.10727742655476	0.3785967871456
-1.83929894680069	1.75899798166529
-1.35703354439901	0.475086476038986
-0.407047340101398	0.0913266870047607
1.31690798760239	0.590129049397097
1.29059040546749	0.361273728188317
0.956055118653698	0.344844233810228
-0.00887297177040951	0.00291884997088316
2.59836788378482	0.565681354882139
-0.104360815899979	0.0290077066781166
-2.94720125929596	0.646055459499367
-2.10706742962015	0.378548652882402
-0.104360815899979	0.0290077066781166
-0.581576029669709	0.516395757903959
-0.176311879271122	0.1321822113182
-0.343002074150595	0.357130848475624
0.452160028236188	0.815454543613699
-0.189541388983255	0.269746528464295
-0.195598050932181	0.336590336433034
0.19022165900151	0.277156074991
0.153085731923436	0.211773892103789
0.261395420972511	0.480638321125713
-0.194512421271832	0.267707022860231
-0.025256199365192	0.0270420440452555
-0.351888792682056	0.276612510429749
0.0834663206478252	0.0558987620012023
-0.500142036551076	0.415930998019855
-0.500269404133485	0.416078072626404
-0.260594489203997	0.131559221193867
-0.314737975535389	0.180310123749427
0.0186996940277383	0.01258294431161
0.211912015788443	0.113816831142259
0.276687851535201	0.193548878671475
-0.500117645690407	0.41594675017541
0.143430113884671	0.131294737583149
-0.175710942010738	0.186008443922971
-0.176518873723348	0.144356761814639
-0.648142795476811	0.695544487651599
-0.579337614554796	0.475447950640614
0.606653110878273	0.367855821635787
-2.19327744226801	1.21110610442507
0.956369823472279	0.34477098044816
-1.1145954954322	0.541089063658969
-2.10727742655476	0.3785967871456
-0.0078192213786039	0.00257237113093503
-1.12714961438317	0.724193919652426
-0.877169937096785	0.577203324418684
1.21244477210216	0.971348728509458
0.874670173944602	0.879514467652847
0.104962917704732	0.0741887431566488
-0.144342296426494	0.118939532701684
-0.0945796297891467	0.0658970940220562
0.89833172185645	0.723268328705126
-0.577063067083383	0.43440075790853
-0.322285324910253	0.232109055262902
-0.391490026470118	0.191378721986921
-0.31504298439335	0.180518434415824
-0.327335550717987	0.129625546394617
-0.516877128372687	0.178641872315134
-1.32946833469828	0.732965002131583
0.0617861815936593	0.0239238580331253
-1.1146996213552	0.541121784175122
-0.967920770914226	0.56691647468837
0.264597924244184	0.174496820223054
-0.139793880695707	0.105978206746378
-0.52949647071948	0.574176945055441
-0.868122898816091	0.967298432155967
-0.573069444667283	0.392154228921532
-0.224150549673495	0.149100130154146
0.294472717861019	0.228954252983232
-0.876341216328056	1.13863240837444
-1.68694899077746	0.703952762450668
-0.104191034118389	0.0289508643830017
0.440364661588217	0.120386763104114
0.44905816517692	0.0872417415102285
-0.104360815899979	0.0290077066781166
-2.1932789588964	1.21117205627218
-0.877213265073092	0.577236204859608
-1.1144886963805	0.541000350984738
0.37294067854689	0.176245525558977
-0.326973043347337	0.129413106959877
1.05647581657117	0.549811713656465
-0.84751494297264	0.353113627072122
-0.51764708606635	0.178953973086848
0.365902525614416	0.150379543777498
0.396132754922445	0.226326677718278
-0.788584669491101	0.414442391647873
0.564324718997456	0.389655936649954
1.15455847432042	1.10877688420549
-0.472108155766521	0.32911275292109
-0.732192865670734	0.441473163114747
2.13970661731614	2.57736574836961
-1.6274899973117	1.68742213484738
0.0616553482559604	0.0238703716137645
-0.105159166906112	0.0292185674982776
0.372838340462595	0.176172443452236
-0.788213600919535	0.414059767247702
0.956396713452994	0.344907057276545
-0.517262058968037	0.178864495866734
-0.701840167512445	0.470997103993803
0.182497352306763	0.161470108728314
-0.104360815899979	0.0290077066781166
0.402461065863204	0.43117982703317
-0.366601417506631	0.587702137833045
0.411768523571714	0.679258304542495
-0.0531687348173748	0.0568911746894886
-0.159045267667197	0.225221232029895
0.0136615611912004	0.015091101475699
-0.260477144398158	0.303485658009048
-0.300869499506885	0.433012880123635
-0.0078192213786039	0.00257237113093503
-0.358403573374647	0.229826301873213
-0.579162162837228	0.267406238343768
-0.578932087841688	0.267346135716811
-0.517010624683618	0.178709666938849
0.365902946135504	0.150334610547886
-3.48240509937676	0.919800644574475
-0.848034357080434	0.353432748047731
2.17466711646327	0.972626601623044
-1.51117398792917	0.92735653097427
1.7210806538876	1.34702122879155
-1.1145954954322	0.541089063658969
-0.0081408866142675	0.00267744478079309
-2.10706742962015	0.378548652882402
1.29035320892594	0.361169722228799
-2.94742201638341	0.645982057725913
-4.67539847713504	2.1949233780132
1.80565862715427	0.656093897862626
0.44013533532887	0.120310143303148
-1.11423834940659	0.540537025048118
0.0616700182489409	0.0238789606093496
-0.406260094312188	0.0911374164788629
-1.1144886963805	0.541000350984738
-0.184271044593708	0.0790222441021079
-0.104191034118389	0.0289508643830017
2.59836788378482	0.565681354882139
-0.406929606498836	0.0912995639757081
-2.10706742962015	0.378548652882402
-0.406536039818103	0.0912270232471427
-0.951768045880078	0.27264192625531
-1.32933257624037	0.732472307546603
0.0616553482559604	0.0238703716137645
-0.282198188136581	0.244182020642826
-0.585556691949003	0.632121040893101
0.204090569545965	0.19457593979642
0.103884900467484	0.147068743735428
-0.241975997351643	0.37020037190202
-0.156473460071647	0.18330165420984
-0.949575598018546	2.02356971518114
-0.191474734705882	0.234374587961029
-0.0174215851461755	0.0177830193713211
-0.006445788694339	0.00548326687521435
0.264778926388733	0.174621340640128
-0.171998424677568	0.10308111895244
0.23431436981484	0.13559697571964
-0.701908866845412	0.471042169258016
1.34308347816206	1.01515253512817
0.399214271315013	0.293315937795653
-0.260673005754938	0.131596036501488
0.11661916405468	0.0682825905717637
0.403623493046071	0.460292248295069
0.55863316357067	0.623720249472633
0.674964651133777	0.730925092966354
0.399567666730592	0.309608506043698
1.54385924947872	2.15346290380369
-0.391707819032516	0.191441091636894
-3.48240509937676	0.919800644574475
0.671523484063149	0.334704051901253
-0.00993005671119063	0.00326476537628999
-0.00855081732767539	0.00281333836665934
-0.104191034118389	0.0289508643830017
-0.968384130058026	0.567051569300168
-1.67012581591828	1.12164825399542
-0.577026152697648	0.434341282550561
-0.171672874969225	0.102850188008038
-2.05866082156598	2.79262979675823
0.209758456177988	0.163326009705207
-0.260329029925159	0.131417764875266
-0.674898840923898	0.545790922920221
0.0479668102951513	0.0242035155870716
-0.788241631735444	0.41410029348193
-0.391845296294967	0.191567449673164
2.1745030772457	0.97257047022004
-0.00866762541139504	0.00285038216826518
-4.18716485783141	1.51198812883872
-0.0078192213786039	0.00257237113093503
-1.94216123291022	1.50467513780192
-3.87542104119766	1.20695765047403
-3.48219873584491	0.919655084022901
0.234306721965948	0.135608476227016
1.02249331252454	1.06690079768204
0.221605537863287	0.180636771759577
-0.413875672465274	0.320977131804376
-0.284863170771258	0.186167116622821
0.0857298001699369	0.0467611300263588
-0.175971278859618	0.131922655433966
-0.17589938277555	0.131887732440733
-1.12690984914405	0.723594191723434
-1.68657752983501	0.703681756485321
0.44905816517692	0.0872417415102285
-2.10706742962015	0.378548652882402
0.95671106671777	0.345047173325076
-0.517513875524486	0.178911161319999
-0.952135059882499	0.272770263417896
-0.449820216110179	0.282733562407957
-0.516625938445608	0.17859542475739
-0.849278232245566	0.35392746874739
0.40402043752692	0.139945751112398
0.40402043752692	0.139945751112398
0.448931724883838	0.0872096407569261
-2.19279921330255	1.21087324593908
0.387443934982169	0.203677658568846
0.632168963645606	0.352673317989728
0.0616700182489409	0.0238789606093496
-1.13154295188984	0.867783868580836
-0.571531865159127	0.312374846114351
1.3082516470813	0.797772341886517
-0.184617640808077	0.0791844639739394
-0.260329029925159	0.131417764875266
0.852684638589434	0.546640068159778
-1.35563614408753	0.474557097061527
0.671756026907541	0.334811636820967
-0.327335889648938	0.129624283363844
-0.0083456807373163	0.00274570284113593
0.365795892718222	0.150333644094674
0.439756163615296	0.1201634870976
-0.00471272591244317	0.0021802838726775
-0.422406153924719	0.236701653650632
0.0478757935477757	0.0241566119386645
-0.217562355222036	0.161209704519002
3.96462286477017	1.35912085327799
-0.176006165815773	0.131975979136295
-0.493281711600104	0.794846669489502
-0.241954164327547	0.268290720274731
-0.00672907553781554	0.00572473471893753
-0.548695057445393	0.787906804239519
-0.154950840283217	0.164398466963618
0.00952761687051697	0.00829734759888627
-0.95187692509697	0.272670624519378
-0.414909817702462	0.574423032953189
-0.233494837142122	0.218053798520944
-0.34044868448329	0.394053963489829
-0.104844951344196	0.0291451841025915
-1.35517165583896	0.474174060906171
-0.84771589802742	0.353095483927744
-0.0083456807373163	0.00274570284113593
-0.579132907592339	0.26744572765706
-2.683695069597	1.94097616444278
1.15025638771776	0.774418861125706
1.80543669637378	0.656160870630634
0.928890577483864	0.545239423768143
-0.104191034118389	0.0289508643830017
0.440742619385608	0.120469713008539
2.17513790583725	0.973023061087874
-2.94698077954152	0.645760131429668
-0.327440587999834	0.129669435996948
1.05626488614213	0.549849792880685
-0.327335889648938	0.129624283363844
-0.104360815899979	0.0290077066781166
0.44025009120492	0.120379994939149
-0.516877128372687	0.178641872315134
-0.406653408801407	0.0912540543799087
0.403377677871532	0.139736809774786
0.449482770198073	0.0873321855854351
-1.35626224425971	0.474875835650706
-0.00866762541139504	0.00285038216826518
0.402478055947086	0.139341983658164
-0.952135059882499	0.272770263417896
1.31779953055876	0.590281779562666
-0.95187692509697	0.272670624519378
-3.87561657802995	1.20673470585498
-0.95187692509697	0.272670624519378
-0.406653408801407	0.0912540543799087
-1.68596857506758	0.70320287292914
0.440364661588217	0.120386763104114
0.928777867705259	0.545067781172208
-0.968160264279937	0.567066206054291
-1.1145954954322	0.541089063658969
-1.11480389157877	0.541093044086259
-0.406143088696864	0.0911104868149055
-2.94742201638341	0.645982057725913
-0.472145435547435	0.32911333829104
-0.139714348764942	0.105913617581384
0.305074629406567	0.382841683950611
-0.232498840203433	0.344033314450839
0.110623779051344	0.151154964485
-0.0229283776589828	0.0307930172740609
-0.384534529990631	0.756626152903522
0.186937915494188	0.348004540785711
0.302732825587915	0.684274315161716
-0.0385275194991964	0.0518536636353632
0.0469209123803295	0.0589382180191159
-0.791750419695351	0.630037970019633
-0.298839945557986	0.237664632715062
-0.00930501496018586	0.00670577231188899
-0.167860712017752	0.0870028481663323
-1.52285856569018	1.22115975486306
-0.433356843994012	0.364700151185672
0.91873173907626	1.35326468797403
-1.033571727523	1.19984085753893
-0.801793455878415	0.847867085236813
0.279522272535526	0.295968925739702
0.404140415251296	0.501220003538651
-0.24233793964344	0.268772626782939
0.340412382966658	0.374188425779875
0.0121215587444358	0.00982924556711913
-1.11459571417205	0.540895302433044
-0.573109057679514	0.392100635956525
-0.952135059882499	0.272770263417896
-1.35610128709322	0.474818712797072
-0.579018048486102	0.267409454362904
-0.581662141593421	0.516443952913518
0.143591636559433	0.131492801918574
0.0122666132881423	0.00994516488006147
-0.139844524689716	0.106014066583992
-0.167844965554481	0.0869955704368866
-0.167844965554481	0.0869955704368866
-1.3293741599723	0.732677246408085
-0.406536039818103	0.0912270232471427
-0.0785585849311568	0.0352548515118034
0.0616264557748945	0.0238611614751663
-1.96398821246931	0.956159377765416
0.25069825731129	0.155248653610278
-0.510528530413483	0.458147754402912
-0.49014677868888	0.761825691601692
-0.305870367582286	0.282971663470818
0.340482039700911	0.374271399472483
0.846164301404311	0.714896253605936
0.617745053337773	0.573829512967194
-0.0464122975707377	0.0472739150238191
-1.51151931630602	0.92801396381259
1.59511601418842	0.855215915166121
-0.517010624683618	0.178709666938849
-3.48219873584491	0.919655084022901
-0.516241348529343	0.178330871919979
-0.788464314880281	0.414424326723021
-0.327230881004658	0.129566059642725
0.440364661588217	0.120386763104114
-0.327335889648938	0.129624283363844
-0.0788269788881849	0.0353859300459337
-1.68694899077746	0.703952762450668
-0.260486639341066	0.131500765009026
-1.12703758998166	0.724067663560919
-0.184739462555253	0.0792331882344397
0.211865671605164	0.113835246684773
0.522119267440593	0.423445150776903
0.635415714223959	0.564719438324633
-0.572898061025124	0.391961181557989
0.898152023055413	0.722800095652409
1.79959289958439	1.77562773982443
-0.0759463769065314	0.0473158585830138
-0.173769055054967	0.117569809360543
-1.27072298147689	0.885399734353617
0.671494664560962	0.334807235682389
-0.358917446055971	0.230186034795405
-0.078745871602922	0.0353461577361168
-0.968033043844823	0.567023112730889
-0.952135059882499	0.272770263417896
-0.184271044593708	0.0790222441021079
1.34272182391304	1.0146264042384
-2.17337197529272	1.89538975628836
0.399480787150539	0.293387684827112
-0.00760697244635578	0.00693244778325061
-0.952244254371164	0.272799090918146
-0.280395526898526	0.3733461013431
-0.550077086176619	1.25176130631586
0.175246355359264	0.177580436947229
0.066324841157478	0.0759259438165384
0.26165897442264	0.377557171458877
-0.106462347603935	0.129907211035487
0.031544152933775	0.0330376085907434
-0.396039022819957	0.361419026084038
-0.348233186701968	0.320246520010427
-0.00940109644110474	0.00309197435180766
-0.326617581541492	0.434772540351101
-0.4567510484837	0.683963693735157
-0.579132907592339	0.26744572765706
-0.406143088696864	0.0911104868149055
-0.00467057234517247	0.00216620810420213
0.211865671605164	0.113835246684773
-0.517262058968037	0.178864495866734
0.211758999475203	0.113754851501744
2.87952615213098	2.00167685751129
1.14991551077885	0.773906023057076
-0.73178653288045	0.440962554763671
-0.18474927035291	0.07921920886612
-0.00887297177040951	0.00291884997088316
0.448931724883838	0.0872096407569261
-1.11423834940659	0.540537025048118
-0.00761497811460606	0.00250433676554653
0.764809448292814	0.331596623912213
1.05626633094545	0.549797046240232
2.17513790583725	0.973023061087874
-0.104191034118389	0.0289508643830017
-0.517010624683618	0.178709666938849
1.05616008139829	0.549571799070062
-0.327441044350617	0.12966822779127
-1.11355579595234	0.53988363364333
0.804052727722994	0.712385443173546
-0.518537206682979	0.17931447468502
0.403765825794991	0.1398030758734
0.365796592364056	0.150347828566248
0.44025009120492	0.120379994939149
-0.516625938445608	0.17859542475739
-0.848756633713589	0.353692019334519
-0.104191034118389	0.0289508643830017
-0.84751494297264	0.353113627072122
-0.327335550717987	0.129625546394617
0.116391353791918	0.0681832637592717
-1.51128399880157	0.927879913676698
-0.422320612835452	0.236661180017005
-0.391724305318784	0.191524028484181
-0.260515813735499	0.131513276350311
-2.38060556106765	1.46186003707845
-0.197805130855533	0.208796144158761
-0.147024019170682	0.130205617790846
0.140212086942194	0.109214026574701
0.404081826721732	0.487859870377861
-0.278769036777548	0.484415290234317
0.244346018875841	0.463861106837912
-0.278603630299955	0.484048768977495
0.11727313649788	0.163815192489193
0.216438490195026	0.389339740838498
-0.0973304940004706	0.164425818115616
0.261534264940483	0.480894821120662
-0.225926418116422	0.344933598728661
-0.299013141070043	0.237825804071924
-0.41394158326969	0.321121824292564
-1.22583347291121	1.32011287379601
-0.327120299645599	0.129477764934943
-0.00914979771237941	0.0065976301067941
0.617769776329551	0.573806427691965
-0.217648492765325	0.161267209865631
0.588742205613582	0.592015772666117
-0.342867543952132	0.357017132748085
-0.322966976969081	0.465326896385495
0.795128453034825	1.19364276519219
0.143158014944765	0.148704577155776
-0.52960850183878	0.574512845519563
-4.18668471132409	1.51115380013371
-1.51174615796903	0.927670006540335
-1.12702728560379	0.7237887552699
-0.877213265073092	0.577236204859608
-1.81248510073721	1.3132670232214
-0.585332483362541	0.667318837582322
-0.804231524038976	1.04837697847007
-0.199781218237206	0.199190711908967
-0.265528231091648	0.194101021679468
-0.747113396496654	0.697588871364216
0.178394582455224	0.0879597751455033
-0.422234800101602	0.236535643078274
-0.579175602489374	0.267377878491138
-1.96498450145697	0.956723482218052
-1.67011975493959	1.1212219569525
-1.96417843831088	0.956262812874776
-0.933699986571467	0.91330480517364
-0.112261777566536	0.113291307767348
-0.305792966670048	0.282848730438119
-0.325425324457887	0.358163050898109
-0.701939376185849	0.471077472243728
0.203831537374864	0.194229326311952
-0.457009957574252	0.684569780094038
0.92910590013713	0.545350618768897
-0.95187692509697	0.272670624519378
-0.516877128372687	0.178641872315134
1.80565862715427	0.656093897862626
-0.951401566537421	0.272432782475208
0.365691013165346	0.150286033986656
-0.57891800770035	0.267189778165235
-0.265635006259592	0.194195863617721
-0.22441533242714	0.149321786982421
-0.573056252013549	0.392154337670413
0.584721353956748	0.379925831477889
2.6782999236002	1.64667749882407
-0.327440587999834	0.129669435996948
-1.68657752983501	0.703681756485321
1.59491187457724	0.855036907978974
0.396176409966509	0.226325721913052
-0.0787328393819667	0.0353418953097744
0.399058289087215	0.261066486593233
0.564488688995179	0.389636352486356
0.294345367414453	0.228800712823426
-1.62746656990769	1.68716123511056
-0.11949245706525	0.0730428325659769
0.533306260837746	0.411205597793101
0.874777087030697	0.879653666456889
0.085809101416214	0.0468035936787465
-1.35517165583896	0.474174060906171
-0.260422454505934	0.131473076198748
0.163501719768619	0.108748360137995
0.852752358645311	0.546638913003178
0.365692405942219	0.150233443682029
-0.848554588996423	0.353709685597233
0.764809448292814	0.331596623912213
-0.422406153924719	0.236701653650632
-0.100704209772987	0.0535537703395433
0.0185468055343983	0.0124802149628198
0.675514309313331	0.907887662230663
1.59531981162322	0.85527743277059
-0.233365508912849	0.21794778651772
0.0522245448593106	0.0696356784785321
0.268559406257687	0.343556562826942
-0.0911174035852957	0.110964338135565
-0.91858926241826	2.34014663879495
-0.226065337353282	0.345161203818538
-0.18742406653594	0.239163014690333
-0.472047704335293	0.329071112036136
0.717828635085633	0.88713904429873
2.59836788378482	0.565681354882139
-0.276186398108173	0.33719894201789
-2.54142632055543	1.70634447566283
-0.934140024016813	0.914098152341415
0.128487541715911	0.0570234392351459
-0.472145435547435	0.32911333829104
-0.571969057025845	0.312725884763733
-1.1144886963805	0.541000350984738
-0.516375129736063	0.178441001382876
0.564145183307959	0.389473891906218
0.128853508420719	0.0572225471771537
2.04762898972722	1.45306199877903
-0.391957975436554	0.191620519285313
1.0442650852691	0.754232399790507
2.59830808808347	0.565621890602798
0.402478055947086	0.139341983658164
2.17466711646327	0.972626601623044
-1.96368093592683	0.955822689151189
-1.35610128709322	0.474818712797072
-0.517262058968037	0.178864495866734
0.955397397266951	0.34432064158674
-0.184495602328439	0.0791280415311326
1.9228909905287	2.03827993140006
-0.327335889648938	0.129624283363844
-0.847314325335099	0.352888726716764
-0.00940109644110474	0.00309197435180766
-0.184505553212383	0.0791373504854963
-0.104191034118389	0.0289508643830017
0.448931724883838	0.0872096407569261
-0.951768045880078	0.27264192625531
-0.406143088696864	0.0911104868149055
1.80543669637378	0.656160870630634
-1.32945704925353	0.732853759751035
-0.568572097465517	0.350153102769924
0.0478598994186285	0.0241459676341155
1.21229354415916	0.97118520731588
-0.568481019853327	0.350153375981782
-0.638835693953749	0.764127874340039
0.28302549527047	0.390640263078457
-0.479583005731049	0.522084842970259
-1.2617946820474	1.9040382860656
-0.259991628149242	0.373191619823723
-0.205859788634053	0.354706528031435
0.0515583619106052	0.0782561807403416
0.223590705045756	0.514408371907379
0.318180448543342	0.659681186878243
0.106793567602952	0.189789521113667
-0.0868611457450663	0.157392046415847
-0.154496707151109	0.256384864773975
-0.176767850527243	0.144609313402564
-0.176144415681378	0.132088337614021
-0.801762530696933	0.847948860488304
-0.366285953315854	0.358744588673943
-0.366125233291768	0.35850595734735
0.0121149656443035	0.00982316811213143
0.488649861671979	0.939464193259248
-0.296731372731152	0.457374983551383
-0.194561935269327	0.227624231189487
-0.0300784026958498	0.0335979382809703
-0.276543899848099	0.452484653060391
-0.533149120134752	0.609790752676314
-0.171937931217338	0.103046922596437
-0.819015455657427	1.40691774191578
-0.29027303685289	0.370463540799025
-0.383432404783977	0.59462058729546
0.152763360091154	0.211218692206123
-0.766414454254694	0.663108225094003
-0.00643587924542967	0.00359301632558093
-0.184617640808077	0.0791844639739394
0.401832694267901	0.139050401756829
0.671567142878356	0.33484663200897
-0.103877372062926	0.0288628201081387
-0.391594789884239	0.191438279351218
-0.00887297177040951	0.00291884997088316
-0.585390145325711	0.667306177094045
-0.314913534863782	0.18049000784073
0.928747286432965	0.54493642808036
0.211811627312371	0.113789183497608
0.929229261161179	0.54538288874509
1.36212966873912	1.19733244835361
1.48126067671887	1.58953450220501
0.917440096388044	0.88467261828141
-0.322074100214376	0.231931358442459
0.533245913804934	0.411170667653861
-0.573161765273624	0.392176229876356
-0.0759463769065314	0.0473158585830138
0.209611274086493	0.163175520720536
-1.1541618858415	1.32585418247166
-0.675030614788359	0.545722332536396
-1.02580406005207	1.50556638685916
-0.375990847869845	0.319678207050162
0.211918251717271	0.113865661807845
-0.449462493686468	0.282465667764756
-0.00469172861944419	0.00217379346282996
-1.27032283110676	0.884788987516767
-0.731928779514293	0.441051573299806
1.4971811259523	1.4300181057644
0.928757462515204	0.545183921949788
-0.184148497629906	0.0789589941501255
-0.119465260841818	0.0730241295804546
-0.638761466629106	0.764069061623442
-0.0312589911568513	0.0318672087242606
-0.516625938445608	0.17859542475739
-0.354295688388371	0.430394103368622
-0.0783476121528865	0.0987678003625426
-0.0613050878397856	0.0622927033670817
0.620802275172963	1.13825791356655
0.413053095471738	0.696028870843066
-0.461782688779569	0.584443439585304
-0.395424787120526	0.360958439666345
-0.952135059882499	0.272770263417896
-0.475724103291331	0.657325439664009
-0.156577140975488	0.183445610678118
-0.119599857211976	0.0731028704874724
-0.167784410327834	0.086973154849
-0.877107195262802	0.577129826927392
-0.100711867297307	0.053558502180433
-0.825150817760178	0.599509934408343
-0.56857990501294	0.350166387556922
-0.422320612835452	0.236661180017005
1.4971130121614	1.4300276735307
1.08189624048137	1.08398163423465
0.365901442885752	0.150373308319952
-0.0787328393819667	0.0353418953097744
0.373186918798905	0.176352245678087
0.40427466411489	0.14004859743002
-0.788464314880281	0.414424326723021
-0.578975115762517	0.267390226446819
-1.11459535646121	0.54087500274063
0.399660064812808	0.245317382260872
-0.167746238435569	0.0869469108163603
-0.0788269788881849	0.0353859300459337
-0.104191034118389	0.0289508643830017
-0.104530837627992	0.0290497664010843
1.83315792723474	1.13983200613798
0.21191044672147	0.113836877487231
1.24626765331327	1.14619646041486
-0.171998424677568	0.10308111895244
0.142105856690795	0.0888908050395115
-0.31484487118018	0.180441066493249
0.211857686193715	0.113839275081236
0.546737724120211	0.399480929625377
-0.260658316972533	0.131581223015508
-1.01120058538935	1.04695271671224
-0.745143681756724	1.19347153242946
-0.322096027819269	0.231968199161496
-0.434946902565202	0.475165626928753
-0.408288324318221	0.633630605803692
-0.196378710643186	0.298487707461547
-0.885592859655006	2.09940808138322
0.160457822682803	0.212094797713527
-0.450783697372112	0.967330145134835
-0.225595970838964	0.288237954649083
0.145706007688237	0.196774669896246
-0.44972616122084	0.820473112180502
-0.0761577797726387	0.0474425552738116
0.399071356027783	0.261037052212534
0.142213266338618	0.0889328635497326
0.0834663206478252	0.0558987620012023
-0.212590649418725	0.172458140299365
-0.23350658966386	0.218105105024232
0.143474610104851	0.131382948131218
-0.0945926572892892	0.0957322003151902
0.0533982932933146	0.0434033132464598
-0.149563627779852	0.141322603499964
-0.173917091531538	0.117682478952323
-0.314867405965761	0.180451526135702
-1.14882997274325	1.17257316998894
-0.78309638496485	0.879099018923827
-0.825142928248916	0.599571444913089
-0.517791165127043	0.774517231946596
-0.173087911992682	0.211970800546297
0.181465589387316	0.127734472251748
-0.391594789884239	0.191438279351218
0.963477527286397	0.737109537115533
-2.10727742655476	0.3785967871456
-1.12690984914405	0.723594191723434
0.1420256374432	0.0888443640776842
-0.571505531550015	0.3124149088738
-5.03426197646044	2.85062614636498
-0.391594789884239	0.191438279351218
-0.422191800151715	0.236513786519909
-1.32950950216216	0.732690573076271
-0.5684886823218	0.350103935453231
-2.19317610517767	1.21115236630217
1.31690798760239	0.590129049397097
0.250605830440359	0.15518710398705
-1.11409385166674	0.540651439280993
-0.327335550717987	0.129625546394617
0.898593225004232	0.723314388891773
-0.573095842025065	0.391977000695635
-0.00488584384338446	0.00226550049600557
-0.573174952210549	0.392042765871322
-0.449649024133895	0.282626986880979
0.387362897339459	0.203602422991271
-0.10062225280412	0.0535115969827204
-0.686578027159609	0.508127690026033
-1.00955415243895	0.719594277702576
-1.32927288054565	0.732650220342582
-0.171649699642897	0.102830390532197
-1.52282792740514	1.22121094412113
-0.701939376185849	0.471077472243728
-1.81226436848931	1.31291218468186
0.211728793774954	0.113713276192689
-0.184271044593708	0.0790222441021079
-0.167784410327834	0.086973154849
-0.732011940100003	0.732829633677683
0.523049586580169	0.693321711575372
-1.35517165583896	0.474174060906171
0.399644873255241	0.325355596262575
0.285131193343243	0.31144369189687
-0.424075712698368	0.438486711997244
-1.08421159764066	1.18386588923938
0.0990039754587874	0.0902123213467268
-1.32053011098692	1.32480386849696
-0.391481666646295	0.191384943509599
-0.525103121666103	0.53776603344622
-0.824940890989121	0.598926664218878
-0.852478205765596	0.785785640793822
-1.27032283110676	0.884788987516767
-0.184515486374521	0.0791276552318126
0.128862234571198	0.0572251923644326
-2.38060556106765	1.46186003707845
-0.517513875524486	0.178911161319999
-1.68633971949454	0.703563702264362
-0.967808404594	0.566591842753788
-0.968160264279937	0.567066206054291
-0.0081408866142675	0.00267744478079309
-0.848034357080434	0.353432748047731
-1.35610128709322	0.474818712797072
2.17433880348467	0.972352135469458
-0.391724305318784	0.191524028484181
0.764164037484612	0.331138547182105
-0.184617640808077	0.0791844639739394
0.163671793784879	0.108844312873
0.178236240272615	0.0878720950705939
-0.413730680333414	0.320888721656759
-0.18438336931455	0.0790808605857554
0.116437662597498	0.0681974969553085
-0.126350923176387	0.119779019320678
-0.754262360508403	1.16356302883691
-0.406180754192397	0.539239235647274
0.232404192354904	0.295656698915143
-0.218517822084131	0.242891805483748
-0.238529952713903	0.317454934878495
-1.43538581219431	1.7870315989925
0.750752556247719	0.54618955126339
-0.173832089409108	0.117617618957449
0.123458078786281	0.0917309319304603
1.58600531288824	1.82373093952772
0.100358549470785	0.0816905721596299
0.647001488338732	1.09579423673386
0.236036444591019	0.25606069611219
0.40414181660185	0.487953684405916
-0.354518028583168	0.430785470165114
0.403846193623415	0.474100655512678
-0.406818368978526	0.469047530719186
-0.413881644898003	0.320941666341767
-0.252928795461028	0.203232807187632
-0.235290503145764	0.137949646882033
-0.194849222378442	0.228040817341809
0.403660942679588	0.540477780460841
-0.634810029202109	0.79695371698568
0.221402878106264	0.180438321474273
-0.375720519267594	0.319241555723734
-0.571737584667295	0.312608565413617
-0.791838664214195	0.630355242517293
0.399648453615607	0.34071566823419
-0.35874606176488	0.230128359214925
-0.171891600284617	0.103013652092688
-0.314974334266225	0.180517382779914
-0.105015388977172	0.0291873412061693
-0.573016769140415	0.391891386667433
0.845820954610095	0.714910037968309
-0.28498370230448	0.186287806202676
-0.568564206808089	0.350070670790836
-0.322032975668386	0.231903465341743
-0.00643587924542967	0.00359301632558093
-0.167921349798371	0.0870253071256986
-0.358825047661998	0.230165183940644
-0.877126600741735	0.577023179258317
0.769570043504722	0.713085410637289
-0.224521297838947	0.14936884519564
0.11625607797672	0.0680803809979542
0.399241455715525	0.293334087412803
-0.825045854923464	0.599435065359958
0.142131685932888	0.0889044303481582
-0.732085071167485	0.441120871664386
-0.568442908073705	0.35011647403505
0.399736705985783	0.245328474613378
0.584683124801269	0.379889250809324
-0.519028056830864	0.499013341752981
0.323992427507268	0.311310174867273
0.602345346607236	0.582944199874174
0.250658189413967	0.155202280541469
-3.48240509937676	0.919800644574475
-0.00636600259477856	0.00355428728509299
-0.852730190262548	0.785943353413654
-0.00650575303563362	0.00362995040657906
-0.708878112046989	0.801077906797172
-0.358522758485451	0.22994932308938
-0.732021846522536	0.441299012127764
-1.04437342022381	0.87478702664477
-0.967920770914226	0.56691647468837
-0.391724305318784	0.191524028484181
-0.327335889648938	0.129624283363844
-0.571438507774477	0.312330254718005
-0.358863959568814	0.230090157008303
-1.96349123148842	0.955719882005179
-0.327546345457555	0.129698049658362
-0.787878413463182	0.41380613890332
-0.571737584667295	0.312608565413617
-0.952244254371164	0.272799090918146
4.63412415384046	2.1998756226371
1.04442439792067	0.754229357853164
-0.967800698735012	0.566773743831677
-0.18438336931455	0.0790808605857554
-2.17324807733273	1.89533058210915
0.803996781242706	0.712059316844062
0.546843514987056	0.39952635801972
-1.04453070585904	0.875000983365389
-1.27079948429644	0.885358424086186
-0.472168616436183	0.329139563619447
-0.568511406865005	0.350173903370174
-0.0210982696148462	0.0203905902295242
-0.340000511266114	0.43313871360806
-0.300586583865649	0.36652217284167
-0.707264880909725	1.09318308778037
-0.238119436301426	0.316762624393268
-0.554150421080324	0.892771952405196
-0.622547621447392	1.00120829918338
-0.156326798884946	0.183074580416405
0.0313055087804792	0.0327764449476332
-0.0523262841125097	0.0407073151292143
-0.226562553349009	0.225185413593254
0.111746744242613	0.10543679313728
0.602556446702528	0.783818364767398
0.251359120834135	0.231869298935795
-0.498938640375987	0.630256946043468
-0.37210208502209	0.429924863903762
-0.819427520740249	1.40770087933555
-0.354437313326539	0.430671887022706
0.322892217060336	0.459148451292264
0.488468612810774	0.90255069724586
0.16567956258833	0.162557463319082
-0.47553313765246	0.6568780690287
-0.256320287183544	0.253957226643305
-0.311787947709976	0.361832937762883
0.10624907681666	0.11917568617667
-0.197894348914175	0.208926816132965
-0.486451946201872	0.728359511193129
-0.191574885076841	0.234516786543729
0.294007288109323	0.340279522474778
-0.583901802207279	0.556694930767888
-0.0345888874345719	0.0246869544626193
-0.327440587999834	0.129669435996948
-0.282336261469786	0.244264217921388
0.401331613030592	0.415718042714063
0.399320357955416	0.29338142861375
-0.348227758837327	0.320218394382372
-1.3203986392216	1.32463964307793
-0.0787261041250346	0.035320001598361
-1.52276656842253	1.22109541407879
-0.472108155766521	0.32911275292109
0.085809101416214	0.0468035936787465
-0.167891044836085	0.0870165131143139
0.398978869716779	0.26101254726313
-0.285007010964892	0.186314582604357
-1.23445973626823	1.1707123925068
0.804029465539626	0.712392747137759
-0.783284459182909	0.879654013737668
-1.03385659856149	1.20019023313274
-0.348045239695114	0.31992036566641
0.181268476238753	0.127577741589605
-0.0395089598661675	0.025056610537209
0.756030757174165	0.877693219459284
-0.253172941659382	0.20349196228865
-0.675006245913962	0.545733063723005
0.163628004413102	0.108832428913685
0.234194106334154	0.135535242488063
0.398797581707142	0.277035673986689
-0.0944467336337251	0.0657926616464486
0.635670921022849	0.565123666576565
0.976422817934328	1.36606588452847
0.221561976416126	0.180602935362218
-0.0944668878349929	0.0658011875361635
-0.0047138086914673	0.00218770251866513
1.29047191149383	0.361322640689658
0.399767001149478	0.245331534897525
-0.665606761197919	0.583891294044359
-0.701893398829885	0.471060653765222
-0.252903459816932	0.203170035679264
-0.516877128372687	0.178641872315134
-1.66989234257219	1.1213835592074
-0.877042886893742	0.577005310114962
-0.119545471464112	0.0730778713492053
2.70315368357201	2.75383484351581
-0.173982954598215	0.117708458388327
0.497409742700043	0.461862128409826
0.512761756487038	0.436576039484465
-0.00644961089764576	0.00360056110007621
0.0858883652709848	0.0468433639331458
-0.327441044350617	0.12966822779127
0.398745869157954	0.276793968861112
0.372828104257578	0.176187601416706
-0.825232150203982	0.599654790054676
0.398886369625052	0.260953947356794
-1.22591487824436	1.32001981906622
0.681171948846945	0.550519576410294
-1.4019987259968	1.48424084996517
-0.572911281189244	0.391961099142485
-0.0436558198415149	0.0367831723765513
-0.387321079912091	0.536621104716278
-0.325008509690415	0.357743098424166
-0.38362131410908	0.595150481128288
-0.713354744530961	1.05941527745047
-0.065131791350478	0.0546081800508031
-0.624056245184189	0.966556711159024
0.403924966563414	0.487426967155438
0.221511322296753	0.180550322648773
0.328711131294805	0.32747423626454
0.116254775892325	0.0986212518739245
0.328799809469925	0.327579866639354
-0.154906647099752	0.164278582063219
-0.194814296317358	0.227998667573897
0.357497353757583	0.487185656685867
-0.232356145028479	0.343732171555474
-0.517599424909869	0.774118019135291
-0.0569822817728445	0.0513245651502833
-0.249388556736858	0.344767293078331
0.559894639278598	0.841495876539013
-0.0726555181640116	0.0814197365083627
-0.631751061917608	0.830097232322173
-0.822700544187476	1.02247217026894
0.485681944236711	0.487152516010876
0.898444264260743	0.723439633854202
-0.510395751096544	0.457976707873332
0.0744018733629765	0.0763369783863253
-0.139641943786105	0.105852738909455
-0.500207656082033	0.415987796217914
-0.167685612928479	0.0869045304599133
-0.235620881422302	0.13814836795115
0.116437662597498	0.0681974969553085
-0.701939376185849	0.471077472243728
-0.579189609217717	0.475255109814496
-1.033571727523	1.19984085753893
-0.171952098581378	0.103047850133584
0.399715905368462	0.309723545765256
-0.571518586146758	0.312432773778368
0.0423525978050852	0.0300130445212649
-0.686564529117942	0.508078747495984
-0.130995623945025	0.0899905529234292
-0.824252845534053	0.816670451212182
0.25061916968494	0.155193208312974
-0.801721916884086	0.848043425468633
0.294562834620656	0.229049768992594
-0.0522607623645552	0.0406620575498937
-0.100809177603537	0.0536037457387776
-0.358561349203797	0.229976361393022
-0.852223417951741	0.784951164133743
0.546658537699458	0.39936889682843
-0.100711867297307	0.053558502180433
1.12030233812361	1.25777863394742
-0.825297961229266	0.599328697195459
0.87912253319494	1.19299484662473
0.551436144612331	0.635766738649212
-0.471874728196911	0.485795991253367
0.917358564596241	0.884624051510388
3.44549632854058	0.961689054878872
-0.577280800002254	0.434386347427858
-0.265396264334231	0.193947364017908
-0.390037371011563	0.276419788363124
-0.17594543043347	0.131927464899078
-0.766626213342972	0.663043175821944
-0.939209052150764	0.734638357608288
-0.87699966280205	0.576773649682754
-1.12680276458926	0.723836733698945
-0.58495319656373	0.595128564006558
0.399098404404494	0.261088415804529
-0.686852924228239	0.508037054492013
0.83810186519366	0.876533066603667
-0.0787197888754788	0.035331436723466
-0.391594789884239	0.191438279351218
0.12333470167312	0.0916195615273584
-0.167776509342108	0.0869605415634023
-0.877277380430432	0.577081252829866
-0.889836430756796	0.758278106424201
-1.24508656524248	1.02168799625125
-0.487792808417601	0.372915311409266
-0.732129713916639	0.441387161072424
0.58461467910062	0.379754194113975
0.796434639915807	0.546296788418666
-0.235237583424851	0.13791980571296
-0.184729636999735	0.0792123581775086
0.0291173019445393	0.017266599974287
0.181268476238753	0.127577741589605
-0.422320612835452	0.236661180017005
-0.0760958122224308	0.068229197499157
-0.340636518637243	0.394426098863206
-0.242758045019644	0.211454832392306
-0.0755581093772874	0.0883560647427583
-0.354426763923494	0.4305005348931
-0.267648983022567	0.341889132363878
-0.135652816458266	0.144228310586308
-0.250036814925772	0.345882245711507
-0.977771824806206	1.38029739757137
-0.112195294934544	0.113223304443992
-0.138474502174313	0.154979296487354
0.307692064853816	0.262194324993452
-0.076295606838569	0.0684327540414523
-0.267707235381525	0.248928632520366
-0.0762528077505098	0.0683985843395285
-0.242770304560747	0.211530055675597
-0.339562582807228	0.432449285266808
-0.0683403266832583	0.0731022367318213
0.0381456360465925	0.0467741474716431
-0.100904637581053	0.107676268023873
-0.339819903773811	0.432921258626021
-0.0166167139033917	0.0200043541147571
-0.111923518115784	0.112880580370773
-0.348277215574703	0.320272119954649
-0.471987262164561	0.329014669520781
-0.391481666646295	0.191384943509599
1.1124541585777	0.937564150996836
0.242278776999886	0.214935813013389
0.512679185136285	0.436374121324942
-0.131323497584907	0.0902285493862359
-0.579129598655411	0.47507681903563
0.398858126103384	0.277086879421163
-0.766440085400675	0.663088444368722
0.852846126923184	0.546816711265645
0.211895891785283	0.113859386997973
0.398956040914501	0.277132929710772
-0.766283009867109	0.662848621894492
0.750828254194413	0.546393815900103
0.681097085211529	0.550319576187085
0.196812447404238	0.145987123372345
1.14993475992126	1.42992918005617
-0.731884992723145	0.732427275662804
0.0290900259567636	0.0172511793350693
-0.583774738876645	0.556689695653195
-1.14263776625694	1.02054534626861
-0.0887543754978377	0.0740143796508181
0.0635115863446252	0.0472556483106754
-0.939143234552252	0.734645723530448
0.504395950512197	0.449166470865585
0.398952751279318	0.261019310889639
0.504482174981438	0.449280164892039
-1.44931854075231	1.3467404647264
-0.889919967188209	0.758268439784129
0.11640554574906	0.0681864626339526
1.68384587826715	2.0651514557341
0.323831363056556	0.311134069761231
-0.0783731934483762	0.0605134027172473
-0.824964638019071	0.599304485288219
-2.10706742962015	0.378548652882402
-0.235488423181181	0.138083855479216
0.15573872951584	0.126836292951832
0.0185872421154951	0.0125071736730892
-0.518738876733916	0.498713230147624
-0.358705874706347	0.230028410567358
-0.358601625161616	0.230018412531975
1.18703165674545	1.28243214104642
-0.235382896302948	0.138024912443037
-0.11949245706525	0.0730428325659769
-0.389928558046828	0.276305926072166
-0.100517289863626	0.0534489339909363
-0.00643587924542967	0.00359301632558093
-0.571438507774477	0.312330254718005
-1.83910144418894	1.75860174244517
-0.314951765219021	0.180492172724413
-0.56850361312045	0.350137185021699
-0.167784410327834	0.086973154849
-1.04432199529017	0.87455898053866
-1.13157352576474	0.867806795163739
-1.52282792740514	1.22121094412113
-1.14870428960968	1.17217190386863
-0.28518786639213	0.186434024764144
-1.6700152989722	1.12100199645362
0.671465868796485	0.334774054050095
-0.0791792203244651	0.0355425675709154
0.763750033727378	0.330901102695796
-0.889910116684408	0.75831334866461
-0.791959463063889	0.630501322211344
-0.217583036604374	0.161222023874358
-0.253106791583827	0.203429946674417
-0.0888533360280532	0.0741048731733318
-0.235316786021102	0.137981180349472
-1.23430272897716	1.17056832595407
-0.391837132279878	0.191577190293029
-0.406761754563692	0.468763093115233
-0.120873075810105	0.135364860957065
-0.00449626971073269	0.00459271352864994
-0.137975035936554	0.168717193407833
-0.0955858876293187	0.129630846851126
-0.0929594993606339	0.121709147714225
-0.880530609108823	1.30049005460688
1.10697716932809	1.72524913211678
-0.295345953139858	0.325962293251705
0.191591102830385	0.206408488738506
-0.707073001290577	1.09270559134591
-0.120996402303931	0.107635096970457
-0.377440306145395	0.565048836379528
0.028623295562704	0.0356850405888971
-0.0361142263152112	0.0348160123664892
-0.00924412071693378	0.00666457838820568
-0.581751740738373	0.516604081856749
-0.326642682066683	0.434826418995423
-0.230564746860376	0.318511863846095
-0.279963080680346	0.402453161440577
0.0279378671615072	0.0333723279374244
-0.34055488514844	0.394293056425457
-1.11459571417205	0.540895302433044
0.307460395129849	0.261941177061266
0.0585288005378674	0.0369794101178088
0.803982942164289	0.712290972688709
-0.788222961863263	0.414264406349458
-0.70185514814014	0.4709545254248
-1.27079948429644	0.885358424086186
0.396154537368834	0.226335141231484
-1.13151982382572	0.867566618244343
0.584705454785635	0.379865393865165
-0.26050123433033	0.131519082409796
-0.939037712077882	0.734420173128497
-0.358825047661998	0.230165183940644
-0.577146638675989	0.434429840249087
0.845846953081435	0.714973032125146
-0.0345166891399515	0.0246353687525861
-0.207423039547567	0.181810024066023
-0.326188804154412	0.279936145025404
0.123356627572413	0.0916419368711395
0.196332871389009	0.145556053821173
-0.305870367582286	0.282971663470818
-0.471912791210796	0.328819136135567
-0.314867405965761	0.180451526135702
-0.0490205073645901	0.0267280423638009
0.0583149051578514	0.0368318961283732
0.399085307374028	0.261049706921744
-0.422191800151715	0.236513786519909
-0.571731700161253	0.312583492623591
-0.732114848484512	0.441422043241892
0.6356490617536	0.565110324997158
-0.207289927891435	0.181684815912746
0.163397194928647	0.108655313544341
-0.104674754370764	0.0290881727694566
0.711902189597772	0.546539513612059
-0.298972855797397	0.237791115055507
-0.224575855915176	0.14940599681998
0.264621200685865	0.174506228380541
-0.167723743572673	0.0869307434564531
-0.585083297622861	0.595355199060416
-1.22057498054956	1.4705593560294
-0.0346974428174169	0.0247632003539084
1.21177019796598	1.45596447751077
-0.048928130971809	0.0266820435245928
0.833371803070919	1.03358221731975
-3.33383190018842	3.27114607448432
-1.51128399880157	0.927879913676698
-0.571737584667295	0.312608565413617
-0.167715939625543	0.086928424290891
-0.327230881004658	0.129566059642725
0.211926139913565	0.113876387771514
-0.568420162491824	0.350045818239286
-0.583795009785311	0.55671016997845
1.21238000227573	0.971369902993594
-1.234519884328	1.17067606353664
-1.27038470831303	0.884666905678582
0.0617424742393982	0.0239084459082885
1.80543669637378	0.656160870630634
0.128739954381237	0.0571706971446716
-1.67012581591828	1.12164825399542
-0.847833196182046	0.353207340512575
0.631932759206064	0.352507886935394
0.234127312196873	0.135493151380613
0.399737777611166	0.309715144360561
-0.992310333217374	1.218188779409
-0.224338278181341	0.149249065378193
-0.581924052972078	0.51660970150934
-0.314776207125623	0.180364724263437
-0.119412253858398	0.0729861393109778
-0.171961096389896	0.103053583967166
0.399016555113696	0.277125062239942
-0.00475680929605525	0.00220672361861251
0.178408925233274	0.0879707492156317
-1.67013186128768	1.12099348540424
0.234037530116601	0.135423779769217
-1.35610128709322	0.474818712797072
-0.175344945740336	0.205377864437523
-0.774456019950318	1.69823524910565
-0.32368233427225	0.516631689826729
-0.146871606547546	0.130070476642308
-0.0225501268961859	0.0204706324818637
-0.04595706782668	0.0467875731166401
0.235644783079322	0.255577347434644
0.34565940627324	0.402860780214977
-0.30578036416148	0.282830355897316
-0.529561986883486	0.574441243905907
-0.126136926111231	0.119511244029982
-0.276888169296051	0.289976212411156
-0.428717841629962	0.641957825615567
-0.571050317795514	1.26990906347418
-1.35090235712844	1.18231625144187
0.104789667136975	0.0740535564195607
-0.131278473770528	0.0902076171710122
0.105029408368081	0.0742345750140804
-0.788232305482405	0.414275835906919
-1.32938572253344	0.733074998982863
-1.51140176261422	0.927988291760551
0.399294503275736	0.293374967381293
0.0859014915634962	0.0468510187878195
0.681134523924624	0.550455151752996
-0.235316786021102	0.137981180349472
0.387356499692441	0.203515397099809
-0.98166437291329	0.891348219855638
-0.217386798813199	0.161055170874197
-0.315021751967628	0.180499788738142
0.276527333024065	0.193404830580203
0.533171724953987	0.411076621770173
-0.282198188136581	0.244182020642826
0.399121622756497	0.355144790287291
0.399770424523573	0.385246419376635
0.401399223520908	0.415812060223692
0.558710605731845	0.623874211122718
0.211948576329243	0.113865296765307
1.24600584917066	1.14588779083778
-1.04437342022381	0.87478702664477
-0.413985546774724	0.32111240827119
0.196467915729572	0.145662719022348
0.522254066330468	0.423767227511228
0.0855972236079637	0.0466817565088722
0.0855047295225229	0.0466274822827962
1.58605708050828	1.82457100654873
-0.719710805933119	0.767451436739019
0.234112079861019	0.135489192248169
-2.10727742655476	0.3785967871456
-0.413878595132534	0.321065353400636
0.301431028422242	0.245728277307987
-0.265289293127329	0.193842743585839
-0.23539602597155	0.138035568356171
-0.039467894351048	0.0250286748113181
-0.0487047600275729	0.0265488692503066
-0.314943947858019	0.180508496860338
-0.665440101127456	0.583556844305442
-0.167754090883061	0.0869546539632337
-0.968033043844823	0.567023112730889
-0.119597131265098	0.0730980839289773
0.522414617894451	0.423918668845377
1.12017577789329	1.25737545212184
-0.414045673528618	0.321172019975283
-0.171937931217338	0.103046922596437
0.128617894345499	0.0571115897629187
-0.73228569888236	0.441519104636812
0.584781816253386	0.379967818774411
-0.572884844879185	0.391923130833835
0.0586329228416671	0.0370441448141597
0.178157308327179	0.0878173743340906
-0.17191476584973	0.103033463272345
-0.889729543678196	0.758074443440553
0.286227407877686	0.211463970334282
-0.701931635787829	0.4711048335323
0.37294067854689	0.176245525558977
0.387249349429255	0.203527671777068
0.681088260233002	0.550461509138893
-0.571505531550015	0.3124149088738
-1.40194851214909	1.05050154752164
0.396348882316361	0.226394117006074
1.24615506360373	1.14583628083278
0.401623303654367	0.415945083886775
-0.500248816324381	0.416075405525705
0.490849947615092	0.474080827289653
0.845979364827558	0.715144881301218
-0.825240015986526	0.599593248021543
-0.571969057025845	0.312725884763733
-0.235224426170279	0.137909137164948
-0.0789528454821435	0.0354404697364153
0.0479972024740841	0.0242164984656391
0.37294067854689	0.176245525558977
-0.235329933523451	0.137981629173474
-0.167860712017752	0.0870028481663323
0.396240348787542	0.226360026749263
-0.824956711698704	0.599283845361732
-0.039201130894331	0.0354529637042722
-0.444610587432228	0.61502739991066
-0.218698226147336	0.243070293788646
-0.325008509690415	0.357743098424166
-0.450088232493257	0.821409787259012
0.232135569406185	0.29524449959994
-0.805258497573692	1.23982421604785
-0.513890632199501	0.738856035846948
-0.487659615823777	0.372805015575226
-0.708950034880989	0.801241220018575
0.083569348313485	0.0559589851979037
-0.351978646654272	0.276629961687956
0.972487818199063	1.05494675562188
-2.38064264796674	1.46174675563604
-0.0789404054704349	0.0354352126325418
-0.487476854839703	0.372419261064492
-0.525141778735481	0.537817095324494
-0.389929969887617	0.276359669549728
-1.14274459002458	1.02084763016626
0.846137633560309	0.715126708897152
-0.00633857803269929	0.00353880115898878
1.03234030969814	0.911234857602017
-0.487688538815458	0.372809546750251
-0.576942594038448	0.434274061427803
0.0584218523132793	0.0369098436699805
-1.2706153036757	0.884747748728149
0.399106854244915	0.293176960774261
0.567073497842433	0.612350181567098
-0.173832089409108	0.117617618957449
0.567288953992258	0.612592337020702
-0.584924233730231	0.595075365057157
-0.217541678589498	0.161189557587135
0.140400216313696	0.109385608079568
-0.184271044593708	0.0790222441021079
0.398765561606098	0.276966640430354
-0.11962432842317	0.0731207776275701
1.15453242176802	1.10874641219142
-0.852711082516985	0.785806559178677
-0.00648246208559319	0.00361788921927842
0.155798984843697	0.126925884408503
-0.352019872466604	0.276711013413076
-0.967274415357934	1.06811368328866
-0.992519919269704	1.21876243070717
-0.298839945557986	0.237664632715062
-2.10706742962015	0.378548652882402
-0.171877447008978	0.10300836389379
-0.674847309630688	0.545617365600518
0.399587112669457	0.309611469101884
0.917385739851407	0.884686342578039
0.584850270466903	0.37994255767768
-0.576942594038448	0.434274061427803
-0.877128198496476	0.577191008258668
-0.938800820501774	0.734004736031384
-1.22619164385113	1.32045716391472
0.681050825914096	0.550390686111211
-0.17381013832956	0.117590207916173
-0.38995717249119	0.276378670243734
-0.351888792682056	0.276612510429749
0.0479747380547107	0.0242080962692441
-1.35107339402949	1.18248216137797
-0.573214592148753	0.392266645889591
-0.119545471464112	0.0730778713492053
-0.171998424677568	0.10308111895244
-0.449738456594333	0.282686420755686
-0.422363725502875	0.236700130314835
-0.314883095294388	0.18046152778602
-0.314943947858019	0.180508496860338
-0.100435448908401	0.053405283159304
-0.167776509342108	0.0869605415634023
-0.732021846522536	0.441299012127764
-0.571743456153145	0.312557694105377
-0.100361481812431	0.0533560155306658
-0.577113612382909	0.434238300049935
0.564242568767649	0.389576900413468
-0.389929969887617	0.276359669549728
-0.00653322317101659	0.0036465042430468
0.211819494672195	0.113810815709731
-0.171816972074702	0.102965328684015
-0.00907866149999291	0.00298664964320787
0.76967609689596	0.713268882191315
-0.389929969887617	0.276359669549728
0.532944050487101	0.410601365428437
0.735715487882206	0.882082642821841
0.512720494873722	0.436496706680383
0.522441885682082	0.423905445396472
0.399534576680688	0.340648388116244
-0.390010170761787	0.276421028544424
-0.389848350114725	0.27617953887497
1.15047531248121	0.773938666265461
-0.167784410327834	0.086973154849
-0.00471351223080486	0.00218494087160831
-0.260343515581359	0.131418537401997
-0.00473520578037929	0.00219591531042473
-0.573029878753656	0.39203480139103
-0.300426304643995	0.366257617394609
0.0665992524356586	0.0762537616999425
0.0942811111756129	0.122860409653757
0.0761992579980801	0.0943715172610491
-0.148846337556282	0.196419847729595
-0.0391766364356816	0.0354299987275735
-0.344406837930241	0.5509307749169
-0.156577140975488	0.183445610678118
-0.308019068728431	0.321613498368632
-0.105875522486304	0.124029179848517
0.035978348595604	0.0420371699353874
-0.105475676033897	0.133526419972976
-0.624263309535999	1.32408782657724
-0.473924166337122	0.866624196562185
-0.158779186824354	0.224749041587361
-0.199447357927812	0.198807619314791
-0.0568844530871761	0.0512363424094048
0.735638044106412	0.881960695370533
0.0858883652709848	0.0468433639331458
0.142157508647189	0.0889086562327631
-0.376071889165895	0.319753127321117
-0.766361533159932	0.663054207629342
-0.381208085815681	0.395603921709069
0.577087572672009	0.601812001111028
-0.43346365796646	0.364672020241822
-0.217321429867897	0.160988624983541
0.588655595562123	0.591917317354838
-0.173621071576	0.117433649679011
-1.22050327734724	1.47044105352652
-0.144453079280324	0.119035776396889
0.0634177398643837	0.0471771638213609
0.123515650223371	0.0917803540039835
-0.395706607950312	0.361347945098586
-0.0942996919488905	0.0656739539408303
-2.08389377143152	3.44378532638657
-0.518724251407531	0.498683219494852
0.155400684757702	0.126563817950496
-0.746777358679391	0.697077204422489
0.0288780997559482	0.0171251235675729
-0.732343966226849	0.732975394634013
1.01587110648226	1.22343588808941
0.209758456177988	0.163326009705207
-0.37205274407382	0.429832188965488
0.25981907373165	0.248798623827069
-0.435057514577203	0.475297799370073
0.0424539004200372	0.03008432465665
-0.568587629600642	0.350072873428545
-2.94698077954152	0.645760131429668
-0.260451488548062	0.131406619854658
0.399267318521548	0.293356816796475
-0.100524984420176	0.0534573894442428
0.399517607121712	0.325283423741794
0.5847357691575	0.379831069254859
0.956226036647493	0.344930752421141
-1.11409385166674	0.540651439280993
-0.358536204185177	0.229923387816294
-0.224362360916797	0.149289333907045
-1.22591487824436	1.32001981906622
0.804196729548054	0.712377530199034
0.181547743075507	0.127765068502275
0.0185265835061047	0.0124660216036687
-0.576956172384241	0.434247580911962
-0.414086801216305	0.321144544057892
-0.252999961565679	0.203277186516238
-0.322222202454651	0.232070845187278
0.209850794760168	0.16341255471696
0.0286372662161339	0.0169722158282773
-0.568481019853327	0.350153375981782
-0.0395541441011701	0.025083993257901
0.0289326517762757	0.0171551334141549
-1.54134656243585	1.515594319823
-1.81225698285298	1.31305541513534
-1.13154295188984	0.867783868580836
0.399542940036478	0.245217361896434
0.0836835205557206	0.0560394240906711
0.301564125786756	0.245862910787984
-0.413856609751681	0.32103831463558
1.18705883143038	1.28247683048444
-0.00467057234517247	0.00216620810420213
0.711915228195204	0.546557048928131
-0.449551847246755	0.28255524491248
0.711915228195204	0.546557048928131
-0.510309195260785	0.457876678530313
-0.65342930032136	0.659939226936215
-0.766414454254694	0.663108225094003
0.0421428605707934	0.0298571811052475
0.756428542148518	0.878263117741164
0.0585699011891016	0.0370057778942593
-1.13160407322127	0.867781212342318
1.01556405300213	1.2227607009341
0.140530372934002	0.109483340296432
0.163542982860668	0.108778932354839
-0.285030319307596	0.186329206529657
1.36851924853759	1.36370108964016
-0.21747622332068	0.161139158750961
-0.171998424677568	0.10308111895244
-0.981319481473907	0.890878556348043
-1.1612254013925	1.89832448491738
-0.172021587424904	0.103087776800566
-0.326102142331909	0.27980884737187
-0.486792512686667	0.558616789104668
-0.0885592077796831	0.12411191503807
0.0557896851046365	0.0654675083797536
-0.351281819320573	0.467288127952674
-0.34260920698167	0.599535584098736
-0.470251104637231	0.809059082094935
-0.02243834383574	0.0260570399630716
-0.236795406164504	0.276253553903561
0.196508214764181	0.293004311694413
0.130286484938978	0.189908229301379
-0.193930022898466	0.266707997461013
-0.326502918994638	0.397466909741936
-0.627265500286952	0.897798022168707
-0.346006284526548	0.498821101425861
-0.200245767571844	0.265832687838829
-0.191599247816918	0.234594754057492
0.0829383734450413	0.0646204591015219
-0.0345456563800635	0.0246553997405873
-0.472214977594307	0.329105137833627
-0.391611384485079	0.191440763997525
0.399767001149478	0.245331534897525
-0.267688914074446	0.248872086846151
-0.325236784632559	0.358093847196978
-0.20253899457666	0.189902287366432
-0.0651663057746699	0.0546414560637425
0.116178045356212	0.0985147106849261
-0.585126065279361	0.770293792370318
-0.395533285532983	0.361130423957381
-0.212655936867747	0.172509682189
-0.581600116981307	0.516448993782105
0.100308368014548	0.0816152958404277
-0.253015253696495	0.203332579914536
-0.41128876973223	0.400747824114552
0.567195175434333	0.61255360770368
-0.0785892731813948	0.0606712309290928
0.399908452728743	0.385329318699264
1.01112737245094	1.3760722150966
0.572234336658147	0.821741496420819
-0.325222549635585	0.358084098579897
-0.365971021413063	0.358251328317554
-0.15205325393663	0.152425099954967
-0.384540917581689	0.466179623808199
-0.0514489781469299	0.0494504647558614
-0.719710805933119	0.767451436739019
-2.38042444385459	1.46123876220106
-2.10706742962015	0.378548652882402
1.80554775261157	0.656236220945208
0.178315331624704	0.0879190895682354
-0.260422454505934	0.131473076198748
-0.327441044350617	0.12966822779127
-0.00866762541139504	0.00285038216826518
-0.951510131474032	0.272461351367526
0.061698863167424	0.023890625298551
-2.10727742655476	0.3785967871456
-0.395569071058419	0.361095648906001
-0.95767275557613	1.23772945943506
0.181440973065105	0.12771404261578
-0.376184178106449	0.319890001238324
-0.212807712605218	0.172656903022634
-0.11507086084031	0.095411065194091
-0.139772117374668	0.105960867449711
-0.518970256784061	0.498946684593018
-0.966856282490954	1.06715893034372
0.846058516894194	0.715174091580805
-0.708988647364311	0.801273952586243
0.221533088559734	0.180579541509493
-0.235475303257102	0.138083428952403
-1.29917429922992	1.4723113078035
-0.852267443587932	0.78527817468498
-0.284970053545889	0.186273402942853
0.399665633163718	0.340749110635585
-0.732114848484512	0.441422043241892
-0.0394432749489625	0.0250150078693679
-0.039529500318646	0.0250689531848583
0.398737028107333	0.276969072845267
0.142186070876474	0.0889284491342572
0.163732271593213	0.108881835348847
-0.131340291465666	0.0902446846737251
-1.61852097922878	2.28239177910328
-1.54129999472316	1.51543877411016
0.846018526288771	0.715177552485163
-1.81237114136569	1.31320997805571
-0.00633857803269929	0.00353880115898878
-0.173665041486168	0.117482242301805
1.49712032565267	1.42990651028131
-0.571625155419932	0.312331918512082
0.0829597566437243	0.0646407193196169
1.15014266729831	0.774326861652598
0.656392640007597	0.556873595673821
-0.322348470771355	0.23213817577111
-0.314890819633048	0.180423742127342
-0.00807535621702306	0.00520516817189816
-0.115164534631035	0.0954964118068909
-0.265397003950371	0.193973549463885
-0.420735234561705	0.721445579203547
-0.0925662970909695	0.121127411791047
-0.340408258940519	0.394078138005754
-0.242232188651785	0.370730386574925
-0.445472172447712	0.765458298493454
-0.159532701864684	0.249118063214278
0.278508672378628	0.431777801288826
-0.279824225553968	0.372375512731232
-0.126839194260545	0.120249646170069
-0.745854431616234	1.19526560384718
0.0293187540299522	0.0247161310704656
-0.427661703042071	0.542265291640223
-0.0773500472670978	0.078462191924144
-1.31337621508129	2.59872624870565
0.674543013111606	1.07396001749959
0.851346502980309	1.34497060464246
0.063583400431616	0.0473103569520549
0.750937243272865	0.546463920727753
0.0289295329639315	0.017156171874967
0.44905816517692	0.0872417415102285
0.606999733160499	0.368112755368252
0.399522808019211	0.245179011225327
1.31601382519203	0.589391230638723
-1.63529122922898	1.39567717437349
-0.934058258791843	0.913876341257033
-0.792029090058758	0.630725452876737
-2.19293558337519	1.21094334214883
-2.68347955252304	1.94037716108951
-0.325617640348023	0.320282933595071
-0.0346394716640665	0.0247222353576593
0.133512413822332	0.134417040077757
-0.0888572498983243	0.074111265897215
-0.719681933824323	0.76741538842748
-0.472024518616386	0.329044883502682
-0.376123441249274	0.319807562477193
-0.171891600284617	0.103013652092688
0.042432131103424	0.0300688739436571
-0.487528107083404	0.372641556643944
0.756095580946045	0.878091605614151
0.123429301501275	0.0917008205826045
-0.665292368008438	0.583255271587081
0.567272638214806	0.61254678420319
0.39936279011786	0.370202968994772
-1.05049662770022	1.34894689723225
0.143443296546321	0.131352418547527
0.182002406706416	0.16099563417071
0.0853718090379663	0.0750282141312147
-0.00939342250326577	0.00677021913813685
-1.12253165267419	1.90204816701128
-0.253354877957242	0.203633729734715
0.402733937014348	0.139484956672463
0.403632537227691	0.139839884189156
-0.103708004302289	0.0288061650208548
-0.105329780244259	0.0292757305992616
0.365797211168257	0.150339977566715
-0.57896117813973	0.267319458250344
0.67158217394513	0.334848424054662
-0.517899147573227	0.179109173088448
-0.951510131474032	0.272461351367526
0.449482770198073	0.0873321855854351
-2.10727742655476	0.3785967871456
-0.282302769043942	0.244272051426965
-0.25320853794741	0.203467526110747
0.100354666237511	0.0816745607099539
-0.643566041458338	0.731013916701746
-0.665647710595455	0.58393081140269
-0.732058126746874	0.73286505952673
-0.411299336457867	0.400754661376548
-0.176311879271122	0.1321822113182
-0.144241881701386	0.11881716750626
0.83836500572015	0.876939662208736
-0.0784345608345093	0.0605629423147764
0.181354727690782	0.127651068600099
1.15473009233139	1.1091368898902
-0.674898840923898	0.545790922920221
0.874903457818242	0.879486662869135
-0.314829114370994	0.180396854124777
1.12030004251093	1.25744286931594
0.838147206191863	0.876624686127254
0.769782120407649	0.713257920916767
0.398873322187915	0.260949289938167
0.490640159755011	0.473686551426739
-0.173939041290908	0.117697673411669
0.0583779630996754	0.0368742710090945
-0.176337785534195	0.132223951721488
-0.11965016965936	0.0731244973706263
-0.579085619235567	0.475083606385818
-0.131036907601626	0.0900279719569885
-0.0788332563552394	0.0353882174785728
-0.788464314880281	0.414424326723021
0.0858353222994158	0.0468161299105287
-0.577026152697648	0.434341282550561
-0.284839857471493	0.186127346710592
0.715293602340041	0.720101173495409
0.0835937245357483	0.0559856134374031
0.142157508647189	0.0889086562327631
-0.843804110301446	0.995126018405209
-0.41414990070499	0.321150625531014
-0.47147025371483	0.484948849371586
-0.31504298439335	0.180518434415824
-0.305909055347326	0.283015327077871
-0.23539602597155	0.138035568356171
-0.606549950060583	1.1848639127535
-0.577616494583746	1.12689726082482
-0.410271630850358	0.766813676287323
0.115337184763192	0.151150934909004
-0.061252488659715	0.0622596797565774
-0.120851347403029	0.10747869289734
-0.0781571351872951	0.0603214789494997
-0.144514755084719	0.119091478732699
0.404287695800399	0.501511577993483
-0.233269753018803	0.217751111969343
-0.267751519500111	0.248973640142488
-0.346023046730009	0.49893153536554
-0.11507086084031	0.095411065194091
-0.115094293064442	0.0954358286865191
1.45577579894711	2.09478257219345
0.242140111447066	0.214796641564638
-0.389825426113108	0.276177511751794
-0.933677904413781	0.913253237878811
-1.12680276458926	0.723836733698945
-0.00658983310019751	0.00560645413807598
-0.571862109960018	0.31258660103728
-0.391238150997326	0.191181990707606
-0.638781898124603	0.764031765054324
-0.375985372218627	0.319680652801176
-0.622655368968994	1.00160208693376
-0.78324130605379	0.879597911233598
-0.285030319307596	0.186329206529657
0.0584026231420108	0.0368958685761365
0.232151565080903	0.197615425433015
-0.173791021253973	0.117590988191062
0.963545976406489	0.737152407988497
-0.21284349679664	0.172654511803032
-0.342826037262377	0.356951097307955
0.116231147311289	0.0986005311997666
0.13035565857053	0.114951190571958
0.644620960460947	0.746193686295694
-0.518796646532029	0.498836162530179
-0.358863959568814	0.230090157008303
-0.103708004302289	0.0288061650208548
-0.84939471515573	0.353874659115583
-2.94720125929596	0.646055459499367
1.80543669637378	0.656160870630634
-0.105159166906112	0.0292185674982776
-2.10706742962015	0.378548652882402
-0.95187692509697	0.272670624519378
-0.406536039818103	0.0912270232471427
2.59830808808347	0.565621890602798
-2.94698077954152	0.645760131429668
0.0134928622278621	0.0100454496195006
-1.15792790295043	1.47475703685246
-0.41128876973223	0.400747824114552
1.10706628667076	1.72531687564441
-0.583662543927581	0.556542009153563
-0.256171915161866	0.253749995200132
-0.674845861436495	0.545752345612659
-1.22598111337147	1.32047574805381
-1.34528113024032	1.77182221009552
-0.0784399084616426	0.0605682644524867
-0.0396198870409477	0.0251239671273293
0.602496999521816	0.582942508444478
0.399582999729393	0.340690923532659
-0.376163929996024	0.31987943573016
-0.0945131734580805	0.0658459477266383
-0.217583036604374	0.161222023874358
0.399265993705074	0.293298484223624
-0.376051625080817	0.319760670481302
0.399608036730219	0.325348253014689
-0.00907248770882343	0.00654208117563044
0.602300445039575	0.582911394776598
0.140421833819028	0.109404273443709
-0.00796854875732294	0.00513594447923799
-0.00818216270466775	0.00527338883810572
-0.253542698588215	0.203720239244023
-0.260221077891709	0.131295225553812
-1.27073852153077	0.885116853872745
-0.967928406766678	0.566690436445225
1.2679225316853	1.31676048657897
-0.517010624683618	0.178709666938849
0.12874862606073	0.0571671158579758
-0.285271468462928	0.1864724062747
-0.568541766074588	0.350174119857092
-0.358653698911515	0.230066631527229
-1.08434538913818	1.18406953562115
-1.32934427758984	0.733020573050618
0.0858353222994158	0.0468161299105287
-0.217300706675367	0.160976269658147
-0.576905701247131	0.434174829667432
-0.791945482047303	0.630661225316363
-0.931891463628717	1.09128536857297
-0.44460410127812	0.763356941235243
-0.240785324029316	0.344904152282875
-0.445116318307736	0.764958091869657
0.0554069210071015	0.0712555644470606
0.123036005474124	0.119996017816917
-0.468893833029305	0.620489038759732
-0.731945584304859	0.732724845641667
-0.326268325380026	0.279999349859245
-0.198032543088585	0.209099077709986
-0.0232956454635785	0.02911439869099
-0.17275893509469	0.211439792866596
1.12990175764348	1.89295670534039
-0.207317241538308	0.181700300291216
-0.314852629161087	0.180421594369275
-0.176210775370144	0.132134006481274
0.398802943932428	0.276921409611339
0.688327325144933	0.900788338867582
-0.848756633713589	0.353692019334519
0.213228445845939	0.210416656291859
0.23200792643472	0.197426319508959
0.196372815387554	0.145589390572037
0.656312403674297	0.556815343915179
0.50609755238703	0.738398461789208
-4.18668471132409	1.51115380013371
-1.32938572253344	0.733074998982863
-1.27073852153077	0.885116853872745
-0.0790660786633357	0.0354934239501734
-0.00651948015524466	0.00363872630473713
0.9796573659089	1.52098929347169
-0.504408887354516	0.6664023796877
-0.0523072115014975	0.0406984312144248
0.768868114955406	1.03854352329832
0.100379761006642	0.0817101339471007
-0.643455281402154	0.730870685159062
-0.104674754370764	0.0290881727694566
1.29047191149383	0.361322640689658
-2.10706742962015	0.378548652882402
-2.10727742655476	0.3785967871456
2.59836788378482	0.565681354882139
0.44905816517692	0.0872417415102285
2.59836788378482	0.565681354882139
-0.406653408801407	0.0912540543799087
-2.10706742962015	0.378548652882402
-0.176562958746948	0.144418780197355
0.142051476455936	0.0888577884553235
0.474999005929906	0.528153748820748
0.140132505750641	0.109128350379103
-0.665499805404787	0.583737580326332
-0.276516682080781	0.289440723809469
-0.265503234470177	0.193990745397651
0.401331613030592	0.415718042714063
-0.0944124782003489	0.0657598698304996
-1.62156746387656	1.98508739764248
-0.434736757887662	0.474802536351208
-0.581644939261582	0.51644821839779
-0.709199120868584	0.801267386116628
-0.00911114709623453	0.0065699635116701
-0.171937931217338	0.103046922596437
0.602300445039575	0.582911394776598
0.917279572821225	0.884412567880966
0.399401919280144	0.293389116830328
-1.43536495358566	1.78683598390805
0.209977791311068	0.163495519661908
-0.265374206085405	0.193941330275142
1.18703165674545	1.28243214104642
-0.00647290097493442	0.00361346614744142
0.3133568651253	0.278502834108035
0.221619769009812	0.180629418132482
-1.03361750767048	1.20000036554384
0.123385420895066	0.0916683702506069
0.0832450744155917	0.0557366860367915
-1.14872304114546	1.17227631918769
0.128635112134114	0.0570972382496525
1.34290899621575	1.01496515257567
-1.27056950611993	0.885278385976038
-1.00946265936106	0.719458642516027
-0.106014021630918	0.129283666372189
-0.314281755022335	0.400777763680227
-0.360276741628762	0.558242654335611
-0.0515486384974277	0.0495494753080587
0.163501719768619	0.108748360137995
-0.119545471464112	0.0730778713492053
-0.877107195262802	0.577129826927392
-0.422363725502875	0.236700130314835
-0.411504846215708	0.400911553928438
-0.414956534209771	0.574290413146474
-0.414949561299545	0.574483828300335
-0.843969427173979	0.995701106608884
-0.226731070714117	0.225391390494334
-0.554585869438249	0.957074724477174
-0.0643938133379842	0.0869330056630937
-0.533292496350298	0.610208419126671
-0.131605075370406	0.132446751830548
-0.461441304065372	0.717195469826345
-0.233181641333644	0.217645038078927
-0.175500413497461	0.154654417860379
0.635690366690533	0.565096016504913
0.313321043993955	0.278373330373963
-2.94698077954152	0.645760131429668
-0.571518586146758	0.312432773778368
0.221431770752806	0.1804683906791
-1.67012581591828	1.12164825399542
-0.427360807586567	0.541763057073309
0.5773915888832	0.601930129151643
0.399427771188148	0.340575593841657
-1.68512391843097	0.702434549692085
-1.04447915874277	0.874861737721261
-1.13157352576474	0.867806795163739
-1.15401061152191	1.3256086785678
-0.674979038043576	0.545799116154301
0.845939413203912	0.715148403086207
-0.0437082921460936	0.0368250370827892
-0.121096909512275	0.107694505776221
0.143219130042865	0.131064428415438
-0.665650790353591	0.583766575955129
0.130359368143309	0.114964759637059
0.143219130042865	0.131064428415438
-0.499948772006713	0.415644072437283
-0.951768045880078	0.27264192625531
-1.35563614408753	0.474557097061527
0.44025009120492	0.120379994939149
0.956881327418798	0.345023297855276
0.44013533532887	0.120310143303148
-0.103708004302289	0.0288061650208548
0.449482770198073	0.0873321855854351
-2.94720125929596	0.646055459499367
-0.233353791737002	0.217918877915409
0.512781049904591	0.43655611193485
0.294624588337035	0.229092284949089
-0.034155234768365	0.0243575600638151
-0.653495364178972	0.660029290410333
-0.139851648461367	0.106016724065728
-0.93390722512754	0.913789457162529
-0.305736569071777	0.282814017971835
-0.747223264492956	0.697777894903242
-0.375924574758734	0.31959818293731
-0.843998504657095	0.995741930333831
-0.139793880695707	0.105978206746378
0.301497585276184	0.245800297176315
0.163754195270205	0.108895605232759
1.0322086691734	0.911326076798724
-0.665669707780211	0.583946577934216
0.28639475084546	0.211604828749654
0.588609312949762	0.591794789980308
-0.0628152968296992	0.0443184537693284
0.656366764577668	0.556851668428262
-0.731905187240061	0.732583367161598
-0.224123265800687	0.149068629952472
-0.0487434176606647	0.0265806887940662
-0.0947125918300153	0.0659933735364849
0.702257920948094	0.893735002556287
0.301604328908405	0.245891631114233
-0.217627821810374	0.161254899901061
-0.413900585107279	0.321072021268116
0.606920023753657	0.368081471821074
-0.260314528745779	0.131393590854783
-0.877275294380489	0.577053836575578
-1.62742995903295	1.68731319537266
-0.100353717964887	0.0533549282245805
-0.877063949356056	0.577066528922155
-0.444282583657829	0.614523575166672
-0.0974192508347051	0.0870095940755514
-0.498896814545969	0.91426265991386
-0.0223841303201099	0.0259985394201837
-0.199678591786728	0.199081938189419
-0.585914016699044	1.01109945765885
-0.289258729333696	0.285610147408492
-0.413944578834918	0.321010097492682
-1.12660556615059	0.723424083244053
0.656154458155916	0.556391961663018
-0.17198944513495	0.103050930947346
-0.260329029925159	0.131417764875266
-0.173114586685478	0.211998972185054
-0.207274711100774	0.181573072787908
-0.424114659265007	0.438474036713751
-0.094123082098248	0.0951970739063029
-0.35180263882442	0.27651654586003
-0.0627782419331492	0.0442876741446585
-0.17556522105828	0.154732315930289
-0.360550970461683	0.558812163768804
-0.183069465055733	0.277796123352527
-0.419629194725283	0.829472973072344
-0.182588515137734	0.242066524217844
0.0106406216444566	0.0126435722806332
-0.310591915964167	0.57427780937958
-0.978166710989164	2.14246688461357
0.00253257352759844	0.00305942339295
0.15107031486316	0.22193483874188
-0.221806787554712	0.233475178762451
-0.325641278190795	0.320300686951898
-1.29639419876317	2.18357803266556
0.0454396536378315	0.0397590553204499
0.693857197477984	0.725158896182019
0.276715120914925	0.193567071549497
0.833284922154307	1.03326424837409
-2.10727742655476	0.3785967871456
-0.877128198496476	0.577191008258668
-0.500162625347248	0.415988532677424
-0.327230659220978	0.129567376802136
-0.311543933646515	0.361484125646531
0.399562847415415	0.325330940942825
-0.822677083205369	1.02185272648678
-0.98145256366974	0.891200517436491
-4.86829796505858	2.52918723569255
0.584644909741346	0.379823349107698
-0.358693947004867	0.230050693313241
0.061698863167424	0.023890625298551
-0.11949245706525	0.0730428325659769
-0.571624596727463	0.31249828110112
-0.391716070497778	0.191515317219743
-0.573056252013549	0.392154337670413
-0.766414454254694	0.663108225094003
-0.024350609948655	0.020619650425278
1.0095304464409	1.52990622419431
-0.358161775849201	0.393367238017809
-0.648583481465555	0.696530628409834
-0.25314518634837	0.203447879773994
-0.708911413623712	0.801159832729146
-0.0783517294251437	0.060482650095366
-0.701824725138337	0.470945497752617
-0.848873389158817	0.353718585819526
-1.35626224425971	0.474875835650706
-0.00793643439331131	0.00260858291975344
-0.406260094312188	0.0911374164788629
-0.327441044350617	0.12966822779127
-0.103877372062926	0.0288628201081387
-0.951768045880078	0.27264192625531
0.448931724883838	0.0872096407569261
-0.518644753386396	0.498552763479775
-0.52511914589099	0.53770434942463
-0.115274050396671	0.0955989679801545
0.399641383132292	0.340642365045055
0.588655595562123	0.591917317354838
-0.50009704051959	0.41591664999723
0.0290082101700786	0.0171999121963372
-0.100458668795975	0.0534076702199801
-0.581686252519767	0.51655310567462
0.0183938786951743	0.0123755751274869
-0.38995717249119	0.276378670243734
-0.525036581079599	0.537698163438197
-0.783342431496005	0.87966991487714
-1.85878124781845	2.22421999966419
-0.536654411491271	0.645538652184003
0.058399910005269	0.0368930739841914
0.16959547955057	0.144122524369938
0.250513390435162	0.155108504066862
0.564130014999798	0.389398997481229
0.116284536468204	0.0681178066573984
-0.176701382676573	0.144561083548768
0.399185776221985	0.293205187254667
-0.326239444133989	0.279984135591738
-0.0490594629448469	0.026755104726524
0.846110950864864	0.715171097862936
-0.119438062625368	0.07300144384376
-0.351757803318784	0.276475769948736
-0.17191476584973	0.103033463272345
-0.282034949998739	0.244000895597825
-0.376031363505098	0.319750089878646
-0.658791281288364	0.622276283523047
0.313407471062724	0.278546268335981
-0.824964638019071	0.599304485288219
0.178250692646318	0.087868903847657
-0.327440587999834	0.129669435996948
0.584721353956748	0.379925831477889
-0.0489803984799141	0.0267132188815541
-0.968033043844823	0.567023112730889
-1.12703758998166	0.724067663560919
-0.225867550799377	0.288548022808556
-0.0974160650927609	0.0869860912230766
-0.305664450426248	0.282699831027979
-0.21852332939636	0.242875405781708
-0.860178904125148	1.68194515923426
-0.548534145892736	0.787313352890265
-1.23449650686296	1.17043880852511
-0.648663057944753	0.69653411354096
-1.54116582767189	1.51538502427765
-0.00692258994190108	0.00670634391552571
-0.533363324424343	0.610236945462256
-0.248210883909527	0.260646665418004
-0.41764980270654	0.694166937169731
-0.450834407240724	0.649175908821402
0.17500143341894	0.177332559550104
-0.868432552723655	0.967915722527311
-0.22446989148558	0.149358942874387
-0.00851306069175468	0.00548496563254253
0.143332865983885	0.131225167231242
0.106154270541685	0.119065663909646
0.244341867733453	0.327328935313567
0.0566571471406228	0.0698450577931233
-0.078811390516131	0.0994001144470172
-0.1829632363784	0.277593933987274
0.0106749700986831	0.0126845781895055
-0.740533006058921	1.78963722359125
0.00877866796560214	0.00915890899690678
-0.413593114824792	0.862112631208464
0.152644278022673	0.196626515022546
-0.316580964777155	0.568714134529422
-0.1121453250622	0.113166330727773
-0.256313691860393	0.253958596732833
0.286205496442117	0.211423685038507
1.03236752144278	0.911314788146664
-0.376051625080817	0.319760670481302
1.29007573135185	0.361162560899904
-2.10727742655476	0.3785967871456
1.34262833885246	1.01429436864152
0.522255572076881	0.423714491603006
-0.788353018666431	0.414337941238971
0.752432697931713	1.04302528065977
0.318819834813406	0.294902777894859
1.24607295645166	1.14595601921863
-0.665248251953417	0.583179077961421
-0.35184393948654	0.276566025269648
-0.877254707096913	0.577167546274364
0.365691750007034	0.150278237952888
-0.568450605056492	0.350111713650879
-0.0083456807373163	0.00274570284113593
-0.732129713916639	0.441387161072424
-0.968040626027814	0.567014988604947
-0.848554588996423	0.353709685597233
-0.471926829276133	0.328942702328004
-0.173897970235959	0.117662972860727
-0.26761604360649	0.248801158501519
1.50743923105578	2.65135769292956
0.182273303094911	0.161310099089429
0.0635502476166685	0.0472862518912708
0.0455024604358355	0.0398153228391169
0.11627535120551	0.0986468835494721
0.0134980689864292	0.0100506447131173
-3.87483571435345	1.20595805352468
-2.10727742655476	0.3785967871456
-3.48199261945285	0.919202577093156
-0.516625938445608	0.17859542475739
-0.406536039818103	0.0912270232471427
-1.35672844137063	0.47506664569878
-2.10706742962015	0.378548652882402
1.29047191149383	0.361322640689658
-0.103708004302289	0.0288061650208548
-1.15818089811188	1.47556622594222
-0.265417598331787	0.193999504196372
-0.075883242399936	0.047275522636925
-0.0628948016396177	0.0443787584257358
0.929877614486164	1.04598324444442
0.18157630714099	0.12779076341899
0.0835281520701357	0.055942087371443
0.286545576800344	0.211745782117452
0.0586329228416671	0.0370441448141597
-0.449746215436977	0.282653986067633
-0.282270002489326	0.244246371954232
-0.708916722744642	0.801159267647091
-0.581534663169211	0.516361215772892
0.399493311157774	0.340648530554729
-0.801436975839025	0.847301506892302
-0.73210434669643	0.732822966651815
-0.298839945557986	0.237664632715062
0.232074247641884	0.197503168171419
-0.267712316768068	0.248880599658532
-0.449551847246755	0.28255524491248
0.276768103389844	0.193591961324523
0.0476927398728088	0.0240540464947787
-0.131102415469497	0.0900815453227977
0.196771072940541	0.145940222460178
-0.173750001371629	0.117554131790799
0.399032143012627	0.261073229564847
-0.28498370230448	0.186287806202676
0.779565779789474	0.875850445485595
-1.14891173655776	1.17265415072568
-0.395728183223634	0.361333908477863
0.123529472176036	0.0917478836077094
0.22158374872425	0.180626235790488
-0.0760945859454269	0.0474073772906456
-0.413900585107279	0.321072021268116
1.66371822130544	1.51651645580778
0.751023300013365	0.54650935831214
-1.00944753293436	0.719129583406553
0.796542286709821	0.546503907985386
-0.0786522619879239	0.0353023758590265
-0.171961096389896	0.103053583967166
-0.877190672530262	0.577147451985876
-0.845671128222894	1.35015312954088
-0.467922470423157	0.779516721145962
-0.308141993914434	0.321797804411755
-0.60959054503874	1.15623771741097
-0.981373927907795	0.890781296672914
-0.487500816684725	0.372594781225635
-0.449470313294104	0.282463449072139
0.106015196381801	0.118884360630089
-0.434908796910979	0.475079938805402
-0.00695881509584162	0.00591667868182574
0.0767500681319197	0.0903728081680579
-0.0170638383896255	0.0190413568765661
-0.539671809551173	0.68020757023025
-0.0521314365169403	0.0405451521077972
-0.217479677185733	0.161078881488715
0.617658785731477	0.573718074229117
0.155348737508658	0.147352719582825
0.60267390896976	0.784083989395672
-0.0755513096171304	0.0883538214215632
0.41484026317571	0.714473122831638
-0.342101043422037	0.707373455044695
0.240419132597497	0.391931728776217
0.0192625372907379	0.0243744974690531
-0.467959812807479	1.00542819423871
0.0856454535295764	0.108881421089518
-0.122230609363692	0.143287975230045
-0.0991988202564098	0.148930136287497
0.00124797869275484	0.00133857943235319
-0.411355450797932	0.400792253421648
-0.358147662677212	0.393320324164048
-0.0762042704569258	0.0683471931295856
-0.0521739612878664	0.0405908461634466
2.59830808808347	0.565621890602798
0.674979730631872	0.731007263015943
0.16953376184122	0.14411144469807
-2.94720125929596	0.646055459499367
-2.10706742962015	0.378548652882402
-0.568442908073705	0.35011647403505
-0.107412124682034	0.0822269972340084
-1.1144886963805	0.541000350984738
-0.241959530285284	0.268306289668335
-0.0627833616009338	0.0443022408208826
0.0139413270017102	0.0103782752797889
-2.46795055305169	2.5048407483716
-0.877213265073092	0.577236204859608
-0.351737144610455	0.276443296639625
-0.100443178122335	0.0534100513858687
0.0617424742393982	0.0239084459082885
0.128504583636049	0.0570536698492632
-0.326973043347337	0.129413106959877
-0.119465260841818	0.0730241295804546
-1.35563614408753	0.474557097061527
-0.472168616436183	0.329139563619447
-0.577099994021257	0.434404359083589
-0.791982672273346	0.630647826107759
-0.351692342607298	0.276392188441944
0.0827838581106797	0.0644607738968201
0.0854141532582469	0.0750766301503132
-0.967049548849028	1.06787771696256
-0.052036715665658	0.0404758863729422
0.0136925467103432	0.0101970769820533
-0.648453406768735	0.696391400359992
-0.406653408801407	0.0912540543799087
1.29059040546749	0.361273728188317
-0.951510131474032	0.272461351367526
-1.35579670478113	0.474613983393002
-0.701969859027272	0.471086554526434
-0.31479876138457	0.180378411709713
-0.0343865416848875	0.024539334612656
-0.585059514118121	0.701923830117804
-0.708977986712781	0.801252841972289
0.0532876161164938	0.0433126218013503
0.318720108961213	0.294807481673212
-0.479772411613796	0.522425259776326
-0.217607155601996	0.161234760783561
-0.326217680226833	0.279951354358186
-0.411088498523833	0.40033945906451
0.123595155527709	0.0918402169438805
-0.0759051448786092	0.0472913722500453
0.286630581476719	0.211776907170917
-1.15424793204607	1.32580713370107
-0.0627139050408842	0.0442445043060467
-0.992722096054201	1.21864750660147
-0.0435785694301233	0.0367117278776408
0.181465589387316	0.127734472251748
-0.868275288389049	0.967536833013036
-0.901869572006474	1.11456661895987
-1.75193509357811	2.33614187965611
-0.472033637882765	0.32898027204842
-1.1429024291521	1.02062320615709
0.658696980269503	0.738087439847934
2.0354198965861	2.3051338942824
-1.27073852153077	0.885116853872745
0.318830730771594	0.294934297416184
-0.413919608406986	0.321094793095108
-0.433054031066367	0.364298691297709
0.0835487526622134	0.0559518379536002
0.181617449538402	0.127829003534113
-0.326261191267614	0.279994902864455
0.973857625812202	1.20993076842836
-1.01122278980938	1.36404557595975
-0.351954321284277	0.276666513577105
-0.212800342875398	0.172658169951897
0.963362903941932	0.736684857359088
-0.260579855127371	0.131555960501043
-0.877063949356056	0.577066528922155
-0.00462697564859522	0.00214403876152766
-0.235369770675652	0.138004043591348
-0.224203491251128	0.149157174432024
-1.40188477168528	1.05085158297314
-0.121957153463049	0.142929027596578
-0.0772609239711785	0.0939451538316684
-0.371946137782183	0.429598335673497
-0.499990261721044	0.415683518855422
-0.51053446509302	0.458154101091437
-0.472312741282577	0.329143805461571
0.0480737227852809	0.0242527501457159
1.24673053724569	1.79724504193947
-0.730242814433263	1.25723645870691
0.70443226405951	1.60083794104726
-0.00831300788254624	0.0053575270356208
-0.0682575827945981	0.0654093764740782
-0.807603358794782	1.43605908182364
0.0657345038006968	0.0751722225952177
-0.137727857874516	0.168352178959373
-0.585351335383503	0.631872378296619
-0.131188573518199	0.0901445086009192
-0.699202732063356	0.833438469017457
-0.305808690136794	0.282908391946252
0.467171304212201	0.567979966004912
0.238158689003943	0.310839052598509
0.368598033429997	0.565542067217779
0.0669038463965206	0.0807396110997549
0.161913290461515	0.198482683860611
0.0011263931361927	0.0012087290458582
0.0103930455749249	0.0123464756138232
0.00918456936785495	0.0117540167453642
-0.145609495528574	0.212706083913926
-0.836224706317581	1.88421246104385
-0.332679477256441	0.598933684431996
-0.285535583379865	0.453546191079377
0.0710718103197926	0.0956250585447634
-0.0472296134008559	0.0550337866534127
0.0631529154219016	0.0830766308490905
-0.206355549803038	0.263598226741526
-0.0881968846243544	0.0988678660137663
-0.783414559833175	0.879654924827273
0.182249881624512	0.161295216147335
-0.233357702363722	0.217941531856344
-0.139779202407141	0.105948102013817
0.0295471054942745	0.0249114199514089
-0.585125357947156	0.73627040846318
-0.433487620362484	0.364815464107277
0.181288988667872	0.127593957665151
0.681125680716043	0.55046354075607
0.448931724883838	0.0872096407569261
-2.10706742962015	0.378548652882402
-0.848554588996423	0.353709685597233
-0.351909434642379	0.276629510394756
1.59584285993789	0.855378185163195
-0.411260697949849	0.400716533666741
-0.351561489246123	0.276189148582017
0.163584195930917	0.108799843938814
-0.0488089875965929	0.0266177615123385
-0.788343745757691	0.414362328106443
-0.207384860584102	0.181775694364755
-0.00649619072655505	0.00362618846728953
0.0343040718515814	0.026712977051032
-0.119599857211976	0.0731028704874724
-0.235224426170279	0.137909137164948
-0.391603095504156	0.191462066890932
0.104856176513609	0.0741043314170152
-0.568442908073705	0.35011647403505
-0.104674754370764	0.0290881727694566
0.128975937783999	0.0572771124689474
-0.516625938445608	0.17859542475739
-0.32733529210431	0.129585538245281
-0.00887297177040951	0.00291884997088316
-0.18425087413955	0.0789941818192048
-2.09935335778588	2.33049640246361
-0.686643295235763	0.50818911175335
-0.130881888655812	0.0898652664420876
-0.584872681346515	0.701681104928937
-0.173982954598215	0.117708458388327
-3.48219873584491	0.919655084022901
-1.35626224425971	0.474875835650706
-1.35610128709322	0.474818712797072
-1.40182099425293	1.05074397500167
-0.952244254371164	0.272799090918146
-1.81237477909433	1.31367842447931
-0.585256469514307	0.631634274344558
0.318830730771594	0.294934297416184
-0.35217164115711	0.276786992238833
-0.212576391894844	0.172435175292425
0.0185872421154951	0.0125071736730892
0.294411014193148	0.228881568095144
-0.584918606036924	0.73588146529529
-0.176159003315571	0.132090929615442
0.0182089956044806	0.0122438065010161
0.97259221490299	1.05490897335387
-0.0488089875965929	0.0266177615123385
-0.579337614554796	0.475447950640614
-0.674791434292598	0.545622611509452
0.65641850896428	0.556825749594868
-0.305741734725464	0.282798784411827
-0.224416920480156	0.149326489856746
-0.131344082804963	0.0902493146912442
-0.381284485572105	0.395706645869686
0.286690738942303	0.211766974426416
1.06391083798541	1.23852953622882
0.973996714004373	1.21083026214415
0.63575351225172	0.565082225728288
-0.35874606176488	0.230128359214925
0.750967604056486	0.546403961082126
-0.235567724001161	0.138125157356038
0.163521087137834	0.108760112686365
0.0832204981941732	0.0557051968670618
-0.139714348764942	0.105913617581384
0.635564005317325	0.565008227026761
0.693803320882029	0.725326387420048
0.116307687959683	0.0681343944936411
-0.131036907601626	0.0900279719569885
0.0289568043675961	0.0171732158028847
0.104856176513609	0.0741043314170152
0.276662130961792	0.193532353478315
-0.173747093455054	0.117542397067106
-0.665289065701333	0.58325310223511
1.73191854537865	1.91460587234165
-0.260221077891709	0.131295225553812
0.402989430804172	0.139588222045671
0.0480276212667614	0.0242276397887854
-0.788575520499092	0.414353051058273
-0.747050919444729	0.697737592033022
-0.825321423367854	0.599706575982585
-0.456671726654687	0.683820897176075
0.153498094205307	0.183067533647649
0.00863989414416456	0.00901374654126915
-0.835255128609124	1.1866194626694
-0.0680049752670056	0.0651420333563542
-0.342760497953692	0.356841691493249
0.0835281520701357	0.055942087371443
-0.224416920480156	0.149326489856746
0.0858353222994158	0.0468161299105287
-0.075883242399936	0.047275522636925
-0.576942594038448	0.434274061427803
0.234217042819429	0.135554715301903
-0.487555395458036	0.372661743498495
-0.0784785806405535	0.0605966119873799
-0.00721517646837935	0.00699081529146751
0.514519111236665	1.13931000834129
-0.175755693492932	0.1860131669722
0.0991582109753559	0.0903689214126886
0.0901844798691872	0.103663063685089
0.0212352002732675	0.0228392264278951
-0.54896351216668	1.09827037930992
-0.260034440700342	0.302948494032408
-0.782959530613493	0.878955584220695
1.24648500914237	1.79683407359496
0.47501760880624	0.528067839926108
-0.479792954338252	0.522470077974857
0.579176842104525	0.812321319482957
0.491132492052572	0.81703185004305
0.0568247489305014	0.0700553739002559
-0.00729128537419184	0.00876760465603338
-0.194376321644344	0.267505302986712
0.00045259451646042	0.000521290236762685
0.0661082494184923	0.0756679691037246
0.110027695857659	0.150269322510325
0.137581406738787	0.181226946842558
0.145251485160084	0.196072488055721
-0.653497139960713	1.1274426199319
-0.155402027994516	0.164904941950634
-0.520593332047973	0.808713183788455
-0.317125857554834	0.489863404308872
0.000448470606552292	0.000518294282581496
0.0124954860293761	0.0167785904478963
-0.325797691391911	0.569625814038448
-0.236872097652879	0.276409583952376
-0.492911926913821	0.593934951174144
0.196743488918033	0.145921555751857
-0.395605467282088	0.361244895173222
-0.719681933824323	0.76741538842748
-0.394820436157181	0.432552787798536
-0.237052740689272	0.276671739260409
-0.444355262497188	0.614683996598153
-0.289300542264847	0.285664444150953
-0.500228233640452	0.416045323723521
-2.10727742655476	0.3785967871456
-2.17640821178934	2.52755461396267
-0.00814076699264282	0.00524748175727083
-2.10706742962015	0.378548652882402
1.04434466175505	0.754284813205743
0.083531860600796	0.0559422626006625
-1.67035171659667	1.12130058923539
-0.0523051532215796	0.0406952569687598
-0.21267020427943	0.172544540860179
-0.100801533203036	0.0536027369599788
0.242284158280243	0.214936545477378
-0.0522395880339394	0.0406461520882526
0.0584657231335231	0.036938288303298
0.029009781927305	0.0172044213737388
0.0857690839630121	0.0467755813981377
-0.107622025876025	0.0823919798169664
-0.411260697949849	0.400716533666741
-0.351668280275167	0.276315219257505
0.833133011118475	1.03311088996779
0.617613475615826	0.573627691992938
-0.933637214716652	0.913023346162497
-0.517262058968037	0.178864495866734
-0.568564206808089	0.350070670790836
0.196412748159145	0.145598396705517
-0.58160364574026	0.51617758755665
-2.68358850192098	1.94069726217634
-0.579060886134685	0.267400175341313
-0.449707528503676	0.28249544727197
-1.93140204956418	1.94718327441122
-0.576905701247131	0.434174829667432
-0.573306969524194	0.392293013381665
-0.581513987327212	0.516291159010429
-0.0785065858112317	0.0606171165351739
-0.176662703246214	0.144519924105875
-0.176535039370167	0.144371379801131
0.10494279492139	0.0741722381789076
0.100540244553293	0.0818264519548621
-0.325390482169996	0.319910866397389
-0.351668280275167	0.276315219257505
-3.48219873584491	0.919655084022901
-1.32934427758984	0.733020573050618
-0.58151062022488	0.516288793777663
-0.175585784078955	0.154751236625784
-0.376097638886974	0.31981980715891
-0.653256422737643	0.659608498567667
-0.897191490334581	0.939727088354476
0.621363235102281	0.76443144670985
-0.285030319307596	0.186329206529657
-0.897233098049023	0.939673038658141
0.24232287330221	0.214957715948314
-0.449730708473686	0.282688698372418
-0.173878932024179	0.117609293082659
-0.235462187373492	0.138072780517714
-0.1262425415052	0.119665744452341
1.285007559069	1.48997297966207
0.846058516894194	0.715174091580805
0.740555611738079	0.716068105432515
-0.107445266925151	0.0822548647762746
-0.282034949998739	0.244000895597825
0.693663765834084	0.725153457310923
-0.86830047519012	0.967771091298143
0.042417970397045	0.0300529473707759
-1.54121644933685	1.51470518448617
-0.658616108695442	0.621951736563866
0.399348878782669	0.293364502635155
0.398965812529665	0.261023979914902
-0.224389641716655	0.149312226642465
1.18706010134892	1.28228870221773
0.504482174981438	0.449280164892039
-0.747006414651001	0.697678094612967
0.845952734120206	0.715189374908091
-0.119678716732112	0.073154203987277
0.399187088913684	0.293282605618885
0.602365984917455	0.582957641170346
-0.579293741386645	0.475309174398768
-0.747182065219114	0.697808245282518
0.71786736810782	0.887232470228075
0.860980596244526	1.03523462833595
0.232240115056511	0.197675545781824
-0.358574770830738	0.230008355533989
-0.105500634956843	0.0293179785582308
-0.471987262164561	0.329014669520781
-0.119466645047769	0.0730195618404143
-0.289266141304503	0.285629301801136
-0.245918180724844	0.314108677415205
0.488817630636939	0.939859796711197
-0.618638389526403	1.06752984278339
-0.294888599194322	0.325392942739999
-0.0226308249609499	0.0205466458845383
-0.173643054231129	0.117461058877291
0.276743950601133	0.193525720679405
-0.173878932024179	0.117609293082659
-0.314943947858019	0.180508496860338
-0.358667111251907	0.23008064430689
0.750975541614246	0.54652601352424
-0.119572665333446	0.0730925935206141
-0.196571190137216	0.218915729330789
0.145016035730684	0.195656593925062
-0.453704699026737	0.547962550346864
-0.237021442240185	0.276623789401923
-0.0507443746328122	0.0614484550964833
-0.428977066633797	0.642519584236606
-1.4789333563747	1.64762539341322
-0.0784678846214701	0.0605866114680809
-0.366083041978863	0.358489682568388
-0.729809804944156	0.998006445799062
0.123196469014912	0.16539793454097
-0.152385126221926	0.194025383180548
0.0467911815382118	0.0561949589580066
-0.0478310000730322	0.0557679161120025
-0.0119704350868642	0.012811462468189
0.239802902981583	0.353075715457403
0.0446698807113865	0.050947500425562
-0.231809318896937	0.28359405079611
0.0176423603992633	0.0205263069981344
0.490393657343254	0.833856315663945
-0.10570517046645	0.100598430815642
-0.242808994530076	0.21156964392753
-0.270013677906609	0.37389953741391
-0.554570683200771	0.957172413065041
-0.653584804975615	1.12773873066879
-0.0488819172286738	0.0635509722682557
-0.0476854115995022	0.0555919306387059
-0.251198638575475	0.397093463413078
-0.325271179174162	0.358081062869394
-0.282192633303969	0.244145815121544
0.318830730771594	0.294934297416184
-0.901853871430773	1.114845139633
-0.62919900112703	0.863644263616836
0.764822033048115	1.50642282283346
-0.267618651288479	0.248809780245579
-0.0683686407997026	0.0655186697422224
-0.242919703566291	0.211641133213302
-0.175453187590405	0.154617354343152
0.264574648130701	0.174478236700459
0.142133049799469	0.0889005170529464
0.6070937235966	0.368145307451031
0.712061048069147	0.546653091630455
-0.104191034118389	0.0289508643830017
-1.07257917492974	1.63414308281956
0.833284922154307	1.03326424837409
-0.500117645690407	0.41594675017541
-1.4018411223619	1.05067730412742
0.472413354141869	0.541903762642177
0.398713891522661	0.276963185861334
0.396046476092211	0.226243653582569
-1.52270509967682	1.22064782680695
0.658603185280355	0.737753143009755
-0.174632988769248	0.164380502287829
0.5586773097859	0.623777491442375
-2.23449274153404	3.3799755511903
-0.665543837243447	0.583813760351764
0.680981438499674	0.550257678966188
-1.51151931630602	0.92801396381259
-0.433380803591891	0.364749116803
-0.572963935477394	0.392030574725598
-0.433577128734228	0.364865854770859
-0.28193392999905	0.243862767425976
-1.01088159159492	1.04645124106137
-1.0676237647284	1.02968638703922
-1.40182658915943	1.04937953886327
1.21222890975055	0.971060007159056
-0.00844394019625501	0.0054410827867448
-1.00963028713932	0.719349342460465
-0.825142928248916	0.599571444913089
0.29460400870286	0.229088037995619
0.323842902007453	0.311148271702579
0.221533088559734	0.180579541509493
-0.0523051532215796	0.0406952569687598
-0.413878595132534	0.321065353400636
0.193817312027421	0.178226062698227
0.100356571013857	0.0816879029241327
-0.643388295288758	0.730674581713647
0.128862234571198	0.0572251923644326
0.11627031625817	0.0681082454094151
-0.171807943033785	0.102948482806925
-0.139504665028711	0.105714550661248
-0.783212332998339	0.87962044583674
0.116489195276326	0.068231887094166
-0.674685497193282	0.545475329450318
-0.583596334712321	0.556430012413687
0.0584218523132793	0.0369098436699805
0.28608166504021	0.211241735251771
-1.04422986940011	0.874422999949284
0.209896916714308	0.16343734539218
0.398899413000892	0.260942508796847
0.398860270688586	0.260928559216684
-0.131278473770528	0.0902076171710122
-1.49928275052379	1.94898682970426
-0.867975217483289	0.966701235329422
0.533208825612179	0.411146860046541
-0.822795896182648	1.02264040176664
0.399222543011287	0.355292590484285
-0.577026152697648	0.434341282550561
-0.173791021253973	0.117590988191062
-0.658963459931347	0.622324586594689
-0.732078312418509	0.73290941491741
0.250605830440359	0.15518710398705
0.477779795671171	0.513986978372556
0.740451330384789	0.71612262862002
-0.433140090159743	0.364435422962368
-0.224283721636834	0.149230159915673
-1.81226436848931	1.31291218468186
0.209845046723334	0.163391547984917
-0.433077859504036	0.364315476063797
0.399660064812808	0.245317382260872
0.209744014293685	0.163302349082717
-0.131319680632085	0.090236686104291
-0.0626968733749649	0.0442364556382022
0.712007738259608	0.546620013704936
0.116186636806352	0.0680532515196002
-0.44947814360217	0.282431103264722
-1.01109200987748	1.04692438485415
-0.0758008970647359	0.0472191690492665
0.264681545443047	0.174556420254131
-0.265524370552137	0.194087155247442
0.0858353222994158	0.0468161299105287
-0.701801990339726	0.470952990233888
-0.57208742748561	0.312754566699712
-0.120803868911181	0.135290370091889
-0.210894696383004	0.258079814257032
-0.172930828483257	0.211714093562054
-0.169439077788962	0.215993861085934
-0.253015760196387	0.309010463878753
-0.29510937669907	0.325705158086465
0.14050139907771	0.109464650606906
-0.487794425801085	0.372902959991203
-0.00477816764385727	0.00221449009969904
-0.766467382827036	0.663135102628169
-0.0442188527030512	0.049505511077388
-0.0903561801464095	0.105769258093728
0.0331906015171791	0.0328380542727125
-0.100172030246347	0.106885137676674
-0.29636535632346	0.456655162223532
-0.15260110730435	0.194339428565785
-0.0729063953360117	0.0816833194953881
-0.860464988288732	1.68263117941932
-0.260039917122517	0.302950478057951
-0.461659893900722	0.446921856686014
-0.0523304213441873	0.0407151963118366
-0.366330338805376	0.358767018711384
0.175173075038825	0.177537352034305
-0.737744891436028	1.22636909074256
0.240316963830389	0.391788142591954
0.298342659609163	0.512737062231847
-0.259236527846283	0.397539490095413
-0.00606961542949717	0.00757184298792777
0.176415327803932	0.245357000155073
-0.402251261850914	0.7096468665687
0.331154643510155	0.59533569818642
0.449427529292003	0.744455156906424
0.42332680088016	0.820169510618879
0.490570529384835	0.834091414256091
0.450068908819458	0.697762927912816
-0.498971238797351	0.630244871182308
-0.10399063459927	0.116516400808942
-0.0860445322309099	0.0821613250893906
-0.218933843083911	0.291075765076497
-0.135910135562076	0.144554681834916
0.0850632578920733	0.0899289900301648
-0.094413112054686	0.0955556770642198
-0.282194115143436	0.244190624765157
-0.471807764770398	0.485713533031137
0.31868688663045	0.29475605864671
-1.0505042520498	1.34897621644971
0.225824161748654	0.279748754939916
-0.174615478359449	0.1643641630618
-0.618559950636028	1.06746052509075
-0.465139978245061	0.749160148689297
-0.105516553994661	0.123564403901119
0.201388226598494	0.281379636434883
-0.824190806397439	0.816425881774764
-0.500183219270712	0.41601862452228
-2.10727742655476	0.3785967871456
-0.57950760152142	0.475508587411243
-0.348133372814213	0.320125182346777
-2.10727742655476	0.3785967871456
0.387129597647714	0.203384644990396
-0.100435448908401	0.053405283159304
0.764280160087122	0.331303341451248
-0.583774738876645	0.556689695653195
1.02249183379048	1.06698805226884
0.116293465720791	0.0681174351116925
-0.701794275583271	0.470910260347338
-0.843847018467008	0.995547367050303
-0.00661683941035757	0.00369212124662277
0.211797232378301	0.113783323335555
0.0617277318050226	0.0238966037879039
-0.212742360529729	0.172590606665246
-0.585054330075033	0.595336491849495
0.0829210395801335	0.0646132020433446
0.0635502476166685	0.0472862518912708
1.18705628842265	1.28165083552786
0.142158877408837	0.0889187387226178
-1.32037458499226	1.32344224062414
-0.0344007642075239	0.0245464789067347
0.0479364447408366	0.0241891330477726
-0.0761602239433356	0.0474406546388811
-0.518644753386396	0.498552763479775
-0.265483188904491	0.194066813915525
-0.376163929996024	0.31987943573016
-0.939235516993964	0.73459676282174
0.769759377767588	0.713292588042902
-1.14899667515834	1.17281384342028
-0.686328443335773	0.507546615788665
0.0587398676634679	0.0371061538831999
-0.233395901052877	0.217991967925666
-0.207628099060696	0.181989323841916
-0.0759051448786092	0.0472913722500453
0.313255655919604	0.278386516754363
0.0828382842492208	0.0645463187224026
0.0136695811843744	0.0101797474055042
-0.256209831033924	0.253809244555574
-0.449575266710993	0.282426405751337
-3.48261171098015	0.919665246937834
-0.571850481296198	0.312666676322475
-0.732021846522536	0.441299012127764
-0.792052298639449	0.630656110813843
-0.351692342607298	0.276392188441944
0.294407038695227	0.22887334771293
-0.0394432749489625	0.0250150078693679
1.12418716078848	1.57575572835952
-0.351909434642379	0.276629510394756
-0.0944527482792989	0.0658028264333126
-1.00950067227012	0.71944848988664
-0.298972855797397	0.237791115055507
-0.348138699404693	0.320102371540623
0.0423597389405889	0.0300145920954188
-0.0393981764029331	0.0249849676031559
0.276584933817289	0.193368240910986
-0.253065695943005	0.203344987471238
-0.119546843544292	0.0730678346020511
0.806866146813055	0.875803365601958
0.209591073520732	0.163136712546142
0.53864470816179	0.658659441338076
-0.433422221275793	0.364763951655596
-0.449544062178421	0.282531156107745
0.264597924244184	0.174496820223054
-0.0485721805865624	0.0264769453824871
-0.449446886597541	0.282387526346653
0.301604328908405	0.245891631114233
-0.579274580544113	0.475386205460311
0.56711774831774	0.61246897341953
-0.433250029043962	0.364609037248794
-0.217936978188265	0.161370582612692
0.083310726233582	0.0557878799429237
-0.747071538984321	0.697751766608455
-0.224389641716655	0.149312226642465
0.0479061058216731	0.0241734985376833
-0.119571298130348	0.0730913852716358
-0.0758639628706004	0.0472629593014399
-0.299013141070043	0.237825804071924
-0.176144415681378	0.132088337614021
1.26777826938512	1.31689238990432
-0.00812007627609931	0.00523422313712623
0.635439735036713	0.56466886588527
0.399402265192724	0.340486801701286
0.635566301998327	0.564954796623497
0.6356490617536	0.565110324997158
0.398834984692158	0.277080991308156
0.804038868586876	0.712149939613597
0.779871931863377	0.876298095722246
0.0479827463402476	0.0242098150145323
-0.981425340198277	0.891193190806152
-0.351913073834168	0.276585444919164
-0.322224882148801	0.232048157503835
-0.585066216232369	0.770068813964141
-0.486382061149228	0.728178983460687
0.0434372423894116	0.0468877623761238
-0.117465199815586	0.125131041548423
0.123247864836527	0.120198311033008
0.366272327988739	0.549073833620822
0.0962611738721526	0.104854927206986
-0.211163382111714	0.258485748752074
-0.767070990318067	1.54753417267587
-0.0612174683510888	0.0622228173010783
-0.1208816685649	0.135369439738171
0.152471238180968	0.19644782224523
-0.163362956764123	0.271250410438724
-0.182553031002816	0.241995760981859
0.518408858845225	0.704545173153156
0.258526876102188	0.313770525922652
-0.645678821072238	1.1894794636841
-0.340425028061162	0.39406653701825
-0.176069633782279	0.19644663858321
-0.807860765622217	1.43651346458132
-0.0581487335224308	0.0651259814285549
0.199686484585888	0.252588122481961
0.487222852024241	1.00658322003079
-0.0611799590138998	0.0621800684404939
-0.230200004007238	0.317838471693577
-0.702895546354756	1.37659574363974
0.0195244838569439	0.0237642395239039
-0.408594154964794	0.634591413576149
-0.0863718097874724	0.0824512187391415
0.095928660250919	0.0959502182498186
-0.0612574743487068	0.062267344382539
-0.182530528604446	0.242012516721102
-0.0305546471658972	0.0341662851576684
-0.716311878875771	1.31822727314817
0.408802499230356	0.644908948904688
0.021513128764321	0.0231445844185424
-1.10561759021501	2.34413319338914
0.250449347685135	0.344182985884416
-0.0548582246660059	0.073936960183952
-0.134197645659674	0.176875150991382
-0.126429571409107	0.119879853188379
-0.340375796062999	0.394015873758231
-0.510355386012621	0.457967106030025
-0.0785345041944612	0.0606293083209434
-0.176144415681378	0.132088337614021
-0.00631528212526665	0.00352626021625771
-0.968272243637976	0.567172585007472
0.399045218082428	0.26107791038966
2.59830808808347	0.565621890602798
1.05637106962915	0.549947620800554
-0.967913118768585	0.566880494409038
0.44905816517692	0.0872417415102285
-0.351888792682056	0.276612510429749
0.606999733160499	0.368112755368252
0.852697656326824	0.546485183471197
-0.847833196182046	0.353207340512575
-0.581359151128326	0.516011299897913
-0.00479980150253003	0.00222543899707575
-1.94219445552014	1.50498311534234
-0.167738302724452	0.0869260433210468
-0.207380811754229	0.181800757763137
0.0833518674706668	0.0558097145408238
0.130469958307618	0.115097527904237
-0.0519266864867073	0.0403726181976543
-0.0889640151962264	0.0742007099983349
0.497196260345077	0.461739233682324
-0.487500816684725	0.372594781225635
-0.325502499789997	0.3201214328414
-0.314951765219021	0.180492172724413
-0.708883400537572	0.801052662885613
0.181506676501752	0.127761413863331
-0.852563147890518	0.785844565177501
-0.579315675588001	0.475397408670997
0.806752515864546	0.875499634485847
0.1821404315979	0.161147579113421
0.221460669031461	0.180491789950753
0.181375246212359	0.127661746302116
-1.14895269330486	1.17240448559064
0.512887991688242	0.436697103672068
-0.76699915306806	0.910092428209728
0.53312519403382	0.411026461301314
-0.701962072171393	0.471087613431695
-0.0394432749489625	0.0250150078693679
-0.176629465002876	0.14449012212866
-0.00633857803269929	0.00353880115898878
0.398858126103384	0.277086879421163
0.874648320481278	0.879392721604264
0.449356737420673	0.0873001538306624
-1.96417843831088	0.956262812874776
-0.783103821624906	0.879408976519987
-0.366150679458196	0.358599575312925
-0.0760314155104479	0.0473703860597685
-0.284946743038968	0.186258778585444
-0.321991901170692	0.23185171155015
-0.107349013775033	0.0821583248909087
0.196764133871733	0.145916373973634
-0.433490984422864	0.364800092627028
-1.54154112107875	1.51467363266487
0.301564125786756	0.245862910787984
-0.0627833616009338	0.0443022408208826
0.0290113532844415	0.0172048544907705
0.11640217661581	0.0987272228125806
-0.433033277031516	0.364259026087998
-0.792089496111302	0.630754759552082
-0.510508360746495	0.458157320115953
0.681102546937439	0.550386522987246
-0.579340458708076	0.475309080926243
0.399493311157774	0.340648530554729
-0.57703974245666	0.434369516798473
0.294472717861019	0.228954252983232
0.286419390851797	0.211652533237129
-0.390061785551925	0.276414705453124
-1.52278995090759	1.22112318048924
0.264681545443047	0.174556420254131
-0.167746238435569	0.0869469108163603
0.898541649291977	0.723418983530821
-2.06204877441102	1.69828598703865
-1.40194851214909	1.05050154752164
-0.572924505371968	0.391917359686569
0.398667618958224	0.276904598251902
0.141971261916633	0.0888023742952421
0.264477213375641	0.174370334435578
0.711663622005326	0.546033847147193
0.398780818069297	0.260842436667706
0.606732450583422	0.367923078259537
1.58603394906799	1.82452821154107
0.0585479424400123	0.0369907265993461
-0.0488879942131119	0.0266619172719185
-0.933866387606185	0.913817896990738
-0.573148582352656	0.392220049465515
-0.119439450446503	0.0730048395536886
1.03230116897854	0.911423629192629
0.0479972024740841	0.0242164984656391
-0.583596334712321	0.556430012413687
-0.358457385979254	0.229842478362515
-1.24546657804873	1.02238626711349
-0.674594441157846	1.28173726136214
0.161848081715346	0.198362657938199
-0.0176373352379448	0.0180055271970825
-0.42296965728724	0.609801368630413
-0.369999402282705	0.533489727759445
-0.175056791873846	0.204984211773848
0.0849660579251727	0.0823445814922368
-0.784387136209401	1.67429762561932
-0.240482738956853	0.344342767897872
-0.0000698952065683263	0.0000823667408778131
0.038028517471697	0.0354678335432218
-0.383532266902316	0.594938323678301
-0.0114308867239298	0.0122253706299672
-0.0163958708935639	0.0220201884417056
0.0763048038933087	0.0945302443487334
-0.653766478468379	1.1280653353776
-0.61871681504945	1.06740145258783
0.29406427623046	0.340357312282903
0.0746290067916863	0.0765710219897334
0.31244817974891	0.412623966458909
0.494839958631857	0.788976807441637
0.116008816684475	0.133875115877541
0.200636365873286	0.28008650676222
0.272778290024894	0.46557538578022
-0.260219962024616	0.303176581446773
0.244125618670298	0.405450573828518
-0.267552933138051	0.341731287288711
-0.0589881278609872	0.076805467885543
0.119397245116309	0.149165833898038
-0.156483588958522	0.183296254018701
-0.486441645042772	0.728148055799721
-0.15661255689675	0.183503171359749
0.116343175224197	0.0987109033400783
-0.175098201549712	0.17513664110938
0.533363779507018	0.671140274357295
-0.45342782500347	0.547612156179361
-0.252989901155731	0.20325752626473
-0.267800957772894	0.248999514416238
0.0451513856619093	0.0395023698465799
0.253278426804628	0.29926538052673
0.403658104354566	0.460352685124973
0.0336290667816823	0.0372697719555708
0.326613888138134	0.475921910876492
0.488574937158176	0.902872207094755
-0.376564640910694	0.643103862277518
0.0895580905025481	0.102880871096804
-0.340579455075056	0.394350904977686
-0.311285498658203	0.511464085072979
-0.157862614006241	0.230945836533035
0.106703359541641	0.110115473378701
0.588716102570079	0.59184746581679
-0.510441955718791	0.45807955105784
-0.542667547857685	0.715349770688821
0.140320642456421	0.109318558109356
-0.282143597112904	0.244139392478535
0.399698378494952	0.245331839655781
-0.391603095504156	0.191462066890932
0.399452705761677	0.245117872994277
-0.939222282586451	0.734669327956872
-0.0081408866142675	0.00267744478079309
2.59830808808347	0.565621890602798
-1.00952368242225	0.719592912783372
-1.6857313628121	0.703085363193652
-5.18033009232114	3.15166380052778
-0.327230659220978	0.129567376802136
1.08174573936279	1.08235068892657
-0.787990233828196	0.414043933099704
0.0618149550089233	0.0239347187925616
1.05637106962915	0.549947620800554
-1.03346493475206	1.19949733873006
0.0288508268156486	0.017108910813176
-0.376138151059544	0.319822824873719
0.0635115863446252	0.0472556483106754
-0.0283349306585739	0.0221922087223146
0.130591683615276	0.115190000212178
0.18142044331366	0.127703356871127
0.182268335727704	0.16130677125381
0.0635557861732776	0.0472898986758956
-0.472047704335293	0.329071112036136
-0.305726125251496	0.282784949568183
-0.00820286770088725	0.00528600833895922
-0.207361666087463	0.181762709655126
-0.433487620362484	0.364815464107277
0.617547651765832	0.573480668506772
0.874606951859006	0.879422159973387
-0.0342131241679517	0.0244001337549918
-0.175562137950761	0.154727264005668
0.22144645869306	0.180468024897041
-0.358588196149511	0.23002237558786
-0.413730680333414	0.320888721656759
-0.579274580544113	0.475386205460311
-0.981479785154668	0.891095845361931
-0.701954205111435	0.470997917343372
-0.358574770830738	0.230008355533989
-0.48773985319078	0.372891051623747
0.294583424130792	0.229073862185232
0.0635226648707954	0.0472632648058733
0.512866065740918	0.436662002577441
1.58598768685044	1.82413741974774
-0.571624596727463	0.31249828110112
-0.583927538641918	0.556805686781995
-0.144481318632891	0.119066240651222
-0.282231322358852	0.24420145903392
-0.665817649525553	0.583957697516659
-0.0064125873499607	0.00358029417270733
-1.54120277495639	1.51560255027329
-0.472191797117666	0.329138834597883
0.588621099914213	0.591623439915752
-0.298906392453111	0.237731703124378
-0.176011743176159	0.13198505975331
-0.581755353992387	0.516422285624355
-0.0394884245435511	0.0250431843018384
0.0290643313532979	0.0172360612881144
-0.510329386276558	0.457867156273122
0.852791231826911	0.546553226745956
0.1161634901573	0.0680366741364742
-0.518919634924922	0.498930340259696
-1.12703244414615	0.724105062479207
-0.414026562963196	0.32117309809927
-0.0523072115014975	0.0406984312144248
-0.224309396879475	0.149251198329982
0.602061452553838	0.582542601756733
-0.825240015986526	0.599593248021543
-0.44972297108106	0.282664634540686
1.36830694955005	1.36357004823443
0.181223226269849	0.127531923493743
0.373063689449818	0.176309167899013
-1.83929894680069	1.75899798166529
0.398909748906723	0.277074306709338
0.963447321374807	0.737010024602681
-1.35094243396079	1.18195051659866
-0.573109057679514	0.392100635956525
0.211797232378301	0.113783323335555
0.0586329228416671	0.0370441448141597
-1.00950067227012	0.71944848988664
-0.472047704335293	0.329071112036136
-5.43164660050895	3.68110067424803
-0.314883095294388	0.18046152778602
0.632168963645606	0.352673317989728
0.504416505223203	0.449190127648149
-0.413960669915903	0.321092009427935
0.181354727690782	0.127651068600099
-0.461898577663977	0.447284245217031
-0.413897638138578	0.321047365091402
-0.510661375735054	0.458257654575307
-0.358588196149511	0.23002237558786
0.712007738259608	0.546620013704936
-1.00959222676061	0.719584185538748
-0.391724305318784	0.191524028484181
-0.330984539402289	0.49459893792605
0.494787602882309	0.788893775804837
-0.215165956352238	0.2514380314432
-0.451162070897037	0.64999469596647
0.256434175880252	0.361339040158407
-0.00444786373003971	0.00454399204761232
0.56917274410682	1.05981716062671
-0.132793313878985	0.181124249302633
0.00607365658630583	0.00597910274255301
-0.176107023524037	0.19648764634341
-0.0888268667326164	0.0740814786904863
-0.586144253799538	0.805983678610453
0.814881681947208	1.34322017373348
-0.0247504634707143	0.02648913155771
0.19224540391909	0.236794900276354
0.0896622790033523	0.103011194259661
0.450247031591013	0.762327166009533
0.109740709927111	0.133382528571534
0.144705035316546	0.167790280567193
-0.122121635598669	0.149219976989601
0.409725675698882	0.660808620025279
-0.0438664818804001	0.0490933177224928
-0.0384633553280439	0.046465007924571
-0.0118328171592446	0.0126628854400488
0.403765923114656	0.473901881168023
0.134835707811695	0.164566541902341
0.126348808593545	0.13834073955671
-0.786574710898405	1.49325635086908
-0.313509941906365	0.434644171390377
-0.0726000635171299	0.0813435834811439
-0.056810673866815	0.0511643247011084
0.00676736210462246	0.00627839585697503
-0.14926329830656	0.197049401980505
0.0211062033287222	0.0226926696525325
-0.353435740342478	0.528625260821691
-0.210782065347872	0.25786492016663
-0.616185544821578	1.09927646171242
-0.326585438227938	0.434826195890422
-0.267630144193846	0.34183594181469
-0.300524139300822	0.432396683597896
-0.0229176114607999	0.0208063134940682
-0.106140548707835	0.124346676397568
0.0571708079759342	0.0601614690039739
0.258520694126297	0.313861935117085
-0.137975035936554	0.168717193407833
0.0957664613169714	0.104313153162563
0.126603795658222	0.138683387557267
0.0726733183473717	0.0681565902013692
-0.471763944533699	0.485706100559051
-0.677127413613506	0.927893000038633
-0.351061725633441	0.466815715728549
-0.707406434854602	1.0932935763921
-0.117722655734597	0.125427264982058
0.404433436452966	0.581847149725143
0.59516422841105	0.981156655289459
-0.235726437522474	0.138185345235109
-0.176662703246214	0.144519924105875
0.401557637592797	0.415902339653414
-0.0627833616009338	0.0443022408208826
-0.146879011669665	0.130078368164474
1.12013215405157	1.25718079558709
1.36843858650567	1.36305961863308
0.387605725992851	0.203766496048981
0.0480354557534122	0.0242354399961968
-2.10727742655476	0.3785967871456
-0.952244254371164	0.272799090918146
-0.449656806802103	0.282594576641388
-1.32934427758984	0.733020573050618
0.577167134917668	0.601907634327779
-1.44924009417487	1.34667726234533
1.48103656523086	1.58942275042791
-0.327120299645599	0.129477764934943
0.0425045529435147	0.0301185972882021
0.398806889390494	0.260867793545225
-0.00484279931117502	0.00224682304483335
0.387249349429255	0.203527671777068
-0.897321981337297	0.940062642864547
-1.14878591618755	1.17245072591068
0.602148191533793	0.582715754374194
0.209732425506551	0.163262591155605
-0.0945997697764396	0.0659056023528385
-0.217517602207641	0.161171641212651
0.796434639915807	0.546296788418666
-0.643377986804204	0.730630751210004
-0.173709029792348	0.117506469493409
-1.00958459475678	0.719552722677059
-0.576942594038448	0.434274061427803
-0.0395746681987161	0.0250974132707609
0.399672146546433	0.30969489565243
0.917491875879375	0.884693017011681
1.18716626460431	1.28233093364841
0.806799366249994	0.875643455159383
0.209625631446277	0.163187826384293
-0.176271430268301	0.13218246392078
-0.351954321284277	0.276666513577105
0.0858353222994158	0.0468161299105287
1.4973080687476	1.42985202782868
0.399485890343088	0.370332542910431
0.874755232228374	0.879621813051408
-0.510508360746495	0.458157320115953
0.504613446964592	0.449395282158577
-0.411155293829298	0.400525395664368
-0.282079157319211	0.24398031707374
0.318703532361516	0.294653276789874
-0.144370506992253	0.118967299099754
0.588609312949762	0.591794789980308
-1.68633971949454	0.703563702264362
0.44905816517692	0.0872417415102285
-2.38064264796674	1.46174675563604
-0.571511517368507	0.312303716310889
-0.732114848484512	0.441422043241892
-0.732036673044235	0.441341043477748
0.0479207371196704	0.0241733713806623
-0.119359254656873	0.0729448682063679
-0.395699183860878	0.361265800896771
-0.433140090159743	0.364435422962368
-0.0782625129326343	0.0604206614583681
-0.094585719883577	0.0659031201935779
-0.351671673042719	0.276359714240994
-0.449115131265197	0.406648933722356
-0.576845488527271	0.434058239785141
-0.449369524081875	0.406944067716896
-0.176184863160094	0.132126540681321
-0.583601698238414	0.556375627312801
0.23384272294371	0.135252259746925
-0.265721215652657	0.194247194772182
-0.376097638886974	0.31981980715891
-0.576895935869684	0.434174621781823
0.0634121577145063	0.0471757124893224
0.399698378494952	0.245331839655781
1.37890103591403	1.87587478740481
0.656366764577668	0.556851668428262
-1.62739336054495	1.68703837138255
0.234299063326123	0.135610764338717
-0.171626524134725	0.102803805813146
-0.573280670685844	0.392255128412562
-0.358443927278773	0.229868386699299
0.178142816773624	0.0878120900805318
0.396068108708119	0.226269963646636
-0.579318494558417	0.475379314562234
-0.0787328393819667	0.0353418953097744
-0.167844965554481	0.0869955704368866
1.37647917391656	1.70418162804457
0.276500070262287	0.193354946144982
-0.413834628965583	0.320990882717356
-0.791982672273346	0.630647826107759
0.28629311459722	0.211522605665442
-0.577002826250074	0.434347034870591
-0.581772393937408	0.516603728381565
-0.791899059019307	0.63044304553037
-0.167868460607953	0.0869779879649011
-0.167822568183777	0.0869921519796813
-1.04446560025431	0.874951843477017
-0.00654276926370439	0.00365105635225601
-0.0486376702280159	0.0265157087499145
0.1161634901573	0.0680366741364742
-0.472182729130689	0.329071383385864
-0.285007010964892	0.186314582604357
-0.119598493637038	0.0731100910843556
-0.224388049835183	0.149290255205559
-0.314035974376236	0.400155768367984
0.589448851501444	0.991811497235171
-0.290903745580655	0.40291561974602
-0.121013064167363	0.147596861277348
0.449245539132465	0.712029550607244
-0.40260956411564	0.603085350427594
-0.520964688141455	0.809602259075133
-0.215168294654689	0.251425445222056
0.308833636501724	0.39772546129881
-0.196416397291341	0.218671815264278
-0.3779883136687	0.502301877416411
0.357857635533044	0.487443069595963
0.301881068067526	0.369112797771099
0.250880353948696	0.386543496279928
-0.21184357177742	0.292024013812482
-0.524450208828398	1.04752839114502
-0.194211660849873	0.267215088640188
0.357467070534325	0.487073343218352
-0.27745090998853	0.426531331973963
-0.668527271545441	1.30750511339665
-0.0954115329443442	0.129372379033793
0.530552649227952	0.945175464371869
0.801988216637275	2.03021552991798
0.403825772360944	0.473926594486989
-0.120603225532542	0.15297423558094
0.161041193123261	0.177459420410011
-0.493024204189992	0.794102811591256
0.278159918703901	0.374497613435163
-0.00733316428278527	0.00710372879032042
0.0196933736262877	0.0199988871137479
0.115877773344752	0.133739870971848
0.589871273097665	1.28068487892242
0.220435733124813	0.301449290223698
-0.28030745286523	0.373304009775432
-0.10049692342514	0.107275478647981
-0.30902068245409	0.460945000691925
0.192384480365748	0.237014546371217
-0.313402338055564	0.434514220992764
0.268159509582166	0.343046426866102
-0.105861136061863	0.134043352070687
-0.17589365916388	0.196137703067239
-0.393880577335156	0.653409141244595
-0.351166887737532	0.466989608351233
-0.259351382393854	0.345342917860604
0.0743269591189776	0.0762484620541554
0.798654467463636	1.34268981120177
-0.0460576656619124	0.0468996484760244
0.165636703305601	0.16251835804192
0.402393251300276	0.431108986745548
0.273927422073963	0.281031872978875
0.16555965161421	0.162434601361567
-0.631702016794187	0.830205112869221
-0.0522395880339394	0.0406461520882526
0.798564409681369	1.34322034549382
0.469593812999014	0.554916778250768
-0.0976932838412849	0.0872738305121853
-0.100532689740455	0.0534621458761021
-0.253406937353727	0.203635265802046
-0.00761804747177025	0.00694315954511395
-0.00639324160542514	0.00543871416310355
0.0345958516225109	0.0269491226554295
-0.0394432749489625	0.0250150078693679
-0.224177831521075	0.149123008506547
-0.788111377288474	0.414177817025583
-1.13157352576474	0.867806795163739
-2.10706742962015	0.378548652882402
0.402733937014348	0.139484956672463
0.0478598994186285	0.0241459676341155
1.15014266729831	0.774326861652598
-0.413815629625469	0.320996865707269
0.398713891522661	0.276963185861334
-0.00469223554792906	0.00217704265702508
0.0586138048858016	0.0370310004256046
-0.224418508914257	0.149284999516883
0.85276529812906	0.546766261298029
-0.00940109644110474	0.00309197435180766
0.0423525978050852	0.0300130445212649
-0.747178320880539	0.697636429998626
0.512824885374524	0.436647875751912
-0.224203491251128	0.149157174432024
-0.358495878177703	0.22993924642698
-0.747095877423647	0.697717017964945
-0.391949865486702	0.191579791283879
-0.00661683941035757	0.00369212124662277
-0.579296535169985	0.475401577626035
-0.314859440718046	0.18040570331732
0.196595378439059	0.145823539637778
0.399630859244332	0.309670206289546
1.66361053249679	1.51652989007293
-0.868102472418451	0.967315391778114
1.01593099872774	1.22329263546403
-0.824964638019071	0.599304485288219
-0.487581032377036	0.372727958048912
-0.00840262799863025	0.0054152268864909
0.656126011109652	0.556465424559561
0.105049535557678	0.0742481845089258
0.177985321091931	0.0876861600088744
0.0832939706201971	0.0557642125846758
0.0827275833448403	0.0644439151190204
0.294493275885593	0.228958486189497
-0.581448545316625	0.516184178027551
-0.235211272959703	0.137888266645417
0.403377677871532	0.139736809774786
-1.68718740077762	0.704071354649794
-0.579047233084989	0.267435837190726
-3.48261171098015	0.919665246937834
-0.848873389158817	0.353718585819526
-0.422234825621056	0.236575732189162
-0.00887297177040951	0.00291884997088316
0.963439305415341	0.737033359814109
-4.18668471132409	1.51115380013371
-0.00951749139177572	0.00312630302474706
0.0291173019445393	0.017266599974287
-0.577243841077986	0.43444600952321
-0.0759270521319743	0.0473049630283594
-0.175807382934199	0.131777093975873
-0.500142036551076	0.415930998019855
-1.43536495358566	1.78683598390805
-0.253386602583406	0.203649790224835
0.264611710694309	0.174500278389277
-0.22428211378869	0.149219672599838
0.893017506561415	1.03969156702207
-0.58372876896372	0.556635209274743
0.181551804261509	0.127792825572201
-0.131212887277098	0.0901629643677175
-0.411227313964662	0.400655421899776
1.86187591917387	2.56802767006268
-2.05857259547959	2.79230880887913
-0.0393365030093654	0.0249446561305499
0.140436172910595	0.109384769597759
-0.051947903836481	0.0403949370863832
-0.171937931217338	0.103046922596437
-0.131319680632085	0.090236686104291
0.387592918851795	0.203717843721853
0.163394799247274	0.108667158772753
-0.299079606706917	0.237877630655294
0.711981637507327	0.546618402945273
0.497022947730159	0.461420414540986
0.0857559934226779	0.0467736506521512
-0.824080622929075	0.816419155705699
0.0186131411471097	0.0125249060305687
0.264611710694309	0.174500278389277
-0.824980522559243	0.599024532960979
0.602365984917455	0.582957641170346
-0.939235516993964	0.73459676282174
-1.13154295188984	0.867783868580836
0.211926139913565	0.113876387771514
0.898608533156055	0.723494902630146
0.181268476238753	0.127577741589605
-0.23539602597155	0.138035568356171
0.750820935056823	0.546362059972189
0.181198405166986	0.127480232166114
-1.14885200813079	1.17241360926227
0.234127312196873	0.135493151380613
-0.389902765292212	0.276321754862654
-1.369214568269	1.62751467908106
-1.12726658129117	0.724223760675267
-0.389982968519614	0.276402027316149
-0.175816550161257	0.186126473296521
-0.280097800900162	0.372930652608656
0.306740876959845	0.477552748766109
0.2827431806163	0.447934308342171
0.0549741966685678	0.0611204208378937
-0.586698180826449	0.978771683232014
-0.300561707133443	0.366481376427802
0.13573284809726	0.153009948198919
-0.256351609070312	0.254009130056521
0.305147285263609	0.382961845245299
0.647038848819391	1.09589994973786
-0.105949391170182	0.139023168407385
-0.120996395353197	0.153566277743259
-0.0918731764559015	0.116114344755579
0.145511226935039	0.196492388285758
0.106170687316993	0.11907481081275
0.134799064186216	0.164558022834627
0.090145859570914	0.122233693659227
0.202399111818132	0.308373594245192
0.974938726075715	2.44862129294842
0.220770397238849	0.30200425851421
-0.48146382200367	0.693014741582925
0.111771364437988	0.105461392677525
-0.586679641401425	0.84134751652953
0.343483169088255	0.388973696735964
-0.249496470123179	0.345000669778796
0.28306776777621	0.448613798945784
0.348260545034014	0.417424824579327
-0.173148358108782	0.212047147197926
0.302106705663598	0.459502709264042
-0.269911658371922	0.373737037721803
-0.451021944238831	0.649575835292517
0.031413110378041	0.0328985972810911
-0.10629041494303	0.129690867431464
0.143617607238332	0.180129684367713
-0.0914068800780997	0.115422284946583
-0.465146026381334	0.749125782601543
-0.218933843083911	0.291075765076497
0.0212551745239197	0.0228620012631036
-0.121691162142643	0.148637835059692
0.449448798949859	0.744479287880227
0.766643052243911	1.68908452196282
-0.0758032897916169	0.0886475118936227
-0.024897258912295	0.0266489621264499
-0.361414032348503	0.501032097113236
0.364014661953913	0.533056351321723
0.213274128442126	0.210473393985885
0.130721837320587	0.115341522671469
0.0424032487040718	0.0300491191000436
-0.533064783424524	0.609789146787966
0.449141903586104	0.711681527143039
0.485667671432162	0.487106806772111
0.595159672775839	0.981114189388953
-0.311771360805361	0.361784215675422
-0.0888993561379643	0.0741445283345169
0.0857959848849942	0.0467930000380248
-0.305898496863741	0.282950498492965
0.533284693425371	0.670872277024431
-0.468999754743568	0.620683139747106
-0.422277886081322	0.236628606264027
0.128496054262865	0.0570471936487537
-0.686958713339299	0.508381254265831
-1.35610128709322	0.474818712797072
0.398952751279318	0.261019310889639
-0.848235856286303	0.353414829103439
-0.282194115143436	0.244190624765157
1.12017577789329	1.25737545212184
0.0479061058216731	0.0241734985376833
-0.967360982201776	1.06821227333676
-0.579611884950095	0.47551832414627
0.387605725992851	0.203766496048981
0.0615396189200832	0.0238160009844623
0.399489003195057	0.340551537460857
0.635500789536153	0.564914880949432
0.294607819320488	0.229068114143061
0.512868702446158	0.436656332232589
0.497176170399837	0.461686114752281
0.083531860600796	0.0559422626006625
0.898339298766934	0.723330813645462
-0.173980160570205	0.117722034894432
-0.422363725502875	0.236700130314835
0.116451858679516	0.0682159522077023
-0.100540405818408	0.0534632011451723
-1.24475553952161	1.0210348329069
-0.131147323350631	0.0901154101141619
0.250684905061533	0.155242539654961
0.0288765481797219	0.017124337713658
0.399621764926025	0.24528629890332
-0.852541166752993	0.785872227558357
0.584713362680071	0.379926319520258
-0.17172428998244	0.102870175347123
0.602279817140659	0.582897967718392
0.39954165448133	0.340568750821968
-0.285053627335216	0.186330826663221
-0.0626307324162304	0.0441847473161206
-0.653647906164077	0.660124404292348
0.50450666466925	0.449281337097482
1.02254486376266	1.06702666289685
0.635692775513996	0.565109371608688
0.399002333656761	0.277128626590305
0.396046476092211	0.226243653582569
-4.44943194328068	1.84281496770354
2.59830808808347	0.565621890602798
0.440742619385608	0.120469713008539
-0.571731700161253	0.312583492623591
-1.35563614408753	0.474557097061527
0.44013533532887	0.120310143303148
-3.48261171098015	0.919665246937834
-1.11480398571088	0.54087926587085
-0.422384984558512	0.236709053249403
-0.184739462555253	0.0792331882344397
-0.00866762541139504	0.00285038216826518
-0.322202951136644	0.232055249653008
-0.039119010616106	0.0247965386181908
-0.176118532473745	0.132076880870444
-0.525036581079599	0.537698163438197
-0.424010529670924	0.438313224225407
-0.0945796297891467	0.0658970940220562
0.123617497021085	0.0918583041397737
-0.585472531108187	0.632232129330537
0.140291664257484	0.109292144434577
0.399377948877586	0.309331502535722
-0.581620786915473	0.516483838943816
0.181309495968254	0.127604627231848
-0.766201114478335	0.66270873611259
-0.411183395070683	0.400583753671459
-0.235316786021102	0.137981180349472
0.264648760685908	0.174502860332008
-0.38993138298359	0.276323571369034
-0.212691791044861	0.172551277167208
0.808979244511367	1.03342416874937
0.399427771188148	0.340575593841657
0.104803542598716	0.0740606772120314
-0.701794275583271	0.470910260347338
0.047887776877987	0.0241619538247141
-0.173960995646723	0.117706641264591
1.61923442851625	1.66813230356403
0.0853991741675682	0.0465572664258339
-0.658705200469273	0.622151746026057
-0.0759489641588138	0.0473161986698993
0.522361610077758	0.423873731893028
-0.0759463769065314	0.0473158585830138
-0.461869532765344	0.447298608519901
-0.224309396879475	0.149251198329982
-0.390007372466316	0.276272476807998
0.740560803151772	0.71627431722046
0.656098836707982	0.556370497555478
0.804126930245297	0.712400573859308
-0.260486639341066	0.131500765009026
-0.265725247681282	0.194240756701471
-0.0788332563552394	0.0353882174785728
-0.413878595132534	0.321065353400636
-0.487792808417601	0.372915311409266
-0.358588196149511	0.23002237558786
-0.358719266708361	0.230082368721598
-0.449559643029099	0.282553005776485
-2.68380367508382	1.94115029656109
-0.674818648861795	0.545711507796161
-0.136026148690522	0.144668565656944
-0.00404875141362703	0.00413626743037785
-0.344032669850904	0.549906639686309
-0.13605641677978	0.172948770480834
-0.242176554609687	0.268605445231904
-0.241878806383398	0.268173323490864
-0.043409937261695	0.0365537856193583
-0.267866146786552	0.249071080456589
-0.120861232065216	0.10749523331897
0.0292840170843357	0.024681685692421
0.176843093525952	0.206214988940636
0.373947599418884	0.600548027791268
0.395182644944499	0.810424243010354
-0.269675127568534	0.373297936203352
-0.0462551742538289	0.0471153095609432
0.489877769039456	0.851070718193559
0.265455351598889	0.435954402849762
-0.00697911410540849	0.0083923914563036
0.282948808598895	0.448355681173441
-0.135988669551109	0.172844926478319
-0.0864414942003735	0.0825532230478608
0.00960121520352157	0.00836000106055483
0.29404807639071	0.340322520898065
-0.326058650470731	0.279785956245357
-0.0211380761473714	0.0204285291814238
0.347860648705299	0.416825452290489
0.206054128532231	0.235129214852089
-0.120996402303931	0.107635096970457
0.0130362520667329	0.0143891839609649
0.29751091932032	0.44181024352347
0.208131720218377	0.298033480537499
-0.0535103825840869	0.057292251422668
0.0850256956147146	0.0898794584228758
0.411759295499282	0.679209907791243
0.185822798357229	0.246627213765433
0.357569891314772	0.487284459972103
0.831813772685238	1.80689802211365
0.36144674472465	0.516831027222309
0.490560627639249	0.834323013298107
-0.100606949720212	0.107394451669213
-0.546065505407586	0.752180729501236
-0.27607640071589	0.337038037100742
-0.723669792098683	1.28992680973239
-0.07727744569578	0.0783833199607924
0.0571962564708283	0.0601340173748929
-0.120864520990861	0.107489224937263
-0.256354908168212	0.254006952588854
0.0121149656443035	0.00982316811213143
-0.207313179227075	0.18172094657704
0.0993266878784862	0.0905206366941579
0.100155689121299	0.0814884132194822
0.169278699427459	0.143836959393988
0.247990059796018	0.285080440373951
-0.0864470132317367	0.0825479625228267
0.67158217394513	0.334848424054662
0.29460400870286	0.229088037995619
-0.54622043893802	0.752423801744295
2.59830808808347	0.565621890602798
0.178582044959992	0.0880558495915799
-0.500117645690407	0.41594675017541
-0.571425270298364	0.312336137740824
-0.260249986440471	0.131363174492885
0.402989430804172	0.139588222045671
-0.581775981581185	0.516531685997322
0.0479444191794637	0.0241924711034532
-1.2991521542065	1.47232348893029
-0.577193282010671	0.434230832395053
0.373176502294703	0.176346584481927
-0.327120299645599	0.129477764934943
-0.217517602207641	0.161171641212651
-0.094565597638795	0.0658831806182571
-1.0674360593176	1.02910344958402
-0.901815257727256	1.11462691895282
-0.00653322317101659	0.0036465042430468
-0.285007010964892	0.186314582604357
-0.167883164706142	0.0870145895376265
-0.265786877588078	0.194286941906231
-1.40173690457141	1.05019360565639
-1.04440055935085	0.874733287180993
-0.358430472278739	0.229872321405079
-1.14260067669355	1.02066115370797
-0.746751712943635	0.697087935571018
1.03211615560474	0.911081852028009
-0.0065935539137356	0.00367940017156973
-0.792043083136801	0.630677137943554
-0.877213265073092	0.577236204859608
0.23431436981484	0.13559697571964
0.584789793668832	0.379972034303177
0.398895517433152	0.277116160983013
0.250750575245472	0.155274432661127
1.24600584917066	1.14588779083778
0.234217042819429	0.135554715301903
0.522493344879837	0.423921348316898
-1.13170330687148	0.86755806948783
0.533352804546952	0.411255786419984
-0.449221961401397	0.406876760032293
-0.0488223758110372	0.0266260448981406
-0.422299409885181	0.236583660629907
-0.952612120944232	0.272853156193857
1.80580755289182	0.656394825107787
-0.849075640655895	0.353944854479088
0.372828104257578	0.176187601416706
-1.35610128709322	0.474818712797072
-3.48219873584491	0.919655084022901
-2.94720125929596	0.646055459499367
-0.406929606498836	0.0912995639757081
0.449482770198073	0.0873321855854351
-1.68694899077746	0.703952762450668
-0.406536039818103	0.0912270232471427
-0.391716070497778	0.191515317219743
-0.571618661584741	0.312525279780433
-0.951401566537421	0.272432782475208
-0.315012604577116	0.180519573244866
-1.4018007776737	1.0507394544735
-0.100540405818408	0.0534632011451723
-0.0756118405182868	0.0470734256543653
-0.267777540931188	0.248990992220438
-0.176662703246214	0.144519924105875
-0.298992997101124	0.237814501772248
-0.746921508101353	0.697565218519348
0.264672040453276	0.174541981042422
-1.7519559782132	2.33625198030102
-0.471820019432507	0.328774129457693
0.399630859244332	0.309670206289546
0.769626042733507	0.713071516733049
-0.510528530413483	0.458147754402912
-2.8565589731141	3.57697290808951
0.276450096509233	0.193303531301435
-0.938827414231148	0.734169359590649
0.740218086873856	0.715331676045514
0.522416147224192	0.423823307058413
-0.00647290097493442	0.00361346614744142
-0.653688651258323	0.65991295681284
0.681125680716043	0.55046354075607
1.28483487627271	1.48870604218131
1.02254783692525	1.0667129967789
0.693630018491373	0.724978476831694
0.779811396220978	0.87626515296942
0.917547534217871	0.884501130739274
-0.0393325496403381	0.024941756470311
0.181531246888365	0.127776568502257
0.712087176452811	0.546654737619279
0.163608641365058	0.108804553605115
-0.674924616313003	0.545765523362656
1.68374840436198	2.06549605898114
-0.933992156297381	0.914003033691674
1.30829511341016	0.797784880803241
0.047887776877987	0.0241619538247141
0.116330839643921	0.0681472868212352
0.104962917704732	0.0741887431566488
0.0583149051578514	0.0368318961283732
0.0478295204619513	0.0241303182423519
0.399591436244457	0.245265409014508
1.46261572798148	1.92656277444762
0.917198055120967	0.88407528449703
-0.568412513831888	0.350074832940256
-1.22041679710161	1.47026821300687
-1.11423834940659	0.540537025048118
-0.500183219270712	0.41601862452228
-0.149551914987709	0.197521042577064
-0.4927682534747	0.593670139284142
-0.353635611635551	0.529010081550226
0.364007160538107	0.533027554456968
-0.112417031486984	0.113476336365861
0.89393904490039	1.64612896599544
-0.38771843266515	0.537268320934582
-0.236838806852196	0.276336817777838
-0.176133593057659	0.196492146201594
0.32287093101481	0.459151188486983
0.0369280041176674	0.0471211612880168
0.199597328291515	0.252554726844378
-0.637105180734647	1.24553852773712
-0.0438952195455908	0.0491267299690655
0.242094730854174	0.270475914272515
-0.0388594027227541	0.0416079634525652
0.405012786507334	0.596408391909879
-0.0751213746138532	0.0878027308086675
0.267328289055807	0.395302884557563
0.487481887479541	0.98978708581552
0.0770156063037674	0.0907173826667196
-0.336642362361503	0.466665558369476
0.250602706216426	0.344314058015701
0.355644832348365	0.472857456079886
-0.00725485667684541	0.00661143058845947
0.0964109537455238	0.0965070955080814
-0.414764645471805	0.574094700301436
0.774546044042981	1.67676715914585
-0.0530704126230645	0.0567848636755345
0.302053105000041	0.369208851267065
-0.32647812473632	0.434690524356772
0.133557016629745	0.134508054996991
-0.131655260589283	0.132501419641515
0.406024661360707	0.611894689574347
0.227196584294474	0.318610822865429
-0.115182883461424	0.0955193122720323
0.154994319302334	0.147022744189295
0.0991267607546659	0.0903374157137591
-0.384785410147974	0.46660655442163
0.0295046120932561	0.0248744417493214
0.221444972108392	0.225750625522533
-0.112236843460658	0.113253305730738
0.119617616983973	0.149472957106778
0.405093291527064	0.596578528712467
0.523215269517717	0.69358540918607
-0.105460331356859	0.100350053666801
-0.30033522875181	0.366071457881596
0.0451171284840828	0.039467292769465
-0.0977280153784974	0.0873158003211713
0.488617945207304	0.902996685503131
0.467065801688348	0.567809158803591
-0.00636876831828814	0.00541753444935286
-0.638856215850118	0.764230476341464
0.0423237158271014	0.0299922419603051
0.0616700182489409	0.0238789606093496
-0.801523434977558	0.847573144561789
-0.100793899580135	0.0535980179050429
-0.788232305482405	0.414275835906919
0.396262160673801	0.22638646126689
-0.406143088696864	0.0911104868149055
-0.285104268291679	0.18637524470887
-0.284826233152916	0.186118021704867
-0.391611384485079	0.191440763997525
0.564137604557153	0.38945059624571
0.67158217394513	0.334848424054662
1.59531981162322	0.85527743277059
0.671465868796485	0.334774054050095
-0.217841449111156	0.161319748743216
-0.389904182000159	0.276324804610237
0.504375390870268	0.449122629618846
1.06386544230746	1.23830212241409
0.0188727854840612	0.0126963967401141
-0.322452970399392	0.232128712488947
0.212032786642904	0.113899009719921
0.711889146938377	0.546487094584724
0.0855841566218966	0.0466768866551627
-0.171877447008978	0.10300836389379
0.606905808623433	0.368049054219425
0.845952734120206	0.715189374908091
0.399188015688921	0.355230020920794
0.104815931740311	0.0740544099099589
0.0856373726497179	0.0467057526082143
0.372705457589149	0.176103244649458
-0.801543761004776	0.847560701678273
0.803908700644487	0.712145574984858
-0.167761860218221	0.0869497148664064
-1.00950067227012	0.71944848988664
0.396284062791461	0.226395002349251
-0.939050965893036	0.734553872901206
0.083569348313485	0.0559589851979037
-0.358825047661998	0.230165183940644
0.399058289087215	0.261066486593233
-0.568481019853327	0.350153375981782
-2.94698077954152	0.645760131429668
0.403632537227691	0.139839884189156
0.0616264557748945	0.0238611614751663
-0.78812077431086	0.414038094571237
-0.516625938445608	0.17859542475739
-1.32945704925353	0.732853759751035
1.04442439792067	0.754229357853164
-0.406929606498836	0.0912995639757081
-0.848235856286303	0.353414829103439
-0.00635228232034153	0.00354698853506701
-0.747247673249316	0.697803286426881
0.116330839643921	0.0681472868212352
-1.03374979832969	1.20022282333808
-0.665418057279529	0.583588716949427
0.674935848395918	0.730989813026705
0.546658537699458	0.39936889682843
-0.171868434519582	0.102987037446451
-0.889776252660043	0.758163932303549
-0.82521645061763	0.599532139278292
-0.131171678522289	0.0901169461316588
-0.57940067199644	0.475491171193195
-1.67000918546535	1.12155961645345
0.264584122052665	0.174447372671049
-1.55205133459331	1.81489187811617
0.656365460204942	0.556840951197036
-0.665502969254937	0.58368145739329
0.142133049799469	0.0889005170529464
-0.518796646532029	0.498836162530179
-0.00490736533435351	0.00227272638136922
-0.171649699642897	0.102830390532197
0.0479285507635982	0.0241829353640545
0.533269183355893	0.41120691108276
-0.00631528212526665	0.00352626021625771
0.635585858470544	0.565049160716253
0.211926139913565	0.113876387771514
-0.852541166752993	0.785872227558357
-1.35073141784938	1.18153101136281
-0.877020695133298	0.576798736351056
-1.01109200987748	1.04692438485415
0.372695311062578	0.1760365339899
-1.14270749319091	1.02071038229888
0.233857811661151	0.135256128758601
-0.0487836436137319	0.0265956041613835
-0.510468029426902	0.458091522455383
-0.0786392714965295	0.0352944119780959
0.53323209335637	0.411160796994751
0.681056279941623	0.550100846909495
-0.253279772720086	0.203593425277565
-0.568442908073705	0.35011647403505
-0.746836607530863	0.697370404864275
0.0289038193280555	0.0171413780587822
0.181375246212359	0.127661746302116
-0.981399630784679	0.891065326956382
0.635415714223959	0.564719438324633
-0.00844750902079572	0.00544355644903052
1.12023906966822	1.25762577397688
-0.577063067083383	0.43440075790853
-0.732114848484512	0.441422043241892
-2.06192249635209	1.69798582922412
-0.877128198496476	0.577191008258668
-0.57935682061201	0.475352415067981
-0.218678640052191	0.243095746343789
-0.175114148883947	0.175151035521009
-0.226516888886468	0.225117062216496
0.17556555895427	0.177872541004744
-0.0678133186104094	0.0649270201872446
-0.427612687326931	0.542214301213867
0.451319958688121	0.668892412955856
-0.00683561064771701	0.00581490874435374
-0.493077071797865	0.594407430203836
-0.782600892643303	1.29915370337055
-0.259120454731864	0.397388270848364
0.521914888571334	1.06538261828055
-0.612801716281168	1.12811808605266
-0.340604032825573	0.394395789251074
0.601687556598996	0.971422888619671
0.0743364040159578	0.0762627607835539
0.225936968130178	0.279914793784809
-0.395330911687134	0.569644828184534
0.0190611962361492	0.0193564819795759
0.818055353586528	2.00638288079837
-0.0172540551034275	0.0192596787339798
-0.60640997477811	1.18471722536843
-0.236838806852196	0.276336817777838
-0.447046517670276	0.791280460176235
-0.0243333897154359	0.0206018622556756
0.301639919048068	0.368775746210165
0.366091527448001	0.548776539482201
-0.253445828581495	0.30978355512818
0.0378149372156651	0.0352690837790127
-0.395747073173745	0.57056039310202
-0.138487290956842	0.154985637382665
0.343440439424053	0.389060418739062
-0.112372698545851	0.113410242670326
0.289696108476973	0.32587411624729
0.795095252214164	1.19359946018082
-0.295231619551729	0.325859069316439
0.183616468212157	0.191899189039666
-0.00747664534051179	0.00681458265014148
0.608665439609127	0.962228044337144
0.454032466073479	0.642582630086689
0.251268286233434	0.231791520224111
-0.843817956399095	0.995506580891877
0.213365497315612	0.210571500407396
0.589325917938183	0.991559311874195
0.0314299170230045	0.0329109824853144
-0.0314408095526375	0.0320566409543849
-0.340702422051244	0.394440894823139
0.353805455824062	0.458800896421548
0.0244105771748197	0.0220174195566367
-0.406741241107575	0.468959383446376
0.611380564287247	1.16628912179818
0.748468845527664	1.20002199464499
-0.284435084379944	0.330445605319624
0.31875880989445	0.294855187043874
-0.931840843093529	1.0912383276251
-0.665625717998748	0.583870435607684
-0.634844558588865	0.797063532308475
-1.00962268959251	0.719542660462454
-0.848756633713589	0.353692019334519
-2.10706742962015	0.378548652882402
0.387686875825049	0.203780516144307
0.564347534065063	0.38957052261631
-0.0081408866142675	0.00267744478079309
-1.81214638498018	1.31346636503693
-0.6655407518731	0.583706954287991
0.373074051711785	0.176294168822822
-4.67488466633706	2.19322251114066
1.05637106962915	0.549947620800554
-0.256241157562844	0.253855366650798
0.142213266338618	0.0889328635497326
-0.322285324910253	0.232109055262902
0.0135420135130039	0.0100846697222302
0.0584218523132793	0.0369098436699805
-0.171891600284617	0.103013652092688
-0.358601625161616	0.230018412531975
0.0855841566218966	0.0466768866551627
0.211934111461218	0.113871149144747
0.181350495182175	0.127608258219796
0.234209408113983	0.135557017197127
0.372930405999128	0.176198353336861
-0.173854045087214	0.117638793695144
0.211819494672195	0.113810815709731
-0.746943588893125	0.697581345058754
0.104763347283701	0.0740364034986795
0.546579315923578	0.399227661212207
-1.62730990817358	1.68686066592436
-0.13108178201676	0.0900649149244417
0.584866281079793	0.379894017023971
-0.0490728158822873	0.0267618346413515
0.234037530116601	0.135423779769217
-0.449820216110179	0.282733562407957
0.973817364318433	1.21001570777877
0.898339298766934	0.723330813645462
-0.173791021253973	0.117590988191062
-0.573293818099177	0.392293154873551
0.061698863167424	0.023890625298551
-0.84751494297264	0.353113627072122
-1.68596857506758	0.70320287292914
-0.579047233084989	0.267435837190726
-2.94742201638341	0.645982057725913
-1.1144886963805	0.541000350984738
0.606746759712527	0.367950501034703
-0.391473290236428	0.191346105669389
-0.31487529078185	0.180469531977314
0.38733733715432	0.203585026748655
0.128626494876668	0.0571126960744007
-4.44973933299975	1.84343682746367
-0.119465260841818	0.0730241295804546
0.852859024632958	0.546883761518186
-0.422342376725643	0.236676559474934
0.232411226413001	0.197820149902548
-0.52496466157317	0.53756186875047
-0.500181396094794	0.415855664872606
0.398918661272857	0.277122050938888
0.968740277837925	0.894867219943855
-0.00643587924542967	0.00359301632558093
-1.63516090488621	1.39539822720117
-0.510268821300903	0.457810866617401
-0.449559643029099	0.282553005776485
-1.52280449040303	1.22064201753855
-0.119625687146688	0.073124812578289
0.123493734026014	0.0917568764110301
-0.00638929513398506	0.00356739098780242
0.307612553950244	0.262135027154151
0.196550516671539	0.145785143711548
-0.414004594020839	0.321166452093534
-0.791620401615912	0.629770886646146
1.03206268139685	0.911019810572968
1.1203655832426	1.25783419731482
-2.2775218801789	2.0945904950055
-0.576761949364109	0.43391921275752
0.632046398741327	0.352597545210657
0.711994689914987	0.546635957220775
-1.35083692672937	1.18239134984024
-0.938800820501774	0.734004736031384
0.399629756186755	0.245296505376421
-0.674845861436495	0.545752345612659
-0.391724305318784	0.191524028484181
0.264839243230254	0.174643300198965
-0.422299294346764	0.236652215203968
0.852859024632958	0.546883761518186
-0.471964074016085	0.328988442076057
-1.40178047258965	1.05066848132629
-0.171900614616488	0.103015029122361
-1.14874507792827	1.17240463951953
0.234134912161859	0.135481632721817
1.21180922779395	1.456684008713
2.56490773114907	2.43466840278722
0.116451858679516	0.0682159522077023
0.617638290188199	0.573665780578026
0.681050825914096	0.550390686111211
-0.35874606176488	0.230128359214925
0.294538374539166	0.229025751018913
-0.686735568887376	0.508322918373419
-0.224336677934566	0.149274089294747
1.05626564904319	0.549859734255288
-0.171877447008978	0.10300836389379
-0.938998525441713	0.734414306613764
-0.184617640808077	0.0791844639739394
-0.10062225280412	0.0535115969827204
-0.265310825116447	0.193861658240783
-0.444130594198062	0.614077182072771
0.52308093748354	0.693381401127728
-0.10530514658028	0.100144204367521
-0.326502918994638	0.397466909741936
-0.131649892258868	0.132477820326669
-0.267438125602783	0.295846873883014
0.15516599035831	0.147187542210026
0.404032003874348	0.474332334594909
-0.805323345977774	1.24000943521945
-0.713649095153165	1.06022549809991
0.130535046580079	0.115154184597599
-0.920590612799506	1.90779192074421
-1.19770321284319	2.60194500148234
-0.152522319619329	0.194218289717135
-0.253030924365537	0.309072204639263
0.449196685681518	0.743728818810443
-0.175562137950761	0.154727264005668
0.404171623573027	0.567985876956184
-0.0609284063965588	0.0711257689059565
0.278220601514557	0.374602414963344
-0.0682884871315096	0.073046547535146
0.54105714704596	0.886129697235931
-0.290372554424319	0.370705820988796
0.278384931858105	0.374839560948113
-0.402712567965956	0.603239842472261
0.472306613907584	0.541749733477075
0.169155076069736	0.191819437904394
0.0961448324012008	0.0962142925502141
-0.339668581730966	0.432671505803969
0.457903513108117	0.617664777740982
-0.191684378874609	0.234713634716599
0.133325759590673	0.134223009981844
0.298237442950265	0.354926485382139
-0.105385995162687	0.123378606999339
-0.551309627672629	0.824032753906685
-0.152558128517095	0.15306157739106
-0.0772422401844153	0.0783435853866267
-0.819075493968733	1.2122241130843
0.122774695469558	0.119677177182853
0.152108443947674	0.162785384215366
-0.417321055923688	0.504825055148472
0.267121053686777	0.264979356124238
-0.0681214997354136	0.0652692631092631
-0.0785732257371905	0.0606598270283159
0.464736492376984	0.580458145682701
0.0329456335810529	0.0325926252623777
0.35192128208782	0.444868921097726
-0.221871737842033	0.233587383287764
-0.671995683858766	0.960301077077692
0.123288947751703	0.120248949428064
-0.282201713292424	0.244176349026713
0.322831452877947	0.459084616518735
-0.417362482445484	0.504980432430968
-0.202601045089664	0.190013213598463
-0.77514350837987	1.10362027605932
-1.08453830057328	1.18429735969941
-0.23539602597155	0.138035568356171
-0.422341841578886	0.236653826502526
-0.184505553212383	0.0791373504854963
-0.571737584667295	0.312608565413617
-0.56851911765476	0.350145609039403
-1.24520758231297	1.02194211579956
-0.327335550717987	0.129625546394617
-0.517010624683618	0.178709666938849
-0.825240015986526	0.599593248021543
0.387443934982169	0.203677658568846
-0.0786262627254148	0.0352769823335984
0.128844798984404	0.0572090254928978
-1.14256360095853	1.02057817622063
0.163586759975438	0.108801348504513
-0.0758447695181661	0.047238971909493
-1.04445204539498	0.874915515762286
0.512781049904591	0.43655611193485
-0.173854045087214	0.117638793695144
0.264718600927762	0.174588722278937
-0.933844341584592	0.913679106263852
-0.0758613446971181	0.0472573155696398
0.0290370556228624	0.0172206399698484
-1.27040006372588	0.885002340015008
-0.224201871592973	0.149134584073347
0.398820720900162	0.277025474674033
0.632046398741327	0.352597545210657
-0.449633490948602	0.282605167831363
-0.358430472278739	0.229872321405079
-0.119493837664983	0.0730298441674234
-0.00482134538163185	0.00223622028267589
0.211918251717271	0.113865661807845
0.564406759068027	0.389679472400225
0.23410444750179	0.135473731879832
0.584751571128831	0.379962887188801
-0.048651080757578	0.0265256328711452
1.3082516470813	0.797772341886517
1.15467757714598	1.10920392728072
0.264574648130701	0.174478236700459
0.617724551709158	0.573803901808267
-0.449544062178421	0.282531156107745
-0.390035974921079	0.276433097301495
-2.54175943117086	1.70664942539031
-1.00945513744605	0.719425138137918
0.12874862606073	0.0571671158579758
-0.406536039818103	0.0912270232471427
-0.389902765292212	0.276321754862654
0.0479747380547107	0.0242080962692441
0.917410354019009	0.884355604113174
-0.674873072019471	0.545745098121915
-0.487714193016348	0.372872010913352
-1.09726745476458	1.33593267607984
-0.26554880296696	0.194126969543783
-0.0762233851005713	0.0474758050866129
-0.235316786021102	0.137981180349472
-0.701923815248982	0.471043419126657
-0.217410789822541	0.161083572869334
0.0480130451548229	0.024225429664649
0.917440096388044	0.88467261828141
-0.391360018543522	0.191292687350545
0.635797279164171	0.565136562997593
-0.100458668795975	0.0534076702199801
0.234209408113983	0.135557017197127
0.898526453765479	0.723531388531303
-0.449835675409196	0.282698812654352
-0.9676881851453	0.566449087740737
0.750898958716416	0.546360004087353
-0.732129713916639	0.441387161072424
0.631819214311294	0.352378760345744
0.656365460204942	0.556840951197036
-1.44931854075231	1.3467404647264
0.234322006866863	0.135573714301509
-0.939050965893036	0.734553872901206
1.83639201387342	2.16733268969186
0.845807667058939	0.714953390541008
0.60689160893552	0.367944282805084
-0.732207785471608	0.441468073086455
-0.260594489203997	0.131559221193867
-0.00488584384338446	0.00226550049600557
-0.877254707096913	0.577167546274364
0.163564873806924	0.108792680582514
0.512698605043471	0.436482208723404
-0.100353717964887	0.0533549282245805
0.141973939974442	0.0887927403169208
0.584751571128831	0.379962887188801
0.512992189538872	0.436681471597661
-0.358469012649422	0.229853306150741
-0.571731700161253	0.312583492623591
0.546500058822847	0.399048018890918
1.08201699621029	1.08405169334965
-0.732036673044235	0.441341043477748
-0.579233535502349	0.475321044301583
-0.572977137866887	0.392068629563688
0.399072206274967	0.260987481131941
0.387524745750924	0.203731359245904
0.396348882316361	0.226394117006074
-1.27056950611993	0.885278385976038
-1.13158109042507	0.867766686637026
-0.358601625161616	0.230018412531975
-0.175497391498157	0.154667314936894
0.213302370581764	0.21050159325951
-0.533279100497882	0.610074147092758
0.204170059828121	0.194657850069309
0.133313081981348	0.134213822908199
-0.275968560735596	0.33684411947968
0.0202512830455316	0.0194108374415085
0.184995693046312	0.221828681664632
0.0331179434130744	0.0366882549342313
-0.0558729611990771	0.0753908973197086
-0.473308298595386	0.865281555611407
0.183317216237984	0.261033120997057
-0.00563668225312389	0.00702880336027711
-0.0838829643455147	0.0896406375207358
-0.24215145594317	0.268573947945984
-0.173184726583263	0.212093274448461
-0.174803590101327	0.174784239543351
-0.584845630895098	0.701564939053238
0.460246120828151	0.605529084990572
-0.302691489105103	0.403030372777476
-0.620892020654874	1.0353807706557
-0.451199560568741	0.650040953132927
0.267826971579482	0.396240787329663
-0.094413112054686	0.0955556770642198
0.614835273808567	1.43048188376032
0.292472624138176	0.423891402631124
0.450246381252927	0.682556260691597
-0.172855748648661	0.211613476714395
0.710812199746389	1.58922955533545
0.0851191910462197	0.0825358893147153
0.674281212622717	1.07320741796347
-0.0976649732348119	0.0872591352413205
-0.699270382285922	0.833507949359797
-0.0783571530224976	0.0604957632471473
-0.0284263776586732	0.0222666571770164
-0.0860445322309099	0.0821613250893906
-0.295297602961558	0.32583488008547
0.100472618728159	0.0817780686613195
-0.144409194336957	0.119004806325173
-0.585384683083076	0.631925077871403
0.193668447860597	0.178065457000691
0.279842024857308	0.296423059935432
0.400405977613822	0.400365021097014
-0.957755289527803	1.23818838192643
0.718016890090015	0.887436272157406
-0.126350923176387	0.119779019320678
0.734223323395241	1.36073801069882
0.374134460476272	0.600898109952885
0.452176533587026	0.815386969385457
0.820509598189152	1.81310472245591
-0.424140836903176	0.43857050801424
0.109807620233911	0.133474582891783
-0.0683744557869938	0.0731315024338189
-0.0284201967612145	0.0222584981732246
0.0857428988252296	0.0467687674262433
-0.951768045880078	0.27264192625531
-0.968033043844823	0.567023112730889
0.372838340462595	0.176172443452236
-3.48219873584491	0.919655084022901
-2.19217946653329	1.20987458056536
0.449482770198073	0.0873321855854351
0.671538371030747	0.334855559136084
-1.6857313628121	0.703085363193652
2.87963000652241	2.00211060739267
0.44025009120492	0.120379994939149
-1.24502179654099	1.02203226696656
1.15015999158942	0.773698687949079
1.28995666139643	0.361009605400419
-3.87522571878201	1.20686794936312
0.756515168312017	0.878187590885833
-0.376235869976446	0.319833731121493
0.155583234898929	0.126758616023013
0.123703996642159	0.0919178340646103
0.1232483229585	0.0915287980357145
0.512994934535858	0.436730086995214
-0.938906313504456	0.734349776969803
-0.0784118451718175	0.0605417325939269
-0.265614440495864	0.194180304416663
-1.24519154070041	1.02240393492908
-0.461789967259706	0.447192324254727
-1.13170330687148	0.86755806948783
-0.487712563830129	0.372844245573686
-0.877150432874458	0.577051214111517
-2.93118731682824	2.38593694029261
-0.449827940395289	0.282731266711348
0.796542286709821	0.546503907985386
0.846045190403945	0.71521740606195
-1.94232632547216	1.50537150275443
-0.326073243839534	0.279737705311176
-0.701862955864654	0.471051609861451
-0.00638929513398506	0.00356739098780242
0.142052828198632	0.0888586735653421
-0.285127572665304	0.18640202474893
0.307504250156037	0.262021859532627
-1.21629611363177	1.61790334715423
0.396154537368834	0.226335141231484
-0.00479974634476388	0.00222777119469707
0.533259718385376	0.411057269264083
-0.389929969887617	0.276359669549728
1.61940639617161	1.66849332793649
0.607013909009565	0.368113947865685
0.606732450583422	0.367923078259537
0.0859014915634962	0.0468510187878195
-0.472010450119347	0.329013950089207
-0.572832255431306	0.391827788620206
1.4970983512604	1.42998892106674
-3.48199261945285	0.919202577093156
-0.391732523448923	0.191484277454062
-1.51186315146359	0.927358093183564
-0.571725802687708	0.312448617253001
-0.184495602328439	0.0791280415311326
4.3409413332655	1.77184686129911
-0.701794275583271	0.470910260347338
-0.579004253227954	0.267391767117248
-0.449544062178421	0.282531156107745
-1.15398703684378	1.32545222387988
-1.27229617434647	1.76401158315366
-0.690304508431693	0.864221866407514
-0.581624290033833	0.516338790918282
0.0289840778068076	0.0171894330672799
-0.449551847246755	0.28255524491248
-0.658725945119197	0.622191717871612
-0.573148582352656	0.392220049465515
-0.00655651078964978	0.00365922616789442
-0.938985249993604	0.734486826092846
0.804089835220899	0.712440424822514
-0.0759051448786092	0.0472913722500453
0.276633318877016	0.193483226455459
-0.449389894477444	0.406863643788138
-0.889692726726828	0.75800789084331
0.365585286629066	0.150188844604602
-1.94219445552014	1.50498311534234
-0.791922270637053	0.630589539613816
-1.24528052059392	1.02247485915243
-1.78580901920584	2.04247781197618
0.25052672039259	0.155123588624536
0.53312519403382	0.411026461301314
0.39953817911878	0.34068496776478
-0.0759270521319743	0.0473049630283594
-0.824948796019937	0.599181802999873
0.398834984692158	0.277080991308156
0.403122432305779	0.139593949723423
0.178582044959992	0.0880558495915799
-0.732036673044235	0.441341043477748
-0.449707528503676	0.28249544727197
-0.048928130971809	0.0266820435245928
0.769785136813603	0.71341704442789
-0.510548702755507	0.458105248700294
-0.444547077145975	0.511279387934341
0.123544444385558	0.0917999591205901
-1.24510261178724	1.02227857312988
-0.0759901648345779	0.0473452882734231
-0.868259668163957	0.967587127371435
0.163460406680137	0.1087083436611
-1.0095768799932	0.719341383679869
-0.322159103419451	0.232023888318447
0.373186918798905	0.176352245678087
0.606920023753657	0.368081471821074
-0.0490461137062827	0.0267468360349336
-0.0786522619879239	0.0353023758590265
-0.18463738170786	0.0791607990119409
0.00660734080939284	0.0061294381722576
0.225820070843921	0.279634596836933
-0.0390626780183185	0.0353232872891662
-0.0117350443186695	0.0125581439955795
-0.105264509038492	0.100134670908246
-0.313989137080104	0.400254579235819
0.307071912398039	0.478135041016834
-0.196872343407407	0.219309107901389
0.24776779657384	0.284793764889116
-0.514061725865458	0.739278560486492
0.715224106204763	1.37646574259163
-0.0953474827445102	0.129265901963736
-0.225436765446396	0.28786293705292
-0.175852477833363	0.186174050276345
0.199786411526421	0.252798910016327
-0.126601461522102	0.120049912221769
-0.25843396754553	0.343792291294508
0.1997426187666	0.25272847611112
-0.361386883696544	0.501023755373973
-0.0697702972004385	0.0910092871917061
0.0564127390593534	0.0695223177212937
-0.444620517676488	0.614931173139522
0.160949746630838	0.177313316249094
-0.237945618667274	0.316363757469538
0.193672360659283	0.178073720370157
0.0871750616981894	0.105560187772676
0.0316986151221608	0.0332020211992356
0.603612938685447	1.19637832601855
0.859223379147066	1.64121883097692
0.559955899587256	0.841580612098485
0.513886427110977	0.715308655166846
-0.395973353919413	0.502762149764693
0.221747550820272	0.226126971164551
-1.12675284254188	2.04619731561283
-0.156414050709684	0.18320713394812
0.232257193740707	0.295427182898771
0.213365497315612	0.210571500407396
0.130401182489278	0.115016230996086
0.258375431257469	0.313668159753387
0.0595092830791016	0.0539393670302504
0.16555965161421	0.162434601361567
0.518572369061244	0.70482283254676
-0.843940344114945	0.995592818383262
-0.0359255204219573	0.0346347094789061
-0.0392256330692122	0.0354751129630041
-0.22680825954302	0.225463449638918
-0.0172909442177638	0.0176462560734517
-0.587380681709766	0.876970016786679
0.294031749870219	0.340324283807704
-0.105248602692004	0.100117465178543
0.538862136151374	0.659373572004098
0.228973437815295	0.240965735210946
0.253203932370372	0.299217166605328
-0.217496910387678	0.16115931261989
-0.17391993970498	0.117664802033696
-1.94202876330122	1.5053209239681
-0.314951765219021	0.180492172724413
-0.391716070497778	0.191515317219743
0.796714735389882	0.546405370933732
-2.17328582642511	1.89457551908669
-2.10706742962015	0.378548652882402
3.44542702694839	0.961324616818369
-0.422299294346764	0.236652215203968
-2.94742201638341	0.645982057725913
0.681102546937439	0.550386522987246
-0.571969057025845	0.312725884763733
-0.391594789884239	0.191438279351218
-1.11409385166674	0.540651439280993
0.796542286709821	0.546503907985386
-0.358482443566859	0.22990725334661
0.955883959048738	0.344654176637369
-1.11469959880058	0.540907832368884
-0.298992997101124	0.237814501772248
-0.634810029202109	0.79695371698568
-0.801523434977558	0.847573144561789
-0.131016263300777	0.0900113369121823
0.0291173019445393	0.017266599974287
-0.433054031066367	0.364298691297709
0.0584218523132793	0.0369098436699805
-0.351954321284277	0.276666513577105
-0.265631141777677	0.194115321022874
-0.572977137866887	0.392068629563688
-0.31487529078185	0.180469531977314
-0.0487702312480759	0.0265925698568664
-0.390037371011563	0.276419788363124
0.250896438749992	0.155290973923011
0.564332334827496	0.389653895586746
0.301497585276184	0.245800297176315
0.485580715993374	0.487025767487027
0.584721353956748	0.379925831477889
0.656340882707527	0.556764329453062
-0.265462605780049	0.194040861809736
-0.314837032959884	0.180433066341452
0.60689160893552	0.367944282805084
-0.39009037669517	0.276450857378076
-0.094585719883577	0.0659031201935779
-1.8392069581833	1.75967751839127
-1.0443084110125	0.874649006739739
0.399208211357832	0.355289872369962
-0.414067627369576	0.321199031531157
-0.217345378121757	0.161022659194176
-0.322263430001151	0.23207223002274
-0.314768381769117	0.180349988527173
-0.11962432842317	0.0731207776275701
0.234217042819429	0.135554715301903
0.142054178750599	0.0888368511386093
-0.17389514636938	0.117661309424927
0.715531720452066	0.720512319695876
0.399630859244332	0.309670206289546
-0.00484278533217776	0.00224382481702178
-0.406536039818103	0.0912270232471427
-0.515990783583792	0.178284628481265
-0.877042886893742	0.577005310114962
-0.846996344736511	0.352712982272515
-1.35626224425971	0.474875835650706
-0.732129713916639	0.441387161072424
-0.391490026470118	0.191378721986921
-0.103877372062926	0.0288628201081387
-0.298660880741135	0.237436571601599
-0.701862955864654	0.471051609861451
-0.573016769140415	0.391891386667433
-0.792089496111302	0.630754759552082
0.712007738259608	0.546620013704936
-0.500117645690407	0.41594675017541
-0.981504005262713	0.891238633380212
-0.00813748832274516	0.00524371369408026
-0.665311106311113	0.583361206761243
0.294497222084847	0.22898750613545
-0.00637557637037879	0.00355970996600095
-0.0490594629448469	0.026755104726524
-0.686683761512667	0.508174597084697
-0.131085485150447	0.0900388978968519
0.104783446264362	0.0740499896731453
0.504588960060017	0.449336461527864
0.968474816396704	0.894056990506377
-0.0394884245435511	0.0250431843018384
-0.23539602597155	0.138035568356171
1.49730071637602	1.43007384491007
-0.224229156975004	0.149175752312636
1.1497785691361	1.4292999346812
-0.171937931217338	0.103046922596437
-0.732036673044235	0.441341043477748
-0.572963935477394	0.392030574725598
-0.674898840923898	0.545790922920221
0.366007310144161	0.150389420387711
-0.00484279931117502	0.00224682304483335
0.56422737419145	0.389555636326398
-0.585112259600097	0.595336884367122
-0.414004594020839	0.321166452093534
-0.449217000544622	0.406808342310543
-0.265438197847895	0.194015088063721
-0.314916889843787	0.180422737951942
0.141759074541841	0.0886355107016481
-0.078745871602922	0.0353461577361168
0.5847074956156	0.37954515646611
1.11256634242361	0.937710941311817
-0.825232150203982	0.599654790054676
0.387699641114235	0.203810552040452
-0.100540405818408	0.0534632011451723
-0.10062225280412	0.0535115969827204
0.0331556196626794	0.0328049002760796
-0.0463156209609154	0.047176827461475
-0.78262079270441	1.29905291109107
0.0452883819397598	0.0396292518493236
0.177240259510497	0.206698328317076
0.0963860128729409	0.0964817957856576
0.116163321657497	0.0985278022917043
-0.300752336066079	0.366732894548477
-0.0435960324971126	0.0367316767923223
0.16568513909501	0.162527839277669
-0.154982562233994	0.189657241356267
0.0444924382231825	0.0507218109338629
-0.245995299665533	0.314231106657463
0.0559276109531564	0.0656362900621882
0.176955799018336	0.206381409037883
-0.4678534001907	0.779323901881939
0.226065928099268	0.280042045029639
0.160794304257567	0.177197189652383
0.490532007113922	0.833233064144642
0.315179601722351	0.513017550701675
0.355431214471718	0.472580544240555
-0.246013011030216	0.314272445923982
0.305400636794305	0.383238669960952
0.0963554889751685	0.0964491148382942
-0.197805130855533	0.208796144158761
0.0853557704800851	0.0902681740867229
-0.117797520294663	0.125504887769179
0.000795662596952765	0.000851738652680605
0.0379066037285974	0.0353626781199794
-0.0878945522082205	0.0984812415671524
0.403839499687999	0.567098482855092
0.238359189834374	0.311203319900606
-0.585017535843483	0.769939193691985
-0.284984910867983	0.33142654677011
0.0507935573643057	0.0489551471177235
0.586467443468262	0.802787514027096
0.0296558178491545	0.0250021130530886
-0.120816731242317	0.107442671899169
-0.105517420672734	0.100407383338712
0.213173638225694	0.250172489302732
-0.340767298407862	0.394588913191148
0.404264552295488	0.488109819586781
-0.0437048675530404	0.0368299058889819
0.111804055200688	0.105492573584526
0.126758897025381	0.138839822824525
0.494590482612657	0.787908021088611
0.558826833411611	0.623940197407883
-0.0764468895259235	0.0685526619643334
-0.835106733262592	1.1859682922145
-0.585395271891793	0.632088063168578
0.263353143672752	0.328217815006473
0.404433079085036	0.51480352992082
-0.174738405410546	0.164509123379052
-1.10654092444152	1.48383585102106
-0.175653617055647	0.154805193041015
-1.68512391843097	0.702434549692085
-0.525147140676567	0.537812821767378
-0.701893398829885	0.471060653765222
-1.32918961872126	0.732323078576545
-0.968040626027814	0.567014988604947
-0.00907866149999291	0.00298664964320787
-2.10706742962015	0.378548652882402
-0.848034357080434	0.353432748047731
0.956055118653698	0.344844233810228
-0.0488089875965929	0.0266177615123385
-0.260422454505934	0.131473076198748
-0.078745871602922	0.0353461577361168
-0.968152752066219	0.567121503023109
-0.0761164605046595	0.0474209476110106
-1.12702728560379	0.7237887552699
0.0616553482559604	0.0238703716137645
0.440742619385608	0.120469713008539
-0.583708491313947	0.556614727705718
-0.0397019693188897	0.025170654058451
0.803885443008125	0.712114459554289
0.276662130961792	0.193532353478315
0.399407141715624	0.340553854433012
-0.658705200469273	0.622151746026057
-0.571505531550015	0.3124149088738
0.116284536468204	0.0681178066573984
1.4971811259523	1.4300181057644
-0.825142928248916	0.599571444913089
0.0478903049748244	0.0241603677989813
-0.517513875524486	0.178911161319999
0.711941293208047	0.546490151457986
0.399240135763075	0.293323481760192
0.276583399332681	0.193444888966908
-0.1738760053631	0.117653995479651
-1.24511065089149	1.02221469041217
-0.285043981003217	0.18633542576247
0.181465589387316	0.127734472251748
0.845952734120206	0.715189374908091
0.0479668102951513	0.0242035155870716
1.21244590051836	0.970775811600493
-0.252883084789309	0.203161483313263
-1.52285856569018	1.22115975486306
0.68120935990724	0.550510843550439
0.963545976406489	0.737152407988497
0.874840284125199	0.879616479175003
0.0187457652159364	0.0126131330967193
-0.788222961863263	0.414264406349458
1.04415699444182	0.754003890830394
0.211758999475203	0.113754851501744
-0.852604151174065	0.785927542903538
0.398811843473839	0.277059701974975
-0.471987262164561	0.329014669520781
-0.573214592148753	0.392266645889591
-0.579296535169985	0.475401577626035
-0.938814115378142	0.734138351979046
-0.22428211378869	0.149219672599838
-0.487845771110902	0.372924017983754
-0.51764708606635	0.178953973086848
-1.1146996213552	0.541121784175122
-0.260594489203997	0.131559221193867
-2.94720125929596	0.646055459499367
-0.407047340101398	0.0913266870047607
-1.32934427758984	0.733020573050618
0.0617861815936593	0.0239238580331253
-0.184393374089649	0.0790787932600563
0.928880311944051	0.545314341145758
-1.1145954954322	0.541089063658969
-0.0757378547283631	0.0471733688474449
-0.285053627335216	0.186330826663221
-0.389849774073474	0.276267896625035
-0.981398114737543	0.89108804281965
-0.674792889721164	0.545690657241514
-0.579337614554796	0.475447950640614
-2.06192249635209	1.69798582922412
-0.791861878249689	0.630501710651017
0.0858752349172589	0.0468327597926758
0.116247166995476	0.068095355374989
0.142104496445826	0.0888857228357281
-0.00661683941035757	0.00369212124662277
-0.938756652318534	0.733858328376305
-0.487528107083404	0.372641556643944
-0.471843212655667	0.328827257946704
-0.933844341584592	0.913679106263852
-0.573056252013549	0.392154337670413
-0.665647710595455	0.58393081140269
-0.82521645061763	0.599532139278292
0.28626860382939	0.211493117958555
-0.449299685915829	0.282190782938252
-0.285127572665304	0.18640202474893
0.522228307050352	0.423705860585646
0.029009781927305	0.0172044213737388
0.0586959218520654	0.037080909149561
1.58591280451236	1.82415809975476
-0.235237583424851	0.13791980571296
-0.572990344273574	0.39206853349588
-1.51140176261422	0.927988291760551
-0.938827414231148	0.734169359590649
-0.0082268846083795	0.00530268934145092
-1.23442297805832	1.17075819927854
0.396219281155119	0.226374014114269
-0.76630861954926	0.662972643880192
-0.487581032377036	0.372727958048912
-0.260393358324243	0.131430586479957
-0.0760508511526107	0.0473733456090217
-0.658725945119197	0.622191717871612
-0.100532689740455	0.0534621458761021
-1.81203569785462	1.31269978621735
-0.674927487221391	0.5454869291129
-0.167814701890377	0.0869867978736486
-0.571618661584741	0.312525279780433
-1.51128399880157	0.927879913676698
-2.54175943117086	1.70664942539031
-0.305736569071777	0.282814017971835
0.328757907284524	0.327552646466185
-0.504351944776398	0.666274720388043
-0.00439945852255651	0.00449512566110532
0.494670929604389	0.788497670393662
0.352132300303418	0.445185151103316
-0.58481631846176	0.735829993663842
0.0700338458734566	0.0592491508453951
-0.325346298539203	0.319809632967963
-0.992599449272424	1.21878024165857
0.918458439470473	1.35297278859135
0.340110069432824	0.373759227005194
-0.0389162591644562	0.0351815037922141
-0.200295184499076	0.265937191139821
-0.351096775224712	0.466886925194212
-0.105427784228924	0.100320758694649
-0.831488500520004	1.37770759022718
-0.495676074159811	0.826591086074794
0.488100923536438	0.955948114937995
0.0250910439866406	0.0285183424048056
0.337558552033597	0.527652854922659
-0.52420242105149	0.874476211857265
0.0990069670044758	0.0902081576092638
0.165742347068056	0.16262934304226
0.259860403530761	0.248788081208041
0.333410727584455	0.343814681982838
0.0453340495045064	0.0396700498959617
-0.24841614988638	0.260736591643162
0.143418867716988	0.148944494374342
0.0535011716048082	0.0434808539270778
0.0503315024333621	0.0484651961982567
-0.0516095060862749	0.0496146273827673
-0.509668385137148	0.703258928936502
-0.120570010154254	0.134986640799642
0.289884143585618	0.326108290634892
-0.354058761508617	0.429867282437019
0.363844209412106	0.53239277188483
-0.295052219738133	0.325624347316502
-0.0117937035409139	0.0126214798850048
0.00660711675181255	0.00612964614045961
0.0851437111876517	0.090029398347118
-0.361386883696544	0.501023755373973
0.144748043214741	0.16780805489231
-0.175630376301081	0.185904240284818
0.496847076688811	0.774920177906336
-0.0761614807198172	0.0683050632868627
-0.202842550235935	0.190187758021734
-0.253147483103661	0.203475468702817
-0.105713879678574	0.100570480977439
0.929815994529205	1.04617082712758
-0.348299679645126	0.320283006957133
0.0344604020902913	0.0268432799672991
-0.176745445455702	0.144596744730324
-0.424046908254143	0.438393344938397
0.0992637748531781	0.090459897990577
0.0635669857233123	0.047288678811249
-0.17674005333929	0.144596675147568
-0.413960669915903	0.321092009427935
-0.701939376185849	0.471077472243728
-0.391498369660419	0.191308871920891
-0.327336309025416	0.12958353525551
-0.406143088696864	0.0911104868149055
-0.890017016750693	0.758414603504005
-0.938958711023036	0.734322134192378
-0.314783952241964	0.180345912013469
-0.0787328393819667	0.0353418953097744
-0.00831647071794103	0.00536026035772822
0.584721353956748	0.379925831477889
-0.391724305318784	0.191524028484181
-0.104360815899979	0.0290077066781166
0.141918226728449	0.0887664170461289
-1.14280493815631	1.02084195360638
-1.14884881466261	1.17257606466501
-0.0489937644034561	0.0267199564240236
-0.422299294346764	0.236652215203968
-0.471987262164561	0.329014669520781
-0.44999938534673	0.282773383625697
0.972339558644507	1.05466068289494
0.584812089314716	0.379933439174538
-1.12703244414615	0.724105062479207
-1.35090235712844	1.18231625144187
-1.81203188881971	1.3132177825067
-0.285090593703859	0.186376827935707
-0.939077485445265	0.734512322363123
-0.422320612835452	0.236661180017005
0.680990250676709	0.550269762703352
-1.62759689366151	1.68668928116615
-0.167891044836085	0.0870165131143139
-0.100801533203036	0.0536027369599788
-1.74054990732729	1.57524358635527
-1.00959222676061	0.719584185538748
1.5860802121731	1.82451626206609
-0.967800698735012	0.566773743831677
1.0563721169038	0.549683027568135
-0.579274580544113	0.475386205460311
-0.260673005754938	0.131596036501488
-0.579381506779687	0.475441032582408
-0.825045854923464	0.599435065359958
0.606718156961319	0.367821304480344
-0.825053757516349	0.59945569070679
-1.23465016487345	1.1700808918836
-1.24538549875692	1.02202936613203
-0.131250485821932	0.0901510036439419
-0.391724305318784	0.191524028484181
-0.510508360746495	0.458157320115953
0.196636680755958	0.145858043549155
-0.0489013694262602	0.0266701962197787
0.750967604056486	0.546403961082126
-0.571618661584741	0.312525279780433
-0.515990783583792	0.178284628481265
-0.847314325335099	0.352888726716764
-2.94698077954152	0.645760131429668
0.955568975584273	0.344510645872178
-0.406260094312188	0.0911374164788629
-0.406536039818103	0.0912270232471427
1.59450256656432	0.854227812381325
0.365796592364056	0.150347828566248
0.365902525614416	0.150379543777498
-0.406653408801407	0.0912540543799087
-0.407047340101398	0.0913266870047607
-1.00959222676061	0.719584185538748
-0.327545771414056	0.12969920235071
-0.395677619377101	0.361298242623514
-0.433253283193063	0.364496551939643
-0.131188573518199	0.0901445086009192
0.16371034314043	0.108862991697841
0.968633454978264	0.894672147645549
-0.433270756414973	0.364627517279049
-0.67476713709981	0.545597783452129
-0.0489803984799141	0.0267132188815541
0.399321690028494	0.293377910100217
0.546803549672268	0.399551531032605
-0.413900585107279	0.321072021268116
-0.358601625161616	0.230018412531975
0.0289310925154956	0.0171575933732068
-0.314916889843787	0.180422737951942
0.178394582455224	0.0879597751455033
-0.413878595132534	0.321065353400636
-0.877149112430242	0.577216000555005
-0.732192865670734	0.441473163114747
-0.0489147483452937	0.0266769411251259
1.03230116897854	0.911423629192629
-0.285174180431765	0.18641825772864
1.1124541585777	0.937564150996836
0.276660584190188	0.193521158081898
0.898526453765479	0.723531388531303
-0.00471351223080486	0.00218494087160831
0.234014737217533	0.135404415420104
0.398992893405741	0.260951555466643
-0.314867405965761	0.180451526135702
0.522122239729352	0.423444440336613
0.769491216255838	0.712799096277017
0.804089835220899	0.712440424822514
0.564242568767649	0.389576900413468
-0.56857990501294	0.350166387556922
1.11255166293503	0.937740334633732
-1.52278995090759	1.22112318048924
0.564422049407264	0.389700830190336
0.584836126139385	0.379857029962305
-0.184627520138321	0.0791861460962011
-0.568495736270134	0.350034919147592
-1.12690984914405	0.723594191723434
-0.981346705680869	0.890885888045407
-0.0489670362588258	0.0267049448325151
-0.934180978873147	0.914013581839109
-0.29465990438811	0.324942175893075
-0.667868958985822	0.994096329868063
-0.360421864472215	0.558482817922598
-0.0115685061616985	0.0123750243991534
-0.291304881005279	0.403754523091963
-0.241979300964834	0.268314507158428
-0.172899223994632	0.211678127138637
-0.00842328172380098	0.00542826232287636
-1.25230454379791	2.03841196700095
-0.176052217468941	0.132023277324591
-0.0629524049072091	0.0444238840275183
0.464733652421238	0.580659698699986
0.289597903915869	0.325663107819792
0.0764103382495619	0.0946768444378435
-0.194094703451097	0.266972751461722
-0.120816932991502	0.170135058038757
0.278197796266192	0.431114625566323
-0.371314862379676	0.614512969364072
-0.0143773579463554	0.0186116677514816
-0.182624001094615	0.242134148031773
-0.268906895706776	0.399749466407794
0.186150508973468	0.247180039523184
0.191777429747487	0.206647394969274
-0.233497460839524	0.218045863016332
-1.15792074805241	1.47456103283111
0.340415703567894	0.374296886807041
-0.366921039004841	0.466824517275219
-0.131735960964807	0.132585877007593
-0.242515551806577	0.211192970186053
-0.259990085695572	0.302832823534783
-0.225493286975262	0.287911344140018
0.405109434053259	0.596650837814246
0.0790350088403684	0.0882155794688527
0.213760303672103	0.284998517672973
0.0768852274905064	0.0905070231563886
0.225834743762834	0.346088817411538
0.301906356808817	0.459055271861186
-0.438344900076147	0.868398937228933
-0.0754589379201318	0.0882303922929371
0.0559365097608518	0.065650723196523
-0.55418491183675	0.955801142775969
0.256325188969694	0.361150837187499
0.516049284372783	1.12466706647009
0.0192091424130726	0.0195080815508299
-0.0726834313588946	0.081455248627675
-0.554676970034091	0.957242968340793
-0.868975437341576	1.48996262245738
-0.298727270943622	0.23752949611939
-0.2988802591657	0.237699342993491
-0.298860101022677	0.237688026429349
-0.00690950928993453	0.00587645452346508
0.0185265835061047	0.0124660216036687
-0.176118532473745	0.132076880870444
0.235620299510744	0.255547736229341
0.359342500124636	0.501707573571773
-0.0392661164952731	0.0355105339959095
-0.658963459931347	0.622324586594689
-0.579233535502349	0.475321044301583
-0.56850361312045	0.350137185021699
0.11640554574906	0.0681864626339526
0.128731299422086	0.0571633654848292
-1.00966077046649	0.719307892669355
-1.66989234257219	1.1213835592074
-0.21267756795132	0.172548501545212
-0.487847380520622	0.372927220779711
0.0290900259567636	0.0172511793350693
0.399336474557457	0.30920969902196
-1.0094931847238	0.719548716819513
1.11254430621574	0.937658562049887
0.18152721235634	0.127766383065718
-0.0789466320583325	0.0354412383139809
-0.788343745757691	0.414362328106443
-3.48219873584491	0.919655084022901
-0.571624596727463	0.31249828110112
-0.825053757516349	0.59945569070679
-0.314943947858019	0.180508496860338
-1.35082355811961	1.18222589649286
0.715355215038476	0.720233940388528
-0.581513987327212	0.516291159010429
0.181399908429285	0.127687118867493
-0.413878595132534	0.321065353400636
-0.235303642562071	0.137970517714117
-0.568420162491824	0.350045818239286
0.142026984342139	0.0888324262134955
-1.35082355811961	1.18222589649286
1.21246585866993	0.970700170155479
-1.27073852153077	0.885116853872745
0.398918661272857	0.277122050938888
-0.472061788963516	0.329033357464412
0.804089835220899	0.712440424822514
0.399016555113696	0.277125062239942
0.0289825102637502	0.0171873746132031
-0.71991329862951	0.767741789537337
-0.57682215557269	0.434063965729552
0.693796988188397	0.725361460329095
0.807108120074363	0.875804402104035
0.399080971909257	0.293155310902524
0.104703034434308	0.0739775122064196
0.0480050835828071	0.0242224684999677
0.398690755140477	0.276941906629452
-0.327440212159224	0.129629361099382
0.765221229893607	0.331833236925771
-0.788111377288474	0.414177817025583
-1.11480389157877	0.541093044086259
-0.95187692509697	0.272670624519378
-3.48261171098015	0.919665246937834
-0.32733529210431	0.129585538245281
-0.104844951344196	0.0291451841025915
0.0618587111049973	0.0239501477339738
0.402601084599537	0.139358275615591
-0.104530837627992	0.0290497664010843
-0.516375129736063	0.178441001382876
-0.579018048486102	0.267409454362904
-2.38064264796674	1.46174675563604
-0.579359558285776	0.475463311637417
-0.653408914392345	0.659917412289735
-0.434885481750146	0.475078414801678
-0.648402903842239	0.696299714495301
-0.289166607437307	0.285445686201807
-0.265569379973613	0.194142537482544
-0.78324130605379	0.879597911233598
-0.732078312418509	0.73290941491741
-0.376031363505098	0.319750089878646
0.892970965265706	1.03963856948692
0.276793808480582	0.193586951858949
0.972465931823031	1.05493761996588
-0.212778740609281	0.172641686069342
-0.242808994530076	0.21156964392753
0.0137196918970918	0.0102175136829825
-0.285007010964892	0.186314582604357
-0.322054918949587	0.231926205197877
0.39975585811231	0.325479188310196
-0.471940885671565	0.328935283128993
-0.176144415681378	0.132088337614021
0.250553369184273	0.155126774488292
0.399369947579222	0.370118671938593
-0.0491519027542736	0.0268024821055204
-0.674792889721164	0.545690657241514
-0.139692590234455	0.105897572019939
-0.0757570437027667	0.0471897109394555
0.0423525978050852	0.0300130445212649
-0.171961096389896	0.103053583967166
-0.791908305713741	0.630579329942369
-1.54122606340521	1.5155252402389
0.712020782542115	0.546569081267276
0.232223380950509	0.197689211285033
0.546988418746887	0.39964943368048
0.632046398741327	0.352597545210657
0.631924054382468	0.352475981362613
0.632046398741327	0.352597545210657
-0.314913534863782	0.18049000784073
-0.314913534863782	0.18049000784073
-0.0789404054704349	0.0354352126325418
-0.252954181467248	0.203250044803562
-0.579296535169985	0.475401577626035
-1.74073522297658	1.57544128714462
-0.732036673044235	0.441341043477748
-0.413793633721842	0.320969820892725
-0.453593228790882	0.54779553307958
-0.46188890962379	0.584577108397075
-0.0978649911822087	0.0874348392969015
0.161263280195765	0.177703094812509
-0.618586542839665	1.06746115066046
-0.940766182367917	1.72178902750664
0.0314271836635361	0.0329134589410759
-0.0680722790374396	0.0727976116551798
-0.0390381784062605	0.035299511213813
0.399247248114144	0.370042901288195
0.917464699928961	0.884630729150845
0.538892829817435	0.659458279160414
0.0854598301205954	0.0751166846599072
0.232300184847851	0.295512077990906
0.119475715805942	0.14927441718356
-0.121609426670976	0.1485175830096
-0.121652887734503	0.148592616430614
-0.467833429047997	0.77926518166207
-1.02727009948839	2.24679869617386
0.32255506003981	0.547175371860158
0.416705413011073	0.733056533342264
0.0454197330994107	0.0463555913152728
0.219278929363738	0.264300566974776
0.404323434810601	0.581568075384485
-0.202811573090792	0.190204801206254
-0.256427444365075	0.254083717454596
0.104849993135276	0.0741031666810547
-0.546090024201765	0.75226040202756
-0.097570434647196	0.0871558270411878
0.183640687081637	0.191947257779999
-0.653758117518822	1.12805876905211
-0.106789268818181	0.130307025462684
-0.353525476308777	0.528816109660651
-0.427385329377989	0.541816853256727
0.406987527119787	0.627484158251589
-0.587402365594728	0.94578670070959
0.681066608220539	1.43841988904621
-0.311479230069517	0.361379333384677
-0.465300963879442	0.749539759218298
0.056092219787311	0.0658421739459435
0.315582291621288	0.427355743148982
-0.302656250966653	0.402971795795368
-0.0568598520915846	0.0512135823028023
-0.314424583307333	0.400917936891442
0.253215216085272	0.299199748472132
-0.0577126182507582	0.0646186382316139
-0.0652388242130053	0.0547055922826562
-0.586659765155163	0.841356414958266
-1.15394539958842	1.32544933238086
-0.0627985899504492	0.0442953139301282
-1.15818089811188	1.47556622594222
-0.411455401957907	0.400774339690431
-0.752816074586706	0.939220327258384
0.042099355896771	0.0298201097826794
-0.690392636429218	0.864470326401724
0.481407413473987	0.500509071638863
-0.854157010553341	1.16198593462387
-2.81259942697913	2.16615330817919
-0.217300706675367	0.160976269658147
-1.00945513744605	0.719425138137918
0.128626494876668	0.0571126960744007
0.259636288298495	0.248563514519974
-1.00953121808198	0.719538579271265
0.796563367283465	0.546405439872833
-1.35579670478113	0.474613983393002
-0.472084972467567	0.329086525090447
0.116391353791918	0.0681832637592717
-0.172035766830778	0.103097356983146
0.129326577981324	0.0574065072908961
-0.00670045961106346	0.00373738550778962
-0.732207785471608	0.441468073086455
-0.0489803984799141	0.0267132188815541
-1.0094931847238	0.719548716819513
-0.571743456153145	0.312557694105377
-0.260393358324243	0.131430586479957
-0.877105806247263	0.577078965683136
-0.0789404054704349	0.0354352126325418
-0.390063176806021	0.276452098473583
-0.174276461426197	0.117856016161104
-0.167761860218221	0.0869497148664064
-0.0758858858027726	0.0472742031099182
-0.389743814973355	0.276121848681845
0.396089831394072	0.226278388755559
0.546803549672268	0.399551531032605
-1.40169608837294	1.04998514718817
-2.63657704983778	2.92820406010173
-1.12714451863863	0.72393034465297
-0.100345964860746	0.0533501486030699
0.898526453765479	0.723531388531303
0.750820935056823	0.546362059972189
-0.581600116981307	0.516448993782105
0.398546498626936	0.276720764051766
-0.171807943033785	0.102948482806925
-0.0489013694262602	0.0266701962197787
-1.14264716589991	1.020621151012
-0.131167945964282	0.0901320351584368
-0.897514852900155	0.940031908257637
-0.224497167957806	0.149363575120558
-0.571505531550015	0.3124149088738
4.34088530635541	1.77157510731751
-2.10706742962015	0.378548652882402
0.44013533532887	0.120310143303148
-0.105015388977172	0.0291873412061693
2.1745030772457	0.97257047022004
-0.104360815899979	0.0290077066781166
-0.406536039818103	0.0912270232471427
-0.406536039818103	0.0912270232471427
-0.951401566537421	0.272432782475208
-0.517010624683618	0.178709666938849
0.963439305415341	0.737033359814109
-0.788213600919535	0.414059767247702
-0.934055074566501	0.91404265035613
-0.22428211378869	0.149219672599838
-0.217431487334157	0.161103732800981
0.100287058788441	0.0816088035034067
-0.253035615812654	0.203341114949467
-0.783255464639919	0.879557123819165
-0.889896617486106	0.758357339826199
0.588568980812593	0.591767624345873
-0.76630861954926	0.662972643880192
-0.252994893935677	0.203314471075694
-0.224391233949113	0.149292990518483
-0.674844414490949	0.545661184705511
1.37280313083314	1.53219521344883
0.656206267324745	0.556658827111305
0.69384349294078	0.725411405691338
-0.389984373105749	0.276377432670347
0.0855047295225229	0.0466274822827962
1.24590841251118	1.14552322374695
1.08196601341826	1.08382684186748
0.140400216313696	0.109385608079568
1.26774081341129	1.31674960255633
0.250684905061533	0.155242539654961
0.116451858679516	0.0682159522077023
0.898518839798478	0.723517076998338
-0.56850361312045	0.350137185021699
0.693869870285439	0.725329881974451
0.25064583704517	0.155177325214836
0.21191044672147	0.113836877487231
0.0288780997559482	0.0171251235675729
0.656312403674297	0.556815343915179
1.48116823577785	1.58938051313793
-0.172012606087547	0.103077547099404
-0.449730708473686	0.282688698372418
-0.0788394138547632	0.0353861542623881
-1.13157352576474	0.867806795163739
-0.701794275583271	0.470910260347338
-0.131016263300777	0.0900113369121823
-0.577123316514962	0.434435598564971
-1.12680276458926	0.723836733698945
0.0990181866819159	0.0902226328082595
-0.242698282493497	0.211457535821574
-0.58538498412358	0.667610809595436
-0.339523228983026	0.432356501186003
-0.753960914506725	1.16293670207812
-0.226576683436879	0.225210552907401
-0.0879864446062186	0.0986041056086165
0.128555522107715	0.164920823914271
0.909521819478216	1.94904027688782
-0.169616623691931	0.216117612290887
0.143225743388671	0.131085908136171
0.376510982639401	0.617879783644191
-0.77327721058197	1.33054416894145
-0.625722113652952	0.932493596536897
0.128572241025688	0.16498061861039
0.0762533903102722	0.0944659310081861
-0.00427645950814903	0.00437040904448425
-0.606399572853339	1.18451660696908
0.0435556944142256	0.0470239268681784
-0.554598015309222	0.957193071770875
-0.960586960669778	1.69872294451294
0.405073223536302	0.596549064245277
-0.461286285600074	0.71683924997745
-0.238418680240358	0.31728800529504
-0.175880492421425	0.19618035261655
-0.1209678508096	0.153540300847935
0.664483167601423	1.08003120476836
-0.0607720701403173	0.0709242351298611
0.756711439509497	1.35005064902643
-0.280125126539557	0.373035633099557
0.0201413083135221	0.0193027228390415
0.126933911158932	0.139035247616056
-0.300487126710975	0.36629627651133
0.0213841588406603	0.023004755142034
0.404723428116439	0.58233293420218
0.40492813725587	0.596114060571478
-0.175913572695815	0.196196530093244
-0.786661236215955	1.49358870531594
-0.486369130696612	0.728063943342872
-0.00718825787675028	0.00696375601171974
0.787928899262069	1.49644136956827
-0.543296186699318	0.716568071845228
0.15243503215216	0.163185602350514
0.213178138855538	0.250216102420006
-0.120639223911971	0.135084325941776
-0.120674040253347	0.135125443598618
-0.753765517773841	1.16217727351812
-0.112577813429156	0.113637434031915
-0.156640287434268	0.175042667664285
-0.0722103461228703	0.0808421305165349
-0.238112763105137	0.316624657742331
-0.326583337471507	0.397570752857689
-0.267597774290344	0.248762460528123
-0.295174451478037	0.325797634619393
-0.509859891248713	0.703430178446318
0.111574815703531	0.105256553770251
0.40239033868929	0.431059715887801
-0.242703627745758	0.211475629166598
-0.327335550717987	0.129625546394617
-0.322117960194991	0.23199093386192
0.0480050835828071	0.0242224684999677
-0.0486779129594599	0.0265406888410703
-0.184739462555253	0.0792331882344397
-0.95187692509697	0.272670624519378
-0.217607155601996	0.161234760783561
-0.172012606087547	0.103077547099404
0.898436685031673	0.723471675074255
0.512887991688242	0.436697103672068
-0.260407914201451	0.131463826799335
-0.518681084529952	0.498465963027893
1.02251909106781	1.06703055372121
0.711928262731637	0.546541091843573
-0.075907813506897	0.0472827433707429
-2.54132023954582	1.70610527470846
-0.171672874969225	0.102850188008038
-0.665669707780211	0.583946577934216
-0.78812077431086	0.414038094571237
-1.47893017774301	1.64629687377429
-0.48757938338837	0.37267553407775
1.0157436931063	1.22309328945108
-0.00479980150253003	0.00222543899707575
0.845979364827558	0.715144881301218
-0.701893398829885	0.471060653765222
-0.746921508101353	0.697565218519348
-0.375878587482113	0.31955176368509
-0.487606675292995	0.372750836390607
-0.00834069530117223	0.00537484137975938
-0.298813842968737	0.237624332958612
0.963417143425749	0.7368200202736
-0.0789404054704349	0.0354352126325418
0.163460406680137	0.1087083436611
-0.351757803318784	0.276475769948736
-0.285285181453288	0.186445589906747
-0.358732662393978	0.230114354749903
0.286419390851797	0.211652533237129
-0.518151592408807	0.17915606425969
2.59830808808347	0.565621890602798
-0.104360815899979	0.0290077066781166
0.128391367175165	0.0569839724059529
0.439986145529585	0.120240256039653
-0.788232305482405	0.414275835906919
0.128496054262865	0.0570471936487537
-0.951401566537421	0.272432782475208
-0.184495602328439	0.0791280415311326
-0.848554588996423	0.353709685597233
0.402989430804172	0.139588222045671
-0.787878413463182	0.41380613890332
-0.788101962939554	0.414130609919789
-0.32733529210431	0.129585538245281
-0.648685643140686	0.696380152187252
-0.298646608316064	0.237358471141773
-0.282192633303969	0.244145815121544
0.0187255229833575	0.0125989154686343
-0.265745785858005	0.194266682659516
-1.0113078542978	1.36366830434398
-1.0676766626128	1.02972457605802
0.169451231011947	0.14400226806001
-0.131212887277098	0.0901629643677175
-0.173599093521653	0.117399075986594
0.551320347291863	0.635412286325024
0.242134728696898	0.214794570355305
0.693863574992226	0.725408162069438
-0.351626904575088	0.27629723816083
0.294558943363596	0.229029990708639
0.533245913804934	0.411170667653861
-0.0946924686572058	0.0659817992337953
-0.29871304352454	0.237441945027394
0.681097085211529	0.550319576187085
0.250540046641692	0.155129683229478
0.399735281316714	0.30972461717337
0.211903911998709	0.113847022197123
1.03195710721328	0.91053284243886
-0.701840167512445	0.470997103993803
-1.00945513744605	0.719425138137918
0.845754967420128	0.714615670450483
0.0859807318342054	0.0468871903241147
1.15036145665084	0.77420270997835
-0.171937931217338	0.103046922596437
0.546961719451806	0.399642103935353
-1.04445204539498	0.874915515762286
-0.28498370230448	0.186287806202676
0.398834984692158	0.277080991308156
-0.413922579675039	0.321055963873097
-0.701862955864654	0.471051609861451
-0.176184863160094	0.132126540681321
1.06397666018782	1.23864783246621
-0.376250478197915	0.319939523561622
-0.212757121541721	0.172612736206995
-0.152346872567111	0.152812266618175
-0.225469548933858	0.287974011468936
-0.845435517505229	1.34859285377169
-0.024339454921682	0.0206077364329213
-0.258871643944368	0.34472149186382
0.043801875519957	0.0472958406873876
0.115962220079272	0.133830373436853
-0.422637406933511	0.609293985557788
0.40500083105704	0.596144980955882
-1.03234296568902	1.94446819637532
-0.0946285889304501	0.0957817635269137
0.504699642154144	0.449420702878666
-0.176601606614066	0.144459897099089
-0.155141837224442	0.164643579256763
0.0743012956111576	0.0762193522894034
-0.0580979285553999	0.0650841658955533
0.134880657592855	0.164655329070349
0.134737856092831	0.164459714532586
-0.0928492967243798	0.121543907987162
-0.330660029470559	0.493853011266609
0.196177418776657	0.29236620668693
-0.346069468801586	0.499010202311549
-0.389152184416613	0.624656454905355
-0.0614592151588121	0.0717803353756606
-0.536512618128261	0.645269367852472
0.572495491888688	0.822118908219834
0.0506411332653452	0.0487976631021611
0.343128994523901	0.38847470175398
-0.280082563249895	0.372967994943327
-0.290560279904791	0.370919325487922
0.192384480365748	0.237014546371217
0.404079825159221	0.541156886337111
0.153610510859541	0.183218489327111
-0.295035492858592	0.325614796246254
0.268272228094522	0.34321942273997
0.0212152248033117	0.0228161606039558
0.0626861243184659	0.0623464297206108
-0.267780525521799	0.342003710179036
-0.322076335787139	0.463269346330755
0.297741946603211	0.442311206608064
0.301811851851608	0.368929318240368
0.143541313128656	0.149119679955994
-0.0883539611023857	0.0990637465578793
0.449670469099964	0.74494460309562
-0.422766403467887	0.609528700925449
-0.0388228376065905	0.0415679499401247
-0.022655887043155	0.0205704722335835
-0.683233814873761	0.896125818164472
-0.461872217341785	0.584496247450279
-0.423999886928913	0.438229976871072
-1.16244715036557	2.03863670024333
-1.54116582767189	1.51538502427765
-1.14275846284982	1.020581514347
-2.09950961183835	2.3313886031822
-0.877042886893742	0.577005310114962
-0.100727214653496	0.0535560137029474
-0.449388889063725	0.282323347402516
-0.327231183041061	0.129525284241862
-1.35579670478113	0.474613983393002
-0.305905269428303	0.282861988574081
0.276769665790048	0.193574108933326
-0.665333151511035	0.583421581205999
1.37271009537197	1.53252357342144
0.0585507395646079	0.0369912014102946
0.234134912161859	0.135481632721817
0.042540548887758	0.0301402855046325
0.845926088576779	0.715062270678513
-0.968152752066219	0.567121503023109
-1.96368093592683	0.955822689151189
-1.67000305639844	1.12104617706866
-0.327230659220978	0.129567376802136
-0.732207785471608	0.441468073086455
-0.389746700973713	0.275933440143652
-0.119598493637038	0.0731100910843556
-1.7088500986768	1.86263740398303
-0.731879847109571	0.441085742998587
-1.47874151104483	1.64634439621653
-0.358588196149511	0.23002237558786
-0.171770631410099	0.102932060208856
-0.00661683941035757	0.00369212124662277
-0.119438062625368	0.07300144384376
0.276636404460945	0.193497311214723
0.635564005317325	0.565008227026761
-1.15425091828106	1.32557319345295
0.313465413887049	0.278596809695996
-1.0844107848588	1.18411261581604
0.387618551364921	0.203775351678185
-0.00866762541139504	0.00285038216826518
1.05647678982563	0.549758738961787
-0.515990783583792	0.178284628481265
0.956396713452994	0.344907057276545
1.31754699712777	0.590324009457586
-0.407047340101398	0.0913266870047607
-0.104360815899979	0.0290077066781166
-0.00940109644110474	0.00309197435180766
-3.87503061007077	1.20658143667459
-0.184505553212383	0.0791373504854963
1.31729408016793	0.590203599966043
-0.951768045880078	0.27264192625531
-3.48219873584491	0.919655084022901
-0.327230659220978	0.129567376802136
-0.825135049387965	0.599550836734038
-0.413708678497943	0.320841292921872
-0.28212637607391	0.244100165601718
-0.413922579675039	0.321055963873097
-0.0522395880339394	0.0406461520882526
-0.375878587482113	0.31955176368509
-0.449649024133895	0.282626986880979
-0.107588893142203	0.0823706215136181
-0.253127136174988	0.203457367020829
-0.23539602597155	0.138035568356171
-0.579041658865096	0.474944869979325
-0.674739925783626	0.545605022666558
-0.500138255989741	0.415949444097617
-0.719783171427679	0.767608928160328
-0.00913897326050833	0.00658970720462946
-0.449660895972888	0.407183541314133
-0.348056089655176	0.3200090970312
0.485617074300918	0.487014442380747
0.0827609479791179	0.0644720672410313
-0.00635228232034153	0.00354698853506701
0.0635889178151725	0.0473152793664734
-0.119705907888689	0.0731644759949217
-1.14288853040614	1.02069156014116
0.398926616585652	0.260959883765235
0.504420463654406	0.449147231085128
-1.14889284947374	1.17269849127263
-0.217324674914185	0.160994668391273
1.03222171039443	0.911376016037499
1.26786196807041	1.31690885537426
0.142131685932888	0.0889044303481582
0.29469399198615	0.229145460254865
0.929239707005795	0.545271715787203
0.490863603511581	0.474160698559786
0.504527245921665	0.449325217126695
0.399451829307227	0.32519272591537
0.294587209103664	0.229022015878345
0.399135337315706	0.293206775102603
0.846018526288771	0.715177552485163
-1.04472869215769	0.874658341561647
-0.581534663169211	0.516361215772892
0.533315723427002	0.411212454690432
0.845939413203912	0.715148403086207
0.51301413652522	0.436716588525453
0.152454268804993	0.163201472677282
0.12296244625712	0.119915233810982
-0.395663406989814	0.361290176411202
0.062908091660001	0.062584804860706
0.456074182916283	0.630448243327847
0.0898989982964534	0.103329083941207
0.0296101387067787	0.0249645643828821
0.0569627633301536	0.0599273941507561
-0.314167136836121	0.400574768428807
0.143702066182461	0.131577197837729
-0.00728564377583777	0.00574283426272264
-0.217627821810374	0.161254899901061
0.399268783482216	0.355377466309398
0.20413205929318	0.194628168990757
0.404004785123916	0.487705803437127
0.326565477505676	0.475824594463971
-0.0580380061140398	0.0650110120484296
-0.218825487859024	0.243222398801774
-0.653515876170528	1.12742434747928
-0.154961718500458	0.18962917680642
-0.259187794937563	0.345205256941941
0.449693237684712	0.697188424696697
0.213318786821475	0.250328467224859
0.541077689433423	0.886417521640355
0.177127483590032	0.206553366971215
0.769180873043068	1.0394635373765
-0.0889218938821686	0.0741579498049815
-0.202642550017203	0.190055410798404
0.206520192826557	0.235715211142071
-0.0283851388980634	0.0222297294138008
-0.754034738966257	1.16311739443502
0.654370254423083	1.27696643964162
-0.0516150899770865	0.0496180877935185
-0.121481628243117	0.148343687012896
-0.210912306820752	0.258090341056733
-0.300713071945833	0.432741689870687
0.206736487437865	0.26859639390314
-0.428821530183609	0.642237857469116
1.05914351785952	2.62344454228569
-0.522857404287838	0.842341635115279
0.40367108268928	0.553750406174911
0.100231700652046	0.118527672890632
0.903296652155932	2.29914717945263
0.267315371179705	0.395174473918201
-0.354634581576833	0.430922662484853
-0.732207785471608	0.441468073086455
-1.35626224425971	0.474875835650706
-0.29876761839363	0.237539219148066
-0.235263910068046	0.137908242010453
-0.26050123433033	0.131519082409796
-0.172179960343045	0.103154375542688
-0.217283282773409	0.16091198687902
-0.285164564145787	0.186407245785783
0.128617894345499	0.0571115897629187
-2.19317610517767	1.21115236630217
-0.525103121666103	0.53776603344622
-0.0758420447116388	0.0472493626621867
0.485631329666054	0.487098910490877
-0.285007010964892	0.186314582604357
-0.731958339276255	0.441230120289073
-0.84751494297264	0.353113627072122
-0.00471351223080486	0.00218494087160831
0.129203628790739	0.0573571007674683
0.128382892136535	0.0569893614731727
-0.422384984558512	0.236709053249403
-1.35579670478113	0.474613983393002
-0.568450605056492	0.350111713650879
-0.571505531550015	0.3124149088738
-0.171756506436492	0.102917399898034
-0.665477796369444	0.583629406919959
-0.284946743038968	0.186258778585444
0.128984735113373	0.0572744173820523
-0.358693947004867	0.230050693313241
-0.171733333748742	0.102903938585626
-0.1843733468576	0.0790649086662853
2.17513790583725	0.973023061087874
-4.18716485783141	1.51198812883872
-0.848034357080434	0.353432748047731
0.956396713452994	0.344907057276545
-4.18668471132409	1.51115380013371
-1.35579670478113	0.474613983393002
-0.103877372062926	0.0288628201081387
-1.3294270748627	0.733061521380134
-0.579018048486102	0.267409454362904
-4.18668471132409	1.51115380013371
-1.66978153680175	1.12073707888591
-5.18033009232114	3.15166380052778
0.402399271753237	0.430996468786107
-0.217366086087978	0.161042824286404
-0.390063176806021	0.276452098473583
-0.176098300794053	0.13206066315773
-0.433404845741956	0.364699211077833
-0.347984175281869	0.31986953618776
-0.939235516993964	0.73459676282174
-0.285150876711098	0.186416646333165
-0.265635006259592	0.194195863617721
0.0185265835061047	0.0124660216036687
-0.21747622332068	0.161139158750961
0.209718059055753	0.163296953410067
-2.31929308516838	2.92875685823886
-0.326138163374194	0.279879812063682
-0.217455541006197	0.161111172388021
0.155550025489984	0.126721588016276
1.03219562389923	0.911216412299517
-0.572832255431306	0.391827788620206
0.522199546042069	0.423640144248227
0.163331620179688	0.108614156157247
-0.674765676785215	0.545649823465162
-0.449812502559788	0.2827095155416
0.398667618958224	0.276904598251902
0.852846126923184	0.546816711265645
-0.171854279210956	0.102994903376511
-0.100898871007005	0.0536448764860091
0.681065128684954	0.550417910328223
0.0288508268156486	0.017108910813176
-0.48776714051348	0.372911243742093
-0.938919602641575	0.734277294146734
0.845900177389557	0.715055557737215
-0.260486639341066	0.131500765009026
-4.44973933299975	1.84343682746367
0.211819494672195	0.113810815709731
-1.81237477909433	1.31367842447931
-0.568481019853327	0.350153375981782
-0.285007010964892	0.186314582604357
-0.5684886823218	0.350103935453231
0.399240135763075	0.293323481760192
0.0585918553379603	0.0370192038447161
0.355719567163989	0.472977673536826
0.305033480071804	0.382686520177935
0.533287342254906	0.670937296685081
-0.155000684855368	0.164469113708003
-0.196786728556946	0.219193133993779
-0.622650821406714	1.00151499862436
-0.311422380861954	0.361272542674662
-0.587520875115843	0.911478472734041
0.133589448879991	0.134538648100009
0.708983952885932	1.05709670640682
-0.233353791737002	0.217918877915409
-0.039422728392816	0.0250015758755746
0.0701478609510518	0.0593521988460137
0.403145290784748	0.445942121434028
0.353517111719903	0.458354814728539
0.232265385385316	0.29542760894974
0.10604175261913	0.118926136563636
-0.245909326912134	0.314095295329587
-0.161695207356667	0.221476325590825
-0.0360436650710198	0.0347439743492884
-0.253080755730847	0.309265762929511
-0.161954157387348	0.221915214494857
0.488905887013433	0.939896823366224
0.161381311321235	0.213454723726011
0.0378149372156651	0.0352690837790127
-0.804329830166962	1.04906238465438
0.0344838249714328	0.0268613912121277
0.763253202518727	1.19730938588962
0.301764392077255	0.368927981667398
-0.267502988209879	0.295926297123096
-0.885269959818942	1.46406413635514
-0.260139680606078	0.303084442454214
0.366042695616418	0.548727751848994
-0.296707989048117	0.457332387138288
-0.238411602417839	0.317264381671169
0.686656400942482	1.42398321416981
-0.402581503103364	0.602991829178336
0.134705154177652	0.164337562230394
-0.0898752630423997	0.105130203276399
0.000687671104959142	0.000734815372683132
0.0216696025351667	0.0233133406261139
-0.00423744481630328	0.00432909111761217
0.0872264577479679	0.105638768358619
0.0132007757008905	0.0145750565195878
0.0449926856802579	0.0459061931597174
-0.21111176727006	0.258364295552498
-0.967800698735012	0.566773743831677
-0.285248168671169	0.186457788970571
0.142078665577231	0.0888764959093391
-0.581445233475472	0.516161294976395
-0.747071538984321	0.697751766608455
-1.40182403240361	1.05063874726015
-0.889669369915751	0.7579225607507
-0.686643295235763	0.50818911175335
-0.18463738170786	0.0791607990119409
0.128731299422086	0.0571633654848292
-0.00887297177040951	0.00291884997088316
-0.967920770914226	0.56691647468837
0.0615975870037284	0.0238440904296656
-0.732378467286876	0.441435638108329
-1.12680276458926	0.723836733698945
-0.686893252102377	0.508419637507065
-0.981476778516433	0.891022138441651
-0.576942594038448	0.434274061427803
0.142107215707978	0.0888728079258692
-0.449470313294104	0.282463449072139
0.178502584419716	0.0880150507571391
0.67177134810781	0.334789825675857
2.59830808808347	0.565621890602798
-3.48219873584491	0.919655084022901
-0.391238150997326	0.191181990707606
-2.10727742655476	0.3785967871456
1.15002904169146	0.774161366781223
-0.95187692509697	0.272670624519378
-3.48219873584491	0.919655084022901
-0.391724305318784	0.191524028484181
-0.119546843544292	0.0730678346020511
0.211926139913565	0.113876387771514
-0.500035255782582	0.415642342917313
0.0184140873354235	0.0123897500406228
-0.783270273537719	0.879505439851604
-0.58157945198374	0.516378936823913
-0.100696563025694	0.0535453328515396
-0.500338965421889	0.416055631042704
-0.576956172384241	0.434247580911962
-0.389902765292212	0.276321754862654
-0.889873267452747	0.758353213221804
-0.176845225070861	0.144674849413883
-0.653454607495923	0.659943711696897
-0.889933464924159	0.758398727133385
0.973976557488727	1.21074974660252
-0.119758944885517	0.0731908848058863
0.617552022601101	0.573469111548555
-0.766547614007605	0.663120820841962
-1.23455666552137	1.17034695701693
0.75083556199308	0.546388049889566
-0.746880785015513	0.697457472057385
-0.242803628870881	0.21154893346113
-0.321950876741714	0.231774784837319
-0.31484487118018	0.180441066493249
-1.52275930550516	1.22110242110204
0.522416147224192	0.423823307058413
0.681171948846945	0.550519576410294
-0.0759489641588138	0.0473161986698993
0.51259165859975	0.436274089086578
0.307685218219346	0.262191873974329
0.681065128684954	0.550417910328223
-0.577002826250074	0.434347034870591
0.564504048775446	0.389711454635039
-0.391957975436554	0.191620519285313
-0.315012604577116	0.180519573244866
-1.27049253342463	0.885127265289124
1.08195662259747	1.08406505818642
-0.260249986440471	0.131363174492885
-0.321865936066025	0.231666851568493
-0.433163941434932	0.364480206842637
-0.469010324772202	0.620731497556776
0.404363482542124	0.581619827589231
-0.46204236672681	0.447429644732858
-0.149443909525978	0.141191532444454
-0.0178530929634794	0.0182223672754537
-0.194489448139404	0.227497079205211
0.00620304499981319	0.00610721587344768
-0.156498723498957	0.183302666275255
-0.0945733300674398	0.0957258425642865
-0.880429469299645	1.30006393920962
-0.17519591208907	0.175240670375805
-0.107609258576776	0.0823726616850175
1.16834533943619	1.9138792602156
0.22136493649787	0.225690832962821
0.221733311906041	0.226122917318629
0.308849206744995	0.397474010494152
-0.499017925541017	0.914475576000871
-0.0140935085560596	0.0175881502778637
0.76503140442974	1.50744295369247
-0.0510797620609273	0.061869065933093
0.0281149220883811	0.03359104114206
0.37380068480257	0.600072708474615
-0.525311616146577	0.93532786565089
0.408500187538047	0.644434849405505
-0.0680909895416281	0.0652373254924209
-0.0438875515055727	0.036987086100308
-0.00674565708657868	0.00573855445093787
-0.486547391679659	0.558209748274968
0.843832477842777	1.64143231565924
-0.32531384891921	0.358186698107884
-0.276082935494527	0.336983420156781
0.407203206890286	0.627936738920112
0.569478366285679	1.06013568018691
-0.225492981158879	0.288045236244493
-0.238091520560742	0.316695183236595
0.134460540063428	0.164054915668494
0.450252601427816	0.682375336527637
0.152264052300485	0.196110806441729
0.452558977022311	0.816258622656693
0.125299467078536	0.148727188435672
0.152376887713249	0.196234886515218
0.359342500124636	0.501707573571773
0.0380704376610128	0.0466781675271497
0.592420805584044	1.26460090272553
0.665882042706676	1.48234723315848
0.0963996477308215	0.0964692260265045
-0.29636535632346	0.456655162223532
-0.112392070550383	0.113449208128761
-0.577063067083383	0.43440075790853
-0.00643587924542967	0.00359301632558093
-0.217324674914185	0.160994668391273
-1.96398821246931	0.956159377765416
0.0478520729155008	0.0241335358901912
-0.00497163963896588	0.00230488508207651
0.898534056931897	0.723499377018564
0.396175686819008	0.226339115191097
-0.167784410327834	0.086973154849
0.0616553482559604	0.0238703716137645
-0.487606675292995	0.372750836390607
-0.119651523577888	0.0731394835730531
-1.40173959677607	1.05032179808904
-0.167738302724452	0.0869260433210468
-0.100801533203036	0.0536027369599788
-0.167830351359906	0.0869843248816228
0.399588083058833	0.385010744640093
-0.094585719883577	0.0659031201935779
-0.868016071398683	0.967038954841115
0.0185208774497838	0.0124621077203627
0.209804641210926	0.163375302753225
0.398872373781685	0.277094868971369
-0.00482134538163185	0.00223622028267589
-0.00741107585223301	0.00243574647403783
-2.10706742962015	0.378548652882402
-1.51092944409893	0.927051393523252
4.34088530635541	1.77157510731751
0.763542512756676	0.330672971387316
-0.51764708606635	0.178953973086848
-0.406260094312188	0.0911374164788629
-0.406260094312188	0.0911374164788629
-1.1145954954322	0.541089063658969
-2.94742201638341	0.645982057725913
-1.27064632211145	0.885370023376595
-2.19255723702801	1.21048047914659
-0.314814424996404	0.18040114856928
0.211819494672195	0.113810815709731
-1.22587415147617	1.32018118860644
0.250711605847258	0.155245755704872
-0.242670275181169	0.211440087094734
0.286416693814867	0.211645171973911
-0.510335207495744	0.457920435994576
-0.0627172119943085	0.0442519005246114
0.196459557146062	0.145673337254716
-0.0492043746930338	0.0268267019025782
-0.433466919585418	0.364819102057598
-0.100629944992226	0.0535126365530659
-1.47880766698375	1.64759098598042
-0.395533285532983	0.361130423957381
-0.658705200469273	0.622151746026057
0.504527245921665	0.449325217126695
0.711663622005326	0.546033847147193
0.974302835345558	1.21090786511974
-0.34293656941904	0.357107672171709
1.08201699621029	1.08405169334965
0.602304055739219	0.582840915940977
-0.0760508511526107	0.0473733456090217
0.681186223507185	0.550467240857607
0.163329148834201	0.108573096068655
0.0584026231420108	0.0368958685761365
-0.176210775370144	0.132134006481274
-0.13108178201676	0.0900649149244417
0.779744976750487	0.876220495142696
-2.24969114279647	2.72464426287209
1.93404824446778	2.42773363500793
-0.510242839899485	0.45774960195129
-0.314974334266225	0.180517382779914
-0.653561443121922	0.660098329044915
-0.00632898795488209	0.00353408767115909
-0.801676052804985	0.847904396814613
0.5887682567045	0.592057661957152
0.264695320532999	0.174570131584808
0.0478374739349464	0.0241360072493468
-0.38993138298359	0.276323571369034
-0.568511406865005	0.350173903370174
-0.184035935062965	0.078881889936466
1.24610327152177	1.14603064260661
-0.877021735045663	0.576906289496621
-0.422427233635055	0.236672878482993
-0.0946120025303768	0.0659073213499102
-0.282122133902362	0.244105359656185
-0.224363956956832	0.149288353019299
-0.901992410001035	1.11513441446806
-0.196687239879146	0.219079181952056
0.406926768864486	0.627310340607139
0.539099251977957	0.659361763626673
-0.126134161248311	0.119536696525942
0.170517284564138	0.214825948821516
-0.122204513489974	0.149250683774824
-0.105739647637518	0.133906288109057
0.449522347971864	0.712644743405756
-0.393768201433277	0.653145757472252
0.40492422061707	0.596090475428956
0.464825026576813	0.580838328152388
-0.0437962120060652	0.0369099483066364
0.464944922731156	0.580874319609863
-0.358221557245724	0.393458433108114
-0.384753028103293	0.466540357822678
0.234107689220924	0.336632751587276
0.531962426511161	0.927413727175726
0.213568598109663	0.284647995327391
0.119453150440042	0.149226928185188
-0.181804527269472	0.284552621369847
0.239901558437983	0.390774605754935
0.000739377194678988	0.000855317777108031
0.488219330772785	0.93820499026727
-0.276367045786751	0.452128470575695
-0.245978874866434	0.314209577790903
-0.32523974899722	0.358074680863693
-0.621085418280287	1.03589887654597
-0.218567798243591	0.242954774451195
0.0215714022547301	0.0232090936156886
-0.0388507116167813	0.035114050530613
0.569415956406196	1.06040099989312
-0.360356450947312	0.55841132537657
-0.290155072540961	0.370326768180528
-0.269613910168695	0.373168112439366
0.22747155687423	0.38811734952769
-0.300920278546909	0.433111813206955
0.450063592452545	0.761774453325525
0.267242295539165	0.395059820174692
-0.105791336207501	0.138763821872119
-0.258963509519392	0.344879043178787
-0.739982465393168	1.62065289809755
0.193698026481618	0.310540687937283
0.224426103282649	0.376496189198934
0.527081046662004	0.977778476297392
0.138675434459135	0.195211232005934
-0.0879064525970682	0.0984826898775013
-0.158709324302528	0.224633221029333
-0.43643782895548	0.578600836473896
-0.585426555384046	0.667580541998068
-0.585264719735714	0.667228046451128
-0.923291829966313	1.57979449814521
-2.10727742655476	0.3785967871456
-0.433312225428805	0.364594980311689
-0.572081720825697	0.312696224610726
-0.260393358324243	0.131430586479957
0.929003379570485	0.54534639567847
-0.184260968187063	0.0790176636787065
-0.573148582352656	0.392220049465515
0.373176502294703	0.176346584481927
-1.66989234257219	1.1213835592074
-0.487873057934406	0.372944209434401
0.18222160211133	0.161237821284692
0.0184804542515445	0.0124351617079159
-0.298727270943622	0.23752949611939
0.399476199694111	0.340526317214485
0.399365868534904	0.340465202532429
0.0288235559180433	0.017091874728813
-0.173791021253973	0.117590988191062
0.845979364827558	0.715144881301218
-0.173769055054967	0.117569809360543
-0.686578027159609	0.508127690026033
-1.12680276458926	0.723836733698945
-0.00907866149999291	0.00298664964320787
-0.327546345457555	0.129698049658362
0.671683450052401	0.334892644976188
0.765015511027073	0.33174094912973
0.396369786128351	0.226311225437235
-3.87503061007077	1.20658143667459
-1.35703354439901	0.475086476038986
-2.94720125929596	0.646055459499367
-0.95187692509697	0.272670624519378
-0.358509316483428	0.229953272680103
-1.74029292455931	1.57444451016422
-0.171900614616488	0.103015029122361
0.806819320737317	0.875710160074575
-0.0345888874345719	0.0246869544626193
0.130641950768183	0.115252616032138
0.273478429110158	0.280254185034337
0.323987955882478	0.311292972582723
0.0138534866769321	0.0103139471864801
-0.486796013897102	0.558613075650508
-0.212778740609281	0.172641686069342
-0.00831647071794103	0.00536026035772822
-0.653383646304411	0.659805884953559
-0.46173945133228	0.447082561309022
-0.585716754462855	0.632409964631477
-0.581644939261582	0.51644821839779
-0.298727270943622	0.23752949611939
-0.00818900317591642	0.00527728262442115
0.0532533320143621	0.0432837137915575
0.140595279778035	0.109505495213432
0.0423019477325416	0.0299761365242794
-0.217345378121757	0.161022659194176
-0.746836607530863	0.697370404864275
0.522520611124129	0.423929980997001
0.974043014776195	1.21088457221378
-0.175721449951195	0.154849372141462
-0.938893028343589	0.734318770281423
0.140320642456421	0.109318558109356
-0.653210794338804	0.659515020496852
-0.413900585107279	0.321072021268116
0.399514837743067	0.245145006944984
-1.32061027118199	1.32511225206066
0.533139024332977	0.41096232726107
-0.144514755084719	0.119091478732699
-0.462119733795291	0.447546738432278
0.0289583677449382	0.0171730144127463
-0.500400646108841	0.416145831678687
-0.472154521758805	0.329078329463428
-0.100427730451234	0.0533968200283202
-0.788455095258988	0.414291169728785
-0.568541766074588	0.350174119857092
0.750925784738589	0.546494659096437
-0.0047138086914673	0.00218770251866513
0.047714663791316	0.0240628116143831
-0.235369770675652	0.138004043591348
-0.82521645061763	0.599532139278292
-0.658619125325339	0.621961471167152
0.533329532533883	0.411241844029059
-0.825150817760178	0.599509934408343
0.512739851557972	0.436540967621389
0.617790294309421	0.573858759237475
-0.354640031468104	0.430850498579063
-0.199781122620097	0.294137122370958
-0.276762278838592	0.289829439158008
0.143207940854929	0.148753963454099
-0.395383342091973	0.569937029383404
0.0768716430688309	0.090524361067168
-0.173302341597416	0.212247881005773
-0.0957273957756965	0.129830325467892
0.0662756171315386	0.079936713157266
0.494586251993316	0.788419907220679
0.0636220598264796	0.0473393763594907
-1.01109200987748	1.04692438485415
0.0137813666535432	0.0102614612000186
-0.056966238584928	0.0513121459779336
0.0963498533713634	0.0964336869777822
0.595189764503747	1.24798625096073
-0.135756559657062	0.204469370340409
0.0552967839797771	0.0711127237688385
0.586910902262215	1.29571836207196
0.14581583644773	0.225102519148759
-0.238983748724671	0.412983107799959
0.351265044955221	0.599412222164011
0.31520321647391	0.513055788351687
0.632201799103186	1.35440296252829
0.0788196645041413	0.0879480820722398
0.0852304633754955	0.082641211905916
0.165528271564732	0.162400764261819
-0.462152872781215	0.447526117095688
0.722921234764179	1.20809961310438
0.273206114163156	0.358566152411253
0.0745493437649352	0.0764964708803258
0.12350513634261	0.165880527682357
0.310838384454769	0.494781816645394
0.152635620670398	0.196663418984342
-0.449857084602406	0.820684857845695
-0.520851077359631	0.809404563285157
0.386793353403038	0.691038185396965
0.123882485438777	0.17678574413401
-0.317993434796099	0.538800807918832
-0.133766788448701	0.195028177861901
-0.0346794311660785	0.0403507830577705
0.134611470593048	0.164286668957192
-0.222328380492235	0.317721830349006
0.145132400982193	0.195864699832034
0.168772395714409	0.228977305636696
-0.376498452442677	0.64289437164207
-0.159085664396902	0.248182707048593
-0.977656484012771	1.38016258055009
-2.10706742962015	0.378548652882402
-2.10727742655476	0.3785967871456
-5.18024681870545	3.15114048507781
-0.322054918949587	0.231926205197877
-1.04446560025431	0.874951843477017
0.387887674710173	0.203813189881425
0.632177810904669	0.352614000083049
-0.184495602328439	0.0791280415311326
-0.0784648403539831	0.0352003266724505
0.211751034985314	0.113747989548702
-0.391368449200474	0.19130152788782
-0.852730190262548	0.785943353413654
-0.0345166891399515	0.0246353687525861
0.141971261916633	0.0888023742952421
-0.284923432219298	0.186232006972448
-0.852393270064865	0.785621271260328
-1.27035338904125	0.883996506355677
-0.167784410327834	0.086973154849
-2.24961293975966	2.72698577483539
-0.171770631410099	0.102932060208856
0.632046398741327	0.352597545210657
-0.413815629625469	0.320996865707269
-1.08425614552937	1.18409554472181
0.0290386308033832	0.0172194422525343
-0.253279772720086	0.203593425277565
0.398727371848631	0.26076361504835
-0.731859038073219	0.73254991886232
-0.0757187519818208	0.0471449594184413
0.398788702445974	0.277022374151166
0.606811949914098	0.367954213314213
-0.517513875524486	0.178911161319999
2.59830808808347	0.565621890602798
-0.184271044593708	0.0790222441021079
-0.32733529210431	0.129585538245281
-0.517262058968037	0.178864495866734
-0.951768045880078	0.27264192625531
-0.406653408801407	0.0912540543799087
-0.406143088696864	0.0911104868149055
-1.35656708661147	0.475009288267318
-2.94720125929596	0.646055459499367
-1.13163459424818	0.867705619289095
0.140458190379876	0.109419000029054
0.213305681524769	0.210499672025623
0.632230167652751	0.755064489985336
-0.32572966785069	0.320383693131422
-0.424075712698368	0.438486711997244
0.769134161331204	1.03933502905629
-0.217455541006197	0.161111172388021
-0.0521275569897462	0.0405545159922933
-0.0886093875236302	0.0738678553750772
0.307504250156037	0.262021859532627
0.497036628687797	0.461468421484053
-0.413730680333414	0.320888721656759
-0.242814321765478	0.211576090456036
0.221373991086894	0.180401339882389
-0.0522819062797768	0.0406756120372679
-0.731945584304859	0.732724845641667
-0.708911413623712	0.801159832729146
-0.107471564398254	0.0822786215010428
-0.281992037598339	0.243943071303887
0.140450807254559	0.109426828636352
-0.658619125325339	0.621961471167152
-0.653647603974147	0.66007976754343
-0.119678716732112	0.073154203987277
-1.14276782971979	1.02075219205701
0.30163064991746	0.245915766791506
-0.217369409065744	0.161019180989756
-0.00639887010765399	0.00357225047147287
0.105055605952229	0.074241544084362
0.123537583247572	0.0917976311587319
-0.130974989534363	0.0899653112912351
-2.11988947704968	2.98709691463175
0.123595155527709	0.0918402169438805
1.02243879636946	1.06686892521899
-0.29886610370457	0.237647739189563
-0.433336122325977	0.364703762729005
-0.889716083218483	0.758012030530767
-1.0094931847238	0.719548716819513
0.606905808623433	0.368049054219425
-0.568412513831888	0.350074832940256
-0.260673005754938	0.131596036501488
-0.00626868938445479	0.00350064201151358
-0.579018048486102	0.267409454362904
-1.24528052059392	1.02247485915243
0.276580329693046	0.19344851355763
1.48107646470919	1.58936499181493
-0.00724754222040941	0.00571301690914242
-0.414834934923143	0.574251979927803
-0.0943329934375734	0.0954650904639527
0.642683823745592	0.929777291944621
-0.0393395613688768	0.0355793966952827
-0.500081773596419	0.969981605116535
0.106523760360833	0.136102383714423
0.178252258875148	0.230544007866643
0.220445923112256	0.301473014626863
0.0380065525904523	0.0354559943133279
-0.0522375229595129	0.0406424197629119
1.07091312043713	1.70907816172323
0.551233315877507	0.635298022746554
-0.34297458065117	0.357144824888456
0.0597050062581344	0.0541268012995781
0.452517957436019	0.832082609233881
-0.0910129312637658	0.110820785616157
-0.371583375701901	0.614674607463496
-0.495105633831327	0.825261435014229
-0.309341600953827	0.539347117960208
-0.0486662145299442	0.0632634766386016
-0.106153791142917	0.139313666585006
0.207107125379001	0.269153456479048
0.322697778130467	0.458786463857219
0.0241506672778524	0.0217810073218826
-0.21846787981323	0.242802768995321
-0.0889982938854387	0.0742264313215857
-0.634913608440256	0.797222764842826
-0.553039472983815	0.858844687895267
-0.691052524516919	1.19079397008548
-0.0394130756190345	0.0356405882689713
0.192498335741731	0.23703288823589
-0.28033475700858	0.373304702477223
0.315912615358299	0.42778290840179
-0.259771190304826	0.372770303661941
-0.043396443548111	0.0544096329961001
-0.473352203890242	0.865425232402156
0.20798346428897	0.357138349097042
-0.063272241347988	0.0767483794290134
-0.205766087881943	0.26269026023011
-0.238258641251604	0.317020274371201
0.392364949618107	0.753889015848742
0.100171782713894	0.118437664839857
-0.225530393075409	0.288083686763001
0.348950708317585	0.583122318043135
0.346224622866456	0.403591929074568
-0.344168687468218	0.550383386888177
-0.585678095145911	0.632428096615653
-1.47585611451348	2.37312329504297
-0.635082674068576	0.797165991848881
-0.89775541892502	0.940197878683585
-2.10727742655476	0.3785967871456
-0.00464881905447431	0.0021552090576274
-0.422363725502875	0.236700130314835
-0.00473520578037929	0.00219591531042473
-0.788464314880281	0.414424326723021
0.0855841566218966	0.0466768866551627
-1.27038470831303	0.884666905678582
-0.351823286685247	0.276549016111137
0.898249451131516	0.723137417121878
0.286441304904925	0.211652348109424
0.497123314125918	0.461589678685721
-0.0626053118225174	0.0441607412072705
-0.285294767919262	0.186474013246493
-0.217472896625838	0.161120018705492
-0.217324674914185	0.160994668391273
0.116596002229792	0.0682775499398751
-0.100532689740455	0.0534621458761021
0.234022345651087	0.135419850996738
-0.139829863569532	0.105989913354342
0.533352804546952	0.411255786419984
-0.131233499060858	0.0901795833894835
-0.322117960194991	0.23199093386192
0.546631934992591	0.399314019131632
0.963507761145778	0.737129368422307
1.37901187232739	1.87562978932883
-0.390037371011563	0.276419788363124
-0.00647290097493442	0.00361346614744142
1.29059040546749	0.361273728188317
2.59830808808347	0.565621890602798
0.956540565542805	0.344960841267334
-4.18692465030888	1.51167343819974
-1.96467671705873	0.956602614744049
0.928880311944051	0.545314341145758
-0.84751494297264	0.353113627072122
-0.0759682684831344	0.0473317038327201
0.163436065309358	0.108691569460196
-0.852393270064865	0.785621271260328
-0.107483936228961	0.0822896283358165
0.140205301355303	0.109163536018459
-1.22054923675933	1.4707138539778
-0.217607155601996	0.161234760783561
0.30163064991746	0.245915766791506
0.588814454473303	0.592047060816601
-0.85235235414452	0.785514109137052
-0.253086449326885	0.203392928526974
1.12025867081795	1.25758380689059
0.0829876762044488	0.0646677793555269
-0.0436591934605948	0.0367887622290924
-1.06775687357077	1.02959283321938
-0.139714348764942	0.105913617581384
-0.267819257091517	0.249035608233154
-0.00820619958532179	0.00528963663095982
0.181572356497902	0.127803527120532
0.0828663489346762	0.0645616161220118
-0.583815283194454	0.556694729514486
0.929815994529205	1.04617082712758
0.123566366575258	0.0918206157842435
-0.253213620404046	0.203537478611947
0.0856242796901098	0.046691435653039
-0.934140024016813	0.914098152341415
0.51280296993901	0.436612787781603
-0.0393776134712881	0.024972610225115
-0.658639875683426	0.622045105168558
0.674668462392587	0.730690182053905
0.833219938849932	1.03342891156724
1.54370285395945	2.15498990383433
-0.298793677715702	0.237613009252236
-0.299252840767646	0.237939374641576
0.294628424596357	0.22910263100957
-0.472084972467567	0.329086525090447
-0.585032726139319	0.595260861968838
-0.0394432749489625	0.0250150078693679
-0.260515813735499	0.131513276350311
-0.224338278181341	0.149249065378193
-0.0945393578382475	0.0658711107151154
0.286501692822054	0.211716469912503
0.343240526640787	0.388817996176631
0.192005588358348	0.206916001843319
-0.325552868235619	0.320166048256853
0.0095766902500099	0.00833931608322415
0.165636703305601	0.16251835804192
-0.214721135102396	0.250631706450983
-0.120710632782659	0.153203663166004
-0.175265573821575	0.205287620669619
-0.0225446262642947	0.0204666468484005
-0.00658983310019751	0.00560645413807598
-1.34886630864675	2.74500432152011
0.974083338569114	1.21099620291474
0.340166545798832	0.373803649315692
0.485602936091332	0.486678390124485
0.247637378057045	0.284610221166728
-0.45682831415516	0.684257282134949
-0.542961151006003	0.716091957012595
0.449427584560211	0.712429691127141
-0.0683631382732666	0.0655130877503579
-0.496978836613905	0.856285831230143
-0.0109943160278229	0.0127482865574478
-0.343998674281738	0.549768410988511
0.213678720821384	0.284870832076562
0.569116824139194	1.05925389309549
0.0728927753029098	0.0683740432149573
0.13054244969294	0.115175477403237
-0.3407427182079	0.394570285180239
0.199391415543046	0.221250419969082
0.193775213792524	0.178177165995463
-0.107428589902202	0.0822251678269006
0.403635721611451	0.553659192959756
0.191646731558242	0.206488978811382
0.449949376675002	0.761645510094148
-0.525219236040991	0.963699478215183
-0.00432778321677668	0.00442284182607218
0.250414757129475	0.344068594925748
0.0067561071593632	0.00626717645702118
0.37376074172603	0.600085066086625
-0.258893374030783	0.34475426754148
0.282496669036303	0.389660490585941
0.0664225643586914	0.0760505388086918
-0.288660041641748	0.430018355306169
-0.117547099541799	0.125235776379329
-0.238620381713085	0.317575965959058
0.214700378350382	0.314710358128127
-0.242040247509316	0.268426555181202
-0.232550350814421	0.34413553734013
-0.548670033480526	0.787778797706403
-0.381093486668869	0.395324589245523
0.211918251717271	0.113865661807845
-0.577086391382454	0.434395001497962
-0.500335013403893	0.416119731996958
-0.579167653221855	0.475166879787806
0.058443790022945	0.0369248768508539
-0.358732662393978	0.230114354749903
-0.285043981003217	0.18633542576247
-0.35874606176488	0.230128359214925
0.0479747380547107	0.0242080962692441
0.0857559934226779	0.0467736506521512
-0.100517289863626	0.0534489339909363
0.399504450820885	0.309531960613471
-0.471987262164561	0.329014669520781
0.250460888210078	0.155057722890291
-0.376057136712122	0.319747927093719
0.0635502476166685	0.0472862518912708
0.058487651644296	0.0369500740198118
-0.224468311403556	0.149348426055333
-0.395735590926057	0.361379784004484
-0.686656780325162	0.508238057982816
0.276527333024065	0.193404830580203
0.584697630123778	0.379727873357268
-0.73236345422613	0.441536831391427
0.564406759068027	0.389679472400225
-0.847314325335099	0.352888726716764
-2.10727742655476	0.3785967871456
-0.326973043347337	0.129413106959877
0.372950968880263	0.176251163954604
-0.952135059882499	0.272770263417896
0.128739954381237	0.0571706971446716
-0.951768045880078	0.27264192625531
-0.951768045880078	0.27264192625531
-2.1932789588964	1.21117205627218
-2.10727742655476	0.3785967871456
-0.732051484142669	0.441276325037825
-0.260436979275461	0.131458797580532
0.048065854555806	0.0242465685272344
-0.653404043382686	0.659733843485714
-0.130971422385491	0.0899710371539595
0.116254775892325	0.0986212518739245
0.717900669878066	0.887343608944125
0.15568292200841	0.126847980041654
0.116543631225471	0.0988729328095181
0.14362624881072	0.13152731215896
-0.233502676920349	0.218100935797229
-0.719580693134775	0.76711809415928
0.259662810996989	0.248634973285428
0.0836180150286238	0.0560004475283622
-0.395735590926057	0.361379784004484
-0.131261771515406	0.0901351683991203
0.0345022350046021	0.0268755213813436
-0.265832025727143	0.194314779502223
-0.176856012734367	0.144667408135343
-0.413708678497943	0.320841292921872
0.30749743053463	0.261976438841343
-0.0343865416848875	0.024539334612656
-0.253213620404046	0.203537478611947
-0.11930626324309	0.0728996431862151
-0.658794482270069	0.622083216009459
0.3075330390325	0.262055958899197
0.39954580672875	0.309586780212896
-0.139511782093822	0.105727595274254
0.588661478391186	0.591862849675889
0.0189188301519395	0.0127265545417319
0.14050139907771	0.109464650606906
0.617983299821044	0.573858184453902
0.0423166351350637	0.029983456186862
0.635651389264509	0.565004808689118
0.0289568043675961	0.0171732158028847
0.163479839725159	0.108734620174476
0.250632505219279	0.155190304364966
-0.389929969887617	0.276359669549728
0.181313675255168	0.127612911033939
-0.413626869041226	0.32071029953618
-0.422406829788458	0.236695706877833
-0.131147323350631	0.0901154101141619
-0.0889179673602541	0.0741443596904479
-0.247785297169207	0.260008881011016
-0.754010123072049	1.16311044308567
-0.00732374549701143	0.00577248836438031
-0.210860290673808	0.257999196548472
-0.00710249722639413	0.00688135904777308
-0.196383746355263	0.298519431792241
0.0252366068140531	0.0286894412875547
-0.701494171042012	1.57366373167489
-0.156207582246395	0.174361261423216
0.0294416013678014	0.024822567539963
0.469597309753641	0.554897302874287
-0.225862808917761	0.288619809439121
1.00895905511745	1.6836550986533
-0.00405367733947604	0.00413996249229411
-0.215266716752578	0.251527489703947
0.191429816909574	0.206156124593783
-0.0533324844729746	0.0570844932741123
-0.177356012590517	0.243416580522208
0.273092574940122	0.413664779895881
-0.0475302920834717	0.0554061032023933
0.453436277447636	0.850617928908364
-0.236834757320185	0.276344056039933
-0.269662844471242	0.373257052604304
0.100262459399412	0.118558093349492
-0.533176789920537	0.610032879136598
0.793910565659058	1.65855231885152
-0.468918597229559	0.6205262148988
0.193366522484907	0.263326513153399
0.242056973803814	0.270394796916527
0.0962196425078546	0.0963027532494863
0.253228772219559	0.299240128936074
-0.701367730684578	1.12588598875665
-0.290197908138482	0.370359974362706
0.315590364707015	0.427366603896987
-0.0837452381144093	0.0894784515529863
0.238495908043505	0.31138139421288
0.106145416040448	0.119055323580391
0.408466597560421	0.643755711370158
0.538514968803691	0.90060952411318
0.308880001963813	0.397714316214701
-0.083709718552644	0.0894295822495087
0.115887132726543	0.133748324745808
0.263495839014086	0.328461628682469
-0.763651671104456	1.35783963934664
1.11422698411464	2.80939362776189
-0.175739604268599	0.195962693038706
-0.112064895291765	0.11306565549907
-0.242146072689885	0.268557968476329
-0.436316295752241	0.578305802439619
-0.479660375222228	0.522277009536782
-0.433074789866354	0.364317196526452
-2.10727742655476	0.3785967871456
-2.10727742655476	0.3785967871456
-0.285104268291679	0.18637524470887
0.693776913147562	0.725364716029639
1.48127402261809	1.58969965882818
-0.824146040742489	0.816512466993869
-0.35874606176488	0.230128359214925
-0.825053757516349	0.59945569070679
1.08191949778297	1.08398924701774
-0.674820100668733	0.545683412508346
-0.217452189601796	0.161116070471731
-0.265631141777677	0.194115321022874
0.635629550445155	0.565048182756302
0.522252560339762	0.423708164361216
-1.13144361242623	0.867435958813376
0.264732361595383	0.174574594918419
0.399558829422796	0.340706732944273
0.711981637507327	0.546618402945273
-0.843847018467008	0.995547367050303
0.0186535911440055	0.0125518766756815
-0.285248168671169	0.186457788970571
1.12032416462092	1.25778427019312
-0.579337614554796	0.475447950640614
0.399545206485419	0.245165917378088
-0.939050965893036	0.734553872901206
-1.27073852153077	0.885116853872745
2.59836788378482	0.565681354882139
-1.32945704925353	0.732853759751035
-0.571850481296198	0.312666676322475
-0.848873389158817	0.353718585819526
-1.51116602461278	0.927694205065401
-0.184495602328439	0.0791280415311326
-1.51151931630602	0.92801396381259
-3.48219873584491	0.919655084022901
-3.87522571878201	1.20686794936312
0.0616553482559604	0.0238703716137645
-0.260329029925159	0.131417764875266
-0.00644006935983579	0.00359312568415054
0.874604599239059	0.878980928270201
0.0834663206478252	0.0558987620012023
0.140378615686368	0.10935982475722
-0.326116387548864	0.279830083129748
-1.05057616760425	1.34935857748123
-0.0284027572203765	0.0222477973730666
-0.584770658115589	0.735734158077006
-0.461883371590884	0.447343661898793
-0.00742319455020957	0.00584863321903033
-0.375904313957422	0.319535610301006
-0.414023724280832	0.32112461053383
-0.176184863160094	0.132126540681321
0.892950902474441	1.03963025554267
-0.579019685826851	0.474808616813885
-0.176496412601905	0.144330299287743
-0.242636913139007	0.211398839547684
-1.15420346985475	1.32555909051447
0.155356553049573	0.126502105124597
-0.265741780435911	0.194239500486931
-0.233409326172822	0.21798883157019
0.29451780077967	0.229011585671989
0.209830579082398	0.16338837072622
0.123551349714899	0.0917854842741284
-0.449130560508539	0.406713175504153
0.674805594207096	0.730887963821288
0.0185929124001953	0.0125107041320055
-0.665458907197563	0.583697557335818
0.833371803070919	1.03358221731975
0.399427771188148	0.340575593841657
0.221655872183744	0.180555968871169
0.294407038695227	0.22887334771293
0.31868688663045	0.29475605864671
-0.176124195663063	0.132060397218162
-0.674714181318261	0.545486301742271
0.617572512063333	0.573549849162246
-0.581686252519767	0.51655310567462
0.635546659506566	0.564710050313262
-0.701962072171393	0.471087613431695
-0.546195903590601	0.752431894328299
-0.835438160384811	1.18668464246884
0.16104746602614	0.177513105882342
-0.147127200971819	0.130286519484462
-0.259434779290553	0.372030549779526
0.066320498458232	0.0838729390540013
0.421089825455285	0.786278510039819
-0.716537007434388	1.31921556232475
0.682377700712074	1.23376819519698
1.34288165337045	2.67772740792538
0.40425896555501	0.527938449997977
0.403907009262576	0.554181215968865
-0.405920865183067	0.53851630909305
-0.0534074021322848	0.0571790891665665
-0.42270925181295	0.609384344390158
-0.31164194731693	0.361612661816235
-0.402530001175186	0.602889368660672
0.206666621251894	0.268476434234498
0.707197128126807	1.38672327472107
-0.134477864995322	0.177219784255188
-0.68543147884436	1.22223770800787
0.109570326034293	0.133134107978106
-0.625435179791721	0.931669789046667
-0.0652628194107096	0.0547213222735625
-0.0568924557925054	0.0512439035483968
-0.211119959745558	0.258424913298631
-0.285106982569589	0.331426286528024
0.213140728289572	0.250162936681743
0.0854282532326568	0.0750855665616892
0.0453968339870057	0.0397243729198618
0.194128530931113	0.264504898946485
0.0744838658396272	0.0764209429974147
-0.587079897311643	0.944871159516985
0.152374019828178	0.163116333195512
-0.139259396145849	0.163258540815182
0.268376122315282	0.343226351400454
0.185876722644947	0.246738549817982
0.0316143562915264	0.0331083135691617
0.0568587385001771	0.059803546261726
-1.33887458902024	2.32935349088532
0.56917274410682	1.05981716062671
-0.0684241685016868	0.0655716984676578
-0.00777323824863072	0.00708336123771239
-0.340644475571333	0.394364592706227
-0.396012642189208	0.50300171911408
-0.46171001890188	0.584221612680661
-0.175633050551436	0.154788340760942
-0.67194630248452	0.960235372163707
-1.08460370903054	1.18425241673028
-0.791959463063889	0.630501322211344
-0.487606675292995	0.372750836390607
-0.0397514429663628	0.0252010527690248
-0.0946986488638365	0.0659755435797281
-0.413664688616895	0.320670901599623
0.399589521954357	0.309615387563153
0.31331362990554	0.278437083393738
-0.322137186716877	0.231987050042715
0.0185670250698239	0.0124939251739128
-0.100540405818408	0.0534632011451723
0.0288250995353104	0.017091994259572
0.18142044331366	0.127703356871127
0.398760164897017	0.276958879297906
-0.0488089875965929	0.0266177615123385
0.681278770246348	0.550452179939583
-0.322224882148801	0.232048157503835
0.307583764654373	0.262111052602879
-0.890017016750693	0.758414603504005
0.75104417444328	0.546490588732559
0.929885590122941	1.04587389329533
-0.00651948015524466	0.00363872630473713
-0.573056252013549	0.392154337670413
-0.70190117287605	0.471095771394012
0.635690366690533	0.565096016504913
0.0617277318050226	0.0238966037879039
-2.38053113038207	1.46168604445156
-0.327230659220978	0.129567376802136
0.632405782769901	0.352759200610373
0.403377677871532	0.139736809774786
-1.51116602461278	0.927694205065401
-1.35610128709322	0.474818712797072
-0.951401566537421	0.272432782475208
-0.951401566537421	0.272432782475208
-1.94217785162884	1.50556750778932
-0.517262058968037	0.178864495866734
-0.314982198182125	0.180510673545541
-0.731973096077581	0.441132034202971
-0.100361481812431	0.0533560155306658
-0.747157702338637	0.697755670727159
1.04301932765826	1.54212214058926
-0.449354185574023	0.407028967229039
-0.804312561833166	1.04880772418311
0.323992427507268	0.311310174867273
0.621589720784505	0.764877654392165
-0.348382423378361	0.320330214166467
-0.801721916884086	0.848043425468633
0.328687756663399	0.327420072827347
-0.824166731286506	0.816592436654914
-0.253193279866668	0.203519381363415
-0.435026816407978	0.475269083682507
-0.653236028640119	0.65950094455796
-0.585444301869103	0.632052940799452
-0.585572697296621	0.632390890986375
-0.376097638886974	0.31981980715891
0.276689402129867	0.193541003738113
0.0184602389255187	0.0124209773757735
-0.35184393948654	0.276566025269648
0.0136862656565479	0.0101927797055079
0.301231260169722	0.245453934858016
0.399554518406525	0.3555671896722
0.14050139907771	0.109464650606906
-0.0945594924773352	0.0658855071300937
1.24611082329471	1.14586100594575
-1.63519167898621	1.39553890660412
-0.298992997101124	0.237814501772248
-0.173769055054967	0.117569809360543
-0.376011104435768	0.319722607956663
-1.2342793434218	1.17050598068434
-0.321969946980768	0.23182896791386
-0.939209052150764	0.734638357608288
-0.653755904174533	0.660171664152563
-0.212554748859366	0.172385364347825
-0.199752715101958	0.199183959930796
0.100648270803038	0.0819083046734526
-0.0569822817728445	0.0513245651502833
-0.498837011080072	0.63009955635026
-0.667730768361347	0.99376363530657
0.0448194280319004	0.0457060455633122
-0.903444483000844	1.43935306216273
0.455863219447657	0.630053920296833
0.674498556114311	1.07368668462934
0.809123111696657	1.03390001069984
-0.0887504741294921	0.074013016093887
0.0850690438272923	0.0824831271986602
0.191933081409107	0.206759516351136
-0.706797223706411	1.09154427546898
-0.215168294654689	0.251425445222056
-0.489964889533372	0.76123356636362
0.0572314177239754	0.0602245940697033
0.0962694736169088	0.0963512144126254
0.449720378011393	0.697350300169396
0.601438201643088	0.971089447776074
-0.0472540603925306	0.0550663416099902
-0.100274211769082	0.106995010571928
0.654969708021574	1.27916875242788
-0.276502485849296	0.289431486158364
-0.788581528592141	1.07592431315603
0.572348588678704	0.821988143732128
0.404316791891456	0.568220823649003
-0.551309627672629	0.824032753906685
0.206440053660299	0.235632773607034
-0.520601509344593	0.808902468001588
-0.498857009220582	0.629876521914182
-0.1121453250622	0.113166330727773
0.263423301694783	0.328348442194956
0.361592797982061	0.517161464857651
0.361540618712479	0.517057419658215
0.253289852376538	0.299329918912576
0.330056402501678	0.492382902545455
0.0727303123138188	0.0682164570601608
0.467265947328251	0.568193188473475
-0.441686091945384	0.734360082749655
-0.490250819397829	0.762020661913689
-0.259948721097996	0.302789508604861
-0.0883756918623883	0.099088287084682
-0.0764040537762318	0.0685394779049082
0.0848520465506334	0.0822532148300788
-0.23328130520492	0.217816609655984
-1.96448596851255	0.956498553769595
-1.35610128709322	0.474818712797072
-1.96398821246931	0.956159377765416
-1.44892665949387	1.34573377549574
0.490993844716275	0.474256958830059
-0.449536287830222	0.282477104716803
-0.039291406409105	0.0249159502087351
-0.389876979031048	0.276305805054114
-0.57682215557269	0.434063965729552
-0.746858694062616	0.697441333128085
-1.23430272897716	1.17056832595407
-0.265289293127329	0.193842743585839
-0.285331777159086	0.18648697481029
0.399591436244457	0.245265409014508
-0.217386798813199	0.161055170874197
-0.224391233949113	0.149292990518483
-0.314837032959884	0.180433066341452
-0.889813078580762	0.758273976852272
-0.224365553416683	0.149241083034403
0.874818418432008	0.879584612404599
1.5861033440651	1.82436184999967
-0.0395746681987161	0.0250974132707609
0.234014737217533	0.135404415420104
0.564406759068027	0.389679472400225
1.80554775261157	0.656236220945208
-0.105015388977172	0.0291873412061693
-1.96299502372977	0.955165401048326
-0.848235856286303	0.353414829103439
0.403244537973636	0.13964937041993
0.765221229893607	0.331833236925771
-2.94720125929596	0.646055459499367
2.17513790583725	0.973023061087874
-0.406653408801407	0.0912540543799087
-2.10706742962015	0.378548652882402
-1.12703244414615	0.724105062479207
-0.0788395206722486	0.0353837508560663
-1.3294270748627	0.733061521380134
-0.517899147573227	0.179109173088448
-0.788111377288474	0.414177817025583
-1.51151154262208	0.927724141804404
-0.184495602328439	0.0791280415311326
-0.314943947858019	0.180508496860338
-0.285164564145787	0.186407245785783
0.0478598994186285	0.0241459676341155
0.504461609472985	0.449256492439233
-0.731865129243729	0.441106968732687
0.12348686169197	0.0917573670050925
0.787934045375903	1.03601928624716
-0.0945796297891467	0.0658970940220562
0.399630859244332	0.309670206289546
-0.471735640386382	0.485637097514509
-0.686879805819936	0.508370712672486
-0.00915515031490818	0.00660096196247951
0.804280355608211	0.712204657555519
-0.212648600695035	0.172525653603284
-0.889702638848887	0.757449095607594
-0.852437271138424	0.785639292487699
-0.648692123477025	0.696455799491971
-0.931703587844186	1.09118687231564
-0.824273535102991	0.816614282631155
-0.0344877163074795	0.0246144600334162
-0.285007010964892	0.186314582604357
-0.38993138298359	0.276323571369034
-0.217493608406643	0.161114128298981
0.0346376691691903	0.0269806541839217
-0.449820216110179	0.282733562407957
-0.242580576864272	0.211239540650166
-0.284946743038968	0.186258778585444
0.564160308367146	0.3894443144624
-0.100629944992226	0.0535126365530659
-1.00953121808198	0.719538579271265
-0.852393270064865	0.785621271260328
-0.0760533009637857	0.0473839636800134
-0.852689118389286	0.785923872930611
-0.579315675588001	0.475397408670997
-0.00651948015524466	0.00363872630473713
0.69360357473447	0.725071798583745
-0.852478205765596	0.785785640793822
0.196640192867553	0.145850329153101
0.0857559934226779	0.0467736506521512
-1.23456663818007	1.17062438134029
0.968694022227397	0.894747914864557
-0.433336122325977	0.364703762729005
-0.247985007733887	0.26031397317751
0.0993266878784862	0.0905206366941579
-0.0212504268149611	0.0205351060474264
0.268419855307147	0.343390327302312
0.355541178303284	0.472783076187649
0.74595617370043	1.5236408626037
-0.354295688388371	0.430394103368622
-0.643527405347685	0.730996143549834
-0.0784838709809158	0.0605959569003531
0.621389015239166	0.764571601461366
-0.218784027302002	0.24319575741171
-0.498362811977168	0.886245520771799
-0.577994842403941	1.12772646097631
-0.138671987255134	0.155172974471697
-0.413227796756999	0.664178820125702
-1.16610893916892	2.46530914218578
-0.309644183427871	0.462105478243942
0.0287226770571774	0.0358183103007043
0.10403342644757	0.147303007042039
-0.0120392428735506	0.0128854466036259
-0.0119219220861601	0.0127592881853224
0.579778996806909	1.01622251271207
-0.326663749412079	0.397654754909013
0.322709926963385	0.458901194427245
0.251245082242628	0.231769427225783
0.213874427686911	0.285139303899393
-0.104017949791072	0.11655178164509
0.632522439260923	1.114870216523
0.0452021776746447	0.0461332348448803
0.126711278927647	0.138805247010443
0.4489168286908	0.72717118559991
-0.0902185567323479	0.10558986331329
-0.481351666391543	0.6926760025722
-0.35382319304075	0.529317307322151
0.143824025166407	0.180414590699589
0.0331005703402995	0.0366624079600384
0.0331556196626794	0.0328049002760796
-1.16401913086142	2.17993042218846
0.133412142138049	0.134339901654896
-0.174935162132425	0.164671751185223
-0.0462913966528764	0.0471518292059679
-0.660679021532572	1.06128438592782
-0.372077925394169	0.429881330407828
-0.438610659928348	0.705918620877038
-0.152574691073042	0.153081333074914
-0.198347584820444	0.209407157969392
-0.584872681346515	0.701681104928937
-0.267613364217431	0.248755296882411
-1.03812228698868	1.64572581975044
-0.422363725502875	0.236700130314835
-2.10706742962015	0.378548652882402
1.29035320892594	0.361169722228799
-0.568382091800531	0.35000896247181
-0.701931635787829	0.4711048335323
-2.94720125929596	0.646055459499367
-1.12669836517588	0.723532054881941
-1.51151154262208	0.927724141804404
1.01112737245094	1.3760722150966
-0.325638177643276	0.320305491288075
-0.094565597638795	0.0658831806182571
-0.358522758485451	0.22994932308938
-0.10045091808691	0.0534111225538958
1.21222890975055	0.971060007159056
-0.167822568183777	0.0869921519796813
0.264644477458504	0.174506049821866
-0.03477701888509	0.0248169249454343
-1.234519884328	1.17067606353664
0.39911149736699	0.261109190448986
-0.686722096742145	0.508273973989328
-0.351716490844944	0.276394683687427
0.533315723427002	0.411212454690432
0.75083556199308	0.546388049889566
0.399548134704097	0.309530415835099
-0.674739925783626	0.545605022666558
-0.119412253858398	0.0729861393109778
-0.0522819062797768	0.0406756120372679
0.085491672280226	0.0466198744971157
-0.00471351223080486	0.00218494087160831
2.59836788378482	0.565681354882139
0.671378649492526	0.334583333907498
-0.95187692509697	0.272670624519378
0.955568975584273	0.344510645872178
0.928890577483864	0.545239423768143
4.34088530635541	1.77157510731751
1.59563961177111	0.855317024832039
1.80543669637378	0.656160870630634
0.765543409119394	0.331916984826515
-1.68718740077762	0.704071354649794
0.764280160087122	0.331303341451248
0.403377677871532	0.139736809774786
1.31729408016793	0.590203599966043
-1.32938572253344	0.733074998982863
-0.968160264279937	0.567066206054291
0.372828104257578	0.176187601416706
1.31704077902752	0.589986987289273
0.0477829215549356	0.0241051678937605
0.512827443679135	0.436556749991168
-0.449551847246755	0.28255524491248
-0.573201430999483	0.392228605869892
0.163608641365058	0.108804553605115
0.567156457418707	0.612522500364788
-1.29919273920262	1.47230001629076
0.182359430736421	0.161392405043724
-0.43309859829363	0.36437725575118
-0.107517078885987	0.0823153268895267
-0.0782131166906987	0.0603682121520806
-0.658571634223774	0.621744954604799
-0.413856609751681	0.32103831463558
-0.212699182290585	0.172574668852142
-0.686499309414722	0.50798896479976
0.0585699011891016	0.0370057778942593
-0.577123316514962	0.434435598564971
0.490987000639688	0.474260257071092
-0.176011743176159	0.13198505975331
-0.0758201313271384	0.0472335094023848
-1.03374463617313	1.19981114825436
-0.686643295235763	0.50818911175335
-0.175807382934199	0.131777093975873
0.169411164241986	0.14399460930233
-0.37620999787926	0.319901497700275
-0.461970570480696	0.447447446289047
-0.131147323350631	0.0901154101141619
-0.217321429867897	0.160988624983541
-0.792005881270846	0.630719515069575
0.60666747478801	0.367841714094269
1.08202640181885	1.08391026580736
0.141945413134548	0.0887896964119642
-0.0489536777384871	0.0266950254107167
-0.792126707406141	0.630748496181635
1.37885154895866	1.87526710373998
-0.0758201313271384	0.0472335094023848
0.211873740520637	0.113815244353815
-1.3687310433831	1.62601144067991
-0.00895096810913441	0.00645216256216263
0.740687118887036	0.716362062194478
-1.74029292455931	1.57444451016422
-0.26050123433033	0.131519082409796
-0.585040051699477	0.59506725919905
-0.487685272428646	0.372768928036691
-0.0244876174601765	0.0207353784659303
-0.197659089898156	0.208547987885744
-0.406260904714067	0.539360646359305
-0.00502998806572686	0.00560688074041289
0.353916211181439	0.45887556357287
0.357387352808218	0.486992895493071
0.774722107006258	1.67730368162106
-0.105744968486528	0.123872513280217
0.804725225407815	1.65122204042367
-0.32622036645419	0.434122341402201
-0.500105709117042	0.970053395383056
0.152711821187928	0.211097149284543
0.143033050590653	0.148521136113928
-0.0436900479730814	0.0488728953839971
0.357604951200526	0.487320752635307
-0.517489378921686	0.773805370770714
1.04978721770048	2.1492013431313
-0.342981264544825	0.600635285725246
0.0193026743590757	0.0196092996779871
0.160632722672789	0.212414712641616
-0.0581270488810806	0.0651163457069727
0.640347767467255	1.32313296146327
-0.149458100779494	0.141213605599012
-0.360356450947312	0.55841132537657
-0.156491170910768	0.183335886425811
-0.490077154994839	0.761525637278872
-0.495390627258795	0.825910261190999
0.527352693884845	0.978371472912613
-0.218573257554663	0.242964433954481
-1.19617944376671	2.74574014655618
0.652704091981057	0.92197255026699
-0.131988862093709	0.132840069100455
-0.546236015787346	0.752431194654551
-0.0649902266461112	0.0544665357975306
0.00941265930122899	0.00819346950161762
-0.256316991013333	0.253965163107606
-0.0784065556778672	0.0605415939725262
0.229169995153443	0.241211229371494
-0.325390482169996	0.319910866397389
-0.00917220121774698	0.0066132667553173
-0.199461602352429	0.198834500665399
0.145086290554027	0.168302583433753
0.455802027035949	0.630005062101864
-0.276149014243203	0.337147230803723
-0.571850481296198	0.312666676322475
-0.260393358324243	0.131430586479957
-0.571451727153102	0.312241828107421
-2.94720125929596	0.646055459499367
-1.1145954954322	0.541089063658969
0.564406759068027	0.389679472400225
0.399254392999851	0.355300972276956
-0.305818985123017	0.282849099093468
-0.583901802207279	0.556694930767888
-0.766361533159932	0.663054207629342
-0.68642062711381	0.507816047405359
-0.376143684377995	0.319851962038645
-0.449462493686468	0.282465667764756
0.0290900259567636	0.0172511793350693
-0.235541515753558	0.138114100829824
-0.217393522573016	0.160968681876084
-0.389875558702191	0.27626357840334
-1.06775517339365	1.02966677680237
0.972317688642441	1.05460207705216
0.54679022047352	0.399511882423471
0.522443418877019	0.423757465424
-0.577123316514962	0.434435598564971
-0.852453289757226	0.785099263121776
-0.732207785471608	0.441468073086455
0.116307687959683	0.0681343944936411
-0.665836717458412	0.583959669719534
0.39626323630729	0.226333379929574
1.80602884553664	0.656327507792822
-0.104844951344196	0.0291451841025915
0.234209408113983	0.135557017197127
1.11246149016777	0.937645880867221
-0.391376863277363	0.191246763311921
0.632160133035675	0.352652701983811
1.59491187457724	0.855036907978974
-0.732021846522536	0.441299012127764
-0.967800698735012	0.566773743831677
-1.11449125834891	0.540788176297302
-0.104360815899979	0.0290077066781166
0.671626073423993	0.334752594792006
-1.32945704925353	0.732853759751035
-0.732129713916639	0.441387161072424
-0.391351571354595	0.19123548774465
0.061698863167424	0.023890625298551
1.04427939074659	0.754117796960099
-1.14889284947374	1.17269849127263
0.142131685932888	0.0889044303481582
-0.253172941659382	0.20349196228865
0.0345256255596464	0.0268948341119332
-0.648424339958647	0.696331961700475
-0.889873267452747	0.758353213221804
-0.487447898620229	0.372489368911228
-0.119546843544292	0.0730678346020511
-0.510427708774961	0.457907554625565
-1.36877814865967	1.62748394013773
-0.107500620054509	0.0822992917472165
-1.62742995903295	1.68731319537266
1.14993475992126	1.42992918005617
0.39965025996939	0.309657884063074
0.294431587015065	0.228916033996534
-0.933784857329789	0.913499728136811
-1.14275846284982	1.020581514347
-0.285405832727868	0.186436942784783
-0.877084922463205	0.577091573709713
-0.26773067979042	0.248955549281676
-0.889896617486106	0.758357339826199
-0.84368791408267	0.995116678033945
-1.04455779344299	0.874947175637136
0.209810360905692	0.163357285474146
-1.27038470831303	0.884666905678582
-1.04445204539498	0.874915515762286
-0.938971978520868	0.734455823851989
-0.577109715356513	0.434343995222223
0.656472871278802	0.556862079721386
0.264802209253012	0.174630751522979
-0.11951965129848	0.073057555006467
0.584683124801269	0.379889250809324
-0.358495878177703	0.22993924642698
0.142158877408837	0.0889187387226178
0.163331620179688	0.108614156157247
-0.732051484142669	0.441276325037825
0.399058289087215	0.261066486593233
-0.167814701890377	0.0869867978736486
-0.235435967724642	0.138018567539765
-0.581862158281974	0.516614888864662
-0.217586494139656	0.161206785290068
0.111967952812551	0.105643886967648
-0.149521044992532	0.141273574492405
-0.539714283933915	0.680347549155459
-0.960952919292167	1.6990596218295
-0.120774475043368	0.169986676026798
0.94352189695867	2.64099754514025
-0.136023667771769	0.172888669347055
0.408381638556258	0.64419767705281
-0.225899522569633	0.412712317295715
0.700815611602878	1.21867017152026
-0.584803847820132	0.70151424437011
-0.782651066869146	1.29929066635302
1.04309678792554	1.54243303259698
-0.325434660681531	0.319997768447978
0.204094058513265	0.194592896859649
-0.354381721247719	0.430578296918223
-0.0944379563959912	0.0955836242443431
-0.690344834526313	0.864318905112001
0.134799064186216	0.164558022834627
-0.100212254247931	0.106938760261645
-0.31324784535614	0.434158839599966
0.297264598358641	0.441483857494082
0.100271637532926	0.118579374145503
-0.0388441242856536	0.0415926978465815
-0.0881702143610409	0.0988403162983535
0.403920269472311	0.474205463108629
0.39969301573876	0.385182892718584
0.0585288005378674	0.0369794101178088
0.155511313493014	0.126686947009485
-0.0343359530859755	0.0245006997673985
0.30767014945629	0.262152188495059
-0.233216619260901	0.217744891572625
-0.105509412369233	0.100407179964784
-0.395677619377101	0.361298242623514
0.497262814943253	0.461803697327511
0.286523637112009	0.211735970130416
-0.752709666974632	0.939435683182701
-0.377671152506648	0.565509732952597
-0.580228064055571	1.10014436341008
-0.191340923404336	0.234167946908052
-0.344323820365054	0.550717749927447
0.0136757801104586	0.0101840976211911
-0.939169734691957	0.734302350012981
-1.00950067227012	0.71944848988664
-0.517262058968037	0.178864495866734
-0.407047340101398	0.0913266870047607
-0.00846262185640431	0.00278126286689462
-0.653434232658713	0.65983611689143
-1.12680276458926	0.723836733698945
-0.701771467802911	0.470856745105674
-0.0790599160932567	0.0354904532922947
-0.825224295078979	0.599634201404957
-0.517010624683618	0.178709666938849
-0.314814424996404	0.18040114856928
-0.449894406409047	0.282684690460742
-0.766520318870356	0.663134379752832
-0.389982968519614	0.276402027316149
-0.852667159015211	0.785951560164861
-0.583907281167518	0.556785228404916
-0.518796646532029	0.498836162530179
0.963523848954642	0.737003004445714
0.606746759712527	0.367950501034703
0.564234976882592	0.389578962842842
-0.00475680929605525	0.00220672361861251
-0.0488625627152605	0.026640929763916
-0.314760476042584	0.180286701548618
0.211827445314614	0.113815124257299
0.128626494876668	0.0571126960744007
-0.389982968519614	0.276402027316149
-0.25321774994014	0.203468601001879
-0.167693368413642	0.0868997512133413
2.59830808808347	0.565621890602798
-0.00477832280722481	0.00221735527016294
-0.265442027789063	0.194004074913417
-0.449470313294104	0.282463449072139
0.399482601711874	0.309510248663981
0.504547822237449	0.449348903948955
-1.00956923753492	0.719303703505991
-0.314814424996404	0.18040114856928
-0.422363725502875	0.236700130314835
-0.517262058968037	0.178864495866734
-4.18740533469694	1.51210068214824
-1.14291176510773	1.02030739092131
0.796542286709821	0.546503907985386
0.399513273727372	0.325188893595088
-0.0760945859454269	0.0474073772906456
-0.235435967724642	0.138018567539765
0.963493712544037	0.736813071274867
-0.358667111251907	0.23008064430689
0.399355379932074	0.355448893685482
-0.26786353781674	0.249059867264865
-0.0975453643459621	0.0871326664240543
-0.285104268291679	0.18637524470887
0.0583807005428617	0.0368824650389447
-0.00477816764385727	0.00221449009969904
-0.0760095348319967	0.0473545458793008
-0.701878331017577	0.470978781688397
0.0834419623206405	0.0558844880401982
-0.389798224379841	0.27617873057893
-0.351754380970548	0.276392597109976
0.635544469288338	0.564969109409345
-0.674792889721164	0.545690657241514
-0.389929969887617	0.276359669549728
-0.358825047661998	0.230165183940644
-3.14463707482838	2.82469788949283
-0.572977137866887	0.392068629563688
-0.391376863277363	0.191246763311921
-1.66966433654189	1.12047352362829
-0.358667111251907	0.23008064430689
0.128609310588168	0.0570988901799906
-0.0489013694262602	0.0266701962197787
0.533329532533883	0.411241844029059
-0.0488879942131119	0.0266619172719185
0.396068108708119	0.226269963646636
-1.12726154838206	0.724019034618447
1.15014266729831	0.774326861652598
1.04417132370979	0.75412450860252
-0.167609309586656	0.0868188626598244
-0.449544062178421	0.282531156107745
0.264704824340339	0.174556238904536
-1.1144886963805	0.541000350984738
-0.314943947858019	0.180508496860338
-0.327440212159224	0.129629361099382
-0.16779871935084	0.086938103093171
0.100335342309907	0.0816703738205183
-0.0082268846083795	0.00530268934145092
0.143253739684999	0.131104914498427
0.567129010035207	0.612363749788113
0.140183114767578	0.109179316432306
0.083026372872784	0.0646952794378389
-0.00758200325180245	0.00691014644947366
0.232204415951783	0.295132676746268
0.0363939687561788	0.0425458105250905
-0.122182027466564	0.143227119899054
-0.0582469074013845	0.0652500092222075
-0.132996782963748	0.181420333486134
0.301448652212927	0.368426640700712
0.259795489229792	0.248771059892245
-0.660708371187302	1.06197433528473
0.130404900146634	0.115012735777191
0.100246521231571	0.0815829812641007
0.213382920459667	0.21057171442707
-0.451122137389685	0.649922791135285
0.589336273160589	0.991653217362568
-0.406601161165348	0.468673845561405
0.00635128683692691	0.00625433985294773
0.735032002090396	1.20280787677211
0.0944854156145907	0.123158732365363
-0.0389083714010862	0.0351687479500685
-0.211137583107661	0.258443411979121
0.49946041754396	0.761859058727047
0.0853650895960433	0.0750170893937536
0.0991754245404531	0.0903803392455677
-0.0947125918300153	0.0659933735364849
0.155472610251617	0.126648001028643
0.457970590270453	0.617869355431155
1.09701305323353	1.40787681640597
-0.492936786089533	0.594100237144767
0.259733650022855	0.248696258799894
0.906461585802101	1.19598296182235
-1.55207344387882	1.81498066577012
-0.131233499060858	0.0901795833894835
-0.326224759336145	0.279877427344051
-0.500314436828124	0.416117076848796
-0.0888151375945493	0.0740672373967776
-0.968152752066219	0.567121503023109
-2.10706742962015	0.378548652882402
-0.848034357080434	0.353432748047731
-0.406260094312188	0.0911374164788629
-1.68596857506758	0.70320287292914
-3.48240509937676	0.919800644574475
-0.406260094312188	0.0911374164788629
0.276581864658763	0.193470468193327
-1.04445204539498	0.874915515762286
-0.11949245706525	0.0730428325659769
0.211758999475203	0.113754851501744
-0.184495602328439	0.0791280415311326
-0.260235539921703	0.131347478886903
-1.83911498330187	1.75945706700032
-0.413771642413338	0.320922388670942
-1.04466111093792	0.874485207359074
-0.802027340674671	0.848172105335391
-0.658595338348797	0.621955343661036
-0.665455791924621	0.583460234530752
-1.0676766626128	1.02972457605802
-0.391603095504156	0.191462066890932
-0.968025445363508	0.56675996581703
-0.939129990442434	0.734614739532522
0.606840474184464	0.368014046586871
-0.422277886081322	0.236628606264027
0.399779061948965	0.309753287675347
-0.390008771037508	0.276395178397817
0.577239576971173	0.602009063816659
-0.0488879942131119	0.0266619172719185
-0.184363306761202	0.079022323203439
0.44905816517692	0.0872417415102285
-0.00477832280722481	0.00221735527016294
-0.260530377594129	0.131470150290879
-0.39008898908593	0.276452622310432
0.956055118653698	0.344844233810228
0.128958393151128	0.0572431121161015
-2.93118731682824	2.38593694029261
-0.579252630682082	0.475335656833146
1.83336693612216	1.14029284382219
-2.10706742962015	0.378548652882402
-0.578902974009509	0.267254122102802
-1.12703758998166	0.724067663560919
-0.235211272959703	0.137888266645417
0.680883417384093	0.550050728935172
-0.701862955864654	0.471051609861451
-0.981504005262713	0.891238633380212
0.234209408113983	0.135557017197127
-0.00473520578037929	0.00219591531042473
0.178423283573288	0.0879679360806085
-0.719761430277388	0.767560566360836
0.232262051186001	0.197726892854407
-0.510441955718791	0.45807955105784
-0.449201596319485	0.406822614548009
0.0634452902489655	0.0472036081054026
-0.351909434642379	0.276629510394756
-0.17389514636938	0.117661309424927
-0.449746215436977	0.282653986067633
0.740560803151772	0.71627431722046
0.196616031972375	0.145843799490633
-0.939235516993964	0.73459676282174
-0.322054918949587	0.231926205197877
-1.00946265936106	0.719458642516027
-0.235329933523451	0.137981629173474
-0.358680527282511	0.230076669085373
1.28505911174188	1.48944337418782
-0.184617640808077	0.0791844639739394
-0.358640290259768	0.230034639766072
-0.449551847246755	0.28255524491248
0.396219281155119	0.226374014114269
0.497149769694944	0.461687035193562
0.711730166768591	0.546202489300631
-0.358693947004867	0.230050693313241
-0.11973175408351	0.0731806151265008
-0.242770304560747	0.211530055675597
0.0345958516225109	0.0269491226554295
-0.775129430074329	1.10354445419056
-0.260230884661906	0.303222081863939
-0.585291045984754	0.667492949467157
-0.752800907995648	0.939500257128384
-0.549202675962917	0.788517646541242
-0.00737072355671643	0.00713952579082498
0.0630886878438777	0.0627673199746768
-0.326206183880045	0.396928951868625
0.420471302862673	0.784148511325617
-0.15873260548588	0.224682136964558
0.518261724445139	0.704250446312832
-0.285065457455865	0.331526910644396
-0.117547099541799	0.125235776379329
-0.115117716067557	0.0954582674653051
-1.07236155114085	1.63414672358936
0.221704811720421	0.226078751274219
-0.311439151585702	0.361202600641026
-0.202632050777103	0.19003280571302
-0.0072964947569162	0.00664902422583983
-0.117392619777988	0.125040942961662
-0.139343692357047	0.163338181274195
-0.0944020410628109	0.0955318563801327
-0.258990189320011	0.344925084107536
0.278306531042016	0.374731653421287
-0.533065526340139	0.609714442073326
-0.052374834653454	0.0407484128673285
0.0345256255596464	0.0268948341119332
-0.897256724889073	0.93991294095813
0.0700028470365908	0.0592207766602264
0.169365257918917	0.143926935954335
-0.22640814430071	0.22495993460764
-0.256282370392418	0.253915440079605
0.658385965133915	0.737561105105974
-0.17389514636938	0.117661309424927
-0.525075217091072	0.53774919315144
-1.01113506903312	1.04692897665662
-0.235316786021102	0.137981180349472
1.30810700637317	0.797487899674034
0.366007310144161	0.150389420387711
0.178142816773624	0.0878120900805318
-2.10706742962015	0.378548652882402
-3.48219873584491	0.919655084022901
-0.0789404054704349	0.0354352126325418
0.399665633163718	0.340749110635585
-0.411255415022144	0.400709234805426
-0.581513987327212	0.516291159010429
-0.28223685747382	0.244226922956707
0.250592487483807	0.155172004789474
-0.167731464486394	0.0869187079317173
-1.67490779948332	2.45363395325894
-0.174024043661833	0.117746179954115
-0.285007010964892	0.186314582604357
-0.98166437291329	0.891348219855638
-0.701977565807351	0.470939585084635
-0.00477816764385727	0.00221449009969904
-0.235382896302948	0.138024912443037
-0.877213265073092	0.577236204859608
-0.675086445738541	0.545532433957082
-0.348299679645126	0.320283006957133
-0.119518275601168	0.0730591665263058
-0.461941509756062	0.447436107084494
-0.665669707780211	0.583946577934216
-0.968048191866317	0.566741793143772
0.396240348787542	0.226360026749263
-0.938985249993604	0.734486826092846
0.681269895876653	0.550459572066759
-0.358509316483428	0.229953272680103
0.286290525771017	0.211533426053093
-0.100532689740455	0.0534621458761021
-2.10706742962015	0.378548652882402
2.45265512874046	1.302355134432
-0.00651948015524466	0.00363872630473713
0.178380255200628	0.0879339556141732
0.23410444750179	0.135473731879832
-1.32058303095055	1.32483484241424
0.0856635463965309	0.0467239502969187
0.128626494876668	0.0571126960744007
0.128731299422086	0.0571633654848292
1.29007573135185	0.361162560899904
-1.35626224425971	0.474875835650706
-2.10727742655476	0.3785967871456
-1.40186461371808	1.05084714160718
-0.260422454505934	0.131473076198748
1.12032416462092	1.25778427019312
0.116345045748615	0.0681537780773569
-1.14272135010516	1.02079220806414
1.92290584280607	2.03872655208866
-1.0094856146547	0.719469300354575
0.928880311944051	0.545314341145758
-0.571505531550015	0.3124149088738
-0.801655740378037	0.847916877979715
-0.039291406409105	0.0249159502087351
0.307830270320112	0.262267063206768
-0.424161638024443	0.438562243307223
-1.04472869215769	0.874658341561647
-0.322032975668386	0.231903465341743
-0.00829581607007071	0.00534680217442291
0.0288765481797219	0.017124337713658
-0.902180201967448	1.11481748190839
-0.358561349203797	0.229976361393022
-0.171770631410099	0.102932060208856
-0.3518681556598	0.276580045277437
-0.00471351223080486	0.00218494087160831
-0.284876809631198	0.186135828010406
-0.167883164706142	0.0870145895376265
-0.573214592148753	0.392266645889591
-0.22428532991342	0.149198968742214
-0.422256388009115	0.236590327517095
-0.449462493686468	0.282465667764756
0.0479444191794637	0.0241924711034532
1.59584285993789	0.855378185163195
0.387443934982169	0.203677658568846
-0.573043063375869	0.392116283470683
-0.579018048486102	0.267409454362904
0.23410444750179	0.135473731879832
-0.84751494297264	0.353113627072122
-0.100524984420176	0.0534573894442428
-0.358574770830738	0.230008355533989
-0.354518028583168	0.430785470165114
-0.0436907788739892	0.0368158454766582
-0.0285650077781804	0.0223727650960806
-0.0942224250557491	0.0953394483738429
0.1119186791488	0.105597235132085
0.169115258647137	0.191772568940528
0.565712335792877	0.831055440798455
-0.174520734251616	0.164213194301028
-0.152305721586356	0.152768912099463
-0.210886097443746	0.258065724054223
0.269226458861479	0.450930583111999
-0.112292311463074	0.113313712828909
-0.475734974652312	0.657185851962715
-0.690300786197318	0.864217545723177
-0.648330941218048	0.696068835612885
-0.638737757211556	0.763977742221021
-0.0243049385350633	0.0205803070077636
0.307453520101688	0.261957290849332
-0.822071205676119	1.75529733804172
-0.406266342336849	0.539389055799062
-0.135996850466161	0.172873454297812
-0.354609496969868	0.430867072312589
-0.138220699332796	0.154631085817675
-0.218381958985434	0.242692349738728
0.481495782871495	0.500607525923348
-0.381135591421568	0.395482098555254
-0.326492631692341	0.280095373388091
-0.308082259447842	0.321720654623733
0.0185006670919112	0.012448864722067
0.576921340861572	0.601443921761148
0.644371936716052	0.745836605953634
-0.115094293064442	0.0954358286865191
0.0290113532844415	0.0172048544907705
0.56718956615736	0.612579674430369
-0.585361884593365	0.631998400566667
-0.265483188904491	0.194066813915525
-0.131012747543031	0.0899915866252994
-0.435019408012128	0.475252268430123
-0.314943947858019	0.180508496860338
-0.184393374089649	0.0790787932600563
0.631819214311294	0.352378760345744
1.05637106962915	0.549947620800554
-2.10706742962015	0.378548652882402
3.44549632854058	0.961689054878872
-2.19279921330255	1.21087324593908
-1.35610128709322	0.474818712797072
-0.299059469801772	0.237866335471971
0.399187088913684	0.293282605618885
0.058714912916345	0.0370838274040851
0.0478598994186285	0.0241459676341155
0.399333896174166	0.370184370978777
-0.0758201313271384	0.0472335094023848
-0.395388418036392	0.360780469010474
-0.358443927278773	0.229868386699299
-0.0789528454821435	0.0354404697364153
-0.390008771037508	0.276395178397817
0.058487651644296	0.0369500740198118
-1.52272863262192	1.2210077243497
-1.14874507792827	1.17240463951953
-1.40188477168528	1.05085158297314
-0.00490723824214601	0.00227607344204021
-0.825224295078979	0.599634201404957
-0.389982968519614	0.276402027316149
0.234096804356181	0.135446566500452
0.0289053747418535	0.0171405436715424
0.497309249136579	0.461792760257714
0.533241523858445	0.410975241713893
-2.10706742962015	0.378548652882402
0.750828254194413	0.546393815900103
-1.24526456840118	1.02188427870886
-0.573122228556241	0.392182120784472
-0.119410862413062	0.0729743072486799
-0.868214047976158	0.96759620565671
0.398872373781685	0.277094868971369
-1.63535263331153	1.39540065672422
0.929003379570485	0.54534639567847
-1.35626224425971	0.474875835650706
-0.406653408801407	0.0912540543799087
-2.94720125929596	0.646055459499367
0.365691750007034	0.150278237952888
0.11627031625817	0.0681082454094151
-0.579296535169985	0.475401577626035
0.58475959722206	0.379934996153133
0.972422145289636	1.05476896214732
-0.0047138086914673	0.00218770251866513
0.0479364447408366	0.0241891330477726
-0.167746238435569	0.0869469108163603
-0.358653698911515	0.230066631527229
-0.524959282735885	0.537510640041035
0.735560635960185	0.881705201091584
0.860814682333386	1.0348402030311
-0.202742573607966	0.190158888021791
-1.14882997274325	1.17257316998894
0.0856504615516148	0.0467163223346054
0.141919557864797	0.0887687130470317
1.04453259252245	0.754314244963196
0.398872373781685	0.277094868971369
-0.96814522350334	0.566902385585879
-0.173769055054967	0.117569809360543
-0.100443178122335	0.0534100513858687
-0.00655651078964978	0.00365922616789442
-0.327335550717987	0.129625546394617
-0.172058927367155	0.10311081239665
0.0479444191794637	0.0241924711034532
0.0858222138874829	0.0468112400675287
-0.358732662393978	0.230114354749903
-0.0489536777384871	0.0266950254107167
0.128374433929092	0.0569718320144089
0.3996138541701	0.245240556317635
0.399032143012627	0.261073229564847
-0.100532689740455	0.0534621458761021
0.396111644177902	0.226268937832337
-0.573293818099177	0.392293154873551
-0.848554588996423	0.353709685597233
-0.100599240850681	0.0534854334490669
-0.176834279037783	0.144641964147969
-0.433030285558499	0.364177682386566
-0.0392741862439753	0.0355118128484976
-0.394470886039412	0.431899728967906
-0.126511508828205	0.11996525272437
-0.152085726351307	0.152462933395476
-0.43446059396382	0.675286041619491
-0.117291963874738	0.124908594234676
0.769204241995885	1.03946102896951
-0.276296380299353	0.337327892055906
0.0554397297138001	0.0713045593598328
-0.105773490385703	0.123908809671743
-0.00764297723167947	0.00696586969771701
0.116298973022311	0.0986676001651544
-0.280228467821653	0.373189441886275
-0.218612458292082	0.242919666202609
-0.465021527065037	0.748790032659806
-0.585586288652477	1.01072742994707
-0.377801393955473	0.502080894209781
-0.672150211865837	0.960554092294018
-0.115203716986293	0.0955315039103087
-0.0976823544085707	0.0872726667112344
0.0186074566745822	0.0125199585315506
0.485624022779433	0.48700459116215
0.251471142662093	0.231956399438887
-0.20745049887464	0.181866737354873
0.0634879271444501	0.0472122017512119
-0.173665041486168	0.117482242301805
-0.510468029426902	0.458091522455383
-0.583555754871982	0.556354570462918
0.31896909975717	0.295025614287825
-0.375944838067394	0.319642580323954
-0.422299294346764	0.236652215203968
-0.10062225280412	0.0535115969827204
0.0184804542515445	0.0124351617079159
-0.217693310125571	0.161294740239511
-1.1269254750699	0.723652906776775
0.178423283573288	0.0879679360806085
-2.10727742655476	0.3785967871456
-0.104360815899979	0.0290077066781166
1.15014266729831	0.774326861652598
-3.87542104119766	1.20695765047403
-0.327440587999834	0.129669435996948
-0.406260094312188	0.0911374164788629
-0.517899147573227	0.179109173088448
0.898354420160912	0.723312999645903
0.286164267426679	0.211384992502337
-0.500421216580532	0.416117896861185
-0.131036907601626	0.0900279719569885
0.116228132957076	0.0985982632383461
-0.00647290097493442	0.00361346614744142
-0.389982968519614	0.276402027316149
0.0833312993184489	0.0557999793428451
-0.889849917085526	0.758267834539312
-0.701939376185849	0.471077472243728
1.02249331252454	1.06690079768204
-0.877318704480512	0.577012560144428
-0.573280670685844	0.392255128412562
0.711889146938377	0.546487094584724
-0.235237583424851	0.13791980571296
-0.119412253858398	0.0729861393109778
-0.390116190617883	0.276471622817521
-0.0487836436137319	0.0265956041613835
-1.78575807010922	2.0425742719616
0.141919557864797	0.0887687130470317
0.546671833494074	0.399360835909811
1.79951650032039	1.77572252920144
-2.10706742962015	0.378548652882402
-0.877169937096785	0.577203324418684
-0.686434154759917	0.507813733272985
-0.00477816764385727	0.00221449009969904
-0.119758944885517	0.0731908848058863
0.546737724120211	0.399480929625377
-0.732051484142669	0.441276325037825
-0.877042886893742	0.577005310114962
-1.32949835504126	0.73284027733314
-1.96318420806556	0.955267578119545
-0.00940109644110474	0.00309197435180766
-0.0788269788881849	0.0353859300459337
0.845860264717128	0.715059134269568
0.211857686193715	0.113839275081236
-0.314707542694456	0.180254954843549
-0.889873267452747	0.758353213221804
0.853127837722916	0.547021736367706
1.24608813557136	1.14614110823046
-4.86850020904637	2.52996282419655
-0.1843733468576	0.0790649086662853
-0.967029316965541	1.06786460606963
-0.487657978983459	0.372657216465689
-0.471894508384942	0.328692674679395
-0.500074420317747	0.415863932501337
0.163457954905026	0.108715810889068
-0.322139897340277	0.231999577337031
-0.314737975535389	0.180310123749427
-0.131282341940386	0.0901728265686857
-0.766520318870356	0.663134379752832
-0.0082268846083795	0.00530268934145092
-0.235554617857959	0.138124741028281
-0.584974795759063	0.595188944889655
-0.825127181183508	0.599448766878507
-0.0629016945424448	0.0443887505971142
0.0858883652709848	0.0468433639331458
-0.571438507774477	0.312330254718005
-0.35874606176488	0.230128359214925
-0.573069444667283	0.392154228921532
0.178408925233274	0.0879707492156317
0.0290386308033832	0.0172194422525343
-0.284886483760576	0.186193881211873
0.853153400334864	0.546632954787086
0.0857828642932185	0.0467786521757069
0.221590869897824	0.180619646662104
-1.12726658129117	0.724223760675267
-1.52272863262192	1.2210077243497
-0.171937931217338	0.103046922596437
-0.100427730451234	0.0533968200283202
-0.100532689740455	0.0534621458761021
-0.631807413474847	0.830344932680984
-0.342822537057505	0.356913924390727
-0.155352168997897	0.16487681390558
-0.196717665955062	0.219106507323463
-0.358284633076889	0.393549971536337
-0.0679189954381517	0.0650403201206749
-0.154834618283808	0.164235137421324
0.462133003677218	0.592533079402659
-0.00657378426981162	0.00559230572671566
-0.504473671740679	0.666445429128414
-0.479589428624205	0.522211638723048
-0.514067186607846	0.739184655146854
0.0532268964170346	0.0432539954221185
-0.977629314375667	1.37977822323095
0.0729746844724092	0.0684434309375068
0.46005853941998	0.605406578273645
-0.311901618709699	0.361955474518435
-0.057178426542523	0.0515017532243805
-0.0891168134181992	0.0743077306259146
-0.801986780795005	0.848266740933482
0.0423237158271014	0.0299922419603051
-0.107500620054509	0.0822992917472165
-0.653408914392345	0.659917412289735
-0.411106057699914	0.400370418549013
-0.115138590901731	0.095479138593416
0.196616031972375	0.145843799490633
-0.253193279866668	0.203519381363415
-1.27079948429644	0.885358424086186
-1.51356453682834	2.24575354142226
0.083335172954252	0.0558059623565864
-0.471987262164561	0.329014669520781
-1.11394961846196	0.540358650867839
-1.40192841274304	1.05049717063142
-0.877275294380489	0.577053836575578
-0.406143088696864	0.0911104868149055
-0.0791731085684495	0.0355323931006965
-1.68633971949454	0.703563702264362
-0.732036673044235	0.441341043477748
-0.578975115762517	0.267390226446819
-0.568602401021607	0.350107625107656
0.522441885682082	0.423905445396472
0.0187052782337953	0.0125841562637739
-0.731812922422094	0.732436549156271
0.399384560053957	0.370248260620243
-0.131061153506705	0.0900441324975503
-0.1310782110385	0.0900485028540653
-0.235211272959703	0.137888266645417
0.0635750301668646	0.0472982104906535
0.584699288308755	0.37975753651039
-0.260594489203997	0.131559221193867
-0.21743486344375	0.161074769704632
-0.852434235979929	0.785621130114425
-0.0394638266369213	0.0250273580585416
-0.568549525224171	0.350166151783107
0.250829565904853	0.155311776681559
-0.938756652318534	0.733858328376305
-0.573135403447075	0.392220170007954
-0.82521645061763	0.599532139278292
0.276500070262287	0.193354946144982
0.546803549672268	0.399551531032605
-0.1843733468576	0.0790649086662853
0.264741881640269	0.174598132091718
-0.171626524134725	0.102803805813146
0.58461467910062	0.379754194113975
-0.576989250936056	0.434217336157644
-0.322139897340277	0.231999577337031
-1.2345298728193	1.17020888223708
-0.449633490948602	0.282605167831363
0.250513390435162	0.155108504066862
-2.06192852260727	1.69842741891697
-2.06196669687156	1.69886005377596
-2.38060556106765	1.46186003707845
1.83315748715589	1.14002036875355
-0.391368449200474	0.19130152788782
0.963538022937797	0.737057787372522
0.95671106671777	0.345047173325076
-2.10706742962015	0.378548652882402
0.365901442885752	0.150373308319952
1.24614742321936	1.1454894827741
-2.68358625805013	1.940656297599
0.387686875825049	0.203780516144307
0.0479668102951513	0.0242035155870716
-0.877107195262802	0.577129826927392
-0.00993005671119063	0.00326476537628999
0.396284062791461	0.226395002349251
0.250605830440359	0.15518710398705
0.512739851557972	0.436540967621389
-0.176662703246214	0.144519924105875
-0.44939489715077	0.40707038950724
-0.525008615438148	0.537619000841358
-0.791982672273346	0.630647826107759
-0.285164564145787	0.186407245785783
-0.0759682684831344	0.0473317038327201
0.058506856910663	0.0369659911939458
-0.571612713488628	0.312477898458969
-0.00623169814283398	0.00347992391678904
-0.167814701890377	0.0869867978736486
-0.889789726075743	0.758188605908356
-0.078745871602922	0.0353461577361168
-0.6867874780642	0.508227184141461
-0.22441533242714	0.149321786982421
1.15458507968611	1.10902660350339
0.803885443008125	0.712114459554289
1.15025638771776	0.774418861125706
-0.358574770830738	0.230008355533989
1.1503789659688	0.774433753881929
-0.358522758485451	0.22994932308938
-0.167776509342108	0.0869605415634023
0.250579140813568	0.1551468753094
-0.173851269839628	0.117599314201622
0.0479668102951513	0.0242035155870716
-0.747140886414198	0.697611591816472
-0.290372554424319	0.370705820988796
-0.411366096361006	0.400842981139981
-0.801813740537856	0.848049241128343
-0.0943025594505727	0.0954331338372702
-0.117476908544426	0.125139571206938
0.748370895794744	1.19965349083693
0.160833684424084	0.177242948866407
-0.215720280567301	0.318351603654805
-0.305875609292159	0.282987072028469
-0.276814195690808	0.289803320152268
0.0187603779399543	0.0126212930219517
0.182070130536112	0.161089473061454
-0.358095444904825	0.393096107156821
0.350396849860606	0.43122482421257
0.0187862421420399	0.0126401251925765
-0.00820965874590202	0.00529124301994387
-0.0521507640260601	0.0405731557966148
-0.843716971454895	0.995224858764752
0.0634879271444501	0.0472122017512119
0.142158877408837	0.0889187387226178
-0.242786227222363	0.211532161496623
-0.707133839682936	1.09267709938833
-0.510468029426902	0.458091522455383
0.155588746243609	0.126751986264662
-0.171793801836589	0.102951867486592
-0.00866762541139504	0.00285038216826518
-1.04437342022381	0.87478702664477
-1.52272133551366	1.22049667570287
-0.00866762541139504	0.00285038216826518
-0.515990783583792	0.178284628481265
-0.39158646767252	0.19134903588659
-1.68633971949454	0.703563702264362
-0.104191034118389	0.0289508643830017
3.23603366195891	2.76663679648023
-0.516625938445608	0.17859542475739
-0.952502610189603	0.272824202108595
0.955740311572938	0.344597279041458
1.37920486047492	1.87480851998805
0.769650330598824	0.713292319767363
-0.119705907888689	0.0731644759949217
0.632365175870697	0.755082763045236
-0.539854411452781	0.680705493933084
-0.144398633459564	0.118978896917438
0.512761756487038	0.436576039484465
-0.115274050396671	0.0955989679801545
-0.389823995955751	0.276239675249137
-0.449820216110179	0.282733562407957
-0.631744326874401	0.83006903587321
0.399579474975585	0.340714052579879
-0.282165043535673	0.244155786040293
-0.518753112030221	0.498672250566921
-0.510395751096544	0.457976707873332
-0.252974536526994	0.203287052328415
-0.500183219270712	0.41601862452228
-0.852648096435657	0.785782555930775
1.04407762784839	0.753951679336125
-0.938919602641575	0.734277294146734
0.0856766271852479	0.0467288268596743
1.04443859417144	0.754332078234377
-0.422428119128095	0.236719234912365
-0.686906702044741	0.508417242046547
-0.0489013694262602	0.0266701962197787
-0.573082641337609	0.392110428954273
0.0858484266526765	0.04681806473566
-0.934033060062842	0.913903875523373
-1.4018611620366	1.05052725349862
-0.581489923647832	0.516289087537008
-0.686762524177882	0.508259419397331
-0.801742222533774	0.848030929183181
-1.70901038225471	1.86272150696765
-0.981531230010308	0.891343802585796
-1.14280493815631	1.02084195360638
-0.571743456153145	0.312557694105377
0.6070937235966	0.368145307451031
-0.391957975436554	0.191620519285313
-2.10727742655476	0.3785967871456
-2.10727742655476	0.3785967871456
-0.235158418201194	0.13785025037124
-0.792080298783546	0.630530345816743
1.47069309243724	1.75625356964095
0.0857166974560899	0.0467505479059537
-0.358299856093958	0.22963303948097
-0.235343085069702	0.137969584760359
0.11627031625817	0.0681082454094151
-0.358601625161616	0.230018412531975
0.711730166768591	0.546202489300631
-0.175358632943223	0.154498798329635
-0.202632050777103	0.19003280571302
-0.638832541705623	0.764219793324189
-0.674792889721164	0.545690657241514
-0.265528231091648	0.194101021679468
-0.314905683790335	0.180488007236133
-0.265442027789063	0.194004074913417
-0.119386451613774	0.0729635647159714
0.0289295329639315	0.017156171874967
-0.824964638019071	0.599304485288219
-0.00462697564859522	0.00214403876152766
-0.217521006706289	0.161161575860771
-0.939064223681972	0.734584867529678
-0.732378467286876	0.441435638108329
-0.00469172861944419	0.00217379346282996
0.163246560806056	0.108532388544128
0.286416693814867	0.211645171973911
-1.04424346658303	0.87433303486305
-0.791801495132781	0.63038238662287
0.917305485294015	0.884519673248624
0.178365943430811	0.0878830044448233
0.250605830440359	0.15518710398705
-0.571618661584741	0.312525279780433
0.56422737419145	0.389555636326398
0.0478678062535957	0.0241529007811321
-1.96467671705873	0.956602614744049
-0.967928406766678	0.566690436445225
-0.00855081732767539	0.00281333836665934
0.128382892136535	0.0569893614731727
0.276528860013888	0.193418045680985
-0.212409961946939	0.172234914853819
-0.897408029722432	0.940192360461248
-0.0517700081327643	0.0497713325044425
-0.117507304220583	0.125194317528392
0.0852304633754955	0.082641211905916
-0.0463317589028077	0.0471901350795638
-0.038719666426575	0.0414492014242926
-0.351471745517857	0.467505407015819
-0.546203686258579	0.752442309624972
0.152374019828178	0.163116333195512
-0.729623647421108	0.997116628552297
0.126713819852331	0.138813129456593
0.0508626522369345	0.0490258386785002
-0.024396280238477	0.0206586095071959
0.221550584680624	0.225928480566865
-0.282308673696907	0.244280557502124
-0.44447451554976	0.51114618244717
-0.237125393962495	0.276756543933467
-0.314068719553695	0.400340876864615
-0.885351463093242	1.46407542855669
-0.585311680844747	0.770589321417515
-0.690465578751265	0.864290605369675
-0.298992997101124	0.237814501772248
1.03214221452611	0.911241377499726
-0.351930081540779	0.276630397745374
0.123556525970185	0.0917993083693391
-0.0439822777933722	0.0370652674879569
0.806932191468483	0.875913064305985
0.142080020952605	0.0888683874079472
-0.938971978520868	0.734455823851989
0.177985321091931	0.0876861600088744
-0.877234030673162	0.57722347245481
-0.517513875524486	0.178911161319999
-0.358443927278773	0.229868386699299
1.21238000227573	0.971369902993594
-0.119758944885517	0.0731908848058863
2.04449002660488	1.91531944889446
-0.00898964020268047	0.0029539361524627
-4.45004713937615	1.84385583485808
0.100402960718665	0.0817303274157741
-0.868148040591478	0.967444778868581
1.14997989423102	1.42982404312891
0.181334204038304	0.127634841216278
-0.131164345483986	0.0901048674294726
0.769783628750618	0.713437624154362
-0.568389692176955	0.349947502221805
0.181313675255168	0.127612911033939
0.564422049407264	0.389700830190336
-0.167792228123067	0.0869736387408147
-0.078041142943296	0.0602042623135805
0.0856233454204546	0.0466818416773627
0.181662491425168	0.127841681966317
-0.472024518616386	0.329044883502682
0.0855841566218966	0.0466768866551627
1.11237126320517	0.937446712499808
0.0856504615516148	0.0467163223346054
0.6355202846843	0.564836165632304
0.398667618958224	0.276904598251902
-1.70858581438914	1.86150040887441
-0.449333833281535	0.406974819157959
-1.04443849416344	0.874753778962291
0.058399910005269	0.0368930739841914
-0.00638929513398506	0.00356739098780242
-0.285043981003217	0.18633542576247
-1.01109555758862	1.04617630445201
-0.766228414967052	0.662815534712448
-1.51151154262208	0.927724141804404
0.387511878551028	0.203703880087379
-0.327335550717987	0.129625546394617
-0.579090117832204	0.267455039000505
-0.104844951344196	0.0291451841025915
-0.391002399874461	0.190948408132533
-1.27063082055851	0.885275144897396
-0.00477832280722481	0.00221735527016294
-0.184515486374521	0.0791276552318126
0.211857686193715	0.113839275081236
-0.105015388977172	0.0291873412061693
-0.788455095258988	0.414291169728785
-0.167852880383599	0.0870058064419345
-0.576956172384241	0.434247580911962
-1.06735762760521	1.02896241203675
-0.395547505230136	0.361127138517612
-0.358601625161616	0.230018412531975
-0.326000891029386	0.279687660408163
-0.500183219270712	0.41601862452228
-0.322117960194991	0.23199093386192
-0.579296535169985	0.475401577626035
-1.08412555600902	1.18370102376939
-0.390034580013	0.276356524288878
0.533134611908103	0.410958862717587
0.711928262731637	0.546541091843573
-0.285234469888592	0.186450253083741
-0.100427730451234	0.0533968200283202
-0.665502969254937	0.58368145739329
-0.315004694077924	0.180516228112622
-0.487635606562525	0.372739875622519
0.522201044076389	0.42367603867683
-0.889933464924159	0.758398727133385
-0.389929969887617	0.276359669549728
-0.389982968519614	0.276402027316149
0.29460400870286	0.229088037995619
0.0858222138874829	0.0468112400675287
-0.0789466320583325	0.0354412383139809
0.211903911998709	0.113847022197123
-0.422363725502875	0.236700130314835
0.806759448845837	0.875386003690788
0.564527007533226	0.389626198991062
0.116451858679516	0.0682159522077023
-0.119409472156664	0.0729300534227106
-0.284515699910897	0.330624275869195
-0.0228478215268428	0.0207470667694822
0.10663569316532	0.11003204841594
-0.117544753686161	0.125237987302052
-0.486612947702294	0.558378478400336
-0.444392589709801	0.614771682320041
-0.461234613865256	0.716678703973959
0.642569332912076	0.929254521513328
0.0700338458734566	0.0592491508453951
-0.498822740973067	0.630079080169424
-0.424070404586131	0.438455333985693
-0.818970068391718	1.21177216896919
-0.831763868551931	1.37860455165798
-0.267623941212168	0.341809672233516
-0.0521275569897462	0.0405545159922933
-0.225553828662921	0.288160882818784
-0.620902905050989	1.03547685401902
-0.305842154231817	0.282951463339309
-0.0628036961608441	0.0443159983603137
-0.212836679013103	0.172663612798765
-1.00952368242225	0.719592912783372
-0.852645204396027	0.785905962761285
-0.843738401867364	0.995273293191953
-0.665688708207868	0.583903474694665
-0.351995588476625	0.276684378744971
-0.235475303257102	0.138083428952403
-0.788222961863263	0.414264406349458
-0.579090117832204	0.267455039000505
1.05637042484898	0.549937742703155
0.95671106671777	0.345047173325076
-0.327231183041061	0.129525284241862
-1.11469959880058	0.540907832368884
-0.104360815899979	0.0290077066781166
-0.433315405412224	0.36468529227267
1.15037020306817	0.774437355317741
0.365691013165346	0.150286033986656
-0.00846262185640431	0.00278126286689462
0.0287463510235572	0.0170388036066252
-0.235475303257102	0.138083428952403
0.968702831497773	0.894775455345156
-0.0488089875965929	0.0266177615123385
0.513036078910058	0.436731145826188
0.929643518511942	1.0458337869089
0.635838531125715	0.565054398802552
-0.85258218567443	0.785881930049397
-0.167806752329096	0.0869693039478201
0.178647471174659	0.0880725942603887
0.522441885682082	0.423905445396472
-0.510594944841178	0.458210310992055
-0.701931635787829	0.4711048335323
-0.939050965893036	0.734553872901206
0.142133049799469	0.0889005170529464
-0.449291807985751	0.282223037623439
0.53314845932752	0.411062687777545
-0.471889598542531	0.328852772332922
-0.327546345457555	0.129698049658362
-0.235290503145764	0.137949646882033
-0.967208058717088	1.06808061328527
-0.314974334266225	0.180517382779914
0.286504419689958	0.211703732844714
-0.235554617857959	0.138124741028281
-0.572990344273574	0.39206853349588
-0.314883095294388	0.18046152778602
-2.19317773508491	1.21121855507647
-0.877107195262802	0.577129826927392
0.128496054262865	0.0570471936487537
0.396111062600139	0.226300322457463
-0.846996344736511	0.352712982272515
-0.701969859027272	0.471086554526434
-0.1843733468576	0.0790649086662853
0.852752358645311	0.546638913003178
-1.32949835504126	0.73284027733314
-0.26007708425706	0.131229093076941
0.972278615153322	1.05395389799069
0.838410208480681	0.876799658899346
-1.40173442052821	1.48392626608307
-0.783103821624906	0.879408976519987
-0.217496910387678	0.16115931261989
-0.28518786639213	0.186434024764144
0.264755643837087	0.174602748105253
1.06386990070188	1.23840753304936
-0.285257771144161	0.186435275324257
-0.167677774336158	0.0868939558902765
-1.0095768799932	0.719341383679869
-0.422449318801549	0.236728116220036
-0.389904182000159	0.276324804610237
-0.581489923647832	0.516289087537008
-0.321950876741714	0.231774784837319
-0.31484487118018	0.180441066493249
0.0288796510816256	0.0171220029416784
-0.579296535169985	0.475401577626035
0.11627031625817	0.0681082454094151
-0.1738760053631	0.117653995479651
-0.260091421572386	0.131224118624742
1.04443859417144	0.754332078234377
1.36854538787763	1.36383440668015
1.11267119574035	0.937387568080163
-0.852667159015211	0.785951560164861
1.51256029730163	1.2627409392019
0.769783628750618	0.713437624154362
-0.389823995955751	0.276239675249137
-1.00947009883375	0.719304676003473
-0.543312972120005	0.716545160252587
-0.112442000887516	0.11350074193057
-0.241742446554599	0.267930443029989
-0.256203241277569	0.253787113773744
0.864827980416434	1.49378509160816
-0.384491844273414	0.46600053997672
-0.175633050551436	0.154788340760942
-0.902322239410523	1.27820626461245
-0.342757008055361	0.356843829032782
0.155638860414166	0.126796720606508
0.90990511322807	1.95057569187411
0.474842641342866	0.527881714407126
0.952636515323237	1.5138875543207
-0.510329386276558	0.457867156273122
0.029009781927305	0.0172044213737388
0.0615396189200832	0.0238160009844623
-0.687064500707962	0.508409645966285
1.05094090372372	1.38974509840069
0.832988840586588	1.19159295097399
0.301431028422242	0.245728277307987
-1.62761009945613	1.68741619560761
0.178394582455224	0.0879597751455033
-0.516625938445608	0.17859542475739
0.852871940568314	0.546825607663817
0.128731299422086	0.0571633654848292
0.0617712952826897	0.0239168790122259
-0.224416920480156	0.149326489856746
-0.516625938445608	0.17859542475739
0.403377677871532	0.139736809774786
1.5280498006965	1.06661312252924
-0.674686969629508	0.545493532457957
-0.28498370230448	0.186287806202676
-0.176006165815773	0.131975979136295
0.105023270047408	0.0742206880888144
-0.285141261563713	0.186367441200295
0.181264213319232	0.127547533520932
-0.321967174452812	0.231740683323068
-0.00825098414165935	0.00531839236576663
0.398952751279318	0.261019310889639
0.163457954905026	0.108715810889068
-0.579419923246672	0.4753768250651
-0.577002826250074	0.434347034870591
0.497349454550383	0.461879062046642
0.546526594850297	0.399007543305334
-0.235422297435303	0.138023944040312
0.584866281079793	0.379894017023971
0.234112079861019	0.135489192248169
-0.573135403447075	0.392220170007954
0.0292504992100381	0.0173398588791923
-0.939129990442434	0.734614739532522
0.0858222138874829	0.0468112400675287
-0.0487300164360545	0.0265724014795389
-0.422320612835452	0.236661180017005
-0.173939041290908	0.117697673411669
-0.390034580013	0.276356524288878
-1.13151235160817	0.867711109736061
-1.35563614408753	0.474557097061527
-0.391603095504156	0.191462066890932
-0.0788395206722486	0.0353837508560663
-0.391611384485079	0.191440763997525
-0.849597513992659	0.354101235493265
-1.74081565975538	1.57532059901237
-0.967920770914226	0.56691647468837
0.365796592364056	0.150347828566248
0.0616411970429332	0.0238594640581304
0.671683450052401	0.334892644976188
-0.968160264279937	0.567066206054291
-0.0627375529582938	0.0442656618107091
-1.93138823677143	1.94709616371506
0.11627031625817	0.0681082454094151
0.917441380007933	0.884357271422964
1.26029123487348	1.96722740762584
0.301477486770009	0.245770756270195
-0.224309396879475	0.149251198329982
-0.235237583424851	0.13791980571296
-0.471926829276133	0.328942702328004
-0.285057658550057	0.186279009561093
-0.119360655922449	0.072933055218904
-0.674738461858098	0.545560938008652
-0.41360484154304	0.320683246842941
-0.577173885258921	0.434233227850007
-0.284960393323697	0.186248011498073
0.963348709357882	0.736369859733682
-0.10062225280412	0.0535115969827204
1.05637163360447	0.549884852122293
0.898429094995836	0.72345739395091
-0.674818648861795	0.545711507796161
-0.579148582871039	0.475205392066826
0.116330839643921	0.0681472868212352
-0.224389641716655	0.149312226642465
-0.11739963265044	0.12505804233309
-0.276962177282965	0.29005093221923
-0.389408936211525	0.625267837559942
0.0596072367355378	0.0540435256160825
0.268414465434365	0.343420695452557
-0.906381495735048	1.77004927996696
-0.154884538219592	0.164289634376401
-0.00382148107677791	0.00390133777314116
-0.187391360356834	0.239184320264237
-0.259999122459466	0.373179312096135
0.0200731137330209	0.0192353822424399
-0.436407412898406	0.578572619804611
-0.584880775809619	0.735901296510564
-0.854149412939681	1.16175528824208
-0.295264193663737	0.325873411867665
0.305145354235726	0.382938013794734
0.0344604020902913	0.0268432799672991
-0.326292073966743	0.397070469685909
-0.525103121666103	0.53776603344622
-0.167784410327834	0.086973154849
-0.48776714051348	0.372911243742093
-0.0345166891399515	0.0246353687525861
-0.861628221863444	1.32325359422514
-1.14874187860045	1.17157740952114
0.504371351985786	0.449082637438972
0.0480198670500548	0.0242140580687189
-0.391724305318784	0.191524028484181
0.968717149932619	0.894833241968667
0.373043018200174	0.176196842081039
-0.285257771144161	0.186435275324257
-0.00866762541139504	0.00285038216826518
0.852603356643729	0.546367286270961
0.0834213626748523	0.0558700760786796
1.52772243101706	1.06654333577132
0.366006846139723	0.150375338743401
-0.579162162837228	0.267406238343768
-0.00851306069175468	0.00548496563254253
-0.176673524872822	0.144533156049907
-0.224335078077715	0.149257804118276
1.51256029730163	1.2627409392019
-0.285007010964892	0.186314582604357
-0.825224295078979	0.599634201404957
-0.0491252265273127	0.0267874972840311
0.399728693730097	0.24533491213199
-0.10061457138053	0.053506852680468
-0.0393119754570009	0.0249293922867717
0.399587112669457	0.309611469101884
0.234365554688673	0.135606717924876
-0.413859635214476	0.320987506150472
0.917304220097801	0.884348888839568
0.181375246212359	0.127661746302116
0.769648842025146	0.713134344128434
-0.348371602808728	0.320323942488305
0.533259718385376	0.411057269264083
-1.74054990732729	1.57524358635527
-1.11480389157877	0.541093044086259
0.765221229893607	0.331833236925771
-0.406536039818103	0.0912270232471427
0.440742619385608	0.120469713008539
-1.1143440462202	0.540707013154826
-1.32923129610163	0.732528030362833
0.765748574968654	0.332008986763764
-0.84751494297264	0.353113627072122
0.387443934982169	0.203677658568846
0.44013533532887	0.120310143303148
1.59531981162322	0.85527743277059
-0.13125411578234	0.0901920485429825
-2.37557132135648	2.2964476189274
-1.34530158632241	1.7719099457178
-1.92796112064593	2.88036309486203
-1.10664620424317	1.48394251741134
0.917438811743989	0.884725847367179
0.564234976882592	0.389578962842842
-0.576905701247131	0.434174829667432
-0.25327537508775	0.203569327142878
-0.510462132487012	0.45806999770445
-0.801635430468389	0.847866999017909
-0.390063176806021	0.276452098473583
-0.351888792682056	0.276612510429749
-0.0488089875965929	0.0266177615123385
-0.173939041290908	0.117697673411669
0.163501719768619	0.108748360137995
-0.472108155766521	0.32911275292109
-0.981504005262713	0.891238633380212
-0.242554245580445	0.211269372903469
-0.00631941653578134	0.00352696091537381
-1.27032283110676	0.884788987516767
-0.449559643029099	0.282553005776485
0.163438542313277	0.108699687883226
-1.06772956796868	1.0297201300256
-0.314936050194936	0.180496880170545
-0.0762071447781161	0.0683525167435506
0.0790034056732384	0.088181676224896
-0.21109372074129	0.258346919044772
-0.371778524936139	0.615563934198598
0.00655810583415703	0.00741741559793011
-0.152407530711728	0.19404757020567
-0.0775326192147772	0.0786483769291847
-0.112613820480517	0.113671885138241
0.0205438818189093	0.019690932242186
-0.529786023503022	0.574769192703311
-0.587054173338558	0.876441588236467
-0.139310892450248	0.163311340609647
-0.293152714609665	0.480614307559662
0.0767860593747041	0.0904216289619876
-0.620902905050989	1.03547685401902
-0.395417753518058	0.569996900029201
-0.551195654054336	0.82385430746163
-0.822734058875889	1.02256539831459
-0.197894348914175	0.208926816132965
0.0728603216989401	0.0683483129699752
-0.231660999306681	0.283427858200266
-0.413130019167957	0.664112562136521
0.589511000832046	0.992187003606959
0.845913474208575	0.71496687423092
0.717978141430208	0.887436662950177
-0.357916025105079	0.392846309095917
-0.242060030141802	0.268416444747886
-0.0765895523287663	0.0687026052604556
-0.71988440587035	0.767705696631912
-0.66543688305179	0.583637167488515
-0.968272243637976	0.567172585007472
-0.0761164605046595	0.0474209476110106
0.765953398420328	0.332013285790487
-0.207332111158739	0.181686558366033
0.399320966654503	0.34043004569733
-0.119439450446503	0.0730048395536886
-0.0489670362588258	0.0267049448325151
-0.634913608440256	0.797222764842826
0.750730708390523	0.546206964542419
-1.24526456840118	1.02188427870886
-0.391949865486702	0.191579791283879
-0.579170559296308	0.475220785916367
-0.0489013694262602	0.0266701962197787
-0.391498369660419	0.191308871920891
-1.35077156441332	1.18217148426361
-0.00887297177040951	0.00291884997088316
1.1124541585777	0.937564150996836
-0.00761497811460606	0.00250433676554653
-0.568511406865005	0.350173903370174
-0.70190117287605	0.471095771394012
0.105035463613847	0.074218591685277
0.399288969240364	0.355377886242979
-0.0395500459007253	0.0250801320019376
-0.144342296426494	0.118939532701684
-0.472047704335293	0.329071112036136
-0.852349288009027	0.785294072502758
-0.322433517925565	0.232180142644564
-0.852708246520331	0.785897774579404
-1.11480389157877	0.541093044086259
-0.407047340101398	0.0913266870047607
-0.104530837627992	0.0290497664010843
1.29007573135185	0.361162560899904
-0.104360815899979	0.0290077066781166
0.365691013165346	0.150286033986656
-1.11409385166674	0.540651439280993
-0.578888964602768	0.267273812440574
-0.732192865670734	0.441473163114747
-0.516877128372687	0.178641872315134
1.31729408016793	0.590203599966043
-1.3293741599723	0.732677246408085
-0.579274580544113	0.475386205460311
-0.265696734324441	0.194168599906118
-0.21747622332068	0.161139158750961
-0.766520318870356	0.663134379752832
0.0634895538775778	0.0472353794932167
-0.782959530613493	0.878955584220695
-0.76649467821567	0.663121538181514
-0.389876979031048	0.276305805054114
-0.414108739961493	0.321191938612219
-0.298972855797397	0.237791115055507
-0.674738461858098	0.545560938008652
-0.583968061053277	0.556733545318648
0.399567666730592	0.309608506043698
-0.653627537113939	0.66014633040848
-1.28447312826739	1.61964639166948
0.0479061058216731	0.0241734985376833
0.0832489773806404	0.0557374154173449
0.893164385646384	1.03945172403695
1.86185415955911	2.56856514284162
0.0856766271852479	0.0467288268596743
0.181375246212359	0.127661746302116
-1.23443635671088	1.17047509799713
-0.413793633721842	0.320969820892725
-1.22086040223747	1.47085501275006
0.584789793668832	0.379972034303177
0.845860264717128	0.715059134269568
0.211849784137663	0.11382783840282
-0.568481019853327	0.350153375981782
-0.0840834092470284	0.0898724233579424
-0.351324242419201	0.467331941029525
0.0329505922469279	0.0325920115888937
0.160503164832539	0.212178707253979
0.589588685380506	0.992282972269766
0.870136866266964	1.79352101732127
-0.138131468262903	0.168918303160087
0.0848215089182878	0.0822248153876108
0.0830385480517033	0.0646762260480372
0.28992496132959	0.326173430891997
0.00665681336951282	0.0061760129597026
-0.38465484052555	0.466374856084999
-0.290450265359812	0.370802459622505
-0.0681595298546282	0.0729004288703824
-0.242345372606327	0.370955380573675
-0.175292750501679	0.205318547428114
0.245970914917515	0.370853761730761
-0.625727288397782	0.932747632268021
-0.325253970702065	0.358117017908255
0.353633648757388	0.458618208284651
-0.406621611846371	0.468731037823877
-0.0516150899770865	0.0496180877935185
0.263203337897289	0.327920014249029
0.403829888834146	0.500634078202207
0.123458078786281	0.0917309319304603
0.735632461330569	0.881939579689503
0.18537006064487	0.245785423173602
-0.215453859844117	0.251751472637142
0.193786943689921	0.178183847950349
-0.525108502899817	0.537790783926574
0.294755810663967	0.229188035861915
0.399591436244457	0.245265409014508
0.846097603943538	0.715130101138898
-0.449633490948602	0.282605167831363
-0.00866762541139504	0.00285038216826518
-0.0762042704569258	0.0683471931295856
-1.14889284947374	1.17269849127263
-0.0629304825227409	0.0444087660735971
-0.26050123433033	0.131519082409796
-0.149857901312294	0.141580721354136
0.399523941949888	0.309549797669524
0.852952818714724	0.546952016374648
-0.877149112430242	0.577216000555005
-0.583795009785311	0.55671016997845
-0.276565444402691	0.289543641522332
-0.686972146703775	0.50843016111244
-0.422470428841596	0.236720676316415
-0.391724305318784	0.191524028484181
-0.18463738170786	0.0791607990119409
-0.176230991192954	0.132155992755904
-0.648764076260156	0.69653043534582
-0.643699948044001	0.731077614198672
-0.00917765366808915	0.00661760987460806
-0.653541070013212	0.660076529122411
-3.87503061007077	1.20658143667459
-1.96467671705873	0.956602614744049
-0.516625938445608	0.17859542475739
-0.517262058968037	0.178864495866734
-0.406653408801407	0.0912540543799087
1.29047191149383	0.361322640689658
0.449482770198073	0.0873321855854351
-2.10706742962015	0.378548652882402
0.449356737420673	0.0873001538306624
0.0618149550089233	0.0239347187925616
-2.1932789588964	1.21117205627218
0.449356737420673	0.0873001538306624
1.14990698215722	0.773998601930091
-0.104844951344196	0.0291451841025915
-1.35626224425971	0.474875835650706
-1.51162895510891	0.92774969099266
-0.573029878753656	0.39203480139103
-0.376184178106449	0.319890001238324
-0.791885092082105	0.630573386077958
-0.843876074980379	0.995517880538006
-0.487581032377036	0.372727958048912
-0.413878595132534	0.321065353400636
-0.747071538984321	0.697751766608455
-0.897321981337297	0.940062642864547
-0.766388829064612	0.663040642355053
-0.21747622332068	0.161139158750961
-0.824187426761161	0.816606642247111
-0.433315405412224	0.36468529227267
-0.85258218567443	0.785881930049397
-0.0489937644034561	0.0267199564240236
-0.471653157837256	0.485507983448017
-0.0946321150832073	0.0659303489836642
0.399523941949888	0.309549797669524
-0.265331425625766	0.193898436806191
-0.578937758046618	0.47470957159387
0.398713891522661	0.276963185861334
-0.658942737126193	0.622376934191527
1.46237997890767	1.92572118863645
-0.284946743038968	0.186258778585444
0.632160133035675	0.352652701983811
0.497176170399837	0.461686114752281
0.398939685964909	0.260998562871579
0.3132772866988	0.27840878870001
-0.094519225869103	0.0658539833534451
-0.10061457138053	0.053506852680468
0.76959729993245	0.713177830099595
-0.766574907106478	0.663033619029199
-0.487581032377036	0.372727958048912
0.584781816253386	0.379967818774411
-0.0487568225975182	0.0265874476193196
-1.54132327870469	1.51567162543869
-0.300682259660989	0.432723087692284
-0.32511406071965	0.357918952509845
-0.175073459039736	0.204990880059512
-0.524541496917077	1.04786368044466
0.784537756900135	2.22269633669356
0.0450088284475202	0.0459238097785346
-0.105516553994661	0.123564403901119
0.0216113404229621	0.0232526571514795
-0.00715337230466051	0.0069295411447499
0.400539276377806	0.400530750292533
-0.207384860584102	0.181775694364755
-0.625752427750035	0.932730759438112
-0.0387072210255908	0.0467781385534211
-0.177757543502535	0.244112572982174
-0.189360692857263	0.269516894297362
-0.117549455510819	0.125228876366079
-0.39467866293839	0.432416548989307
-0.381356979818389	0.395769459879083
-0.056720863020803	0.0510780959745906
0.0424539004200372	0.03008432465665
-0.322751122515253	0.464846144235302
-0.242448934286227	0.371116368958179
-0.0697615402184188	0.0910175778323578
-0.389795358181789	0.276125711121165
-0.546203686258579	0.752442309624972
-0.0539437872957361	0.0677163331272766
0.365757182098633	0.547965388325323
-0.679826543185781	1.25149850700238
-0.13980099327149	0.105977883175518
0.644631909032379	0.746294008908715
0.399587112669457	0.309611469101884
0.209819033308208	0.163318979126519
0.955911405657352	0.344573880945257
-0.732021846522536	0.441299012127764
1.21174357570725	1.45614804715158
0.372828104257578	0.176187601416706
0.736401904401456	1.04731749457333
-0.176668133923643	0.144531268883594
-0.579381506779687	0.475441032582408
0.833292209629135	1.03352059830306
-0.174934616283166	0.174958959352797
-0.0760339718572247	0.0473650341811024
0.750745284981443	0.546232890910934
-0.167852880383599	0.0870058064419345
-0.498913963715549	0.630174752719556
-0.351778466969887	0.276492787768648
-1.00960724628834	0.719199401490895
0.929003379570485	0.54534639567847
-0.731958339276255	0.441230120289073
-0.788222961863263	0.414264406349458
-0.516375129736063	0.178441001382876
-0.0437364503152073	0.0368569897869382
0.155754839107828	0.126900589669782
-0.583887026176519	0.556730295248639
-0.394439520919979	0.431642125208122
-0.500142036551076	0.415930998019855
-1.35610128709322	0.474818712797072
0.956396713452994	0.344907057276545
-0.517262058968037	0.178864495866734
0.44013533532887	0.120310143303148
0.956369823472279	0.34477098044816
0.44905816517692	0.0872417415102285
-0.406653408801407	0.0912540543799087
0.403377677871532	0.139736809774786
-0.406653408801407	0.0912540543799087
1.80554775261157	0.656236220945208
0.403887011029617	0.139900753756777
0.956396713452994	0.344907057276545
0.606826204302058	0.368017845521227
-2.68358850192098	1.94069726217634
-0.100427730451234	0.0533968200283202
-0.32733529210431	0.129585538245281
-0.235462187373492	0.138072780517714
-1.22566744203066	1.3190806064957
-0.217214620217507	0.160883332934616
-0.326152766755529	0.279856809596951
-0.146848298895316	0.130029870982487
-0.282143597112904	0.244139392478535
-0.0759876589295289	0.0473363443603622
-0.217631356968837	0.161210253196458
0.0185872421154951	0.0125071736730892
-0.171793801836589	0.102951867486592
-0.708906064590303	0.801087862695575
-0.265618468647607	0.194114942413476
-0.217279988244725	0.16095610036151
0.116353991523378	0.0681564763741826
-0.322244113029841	0.232093565796801
-0.139728540457028	0.10590325876167
-0.585111862773407	0.770221038486755
-1.1065303757575	1.48358326895773
-0.342757008055361	0.356843829032782
-0.0627646013247002	0.0442821031290845
-0.0627172119943085	0.0442519005246114
-0.351974952412634	0.276683503833317
-0.719840930681145	0.767629011155119
0.0289295329639315	0.017156171874967
0.399726141222678	0.385221715079767
0.104896410612126	0.0741403678084016
0.533222644573356	0.411110517018407
-0.131233499060858	0.0901795833894835
-0.282115228415066	0.243999399287978
0.0422948394581713	0.029970376284185
-0.674844414490949	0.545661184705511
-0.44444901366097	0.511110956847875
0.313494393708608	0.278606636538112
0.029009781927305	0.0172044213737388
-0.653342859221575	0.659805941212877
0.399694028346507	0.309716645373078
1.04407762784839	0.753951679336125
-0.568481019853327	0.350153375981782
-0.572963935477394	0.392030574725598
-0.311365530591917	0.36115809525637
-0.222124576825115	0.233903146464293
0.328842599901808	0.580490140305811
0.0335438607083713	0.0371736099810343
-0.0173699253275477	0.0177288516200988
0.122864257973831	0.119764245429652
0.106890969572951	0.11032398983647
0.35174902055068	0.444602093639933
0.401399223520908	0.415812060223692
0.0828544402938326	0.0645519664797194
-0.107483936228961	0.0822896283358165
-0.713330104425832	1.0592117337181
-0.267714990808324	0.296183506048098
-0.849413345532191	2.30787334119744
0.232378393407251	0.295621408111161
-0.309259095377739	0.461114377449515
-0.414900705080744	0.574137002314366
-0.294987239792869	0.325447581652075
-0.242201661926747	0.268629186613388
-0.305692691059387	0.282741929342725
-0.175048970471088	0.175093309039839
-0.135839503043418	0.144478014845006
-0.085906312297217	0.0820104224845254
0.551036262033133	1.20998347639972
0.128528866839877	0.164914859988882
-0.417500344538885	0.693876030550526
-0.576979499479811	0.434315794257747
-0.267777540931188	0.248990992220438
0.183358077827749	0.261130415397691
-0.0042977145313461	0.00439258119099332
-0.415045909576815	0.574272024522906
0.104803542598716	0.0740606772120314
-0.74698538174706	0.697663368297709
-0.175985918182125	0.131965687487415
-0.583509843385899	0.556277697290018
-0.184505553212383	0.0791373504854963
0.18152721235634	0.127766383065718
-3.87503061007077	1.20658143667459
-0.311454717771027	0.361341434335991
-0.0889943685146076	0.0742173727169593
0.23420176261692	0.135550725555505
0.264403004943965	0.174207886374903
0.133670781624656	0.134625602999934
0.294780158777218	0.229201107003145
0.681171948846945	0.550519576410294
-0.571737584667295	0.312608565413617
-0.948839630464722	1.39695198952935
-1.6695469232339	1.12011219098742
-1.2708914783869	0.8851051120351
-0.579047233084989	0.267435837190726
-0.282180228671685	0.244118519372491
-0.00914979771237941	0.0065976301067941
-1.08423236079043	1.18366610938203
-0.471950019674365	0.328941989211809
-1.1600929642858	1.62023814124377
-0.848554588996423	0.353709685597233
-0.105015388977172	0.0291873412061693
0.44025009120492	0.120379994939149
-2.10706742962015	0.378548652882402
0.440513946717843	0.120393291309023
-0.406653408801407	0.0912540543799087
0.449482770198073	0.0873321855854351
3.96468442127274	1.35922276844108
-0.0091951964681284	0.00302330471275721
0.40402043752692	0.139945751112398
-0.104844951344196	0.0291451841025915
1.05647678982563	0.549758738961787
-0.103708004302289	0.0288061650208548
-3.48240509937676	0.919800644574475
-1.6857313628121	0.703085363193652
-1.1143440462202	0.540707013154826
0.211819494672195	0.113810815709731
0.67150962292298	0.334766898185218
2.17530130888176	0.972804016432564
-0.0789466320583325	0.0354412383139809
0.740577541090946	0.716210224109516
-1.22057498054956	1.4705593560294
-0.25306100751911	0.203389159680727
-1.08423540308357	1.18403381258987
-0.253122074576241	0.203413827572537
-0.581576029669709	0.516395757903959
-0.631856426092033	0.830414559315325
0.11649817235391	0.0682301834161441
-0.171877447008978	0.10300836389379
0.680943996995515	0.550213767822116
-0.305564008918304	0.282467760550378
-0.00829581607007071	0.00534680217442291
-0.265503777162	0.194082390085672
0.0832489773806404	0.0557374154173449
0.0187660049344994	0.0126268624467797
0.402322528923588	0.430947879951983
0.40146492641399	0.415866871925656
0.14357517932258	0.131443400278934
0.968581655180336	0.894400703459376
-0.094585719883577	0.0659031201935779
0.0291173019445393	0.017266599974287
-0.00833713011532937	0.00537350785301406
0.0423814853970688	0.0300328030402259
-0.139656557700823	0.10584909883036
-0.253253479677255	0.203569659989082
1.48119490539631	1.5898158849499
0.490921211440048	0.474135464856521
0.181465589387316	0.127734472251748
0.635544469288338	0.564969109409345
-0.433205412351035	0.364538367085565
-0.100338222506225	0.053341678800295
-0.376316793960035	0.319978706555717
-0.139692590234455	0.105897572019939
-0.00464881905447431	0.0021552090576274
-0.732114848484512	0.441422043241892
1.05647581657117	0.549811713656465
0.399728693730097	0.24533491213199
-0.7322707246791	0.441490978820015
-0.00473520578037929	0.00219591531042473
0.116330839643921	0.0681472868212352
-0.235171593301652	0.137850724253849
-0.577109715356513	0.434343995222223
-0.510488193751867	0.458138192503648
-0.615951384991908	1.09850411740207
0.170266810218648	0.214469030530016
0.350129370935253	0.431113772961706
0.691499191897373	1.22620935855528
0.106188392831112	0.11910446923448
-0.245805644937761	0.313888062654416
-0.0578907157349224	0.0648369372649343
-0.26989125577969	0.373688392291157
0.106197246765957	0.119116612256665
-0.302535022776525	0.402803791278774
-0.253265796624606	0.309544388913376
-0.351461933568583	0.467502952745413
0.353633648757388	0.458618208284651
-0.267161171599785	0.295380240231357
-0.211016340077721	0.258254678213078
-0.0901990005603044	0.105568765858519
-0.548825579549513	0.788245821869389
0.184893491716794	0.221691197504268
0.0768356488293256	0.0904730675034647
-0.284596308842172	0.330785644181077
0.289736851423468	0.325894733871127
-0.115117716067557	0.0954582674653051
-0.877084922463205	0.577091573709713
-0.804309373230798	1.048997570821
0.336851232893829	0.358898358793626
-0.0863044036695221	0.0824236482512832
0.0851401179998864	0.0748026618773998
0.740580175979295	0.716383544036968
-1.4016797737645	1.48399127391196
-0.579060886134685	0.267400175341313
-0.00646874946931113	0.00360810848087425
1.29007573135185	0.361162560899904
0.632046398741327	0.352597545210657
-0.968391518768341	0.567163423048126
-0.00855081732767539	0.00281333836665934
0.286482495123052	0.211703912226392
-0.0490071340311382	0.0267250488141324
0.128617894345499	0.0571115897629187
0.142131685932888	0.0889044303481582
0.533185558195406	0.411110623257971
-0.0788332563552394	0.0353882174785728
-1.96467671705873	0.956602614744049
-0.167860712017752	0.0870028481663323
0.1420256374432	0.0888443640776842
-0.0082716539685023	0.00533164399155396
-0.433208588572214	0.364507569195409
-0.571618661584741	0.312525279780433
-0.32733529210431	0.129585538245281
-2.54153628033773	1.70669422256616
-1.96467671705873	0.956602614744049
0.403632537227691	0.139839884189156
-3.48199261945285	0.919202577093156
2.59836788378482	0.565681354882139
-0.407047340101398	0.0913266870047607
-0.407047340101398	0.0913266870047607
-0.103877372062926	0.0288628201081387
-0.57896117813973	0.267319458250344
-0.00887297177040951	0.00291884997088316
0.365901442885752	0.150373308319952
1.14989847009672	0.773749047438567
0.448931724883838	0.0872096407569261
0.796564213761884	0.546476908211474
-0.848554588996423	0.353709685597233
0.387511878551028	0.203703880087379
-0.391368449200474	0.19130152788782
-0.167746238435569	0.0869469108163603
-0.686434154759917	0.507813733272985
0.211751034985314	0.113747989548702
-0.0395336251316334	0.025069488288264
-0.326109286876676	0.279850876249518
0.155461742427019	0.126626628272492
0.974057168885566	1.21077632444477
-0.144540600805019	0.119021448585036
-0.0064125873499607	0.00358029417270733
-0.413944578834918	0.321010097492682
-0.376235869976446	0.319833731121493
-0.173662103673587	0.11745574239183
-0.314883095294388	0.18046152778602
-0.235554617857959	0.138124741028281
0.163501719768619	0.108748360137995
1.28506059355487	1.4899189792874
-0.0085956018238936	0.005536586725931
-0.732021846522536	0.441299012127764
-0.0082475743883231	0.00531553212050281
-0.173621071576	0.117433649679011
-0.176811975097461	0.144652617011614
-0.0756967915431623	0.047136386380108
-0.487712563830129	0.372844245573686
0.116382389556848	0.0681657453416837
0.163309752377474	0.108589945028276
-0.0489803984799141	0.0267132188815541
-0.100517289863626	0.0534489339909363
-0.173812992051245	0.117606196781948
1.18716755032974	1.28196961925628
-0.422406153924719	0.236701653650632
-1.08434221084797	1.18416873197409
0.512654811589944	0.436390526638643
0.399542940036478	0.245217361896434
-0.413963562725887	0.321128480945109
-0.22441533242714	0.149321786982421
0.398765561606098	0.276966640430354
0.116284536468204	0.0681178066573984
-1.52279726164333	1.22119015236707
-0.877169937096785	0.577203324418684
-0.581772393937408	0.516603728381565
-0.686656780325162	0.508238057982816
0.576986240829596	0.601548200689059
-0.167830351359906	0.0869843248816228
0.0586109535655877	0.0370290854361946
0.116451858679516	0.0682159522077023
1.24626765331327	1.14619646041486
-0.572884844879185	0.391923130833835
-0.235343085069702	0.137969584760359
-1.12691507044464	0.723963263011774
-0.701801990339726	0.470952990233888
-0.171816972074702	0.102965328684015
-0.103975390643094	0.116492826363174
-0.0768847894235184	0.0934645941476672
0.123476756409283	0.120394857420405
-0.0245535638438026	0.0207913875902119
0.0685218765992106	0.0742917392141571
0.0627607837390482	0.0624290748036408
-0.21085168488081	0.257968611246613
-0.509396243252146	0.702769757305595
-0.0573092802375386	0.0516186189793301
-0.44426581215225	0.614445556313473
-0.616140463201632	1.09929853664097
-0.0390902770889863	0.041862709103556
-0.259301025353432	0.397667164964796
-0.311364519266944	0.511843758945148
0.666347071616611	1.48438897531021
0.0192609791401193	0.0195623683356477
-0.451019467827881	0.649653837534753
-0.138430201108677	0.154923505658991
-0.740403525198779	0.968655328420351
-0.294758653950761	0.324997062540168
-0.517718597077064	0.774393430725909
-0.311536078194099	0.361478764099501
0.176958470939577	0.206377658427099
-0.199384522538773	0.198720619211944
-0.475939993180736	0.657644506417367
0.681004567437001	0.550334672525007
-0.0757378547283631	0.0471733688474449
0.357529992121221	0.487206539266789
-0.211076962118094	0.258354185747601
0.403007725212865	0.445711989988689
0.399504450820885	0.309531960613471
-0.57685903938328	0.434149334010838
-0.235303642562071	0.137970517714117
1.36206119919618	1.1970941656282
2.59830808808347	0.565621890602798
-0.73228569888236	0.441519104636812
-0.167761860218221	0.0869497148664064
-0.105329780244259	0.0292757305992616
1.12043108103579	1.25766742087765
-0.119598493637038	0.0731100910843556
-0.701862955864654	0.471051609861451
-0.00477832280722481	0.00221735527016294
-1.15804361272077	1.47456660866218
-0.358561349203797	0.229976361393022
-1.8389483573547	1.75887563114924
-0.487529764568404	0.372548061716621
0.0289310925154956	0.0171575933732068
-0.21267756795132	0.172548501545212
-0.579018048486102	0.267409454362904
0.0615540730712499	0.0238263165776983
0.440628375497016	0.120463053794555
1.31575925965238	0.589174142486685
4.63412415384046	2.1998756226371
-0.84751494297264	0.353113627072122
-0.406929606498836	0.0912995639757081
-0.104530837627992	0.0290497664010843
0.449482770198073	0.0873321855854351
-2.10727742655476	0.3785967871456
1.05637106962915	0.549947620800554
0.956540565542805	0.344960841267334
0.763957208446354	0.331045765272962
-0.00866762541139504	0.00285038216826518
-0.260249986440471	0.131363174492885
2.17464629440674	0.972270730238166
-0.00940109644110474	0.00309197435180766
-0.406653408801407	0.0912540543799087
-0.104046979058593	0.0289047757466345
0.373063689449818	0.176309167899013
-1.27038470831303	0.884666905678582
-0.449827940395289	0.282731266711348
-0.981451056118932	0.891182658817562
-0.0759026080823418	0.0472767344697707
0.242384131220778	0.214998769734784
0.140559352391916	0.109498019022814
0.140255877293569	0.109221508164908
-0.643555692254839	0.731009070221673
-1.0841908394185	1.1839217961835
-0.782952171006601	0.879013066488747
0.31883623803341	0.29491969955591
-0.285174180431765	0.18641825772864
-0.347984175281869	0.31986953618776
-0.252913478381588	0.203142432031767
-0.581968961588636	0.516641817066151
0.286501692822054	0.211716469912503
-0.766441749899156	0.663094658546721
0.264802209253012	0.174630751522979
0.209977791311068	0.163495519661908
-0.322032975668386	0.231903465341743
-0.648619363898701	0.696481099561776
0.323876343130265	0.311177595444108
0.0187660049344994	0.0126268624467797
-0.880385469783115	1.30000266664127
-0.326188804154412	0.279936145025404
0.632162664145863	0.754965184976683
0.86079271707856	1.03478592110967
-0.298987002000701	0.23774791879797
-0.0628729009368754	0.0443670404114468
-0.13108178201676	0.0900649149244417
0.0586357498318336	0.0370410439031488
-0.585278150052319	0.595482448369032
1.29788011211571	1.66278562209654
0.485479491379526	0.48682146838921
0.39993604744935	0.385284637483747
-0.176098300794053	0.13206066315773
-0.0628495262319344	0.0443512997984772
-0.0626307324162304	0.0441847473161206
-0.573201430999483	0.392228605869892
-0.224309396879475	0.149251198329982
-0.235409159682121	0.13803600571538
0.250474197771112	0.155054810655465
-0.939143234552252	0.734645723530448
0.116293465720791	0.0681174351116925
-0.824770615882228	0.598736917205988
0.398797581707142	0.277035673986689
-0.119545471464112	0.0730778713492053
0.211895891785283	0.113859386997973
-0.572977137866887	0.392068629563688
-0.322181024893116	0.23204661658807
-0.80178810921416	0.848141441079779
-0.472001332696941	0.328991717662355
-0.172073122780072	0.103102295359423
0.0289053747418535	0.0171405436715424
0.0345281267619808	0.026896908865721
-0.586637185046178	0.978427810346147
-0.0685602014079132	0.0656994314056668
-0.361637381015278	0.501329704530259
-0.285665491808544	0.453924955894327
-0.906081180197553	1.76929399905818
-0.336762467351149	0.466852523875015
-0.475950847337837	0.657612490810445
-0.0861173509641402	0.0822241968251448
-0.230909085764263	0.319024080990283
0.213072605520704	0.250074710663462
-0.387350790031368	0.536740806935173
0.722222719151183	1.05218075029306
1.02307699777763	2.44785556109663
0.169119977699088	0.191762739425548
-0.30795932596844	0.321518312355535
0.203880033687879	0.19435925509828
0.169422958575472	0.144003433406443
-0.568572097465517	0.350153102769924
-0.326073243839534	0.279737705311176
0.213242572052921	0.21044133613113
0.469697327702855	0.555086542536665
0.809128598415031	1.03394982160885
-0.0064125873499607	0.00358029417270733
-0.568404782301551	0.350035267727637
-0.578945954765395	0.267273373392935
0.398952751279318	0.261019310889639
-2.10727742655476	0.3785967871456
-0.848034357080434	0.353432748047731
0.178502584419716	0.0880150507571391
0.95671106671777	0.345047173325076
-0.938985249993604	0.734486826092846
0.750828254194413	0.546393815900103
-0.391481666646295	0.191384943509599
-0.167731464486394	0.0869187079317173
-0.766816464355334	0.909529420532318
-1.0675418341879	1.02930872282752
-0.358561349203797	0.229976361393022
-0.265483188904491	0.194066813915525
-1.45967586848021	2.08495134570116
-1.63522972023997	1.39563734551123
-1.87135415761105	2.69599410295012
-0.788353018666431	0.414337941238971
-0.824883530439411	0.599049724278248
-0.00866762541139504	0.00285038216826518
0.12874862606073	0.0571671158579758
-0.260515813735499	0.131513276350311
-3.48219873584491	0.919655084022901
0.449356737420673	0.0873001538306624
-0.847314325335099	0.352888726716764
0.365691013165346	0.150286033986656
0.178394582455224	0.0879597751455033
1.15002904169146	0.774161366781223
-0.571624596727463	0.31249828110112
-0.00475680929605525	0.00220672361861251
-0.184271044593708	0.0790222441021079
-0.391490026470118	0.191378721986921
-0.579119326010413	0.267387068020036
1.24599073942208	1.14585313470885
-0.298640703920355	0.237413176098314
0.681171948846945	0.550519576410294
-0.500055744657049	0.415670461487181
0.30776471982826	0.262240146094507
0.533101929070067	0.410966339617484
-0.686683761512667	0.508174597084697
0.196571155039691	0.145799378267807
-0.10045091808691	0.0534111225538958
0.169500257396317	0.144069392506173
1.03247305276511	0.911071931077737
-0.224363956956832	0.149288353019299
0.477982279516638	0.514266254205363
-0.413837630123317	0.321003545361389
-0.0945393578382475	0.0658711107151154
-0.00709513776087523	0.0055922248877488
0.163584195930917	0.108799843938814
0.0585726739901592	0.0370012414493682
-0.766440085400675	0.663088444368722
-0.767076410530619	0.910097382491573
-0.212792929116759	0.172625070717654
-0.372159354236783	0.429995948809837
-0.85258513378082	0.785727272580979
0.318648183994018	0.294697766351073
0.1969192519714	0.146044933480753
-0.131102415469497	0.0900815453227977
-0.510381441476214	0.457938316419048
-0.173897970235959	0.117662972860727
-0.653561443121922	0.660098329044915
-1.14262392140449	1.02071657436321
-0.449110177851312	0.406703568333302
-0.391837132279878	0.191577190293029
-0.57703974245666	0.434369516798473
-1.13164982888242	0.867494853538219
-1.23426600471282	1.17027761559353
-0.868391771318661	0.967731784005976
0.399522808019211	0.245179011225327
0.564339939851966	0.389626426333852
-1.04463646342788	0.874990427387679
-0.701870683447116	0.471060482975925
-0.686722096742145	0.508273973989328
0.276795375061017	0.193600610596379
-0.70178648068378	0.470722899920714
-0.674951828177522	0.545806361158126
-0.572898061025124	0.391961181557989
0.564242568767649	0.389576900413468
0.301584228677068	0.245882268110851
-0.00637557637037879	0.00355970996600095
-0.791968693252402	0.630667165648645
-0.389904182000159	0.276324804610237
-0.358430472278739	0.229872321405079
-0.171877447008978	0.10300836389379
0.804196729548054	0.712377530199034
-0.00462762409852259	0.00214716140244468
-0.576942594038448	0.434274061427803
-1.22587415147617	1.32018118860644
-0.211015923818964	0.258272527889269
-0.155075514609733	0.164544529092563
-0.0862885337859389	0.0824027550049527
-0.0522879393440792	0.0406753632753066
-0.422939693182736	0.60970855784339
0.133451254216879	0.134383042902311
-0.276765384894833	0.289838370276692
-0.105877527346054	0.12912961354278
-0.025207273876594	0.0269900571421928
0.199641732480125	0.252595842899253
-0.475909667059961	0.657543617650035
-0.0211357202644852	0.0204270089184382
0.859131435572708	1.64130474133482
0.488635698116298	0.939467067006307
-0.0436907788739892	0.0368158454766582
0.273754362775404	0.280808994039942
-0.658636883801226	0.621899506241714
0.365690195287924	0.15027180821769
-0.390035974921079	0.276433097301495
-0.0343938622003485	0.0245416044424632
-0.131126705677178	0.0900946303692759
-0.284970053545889	0.186273402942853
0.142050123427152	0.088833895559877
0.853033866383466	0.547002647083637
1.04429371167394	0.753727567512307
-0.516877128372687	0.178641872315134
2.59836788378482	0.565681354882139
3.44549632854058	0.961689054878872
1.31729408016793	0.590203599966043
0.449482770198073	0.0873321855854351
1.03212918709089	0.911191470796257
0.632168963645606	0.352673317989728
0.0618149550089233	0.0239347187925616
-1.51116602461278	0.927694205065401
-1.06756914640479	1.02956080335463
-0.579132907592339	0.26744572765706
-4.44943194328068	1.84281496770354
-0.321950876741714	0.231774784837319
-0.094605844788756	0.0659202457636271
-0.902058982411862	1.11507205382206
-0.518753112030221	0.498672250566921
0.0584849086837611	0.0369509486462666
-0.433315405412224	0.36468529227267
0.181486135511974	0.127750720166101
-0.167822568183777	0.0869921519796813
-1.27024544152892	0.884504115044886
-2.10706742962015	0.378548652882402
-2.54175560683081	1.70697373722889
-0.7322707246791	0.441490978820015
0.372817885836604	0.176161081982385
-0.167868460607953	0.0869779879649011
0.44905816517692	0.0872417415102285
-3.87522571878201	1.20686794936312
-0.327441044350617	0.12966822779127
-0.422406829788458	0.236695706877833
-0.732129713916639	0.441387161072424
0.711876100216125	0.546394638638759
0.712114248965447	0.546486509346265
0.399045218082428	0.26107791038966
-0.104360815899979	0.0290077066781166
-0.78812077431086	0.414038094571237
0.750738002359985	0.54623867910786
-0.583621977625527	0.556466569293229
-0.868386907017763	0.967841950693089
0.715548250819828	0.720304017679708
-0.0888271869535852	0.0740570466341031
0.399274595359605	0.355360841496723
0.221561976416126	0.180602935362218
0.141945413134548	0.0887896964119642
-0.931631247085185	1.09099529213687
-0.791885092082105	0.630573386077958
-0.487553742244464	0.37268116945927
-0.282223181170317	0.244214739727755
-0.322224882148801	0.232048157503835
-2.09935335778588	2.33049640246361
0.163523595034267	0.108757021919746
-0.824146040742489	0.816512466993869
0.10529520601816	0.0743836334717711
0.140392865981144	0.109377863061901
-0.326109286876676	0.279850876249518
-0.00907787891476096	0.00654587525523139
-0.487714193016348	0.372872010913352
-0.500376181924138	0.41602376609507
0.617658785731477	0.573718074229117
-0.00475680929605525	0.00220672361861251
-0.487420605927676	0.372414142447701
-1.0111583141005	1.04627397933672
-0.23539602597155	0.138035568356171
-0.358759464822714	0.230124373095012
-0.235488423181181	0.138083855479216
-0.471964074016085	0.328988442076057
0.0854786109845643	0.0466093321343159
0.0858353222994158	0.0468161299105287
-0.351930081540779	0.276630397745374
-1.35092907110827	1.18241295811439
0.399161216342137	0.293259882473176
0.178329729181954	0.0879236922445928
-0.49998951212592	0.415758750629525
-0.235211272959703	0.137888266645417
-0.686749044698813	0.508320544769257
-0.422256203593566	0.236584739055081
-0.315035027282987	0.180503506215802
0.750842858445568	0.546344713229705
0.532897533538025	0.410453390186912
-0.449551847246755	0.28255524491248
-1.27050791219214	0.884661458500863
-1.35104674213032	1.1817730684567
-1.01100712019044	1.0467688034003
-0.825329265417905	0.599645011435276
-0.225886256592563	0.288610975609841
-0.0863606863683423	0.0824763519122455
-0.690622551156612	1.19066119173046
-0.548301852356454	0.786427725099623
-0.068404784645166	0.0655397124874923
-0.0976161077035868	0.087197241784773
0.453866241691706	0.642168725959299
-0.00720944083595175	0.00568304486925151
0.165496888249016	0.162362759758718
0.0453625798239367	0.0396910887237726
0.74819923158448	1.19903675964405
0.100451476686626	0.0817495117997696
-0.449454684785548	0.282441571160091
0.0422153030570909	0.0299104691900951
-0.354473197836318	0.430667524055647
-0.242736970862359	0.211505604529632
0.23418643927166	0.135508047994074
-0.31487529078185	0.180469531977314
-0.260235539921703	0.131347478886903
-0.517010624683618	0.178709666938849
2.59830808808347	0.565621890602798
0.372950968880263	0.176251163954604
1.3686378702582	1.36331441541324
-2.10727742655476	0.3785967871456
0.533208825612179	0.411146860046541
-1.01090013242667	1.04618666193125
-0.327441044350617	0.12966822779127
-0.968398891031	0.566915321537061
0.945968487935137	1.35847940130731
-0.788695731466628	0.414371031823955
-0.351864597228269	0.276566926076183
-0.119571298130348	0.0730913852716358
-0.173687033340215	0.117497462851281
0.567150867803544	0.61252615955913
0.751013853753835	0.54655060088885
0.301584228677068	0.245882268110851
-0.171733333748742	0.102903938585626
-1.68694899077746	0.703952762450668
0.0616700182489409	0.0238789606093496
-0.00887297177040951	0.00291884997088316
-0.327440587999834	0.129669435996948
-1.96398821246931	0.956159377765416
0.449482770198073	0.0873321855854351
1.31640050781925	0.589791315671906
-0.0788269788881849	0.0353859300459337
0.365795892718222	0.150333644094674
1.31729408016793	0.590203599966043
0.632046398741327	0.352597545210657
-0.184505553212383	0.0791373504854963
-1.96467671705873	0.956602614744049
-0.32722589908764	0.129525375152013
1.29047191149383	0.361322640689658
0.711981637507327	0.546618402945273
-0.224309396879475	0.149251198329982
0.0858484266526765	0.04681806473566
0.39943137726308	0.340538087173694
-0.173771987292809	0.117563128560795
0.0830210085940988	0.0646925011395389
-0.224283721636834	0.149230159915673
-0.173769055054967	0.117569809360543
0.399476199694111	0.340526317214485
-0.0628901849100043	0.0443770327536683
0.490929457838827	0.474171484983001
-0.638882985483599	0.76405013967056
0.398979187192608	0.277138822494332
0.12328398324847	0.0915676780042245
-0.299013141070043	0.237825804071924
-0.224416920480156	0.149326489856746
-0.433315405412224	0.36468529227267
-0.801727227562063	0.847797084014525
-0.934099117313195	0.914058426198824
-0.76614992368499	0.662541981757469
-0.931710732461002	1.09114061465758
-0.967202371505946	1.06804406547909
0.264672040453276	0.174541981042422
-0.825240015986526	0.599593248021543
0.232339418436633	0.197781347783148
-1.2989015110859	1.47115632766221
-0.568442908073705	0.35011647403505
-0.877020695133298	0.576798736351056
-1.14276782971979	1.02075219205701
-0.285090593703859	0.186376827935707
-0.500142036551076	0.415930998019855
0.123703996642159	0.0919178340646103
-0.224442612976316	0.149344680362211
0.141944077139845	0.0887738399296703
-0.265745785858005	0.194266682659516
-0.572963935477394	0.392030574725598
-0.686749044698813	0.508320544769257
-1.04445204539498	0.874915515762286
-1.24528052059392	1.02247485915243
-1.62739336054495	1.68703837138255
-0.877107195262802	0.577129826927392
0.396197438898127	0.226365511940548
0.845807667058939	0.714953390541008
-0.358469012649422	0.229853306150741
-1.14241973593233	1.02007945476379
-0.00608784556248299	0.00339879563566423
-1.13147421927421	0.867563171264953
0.504588960060017	0.449336461527864
-1.04440055935085	0.874733287180993
-0.568404782301551	0.350035267727637
-0.0789466320583325	0.0354412383139809
-0.685284300241023	1.22131334166847
-0.00696282484195656	0.00674570707064164
-0.187501503732168	0.239329749425419
-0.0650867981522814	0.0545678940839822
-0.138950435734158	0.162866260788901
0.279890826024365	0.296471933573267
0.404113188942581	0.487904916259845
0.0726244088372753	0.0681120774086609
0.0852859845133615	0.0901949369850911
0.00660923924655197	0.00613154586532588
-1.24525656356787	2.17582576789897
0.0596318071815013	0.0540664394067229
-0.568481019853327	0.350153375981782
-0.282159509872616	0.244126387230639
-0.587112277610074	0.945015649522839
-0.342815526422847	0.35677022549507
0.602279817140659	0.582897967718392
-0.939143234552252	0.734645723530448
2.59836788378482	0.565681354882139
-2.68358625805013	1.940656297599
0.116224017930216	0.0680787722672144
-2.94698077954152	0.645760131429668
2.59830808808347	0.565621890602798
0.671567142878356	0.33484663200897
-1.24510261178724	1.02227857312988
-1.96467671705873	0.956602614744049
0.242223014901983	0.214834889481716
0.656312403674297	0.556815343915179
0.234029943286015	0.135426106733778
-0.00477832280722481	0.00221735527016294
0.588496507730382	0.591438437163642
-0.391949865486702	0.191579791283879
0.0617277318050226	0.0238966037879039
-0.107428589902202	0.0822251678269006
0.140262691662791	0.109261739662915
-1.27241078472296	1.76325756266302
0.27650311630388	0.193374817555996
0.0832039350485469	0.0557055697446203
-1.15794962855843	1.47485929506852
-0.391732523448923	0.191484277454062
-0.471624882425856	0.485458753823715
-1.68596857506758	0.70320287292914
0.449482770198073	0.0873321855854351
-1.68633971949454	0.703563702264362
0.365902946135504	0.150334610547886
2.17513790583725	0.973023061087874
-0.104360815899979	0.0290077066781166
-0.517262058968037	0.178864495866734
0.403122432305779	0.139593949723423
-0.848554588996423	0.353709685597233
-1.35672844137063	0.47506664569878
-0.391724305318784	0.191524028484181
0.546803549672268	0.399551531032605
-1.3294270748627	0.733061521380134
-0.889752898331209	0.758159798405766
-0.034675820202948	0.0247470093420933
-0.471820019432507	0.328774129457693
-0.224309396879475	0.149251198329982
0.0423961627944852	0.0300416647640507
0.0584409984340268	0.036915350809846
0.602259184496146	0.582859380756287
-0.666006728826971	0.583830135052646
0.976384107639377	1.3659209073729
0.399241455715525	0.293334087412803
0.25069825731129	0.155248653610278
1.37649887337821	1.70460999132572
-0.579419923246672	0.4753768250651
-1.15805797779937	1.47525732098777
-0.579189609217717	0.475255109814496
-0.389984373105749	0.276377432670347
-0.56850361312045	0.350137185021699
-0.674979038043576	0.545799116154301
-1.49917058848765	1.94941157985567
-0.22431100092233	0.149244423954331
-0.422406829788458	0.236695706877833
-0.171900614616488	0.103015029122361
-1.36921137832196	1.62819204851242
0.286101104435843	0.211295404085997
-0.173982954598215	0.117708458388327
-0.573306969524194	0.392293013381665
-0.265745785858005	0.194266682659516
-0.746964756087618	0.69759436484439
-0.568473274508818	0.35013698342253
-1.04460940159171	0.875044256076931
-0.173854045087214	0.117638793695144
-0.119410862413062	0.0729743072486799
-0.791885092082105	0.630573386077958
-0.0490594629448469	0.026755104726524
-0.265528231091648	0.194101021679468
-1.14270749319091	1.02071038229888
0.65641850896428	0.556825749594868
0.0857428988252296	0.0467687674262433
-0.579233535502349	0.475321044301583
-1.29936248080998	1.47256183805511
-0.576895935869684	0.434174621781823
-0.492859584371911	0.593885033410332
0.18385257616847	0.192221564709984
-0.105663248058308	0.138555455921433
0.494550052388496	0.788252375097891
0.247909521013023	0.284992361381193
0.199575126925166	0.252527957887552
-0.481393328484374	0.692863653286098
-0.0683576977626435	0.0655002076335516
0.0585259790915252	0.0369739349221746
-0.207315247806422	0.181723288335484
-0.487714193016348	0.372872010913352
0.504568393616827	0.449352796932866
-0.577026152697648	0.434341282550561
-2.10727742655476	0.3785967871456
-2.94698077954152	0.645760131429668
-0.968025445363508	0.56675996581703
-0.573056252013549	0.392154337670413
-0.951768045880078	0.27264192625531
0.40047260836567	0.400475947613813
-0.119491077741782	0.0730364768299565
0.0857027765973263	0.0467289143416183
0.128374433929092	0.0569718320144089
-0.348249231744228	0.320186054302817
0.968549755849973	0.894382250245405
0.178661665260978	0.0880903270670572
-0.0791853188367263	0.0355390026399733
0.0136236809805934	0.0101443838302846
-0.175423306809578	0.154553458237443
-0.708734273245967	0.800526550054351
-0.824211481181239	0.816576302309726
-0.375985372218627	0.319680652801176
-0.144447873219691	0.119038066200256
0.211926139913565	0.113876387771514
-0.585451350071815	0.631977398036931
-0.84771589802742	0.353095483927744
-0.327230659220978	0.129567376802136
-0.00473520578037929	0.00219591531042473
-0.848352883478491	0.353483822010577
-0.95187692509697	0.272670624519378
-0.517010624683618	0.178709666938849
-0.00761497811460606	0.00250433676554653
0.211873740520637	0.113815244353815
1.3427892232866	1.01439054729322
-0.792005881270846	0.630719515069575
-0.00653322317101659	0.0036465042430468
-0.0627426994895185	0.0442696687365672
-0.175562137950761	0.154727264005668
-0.34279152408498	0.356901694581288
-0.176052217468941	0.132023277324591
0.675066090524421	0.730906525036111
0.0137249717108613	0.0102212947593164
-0.267639499454614	0.248840835074864
0.0344838249714328	0.0268613912121277
0.196833127496894	0.14600139355361
-0.577123316514962	0.434435598564971
0.58867576702275	0.591918888455115
-0.801721916884086	0.848043425468633
-0.0784504882812962	0.0605677485924754
-1.04446560025431	0.874951843477017
-0.792029090058758	0.630725452876737
-0.585655203880533	0.632293954843622
-0.824428585272746	0.816667191190689
-0.51866651343237	0.498616668350759
0.711730166768591	0.546202489300631
-0.253224680769402	0.203534183342816
-0.868127625381594	0.967316462721496
-0.487633965163832	0.372797634315868
-0.933847664028495	0.9136864910444
-0.702068994582289	0.470886155986589
-1.83936393226721	1.75969644020423
-1.14262392140449	1.02071657436321
0.0856635463965309	0.0467239502969187
0.264983140343136	0.174633752859944
0.0857428988252296	0.0467687674262433
0.769756369550568	0.713383002820867
-0.70190117287605	0.471095771394012
-0.0946723481437169	0.0659674111876354
-0.207429287129292	0.181831095618268
0.0289583677449382	0.0171730144127463
0.898526453765479	0.723531388531303
-0.868280070505847	0.96771546914886
-0.252974536526994	0.203287052328415
0.656368067837455	0.55670542275289
-0.322329129041418	0.232140380002769
-0.196446830565254	0.218702860473361
0.350125093503623	0.431085707619106
-0.156526578170643	0.183371816213096
-0.196491033567972	0.218799366303386
0.0569627633301536	0.0599273941507561
0.459805530429029	0.604512720312576
0.859131435572708	1.64130474133482
0.037759392064727	0.0352130178529008
-0.0861258722560026	0.0822453218899872
0.617860072523509	0.573614235666099
-0.453442045809454	0.547638501697459
-0.217541678589498	0.161189557587135
0.0856504615516148	0.0467163223346054
-0.100629944992226	0.0535126365530659
-2.94720125929596	0.646055459499367
-0.788343745757691	0.414362328106443
0.142051476455936	0.0888577884553235
-0.105500634956843	0.0293179785582308
0.15567214013857	0.126814827412773
-0.577026152697648	0.434341282550561
0.128853508420719	0.0572225471771537
0.852859024632958	0.546883761518186
0.140479786292581	0.109445523682401
-0.825313591982397	0.599686009158765
-0.0489013694262602	0.0266701962197787
-0.327440212159224	0.129629361099382
0.259774849302597	0.248760927301079
-0.585293765122616	0.66753477343122
0.715293602340041	0.720101173495409
-0.0975562726489596	0.0871495841552685
0.333342152529385	0.343777208248477
-0.731812922422094	0.732436549156271
-0.449551847246755	0.28255524491248
-0.951510131474032	0.272461351367526
-0.579047233084989	0.267435837190726
-0.788575520499092	0.414353051058273
-0.327230659220978	0.129567376802136
-1.00956923753492	0.719303703505991
-0.517513875524486	0.178911161319999
-0.0488491633688526	0.0266379092504318
-0.413919608406986	0.321094793095108
0.276504639004295	0.193310608968138
-0.131278473770528	0.0902076171710122
0.193527416430817	0.17788140438782
1.11265651125862	0.93768533175143
1.10695423091306	1.72516919636907
0.0424468256576932	0.0300759436552418
1.3807255218131	2.04428891381222
-0.00831300788254624	0.0053575270356208
0.399720607549941	0.385193537883879
-0.00907787891476096	0.00654587525523139
0.39953830518288	0.384881966014697
0.740475736617461	0.71620400051152
-0.265614440495864	0.194180304416663
-0.653383646304411	0.659805884953559
-0.653474984668263	0.660007482888487
-0.648445759319625	0.696301911241553
-0.583596334712321	0.556430012413687
-0.824142741880797	0.816457223948004
-0.573043063375869	0.392116283470683
0.085491672280226	0.0466198744971157
-0.265832025727143	0.194314779502223
-0.499945379236407	0.415667965251814
-0.0759682684831344	0.0473317038327201
-0.746943588893125	0.697581345058754
-0.766254021125977	0.662819169364524
-0.686656780325162	0.508238057982816
-0.322032975668386	0.231903465341743
-1.03377011942518	1.20023567172394
1.58601081784958	1.82438589754659
-0.314814424996404	0.18040114856928
0.242052048891188	0.214653367462432
-0.094625972357169	0.0659346382070736
-1.24519154070041	1.02240393492908
0.307876107948165	0.262263653732323
-0.039467894351048	0.0250286748113181
0.972210745962995	1.05407811018233
-0.934162037182027	0.914062389811693
-0.938800820501774	0.734004736031384
-0.48773985319078	0.372891051623747
0.3075330390325	0.262055958899197
-0.260235539921703	0.131347478886903
-0.487900342715734	0.372935930454834
-0.766201114478335	0.66270873611259
-0.686643295235763	0.50818911175335
-0.70190117287605	0.471095771394012
-0.276719729734128	0.289771148219468
-0.543092256807701	0.716373996273789
-0.27629854063373	0.337319995154367
0.353799812432063	0.458851539360832
-0.406191710501488	0.539169435808684
0.13488879763241	0.164679908900306
-0.121935867090759	0.142895217506156
-0.340473245357156	0.394138956281965
0.736432925041944	1.04751487278115
-0.146757298783237	0.129924407488776
0.264658266871447	0.174547011346903
-0.322139897340277	0.231999577337031
-1.29953629885824	1.47233273210034
0.399019063877058	0.261052466805314
-1.00956173625136	0.719582795507295
-0.260235539921703	0.131347478886903
0.449482770198073	0.0873321855854351
-0.103708004302289	0.0288061650208548
-0.314913534863782	0.18049000784073
0.403632537227691	0.139839884189156
-1.54114253685066	1.5154623201844
0.606999733160499	0.368112755368252
2.45338252824591	1.30237571891679
-0.1843733468576	0.0790649086662853
0.286419390851797	0.211652533237129
1.15003764119501	0.773920592462937
-0.184393374089649	0.0790787932600563
-0.571505531550015	0.3124149088738
0.0135129935632817	0.0100625529110539
-0.348343770387924	0.320326348950027
-0.0629236060915945	0.0444021687248854
0.251312698426048	0.23184644718208
-0.783103821624906	0.879408976519987
-0.25320853794741	0.203467526110747
-0.471964074016085	0.328988442076057
-0.957832518353221	1.2380332965968
-0.284946743038968	0.186258778585444
-0.449381034942207	0.282355651950242
-0.18438336931455	0.0790808605857554
0.061698863167424	0.023890625298551
-0.0395541441011701	0.025083993257901
-0.824273535102991	0.816614282631155
0.264815958511053	0.174624707221394
0.522360088449923	0.423880206162727
0.123436140904576	0.0917142791864847
-0.0489670362588258	0.0267049448325151
-0.376077386551352	0.319792328705742
0.123414219855483	0.0916913597139219
-0.21747622332068	0.161139158750961
-0.173917091531538	0.117682478952323
-0.0394884245435511	0.0250431843018384
0.141759074541841	0.0886355107016481
0.497329353176806	0.46184590090429
-0.119332055713698	0.0729221946382817
-0.32201386012934	0.231860376653194
-0.85235235414452	0.785514109137052
-1.54112889412545	1.51457191812384
-0.87699966280205	0.576773649682754
-0.31479876138457	0.180378411709713
-0.119439450446503	0.0730048395536886
-1.40171654076873	1.05012262395993
0.142237703285155	0.0889433969557531
-0.184271044593708	0.0790222441021079
-0.433442937245101	0.364734970167462
-1.06767495064489	1.0295945475418
0.141865183765722	0.0887267375760719
0.181531246888365	0.127776568502257
0.399734572085772	0.340755347414401
-0.217559000108108	0.161169670625247
-0.00647290097493442	0.00361346614744142
0.522254066330468	0.423767227511228
1.23106593648772	1.62853320997993
0.234291393901341	0.135604455620529
-0.877021735045663	0.576906289496621
-0.131188573518199	0.0901445086009192
-1.52275930550516	1.22110242110204
-0.0488879942131119	0.0266619172719185
-0.877256584690999	0.57705638656403
-0.472033637882765	0.32898027204842
-0.100524984420176	0.0534573894442428
-0.235303642562071	0.137970517714117
-0.30815607202697	0.321790392499171
-0.236984108567865	0.276577279446236
-0.174942580899865	0.174964491664794
-0.369990295106152	0.533465374772996
-0.361248806950539	0.633829121787185
-0.136013232836917	0.172894623163794
0.533470909373377	0.671312995100623
0.313226677352076	0.278345815789874
0.169688555969711	0.144219206446106
0.250829565904853	0.155311776681559
-0.107479130465506	0.082272095521812
-0.100629944992226	0.0535126365530659
-2.10706742962015	0.378548652882402
-0.406536039818103	0.0912270232471427
-0.18438336931455	0.0790808605857554
-0.406260094312188	0.0911374164788629
-0.35832473865221	0.2297312536582
0.845939413203912	0.715148403086207
-0.184617640808077	0.0791844639739394
0.128844798984404	0.0572090254928978
-1.04446560025431	0.874951843477017
1.14979360014843	0.773743447762429
-0.184505553212383	0.0791373504854963
-0.0091951964681284	0.00302330471275721
-0.2533001092088	0.203601929046433
-0.648410496459574	0.696178267004561
0.209957576410135	0.163490631508991
0.399526295151965	0.309538833718973
-0.0949988101408254	0.0661696911175694
-0.375990847869845	0.319678207050162
0.504502735556337	0.449284046539359
-0.175426468058515	0.15458422711273
-0.518991964151454	0.498871266746117
-0.577002826250074	0.434347034870591
-1.67487889344576	2.45334061161566
-0.584034335609113	0.556753319647122
-0.968033043844823	0.567023112730889
-0.167784410327834	0.086973154849
-0.848034357080434	0.353432748047731
-0.686708628261626	0.508166632881355
1.15015132121946	0.774176029611433
-0.389849774073474	0.276267896625035
-0.173960995646723	0.117706641264591
-0.732317865086946	0.732923026998396
0.611697791754692	0.774440262741017
-0.176138766646554	0.132087158591399
0.512698605043471	0.436482208723404
-0.00644961089764576	0.00360056110007621
-0.877172509528766	0.576553485674759
-0.0785456362005581	0.0352399196503108
-0.224256440322004	0.149207271874944
0.398952751279318	0.261019310889639
-0.22428211378869	0.149219672599838
1.83644440922671	2.1672901844226
0.25061916968494	0.155193208312974
0.838167685316824	0.876715975962942
-0.889896617486106	0.758357339826199
-0.701870683447116	0.471060482975925
-0.568412513831888	0.350074832940256
-0.119386451613774	0.0729635647159714
-1.52278995090759	1.22112318048924
-0.658595338348797	0.621955343661036
-1.04462293069808	0.875080562846637
-0.82521645061763	0.599532139278292
-1.24518353573094	1.02226916355506
-1.04460940159171	0.875044256076931
-0.577002826250074	0.434347034870591
0.365797211168257	0.150339977566715
-0.358705874706347	0.230028410567358
-0.788464314880281	0.414424326723021
0.399134034293624	0.293226555893517
0.712021824999197	0.546362006532511
0.617552022601101	0.573469111548555
-0.107478398784574	0.0822805523486256
-0.267777540931188	0.248990992220438
0.058504011144468	0.0369551054150997
0.0832245071972136	0.0557223041876927
-0.039422728392816	0.0250015758755746
-0.00469172861944419	0.00217379346282996
0.0857559934226779	0.0467736506521512
-0.472061788963516	0.329033357464412
-0.422277886081322	0.236628606264027
0.398939685964909	0.260998562871579
0.085491672280226	0.0466198744971157
-0.327545771414056	0.12969920235071
-1.1143440462202	0.540707013154826
0.142131685932888	0.0889044303481582
-0.80178810921416	0.848141441079779
-0.89766931942128	0.9403211353412
-0.522684142953882	0.842045799712125
0.0202534877280246	0.0194133593620601
-0.649681305985435	1.1588882632728
-0.198325498184441	0.209334015742447
0.100493791262162	0.0818016374513141
0.521540149728306	1.06402664301411
-0.248071660968142	0.260481499907225
0.135825566354097	0.153136438093219
-0.0942666423442471	0.0953817564518464
-0.100244525962051	0.106979950565627
-0.173897970235959	0.117662972860727
0.0833969394353422	0.0558492320351235
0.205979570148887	0.234982079101874
-0.156387674149941	0.174678892718654
-0.572911281189244	0.391961099142485
-0.70190117287605	0.471095771394012
-0.788111377288474	0.414177817025583
0.0856504615516148	0.0467163223346054
-0.103708004302289	0.0288061650208548
-0.740296580740514	0.968481213220923
0.234217042819429	0.135554715301903
-1.27040006372588	0.885002340015008
0.606811949914098	0.367954213314213
0.558893392116623	0.624060722693011
-0.31484487118018	0.180441066493249
-0.766226718866288	0.662638820580915
-0.391716070497778	0.191515317219743
0.123537583247572	0.0917976311587319
0.861075251697033	1.03522058427646
0.588568980812593	0.591767624345873
-0.0488879942131119	0.0266619172719185
0.235873205157823	0.255895771933585
0.0186592255713432	0.0125550109024197
0.211926139913565	0.113876387771514
0.182203066049578	0.161252048623674
0.0290916091214662	0.0172506474117661
0.56422737419145	0.389555636326398
-0.510528530413483	0.458147754402912
-0.51051431050128	0.458078669775097
-0.658788207591116	0.622019672117386
-1.32930273991253	0.732898294853153
0.632037639398118	0.352531037221759
-1.35610128709322	0.474818712797072
-0.968272243637976	0.567172585007472
-0.327335889648938	0.129624283363844
-1.11469972387002	0.540927932422351
-0.449559643029099	0.282553005776485
-0.315012604577116	0.180519573244866
-0.472131338862803	0.329112025572246
0.301431028422242	0.245728277307987
-0.0392052054556307	0.0248573231702168
-0.00655651078964978	0.00365922616789442
-0.105444395785959	0.100333954419457
1.26758773900752	1.31600493038784
-0.375924574758734	0.31959818293731
-0.100532689740455	0.0534621458761021
1.12040925321062	1.25778502843336
-0.224338278181341	0.149249065378193
-0.658376017231261	0.621092578585961
0.399413448783001	0.370266852834903
-0.487714193016348	0.372872010913352
-0.413730680333414	0.320888721656759
-0.665691709552174	0.583914618045903
-0.390037371011563	0.276419788363124
-0.17191476584973	0.103033463272345
-0.325986236323559	0.279657087800094
-0.38995717249119	0.276378670243734
-1.22589624035045	1.32032608578155
-0.487686905437284	0.372851819278413
-0.766306935255432	0.662900709878385
-0.487475189289329	0.372536126788705
-0.801589579730977	0.847760717326087
0.769626042733507	0.713071516733049
-0.352085446203454	0.276745724130434
-0.00632898795488209	0.00353408767115909
0.209824845208252	0.163386666584506
-1.14893690324476	1.17206399732265
-0.877128198496476	0.577191008258668
-0.766443414792913	0.662708354328059
-0.57685903938328	0.434149334010838
-1.00951606416	0.719470647168065
-0.701870683447116	0.471060482975925
-0.167875201304295	0.0869988913766136
0.512868702446158	0.436656332232589
-0.577183574521148	0.434451128606611
0.769677589313058	0.713346935133066
-1.43577687664777	1.78739764492985
-1.23439959674861	1.17069584688429
-1.43551607967966	1.7874062927221
-0.449544062178421	0.282531156107745
-0.62915048081339	0.863564281581963
-0.196656834654251	0.219042618510776
-0.498805640297145	0.630005579761165
-0.135588296461579	0.144134304614089
-0.253373320665928	0.309702062291912
-0.117469853382283	0.125148695393843
-0.0772070391474405	0.0783021901287203
-0.50444126969263	0.666443273271592
-0.0612678836061063	0.071549035106192
-0.225591236438751	0.288182364359149
-0.447899420600866	0.79344530846688
0.0853557704800851	0.0902681740867229
-0.0250971350286547	0.0268701291908252
0.10007521614141	0.118304754614622
-0.923170673041931	1.57894850368479
-0.12092057237778	0.107543919751151
-0.174752493111322	0.164516765836278
0.56422737419145	0.389555636326398
0.399735331760836	0.325480178596874
1.07127021769624	1.70853674155708
-0.585028785721806	0.701745245826017
-0.115388618686578	0.0956798511141464
-0.224441029054085	0.149316894405678
-1.12714961438317	0.724193919652426
-0.578945954765395	0.267273373392935
-0.571737584667295	0.312608565413617
3.44542702694839	0.961324616818369
-0.732164882482102	0.732956068850818
0.23431436981484	0.13559697571964
-0.167822568183777	0.0869921519796813
0.211849784137663	0.11382783840282
-0.130926630818508	0.0899227496858302
-0.732058126746874	0.73286505952673
-0.0788332563552394	0.0353882174785728
-1.32927288054565	0.732650220342582
0.196291990707191	0.145496348142502
-0.175706068461571	0.13166620175327
0.632161292773392	0.754959302790805
-0.0629811980915433	0.0444439033569025
0.196505607634886	0.145735446962698
-0.533220845574039	0.610073199621281
-0.0394638266369213	0.0250273580585416
-0.348327422419423	0.320232012619654
0.163691111572332	0.108867087785117
0.564242568767649	0.389576900413468
-1.22606599259393	1.32039706212288
-0.433442937245101	0.364734970167462
-0.578975115762517	0.267390226446819
-0.517262058968037	0.178864495866734
-0.568450605056492	0.350111713650879
-1.94193752750428	1.50446298508315
-0.825418566040116	0.599664233386239
-0.449023738345913	0.406547278215946
-0.130930117017297	0.0899336139195837
-0.665292368008438	0.583255271587081
-0.583713941123505	0.556411407884406
-0.366063943897671	0.358390764657755
-0.82521645061763	0.599532139278292
0.0857690839630121	0.0467755813981377
0.49708317547785	0.461581250458965
-0.889826566381827	0.758090003658094
-0.351888792682056	0.276612510429749
-1.04478040214959	0.875034643261629
-0.0489670362588258	0.0267049448325151
-0.449544062178421	0.282531156107745
0.0586959218520654	0.037080909149561
-0.783212332998339	0.87962044583674
-0.766440085400675	0.663088444368722
-0.298900419989747	0.237697708205345
-0.235515323657853	0.138059897998472
-0.224444197210169	0.149331124302083
-0.35180263882442	0.27651654586003
0.286271216955869	0.211512826252853
-0.889873267452747	0.758353213221804
-0.686920155648617	0.508356092101914
-0.702000315358475	0.471069360153076
-1.13143607329825	0.867148395933223
-1.14279106919311	1.02036788121124
-0.852475251870423	0.785499347813862
0.0855841566218966	0.0466768866551627
0.963370850303374	0.736798442331128
-0.260407914201451	0.131463826799335
-0.686800933612094	0.508334523103492
0.656312403674297	0.556815343915179
1.0442650852691	0.754232399790507
-0.10063764793885	0.0535091432232982
0.533004440154373	0.410778730575817
0.712166577289374	0.54663314479618
-0.167715939625543	0.086928424290891
-0.76649467821567	0.663121538181514
-0.449044125100325	0.406579131835564
0.234209408113983	0.135557017197127
0.276687851535201	0.193548878671475
-0.868325712212784	0.967675016408229
0.250513390435162	0.155108504066862
-0.0756748358750953	0.0471251197400941
-3.24178197931591	3.0461246404214
-0.449820216110179	0.282733562407957
-0.548991772587244	0.788544673774007
-0.202566533357821	0.189971275488836
-0.17484489762854	0.174835073314667
0.0851857874747541	0.0748523133763897
0.663647132763521	0.914990027670136
-0.207289927891435	0.181684815912746
-0.543231188070171	0.716522529564494
-0.0522839918601282	0.04068072043643
-0.136024123242161	0.144675194826235
-0.0248116868962775	0.0265562121772907
-0.377874010626488	0.50220833398095
0.126433782662807	0.138419744955959
-0.366956956854177	0.466779415405204
-0.0975247604163394	0.0871126939606909
-0.122106149442917	0.143110532906184
-0.222318191465287	0.317684732047633
-0.0761899997674532	0.0683362898928307
-0.09746816267543	0.0870551638181205
-0.0627172119943085	0.0442519005246114
-0.568473274508818	0.35013698342253
0.694043134283044	0.725245209653277
-0.226559296916501	0.22517095479242
-0.391837132279878	0.191577190293029
-2.94698077954152	0.645760131429668
-0.322392253120939	0.232169480726966
-0.131430293705036	0.0903044965525303
-1.81226068169386	1.31362119752981
1.0439984206623	0.753790274969522
-0.119491077741782	0.0730364768299565
0.796563367283465	0.546405439872833
-1.11423834940659	0.540537025048118
-0.516625938445608	0.17859542475739
0.577109350539647	0.601877431058455
0.497176170399837	0.461686114752281
-0.434805582976796	0.474948577992396
0.399974711302707	0.385294994109702
-0.00716762855677674	0.00564928130635752
0.104962917704732	0.0741887431566488
-0.573056252013549	0.392154337670413
0.779612091239785	0.875988688644532
-0.472122254448979	0.329060173996601
0.546948364222488	0.399602425564261
-0.212757121541721	0.172612736206995
-0.583713941123505	0.556411407884406
0.0586548875170673	0.0370575773011633
-1.96448596851255	0.956498553769595
-0.173834967445948	0.117615183798292
0.0423237158271014	0.0299922419603051
0.504350812989721	0.449078774837608
0.0289825102637502	0.0171873746132031
-0.0395705966121183	0.0250899439217333
0.116247166995476	0.068095355374989
0.693837130350544	0.725260835339231
-0.35180263882442	0.27651654586003
-0.265680101467543	0.194226915105528
-0.701840167512445	0.470997103993803
-0.889776252660043	0.758163932303549
-0.0489147483452937	0.0266769411251259
0.234209408113983	0.135557017197127
0.399691481577158	0.309633869915347
0.276634861834895	0.193514161038662
0.39871435201781	0.260758980227525
0.63543755037969	0.564789288279985
-0.171975261730541	0.103067661326467
-1.32058459013928	1.32515716760403
-0.449381034942207	0.282355651950242
-0.791959463063889	0.630501322211344
-0.10062225280412	0.0535115969827204
-0.173750001371629	0.117554131790799
-1.47884845413098	1.6475598085936
-1.63506128236358	1.39412712756125
-0.0789528454821435	0.0354404697364153
-0.938919602641575	0.734277294146734
0.796542286709821	0.546503907985386
0.396089831394072	0.226278388755559
-0.00637557637037879	0.00355970996600095
-0.701870683447116	0.471060482975925
-0.518919634924922	0.498930340259696
-0.0789341657715355	0.0354195064498673
1.36845289174257	1.36389674047384
-0.448912065250176	0.406276943091147
-1.14880794209502	1.17257905901325
0.618007928160398	0.573810910042216
-0.22431100092233	0.149244423954331
0.163479839725159	0.108734620174476
0.606854759600209	0.367937503742949
-0.577026152697648	0.434341282550561
-0.701923815248982	0.471043419126657
-0.2480135674084	0.260406242891297
0.17535276048215	0.17770064636862
-0.300622521970876	0.366515543478435
-0.435064921996974	0.47527128654024
-0.175771937482406	0.186074848896602
0.268008256144482	0.342712042179896
-0.211345224824347	0.258654642767291
-0.225736366292857	0.288442845070975
0.00628859794742935	0.00619012346004509
-0.100574644776629	0.107368243817176
0.526158430677896	0.995974415908264
0.737285327779047	1.53397261298003
0.232178975756518	0.295325702340677
0.502369388413777	0.749469440951395
-0.713550504984819	1.06009534154101
0.0598525736876534	0.0542684480615529
-0.149566702948432	0.141324796807023
0.234217042819429	0.135554715301903
0.0828945010619302	0.0645672054343391
0.242001221380487	0.27031393628726
-2.94720125929596	0.646055459499367
-0.176124195663063	0.132060397218162
-0.17191476584973	0.103033463272345
-0.449820216110179	0.282733562407957
-0.31479876138457	0.180378411709713
-0.376071889165895	0.319753127321117
0.635564005317325	0.565008227026761
-0.184729636999735	0.0792123581775086
1.34280229078442	1.01477559073757
0.294427585930021	0.22887757523594
0.892844162640279	1.03935934976629
-0.487552089447085	0.372563846796402
0.715552285455441	0.720524184355505
0.140183114767578	0.109179316432306
-0.0627357960339151	0.044254950570345
0.968647767407082	0.894397866217944
0.602238547105452	0.582794711776641
-0.173936295864811	0.117673468431337
-0.260407914201451	0.131463826799335
-1.35661361976765	2.19666465992463
0.307657271310195	0.2621586356172
-0.471653157837256	0.485507983448017
-0.52504192128017	0.537692093855465
-1.55190745044973	1.81431311397249
-0.348166654079131	0.32017465387777
0.39943137726308	0.340538087173694
0.209738258855914	0.163314651146803
0.40214557710742	0.430631405864615
0.163628004413102	0.108832428913685
0.0186131411471097	0.0125249060305687
-0.0759051448786092	0.0472913722500453
-0.00643587924542967	0.00359301632558093
0.286309751585077	0.21150019462033
-0.889919967188209	0.758268439784129
-0.576979499479811	0.434315794257747
-0.791968693252402	0.630667165648645
-0.375852913973367	0.319487422361708
-1.35083692672937	1.18239134984024
0.1420256374432	0.0888443640776842
0.250763944228594	0.155289556810608
0.11614924186535	0.0680207405035995
-0.0783292059263208	0.0604785756480132
-0.674951828177522	0.545806361158126
-0.217496910387678	0.16115931261989
0.0583807005428617	0.0368824650389447
-0.47190363868862	0.32891647785336
-0.471880447909488	0.328863331156295
-0.075798222718319	0.047215301015411
0.804089835220899	0.712440424822514
-0.766414454254694	0.663108225094003
-0.0488223758110372	0.0266260448981406
-1.0675179913994	1.02948100786859
0.533208825612179	0.411146860046541
0.234194106334154	0.135535242488063
0.142026984342139	0.0888324262134955
-0.573373081278194	0.392297725227856
-0.577123316514962	0.434435598564971
0.142077308944848	0.0888624360218098
-0.224362360916797	0.149289333907045
-0.119597131265098	0.0730980839289773
0.399347543067605	0.293399579549052
0.234217042819429	0.135554715301903
-0.29877351514744	0.237589613695921
-0.981665847767185	0.890929877892481
-0.82503796297973	0.599333001659143
-0.039529500318646	0.0250689531848583
0.264644477458504	0.174506049821866
-0.171891600284617	0.103013652092688
0.522281329542169	0.423797055534019
1.02259639146419	1.06655564158651
0.399517607121712	0.325283423741794
-1.24493299318928	1.02178636042737
-1.52278995090759	1.22112318048924
-0.686749044698813	0.508320544769257
-0.00490736533435351	0.00227272638136922
-0.719840930681145	0.767629011155119
-0.835365605230031	1.18672827420513
-0.496773177359241	0.855811152966668
0.232369394052142	0.29558392832683
-0.504295001256056	0.666132935996295
0.00673692987715112	0.00625024602180927
-0.13918920055469	0.163180040570162
-0.29029485829251	0.370544627719897
0.0450773516992809	0.045996809200377
-0.175221713058584	0.205223574643697
0.0849467095696575	0.082351978262632
0.221526000251311	0.180559180302698
-1.49899237309407	1.94903216306393
1.52772243101706	1.06654333577132
-0.358522758485451	0.22994932308938
-0.6348686088222	0.796982333009138
-0.951768045880078	0.27264192625531
-0.119678716732112	0.073154203987277
-0.57940067199644	0.475491171193195
-0.253383681654072	0.203659884929041
1.3082662459452	0.797390693711427
0.373074051711785	0.176294168822822
1.30810700637317	0.797487899674034
-0.107588893142203	0.0823706215136181
0.0584409984340268	0.036915350809846
-1.06303070588395	1.49379356038676
-2.01806199294665	2.13846978219296
-0.66535195326809	0.583404380322973
-0.653490472213406	0.659705982328076
-0.487688538815458	0.372809546750251
-0.224389641716655	0.149312226642465
1.36842677184877	1.3635891291235
-0.172073122780072	0.103102295359423
-0.173812992051245	0.117606196781948
-0.202608034445236	0.190009063799886
-0.131036907601626	0.0900279719569885
-0.766518666460027	0.662951172837911
0.276636404460945	0.193497311214723
0.0480130451548229	0.024225429664649
-0.224336677934566	0.149274089294747
-0.422320938196137	0.236638315029538
0.712087176452811	0.546654737619279
-0.0945997697764396	0.0659056023528385
-0.577267158994812	0.434440254251254
-0.358509316483428	0.229953272680103
-0.70190117287605	0.471095771394012
-0.96814522350334	0.566902385585879
-2.37602738128077	2.29691103725262
-0.573043063375869	0.392116283470683
-0.285090593703859	0.186376827935707
-0.487845771110902	0.372924017983754
1.61931665140074	1.66854033005425
-0.224229156975004	0.149175752312636
-1.36903923307201	1.6280881315577
-0.11949245706525	0.0730428325659769
-0.173960995646723	0.117706641264591
-0.260594489203997	0.131559221193867
-1.52272863262192	1.2210077243497
-0.100688927061247	0.0535323661912431
-0.422320612835452	0.236661180017005
0.0479668102951513	0.0242035155870716
1.21220761644946	0.970972622298318
-0.172119439263314	0.103135555113045
-0.449551847246755	0.28255524491248
0.632046398741327	0.352597545210657
-1.40194851214909	1.05050154752164
1.04409201173031	0.753962957849965
0.399016555113696	0.277125062239942
-1.35090235712844	1.18231625144187
-0.358536204185177	0.229923387816294
1.18692422957681	1.28205828288189
0.396068108708119	0.226269963646636
-0.391845296294967	0.191567449673164
0.584576457431595	0.379650947267196
1.49729335270634	1.43019492315025
0.39924277451529	0.293267579091374
-0.686814392821566	0.508383460359442
0.972252051090121	1.05409831590901
0.0858621005018137	0.0468183988396299
-0.314897752349974	0.180460386792066
-0.00812007627609931	0.00523422313712623
0.917546233785375	0.884679315027962
0.250540046641692	0.155129683229478
0.497262814943253	0.461803697327511
-0.573148582352656	0.392220049465515
-0.167860712017752	0.0870028481663323
0.178221803522451	0.087859016655947
-0.0788332563552394	0.0353882174785728
-0.939143234552252	0.734645723530448
-0.586407040153107	0.84086845974767
-0.043810310877866	0.0369208175880927
-0.256386224592407	0.254047465340201
0.185761131214969	0.246544700545579
0.15356796662282	0.183159317696328
0.115662485845755	0.133467634019214
-0.622767678071868	1.00181107813396
-0.0533559132386261	0.057120922677651
-0.284848837406088	0.331231511159026
0.293015006408446	0.425027044025782
-0.27757167024574	0.426788637578531
0.258558050111095	0.313895492841994
-0.653297218005857	0.659694087387252
-0.144548182605101	0.119113753466081
0.852965692838688	0.546844532922721
0.276660584190188	0.193521158081898
-0.663877075443736	1.0273524193551
-0.395677619377101	0.361298242623514
-0.643560885605142	0.731042205742158
-0.825305771267545	0.599583968274633
-0.260594489203997	0.131559221193867
-0.877169937096785	0.577203324418684
-0.732129713916639	0.441387161072424
-0.327546345457555	0.129698049658362
1.04417132370979	0.75412450860252
-0.525064455828552	0.537686762312064
-0.581273074706255	0.51579971046734
-0.471841251019503	0.485761322567039
-0.24284767589153	0.211600562467316
-0.766960511410826	0.910003387790672
-0.579340458708076	0.475309080926243
-0.585249491097624	0.667448711778446
0.301564125786756	0.245862910787984
-0.877169937096785	0.577203324418684
-0.376163929996024	0.31987943573016
-0.375965103886377	0.319670064393052
0.116478823438769	0.0988226187413624
-0.0652628194107096	0.0547213222735625
0.656286518481059	0.556786806671946
0.838142785712204	0.876592296547469
0.845873572645785	0.715100082050027
0.11625607797672	0.0680803809979542
0.0634739417389823	0.0472242003056847
-1.67035171659667	1.12130058923539
-0.351971390151819	0.276570389787192
-0.487794425801085	0.372902959991203
0.018826709036152	0.0126652193932202
-0.00462697564859522	0.00214403876152766
-0.062793400981063	0.044307277190996
-0.00918843955859068	0.00662507032319365
0.533292453228994	0.411220850834707
0.128382892136535	0.0569893614731727
-1.27063082055851	0.885275144897396
-0.747071538984321	0.697751766608455
-0.449746215436977	0.282653986067633
0.399553130100988	0.245216534651606
-0.358759464822714	0.230124373095012
-0.877171466206336	0.577150150243609
-0.686670269083675	0.508235697146491
-0.265569379973613	0.194142537482544
0.564317092367707	0.389632583146479
0.8040759902406	0.71233853678782
-0.433360101876516	0.364709457252257
-0.389929969887617	0.276359669549728
0.893084094389938	1.03968562259535
-0.171923782035868	0.103013030371387
0.264741881640269	0.174598132091718
0.399161216342137	0.293259882473176
-0.471964074016085	0.328988442076057
0.250763944228594	0.155289556810608
-0.31484487118018	0.180441066493249
-0.0485856078568522	0.0264852386157063
0.0859146137953314	0.0468559151956241
0.398774442714311	0.277029786852801
-0.577160254149805	0.434419892931967
-0.265417598331787	0.193999504196372
0.512632907967881	0.436309894818597
-0.00648246208559319	0.00361788921927842
-0.576979499479811	0.434315794257747
0.250684905061533	0.155242539654961
0.497389649309095	0.461887550182002
-1.62736992931292	1.68712757895854
0.546711095435536	0.399426004119964
-0.472084972467567	0.329086525090447
-0.791885092082105	0.630573386077958
-0.792149911388244	0.630754431915372
-0.701939376185849	0.471077472243728
-0.276733905376155	0.289806395431704
-0.199858268959816	0.19926605827074
-0.14695151628768	0.13014571170348
-0.276874002451335	0.289932378607043
-0.581513987327212	0.516291159010429
0.538907636304298	0.659234085399522
0.119789602125692	0.149683931739862
-0.0046670108241751	0.00520028669602614
0.125336021447129	0.148786942784753
-0.204978719341803	0.292153147232741
-0.438390411211998	0.705341603629688
-0.094495268722506	0.095638086884132
0.35131907990787	0.59955568116197
0.128097238057428	0.164213678250714
-0.943354560856854	1.55568375216043
-0.524876492036535	0.537002997085017
0.477781135418344	0.514054984054252
-1.35656708661147	0.475009288267318
0.711874779189576	0.546278728368417
-0.174643667373442	0.16437430239021
-0.699158356339124	0.833318508644783
0.061698863167424	0.023890625298551
-1.81215013291437	1.31285472539129
-0.327440212159224	0.129629361099382
-1.81214638498018	1.31346636503693
-1.30975993410205	2.04865012882038
-0.28929683464323	0.285656919296479
-0.351974952412634	0.276683503833317
-0.2426595855118	0.211400796378079
-0.119678716732112	0.073154203987277
-0.852519190369605	0.785826602283405
-0.298900419989747	0.237697708205345
-0.176092701762525	0.132037342702651
0.058443790022945	0.0369248768508539
-0.285007010964892	0.186314582604357
0.398849230316022	0.277057537590374
0.838233482129389	0.876845308069539
0.1420256374432	0.0888443640776842
0.140320642456421	0.109318558109356
-0.746840108575109	0.697262159893661
-0.224497167957806	0.149363575120558
-0.217366086087978	0.161042824286404
-0.358640290259768	0.230034639766072
0.656287809633672	0.556668997193679
-0.788584669491101	0.414442391647873
0.399603665219994	0.340727436631877
0.116330839643921	0.0681472868212352
-0.93155176566251	1.09072891542923
-0.009249574254788	0.00666887211196535
-0.173643054231129	0.117461058877291
0.0587398676634679	0.0371061538831999
0.25052672039259	0.155123588624536
0.39954580672875	0.309586780212896
0.0479061058216731	0.0241734985376833
-0.171900614616488	0.103015029122361
-0.23513208013651	0.1378187093465
0.234283713697625	0.135588951948784
0.399482143469601	0.293362056490243
2.0448325079891	1.91747856156746
0.27644706636959	0.19330255258946
-0.174065180927794	0.117772475330616
0.490726494226836	0.473975961355747
0.711902189597772	0.546539513612059
-0.235462187373492	0.138072780517714
0.0859014915634962	0.0468510187878195
0.398858126103384	0.277086879421163
-0.471926829276133	0.328942702328004
-0.322202951136644	0.232055249653008
0.67150962292298	0.334766898185218
-0.788232305482405	0.414275835906919
-0.0791731085684495	0.0355323931006965
-0.119571298130348	0.0730913852716358
0.163394799247274	0.108667158772753
-0.510462132487012	0.45806999770445
-0.433077859504036	0.364315476063797
-0.265593879861676	0.194154362331262
-0.58151062022488	0.516288793777663
0.234478219261989	0.135689432788445
-0.0651663057746699	0.0546414560637425
-0.568473274508818	0.35013698342253
-0.217300706675367	0.160976269658147
-0.746899431729949	0.697494286811066
-0.889859782606406	0.75818922164643
-0.105667526554026	0.123753768529452
-0.358193320679774	0.393405825065403
-0.131337866604504	0.132096359812158
-0.276146861401964	0.337132390792564
0.193805608608786	0.17817427128293
-0.0522839918601282	0.04068072043643
-0.0976932838412849	0.0872738305121853
-0.233249580046299	0.217760789001024
-0.0438418823733307	0.0369488782362844
-0.0887161800098511	0.0739790219655094
-0.0248279232962906	0.0265727693437527
-0.105663346520829	0.123759618682822
-0.259120442189767	0.397319437424332
-0.194177885743431	0.304508112707818
-0.597582588926819	1.26567028572768
0.462566996286135	0.593397228859721
-0.333027866805368	0.599854488987575
-0.347996434905738	0.70163320446273
-0.105680637922996	0.100573721989031
0.399517524063003	0.340648466131041
-0.0946120025303768	0.0659073213499102
0.178380255200628	0.0879339556141732
-1.00955415243895	0.719594277702576
-1.81225698285298	1.31305541513534
-1.11409385166674	0.540651439280993
-1.67000918546535	1.12155961645345
0.0617277318050226	0.0238966037879039
-0.951768045880078	0.27264192625531
-0.32612344450939	0.279738517208239
-0.224603131885561	0.149410627356745
-0.462021087999725	0.447502234908464
-0.314936050194936	0.180496880170545
-0.172021587424904	0.103087776800566
0.751082480322171	0.546477609134593
-0.167784410327834	0.086973154849
-0.674792889721164	0.545690657241514
-0.171840142126793	0.102971998105413
0.0186276687502448	0.0125322542978235
-0.253101716540296	0.203415792054854
-0.934136996424094	0.913629612932512
-1.32055891555586	1.32494214197076
0.398765561606098	0.276966640430354
0.104983037818287	0.0742023474051644
-0.471805991432146	0.328743445783617
0.681139951261835	0.550274059452707
0.372930405999128	0.176198353336861
0.163691111572332	0.108867087785117
0.656368067837455	0.55670542275289
-0.00637557637037879	0.00355970996600095
1.18689830799405	1.28205160600231
0.715309996970718	0.720037016954227
-0.686499309414722	0.50798896479976
-0.167830351359906	0.0869843248816228
-0.184505553212383	0.0791373504854963
0.211934111461218	0.113871149144747
-0.573003554697925	0.392024760025173
-0.285043981003217	0.18633542576247
0.917170886570558	0.883845981238684
0.178236240272615	0.0878720950705939
0.635583455288015	0.564897273997189
0.0478216473836701	0.0241191298919866
-0.173854045087214	0.117638793695144
0.399019063877058	0.261052466805314
-0.235369770675652	0.138004043591348
-0.00473520578037929	0.00219591531042473
1.49719585959021	1.43025097472277
0.96859600145578	0.89460902425551
0.0479589629339549	0.0241959289933283
-0.327440212159224	0.129629361099382
-0.184363306761202	0.079022323203439
-0.0787328393819667	0.0353418953097744
-0.422213357816896	0.236552089895206
0.564324718997456	0.389655936649954
0.472192046984292	0.541612871239056
0.567150867803544	0.61252615955913
-0.107555750061736	0.0823470758314727
0.972677240478989	1.05474696130039
-1.03379565549686	1.20015887213489
-0.422256388009115	0.236590327517095
-0.568458219242764	0.350038033489253
-0.314837032959884	0.180433066341452
-0.686827855694164	0.508381075212563
-0.0912120255466404	0.111098351272116
-0.311771360805361	0.361784215675422
0.13573284809726	0.153009948198919
0.123036005474124	0.119996017816917
-0.149349499970982	0.141083049476901
-0.175599902444554	0.18586033980756
-0.0241993809143147	0.0204874680980667
-0.479494710876572	0.521932268797429
-0.282013502175803	0.243981153846639
-0.196877888030837	0.219314475800277
-0.152566140390208	0.153045349507353
-0.138222204504981	0.169043393543975
-0.182629532589829	0.24210840414058
0.143803615116388	0.180361779835946
0.00136275410954815	0.00146188305682456
0.162337672391379	0.268386103780783
0.125266153477989	0.148686157872351
0.524411508486022	1.31641031327285
-0.112742360358895	0.175092382989273
0.514204079792448	0.715885259607347
-0.380990597128496	0.395156931594051
-0.176640245705887	0.144495451100456
-0.573373081278194	0.392297725227856
-1.15817368782715	1.47512791566321
-0.21256166538904	0.172413099474905
-0.233434099808328	0.218034641630343
-0.224363956956832	0.149288353019299
0.693650097103397	0.725104009361192
-0.260594489203997	0.131559221193867
0.399739383612319	0.325422591731543
-1.36895019939863	1.62806497097258
0.399523941949888	0.309549797669524
-1.24537751982164	1.0224272869465
-0.472084972467567	0.329086525090447
0.116321892006772	0.0681330650452862
0.181075449742282	0.127362920639095
-2.93139181654753	2.38539883645296
0.399757174021846	0.309746376744079
0.399203917048368	0.26112631616261
-0.171733333748742	0.102903938585626
0.11627031625817	0.0681082454094151
0.398797581707142	0.277035673986689
-0.653607170390786	0.660124538560593
-0.0487702312480759	0.0265925698568664
-0.285164564145787	0.186407245785783
-0.235449075529597	0.138051915791987
1.36209146650402	1.19718453032602
1.03219562389923	0.911216412299517
-0.825135049387965	0.599550836734038
0.584789793668832	0.379972034303177
1.48112906931152	1.58978498370673
-0.224494015727289	0.149337315939924
-0.585046933435036	0.59527130434275
0.0856635463965309	0.0467239502969187
-0.358351663559802	0.229777267503482
-0.0787328393819667	0.0353418953097744
-0.235198123792551	0.137854930098844
0.712087176452811	0.546654737619279
0.234470501990702	0.135683092076745
-0.224150549673495	0.149100130154146
0.0479668102951513	0.0242035155870716
-0.391603095504156	0.191462066890932
-0.701862955864654	0.471051609861451
-1.0094931847238	0.719548716819513
0.141893696140023	0.0887394988710327
0.294583424130792	0.229073862185232
-0.510701694744558	0.458128467528876
-0.00896731534327618	0.00646566554516991
-0.175893891747388	0.131851937284505
-0.674897402447207	0.545676629601899
-0.176277150633354	0.132175512225138
-0.131143697203118	0.0901020574886367
-0.314768381769117	0.180349988527173
-0.314883095294388	0.18046152778602
-0.100454168593856	0.107195327804904
-0.300445727793876	0.366283902067102
0.404139601259629	0.527951664452305
-0.740082661114875	0.967672941369186
0.182203066049578	0.161252048623674
0.140291664257484	0.109292144434577
-0.126273903512991	0.119696030676792
-0.126568798673616	0.120021934444913
-0.289186228131071	0.285524297958141
-0.175872053608021	0.186192253919242
0.00640132388131892	0.00630097113523549
-0.19418717296149	0.267186060874355
0.490263307233532	0.833606209270217
0.0902620613323942	0.129076450165429
0.55499490377475	1.17906071436371
0.115756094416047	0.13359087510266
-0.194040916276179	0.323779399128954
-0.0843401353006275	0.122129929449146
0.182179671834162	0.161224013987261
0.340261228679659	0.374062031617866
-0.176640245705887	0.144495451100456
-0.078745871602922	0.0353461577361168
0.163734922765348	0.108878983721849
-0.486567941976585	0.558105253768581
-0.577063067083383	0.43440075790853
-0.391481666646295	0.191384943509599
1.49719585959021	1.43025097472277
-0.100532689740455	0.0534621458761021
-0.573122228556241	0.392182120784472
-0.299099746273385	0.237875964547515
-0.852497218741647	0.785707725980518
-0.0490461137062827	0.0267468360349336
-0.801609898950477	0.847748253910572
-0.571518586146758	0.312432773778368
-0.0488223758110372	0.0266260448981406
0.8982343343581	0.722957228514347
0.116261385167052	0.0680970995288913
0.845900177389557	0.715055557737215
-0.568450605056492	0.350111713650879
-0.0397471737286701	0.0251999043115005
-0.391498369660419	0.191308871920891
0.399187088913684	0.293282605618885
-0.422234800101602	0.236535643078274
0.681200479894456	0.550222858983593
0.546645238199597	0.399353614216114
-0.0489147483452937	0.0266769411251259
1.37269670754495	1.53173660500413
-0.576956172384241	0.434247580911962
-0.825329265417905	0.599645011435276
-1.40192841274304	1.05049717063142
-0.573095842025065	0.391977000695635
0.972295814049001	1.0544921513777
0.178408925233274	0.0879707492156317
0.211805315150962	0.113761888705597
-0.471926829276133	0.328942702328004
0.632168963645606	0.352673317989728
0.396196995598108	0.226216342850219
-0.516877128372687	0.178641872315134
0.128496054262865	0.0570471936487537
0.398849230316022	0.277057537590374
0.286353621089143	0.21159382496386
1.05091894163922	1.38970656928479
0.693863574992226	0.725408162069438
0.221554871682995	0.180596168149768
-0.801773173707065	0.847593107561254
-0.395496943936468	0.361059612850395
-0.105431766367097	0.133457615861504
-0.0383609983845416	0.0410363894574487
-0.0882354205049329	0.0989180278619926
-0.236978085084622	0.27655522926365
-0.0389838621610682	0.0417471444239602
0.353522878399525	0.458410503683017
0.642823579051883	0.929964649420889
-0.131691243033492	0.132536622748552
-0.226716949558267	0.225361059336142
0.00683621768637592	0.00634090088644592
-0.147016601101048	0.130203503546059
-0.461660762484343	0.584244040193929
-0.0387742531655006	0.0415143897454709
0.0771235610315675	0.0908497789283542
-0.0682025158448744	0.0729515536131638
0.258367100977687	0.313603036415035
-0.0434831319619248	0.0486297213046354
0.419566780440199	0.76822946485728
0.0686434052974305	0.0744163330834024
0.343538312412018	0.720213268711625
0.306705917396012	0.477472658006422
-0.155155800458575	0.164633070501239
0.00650118369185082	0.00603130539633023
1.14873996400416	2.05745752696075
0.047887776877987	0.0241619538247141
-1.13170330687148	0.86755806948783
-0.792210335867543	0.63072241981127
-0.52965289047421	0.574620066586727
-0.843788888771908	0.995398338733285
0.294493275885593	0.228958486189497
0.0289568043675961	0.0171732158028847
0.209677652008319	0.163241730118945
-0.579378743921397	0.475440639742885
-0.897366494334249	0.940086363572764
-0.487606675292995	0.372750836390607
-1.00943210635186	0.719314837631752
-0.039467894351048	0.0250286748113181
-0.217627821810374	0.161254899901061
-0.98145256366974	0.891200517436491
-0.487820095488423	0.372935503474609
0.681171948846945	0.550519576410294
0.163521087137834	0.108760112686365
-0.171816972074702	0.102965328684015
0.656259339378735	0.556754166748311
0.116307687959683	0.0681343944936411
0.396003480951534	0.226100261627978
-0.173791021253973	0.117590988191062
-1.14904067598129	1.17264827086487
-0.171840142126793	0.102971998105413
-2.01770137816559	2.13742494415271
-0.352019872466604	0.276711013413076
0.874692022634661	0.879589807933839
-0.390169212191209	0.276478799929784
0.533329532533883	0.411241844029059
1.73185213818635	1.91424046708044
0.211926139913565	0.113876387771514
-0.314913534863782	0.18049000784073
0.25077730949292	0.155295680303515
1.03223474756332	0.911370242557373
-0.57703974245666	0.434369516798473
0.711994689914987	0.546635957220775
0.23418643927166	0.135508047994074
0.0289310925154956	0.0171575933732068
-0.235501547146439	0.13807177886782
-2.38046183086917	1.46152631292284
0.398858126103384	0.277086879421163
0.264681545443047	0.174556420254131
-0.579441835667838	0.475465032240189
0.3133568651253	0.278502834108035
-0.176011743176159	0.13198505975331
-0.852475251870423	0.785499347813862
-0.824146040742489	0.816512466993869
-0.0343359530859755	0.0245006997673985
-0.674873072019471	0.545745098121915
-0.433229306429822	0.364569367373766
-0.0082716539685023	0.00533164399155396
-0.354548495476314	0.430834500671829
-0.105973924485198	0.139065327344754
-0.413601538592394	0.664931545158782
-0.00513059302823471	0.00572017976299097
-0.0925027168302157	0.121026726533658
0.0450035722964219	0.0587345363609389
0.145522059268834	0.196494637841692
-0.51778431220404	0.774503327732675
0.234344134788827	0.337016283543956
-0.121840645400765	0.148851268287272
-0.0505509157032092	0.0611950942028711
-0.0752993819475681	0.0880057013664857
-0.12143325804907	0.154098078015517
0.0379370312719647	0.0464983478414692
-0.524254438350014	1.01862784313648
-0.135848698034687	0.172647528950943
0.0636785212816216	0.0837830906852034
-0.39356909505576	0.652601321038395
0.28815655784433	0.407902724766443
0.182291715886996	0.161334795682627
0.191863706049161	0.206765215870961
0.328778844312134	0.327576430152694
-0.035854909439567	0.0345640608281601
-0.174935729390149	0.204785366496859
0.0963554889751685	0.0964491148382942
0.537907741783926	0.900064411846397
-0.259905661051769	0.373035852272771
0.000903646385884508	0.000968621148851356
-0.93390722512754	0.913789457162529
-0.951768045880078	0.27264192625531
-0.732300657555277	0.441384704650949
0.0288250995353104	0.017091994259572
-0.35184393948654	0.276566025269648
0.058443790022945	0.0369248768508539
0.169409817135971	0.143966652021121
0.221453541794974	0.180496855805387
1.07080108269538	1.70865843541714
-0.65898742062254	0.622399868172444
0.116407993222198	0.0987680366186473
0.0424464679882405	0.0300630741564206
0.286375548943213	0.211623257913393
-0.3958947083187	0.361447215866512
-0.11951965129848	0.073057555006467
0.264825492432616	0.174630569124582
-0.322181024893116	0.23204661658807
0.656232162279828	0.556691762056095
0.512909913035259	0.436711637663413
0.644449343960434	0.746062817168851
0.294620620229063	0.228974023762982
-0.265524370552137	0.194087155247442
0.294628424596357	0.22910263100957
-0.500117645690407	0.41594675017541
-0.0976334570856594	0.0872271382651191
-0.284993363742646	0.186275029087059
0.838294922356215	0.876874066340018
0.0833801485674387	0.0558339503952659
-0.518738876733916	0.498713230147624
-1.14882997274325	1.17257316998894
-0.0065935539137356	0.00367940017156973
0.276500070262287	0.193354946144982
-0.581710449135816	0.516499216666256
0.53314845932752	0.411062687777545
-0.0627172119943085	0.0442519005246114
0.602283403180327	0.58274805842323
-0.176729150112713	0.144568132937908
0.399161216342137	0.293259882473176
-0.21259801824306	0.172471634334213
0.65842921936849	0.737761533975191
1.23099211394655	1.6280200552004
-0.801589579730977	0.847760717326087
1.23089243449291	1.62785330445709
0.715507167060038	0.720447115157577
-0.285067287514914	0.186362204940924
0.632037639398118	0.352531037221759
-0.500228233640452	0.416045323723521
-0.322329129041418	0.232140380002769
-0.0759244901058836	0.0472976538205904
-0.49998951212592	0.415758750629525
-0.747288850084024	0.697772920055963
-0.0301977584305733	0.0337533583067901
-0.0681576047289131	0.0652943834814542
-0.147557017918097	0.222898134530928
-0.182958404909689	0.242640633147038
-0.241600601239927	0.405563333089501
-0.145261379085837	0.205222632580687
0.04713209799919	0.0592167960485871
-0.245813381620336	0.400577866994588
-0.23814027954594	0.316800955254226
-0.0663499948296396	0.0835133173600385
0.190379782681226	0.2775097410012
0.980080618926398	3.14539247855109
0.000113443083007671	0.000132576096910313
0.368625341021907	0.56556940057777
-0.467804301472908	0.779156617093684
0.0790518113215387	0.0882441666442793
0.414954164680426	0.714759464999562
0.365606186266744	0.709655426684406
0.173316271878282	0.256601724931354
-0.293244951758312	0.480865152981749
-0.211059345530534	0.258345494024018
-0.196767363501212	0.219185911608296
0.494594329579424	0.788429760447868
0.169112883865834	0.1917662860735
0.213858171195138	0.28519009050256
-0.269724057760456	0.373402894474955
-0.0770948247026336	0.0781723747304776
-0.0245220424410665	0.0262323318982065
-0.498889148418038	0.940386361511582
0.0281421978458201	0.0336254680852658
-0.653338022725499	0.659600224918448
-0.265766329160354	0.194282222886208
0.104809778461194	0.0740730848898321
0.0630160389801208	0.0626962029150326
1.387817175917	2.55156317009448
-0.0520811133710085	0.0405142782651871
-0.413815629625469	0.320996865707269
0.504395950512197	0.449166470865585
0.475085312056616	0.528147811705143
-0.366127421270424	0.358560063607861
0.0836180150286238	0.0560004475283622
-0.131098870174411	0.0900513276682991
-1.14274459002458	1.02084763016626
-0.0347406374082774	0.0247907728694077
0.477758180695652	0.513995789832377
0.39916016418254	0.369802154522281
0.39947267127484	0.340626777725325
0.681073955458979	0.550371904052352
0.656365460204942	0.556840951197036
-0.50009704051959	0.41591664999723
-0.175858886558173	0.131837800502943
-0.217672654330868	0.161274609837788
-0.375944838067394	0.319642580323954
0.264899551428447	0.174650753021524
-0.801986780795005	0.848266740933482
-0.253224680769402	0.203534183342816
-1.21641875158229	1.61829986460773
1.08194275542764	1.08393865490821
-0.674634021264285	0.545352624230085
-0.173769055054967	0.117569809360543
-0.299125958895665	0.237910490096711
-0.131405868059019	0.0902863555800963
0.399652725365107	0.309677096898813
1.18700574659306	1.28239709328681
0.399558829422796	0.340706732944273
-1.01128674755933	1.04699179572721
-0.253332977691281	0.203630960663031
-0.0758008970647359	0.0472191690492665
0.715617930621586	0.720536934995111
0.0834905932592355	0.0559004261197653
-0.0394432749489625	0.0250150078693679
-0.73236345422613	0.441536831391427
0.0289295329639315	0.017156171874967
-0.472084972467567	0.329086525090447
-0.852163752786656	0.784802609381908
-0.265614440495864	0.194180304416663
-0.897366494334249	0.940086363572764
-0.0609202154069279	0.0711128045889996
0.40416713502995	0.568014910816507
-0.011774148875037	0.0126005260513318
0.0277580235941565	0.0331459695087799
-0.0841214255148242	0.11382334919029
0.384457486805904	0.673101526777801
-0.00497315498249593	0.00554141008340586
-0.107052882968921	0.145415835769162
0.291124177899314	0.480850831598704
0.214397524094528	0.314210204574159
0.207567775591705	0.297022878359407
-0.105887826347863	0.124003771331663
0.284981665823034	0.529101928231731
0.0134352708139354	0.0148379310182435
0.620809710766393	1.13852379540749
0.0997282582722264	0.117850755254021
-0.205149291172574	0.292499802502784
-0.225879754387113	0.34483747636988
0.0331956721191615	0.0328465028960801
-0.497977939688916	0.8854141684375
-0.0775326192147772	0.0786483769291847
0.202046338510163	0.307738628962344
0.450474520289778	0.779028152469012
0.214306791308926	0.285817270176778
0.247959455751948	0.285037073101702
-0.253185834725686	0.309455250888781
-0.260311138030342	0.303324375638313
0.200886654518047	0.280620648422583
-0.313397704459123	0.434330261348051
0.756699808821417	1.35028664030487
0.450494032975248	0.779064244775238
0.491305650936136	0.817611632839764
-0.0611200242855513	0.0620975425367276
-0.568473274508818	0.35013698342253
-0.0759463769065314	0.0473158585830138
-0.0946522302866836	0.0659502880843956
0.522146524274439	0.423548993249421
-0.175772347454021	0.131737219307016
0.142078665577231	0.0888764959093391
-0.217710534114628	0.161245843771728
0.294407038695227	0.22887334771293
-0.0393776134712881	0.024972610225115
-0.0345166891399515	0.0246353687525861
0.163756821192743	0.108875773284146
0.234283713697625	0.135588951948784
-0.224363956956832	0.149288353019299
-0.100711867297307	0.053558502180433
-0.171733333748742	0.102903938585626
1.47058689524518	1.75573237224483
0.399230110296901	0.261085519924935
-0.413944578834918	0.321010097492682
-0.285030319307596	0.186329206529657
-0.348089349843465	0.320058529456619
-0.358601625161616	0.230018412531975
0.163628004413102	0.108832428913685
0.286120460960842	0.211291518392634
-0.31479876138457	0.180378411709713
0.6070937235966	0.368145307451031
-0.0759901648345779	0.0473452882734231
0.0585479424400123	0.0369907265993461
1.08205409798215	1.08384925423806
-0.0627172119943085	0.0442519005246114
-0.224416920480156	0.149326489856746
-0.487926027844499	0.372936078675696
-0.352040492772184	0.276727993449681
-0.0092989972767643	0.00670311626724545
0.104896410612126	0.0741403678084016
-0.500118559427531	0.415771278001896
-0.00657026808094862	0.00366649300398857
-0.119545471464112	0.0730778713492053
-1.1582097880594	1.47559568139221
-0.577230214253215	0.434394367482049
0.0185929124001953	0.0125107041320055
-0.0628443723055432	0.0443379961901513
-0.66556275039236	0.583815130524904
0.116102953172386	0.0679912860425303
-0.217517602207641	0.161171641212651
-0.268693273393444	0.399285780201561
0.0136965365820875	0.0151303265386573
-0.277613299281338	0.426896515302429
-0.0432278464497223	0.0541829166582714
-0.134092012357949	0.17670766833554
0.335465104620983	0.624615695635771
-0.030134296676193	0.033678193742699
-0.24978353245202	0.37019221406093
0.231993621939045	0.363396024179404
-0.100472566131342	0.10724513498478
0.000946437955950181	0.00101402013429552
-0.138133156587135	0.168932570020088
-0.232718108470802	0.344414338453513
-0.100689931119727	0.107478691723379
0.359476568179091	0.50182149489867
-0.366749651907951	0.466475907608614
-0.035854909439567	0.0345640608281601
0.765941782343507	1.68722952806962
-0.276144718158064	0.337102294785744
-0.120638770770396	0.1350468790043
0.0770652069081558	0.0907701923031095
0.256137961947572	0.360826993308863
-0.524622708740831	1.07601482584483
-0.00722178159818801	0.00868441134082507
-0.194519085653079	0.227561785734301
-0.0439516723923108	0.0491940104178306
0.153592292446978	0.183192225579383
-0.486441645042772	0.728148055799721
0.351540799564274	0.600011942538404
0.341203143071459	0.545321231795385
0.186156613807005	0.247194972708366
0.545197506363973	0.874438954392759
-0.0943081588753427	0.0954328646169682
-0.44972297108106	0.282664634540686
-0.471788024756419	0.48528242048975
0.938031356584871	1.20185945428175
0.838258247423362	0.876693510115728
0.116345045748615	0.0681537780773569
-0.212757121541721	0.172612736206995
-0.265483188904491	0.194066813915525
-0.171961096389896	0.103053583967166
-0.265589962111222	0.194147290259864
-1.66988614542307	1.12078292058025
-1.62740652954046	1.68705231449501
-0.413793633721842	0.320969820892725
0.396132754922445	0.226326677718278
-0.461681354266739	0.446990236717597
-0.579090117832204	0.267455039000505
-0.519028056830864	0.499013341752981
-0.568420162491824	0.350045818239286
-0.171854279210956	0.102994903376511
-0.119572665333446	0.0730925935206141
1.72961106873862	2.47024445255642
0.286356264003954	0.211592099352807
0.029009781927305	0.0172044213737388
-1.00956173625136	0.719582795507295
0.234396349619033	0.13565353178987
-0.352019872466604	0.276711013413076
0.874670173944602	0.879514467652847
-1.00943210635186	0.719314837631752
0.399779061948965	0.309753287675347
0.399644873255241	0.325355596262575
-0.897256724889073	0.93991294095813
1.14976227306751	1.42924331145538
-1.3203986392216	1.32463964307793
-0.413730680333414	0.320888721656759
-0.119545471464112	0.0730778713492053
-0.173834967445948	0.117615183798292
0.196443709515116	0.145674447810183
0.163625358955636	0.108810213526551
-0.389955764282231	0.276364109155234
-0.487714193016348	0.372872010913352
-0.199593769018529	0.293690093010191
-0.0358881825592045	0.0345968097430874
-0.107019844916254	0.145364497616073
-0.105223778876424	0.13312952153397
-0.393820434214906	0.653176612736141
0.0744440620816487	0.076384847343163
-0.657024109038946	1.09470092754123
-0.427743040018373	0.542333936486668
-0.0209040243323435	0.020189500232518
-0.246133111716022	0.314378502199767
0.344720341370289	0.563664427574081
0.939397196405693	1.80507936907222
0.404021827179088	0.487700099872987
-0.122090879088023	0.143111380242233
0.199191910761267	0.220942439563698
0.78792659821061	1.49648857995737
-0.721182614317827	1.02883713103676
-0.671693024625609	0.959384865383396
-0.0534308360102745	0.0572065933354233
0.0660292626504782	0.0755613126886575
-0.309529406392617	0.461918864463793
-0.191717840739339	0.234743434993644
-0.13298481187682	0.181405869390707
-0.23267983306096	0.344370896755312
-0.31358488989	0.434817715466179
0.143254043375539	0.179560514136691
0.105988647259513	0.118826348772331
-0.112261777566536	0.113291307767348
0.0293329110374756	0.0247286547476582
-0.406277012310051	0.538986235672504
-0.674765676785215	0.545649823465162
-0.221708424642516	0.2333333541859
0.0137918132745716	0.010270513168344
-0.325410993063131	0.319938832599952
-0.265659552066275	0.194200980313433
-0.00637557637037879	0.00355970996600095
0.0289038193280555	0.0171413780587822
-1.14895269330486	1.17240448559064
-0.747095877423647	0.697717017964945
0.804052727722994	0.712385443173546
-0.131385268041818	0.0902783674300096
-2.0585516765396	2.79248735771787
-0.573069444667283	0.392154228921532
0.0186131411471097	0.0125249060305687
-0.487688538815458	0.372809546750251
0.221482429232748	0.180526925760338
-0.395482707086432	0.361039862958492
-0.358732662393978	0.230114354749903
0.740687118887036	0.716362062194478
-0.579274580544113	0.475386205460311
-0.422342376725643	0.236676559474934
-0.766201114478335	0.66270873611259
0.0289840778068076	0.0171894330672799
0.142077308944848	0.0888624360218098
0.564257720096497	0.38949350224345
-0.648373842169701	0.696240291814015
-0.358680527282511	0.230076669085373
-0.889859782606406	0.75818922164643
0.533329532533883	0.411241844029059
0.39899192284154	0.260983107314941
0.116261385167052	0.0680970995288913
0.92864495305129	0.545077172240108
-1.13156588129176	0.86763319064665
-1.00946265936106	0.719458642516027
-0.212728154709746	0.172597522843799
-0.791982672273346	0.630647826107759
-0.499926688749638	0.415639761064649
0.0833763555440825	0.0558371249873706
-0.967294616180985	1.06821640467112
-0.825232150203982	0.599654790054676
0.0129476556641341	0.0142868189250691
-0.175100650396348	0.205059023600498
0.0553901953864865	0.0616111015265389
-0.451044727137675	0.649682232063767
-0.434954304411618	0.475200621372345
0.100472618728159	0.0817780686613195
0.0533943885931312	0.0433994765491899
-0.298834010909191	0.237622711001143
0.196529873557019	0.145764896324745
0.467500852484891	0.568217732080119
0.352076728732017	0.44512678852151
-0.876387823404206	1.13860072994926
0.551233315877507	0.635298022746554
0.485609695517195	0.48707102681153
0.111738652640558	0.105425428640734
-0.0247096529480652	0.0264427628934179
0.654829441874015	1.2787624082338
0.297294330759293	0.44152697636745
0.488288389015311	0.883298382768038
-0.177229837668718	0.243227669353109
0.357462288319612	0.487128031261258
-0.158038344112043	0.231283023201628
0.584342335713393	1.00382792080037
0.0700683524620083	0.0592794066715281
0.155760288461938	0.126904387284416
-0.708911413623712	0.801159832729146
-0.571425270298364	0.312336137740824
-0.348305108635136	0.320305435748116
0.328713590035896	0.327483934177315
-0.107551153683785	0.0823416233519769
-0.472033637882765	0.32898027204842
-2.10727742655476	0.3785967871456
-1.00950067227012	0.71944848988664
-0.766359856860222	0.662954716710527
-0.0760508511526107	0.0473733456090217
-0.825402940083173	0.599705268512402
-0.938735239640749	0.73390564546803
0.740538917793061	0.716312897226207
-0.31504298439335	0.180518434415824
-0.472108155766521	0.32911275292109
-0.167723743572673	0.0869307434564531
0.779672567232789	0.876021524406456
-0.573043063375869	0.392116283470683
-0.376011104435768	0.319722607956663
0.497236432279839	0.461786244409188
-0.167731464486394	0.0869187079317173
-0.449536287830222	0.282477104716803
-1.22589624035045	1.32032608578155
-1.00946265936106	0.719458642516027
-0.472122254448979	0.329060173996601
-0.868473343453346	0.967800638443948
-0.674685497193282	0.545475329450318
-0.57940067199644	0.475491171193195
0.0857428988252296	0.0467687674262433
0.0856635463965309	0.0467239502969187
0.286290525771017	0.211533426053093
-0.391716070497778	0.191515317219743
-1.81271242261102	1.31300780572194
-0.167822568183777	0.0869921519796813
0.396197438898127	0.226365511940548
-0.487608320482119	0.37274814708529
-0.449738456594333	0.282686420755686
-1.0094931847238	0.719548716819513
-0.314913534863782	0.18049000784073
-1.01104892519336	1.04670851481839
0.0136862656565479	0.0101927797055079
-0.00637557637037879	0.00355970996600095
-0.568533923892215	0.350116156310502
-0.573109057679514	0.392100635956525
-0.184148497629906	0.0789589941501255
-2.93109936895854	2.38561979852741
-0.568404782301551	0.350035267727637
-0.572819021505573	0.391827856235246
-0.42767078790445	0.541817239826051
-0.241692239203912	0.267796964763501
-0.183103470123853	0.277853043797895
0.0199834335394943	0.0243312037564533
-0.172887353297476	0.211619378285697
0.169856331942731	0.213776767797022
-0.752704082366025	0.939260076031647
-0.732190934953927	0.732950060175185
1.17357741842058	1.59903060029235
0.833328528866371	1.03354848355549
0.181375246212359	0.127661746302116
-0.461941509756062	0.447436107084494
0.193698828997065	0.178076749691057
0.250869700770155	0.155330162038453
-0.26554880296696	0.194126969543783
0.27381699183034	0.280895811042229
0.0553331337085726	0.0615447508411915
0.312225536435982	0.41239528096114
0.206955329715982	0.268846937071853
-0.134224756068546	0.176915239824558
0.10293301171334	0.137470477725773
0.229096137576101	0.241096540881904
0.770200149802503	1.88329110092955
0.330840971326293	0.594550016322076
-0.0521698923381371	0.0405872207103281
-0.094565597638795	0.0658831806182571
-0.298813842968737	0.237624332958612
-0.184617640808077	0.0791844639739394
-0.305703096814016	0.282755194205931
-0.00639887010765399	0.00357225047147287
-0.285020674166101	0.18629562430315
-0.0489803984799141	0.0267132188815541
-0.422342376725643	0.236676559474934
-0.00488584384338446	0.00226550049600557
-0.500117645690407	0.41594675017541
-0.581751740738373	0.516604081856749
-0.568404782301551	0.350035267727637
0.128739954381237	0.0571706971446716
-0.23539602597155	0.138035568356171
-3.42043917778846	3.49925171492392
0.264802209253012	0.174630751522979
-0.100801533203036	0.0536027369599788
0.264658266871447	0.174547011346903
0.234291393901341	0.135604455620529
0.250842947914754	0.155326910864604
-0.472070889856049	0.329070387884181
0.796391747410539	0.546036139861055
0.116526517821867	0.0682388702802972
0.178315331624704	0.0879190895682354
0.0858353222994158	0.0468161299105287
0.0478981651999103	0.0241685434406286
0.928532535536287	0.544905767686774
0.564062882283864	0.389336622319144
-1.35091571216432	1.1824817039579
0.399720762046032	0.245300880797733
0.0478374739349464	0.0241360072493468
0.128617894345499	0.0571115897629187
-0.877126600741735	0.577023179258317
-0.184739462555253	0.0792331882344397
0.178329729181954	0.0879236922445928
-0.852604151174065	0.785927542903538
-0.720021698892733	0.767662450144979
0.399320966654503	0.34043004569733
-0.648373842169701	0.696240291814015
-0.889716083218483	0.758012030530767
-0.176767850527243	0.144609313402564
-0.518537206682979	0.17931447468502
-0.167754090883061	0.0869546539632337
-0.87719241026191	0.577211271023757
-0.288972409223088	0.285196314906171
-0.302630861729554	0.40292417647122
-0.155080966418878	0.164570451299632
-0.115031545732511	0.0953465163001307
-0.634844558588865	0.797063532308475
0.39943137726308	0.340538087173694
-0.325849008078184	0.279435231508469
0.232041081868315	0.197467830780027
-0.381135591421568	0.395482098555254
-0.115049989954782	0.0953893353566603
-0.730178517925091	0.998303862239281
0.123414219855483	0.0916913597139219
0.485732559695969	0.487185603795966
-0.730544582217877	1.25808579547582
-0.165166693225686	0.218409442224206
0.312303155013602	0.412491106393833
0.639484738389799	1.10482018625346
0.322794990369047	0.459081802334012
-0.175024366810295	0.17506410975301
0.311825608087162	0.411565550446691
0.263565976901089	0.328549819039654
0.0295644607492478	0.0249264834436231
1.3077003133221	1.83295426805294
-0.00632488989946536	0.00352960009097734
0.365797211168257	0.150339977566715
-1.14288853040614	1.02069156014116
-0.585162835395546	0.595412768328562
0.399401575950892	0.355504650371975
-0.731879245067499	0.732594284903955
-0.889813078580762	0.758273976852272
-0.571618661584741	0.312525279780433
-0.285164564145787	0.186407245785783
-0.788455095258988	0.414291169728785
1.03227505489586	0.911263981477454
1.83625949866341	2.16672889832334
1.28503333833898	1.48983474314799
-0.938958711023036	0.734322134192378
0.0584657231335231	0.036938288303298
-0.235449075529597	0.138051915791987
0.211948576329243	0.113865296765307
-0.235554617857959	0.138124741028281
-1.00953121808198	0.719538579271265
-0.171793801836589	0.102951867486592
-0.568557201492344	0.350052320551455
0.398797581707142	0.277035673986689
0.38745688057007	0.203646525201812
-0.0759244901058836	0.0472976538205904
1.15049293093026	0.774452381792266
0.750925784738589	0.546494659096437
-0.00482107994105268	0.00223775864590989
-1.0094931847238	0.719548716819513
-0.358601625161616	0.230018412531975
-1.78570526318442	2.04238601073378
0.276609133537466	0.193488659541977
0.52260086505857	0.423868437779266
-0.674791434292598	0.545622611509452
0.546816875156251	0.399566848469562
-0.686906702044741	0.508417242046547
-2.81259942697913	2.16615330817919
-0.568473274508818	0.35013698342253
-0.848873389158817	0.353718585819526
-0.171998424677568	0.10308111895244
-1.27055405837643	0.88524530962507
-0.146792041912159	0.200631570445843
-0.242492877587352	0.211193453564899
-0.149289629136603	0.141005745254028
-0.115247991774987	0.0955651279413068
-0.358084571008012	0.393228784017514
0.0532494203984755	0.0432794076594535
0.399202363897532	0.355292174079647
0.32385295969397	0.311138565471765
-0.0344081561738779	0.0245554787313122
-0.131147323350631	0.0901154101141619
0.209585260938722	0.163158798782528
0.477804100387475	0.514095834691757
-0.648546740048736	0.696381948168372
-0.115187930302016	0.095512148141021
-0.198040458125103	0.209102142193863
0.488282271402124	0.883451917645915
0.232222382625229	0.295395686662553
-0.0311725867121844	0.0317738496259368
0.5666526683868	1.07659127481907
0.251333926928551	0.231871783363614
0.311003044861079	0.495184824415346
0.232066366774771	0.295116569002177
-0.176712165728201	0.144563040925018
0.123458078786281	0.0917309319304603
-0.462042533591744	0.447532792332834
-0.516375129736063	0.178441001382876
-0.752662664109853	0.939349280187943
-0.746880785015513	0.697457472057385
-1.51174615796903	0.927670006540335
-0.0485856078568522	0.0264852386157063
0.398760164897017	0.276958879297906
-0.1718633119952	0.102970008030611
-0.472010450119347	0.329013950089207
-1.14260067669355	1.02066115370797
-0.1738760053631	0.117653995479651
1.34301570388066	1.01445552987221
-0.391724305318784	0.191524028484181
1.03214221452611	0.911241377499726
-0.0393365030093654	0.0249446561305499
-0.260579855127371	0.131555960501043
0.234209408113983	0.135557017197127
-0.824956711698704	0.599283845361732
-0.968384130058026	0.567051569300168
0.606746759712527	0.367950501034703
0.0479589629339549	0.0241959289933283
-0.413689766564485	0.320820924954667
-0.173812992051245	0.117606196781948
0.898429094995836	0.72345739395091
-1.11469972387002	0.540927932422351
0.178423283573288	0.0879679360806085
-0.224338278181341	0.149249065378193
-0.422277491765285	0.236577437285146
0.211964338892854	0.113888136941665
0.39979839264148	0.309734442086722
-0.391828951569218	0.191518019745526
-0.48773985319078	0.372891051623747
-1.23450649431983	1.17066069656251
0.584675168308242	0.379860425930649
-0.0759270521319743	0.0473049630283594
0.892924391191014	1.03948064254719
-0.100524984420176	0.0534573894442428
0.234209408113983	0.135557017197127
-1.4018007776737	1.0507394544735
-0.573161765273624	0.392176229876356
-0.449365358784094	0.282333748586784
-0.449738456594333	0.282686420755686
-0.732099967580472	0.441350213980641
-0.384581280995927	0.466079637868112
-0.876385563998898	1.1386758221763
0.467143027349039	0.567983366976307
0.0828769652944142	0.0645800647846662
-0.492922669064378	0.594116249185202
0.182361910440671	0.161392802196229
-0.414045673528618	0.321172019975283
-0.131106092943825	0.0900693868095668
-0.176673524872822	0.144533156049907
0.693696586515132	0.72506390916025
0.399452026643459	0.340590290552723
-0.48776714051348	0.372911243742093
0.242057355721101	0.214685800584402
0.182229007321072	0.161261251767719
0.404071430085935	0.487576481026807
-0.302682483891125	0.403064844205291
0.330140185479102	0.492505416748716
0.608412875037318	0.961960850034547
0.0963655453809894	0.104948196002639
0.3133568651253	0.278502834108035
-0.126339635202558	0.119781543581762
-0.284954448076909	0.331387106340144
0.105009278502055	0.0742180631719917
-0.413815629625469	0.320996865707269
0.276501593424179	0.193390335819138
-0.849278232245566	0.35392746874739
-0.571731700161253	0.312583492623591
-0.0787588855722984	0.0353441950334484
-1.04415136315618	0.874134056622482
0.0836628725934424	0.0560226131456822
-0.674792889721164	0.545690657241514
-0.034610477668306	0.0247004503221773
-0.285294767919262	0.186474013246493
-0.573135403447075	0.392220170007954
-0.0628036961608441	0.0443159983603137
-0.0490327681648237	0.0267369195294689
-0.131188573518199	0.0901445086009192
-0.701931635787829	0.4711048335323
-0.981611408958103	0.891369034784776
-1.06741049607932	1.02918447124468
-0.701862955864654	0.471051609861451
1.2460805514049	1.14608745729724
-0.174065180927794	0.117772475330616
0.750842858445568	0.546344713229705
0.264755643837087	0.174602748105253
0.656098836707982	0.556370497555478
-0.285007010964892	0.186314582604357
0.259615626927427	0.248559002030518
0.564152751246519	0.389471809180536
-0.00649619072655505	0.00362618846728953
0.0859014915634962	0.0468510187878195
-0.389904182000159	0.276324804610237
0.396111062600139	0.226300322457463
-0.235237583424851	0.13791980571296
0.196767667011899	0.145959372103871
-1.40178047258965	1.05066848132629
0.399583361571094	0.325359390748264
1.05636969913488	0.549855793811326
-0.825119323641709	0.599193489684866
-1.54128630833344	1.51559465425464
-0.0785456362005581	0.0352399196503108
0.178473992833301	0.0879941463135877
-0.634989632584741	0.797238656525503
-0.282143597112904	0.244139392478535
-0.487741478563822	0.37286372866831
-0.10060690072741	0.0534984057920706
0.0585918553379603	0.0370192038447161
-0.298600358360691	0.237329276067929
0.0419548721468106	0.0297044182670588
0.209824845208252	0.163386666584506
-0.167951626888407	0.0870286489644514
-0.825232150203982	0.599654790054676
-0.413922579675039	0.321055963873097
0.584743628490391	0.37993126836576
0.963576217500344	0.737080806847057
-0.173812992051245	0.117606196781948
-0.472047704335293	0.329071112036136
-1.14239648376065	1.01987462767944
0.34051035289955	0.37438712000695
0.343317638150654	0.388928559721795
-0.522787834830133	0.842247067179841
-0.0681465214357649	0.0652957735870548
-0.369984151021325	0.533391650489703
-0.690511590816209	0.86459287858874
0.143621878364262	0.149189532779831
0.406154842051718	0.612173658186316
-0.510462132487012	0.45806999770445
0.250671549096301	0.155227427239656
-0.172021587424904	0.103087776800566
1.31729408016793	0.590203599966043
-1.81225698285298	1.31305541513534
-0.322329129041418	0.232140380002769
-0.391481666646295	0.191384943509599
-0.260486639341066	0.131500765009026
-0.571963286722402	0.312637127021938
-0.260515813735499	0.131513276350311
-0.391481666646295	0.191384943509599
0.250763944228594	0.155289556810608
-1.24492490695011	1.02185014029931
-0.939050965893036	0.734553872901206
-0.314974334266225	0.180517382779914
-0.422384984558512	0.236709053249403
-0.322032975668386	0.231903465341743
-0.848235856286303	0.353414829103439
-0.314837032959884	0.180433066341452
-0.66555976774528	0.583288726426246
-0.314905683790335	0.180488007236133
-0.105015388977172	0.0291873412061693
-0.572990344273574	0.39206853349588
-0.260357985752607	0.131395186767185
0.0289295329639315	0.017156171874967
-0.568511406865005	0.350173903370174
-0.571856302171083	0.312667878337296
-1.51174615796903	0.927670006540335
-0.791931519146898	0.630510016423755
0.286334355858973	0.211582312059847
-0.184739462555253	0.0792331882344397
-0.00469172861944419	0.00217379346282996
-0.327230659220978	0.129567376802136
-1.63529122922898	1.39567717437349
-1.13164225147126	0.867764086305046
-0.515990783583792	0.178284628481265
-0.449567449519245	0.282520625046012
-0.00486435955028876	0.00225474722485634
0.264597924244184	0.174496820223054
0.401511262723611	0.41591420151588
1.34316444194402	1.01510003139785
0.85276529812906	0.546766261298029
1.03240671571427	0.911297550919524
-0.285007010964892	0.186314582604357
-0.702000315358475	0.471069360153076
-1.23403894024806	1.16939331640454
-0.260170783678341	0.131299457961473
-0.579033367168222	0.267270811025254
-0.517513875524486	0.178911161319999
-0.406143088696864	0.0911104868149055
-0.471720041493837	0.485590314317207
-0.699109541750235	0.833226538716828
-0.381383100578355	0.395707016680351
-0.212619627852442	0.172495534098922
0.740451330384789	0.71612262862002
0.181182218714402	0.127493819732171
-0.0487568225975182	0.0265874476193196
0.750975541614246	0.54652601352424
0.769489751480815	0.712789003425625
-0.577086391382454	0.434395001497962
0.606811949914098	0.367954213314213
-0.358509316483428	0.229953272680103
0.0616700182489409	0.0238789606093496
-0.422341841578886	0.236653826502526
0.250724950671121	0.155232778584426
-0.0788395206722486	0.0353837508560663
0.0478757935477757	0.0241566119386645
0.116377143600508	0.0681615225405326
-0.381101293354685	0.395426284196428
-0.295002942402833	0.32557458108362
-0.149458100779494	0.141213605599012
0.688504237128612	0.900913574862511
0.330293114835245	0.492906840771107
0.143395494560237	0.131266518519611
0.464813584024223	0.580570791340425
0.534900144339348	0.913821568051857
0.399566960302358	0.325205284364738
-0.171831111220029	0.102975093490661
0.387524745750924	0.203731359245904
-0.848352883478491	0.353483822010577
-0.877129310235883	0.576908736532363
-2.10727742655476	0.3785967871456
-0.95187692509697	0.272670624519378
-0.184485633764555	0.0790929662935038
-0.391368449200474	0.19130152788782
-4.45035536364442	1.84404406379781
1.05647634350404	0.549821521222389
-0.579162162837228	0.267406238343768
-1.68694899077746	0.703952762450668
0.387350306201344	0.203615179010527
-0.568481019853327	0.350153375981782
-0.1843733468576	0.0790649086662853
-0.571731700161253	0.312583492623591
-0.167844965554481	0.0869955704368866
-0.68642062711381	0.507816047405359
-1.52272863262192	1.2210077243497
-0.167860712017752	0.0870028481663323
0.396154537368834	0.226335141231484
-1.40186461371808	1.05084714160718
0.0616119293818908	0.0238454086482069
-0.327335550717987	0.129625546394617
0.178329729181954	0.0879236922445928
-0.100345964860746	0.0533501486030699
1.2121859198127	0.970985606335259
-0.579018048486102	0.267409454362904
0.852884874763862	0.546572093051792
-1.27073852153077	0.885116853872745
-0.732021846522536	0.441299012127764
-0.32733529210431	0.129585538245281
-0.184485633764555	0.0790929662935038
-0.167806752329096	0.0869693039478201
-0.413793633721842	0.320969820892725
-0.351913073834168	0.276585444919164
-0.674659755958964	0.545452715371539
-0.0082303190676378	0.00530493174834557
0.0858883652709848	0.0468433639331458
-0.0392257806238344	0.024871844928722
-0.849075640655895	0.353944854479088
-1.51128399880157	0.927879913676698
-1.12692027910398	0.723978664203291
-0.489990719884116	0.761357979856024
-0.0437223675711854	0.036841930636138
-1.08445219983833	1.18435363304479
0.968786534258991	0.894783796754406
0.399737777611166	0.309715144360561
-0.25327537508775	0.203569327142878
0.276581864658763	0.193470468193327
0.250605830440359	0.15518710398705
-0.0487702312480759	0.0265925698568664
0.898444264260743	0.723439633854202
-0.00484279931117502	0.00224682304483335
-0.351888792682056	0.276612510429749
0.963576217500344	0.737080806847057
-0.732192865670734	0.441473163114747
0.968679705784598	0.894791434390984
-0.449730708473686	0.282688698372418
0.474886964899751	0.527978530820015
-0.284787928156502	0.331131887082044
-0.00664715085146398	0.00565512035856975
0.279842024857308	0.296423059935432
0.403942016210361	0.527722246049594
0.182244964487886	0.161274472399625
0.235660958725163	0.255590498037279
0.350054209523345	0.431071042688644
0.0186535911440055	0.0125518766756815
-0.00638929513398506	0.00356739098780242
-0.235475303257102	0.138083428952403
-0.848554588996423	0.353709685597233
-0.104191034118389	0.0289508643830017
-0.572990344273574	0.39206853349588
-5.03426197646044	2.85062614636498
-1.11459535646121	0.54087500274063
-1.12703244414615	0.724105062479207
-0.322117960194991	0.23199093386192
0.250724950671121	0.155232778584426
-1.67000305639844	1.12104617706866
-2.19255723702801	1.21048047914659
-1.81214638498018	1.31346636503693
0.116368199676192	0.0681703696479722
-1.12726154838206	0.724019034618447
-1.11384369426122	0.540061252740227
0.366007310144161	0.150389420387711
-2.38049913199445	1.46167710571258
-0.0788269788881849	0.0353859300459337
-1.12714451863863	0.72393034465297
-1.11409385166674	0.540651439280993
-0.686722096742145	0.508273973989328
-0.701893398829885	0.471060653765222
-0.95187692509697	0.272670624519378
0.365796592364056	0.150347828566248
-0.104844951344196	0.0291451841025915
-1.3204787748606	1.32492339350812
-1.51151931630602	0.92801396381259
-0.472047704335293	0.329071112036136
-0.00653322317101659	0.0036465042430468
-0.00793643439331131	0.00260858291975344
-4.86904176537515	2.53066880531608
-0.846996344736511	0.352712982272515
-3.87522571878201	1.20686794936312
-0.828980704057059	1.57256181460824
0.0729172955931192	0.0684019027263507
-0.585340701019162	0.667558609273658
-0.299079606706917	0.237877630655294
-0.581706916550235	0.516552765117265
-0.752724747027881	0.939086351682482
0.116391353791918	0.0681832637592717
0.533222644573356	0.411110517018407
-0.0783116707433352	0.0604472395164349
-0.358536204185177	0.229923387816294
-0.00831300788254624	0.0053575270356208
0.769786644699538	0.713194851678183
0.301670867142545	0.245944501204832
0.234112079861019	0.135489192248169
0.250684905061533	0.155242539654961
0.163460406680137	0.1087083436611
0.399567666730592	0.309608506043698
-0.155180761899559	0.164644805693864
0.160796349643845	0.177195275227911
0.053325811752799	0.043344607396408
0.345536559204889	0.402587531049089
-0.152631643082862	0.153141597530544
0.343303382891303	0.388901497863345
0.133331334985211	0.134243590987067
0.0854772918413435	0.0751329244881602
-0.358693947004867	0.230050693313241
-0.889706188698458	0.757896671481691
0.635692775513996	0.565109371608688
-0.00866762541139504	0.00285038216826518
-1.81215013291437	1.31285472539129
-1.81285341624486	2.51464836854285
-0.579090117832204	0.267455039000505
-0.184627520138321	0.0791861460962011
-0.792029090058758	0.630725452876737
-0.449567449519245	0.282520625046012
-0.568442908073705	0.35011647403505
-1.12669836517588	0.723532054881941
-0.235316786021102	0.137981180349472
-0.39009037669517	0.276450857378076
0.564234976882592	0.389578962842842
-1.63519892643573	1.39549661695138
-0.788222961863263	0.414264406349458
-0.732114848484512	0.441422043241892
-1.78570338205692	2.0423546858861
-0.422277886081322	0.236628606264027
-0.517262058968037	0.178864495866734
0.276634861834895	0.193514161038662
-0.571725802687708	0.312448617253001
-0.571531865159127	0.312374846114351
-0.100509606076791	0.0534359574492713
0.387511878551028	0.203703880087379
1.73203804636681	1.91358535129191
-0.792089496111302	0.630754759552082
-0.877084922463205	0.577091573709713
-0.285127572665304	0.18640202474893
-0.573161765273624	0.392176229876356
-0.215053610755998	0.25127899696896
-0.0681582407152023	0.0728918826749092
-1.04982284269502	2.23088752777088
-0.434885481750146	0.475078414801678
-0.305836931473833	0.282943420461843
-0.139786724060255	0.105958265940203
-0.413711788121587	0.320827630028504
0.0835524868560745	0.0559590557469043
0.832832557194316	1.19107279182436
-0.298793677715702	0.237613009252236
1.21222890975055	0.971060007159056
-0.167738302724452	0.0869260433210468
0.163542982860668	0.108778932354839
-0.825240015986526	0.599593248021543
-1.0676766626128	1.02972457605802
0.52233282678723	0.423828576929694
0.769730612762067	0.713415955765321
-0.00844394019625501	0.0054410827867448
0.0244105771748197	0.0220174195566367
-0.0974759256824159	0.0870286879102516
0.143380202494722	0.148960108623873
-0.174860788626105	0.174856541928779
0.298106735161127	0.354809361104926
0.404081826721732	0.487859870377861
0.702238605991939	0.893528128774944
-0.0653528460540949	0.0547914848485376
0.399138821789747	0.369789775922162
0.97248527711483	1.05479728020599
0.399346206124844	0.293353645104424
0.95671106671777	0.345047173325076
-1.12691507044464	0.723963263011774
-0.389851199294465	0.276258673020716
-0.487714193016348	0.372872010913352
0.398797581707142	0.277035673986689
0.399736705985783	0.245328474613378
-1.1145954954322	0.541089063658969
0.449482770198073	0.0873321855854351
-2.94742201638341	0.645982057725913
-2.19317773508491	1.21121855507647
0.250856326202682	0.155333043784006
-1.04462293069808	0.875080562846637
-1.67012581591828	1.12164825399542
-2.81217364274559	2.16500371918794
0.546882652287686	0.39961135638563
-0.568374408633626	0.349993657688987
0.116284536468204	0.0681178066573984
0.56422737419145	0.389555636326398
0.564160308367146	0.3894443144624
-1.27073852153077	0.885116853872745
-1.12652640012858	0.723128957984479
0.0855710855814217	0.0466692685549772
-1.68633971949454	0.703563702264362
-0.732021846522536	0.441299012127764
-0.1843733468576	0.0790649086662853
-0.00464881905447431	0.0021552090576274
-0.674820100668733	0.545683412508346
-0.487714193016348	0.372872010913352
-1.14269810995914	1.02058716072578
-0.621004795703089	1.03575965775011
-0.0392501429597563	0.0354964237804828
-0.351396761689717	0.467445136035492
-0.0947125918300153	0.0659933735364849
0.0479364447408366	0.0241891330477726
-0.0783571530224976	0.0604957632471473
-0.518572338243463	0.498291229956099
-0.0344371294284795	0.02457723815728
-0.176801069684938	0.144627652255444
-0.433356843994012	0.364700151185672
-0.224363956956832	0.149288353019299
0.0834419623206405	0.0558844880401982
-0.449544062178421	0.282531156107745
-0.576979499479811	0.434315794257747
0.399587112669457	0.309611469101884
1.64845493697652	2.22607159666983
0.18206519770599	0.161065006664092
-0.300611468892193	0.366552513323481
0.639547476632802	1.10507042123934
-0.504636647825356	0.666777049888855
0.199347186209221	0.221201862656353
0.400622053549678	0.400610756240387
0.123150209445025	0.120116799899217
0.0854490458959295	0.0750962116918404
-0.242881020605336	0.21161945940717
0.968763405945866	0.894851243166186
-0.351930081540779	0.276630397745374
-0.848235856286303	0.353414829103439
0.0615106551227168	0.023806118014709
-0.792066289731086	0.630748823283636
-1.62741679142068	1.68636056867581
-0.224230772830144	0.149180058323105
-0.184739462555253	0.0792331882344397
-0.517513875524486	0.178911161319999
-4.86904176537515	2.53066880531608
-0.105159166906112	0.0292185674982776
-0.449354185574023	0.407028967229039
-0.568351641997104	0.349910676355777
-1.27073852153077	0.885116853872745
-0.968391518768341	0.567163423048126
-0.235528417687142	0.138093242377677
-0.701862955864654	0.471051609861451
-0.391957975436554	0.191620519285313
-0.579189609217717	0.475255109814496
-0.433380803591891	0.364749116803
-0.472084972467567	0.329086525090447
-1.44938339197614	1.34681940197719
-0.422320938196137	0.236638315029538
0.711981637507327	0.546618402945273
1.30835291915452	0.797338851830935
1.04434466175505	0.754284813205743
2.04751493191061	1.45235907309448
0.533269183355893	0.41120691108276
-0.314852629161087	0.180421594369275
-0.470507869207982	0.809772663308743
-0.471591398829304	0.485369096740568
-0.581600116981307	0.516448993782105
-0.766520318870356	0.663134379752832
-0.510289006936431	0.457857532003872
1.2849545171453	1.48988775933262
0.711902189597772	0.546539513612059
0.0187603779399543	0.0126212930219517
0.898436685031673	0.723471675074255
0.396219281155119	0.226374014114269
0.564077937788897	0.389253227742824
-1.04479390915377	0.874944528103677
-0.449641252180695	0.282629245641421
-0.235382896302948	0.138024912443037
-0.00887297177040951	0.00291884997088316
-1.1145954954322	0.541089063658969
-0.381115017253635	0.395449376400263
-0.289162919444906	0.285483560577505
-0.0837118690828701	0.0894248941814414
-0.0782464184105922	0.0603948255842894
0.403541103822162	0.460107851331349
-0.449354185574023	0.407028967229039
0.474886964899751	0.527978530820015
0.764640734959264	1.50521503700424
1.34290899621575	1.01496515257567
-0.314974334266225	0.180517382779914
0.39935513894018	0.244987366717643
0.448931724883838	0.0872096407569261
-1.68755917895986	0.704253567990808
-0.571969057025845	0.312725884763733
1.04433042627028	0.75412128636301
0.955568975584273	0.344510645872178
-0.51764708606635	0.178953973086848
0.449356737420673	0.0873001538306624
-0.951510131474032	0.272461351367526
-0.103708004302289	0.0288061650208548
-0.701824725138337	0.470945497752617
-0.422555627591197	0.236655728231589
-1.68718740077762	0.704071354649794
0.399629756186755	0.245296505376421
0.0290386308033832	0.0172194422525343
-1.0675179913994	1.02948100786859
-0.701923815248982	0.471043419126657
-0.390010170761787	0.276421028544424
-1.00950067227012	0.71944848988664
-0.224388049835183	0.149290255205559
-0.167814701890377	0.0869867978736486
-1.35099453460357	1.18251242155464
-0.658749817648165	0.622152684934269
-0.358522758485451	0.22994932308938
-0.260658316972533	0.131581223015508
-0.638903538139487	0.764192824063773
-0.121116753389857	0.107740423467836
-0.176650867000521	0.144460541007709
-0.389798224379841	0.27617873057893
0.25139962859378	0.231915421284124
0.221576671613479	0.180599785708879
-0.510754006593504	0.458295365580187
0.0186333673940162	0.0125386230495905
-0.576798822309945	0.434032740346792
0.602101370734908	0.58259283384084
-0.119572665333446	0.0730925935206141
0.301271393261946	0.245482575702277
0.402733937014348	0.139484956672463
-0.171770631410099	0.102932060208856
-0.422427233635055	0.236672878482993
-0.433205412351035	0.364538367085565
0.83235605957649	1.3436500093905
-0.0570805892876348	0.0514180230707401
0.455907460899678	0.630211740641356
0.472268425076348	0.54172099939148
0.307380866925768	0.261832883644074
-0.376123441249274	0.319807562477193
0.0596644321951621	0.0540978712315927
0.0599178263760614	0.0543276671511571
-0.0759489641588138	0.0473161986698993
0.963370850303374	0.736798442331128
-0.788111377288474	0.414177817025583
-1.32938572253344	0.733074998982863
-0.314776207125623	0.180364724263437
0.234306721965948	0.135608476227016
0.116247166995476	0.068095355374989
-0.686827855694164	0.508381075212563
1.14992405591297	0.773472574326896
-0.578932087841688	0.267346135716811
0.128609310588168	0.0570988901799906
-0.579296535169985	0.475401577626035
-0.487661253003712	0.372817824928706
-0.939143234552252	0.734645723530448
-0.573201430999483	0.392228605869892
-0.732177930350104	0.441368127807516
-2.6840172976645	1.94101674114423
-0.568594461852447	0.349992308338772
-0.766279633249944	0.662720330762715
-0.167746238435569	0.0869469108163603
-2.19317610517767	1.21115236630217
-1.81191719308201	1.3128712614797
-0.289289407225359	0.285589949198648
-0.394599525801213	0.432299823921245
-0.267644592783923	0.248797855858063
-1.08436610498949	1.18424888419965
-0.6533224692108	0.659742172425277
-0.486567941976585	0.558105253768581
0.058443790022945	0.0369248768508539
-0.176164638179333	0.132110327925399
0.399294503275736	0.293374967381293
-0.00835779426278159	0.00538654948419021
-0.226882171188545	0.225527629916968
-0.686722096742145	0.508273973989328
-1.688168805946	2.15875938202528
-0.658818499928396	0.621585557495417
-0.131233499060858	0.0901795833894835
0.838381210463072	0.876877729957073
0.617638290188199	0.573665780578026
1.47077335719175	1.75615660792982
0.0138973654543285	0.0103469071231955
-0.0568678773659352	0.0512186538877777
0.35540418195687	0.472345483062916
0.909702867243712	1.94955329143451
-0.308314033682194	0.321970869755907
0.203856065932363	0.194256518166293
-0.0762528077505098	0.0683985843395285
0.154843129222342	0.146825041343741
-0.548603977688166	0.787631808355699
-0.0626510774488338	0.0442001932599015
1.37278432050403	1.53201246588894
-0.571345083187715	0.31223357533473
-0.95187692509697	0.272670624519378
-1.4018007776737	1.0507394544735
0.141971261916633	0.0888023742952421
-0.11949245706525	0.0730428325659769
0.250460888210078	0.155057722890291
-1.67000918546535	1.12155961645345
-1.68657752983501	0.703681756485321
-0.573082641337609	0.392110428954273
-0.235316786021102	0.137981180349472
-0.571963286722402	0.312637127021938
-0.938998525441713	0.734414306613764
-0.576956172384241	0.434247580911962
0.796455763646197	0.546406595576815
-0.173687033340215	0.117497462851281
-0.314883095294388	0.18046152778602
-0.422234800101602	0.236535643078274
-0.285007010964892	0.186314582604357
-0.285053627335216	0.186330826663221
-0.0082716539685023	0.00533164399155396
-0.0758613446971181	0.0472573155696398
0.963507761145778	0.737129368422307
0.399019063877058	0.261052466805314
-0.686735568887376	0.508322918373419
-0.358378603274479	0.229747473417537
-0.0284263776586732	0.0222666571770164
0.0898014764231203	0.103197729290336
-1.05057616760425	1.34935857748123
-0.176052217468941	0.132023277324591
-0.184627520138321	0.0791861460962011
-0.0785585849311568	0.0352548515118034
-1.14870428960968	1.17217190386863
-0.260422454505934	0.131473076198748
-0.327441044350617	0.12966822779127
-0.568481019853327	0.350153375981782
-0.00486435955028876	0.00225474722485634
0.387431007706947	0.203668807909657
-0.572081720825697	0.312696224610726
1.0442507952022	0.75417682170438
0.56422737419145	0.389555636326398
1.00972939107894	1.53105237820254
0.221279800490918	0.180254497447589
-0.222027156279542	0.233751040767728
0.182109542806651	0.161113876963287
0.0202600427409304	0.0194168135313844
1.37891734258802	1.87563753857258
-0.00717874990670356	0.00565938707242033
0.182289311229661	0.161308353976315
0.178380255200628	0.0879339556141732
-2.38064264796674	1.46174675563604
-0.391490026470118	0.191378721986921
0.67165474986319	0.334887885324188
0.765221229893607	0.331833236925771
0.387350306201344	0.203615179010527
-0.327230881004658	0.129566059642725
-0.84751494297264	0.353113627072122
-0.967913118768585	0.566880494409038
-1.96299502372977	0.955165401048326
-1.67013186128768	1.12099348540424
-1.27072298147689	0.885399734353617
-0.422299294346764	0.236652215203968
-0.686735568887376	0.508322918373419
-0.00645917082308286	0.00360555572465806
-0.314943947858019	0.180508496860338
-0.579090117832204	0.267455039000505
-1.12679749314645	0.723768445088123
-0.44972297108106	0.282664634540686
-0.171877447008978	0.10300836389379
-0.298906392453111	0.237731703124378
-0.0568272689701291	0.0511810879168769
-0.146787978371248	0.129923090224391
-0.259339789364289	0.397872646247911
-0.645517866818857	1.18893075074114
-0.144342296426494	0.118939532701684
-0.217235349122221	0.160903505377967
-0.889993670971758	0.758410478909053
-0.0394021869687792	0.0249870624350815
0.928993059852903	0.545364679729449
-0.422320938196137	0.236638315029538
0.116140343707943	0.0680159834349419
0.365900780420747	0.150323570811862
0.129098587708665	0.0573264026873503
0.398952751279318	0.261019310889639
0.399629756186755	0.245296505376421
0.234299063326123	0.135610764338717
-0.822651643034786	1.02233916097634
0.481490261500959	0.500636344580184
-0.248022371958607	0.260383993667728
0.67529685825585	0.907468143616762
0.340507077958451	0.374375608343796
-0.119518275601168	0.0730591665263058
-0.149563627779852	0.141322603499964
-0.740372788103606	0.968518311400869
-0.265462605780049	0.194040861809736
-0.314974334266225	0.180517382779914
0.399690400102612	0.24532046887855
0.956226036647493	0.344930752421141
1.80580755289182	0.656394825107787
-0.7322707246791	0.441490978820015
1.30817931439108	0.797679491776654
-0.184505553212383	0.0791373504854963
-2.10706742962015	0.378548652882402
-1.96398821246931	0.956159377765416
-0.167784410327834	0.086973154849
-0.260393358324243	0.131430586479957
-0.938971978520868	0.734455823851989
-0.413900585107279	0.321072021268116
-0.422299294346764	0.236652215203968
-0.579132907592339	0.26744572765706
-0.38993138298359	0.276323571369034
-0.648265213728078	0.695881018030326
-0.576965922644856	0.434268315425558
-0.448891665530461	0.406245100760797
-0.471874728196911	0.485795991253367
0.0726813900259128	0.0681719454297354
-0.26763351580762	0.29610175075162
0.0899198386142114	0.103353726049579
-0.730355133561494	1.25777022679174
-0.0684883530254739	0.0656049912726367
-0.322011037157674	0.231866624991855
0.104803542598716	0.0740606772120314
-0.358561349203797	0.229976361393022
-0.981425340198277	0.891193190806152
0.398965812529665	0.261023979914902
0.399690400102612	0.24532046887855
-0.0392708424970269	0.0249014306048066
-0.00479980150253003	0.00222543899707575
0.671451054414393	0.334664702764609
-0.57703974245666	0.434369516798473
-1.40182099425293	1.05074397500167
-0.579611884950095	0.47551832414627
0.92975029848929	1.04608966046289
0.013753127089606	0.0102420119271356
0.404328531700708	0.501524923064702
0.404092029911776	0.554412814133608
0.69117385116374	1.2255085253316
0.206445632889558	0.23559713756098
-0.146909709470453	0.130110654845208
0.350035762558136	0.431016378893023
-0.11744181981269	0.125087206319379
0.963455420905012	0.736843119096666
-0.73228569888236	0.441519104636812
0.178394582455224	0.0879597751455033
0.440742619385608	0.120469713008539
0.764280160087122	0.331303341451248
-0.260329029925159	0.131417764875266
-0.968033043844823	0.567023112730889
-0.825418566040116	0.599664233386239
-0.487553742244464	0.37268116945927
-1.43551607967966	1.7874062927221
-0.176251209491276	0.132172200056175
-0.0435503518503359	0.0366897522544589
-0.17470682276971	0.164469388180677
-0.175562137950761	0.154727264005668
-0.199555862155726	0.198938007514216
0.871648264367538	1.34680357382261
-0.155156756901589	0.189879558738155
-0.191289260841389	0.234066556811314
-0.131529862450682	0.132339781186591
-0.15263958942526	0.153149840941964
-0.98134518112413	0.890952875697173
-0.366220394319292	0.358661883180603
-0.052372783131518	0.0407456413841672
-0.207315247806422	0.181723288335484
-0.298839945557986	0.237664632715062
-0.173703184055663	0.117463589766877
0.681134523924624	0.550455151752996
1.68383204314661	2.06566940806432
0.398979187192608	0.277138822494332
0.769759377767588	0.713292588042902
-0.285090593703859	0.186376827935707
-0.577063067083383	0.43440075790853
-0.126288201163365	0.119721825499304
-0.131761067888604	0.132604539863126
0.455696588384203	0.629720332118353
-0.677320962833289	0.927625616014175
-0.0653388358979006	0.0547901913145453
-0.144308833928759	0.11890221872615
0.213411183599686	0.210612559781248
0.0854805982870068	0.0751171645725031
-0.931783082408798	1.09134486803983
-0.487873057934406	0.372944209434401
1.68383204314661	2.06566940806432
-0.73228569888236	0.441519104636812
0.0479285507635982	0.0241829353640545
-0.358759464822714	0.230124373095012
-0.119465260841818	0.0730241295804546
-1.11459571417205	0.540895302433044
-0.848034357080434	0.353432748047731
-0.104844951344196	0.0291451841025915
-2.10706742962015	0.378548652882402
-0.406143088696864	0.0911104868149055
-0.376143684377995	0.319851962038645
-0.00777323824863072	0.00708336123771239
-0.533141925212723	0.609980159126473
-0.453701706228786	0.547974870697397
-0.436568262999053	0.578830548860987
-0.152525660780499	0.153032053939098
0.191671755824161	0.206521112982278
0.0992839791027955	0.0904717929541867
0.615880151049442	0.952709937640098
-0.664043280020775	1.02788998399473
-0.370017613418395	0.533513176238899
-0.406567687308985	0.539547727305523
0.259645263511377	0.248566435025837
-0.226545153534921	0.225165230690337
-0.289300542264847	0.285664444150953
-0.897321981337297	0.940062642864547
0.485783176034454	0.487196292662516
-0.207448443920717	0.181869133661447
-0.0945594924773352	0.0658855071300937
0.0120111204951783	0.00973972852873941
-0.326246790717046	0.279790240628982
0.196571155039691	0.145799378267807
0.490799201121535	0.474041641032749
0.871872686129679	1.34706520959952
0.323876343130265	0.311177595444108
0.221501949678954	0.225876901090655
0.0452113235928873	0.0395591033932921
0.00908700299618553	0.00791185795245983
0.170558955243502	0.214859770050541
-0.340522390590523	0.394267915963568
0.455832634173247	0.630045466113488
0.294542240172284	0.229015266462376
-0.699132854522545	0.833314384010154
0.123036005474124	0.119996017816917
-0.0944728873280826	0.0658199548945556
0.787889494006703	1.03595967133585
0.264658266871447	0.174547011346903
-0.579004253227954	0.267391767117248
0.928880311944051	0.545314341145758
-0.253224680769402	0.203534183342816
-0.173709029792348	0.117506469493409
-0.184617640808077	0.0791844639739394
-0.100509606076791	0.0534359574492713
-0.103877372062926	0.0288628201081387
0.440628375497016	0.120463053794555
2.59830808808347	0.565621890602798
0.44905816517692	0.0872417415102285
-0.787878413463182	0.41380613890332
-3.48199261945285	0.919202577093156
-0.245822056812516	0.313892837298328
-0.152468694813735	0.152969006240228
-0.754294680133487	1.16360760756227
-0.144337072491456	0.118936189304073
0.155451104891543	0.147343191965973
0.204059549663066	0.194563735696087
0.235571308980605	0.255469320021822
0.21302497615729	0.210135258537811
0.918726890575418	1.35372857669329
-0.105591034206277	0.100489224273034
-0.139743235874131	0.105939373673095
-0.300495015328945	0.432335090092362
0.0433946749870242	0.0468387840762833
-0.194851847311529	0.228042092553867
-0.587443969507372	0.911470251892522
-0.340039820575007	0.433143537135898
0.169278699427459	0.143836959393988
-0.144476056331791	0.119058199839602
-0.533040894845234	0.609695424693133
-0.207448443920717	0.181869133661447
0.0834663206478252	0.0558987620012023
-0.126446258678346	0.119888083724927
-0.983102986953048	1.67822022380462
-0.449196621979601	0.406822611660208
0.294755810663967	0.229188035861915
-0.389955764282231	0.276364109155234
0.0185612907308733	0.0124871826170426
0.123790491689097	0.0919704846326672
-0.0395049454070357	0.0250483700113021
0.307539919323768	0.262029225661601
0.340250365186171	0.373988069791107
-0.0227922010324101	0.0206963312191582
0.0970818159446435	0.120806458978314
-0.222050935257595	0.23378658529361
-0.0571949365639926	0.0515202250558984
-0.0210959259412768	0.0203880901753381
0.279690792080899	0.296247111189415
-0.117444199794588	0.12507166625987
0.209804641210926	0.163375302753225
0.497289142426845	0.461718037179395
0.740558270925095	0.716353910708763
0.128853508420719	0.0572225471771537
-0.314951765219021	0.180492172724413
-0.583800481274637	0.556600704298656
0.512720494873722	0.436496706680383
-0.57885989796914	0.267210036729404
0.211865671605164	0.113835246684773
-0.104674754370764	0.0290881727694566
-0.104674754370764	0.0290881727694566
0.365796592364056	0.150347828566248
-2.10706742962015	0.378548652882402
-0.406536039818103	0.0912270232471427
0.0507575327617015	0.0489227974042555
-0.191468604366282	0.234411709548532
-0.0435644569529704	0.0367016565585023
-0.584769426184712	0.701403222388827
-0.78324130605379	0.879597911233598
0.400361880080632	0.400290468108192
0.642592445343563	0.929636558344805
-0.00731632244295362	0.00576616936091459
-0.384728469617392	0.466522838234192
-0.126257675130624	0.11968914509023
0.472496781004297	0.541384484822529
0.329813075091868	0.491761075174395
-0.137776955285217	0.168432852637883
0.68502349305329	1.06755869981573
-0.0773148406924441	0.0784241219025418
-0.453673268383755	0.547964513230303
0.193527416430817	0.17788140438782
-0.305842154231817	0.282951463339309
-0.0889982938854387	0.0742264313215857
-0.868280070505847	0.96771546914886
-0.0759901648345779	0.0473452882734231
0.769651818943123	0.713251012434848
0.0290339040532654	0.0172104269110529
-0.0651697972210943	0.0546402555900993
0.221713943803405	0.180724349617023
-0.389902765292212	0.276321754862654
0.105156277371988	0.0743095927900299
-0.981796090250543	0.891016168312227
-0.39014201100796	0.276459800734295
-0.285257771144161	0.186435275324257
0.546961719451806	0.399642103935353
-0.281992037598339	0.243943071303887
0.347885153586868	0.416897511520144
-0.276146861401964	0.337132390792564
0.0131925783425402	0.0145659199305676
0.399565429860585	0.370369419698029
-0.457001608384024	0.684560315211592
-1.09744028036222	1.33626237931806
0.477712301760052	0.513820942665093
-0.202780583908736	0.190197804310236
-0.171733333748742	0.102903938585626
-0.395461074323923	0.360949861379912
0.0584026231420108	0.0368958685761365
-0.406260094312188	0.0911374164788629
0.387793623993806	0.203833458215704
0.769785136813603	0.71341704442789
0.264658266871447	0.174547011346903
0.617638290188199	0.573665780578026
-0.1843733468576	0.0790649086662853
-0.327651793317584	0.129701357667149
-0.951768045880078	0.27264192625531
-0.259984138785547	0.373175137387122
0.238383502243034	0.311230227007577
-0.450979501054247	0.649620068389184
-0.967158744453002	1.53729198852991
-0.340604032825573	0.394395789251074
-0.289162919444906	0.285483560577505
0.399419373310531	0.309418425129263
0.894183925448838	1.34990205797463
0.14358833962166	0.13149664353669
0.16555965161421	0.162434601361567
-0.0568026612324293	0.0511583239139805
-0.285020900420345	0.331395763911164
-0.284743231430541	0.331030970646129
-0.365846509292239	0.585859752824864
0.0698128139541825	0.059022000626347
-0.0884745318277289	0.0991843406422014
0.160727773865154	0.177059623117528
-0.270160456244483	0.374116797226929
0.893690961664523	1.64518665887882
0.0135367511461075	0.0100804283756681
0.155798984843697	0.126925884408503
0.274072473256184	0.281140757938756
-0.394640743907033	0.432378511792098
-0.0888650631201149	0.0741122478933668
0.0185929124001953	0.0125107041320055
-0.0654563696560353	0.0548806980099679
0.833118700695991	1.03306262348328
-0.322137186716877	0.231987050042715
-0.0092386276454675	0.00665987834862507
-0.529650728438621	0.574627103089005
0.100420435725396	0.081713009792873
0.0186389875795578	0.0125402611635841
-0.0946723481437169	0.0659674111876354
-0.256417530012017	0.254056879034614
-0.248235534714846	0.260675100819117
-0.353733466539118	0.529188618589866
0.135668459036287	0.152925710480126
0.00653657387276795	0.00606413944526927
-0.351272089753857	0.46703754984184
-0.24272620271353	0.211444084159082
0.0136925467103432	0.0101970769820533
-0.149517964170804	0.141277039439783
-0.423961073770254	0.438326587243446
0.058443790022945	0.0369248768508539
-0.581727585514941	0.5165131860896
0.671538371030747	0.334855559136084
0.23410444750179	0.135473731879832
-0.449328790336753	0.407000668559091
0.140342264680331	0.109336636793216
-0.686670269083675	0.508235697146491
0.0479061058216731	0.0241734985376833
-0.0943025594505727	0.0954331338372702
-0.313308695917161	0.434310446613139
-0.175671958304719	0.185878080545787
-0.486650958819	0.558450374908538
-0.131746865546909	0.132594267219496
0.363876932150418	0.532867205300065
0.0962002671627279	0.0962756350579199
0.135656289947773	0.15287413199739
0.0959940680115814	0.104582085378198
-0.00729088335618743	0.00664464355577578
-0.215156702585066	0.251384186492557
-0.372134686642275	0.429957130845467
0.525356385324607	1.0143145281501
0.152293777330031	0.16302457410286
0.006134182529396	0.00603926010686353
-0.0346030405180414	0.0246887875842085
-0.58527721729545	0.770560727221981
-0.176817368366887	0.144650416805538
0.693690246392912	0.725252132108966
-0.0243993147562099	0.0206615692659795
-0.0629236060915945	0.0444021687248854
-0.77520324269526	1.1037055192052
-0.638805614499401	0.764123098255853
0.232173964053422	0.197573565363457
0.0289840778068076	0.0171894330672799
-0.252969530226262	0.203259462218463
0.0835281520701357	0.055942087371443
-0.176673524872822	0.144533156049907
0.0585479424400123	0.0369907265993461
-0.0629524049072091	0.0444238840275183
-0.358253093525332	0.393511389765103
0.133711620861924	0.134655108179747
-0.175957455634239	0.196304547258367
-0.121978439741892	0.142960902744678
-1.04900332643013	1.78603312653642
-0.0284880321914651	0.022313238126251
-0.212720779833938	0.172588691151125
0.452591513300347	0.655661627476343
0.400423268560329	0.400302758061937
0.602101370734908	0.58259283384084
0.221518482504912	0.180518300721338
-0.253147483103661	0.203475468702817
-1.52282056881161	1.2210719678012
0.750975541614246	0.54652601352424
0.528213885969831	0.68255381111209
-0.107399550091062	0.0822077987767887
-0.358561349203797	0.229976361393022
-0.00469223554792906	0.00217704265702508
-0.968152752066219	0.567121503023109
-1.6857313628121	0.703085363193652
-0.848873389158817	0.353718585819526
-2.10706742962015	0.378548652882402
0.037881595133305	0.0353374285950637
-0.0244704098171463	0.0207164250786047
0.328687756663399	0.327420072827347
-0.375939412798485	0.319582331351241
-0.788685114837968	1.0761248974427
-0.105746337304955	0.100616112104851
0.263353143672752	0.328217815006473
0.336992741094583	0.359121032093469
-0.427669523978379	0.54228710875551
-0.176118532473745	0.132076880870444
0.0853208797633487	0.0902324332756292
0.664527378118688	1.08051991957786
0.0851136539672205	0.0825262103026072
-0.206373639324416	0.263586614044832
0.261551166724149	0.421125329191412
-0.406009673292684	0.538767323859051
-0.199552926571979	0.198956411553066
0.221475329703147	0.180512484398038
0.402437481895042	0.431153447826199
0.945745617855089	1.35852349747196
-0.342905554190779	0.357054284925403
-0.643388295288758	0.730674581713647
-0.281912470095632	0.243827134122123
-0.17594543043347	0.131927464899078
0.485660303991074	0.487144168592243
0.49066893228168	0.473806834406034
0.50465845117712	0.449393071965793
-0.719935021883077	0.767718023455184
-0.242814321765478	0.211576090456036
0.401513224004153	0.415866493423419
-0.411155293829298	0.400525395664368
-0.197561016721444	0.208421954915325
-0.175163321408919	0.175214328733111
-0.199570096377166	0.198972618642285
-0.212489504312492	0.172344875267486
0.0119485227160945	0.00968730471463027
0.111558256943529	0.105229064897718
0.399624325955576	0.340749213014004
0.740495133282409	0.71628739187994
-1.32941565093715	0.732799399043906
0.606746759712527	0.367950501034703
-0.376184178106449	0.319890001238324
-0.889655922454482	0.757817202440817
-0.00650993522150788	0.00363359785395652
0.250605830440359	0.15518710398705
-0.314883095294388	0.18046152778602
-0.406536039818103	0.0912270232471427
-0.435095621293154	0.475322507215271
0.333307869931454	0.343742242774571
-0.063053823297424	0.0444903233801767
0.93782911782392	1.20134682869222
-0.876252504487738	1.13832683832846
-0.00906705676093323	0.00653787291057647
-0.41762363636336	0.505441137105105
0.143436699633516	0.131337707524541
0.0629060519689008	0.0625849111858266
-0.256247747178576	0.253859761841869
0.111492906889438	0.105165104300559
0.263565976901089	0.328549819039654
-0.152509157380858	0.152987828466166
0.711297899702925	1.21272991529503
0.302050224426898	0.459253598714006
0.462075689353641	0.592353367884491
-0.115206320751534	0.0955417693009804
0.0135649919917382	0.0101003762356409
1.16821014771284	1.91351309340749
-0.752798184337357	0.939535965995986
0.485732559695969	0.487185603795966
0.551569449043272	0.635898811697643
0.602300445039575	0.582911394776598
0.656498730466398	0.556788558096789
1.05092580635104	1.38949811096209
-0.358522758485451	0.22994932308938
-0.0760339718572247	0.0473650341811024
0.968572878549224	0.894523734287508
1.26782452143918	1.31682567095759
-0.217541678589498	0.161189557587135
-0.0760095348319967	0.0473545458793008
0.191713351818462	0.206526725053194
-0.196546301617566	0.218884331859183
-0.0567947064919384	0.0511463735039382
-0.174983874352127	0.175002325869418
0.328713590035896	0.327483934177315
0.846995974240869	1.49185735764811
0.0378510772615751	0.0353083720910632
0.401466834278313	0.415878332838252
0.398881267710014	0.277076677643455
-0.487900342715734	0.372935930454834
0.211712850917963	0.113687453183279
0.79649870309776	0.546379576538645
-1.03366331974116	1.2000162830891
-0.100906502288714	0.053641328275957
-0.100719535592776	0.0535595262511556
-0.391949865486702	0.191579791283879
-1.00964539622933	0.719322985686137
-0.517262058968037	0.178864495866734
-0.149552521985234	0.141297081157096
-0.17461891854339	0.164348132722949
0.0992637748531781	0.090459897990577
0.209559195820652	0.163109930080093
-0.746711024809162	0.697032537751397
-0.348122600075599	0.320098867083458
-0.957750056604412	1.2381224020176
0.462345857391947	0.593050732881817
-0.0243851180441524	0.020647877085158
0.455968703563501	0.630290705713394
0.11627535120551	0.0986468835494721
0.37661891179864	0.618342376541972
0.170385169853392	0.21465102328859
0.312035316121221	0.411922139722691
-0.215205742552487	0.251466204580522
-0.176096214140782	0.196438353122304
0.034551551697777	0.0269143909361353
-0.348205293037469	0.320210844976139
0.497176170399837	0.461686114752281
-0.144342296426494	0.118939532701684
-0.433270756414973	0.364627517279049
-0.747075279356882	0.697589302029009
1.08095947389502	1.55725976439441
0.221533088559734	0.180579541509493
0.211895891785283	0.113859386997973
0.286334355858973	0.211582312059847
-0.573214592148753	0.392266645889591
-0.766467382827036	0.663135102628169
-0.171877447008978	0.10300836389379
-0.0489147483452937	0.0266769411251259
0.512805552548228	0.436584476041026
-0.500117645690407	0.41594675017541
-0.423890650055119	0.438140057460718
-0.62581841256942	0.93299502262236
-0.290335005864601	0.370645002753115
-0.384483954607037	0.466067793255098
-0.351146672994712	0.466862283390387
0.572521257977705	1.04541151792891
-1.08440755145801	1.18425460382918
0.631810563958237	0.352386442821737
-0.100532689740455	0.0534621458761021
-0.572081720825697	0.312696224610726
0.0856635463965309	0.0467239502969187
-0.783233907202916	0.879631453075957
-0.285090593703859	0.186376827935707
0.917414197030757	0.884489794876882
-0.104674754370764	0.0290881727694566
-0.848554588996423	0.353709685597233
-2.38060556106765	1.46186003707845
-0.413856609751681	0.32103831463558
-0.487581032377036	0.372727958048912
-1.21642616413642	1.61811405858469
-0.282050122963029	0.243979996645807
-0.107522092874922	0.0823209484087148
0.0828663489346762	0.0645616161220118
-0.376057136712122	0.319747927093719
-0.122289014188222	0.149420043994382
-0.267682341673505	0.341918280618113
0.0997174306108397	0.11781947953071
0.4945781762221	0.788391927088983
-0.136026148690522	0.144668565656944
0.368549447611726	0.565417642486867
0.340138322438572	0.373826570579015
0.399694028346507	0.309716645373078
0.034486416172451	0.0268594065259412
-0.351540797943445	0.276156680123495
-0.235554617857959	0.138124741028281
-0.224416920480156	0.149326489856746
0.16371034314043	0.108862991697841
0.313320598800665	0.278390637179613
-0.576942594038448	0.434274061427803
-1.04415136315618	0.874134056622482
0.264537573070616	0.174438139402009
-2.17328582642511	1.89457551908669
-0.167806752329096	0.0869693039478201
0.116353991523378	0.0681564763741826
-0.732051484142669	0.441276325037825
-0.577016417499633	0.434301298369839
-0.889752898331209	0.758159798405766
-0.293563054578002	0.481486249183443
-0.105517420672734	0.100407383338712
-0.23265336758166	0.344306919288949
-0.119519103873326	0.157154626401113
-0.252842341839626	0.203115958947732
0.178236240272615	0.0878720950705939
0.750842858445568	0.546344713229705
0.403244537973636	0.13964937041993
-0.104046979058593	0.0289047757466345
0.398965812529665	0.261023979914902
-0.00464881905447431	0.0021552090576274
0.632396826255826	0.352744510096783
-2.19293558337519	1.21094334214883
0.365691013165346	0.150286033986656
-0.517899147573227	0.179109173088448
-0.422320612835452	0.236661180017005
0.142051476455936	0.0888577884553235
-0.284960393323697	0.186248011498073
0.8040759902406	0.71233853678782
-0.0651387637005043	0.0546001586261025
-0.173939041290908	0.117697673411669
0.0851386899889975	0.0825460893495349
0.394736323414615	0.78498161656569
-0.0175310066608971	0.0195748524375265
-0.133962089870766	0.176515157987926
-0.00711044701094337	0.00688925272767075
0.357277366321061	0.486748240003283
-0.260244925278007	0.303178643254429
-0.801854317333041	0.848211428219714
-0.43495060562004	0.475198841678751
-0.171710160877072	0.102884135352662
-0.100524984420176	0.0534573894442428
-1.32053167862064	1.32506944803707
-0.0947125918300153	0.0659933735364849
0.84596605132746	0.715188219408872
0.398793855759975	0.26086314753592
0.606999733160499	0.368112755368252
-0.938985249993604	0.734486826092846
-0.00490723824214601	0.00227607344204021
0.116186636806352	0.0680532515196002
0.178408925233274	0.0879707492156317
0.178423283573288	0.0879679360806085
-0.322137186716877	0.231987050042715
-0.613099391920875	1.1289050157799
0.379553247515133	0.637261053497081
-0.175385359661513	0.154538071264032
-0.0572275401881363	0.0515484633104538
-0.471889598542531	0.328852772332922
0.750813604587608	0.546288457112092
-0.571969057025845	0.312725884763733
-0.406260094312188	0.0911374164788629
-1.32930273991253	0.732898294853153
-0.571743456153145	0.312557694105377
0.85276529812906	0.546766261298029
-0.516375129736063	0.178441001382876
-0.517899147573227	0.179109173088448
-0.517899147573227	0.179109173088448
-0.487608320482119	0.37274814708529
-1.62163005930335	1.98536214088824
-1.04453070585904	0.875000983365389
-0.322032975668386	0.231903465341743
0.833350157481386	1.03361293187285
0.357396894172818	0.486881478304884
-0.00732141876503468	0.00667227176233599
0.16035330394239	0.227099860801753
-0.774361452710704	1.69768218682215
0.0992211015957709	0.0904250579577082
0.905231307039211	1.50162112595216
-0.131716308064477	0.132568915503279
-0.0392257806238344	0.024871844928722
-0.167814701890377	0.0869867978736486
-0.00644961089764576	0.00360056110007621
0.398872373781685	0.277094868971369
0.96343137288018	0.736917816316698
-0.788222961863263	0.414264406349458
0.606905808623433	0.368049054219425
-0.23539602597155	0.138035568356171
0.211811627312371	0.113789183497608
0.211865671605164	0.113835246684773
-0.487608320482119	0.37274814708529
-0.405991809874605	0.737108529084271
0.0201061208261341	0.0192682839097074
-0.889956812825115	0.758402852078309
-0.732021846522536	0.441299012127764
-0.968264784999388	0.567000612677095
-0.568511406865005	0.350173903370174
-0.51764708606635	0.178953973086848
-3.48219873584491	0.919655084022901
-2.94720125929596	0.646055459499367
0.00920112352273931	0.00801211655230633
0.160893874236062	0.177261864346247
0.207157835318294	0.322074782165085
-0.434193790859538	0.67463424482957
0.0120971881262033	0.0162324191683849
-0.102620327909719	0.149008463052445
-0.280031637389267	0.402570412404413
-0.356057737868563	0.606581952685587
-0.304227191639465	0.484522943232215
-0.453333540490107	0.547357632276197
0.105156277371988	0.0743095927900299
-0.207336420570803	0.181752152660629
-0.471758725866629	0.48567728187109
0.0183014996075581	0.0123114927794889
-0.131143697203118	0.0901020574886367
0.28629311459722	0.211522605665442
-0.518803753380631	0.498766395537524
0.874820782307884	0.879588525585632
-0.395554895660398	0.361177336810966
-0.314883095294388	0.18046152778602
-0.309126495846823	0.539151369909754
-0.33092587842142	0.494494616413214
-0.264808401210293	0.459262889986098
-0.732052333656079	0.732754184124322
-0.578816726523907	0.267137751477965
-0.517899147573227	0.179109173088448
-0.284607114180286	0.330769267958894
0.0558675424923073	0.0655647302415963
0.144679248667309	0.167746498753287
0.505988125151045	1.18395075817484
-0.313467795678513	0.434529859258278
-0.420163424549247	1.079512471852
-0.0965191128424348	0.162889930281483
-0.31160190615348	0.361387788790359
-0.218379571913649	0.290038921571886
-0.351354354867464	0.467398276995493
-0.901920482780399	1.11497858902513
-0.449267707286113	0.406905085745514
-0.0284087206224279	0.0222470984833596
-0.199860931738844	0.29427069778281
-1.32055891555586	1.32494214197076
0.182361910440671	0.161392802196229
-0.411355450797932	0.400792253421648
-0.434428801095546	0.837072622587624
0.127074790276412	0.208470612460637
-0.0235669640476354	0.0294560258641971
0.150931435819039	0.221675525148933
0.0207138585695679	0.0295538362075955
-0.0117944748023612	0.0126201311413686
-0.0226490588932098	0.0293657562167839
-0.242318154360314	0.370875287250875
-0.452610124657284	1.1443159619904
-0.429380057474993	0.89620463583413
-0.586684900633881	0.841411999722138
-0.371345411592391	0.614612010673858
-0.165936539155814	0.219650616090377
-0.35029060934826	0.578567157890103
-0.167852880383599	0.0870058064419345
-0.63194435552634	0.83039430178076
-0.38377942898248	0.595483280129898
-0.69069249855626	1.19090296005771
-0.28673966897499	0.630797649739951
-0.0538220615530554	0.0802697216482619
-0.375473197193485	0.918077755441734
-0.139232007128229	0.216828157365604
-0.175240555453402	0.20525435400178
-0.524115548554268	0.87407918153141
-0.326290083303527	0.280023860316597
-0.196491033567972	0.218799366303386
-0.528645988480679	1.37917816787136
-0.181376811618513	0.283691541338567
-1.81214638498018	1.31346636503693
