x	y
0.398965812529665	0.261023979914902
0.522228307050352	0.423705860585646
0.564077937788897	0.389253227742824
0.750918451769797	0.546500400749536
0.607013909009565	0.368113947865685
0.242034776145311	0.214652082936844
0.702391279405858	0.893821029515653
1.15013402987552	0.774255798157072
0.123725364293437	0.0919279554359134
0.898421494158947	0.723394863993532
0.533185558195406	0.411110623257971
0.210029544751432	0.163514750148001
0.163671793784879	0.108844312873
0.656232162279828	0.556691762056095
0.30164452140585	0.245879011795442
0.617568114664931	0.573480074652326
0.196571155039691	0.145799378267807
-0.413900585107279	0.321072021268116
0.399267318521548	0.293356816796475
0.533245913804934	0.411170667653861
0.846031860202732	0.71521854127108
-0.0759270521319743	0.0473049630283594
-0.139533547797956	0.105749013163599
0.276554597821924	0.193442752888539
-0.93390722512754	0.913789457162529
0.399809142297564	0.385256832257424
0.39876777631751	0.260803810478479
1.0157375554221	1.22334217495853
0.584713362680071	0.379926319520258
-0.57687260630212	0.434061257328015
-0.877256584690999	0.57705638656403
0.972426992729378	1.05439003179586
-0.100711867297307	0.053558502180433
0.838167685316824	0.876715975962942
0.196681525546273	0.145897187775546
0.617658785731477	0.573718074229117
0.083335172954252	0.0558059623565864
0.58893559558438	0.591976373903272
0.693750450536229	0.725241835891252
-0.449730708473686	0.282688698372418
0.234217042819429	0.135554715301903
0.211918251717271	0.113865661807845
2.41060228499529	2.10873573044912
0.0422153030570909	0.0299104691900951
0.365795892718222	0.150333644094674
-0.788353018666431	0.414337941238971
0.264755643837087	0.174602748105253
1.05647581657117	0.549811713656465
0.264621200685865	0.174506228380541
0.141944077139845	0.0887738399296703
-0.571737584667295	0.312608565413617
0.128617894345499	0.0571115897629187
-0.422363725502875	0.236700130314835
0.607013909009565	0.368113947865685
-1.01092584208787	1.04646478757565
0.250750575245472	0.155274432661127
0.588921230003341	0.592128856000653
-0.00647290097493442	0.00361346614744142
0.387511878551028	0.203703880087379
-0.184627520138321	0.0791861460962011
-0.184271044593708	0.0790222441021079
0.123443024458728	0.0917109713772083
0.845926088576779	0.715062270678513
0.178250692646318	0.087868903847657
0.533338993952715	0.41118004757257
-1.0094931847238	0.719548716819513
-1.27050791219214	0.884661458500863
-1.00962268959251	0.719542660462454
-0.389955764282231	0.276364109155234
-0.47190363868862	0.32891647785336
-0.285043981003217	0.18633542576247
-0.100524984420176	0.0534573894442428
-2.0618843804679	1.69776678752019
0.546869310078337	0.399571689674323
-0.766335915718494	0.662959083307172
0.178221803522451	0.087859016655947
-0.173958225918879	0.117700871705319
-0.0393085159363658	0.0249189849478088
0.681148814685048	0.550507144497065
-0.422320612835452	0.236661180017005
0.276713566146756	0.193546048520699
-0.11962432842317	0.0731207776275701
-1.04471516867313	0.874990540305417
-0.31484487118018	0.180441066493249
-0.389902765292212	0.276321754862654
-1.66978153680175	1.12073707888591
-0.877234030673162	0.57722347245481
-0.472047704335293	0.329071112036136
0.65639133079792	0.556763346406444
1.15467757714598	1.10920392728072
-0.039439317665799	0.0250060004000574
0.366007310144161	0.150389420387711
-0.171854279210956	0.102994903376511
-0.0488491633688526	0.0266379092504318
-0.889943316561635	0.757988708239315
-0.0485990388451463	0.0264920099279714
0.751013853753835	0.54655060088885
0.87452612370025	0.878721619962993
-0.224283721636834	0.149230159915673
-1.14254035383804	1.02052276315938
0.522202541907529	0.423598414061815
-0.939116750305152	0.734481046029501
0.0831999516188882	0.055695472204097
-0.00814076699264282	0.00524748175727083
-0.576993092209619	0.434187900621028
-0.235316786021102	0.137981180349472
-0.471926829276133	0.328942702328004
-0.10062225280412	0.0535115969827204
-0.413667749602042	0.320793872973594
-0.10060690072741	0.0534984057920706
-0.131016263300777	0.0900113369121823
0.0857959848849942	0.0467930000380248
-0.449544062178421	0.282531156107745
-0.17589938277555	0.131887732440733
-1.27056950611993	0.885278385976038
-0.171807943033785	0.102948482806925
-0.119572665333446	0.0730925935206141
-0.56850361312045	0.350137185021699
0.211841965286831	0.113798584359214
0.181157440521945	0.127464634217304
0.178849601046866	0.0881451678385206
-0.67476713709981	0.545597783452129
0.635330632538308	0.564457217551197
0.807063267370813	0.875974825995864
0.301344370799203	0.245617339214261
-1.08445219983833	1.18435363304479
0.116475015422518	0.0682251413948048
-1.03359207145676	1.19974411881959
0.963584205771531	0.737122253083976
0.0836386471869281	0.056014884870977
-0.265552773983052	0.194068316245134
-0.322137186716877	0.231987050042715
1.0226826779847	1.06599453611528
-0.897256724889073	0.93991294095813
-0.139663708311217	0.105871822947445
-0.658639875683426	0.622045105168558
-1.63516090488621	1.39539822720117
-0.413812652775072	0.320920649600339
-1.24510261178724	1.02227857312988
1.04382595187159	0.753163483259836
-0.572911281189244	0.391961099142485
-0.167754090883061	0.0869546539632337
-0.0761383398376614	0.047432157350192
-0.171816972074702	0.102965328684015
-0.877149112430242	0.577216000555005
-0.389929969887617	0.276359669549728
0.564152751246519	0.389471809180536
-0.00625499653367304	0.00349264232361415
0.141972601536965	0.0888084008407711
-1.24528851254411	1.02241091253556
-0.26050123433033	0.131519082409796
-0.285053627335216	0.186330826663221
-0.322011037157674	0.231866624991855
-0.224363956956832	0.149288353019299
-0.119677366473292	0.0731471910441104
-0.389982968519614	0.276402027316149
1.36826785823903	1.36323770450564
-0.472154521758805	0.329078329463428
-0.825142928248916	0.599571444913089
0.968777710393173	0.894831303474498
0.533282989455813	0.411145444164639
-0.573161765273624	0.392176229876356
-0.184617640808077	0.0791844639739394
0.0833969394353422	0.0558492320351235
-1.55190373958333	1.81427558011745
-0.422234825621056	0.236575732189162
1.0442507952022	0.75417682170438
0.399241455715525	0.293334087412803
-0.585213410356869	0.595470652024335
-0.00650993522150788	0.00363359785395652
-0.82433896566657	0.816648580414172
-0.314707542694456	0.180254954843549
-1.96448596851255	0.956498553769595
-1.11409385166674	0.540651439280993
-0.422256388009115	0.236590327517095
0.632168963645606	0.352673317989728
-0.788232305482405	0.414275835906919
-0.579466484803377	0.475413960240651
0.155611002555222	0.126787233913766
0.155688372465746	0.126852228931337
-0.0948518594628851	0.0660796234985861
-0.583642259520937	0.556521520830535
0.17843765751352	0.0879488879768174
1.51246676694677	1.26229738593295
-0.314814424996404	0.18040114856928
-0.938971978520868	0.734455823851989
0.163584195930917	0.108799843938814
-0.0064125873499607	0.00358029417270733
0.116284536468204	0.0681178066573984
-0.791861878249689	0.630501710651017
-0.576956172384241	0.434247580911962
-0.7322707246791	0.441490978820015
-0.0786392714965295	0.0352944119780959
-0.702008068561507	0.470948690948521
0.211918251717271	0.113865661807845
0.128731299422086	0.0571633654848292
0.0479827463402476	0.0242098150145323
1.06398097835505	1.23840565329022
-1.32945704925353	0.732853759751035
0.750925784738589	0.546494659096437
0.372950968880263	0.176251163954604
-1.27055405837643	0.88524530962507
-0.701969859027272	0.471086554526434
-0.581252355401636	0.5157297152217
0.141999791938549	0.0888227103233252
-0.788464314880281	0.414424326723021
-0.73228569888236	0.441519104636812
-0.23539602597155	0.138035568356171
1.30822273219915	0.797691987551502
-1.35517165583896	0.474174060906171
-1.34497212212525	1.77082852794073
0.399370433152367	0.370112852006959
-0.0759051448786092	0.0472913722500453
0.399340963719367	0.355416995114918
0.504527245921665	0.449325217126695
0.399737777611166	0.309715144360561
0.264755643837087	0.174602748105253
0.128731299422086	0.0571633654848292
-1.51115804482644	0.927162295997054
-0.686591528873148	0.508125343240681
-0.0488223758110372	0.0266260448981406
-0.358495878177703	0.22993924642698
-0.0487434176606647	0.0265806887940662
-1.27040006372588	0.885002340015008
-0.731958339276255	0.441230120289073
-0.981319481473907	0.890878556348043
-0.326152766755529	0.279856809596951
-0.577016417499633	0.434301298369839
-0.413730680333414	0.320888721656759
-0.766361533159932	0.663054207629342
-0.100532689740455	0.0534621458761021
-0.665773692590593	0.583973930211519
0.75104417444328	0.546490588732559
0.0479747380547107	0.0242080962692441
-0.96814522350334	0.566902385585879
-0.571850481296198	0.312666676322475
-0.732456119062806	0.441453292209616
-0.391368449200474	0.19130152788782
-0.119410862413062	0.0729743072486799
0.163628004413102	0.108832428913685
0.264672040453276	0.174541981042422
0.0183418779407611	0.0123374848859527
0.522202541907529	0.423598414061815
-0.2988802591657	0.237699342993491
-0.889739439393221	0.757923214285955
-0.665440101127456	0.583556844305442
1.36829392314132	1.36354507986644
-0.167806752329096	0.0869693039478201
0.0616553482559604	0.0238703716137645
-0.788353018666431	0.414337941238971
-0.579090117832204	0.267455039000505
1.83315696625911	1.14006341558602
-0.184260968187063	0.0790176636787065
-0.0788269788881849	0.0353859300459337
-0.643388295288758	0.730674581713647
0.861017715970491	1.0350042771814
-2.68380367508382	1.94115029656109
-0.48776714051348	0.372911243742093
-0.100524984420176	0.0534573894442428
-1.01102922292255	1.04682659260225
-0.171937931217338	0.103046922596437
0.60232470354801	0.582905598832482
-0.0487434176606647	0.0265806887940662
-2.24932375734641	2.72712894616356
-0.0789404054704349	0.0354352126325418
-1.13151982382572	0.867566618244343
-0.583927538641918	0.556805686781995
-0.890017016750693	0.758414603504005
-0.17191476584973	0.103033463272345
-0.573122228556241	0.392182120784472
-0.167822568183777	0.0869921519796813
-0.235224426170279	0.137909137164948
-1.08428001603188	1.18398362201332
-0.571850481296198	0.312666676322475
-0.732192865670734	0.441473163114747
-0.176159003315571	0.132090929615442
-0.260486639341066	0.131500765009026
0.928532535536287	0.544905767686774
-0.38995717249119	0.276378670243734
-1.6352150541951	1.39487963636319
-0.422406153924719	0.236701653650632
-0.260062731532922	0.131194413679049
-0.0790660786633357	0.0354934239501734
-0.284970053545889	0.186273402942853
-0.00840262799863025	0.0054152268864909
0.196509225695554	0.1457383385294
-1.04454424783783	0.875037302287801
0.0479894016999248	0.0242070828318063
0.276581864658763	0.193470468193327
0.399438087502248	0.24508360369272
0.68102769657429	0.550378261045452
-0.314974334266225	0.180517382779914
-0.579090117832204	0.267455039000505
-1.35579670478113	0.474613983393002
-0.260422454505934	0.131473076198748
-1.27079948429644	0.885358424086186
-0.104360815899979	0.0290077066781166
-0.167883164706142	0.0870145895376265
3.06603055502147	2.38013168951969
0.632160133035675	0.352652701983811
-0.0628221950080649	0.0443306739163117
-0.658616108695442	0.621951736563866
-0.746943588893125	0.697581345058754
0.0585288005378674	0.0369794101178088
-0.67476713709981	0.545597783452129
-0.583642259520937	0.556521520830535
-0.665606761197919	0.583891294044359
0.399080971909257	0.293155310902524
0.750918451769797	0.546500400749536
-0.449454684785548	0.282441571160091
-0.732051484142669	0.441276325037825
-0.0758201313271384	0.0472335094023848
-0.571850481296198	0.312666676322475
-1.04478040214959	0.875034643261629
-0.701862955864654	0.471051609861451
0.804103664450783	0.712329932588179
-1.00953121808198	0.719538579271265
-0.57935682061201	0.475352415067981
-0.322224882148801	0.232048157503835
-0.265700655996439	0.194242465070307
0.399606472489069	0.309530548823971
0.264658266871447	0.174547011346903
-0.573201430999483	0.392228605869892
-0.22446989148558	0.149358942874387
-0.00471351223080486	0.00218494087160831
-0.702061148447174	0.470945196729944
-0.449536287830222	0.282477104716803
-0.568435128141284	0.350055756569714
-1.14260067669355	1.02066115370797
-0.938945447499601	0.733995339864422
0.163586759975438	0.108801348504513
-0.119412253858398	0.0729861393109778
0.181551804261509	0.127792825572201
1.03211615560474	0.911081852028009
0.163713019558149	0.108875768416847
-0.791778278670169	0.63023596164161
-0.56834400715451	0.349927830323958
-0.731865129243729	0.441106968732687
1.24600584917066	1.14588779083778
-0.933866387606185	0.913817896990738
0.504527245921665	0.449325217126695
0.30163064991746	0.245915766791506
-0.41394158326969	0.321121824292564
-0.889873267452747	0.758353213221804
-0.0490071340311382	0.0267250488141324
-0.172058927367155	0.10311081239665
-0.665754668238517	0.583947621249913
0.533245913804934	0.411170667653861
-0.314905683790335	0.180488007236133
-0.579175602489374	0.267377878491138
0.853209164762305	0.546997639818529
-5.18033009232114	3.15166380052778
0.853021070490942	0.546910029300553
-1.1269254750699	0.723652906776775
-0.96814522350334	0.566902385585879
0.584683124801269	0.379889250809324
0.0616553482559604	0.0238703716137645
-0.173980160570205	0.117722034894432
0.399548134704097	0.309530415835099
-0.224416920480156	0.149326489856746
0.0290354800723843	0.0172179111621941
0.116088690904934	0.0679714760425284
0.617786041208643	0.573801635694511
-0.0490861725203619	0.0267669169635936
-0.224362360916797	0.149289333907045
-0.981609926814513	0.891235733129596
0.750850143544645	0.546259365345522
0.0478678062535957	0.0241529007811321
-0.173731030841636	0.117508339970507
1.11263885012019	0.93771101399471
0.399267318521548	0.293356816796475
-0.167723743572673	0.0869307434564531
-0.265569379973613	0.194142537482544
-0.449365358784094	0.282333748586784
-0.0760533009637857	0.0473839636800134
-0.224256440322004	0.149207271874944
0.141946747916864	0.0887830221731782
0.221381113129466	0.180403768144485
0.399055083123292	0.293101037531056
-0.17191476584973	0.103033463272345
-0.37611789372204	0.319830380127324
-0.0082303190676378	0.00530493174834557
0.142105856690795	0.0888908050395115
-0.119439450446503	0.0730048395536886
0.181354727690782	0.127651068600099
0.178221803522451	0.087859016655947
-1.27072298147689	0.885399734353617
-0.212540077295999	0.17240414329071
-0.877126600741735	0.577023179258317
-0.82521645061763	0.599532139278292
0.178344142351158	0.0879130866885018
-0.078745871602922	0.0353461577361168
0.211720780665111	0.113716184465266
-0.732378467286876	0.441435638108329
0.0582956717969009	0.0368237189747108
0.399698378494952	0.245331839655781
-0.100532689740455	0.0534621458761021
0.606732450583422	0.367923078259537
0.0479444191794637	0.0241924711034532
-0.825142928248916	0.599571444913089
-0.0393981764029331	0.0249849676031559
-0.299033287706945	0.23782414723678
-0.358338199255754	0.229763232599452
-1.00952368242225	0.719592912783372
-0.00645917082308286	0.00360555572465806
-0.17599150977241	0.131957118755786
-0.500138255989741	0.415949444097617
1.23097218362098	1.628124904035
-0.131123053864947	0.0900940267751824
-1.23454326143282	1.17073840362308
-0.173621071576	0.117433649679011
0.0479589629339549	0.0241959289933283
-0.284946743038968	0.186258778585444
0.852939962809722	0.546934303038246
-1.04443849416344	0.874753778962291
0.387537631223081	0.203721585062821
-0.877150432874458	0.577051214111517
1.12407159876521	1.57566971878517
-1.13140548629581	0.867021333043542
-0.422170152597646	0.236459087223544
-0.422320612835452	0.236661180017005
-0.235541515753558	0.138114100829824
-0.235620881422302	0.13814836795115
0.38733733715432	0.203585026748655
-0.235409159682121	0.13803600571538
-0.433360101876516	0.364709457252257
0.399694028346507	0.309716645373078
-0.298946691877838	0.237766403306769
0.715461999691046	0.720296452449875
0.546737724120211	0.399480929625377
1.08195662259747	1.08406505818642
-0.235488423181181	0.138083855479216
-2.19317773508491	1.21121855507647
0.276553066672341	0.193398619698225
0.0855047295225229	0.0466274822827962
0.617728724978523	0.573612697304087
-0.4136866812588	0.32077107829202
-0.701870683447116	0.471060482975925
-0.568678747303553	0.350006806005025
0.250684905061533	0.155242539654961
0.276609133537466	0.193488659541977
-0.0490861725203619	0.0267669169635936
-0.449462493686468	0.282465667764756
0.398886369625052	0.260953947356794
0.0479589629339549	0.0241959289933283
-0.573201430999483	0.392228605869892
0.264630672391361	0.174410134527184
-1.7859420302096	2.04259315600216
-0.981451056118932	0.891182658817562
-0.89005388557204	0.758387165212466
-0.877318704480512	0.577012560144428
-0.701801990339726	0.470952990233888
-0.686578027159609	0.508127690026033
-0.686290479829681	0.507198181503293
-0.100629944992226	0.0535126365530659
-0.26585670904403	0.194298035991691
-0.10062225280412	0.0535115969827204
0.0479061058216731	0.0241734985376833
-0.449221961401397	0.406876760032293
0.181268476238753	0.127577741589605
-0.968152752066219	0.567121503023109
-0.285234469888592	0.186450253083741
0.250513390435162	0.155108504066862
0.276475847907459	0.193356630316495
0.211841965286831	0.113798584359214
0.804052727722994	0.712385443173546
-0.852667159015211	0.785951560164861
-0.0393159554797309	0.0249289803775808
0.547001762815925	0.399617013866294
0.264695320532999	0.174570131584808
-1.04432199529017	0.87455898053866
0.740643301565032	0.716404692220104
-1.32042587886447	1.32471548991879
-0.00486435955028876	0.00225474722485634
-0.00844750902079572	0.00544355644903052
-0.87719241026191	0.577211271023757
0.250355090141548	0.154954932246596
-1.27056950611993	0.885278385976038
-0.184495602328439	0.0791280415311326
0.584721353956748	0.379925831477889
-0.358495878177703	0.22993924642698
-0.938958711023036	0.734322134192378
-0.119439450446503	0.0730048395536886
0.23420176261692	0.135550725555505
0.276766540609185	0.193559234520196
-1.52280449040303	1.22064201753855
-1.51116602461278	0.927694205065401
-0.701962072171393	0.471087613431695
0.681148814685048	0.550507144497065
-0.119412253858398	0.0729861393109778
-0.119627047102514	0.0731073144010789
-0.260422454505934	0.131473076198748
-0.852563147890518	0.785844565177501
0.0855710855814217	0.0466692685549772
0.307756585076985	0.262086044800539
-0.00632898795488209	0.00353408767115909
-0.00484279931117502	0.00224682304483335
-0.00464881905447431	0.0021552090576274
-0.0489803984799141	0.0267132188815541
1.15474341908886	1.10922586789114
-0.967808404594	0.566591842753788
-0.314814424996404	0.18040114856928
-0.0395951974240842	0.0251097479932385
-0.314974334266225	0.180517382779914
-1.00959222676061	0.719584185538748
0.769570043504722	0.713085410637289
-1.22083454816112	1.47091065301745
-0.573056252013549	0.392154337670413
-0.939011804865643	0.734143578649317
0.286416693814867	0.211645171973911
1.05637042484898	0.549937742703155
0.898585554760745	0.723122303725808
0.396197438898127	0.226365511940548
-0.00471351223080486	0.00218494087160831
-0.824786552776952	0.598859514527893
-0.576989250936056	0.434217336157644
0.512759125271984	0.43647542070763
0.396175686819008	0.226339115191097
-0.877107195262802	0.577129826927392
-0.571862109960018	0.31258660103728
-0.968033043844823	0.567023112730889
2.4522800111156	1.30195468533053
1.30833867576296	0.79748357258179
0.711941293208047	0.546490151457986
0.0855177827123777	0.0466323453857927
-1.35091571216432	1.1824817039579
-0.933866387606185	0.913817896990738
-0.766573262377946	0.663104637362673
1.49721787533389	1.42988053565986
0.234194106334154	0.135535242488063
0.250804028871583	0.155279817492477
-0.44972297108106	0.282664634540686
1.18700574659306	1.28239709328681
-0.235462187373492	0.138072780517714
-1.67046621549002	1.12116238731162
-0.131167945964282	0.0901320351584368
-0.968279685877624	0.567057194652099
1.72108883618745	1.34622798832161
-0.391368449200474	0.19130152788782
-0.0788524695165049	0.0353770088011625
0.0479747380547107	0.0242080962692441
-0.260357985752607	0.131395186767185
0.178344142351158	0.0879130866885018
0.399045218082428	0.26107791038966
0.234217042819429	0.135554715301903
-0.449470313294104	0.282463449072139
-0.0789466320583325	0.0354412383139809
-0.877083255987638	0.576617221119818
0.846058516894194	0.715174091580805
0.564504048775446	0.389711454635039
-1.22061548149865	1.47085787728493
-0.877149112430242	0.577216000555005
0.399321690028494	0.293377910100217
0.104896410612126	0.0741403678084016
-0.579589984762935	0.475503009952037
-0.389904182000159	0.276324804610237
-1.94201224975719	1.50463660756525
0.584713362680071	0.379926319520258
-1.5110558718895	0.927170816332459
0.750842858445568	0.546344713229705
0.681065128684954	0.550417910328223
0.211887954999951	0.113856287486724
-0.176078071604381	0.132038669815729
-0.00651948015524466	0.00363872630473713
-0.0489147483452937	0.0266769411251259
0.116428702122489	0.0682030568622803
-0.897538630967863	0.940323696699579
-0.00651948015524466	0.00363872630473713
-0.981372406947405	0.891057998572292
-1.13144361242623	0.867435958813376
-0.171756506436492	0.102917399898034
-0.260249986440471	0.131363174492885
0.0857559934226779	0.0467736506521512
-0.0489147483452937	0.0266769411251259
0.399550257329705	0.245208994329299
-0.732036673044235	0.441341043477748
-0.167738302724452	0.0869260433210468
0.0478981651999103	0.0241685434406286
-0.00469223554792906	0.00217704265702508
0.0856766271852479	0.0467288268596743
0.399000722417802	0.293018170923285
0.085809101416214	0.0468035936787465
0.234127312196873	0.135493151380613
0.71182270436237	0.546419306318742
-0.00940109644110474	0.00309197435180766
0.372715621940169	0.176108968034927
-0.100532689740455	0.0534621458761021
1.04409201173031	0.753962957849965
-0.573227757311324	0.392266514424076
0.715268958143293	0.720045461985755
-0.576895935869684	0.434174621781823
-0.701939376185849	0.471077472243728
-0.167806752329096	0.0869693039478201
-0.358996489694739	0.23019656624536
-0.471987262164561	0.329014669520781
0.584691164752436	0.379856682356652
2.41071423634046	2.1090333374268
0.398952751279318	0.261019310889639
1.31729408016793	0.590203599966043
-0.73178653288045	0.440962554763671
0.372817885836604	0.176161081982385
-0.732207785471608	0.441468073086455
-0.422363725502875	0.236700130314835
-0.422406153924719	0.236701653650632
-0.422299294346764	0.236652215203968
0.264634988622785	0.174528423682581
-0.358626885295045	0.22998067903823
-0.284946743038968	0.186258778585444
-0.0393365030093654	0.0249446561305499
-1.27087583065267	0.88522210511978
0.852952818714724	0.546952016374648
-0.487449567927641	0.372427493305648
-1.52288917648104	1.22103436031875
1.26767144342387	1.31651925107115
1.36846594563983	1.36392177573483
0.779632252354112	0.876035374220368
-0.568557201492344	0.350052320551455
-0.823991306393046	0.816234952867646
0.396111062600139	0.226300322457463
-0.422234825621056	0.236575732189162
-0.00657979808016496	0.00367176203867503
-1.40194851214909	1.05050154752164
1.2463573351389	1.1458390220679
0.564391425580226	0.389538938922036
-0.686643295235763	0.50818911175335
-0.579211569978325	0.475305661180453
-0.171816972074702	0.102965328684015
-0.322370359561	0.232160877333793
0.196636680755958	0.145858043549155
0.0585726739901592	0.0370012414493682
-1.54111924579196	1.5152294871778
0.6356490617536	0.565110324997158
-0.50003147918059	0.415829258616164
-0.939209052150764	0.734638357608288
-0.00651948015524466	0.00363872630473713
-0.0489147483452937	0.0266769411251259
-0.413796713408527	0.320906444984613
-0.00644961089764576	0.00360056110007621
-0.686735568887376	0.508322918373419
-0.119466645047769	0.0730195618404143
-0.573148582352656	0.392220049465515
-0.100719535592776	0.0535595262511556
-0.00837846316080255	0.00539937770157817
-0.731958339276255	0.441230120289073
-1.44916168273812	1.34654902241603
1.24617792011755	1.14624413498319
0.750730708390523	0.546206964542419
0.163628004413102	0.108832428913685
0.7964775407151	0.546436206750712
0.25077730949292	0.155295680303515
-0.686591528873148	0.508125343240681
-0.422234362271606	0.236418791627664
0.0857298001699369	0.0467611300263588
1.51266839892472	1.26305167166492
-0.039776312685833	0.0252076498907858
1.61932424831513	1.66835184272273
-0.825224295078979	0.599634201404957
-0.576942594038448	0.434274061427803
-0.686578027159609	0.508127690026033
1.28508785082435	1.48993005552971
0.399134034293624	0.293226555893517
1.04427939074659	0.754117796960099
0.656392640007597	0.556873595673821
-0.500183219270712	0.41601862452228
-0.674658279913584	0.545327769695141
0.209697856774285	0.163272789749553
-0.119571298130348	0.0730913852716358
0.796670973060883	0.546082279044721
0.396132754922445	0.226326677718278
-0.572898061025124	0.391961181557989
-1.32938572253344	0.733074998982863
0.898256993301542	0.723151630240779
-0.981265027108978	0.890557154783962
-0.732021846522536	0.441299012127764
-0.235290503145764	0.137949646882033
-0.89005388557204	0.758387165212466
-0.0488223758110372	0.0266260448981406
-0.260515813735499	0.131513276350311
0.0480050835828071	0.0242224684999677
-0.167754090883061	0.0869546539632337
-0.0047138086914673	0.00218770251866513
-0.801589579730977	0.847760717326087
-0.0082303190676378	0.00530493174834557
-0.889933464924159	0.758398727133385
-0.471926829276133	0.328942702328004
0.750940416657925	0.546365990802168
0.399460747825954	0.309473285617717
-0.184617640808077	0.0791844639739394
-0.260235539921703	0.131347478886903
-0.26554880296696	0.194126969543783
0.0855710855814217	0.0466692685549772
0.398926616585652	0.260959883765235
0.0857959848849942	0.0467930000380248
-0.00651948015524466	0.00363872630473713
-0.0488491633688526	0.0266379092504318
-0.224336677934566	0.149274089294747
0.276501593424179	0.193390335819138
0.0835767358738898	0.0559642549404906
0.058506856910663	0.0369659911939458
0.0478903049748244	0.0241603677989813
-0.568412513831888	0.350074832940256
-0.791922270637053	0.630589539613816
0.399407141715624	0.340553854433012
-0.449462493686468	0.282465667764756
-1.01128674755933	1.04699179572721
-0.0943661436863661	0.065729595817108
-1.27055405837643	0.88524530962507
0.546685125585434	0.399328391343253
-0.212699182290585	0.172574668852142
-0.766335915718494	0.662959083307172
0.584652914869478	0.379820092954532
-1.14250328978313	1.02038670219003
-0.224205111346259	0.149137272516056
0.264885813594043	0.174652532059478
-0.173728020048257	0.11753891692866
-0.98147828122109	0.89128782209467
-0.877128198496476	0.577191008258668
-0.314913534863782	0.18049000784073
0.804150196357836	0.712431712436207
0.67492899486036	0.7310378296845
0.264611710694309	0.174500278389277
1.12047249673099	1.25773219043942
-0.897256724889073	0.93991294095813
1.03230116897854	0.911423629192629
-0.265725247681282	0.194240756701471
0.0288235559180433	0.017091874728813
-0.686735568887376	0.508322918373419
0.398849230316022	0.277057537590374
-0.939156482635233	0.734573163138473
-0.577206894554713	0.43444537062023
0.602254894985405	0.582822423289549
-1.12690984914405	0.723594191723434
0.250605830440359	0.15518710398705
-0.702000315358475	0.471069360153076
-0.284946743038968	0.186258778585444
0.838274447403973	0.876904626318797
0.606905808623433	0.368049054219425
0.546830196927245	0.399558804431895
0.141998448683475	0.0888256576774279
0.546658537699458	0.39936889682843
0.963447321374807	0.737010024602681
0.750828254194413	0.546393815900103
0.750918451769797	0.546500400749536
-0.358522758485451	0.22994932308938
0.504568393616827	0.449352796932866
-1.04475339899079	0.874836737298934
-0.788232305482405	0.414275835906919
0.128958393151128	0.0572431121161015
-0.00645917082308286	0.00360555572465806
-0.422363725502875	0.236700130314835
-0.825418566040116	0.599664233386239
-0.260451488548062	0.131406619854658
-0.100599240850681	0.0534854334490669
1.51312285874488	1.26291415292418
-0.0489013694262602	0.0266701962197787
-0.686800933612094	0.508334523103492
-0.00473520578037929	0.00219591531042473
-0.00460590115827881	0.00213630146959521
0.21176704740005	0.113741749227176
-1.14868223720965	1.17217774742664
-0.825142928248916	0.599571444913089
-0.322011037157674	0.231866624991855
-0.00637557637037879	0.00355970996600095
0.750925784738589	0.546494659096437
0.234127312196873	0.135493151380613
1.36843983381257	1.363788488939
-0.968033043844823	0.567023112730889
-0.674792889721164	0.545690657241514
-0.314913534863782	0.18049000784073
-1.15388020953856	1.32524070829306
-0.235514675153557	0.138032897386786
0.399240135763075	0.293323481760192
-0.643627818932206	0.731074151392489
0.715572845525227	0.720503966046749
-0.0757132094424633	0.0471505870196771
0.116261385167052	0.0680970995288913
-0.119545471464112	0.0730778713492053
0.396284062791461	0.226395002349251
0.0290900259567636	0.0172511793350693
-0.433377570416675	0.364671188064075
0.123734598112796	0.0919013664887055
0.91722647769723	0.88417047151083
-0.173834967445948	0.117615183798292
-0.281890993493274	0.243771455631776
1.08199373502602	1.08398592332374
-1.26193006409492	1.90410308042623
0.264597924244184	0.174496820223054
0.116512354284327	0.068244783030296
-0.173897970235959	0.117662972860727
-0.500159334491165	0.4159220710657
-0.358732662393978	0.230114354749903
-0.792066289731086	0.630748823283636
0.522440352254246	0.423930207099996
-0.510621067373561	0.458248126347247
-0.285090593703859	0.186376827935707
-0.897452559815129	0.940260218229084
0.301604328908405	0.245891631114233
-0.00458408807629383	0.00212527871473938
0.0856635463965309	0.0467239502969187
-0.701763799486029	0.470846950090697
0.399728693730097	0.24533491213199
-0.119516901114488	0.0730415454800373
1.04445280576643	0.754261634807508
-0.29899907502593	0.237758992484186
-0.29878779616181	0.23752243969132
-0.568533923892215	0.350116156310502
-0.583820740480199	0.556691651394067
0.10467038598861	0.0739469620275279
-0.253106791583827	0.203429946674417
-0.11949245706525	0.0730428325659769
0.0291173019445393	0.017266599974287
-0.389982968519614	0.276402027316149
-0.139641943786105	0.105852738909455
-1.44917535511209	1.34601216085114
0.0478981651999103	0.0241685434406286
0.632037639398118	0.352531037221759
0.769812401916228	0.713361601759979
-0.235303642562071	0.137970517714117
0.234127312196873	0.135493151380613
0.58475959722206	0.379934996153133
-0.766281321352695	0.662925995029655
0.750850143544645	0.546259365345522
-0.100435448908401	0.053405283159304
-0.167792228123067	0.0869736387408147
-0.573293818099177	0.392293154873551
-0.449567449519245	0.282520625046012
-1.04459587610723	0.874882532020824
0.0289295329639315	0.017156171874967
-0.26047202873032	0.131455981528686
0.769810889993383	0.71345620863575
-0.260343515581359	0.131418537401997
1.72095928758516	1.34693687200033
-1.24510261178724	1.02227857312988
-0.0760314155104479	0.0473703860597685
-0.0757763188863928	0.0471943830956684
0.635566301998327	0.564954796623497
-0.171831111220029	0.102975093490661
0.196640192867553	0.145850329153101
0.497369553260182	0.461892949717221
0.209591073520732	0.163136712546142
0.250737202542004	0.155249271773575
-1.23420590388179	1.17004051237846
-0.048928130971809	0.0266820435245928
-0.44972297108106	0.282664634540686
-0.449812502559788	0.2827095155416
-0.449641252180695	0.282629245641421
-0.58151062022488	0.516288793777663
-0.389982968519614	0.276402027316149
-0.581793052068323	0.516564135047131
-0.433419037527115	0.364467097479328
-0.433229306429822	0.364569367373766
-0.119571298130348	0.0730913852716358
0.0583368415500632	0.0368506843270658
-0.719783171427679	0.767608928160328
0.477871604275087	0.514187047099776
0.286479743931269	0.211687013027323
0.276663677432116	0.193495705430278
-0.390010170761787	0.276421028544424
-0.933995394652682	0.913801615790373
0.0586109535655877	0.0370290854361946
-1.401797464753	1.04998193880716
1.09691988375194	1.40755738717905
1.24607295645166	1.14595601921863
0.51307994987205	0.436697447136351
-0.487606675292995	0.372750836390607
0.276530386752355	0.193383473806482
-0.822752015238346	1.02236112016702
-0.285016673631846	0.186260085221031
0.116042406998645	0.0679420336446175
-0.284802917983664	0.186091266833938
-0.171877447008978	0.10300836389379
-0.0487047600275729	0.0265488692503066
0.0835243115212666	0.0559175294013137
0.0584849086837611	0.0369509486462666
1.11265651125862	0.93768533175143
0.577138239909917	0.601904161490657
-0.00645917082308286	0.00360555572465806
-0.411283428516767	0.400699631073881
0.234306721965948	0.135608476227016
-0.265311357120993	0.193859582495746
-0.487581032377036	0.372727958048912
-1.0674633720414	1.02935545738054
1.26775514367867	1.31681679420971
-0.171816972074702	0.102965328684015
-1.52278995090759	1.22112318048924
-0.766281321352695	0.662925995029655
-1.22059522969059	1.47078403384386
-0.282122133902362	0.244105359656185
-1.5412397359166	1.51543909845566
0.617704044951954	0.573751586513024
-0.376250478197915	0.319939523561622
-0.0947125918300153	0.0659933735364849
0.286501692822054	0.211716469912503
-0.41129407240327	0.4007662192039
-0.577002826250074	0.434347034870591
-1.74065489380138	1.57475967251135
-0.260407914201451	0.131463826799335
-0.171831111220029	0.102975093490661
-0.573306969524194	0.392293013381665
0.178488280870952	0.0880114930246788
-0.167822568183777	0.0869921519796813
-1.54114253685066	1.5154623201844
0.0585288005378674	0.0369794101178088
0.294562834620656	0.229049768992594
-0.006422163534817	0.00358458688008767
0.0289856450192817	0.0171876033787954
0.972424632377022	1.05484399731642
-0.39574974162354	0.361290693044744
-1.0673849388289	1.02908287832302
-0.449641252180695	0.282629245641421
-0.449536287830222	0.282477104716803
-0.171877447008978	0.10300836389379
-0.766414454254694	0.663108225094003
0.181350495182175	0.127608258219796
-0.897517881794049	0.94030942754423
-0.395554895660398	0.361177336810966
0.294866319688466	0.229233065489983
0.286290525771017	0.211533426053093
0.104936634058545	0.0741646617346708
0.398956040914501	0.277132929710772
-0.100524984420176	0.0534573894442428
-0.235277367771546	0.137916302412677
-0.701908866845412	0.471042169258016
1.36216788507174	1.197393867706
0.750813604587608	0.546288457112092
0.635819155453754	0.565122304744246
-0.175919634649486	0.131903962046959
-0.00633857803269929	0.00353880115898878
-0.653317619182716	0.659672230044936
-0.57940067199644	0.475491171193195
-0.852437271138424	0.785639292487699
-0.131167945964282	0.0901320351584368
-0.322159103419451	0.232023888318447
0.711941293208047	0.546490151457986
0.276341036164533	0.193169942811983
-0.298640703920355	0.237413176098314
0.028796287060234	0.0170738957105835
-0.579107606565021	0.475099010712088
0.399215586450099	0.293280976714356
0.769783628750618	0.713437624154362
-0.260249986440471	0.131363174492885
0.399441211531121	0.309440121880816
-0.00936017230136173	0.00674697281684288
-0.00917220121774698	0.0066132667553173
1.58597338133133	1.82445401574496
-0.422363725502875	0.236700130314835
0.398728165319106	0.276971181700825
0.96874908355718	0.894584091745297
-0.0489937644034561	0.0267199564240236
-0.10045091808691	0.0534111225538958
-0.568481019853327	0.350153375981782
-0.171793801836589	0.102951867486592
-1.234519884328	1.17067606353664
-0.579047233084989	0.267435837190726
0.968823971221591	0.894849317055589
-0.665732676974561	0.583979591146226
0.522385826382764	0.42384874536182
1.61928615617558	1.66824435091349
0.399652120253719	0.245289401469063
-0.0488223758110372	0.0266260448981406
-0.224442612976316	0.149344680362211
0.0583368415500632	0.0368506843270658
-0.848034357080434	0.353432748047731
-0.56850361312045	0.350137185021699
-1.44939702244728	1.3467385561149
0.211857686193715	0.113839275081236
-0.11949245706525	0.0730428325659769
-0.265311357120993	0.193859582495746
0.522441885682082	0.423905445396472
0.264648760685908	0.174502860332008
0.399526295151965	0.309538833718973
0.116419719317602	0.0681684460391056
1.24627527448334	1.14617763393206
-0.217452189601796	0.161116070471731
-0.571963286722402	0.312637127021938
-0.571612713488628	0.312477898458969
1.89221100581656	1.63172601033291
0.853033866383466	0.547002647083637
-0.100816832775804	0.0536002148514574
0.584743628490391	0.37993126836576
-0.212626980343274	0.172494475704482
-1.01094797395372	1.04629573419161
0.399004971904848	0.260929986436801
-0.0489013694262602	0.0266701962197787
-1.14868223720965	1.17217774742664
-0.131147323350631	0.0901154101141619
-0.0785844277089899	0.0352590751064225
-1.06743780703558	1.02930498309819
0.396197438898127	0.226365511940548
-0.0757351241842837	0.0471715022586644
-0.938748401635106	0.733936477959649
-0.00814076699264282	0.00524748175727083
0.972531577166973	1.05481447822713
-0.235475303257102	0.138083428952403
0.740514447024586	0.716189107800634
-0.29877351514744	0.237589613695921
-0.674632540303875	0.545363877292345
0.0859807318342054	0.0468871903241147
0.387699641114235	0.203810552040452
-0.389958581984116	0.276296546954303
0.264537573070616	0.174438139402009
-1.67013186128768	1.12099348540424
0.141918226728449	0.0887664170461289
-0.571850481296198	0.312666676322475
-0.167746238435569	0.0869469108163603
-0.472047704335293	0.329071112036136
0.399523941949888	0.309549797669524
-0.581600116981307	0.516448993782105
-0.573135403447075	0.392220170007954
-0.119413646587186	0.0729782863760738
-1.0841700861242	1.183860058015
-0.500203818321057	0.416021304548639
0.55137050490532	0.635570084952614
0.898413882526757	0.723276956405637
-0.395677619377101	0.361298242623514
0.181264213319232	0.127547533520932
-0.29894074969152	0.237643386518466
0.116261385167052	0.0680970995288913
0.584644909741346	0.379823349107698
0.0289583677449382	0.0171730144127463
0.163542982860668	0.108778932354839
0.018826709036152	0.0126652193932202
0.715445504442213	0.720411590700479
0.169539020520342	0.14411971010244
-0.322139897340277	0.231999577337031
-0.352126670118245	0.276763546538491
0.034327506925036	0.0267317021414105
0.752066478356233	1.04331588208761
-1.01109200987748	1.04692438485415
0.399583361571094	0.325359390748264
1.1124541585777	0.937564150996836
0.294562834620656	0.229049768992594
0.522254066330468	0.423767227511228
-0.413774697789642	0.320922462967189
-0.413963562725887	0.321128480945109
0.25077730949292	0.155295680303515
-0.471763944533699	0.485706100559051
-0.173939041290908	0.117697673411669
-0.766124337343184	0.662305499122775
-0.10061457138053	0.053506852680468
-0.224312605423334	0.149190997474344
-0.131212887277098	0.0901629643677175
0.116526517821867	0.0682388702802972
-0.352126670118245	0.276763546538491
0.779519437316155	0.875628042518036
-0.0944930290534367	0.0658343548273408
0.693623641065943	0.725129665591917
1.15002099463105	1.43001801170539
0.196550516671539	0.145785143711548
-0.00818551931871176	0.00527638130083001
-0.433336122325977	0.364703762729005
-1.05077808414243	1.349791008941
-0.674686969629508	0.545493532457957
-0.26050123433033	0.131519082409796
0.0479024594570816	0.0241625713413601
0.0856897039185628	0.0467307539129102
-1.24519154070041	1.02240393492908
0.898249451131516	0.723137417121878
-0.322222202454651	0.232070845187278
1.37649664955065	1.70435919469945
0.23410444750179	0.135473731879832
-0.674871628706367	0.5457500837636
0.584751571128831	0.379962887188801
-0.175965673055704	0.131949461334819
-0.579529532998714	0.475438313558617
-0.510349579986303	0.457824722179312
1.37266357972983	1.53219140551557
-0.701977565807351	0.470939585084635
-0.173793977810882	0.117564984361796
-0.422406153924719	0.236701653650632
-0.449089797555773	0.40667171228902
-0.00657026808094862	0.00366649300398857
-1.40173442052821	1.48392626608307
-0.0394432749489625	0.0250150078693679
0.276633318877016	0.193483226455459
-0.139641943786105	0.105852738909455
0.104610131066614	0.0739062497977535
-0.422363725502875	0.236700130314835
0.513011288672249	0.436498485963086
0.0857690839630121	0.0467755813981377
0.276769665790048	0.193574108933326
-0.581538136798456	0.51610831258991
-0.0490594629448469	0.026755104726524
1.02254486376266	1.06702666289685
-0.235382896302948	0.138024912443037
1.02254486376266	1.06702666289685
-1.01100712019044	1.0467688034003
-0.63480654787732	0.796995116441068
0.155561585127363	0.126704917060411
0.221590869897824	0.180619646662104
-0.176031979073977	0.132007055143449
-0.376036889366226	0.31968533965236
-0.285104268291679	0.18637524470887
-0.583535468725912	0.556263643502455
0.233932560005529	0.135341786270877
-0.173812992051245	0.117606196781948
-0.0784345608345093	0.0605629423147764
0.0617424742393982	0.0239084459082885
0.307482314197295	0.261991389648854
-0.352040492772184	0.276727993449681
-0.0760120659596625	0.0473565155075544
-0.939235516993964	0.73459676282174
0.399309152528965	0.355363453106969
-0.573109057679514	0.392100635956525
0.0289310925154956	0.0171575933732068
-0.0944930290534367	0.0658343548273408
0.155660664247065	0.126815079567046
-0.282194115143436	0.244190624765157
-0.413878595132534	0.321065353400636
-0.665455791924621	0.583460234530752
-0.282064016872865	0.244046438348143
-0.658812020234313	0.622272623786636
0.838406015823902	0.876999052332249
0.963417143425749	0.7368200202736
0.838233482129389	0.876845308069539
-0.510554622345062	0.458200766709878
0.264755643837087	0.174602748105253
-0.376163929996024	0.31987943573016
0.67150962292298	0.334766898185218
-0.992548898642509	1.21875163505965
0.656286518481059	0.556786806671946
-0.422277491765285	0.236577437285146
-0.56834400715451	0.349927830323958
-0.119386451613774	0.0729635647159714
0.0585507395646079	0.0369912014102946
-0.144375749886043	0.118973684538715
0.399161216342137	0.293259882473176
0.644338704818276	0.745740415085043
0.104743245653756	0.0740199231291502
-0.510594944841178	0.458210310992055
-0.224495591706642	0.149371318920318
-0.224283721636834	0.149230159915673
0.0479972024740841	0.0242164984656391
-0.184505553212383	0.0791373504854963
-0.665480935932273	0.583713359197363
-0.10062225280412	0.0535115969827204
-0.897865515158261	0.940034215293713
-0.825142928248916	0.599571444913089
-0.173812992051245	0.117606196781948
0.39899943881739	0.292942508144506
0.116307687959683	0.0681343944936411
-0.00805465504055907	0.00519190678853577
-0.260249986440471	0.131363174492885
-0.449649024133895	0.282626986880979
1.26768022241532	1.31647167770262
0.803959680966698	0.712177078510325
0.656098836707982	0.556370497555478
0.93804601825341	1.20214510056494
0.209778651025218	0.16333088864056
-0.792126707406141	0.630748496181635
-0.47190363868862	0.32891647785336
0.18157630714099	0.12779076341899
-0.235488423181181	0.138083855479216
0.387356499692441	0.203515397099809
0.9295777991533	1.04562146675821
-0.322348470771355	0.23213817577111
0.30760571259343	0.262122423899814
-0.235528417687142	0.138093242377677
-0.26541832701241	0.193940996943871
0.181268476238753	0.127577741589605
-0.579233535502349	0.475321044301583
-0.675085035125331	0.545755927653591
-0.510528530413483	0.458147754402912
-0.472084972467567	0.329086525090447
0.318786583022446	0.294881094981907
-1.70887735822596	1.86293477516811
-1.29923700457505	1.47245000624079
-0.351909434642379	0.276629510394756
-1.13157352576474	0.867806795163739
0.286504419689958	0.211703732844714
0.286419390851797	0.211652533237129
0.401445608684003	0.415830741307211
-0.487633965163832	0.372797634315868
-0.284993363742646	0.186275029087059
0.712061048069147	0.546653091630455
-0.285127572665304	0.18640202474893
0.141972601536965	0.0888084008407711
-0.583621977625527	0.556466569293229
-0.585184438085591	0.595488959428432
-0.285211168305487	0.186448644459638
-0.665440101127456	0.583556844305442
-0.176690440934808	0.144521266669915
-0.747028489705835	0.697635563753618
0.740451330384789	0.71612262862002
0.196509225695554	0.1457383385294
0.142183324802508	0.088901411299901
-0.0067375222257956	0.00375739139583859
-0.0064125873499607	0.00358029417270733
0.399624325955576	0.340749213014004
-0.100711867297307	0.053558502180433
-0.176164638179333	0.132110327925399
0.806972845941745	0.876009460002654
-1.74038128308401	1.57482922037022
0.083503731628119	0.0559134923078252
0.602321068193531	0.582899644615081
0.635544469288338	0.564969109409345
1.01114902933734	1.37605247208215
-0.217562355222036	0.161209704519002
-0.285150876711098	0.186416646333165
-0.389904182000159	0.276324804610237
-1.32927288054565	0.732650220342582
-0.931638353350976	1.09069899497515
0.313096478013686	0.278139188531087
0.181551804261509	0.127792825572201
-0.175355466119806	0.154464224079431
0.221438925773024	0.180443896982325
0.0421287088270046	0.0298323800838227
-0.411327437354154	0.400804824466713
-0.658550848630061	0.621797141860651
-0.422320612835452	0.236661180017005
-0.391957975436554	0.191620519285313
-0.235158418201194	0.13785025037124
0.681195083204236	0.550500792823466
-0.305813856411293	0.282889210170503
0.209810360905692	0.163357285474146
-0.938958711023036	0.734322134192378
-0.686314910070082	0.507439485504261
0.874713866550428	0.879621645016318
-0.358561349203797	0.229976361393022
0.399320357955416	0.29338142861375
0.0183938786951743	0.0123755751274869
-0.69904414307673	0.833026426386197
-0.39008898908593	0.276452622310432
1.03836641288301	1.69480751753665
-0.731899454749346	0.732585978686206
-0.131147323350631	0.0901154101141619
-0.175411963556636	0.154538038804532
0.323875907528273	0.311185177941214
-0.253233963274829	0.203545989804676
0.0586548875170673	0.0370575773011633
0.546843514987056	0.39952635801972
1.21216431307697	0.970853229111692
-0.07565288497896	0.0471115089473999
0.286501692822054	0.211716469912503
-1.24519154070041	1.02240393492908
-1.23439959674861	1.17069584688429
-0.731958339276255	0.441230120289073
0.0835281520701357	0.055942087371443
-0.801808408102043	0.848128932209231
-0.690480744613585	0.864533923182388
0.116116093389939	0.0984744017648024
-0.931732471405208	1.09126353709328
-0.957665248121312	1.2375012000343
-1.40357351336362	1.9266055936244
0.17499326471219	0.177293502906078
-0.107655148293218	0.0824110798648287
-0.351823286685247	0.276549016111137
0.475001476459962	0.52810498001244
0.163523595034267	0.108757021919746
-0.217693310125571	0.161294740239511
-0.207471680451127	0.181891112921745
-0.00859963652304804	0.00553966745957561
0.264672040453276	0.174541981042422
-1.78573260439917	2.04154757730278
-0.581837893922969	0.516636156715902
0.715379835872052	0.720314515791548
-0.32207686699996	0.231934859347299
0.100404993253477	0.0817246606347805
-0.0888510651050531	0.0740854552184245
0.100402960718665	0.0817303274157741
-0.444663263872254	0.511477934101151
-0.322222202454651	0.232070845187278
-0.0783064405340409	0.0604521962801017
0.398728165319106	0.276971181700825
-1.34497212212525	1.77082852794073
-0.212619627852442	0.172495534098922
0.0829543532098465	0.0646413281261662
-0.51058076963781	0.458126043684327
-0.26554880296696	0.194126969543783
-0.298839945557986	0.237664632715062
0.656286518481059	0.556786806671946
0.0424032487040718	0.0300491191000436
0.399187088913684	0.293282605618885
0.0422153030570909	0.0299104691900951
-0.00829232854863562	0.00534469134583311
-0.0082716539685023	0.00533164399155396
-0.00907787891476096	0.00654587525523139
-0.525103121666103	0.53776603344622
-0.658767448679862	0.622135778002015
0.769624558410942	0.71323243362851
-0.22446989148558	0.149358942874387
0.0584464545424206	0.0369176813389574
-1.55996759028605	2.11366343482015
-1.40162875068791	1.48333726873016
-0.825418566040116	0.599664233386239
-0.58151062022488	0.516288793777663
-0.305836931473833	0.282943420461843
-0.51866651343237	0.498616668350759
-0.100688927061247	0.0535323661912431
-0.510395751096544	0.457976707873332
0.512846796210458	0.436662397859969
-0.449649024133895	0.282626986880979
-0.235263910068046	0.137908242010453
0.806977108402305	0.875863628466965
0.658487185464388	0.737872493085191
-0.0392463609295962	0.0248852912712085
0.0289038193280555	0.0171413780587822
0.71214042126202	0.546631460156574
-0.00475680929605525	0.00220672361861251
0.533041558498516	0.410857006584702
0.211948576329243	0.113865296765307
-0.00473520578037929	0.00219591531042473
0.398834984692158	0.277080991308156
0.617901168827773	0.573807956747206
-0.0947327176649978	0.0660018646610106
0.301471203433606	0.245756967648076
-0.0064125873499607	0.00358029417270733
-0.576942594038448	0.434274061427803
0.512742380105506	0.436490627879526
-0.23539602597155	0.138035568356171
-0.119518275601168	0.0730591665263058
0.779724799912908	0.876137017952781
0.53323209335637	0.411160796994751
-0.175925190312393	0.131899525865189
-1.13160407322127	0.867781212342318
-0.690436693000727	0.864526088588019
0.83272653501162	1.19003137109507
-0.0567454695830221	0.0511021067619738
-0.202735551604034	0.190108021260295
0.0635535361126951	0.0472866216712399
0.251268286233434	0.231791520224111
-0.533224552161893	0.610138422908749
0.497236432279839	0.461786244409188
0.401422411255467	0.415828740579002
0.232096489208358	0.197519009153599
0.809266969271942	1.03401625054324
-0.449349156036037	0.406986368246671
-0.094499096567093	0.0658340442278749
0.504641535304964	0.449066257183369
0.399583361571094	0.325359390748264
0.602300445039575	0.582911394776598
0.401377993660331	0.415765433549177
-0.139410493996032	0.105612742713317
-0.175270264395046	0.154382564176554
0.399218376667999	0.369964660976577
-0.351647589951643	0.276314271546504
0.551526945013568	0.635803211156211
0.169577724751783	0.144149157984512
0.399566960302358	0.325205284364738
0.301451117250442	0.245747616354793
-1.14880794209502	1.17257905901325
0.0826995766490159	0.0644209661424387
0.196443709515116	0.145674447810183
1.17361165358501	1.59882829187898
-0.252949161662399	0.203250918677192
-0.171900614616488	0.103015029122361
-0.449328790336753	0.407000668559091
0.0635965409655264	0.0473065759948496
-0.348354470714706	0.320259232563017
0.242240089394058	0.214899999417407
-0.351713017116869	0.276409214357251
-1.15390378131278	1.32488107100036
-0.472070889856049	0.329070387884181
-0.413875672465274	0.320977131804376
0.221663287178947	0.180690222109719
-0.171854279210956	0.102994903376511
-0.665647710595455	0.58393081140269
-0.31484487118018	0.180441066493249
-0.414023724280832	0.32112461053383
-0.981451056118932	0.891182658817562
-0.176789421130046	0.144603835594907
0.399045218082428	0.26107791038966
-0.0947992162507255	0.0660470348324582
1.02254635039986	1.06701992887898
0.399255404140671	0.340327963958106
0.779791212723478	0.87618166578806
-0.579318494558417	0.475379314562234
-0.674897402447207	0.545676629601899
-0.577063067083383	0.43440075790853
0.671610898104777	0.334894991105506
-0.22446989148558	0.149358942874387
-0.0489803984799141	0.0267132188815541
-0.413837630123317	0.321003545361389
-0.576965922644856	0.434268315425558
0.0836386471869281	0.056014884870977
0.522361610077758	0.423873731893028
-0.224363956956832	0.149288353019299
-0.0949184350541553	0.066118214468768
-0.500052357400139	0.415859651019115
-0.422385450751323	0.236657506409627
0.301610537303336	0.245886204803862
0.104962917704732	0.0741887431566488
-0.0760533009637857	0.0473839636800134
-0.217565837422782	0.16117038929643
-0.00633857803269929	0.00353880115898878
-0.265442027789063	0.194004074913417
-0.407047340101398	0.0913266870047607
-0.573148582352656	0.392220049465515
-0.0943661436863661	0.065729595817108
-0.174601394885369	0.164345846396706
-0.0975877881673832	0.0871840012232858
-0.0948456194705877	0.0660816918432888
-0.119544100623782	0.0730686929218244
-0.139822767383323	0.105999705204428
-1.04420268594293	0.874225060290528
-0.171877447008978	0.10300836389379
0.399591436244457	0.245265409014508
0.0859014915634962	0.0468510187878195
0.141837999713012	0.0886982180340347
0.874735705690894	0.879610841769866
0.196571155039691	0.145799378267807
0.658530464255584	0.737939274151088
0.769810889993383	0.71345620863575
0.806906067671354	0.875898598592985
-0.282194115143436	0.244190624765157
0.163416673168622	0.108685956637582
0.972548386386087	1.0547402839139
-0.285043981003217	0.18633542576247
-0.0064125873499607	0.00358029417270733
-0.573109057679514	0.392100635956525
0.588589148108584	0.591793224431261
0.558738520262398	0.623929027769591
0.0186389875795578	0.0125402611635841
0.588808628684068	0.592084885685176
-0.732058126746874	0.73286505952673
0.833350157481386	1.03361293187285
-0.224335078077715	0.149257804118276
-0.889849917085526	0.758267834539312
0.398860270688586	0.260928559216684
-0.10045091808691	0.0534111225538958
-0.358588196149511	0.23002237558786
1.82891049821854	3.12020716395755
0.142052828198632	0.0888586735653421
-0.852478205765596	0.785785640793822
0.0289840778068076	0.0171894330672799
-0.518825523041233	0.498855382543206
-1.08445551386974	1.18378940346143
-0.17674005333929	0.144596675147568
-0.389771020667503	0.276159735319747
1.26786196807041	1.31690885537426
0.399558829422796	0.340706732944273
0.209631472171883	0.163206564584607
-0.23539602597155	0.138035568356171
-0.389796790631925	0.276201776044944
0.264611710694309	0.174500278389277
0.286542771421766	0.211718276155207
0.658610052687935	0.738046823995945
-0.449283070725039	0.406903919184039
0.898608533156055	0.723494902630146
-0.119439450446503	0.0730048395536886
0.399320357955416	0.29338142861375
-0.414067627369576	0.321199031531157
0.294558943363596	0.229029990708639
-1.94219445552014	1.50498311534234
-0.174045992100664	0.117747985869765
-1.0841700861242	1.183860058015
-0.358838437756147	0.230161188232916
-0.11938505528066	0.0729634588982928
-0.747137088914904	0.697800159750851
-0.119491077741782	0.0730364768299565
-0.766228414967052	0.662815534712448
-1.14882997274325	1.17257316998894
-1.32061182671971	1.32502985258489
-0.573214592148753	0.392266645889591
-0.176205090626799	0.132136811461797
-1.32934427758984	0.733020573050618
-0.322117960194991	0.23199093386192
-0.325770698246032	0.320365041303332
-0.120726055861867	0.135190647009785
-0.233464476647958	0.218058258976988
-0.131278473770528	0.0902076171710122
-0.358509316483428	0.229953272680103
0.546618628076521	0.39924652057197
0.396003500216528	0.22619139160627
0.680943996995515	0.550213767822116
0.68102769657429	0.550378261045452
-0.0758639628706004	0.0472629593014399
0.286416693814867	0.211645171973911
-0.573043063375869	0.392116283470683
-0.325986236323559	0.279657087800094
-0.585104895577522	0.595412365837543
0.163394799247274	0.108667158772753
0.196505607634886	0.145735446962698
0.399542328129567	0.325287038307976
-0.00842328172380098	0.00542826232287636
0.0479061058216731	0.0241734985376833
-0.0488879942131119	0.0266619172719185
-0.0394884245435511	0.0250431843018384
0.396003500216528	0.22619139160627
0.0288523742823862	0.0171074128794536
-0.686999024404039	0.508366607900928
0.0834869360630492	0.055915544926037
-0.573135403447075	0.392220170007954
0.399441211531121	0.309440121880816
0.0479972024740841	0.0242164984656391
-0.568541766074588	0.350174119857092
-1.12703244414615	0.724105062479207
-0.315012604577116	0.180519573244866
1.36209146650402	1.19718453032602
-0.389982968519614	0.276402027316149
-0.322329129041418	0.232140380002769
-0.224256440322004	0.149207271874944
-0.648554409936427	0.696512552624128
-5.31164389619619	3.4261619740082
-0.802007059491736	0.848254209311997
-1.03359717555729	1.19988500775753
-0.224232389151843	0.149141924687366
-1.0094931847238	0.719548716819513
0.497089520926248	0.461526130383423
0.116284536468204	0.0681178066573984
-0.32216183925384	0.231992500035391
-0.573122228556241	0.392182120784472
-0.176006165815773	0.131975979136295
0.61173597496793	0.774525705489794
0.155483635930465	0.126636299763171
0.69373675513114	0.725279719780685
0.221627696630058	0.226009372747099
-0.510494158567052	0.457970132623112
-0.00629198591006161	0.00351353991767755
-0.487686905437284	0.372851819278413
-0.11973175408351	0.0731806151265008
-0.389929969887617	0.276359669549728
0.399341037123646	0.370129367319202
-1.00956173625136	0.719582795507295
-0.801961114520911	0.848158738139112
0.264704824340339	0.174556238904536
-0.487608320482119	0.37274814708529
0.0855710855814217	0.0466692685549772
-0.686512824090886	0.507986633485621
0.0290370556228624	0.0172206399698484
-0.139526403178022	0.105723057983238
0.294542240172284	0.229015266462376
-0.472168616436183	0.329139563619447
-0.889980160389902	0.758313948686625
-1.01111442932408	1.04677144394078
0.0857298001699369	0.0467611300263588
-1.04455779344299	0.874947175637136
-0.822806187928571	1.02259290000407
0.0290643313532979	0.0172360612881144
-0.0490995328607928	0.0267698973590988
-0.0784452176349415	0.0605699329836714
-0.173769055054967	0.117569809360543
-0.435019408012128	0.475252268430123
0.658537797033408	0.737977904459406
-0.58151062022488	0.516288793777663
0.141972601536965	0.0888084008407711
-0.26050123433033	0.131519082409796
0.92910590013713	0.545350618768897
-0.100361481812431	0.0533560155306658
0.551347302028791	0.635571265490486
0.58475959722206	0.379934996153133
0.234217042819429	0.135554715301903
-0.686827855694164	0.508381075212563
0.209784434728169	0.163357596997261
-0.665396018019651	0.583572903561045
-0.322222202454651	0.232070845187278
0.25069825731129	0.155248653610278
0.656312403674297	0.556815343915179
0.0479444191794637	0.0241924711034532
-0.167754090883061	0.0869546539632337
-0.13943227160045	0.105642427055635
1.03219562389923	0.911216412299517
0.398952751279318	0.261019310889639
-0.579126611208689	0.47515484208015
-0.167677774336158	0.0868939558902765
-0.322266028375118	0.232102188709418
1.47066717479768	1.75600155148218
0.617897056530973	0.57390482175607
-0.260343515581359	0.131418537401997
-0.791899059019307	0.63044304553037
0.546552739173602	0.399172839439096
-2.54142632055543	1.70634447566283
0.546724411633398	0.399465628855253
-0.938893028343589	0.734318770281423
-0.877086102697969	0.57703082808025
0.181354727690782	0.127651068600099
-0.0782905181298599	0.0604439777307736
-1.06287683213136	1.49337609217389
0.163457954905026	0.108715810889068
0.233962789926309	0.135310899682821
-0.0491519027542736	0.0268024821055204
-0.171900614616488	0.103015029122361
0.142022939889965	0.088798320172783
-0.173960995646723	0.117706641264591
0.0423814853970688	0.0300328030402259
0.756399677996851	0.878219703883508
-0.282165043535673	0.244155786040293
-0.175873628065203	0.131848123949477
0.294497222084847	0.22898750613545
-0.32624655070662	0.279951520924789
-0.824056657166924	0.81638992795693
-0.131102415469497	0.0900815453227977
0.512739851557972	0.436540967621389
0.533185558195406	0.411110623257971
0.533269183355893	0.41120691108276
0.211887954999951	0.113856287486724
0.398788702445974	0.277022374151166
0.892844162640279	1.03935934976629
-0.171998424677568	0.10308111895244
0.399514837743067	0.245145006944984
-0.577086391382454	0.434395001497962
0.656177814080864	0.556462972229039
-0.131212887277098	0.0901629643677175
0.398797581707142	0.277035673986689
-0.176031979073977	0.132007055143449
0.973930234687348	1.21062418865468
-0.57703974245666	0.434369516798473
-1.14893374072295	1.17278247571731
0.250869700770155	0.155330162038453
-0.173709029792348	0.117506469493409
-0.0284263776586732	0.0222666571770164
-0.298860101022677	0.237688026429349
-1.21185750281855	1.75940398265803
-0.207518123929719	0.181921607925356
-0.281984440451377	0.243935626857212
-0.184495602328439	0.0791280415311326
-0.0944728873280826	0.0658199548945556
-0.967493763458864	1.06808572954884
-0.28506006343919	0.331497017992303
-0.07855060800194	0.0606478332903995
-0.217562355222036	0.161209704519002
0.399355379932074	0.355448893685482
0.399384560053957	0.370248260620243
-0.315004694077924	0.180516228112622
0.264416845184415	0.174291804898732
0.083310726233582	0.0557878799429237
1.37264970808531	1.53235990515963
0.398834984692158	0.277080991308156
-0.471940885671565	0.328935283128993
-0.224177831521075	0.149123008506547
0.0635115863446252	0.0472556483106754
-0.175787114989996	0.13176678130629
0.294841995140504	0.229213411720722
-0.674712712482376	0.545564195725926
-1.62755004412691	1.68745648499903
1.37654031984251	1.70468379626758
-0.732099967580472	0.441350213980641
-0.576929031712178	0.434123875810332
0.0288250995353104	0.017091994259572
-0.265680101467543	0.194226915105528
-0.413878595132534	0.321065353400636
0.656339583124585	0.556847987421022
0.399652120253719	0.245289401469063
0.0479747380547107	0.0242080962692441
-1.35610128709322	0.474818712797072
0.058504011144468	0.0369551054150997
-0.579381506779687	0.475441032582408
0.234291393901341	0.135604455620529
0.804173462791167	0.71242442008755
-0.938945447499601	0.733995339864422
-0.131123053864947	0.0900940267751824
-0.00661683941035757	0.00369212124662277
-1.94193752750428	1.50446298508315
-1.6857313628121	0.703085363193652
-0.877318704480512	0.577012560144428
-0.260687678894057	0.131570425690877
-0.28522486854119	0.186431013075127
-0.0787588855722984	0.0353441950334484
-0.571624596727463	0.31249828110112
-0.0786522619879239	0.0353023758590265
0.328802229758059	0.327610676262534
-0.305808690136794	0.282908391946252
-0.173771987292809	0.117563128560795
-0.433270756414973	0.364627517279049
0.68120935990724	0.550510843550439
0.522334344578273	0.423865103654156
0.606653110878273	0.367855821635787
-0.252903459816932	0.203170035679264
-0.44941547035433	0.406962344525139
0.242217556388802	0.214861108058684
0.105003155264898	0.0742130464749505
0.469673301739494	0.554991207322152
0.0421571888654474	0.0298585868469307
0.209810360905692	0.163357285474146
0.57723250490321	0.601941987763974
-0.38995717249119	0.276378670243734
1.0321031200666	0.910902241593399
-0.732192865670734	0.441473163114747
-0.572977137866887	0.392068629563688
0.533171724953987	0.411076621770173
-0.413859635214476	0.320987506150472
-0.0944527482792989	0.0658028264333126
0.264681545443047	0.174556420254131
0.898713487910385	0.723279706234237
-0.224389641716655	0.149312226642465
-0.100532689740455	0.0534621458761021
-0.265544969074455	0.194079507040414
-0.0760314155104479	0.0473703860597685
-0.981266563783077	0.890648334294871
-0.897648591102947	0.940306894743437
-0.0487956030897302	0.0266078382724499
-0.285043981003217	0.18633542576247
-0.571969057025845	0.312725884763733
-0.766932353592444	0.909969798012273
-0.282252241621035	0.244227591554584
-0.174534842942652	0.16420531446422
-0.471758725866629	0.48567728187109
0.0343926776004898	0.0267882380756366
0.0636994054086332	0.0473926089794657
-0.395583863149427	0.361209150275205
0.0422948394581713	0.029970376284185
-0.901892476357443	1.1149831143537
-0.10523196443832	0.100102349059221
0.702302368402709	0.893793846832306
-0.719783171427679	0.767608928160328
-0.325972002910159	0.279616560060996
-1.96517577401056	0.956828165854412
-0.131233499060858	0.0901795833894835
-0.444666752316161	0.511512531021853
0.318786583022446	0.294881094981907
-0.376092155763267	0.319724333928794
-0.375898860066537	0.319579248516025
-0.500445748090961	0.416152769317763
-0.149352582633596	0.141073973570733
-1.22044247919566	1.47021958433138
-0.212380987832766	0.172181422069055
0.123703996642159	0.0919178340646103
0.838385513335964	0.876989420900022
0.221460669031461	0.180491789950753
-0.58155202820108	0.516158352117521
-0.579340458708076	0.475309080926243
0.123385420895066	0.0916683702506069
-0.579107606565021	0.475099010712088
-0.299152226628408	0.237887819211096
-0.746921508101353	0.697565218519348
-0.0782625129326343	0.0604206614583681
-0.107483936228961	0.0822896283358165
-0.587369202974569	0.911303889008132
0.545034423645726	0.647888121700052
-0.375924574758734	0.31959818293731
-0.322202951136644	0.232055249653008
-0.581710449135816	0.516499216666256
0.522094977216383	0.423414637549062
-0.175585784078955	0.154751236625784
0.477916138507761	0.514238493010907
-0.00464925692511027	0.00215784838081213
-0.500269404133485	0.416078072626404
-0.0760120659596625	0.0473565155075544
-0.665587887433238	0.583689090508115
-0.35180263882442	0.27651654586003
0.209712239774351	0.16326463549996
-0.487606675292995	0.372750836390607
-0.358626885295045	0.22998067903823
-1.54117948626586	1.51536968724642
-0.217496910387678	0.16115931261989
-0.433336122325977	0.364703762729005
0.497329353176806	0.46184590090429
0.546869310078337	0.399571689674323
0.52227981971219	0.423783646269679
-0.877021735045663	0.576906289496621
-0.00635228232034153	0.00354698853506701
0.680990250676709	0.550269762703352
-0.708839492571653	0.800947850610149
0.712061048069147	0.546653091630455
-0.284826233152916	0.186118021704867
-0.119491077741782	0.0730364768299565
0.196398798690872	0.145631620993725
-0.934014185883018	0.914054579689335
-0.375990847869845	0.319678207050162
0.804173462791167	0.71242442008755
-0.472010450119347	0.329013950089207
0.211827445314614	0.113815124257299
0.28637280327732	0.211551506763949
0.141760380317078	0.0886247132081318
-0.500096487660414	0.415837649908461
-0.80178810921416	0.848141441079779
-0.568374408633626	0.349993657688987
0.142105856690795	0.0888908050395115
0.196505607634886	0.145735446962698
-0.766334235224492	0.663007552598854
0.0289552406293329	0.0171693793902521
-0.579162162837228	0.267406238343768
-0.308282434777533	0.321958668887292
-1.01152424842893	1.36417642908161
0.56705154000722	0.61227906844136
-0.057006846783567	0.0513498102345755
-0.634948128963047	0.797273144851552
0.0291157145799139	0.0172647535261351
-0.146806505312673	0.130003782505204
0.0636000751853239	0.0473165492284576
0.3075330390325	0.262055958899197
-0.933929260638794	0.913928254492498
0.0135546916540817	0.0100883520178315
0.242012435999732	0.214524784365642
0.602483948559522	0.783590884885046
-0.0783011716475821	0.0604531772846026
0.140407610727063	0.10937452324644
-1.10663025594682	1.48341554251906
-0.788111377288474	0.414177817025583
-0.849597513992659	0.354101235493265
-0.933844341584592	0.913679106263852
-0.708911413623712	0.801159832729146
-0.64349903360342	0.73086029040724
-0.139692590234455	0.105897572019939
-0.207471680451127	0.181891112921745
0.708832552110389	1.05677775864833
0.399611372399	0.309606972463002
0.318819834813406	0.294902777894859
-0.699156157129462	0.833378565150973
0.736546885381089	1.04762474219268
0.259621628494504	0.248553233695813
-0.5852232908579	0.667366559112539
-0.00893404829063116	0.0064411997468919
-0.173939041290908	0.117697673411669
-0.144635989356977	0.119149840724526
0.235644783079322	0.255577347434644
-0.115224521442314	0.095537884927399
0.181182218714402	0.127493819732171
0.752092985516284	1.04312398138966
0.348211568848521	0.417400160268381
0.105049535557678	0.0742481845089258
0.567261381660294	0.612642492327136
-0.577099994021257	0.434404359083589
-1.284096918885	1.61914698286443
0.116209783657585	0.0680661387473735
-1.24526456840118	1.02188427870886
-0.171696050116023	0.102863648758974
-1.7857307271037	2.04268182706793
-0.217496910387678	0.16115931261989
0.546830196927245	0.399558804431895
0.163649901488386	0.108841103114599
1.12025867081795	1.25758380689059
0.0422006501047223	0.0298998522515522
-0.2533001092088	0.203601929046433
-0.100443178122335	0.0534100513858687
-0.422428119128095	0.236719234912365
-0.131167945964282	0.0901320351584368
0.632177810904669	0.352614000083049
0.0479747380547107	0.0242080962692441
0.917199303451215	0.884108236393168
-0.35847084838147	0.229769466617285
0.68102769657429	0.550378261045452
0.635712241634038	0.565136977878951
1.36843983381257	1.363788488939
0.029223220666925	0.0173252806956676
0.234194106334154	0.135535242488063
0.546803549672268	0.399551531032605
-1.94217785162884	1.50556750778932
0.584713362680071	0.379926319520258
-0.579403460035246	0.47537077681059
-0.939064223681972	0.734584867529678
-0.766281321352695	0.662925995029655
-0.877298087015138	0.577068484962905
0.0615540730712499	0.0238263165776983
0.211895891785283	0.113859386997973
-1.11469959880058	0.540907832368884
-0.202708069778646	0.190129588791248
0.221778996513906	0.226157113760758
-0.492757483253219	0.593596067645149
-0.13168036617658	0.132523668233495
-0.144453079280324	0.119035776396889
0.652675670976211	0.922144222479853
-0.449288065965024	0.406959234228193
-0.146772097651532	0.129962124276469
0.221453541794974	0.180496855805387
-0.107551153683785	0.0823416233519769
-0.708960574458386	0.80106590365948
-0.927970801580876	1.25741543743741
-0.0243648333370647	0.0206304988657753
-0.0784118451718175	0.0605417325939269
-1.01150112825717	1.36451584130126
-0.848554588996423	0.353709685597233
-0.424247391303756	0.438359591170852
-0.0760120659596625	0.0473565155075544
-0.212879909794636	0.172715514239797
0.513959743109808	0.715566780119496
-0.00704112804182672	0.00555066311029857
0.717911587532507	0.887175409663233
-0.0889600938313469	0.074193324177615
0.0135315260035472	0.0100756238310295
0.4040333922974	0.487726620059866
-0.381268827844455	0.395523767274108
0.130614942781016	0.115247380399564
-0.107580208916157	0.0823590013991479
0.221561976416126	0.180602935362218
0.251310747465275	0.23184293837833
-0.69032838389013	0.864263935767638
-0.115206320751534	0.0955417693009804
-0.308033149965422	0.321608537728321
-0.0890022146285537	0.0742314827135955
-0.146840909816264	0.130042350904968
0.399406346878754	0.370265244881109
-0.348177308492191	0.320123228669331
0.0990953072640847	0.0903035796914713
-0.51912931883654	0.498996528743854
-1.06772956796868	1.0297201300256
-1.55188530519531	1.81451535074326
-0.487635606562525	0.372739875622519
0.286419390851797	0.211652533237129
-0.658509291727506	0.621760743097196
-0.265569379973613	0.194142537482544
-0.131389139932464	0.0902671413340698
-0.583861266356692	0.55676706091992
-0.0488491633688526	0.0266379092504318
-0.23539602597155	0.138035568356171
-0.167693368413642	0.0868997512133413
-0.449902085367847	0.282738693009958
0.399583478821329	0.245237435874431
-0.235382896302948	0.138024912443037
0.564332334827496	0.389653895586746
-0.571725802687708	0.312448617253001
1.18700574659306	1.28239709328681
0.399267318521548	0.293356816796475
0.845807667058939	0.714953390541008
0.250658189413967	0.155202280541469
0.234388667047457	0.135655805195531
1.15475674214887	1.10924916729094
0.845781080857291	0.714913663492623
-0.824035939998639	0.816375692949902
-0.0758420447116388	0.0472493626621867
-0.00655651078964978	0.00365922616789442
-0.93390722512754	0.913789457162529
-0.877169937096785	0.577203324418684
-0.573227757311324	0.392266514424076
-1.35672844137063	0.47506664569878
-0.406143088696864	0.0911104868149055
-1.96467671705873	0.956602614744049
-0.174787512092113	0.164546624882924
-0.0858897920283089	0.08198529788917
-0.132155652231606	0.132976665522364
-0.357793131567741	0.392497366429559
-0.471797401774211	0.485740741266775
-0.00682758639900358	0.0058076356104421
0.313284640102475	0.278416887817052
-0.00732003595170289	0.00576947176225351
-0.25306100751911	0.203389159680727
-0.53971746176441	0.680356973703431
-0.325532264710238	0.320088995973353
0.477921011597441	0.513975465374316
0.323742290930349	0.311000048432772
-0.289369334875488	0.28571491709184
-1.13148172493174	0.867583831883534
0.128617894345499	0.0571115897629187
-0.571743456153145	0.312557694105377
-4.44943194328068	1.84281496770354
-0.422320612835452	0.236661180017005
-0.698997537890153	0.832826144818018
-0.699132854522545	0.833314384010154
-0.924512233827322	1.41753220294386
-0.72974115915321	0.997744546423582
-0.449094764457125	0.406542710509373
-0.308373742846152	0.322041313852252
0.0635244854997821	0.0472618812622328
0.182226469294512	0.16127580957496
0.85444093304298	1.19029993271581
0.31875880989445	0.294855187043874
0.402924130462312	0.445594549687933
0.0454881828915505	0.0398036279627741
-0.461659893900722	0.446921856686014
-0.585420210517495	0.770535506459773
0.32882317901454	0.327624015077511
-0.0072057301252059	0.00567955617652095
-0.233429520601108	0.217981962553136
-0.461953831871273	0.584603985305443
-0.299059469801772	0.237866335471971
0.0186738124001837	0.0125646649983521
-0.0782958641553491	0.0604504060165361
-0.0627139050408842	0.0442445043060467
1.31623325123339	2.00201328178605
-0.825240015986526	0.599593248021543
-0.581600116981307	0.516448993782105
-0.00831647071794103	0.00536026035772822
-0.212786082791363	0.172619444560237
-0.2988802591657	0.237699342993491
-1.06767495064489	1.0295945475418
-0.322202951136644	0.232055249653008
-0.433401510058186	0.364767577152712
0.141837999713012	0.0886982180340347
-0.358640290259768	0.230034639766072
1.26773201818246	1.31666496861891
0.387243002769636	0.203459271620111
-0.939077485445265	0.734512322363123
0.399735281316714	0.30972461717337
0.399621764926025	0.24528629890332
-0.358351663559802	0.229777267503482
-0.389955764282231	0.276364109155234
0.512761756487038	0.436576039484465
-0.119359254656873	0.0729448682063679
0.29460400870286	0.229088037995619
0.250381694419324	0.154976057741892
-0.119493837664983	0.0730298441674234
-0.0760120659596625	0.0473565155075544
-0.653297218005857	0.659694087387252
-0.897384337177914	0.939834486849967
-0.131061153506705	0.0900441324975503
-0.449649024133895	0.282626986880979
-0.285150876711098	0.186416646333165
-0.173960995646723	0.117706641264591
-1.00955415243895	0.719594277702576
0.402989430804172	0.139588222045671
-0.732425968479947	0.44134092774595
-0.951768045880078	0.27264192625531
-0.968160264279937	0.567066206054291
-0.406653408801407	0.0912540543799087
2.87952685196578	2.00184750693075
0.631688588846007	0.352176797827841
-0.585456703227053	0.632122582614604
0.333342152529385	0.343777208248477
1.16816748921226	1.91387588787007
0.0137249717108613	0.0102212947593164
0.221487716508463	0.225862249223683
0.318648183994018	0.294697766351073
0.259686415561	0.24866255771371
1.09488402644198	1.8745803739332
-0.653408914392345	0.659917412289735
-0.305831671356767	0.282916214760127
-0.653276819191851	0.65967225997152
-0.14695151628768	0.13014571170348
-1.68633971949454	0.703563702264362
-1.96349123148842	0.955719882005179
0.365689296245304	0.150222009642495
-0.184495602328439	0.0791280415311326
-1.04460940159171	0.875044256076931
-1.32938572253344	0.733074998982863
-1.35563614408753	0.474557097061527
-0.233391991103515	0.217977203400465
-0.648381451020563	0.696204577260159
0.813088824174967	1.19203117260002
-0.0091830664720766	0.00662154893381187
-0.253127136174988	0.203457367020829
0.401287186045334	0.41564069957076
0.403658104354566	0.460352685124973
0.307539919323768	0.262029225661601
0.594330469102034	0.793634843405305
-0.305703096814016	0.282755194205931
0.464853550292541	0.580838226819079
-0.0782396494838664	0.0603836430694843
-0.766965758113602	0.910044166485404
0.979878507501634	1.52193792585916
-0.282071608922576	0.244040056180918
-0.176210775370144	0.132134006481274
1.06415347603101	1.23835891427616
0.617613475615826	0.573627691992938
0.658501500039438	0.737840563009701
0.402148558004893	0.430635484703936
0.169523210471413	0.14409718531117
-0.131126705677178	0.0900946303692759
0.105029408368081	0.0742345750140804
0.399082266489205	0.293119180756306
-0.462069872844902	0.447280056242576
-0.434805582976796	0.474948577992396
-0.139692590234455	0.105897572019939
-1.01121771699011	1.36405176431989
-0.0759489641588138	0.0473161986698993
-0.314928072102401	0.180459211008952
-0.76630861954926	0.662972643880192
-1.63513010457781	1.39516657758567
0.399267318521548	0.293356816796475
0.0616700182489409	0.0238789606093496
2.52381610284565	3.07688030556526
-0.167784410327834	0.086973154849
-0.450073773647373	0.282680858580453
-0.939064223681972	0.734584867529678
0.264695320532999	0.174570131584808
0.25064583704517	0.155177325214836
-0.939037712077882	0.734420173128497
-0.285174180431765	0.18641825772864
-0.0064125873499607	0.00358029417270733
-0.00612481698429644	0.00342010635582874
0.196726322963691	0.145924828469218
0.607187780002941	0.368139762144304
0.116111833178487	0.0679806660152831
-0.119466645047769	0.0730195618404143
-0.934055074566501	0.91404265035613
-0.172082087699161	0.103117467063856
-0.358574770830738	0.230008355533989
-0.265335251618613	0.19382152771329
-0.0943661436863661	0.065729595817108
-0.56857990501294	0.350166387556922
-0.0946863710699865	0.0659595450455492
-1.1145954954322	0.541089063658969
0.399452705761677	0.245117872994277
-0.578945954765395	0.267273373392935
0.116330839643921	0.0681472868212352
-0.573043063375869	0.392116283470683
2.17513790583725	0.973023061087874
-0.951401566537421	0.272432782475208
-0.406653408801407	0.0912540543799087
-1.35610128709322	0.474818712797072
0.365795892718222	0.150333644094674
0.0616553482559604	0.0238703716137645
0.0618149550089233	0.0239347187925616
-0.242287745577283	0.268733252171453
-0.295248318622573	0.325855685561397
0.235832434984914	0.255798529475007
0.337134270779435	0.359238126152425
-0.11529490435299	0.0956123998465017
-0.498623036592771	0.629562340125968
0.169577724751783	0.144149157984512
0.333201122741353	0.343616200740822
0.594372958348454	0.793669539364983
0.00925020685344859	0.00805555822595457
-0.217455541006197	0.161111172388021
-0.788353018666431	0.414337941238971
-1.96368093592683	0.955822689151189
-0.877234030673162	0.57722347245481
-0.184271044593708	0.0790222441021079
1.29047191149383	0.361322640689658
-0.184495602328439	0.0791280415311326
-0.951768045880078	0.27264192625531
-0.504530624305488	0.666532364956502
-0.585062146058293	0.736223648376051
-0.139663708311217	0.105871822947445
-0.0521507640260601	0.0405731557966148
-1.16013158063438	1.62064491562479
0.527999647775781	0.682230856313729
-0.267477874609885	0.248503381401493
-0.0523304213441873	0.0407151963118366
-0.267748852689771	0.24893575643008
-0.529678199943395	0.574505624490669
-0.298860101022677	0.237688026429349
-0.518897904692047	0.498945824183835
-0.282201713292424	0.244176349026713
-0.461768491540443	0.447093883510241
0.460140125225869	0.605535535582875
0.539010793528653	0.659579784800252
0.0453483183815238	0.0396814642353301
-0.107666230307005	0.0824246526313528
-0.0762528077505098	0.0683985843395285
1.10684496930485	1.72427428346979
-0.423895943606736	0.438145769544885
0.203990540090217	0.194490385983142
0.279764841337101	0.296334548288999
-0.395865726187762	0.361453850539568
0.242229479775157	0.214840991751117
1.26036306886166	1.96721146416229
-0.0345309042206231	0.0246425182568894
0.232234496261751	0.197693297091723
1.12410757971275	1.57569928849423
0.301410936946005	0.245698749845167
-0.0082235774577035	0.00529835152447089
-0.992426200195267	1.21832402858514
-1.2845799392175	1.61954425728883
-0.389929969887617	0.276359669549728
-0.804238254417617	1.04886284514049
0.100424185134857	0.0817473883115105
-0.253354877957242	0.203633729734715
-1.45934375368119	2.08344649516827
-0.0393119754570009	0.0249293922867717
-0.568442908073705	0.35011647403505
0.928890577483864	0.545239423768143
-0.938814115378142	0.734138351979046
-1.24492490695011	1.02185014029931
-0.571969057025845	0.312725884763733
0.0858752349172589	0.0468327597926758
-0.1738760053631	0.117653995479651
-0.571505531550015	0.3124149088738
0.546961719451806	0.399642103935353
-0.322117960194991	0.23199093386192
-0.50003366272126	0.415736790615178
-0.167776509342108	0.0869605415634023
0.490726494226836	0.473975961355747
-0.487712563830129	0.372844245573686
1.02243732538821	1.0667368304008
0.250842947914754	0.155326910864604
-0.422320938196137	0.236638315029538
-0.658812020234313	0.622272623786636
-0.265569379973613	0.194142537482544
-0.298727270943622	0.23752949611939
-0.389902765292212	0.276321754862654
-0.267751519500111	0.248973640142488
-0.327120299645599	0.129477764934943
0.404528506212484	0.140109187892536
-1.32923129610163	0.732528030362833
-0.571624596727463	0.31249828110112
0.440364661588217	0.120386763104114
2.4522800111156	1.30195468533053
1.83326139716287	1.14059855001168
4.86882908795795	2.63418301055645
0.12874862606073	0.0571671158579758
-3.87522571878201	1.20686794936312
2.59836788378482	0.565681354882139
-0.215170643048754	0.251402526140458
-0.325096897880906	0.357829026476867
0.0510039099090418	0.0491654394094423
-0.152313708299755	0.152755421737121
0.221736239624848	0.226090223747083
0.359229749879735	0.501528449043376
0.400555465229224	0.40052760637289
-0.924224331986937	1.41592669840765
0.399580425600647	0.355551478542158
-0.175777476413826	0.186049492120747
0.551525008832659	0.635876137888901
-0.967182151182288	1.06812688940222
-0.721196807833693	1.02884995237945
-1.96318420806556	0.955267578119545
-0.104360815899979	0.0290077066781166
-0.788464314880281	0.414424326723021
-1.35626224425971	0.474875835650706
0.631950218938476	0.352274376811464
-0.00473520578037929	0.00219591531042473
-1.1145954954322	0.541089063658969
-0.00887297177040951	0.00291884997088316
1.15002045869346	0.774163935987156
-1.66977528703673	1.12111994742345
-0.00646716777096294	0.00550186541303022
-0.207630160929684	0.181992182694677
0.154976973880873	0.146991423483389
-0.351864597228269	0.276566926076183
0.490806018175844	0.474109464352414
-0.0345888874345719	0.0246869544626193
-0.0072057301252059	0.00567955617652095
-0.326036879449403	0.279740891935281
-0.992621009379303	1.2187820399153
-0.366307077946605	0.358746243714306
0.551412966157032	0.635743309676092
0.16561961187141	0.162505334021533
-0.00719829727510828	0.00567174684623998
0.336747747096494	0.358647627397868
0.169320704286549	0.143882594193468
-0.17381013832956	0.117590207916173
0.337068738048848	0.359217275010835
-0.583749049120835	0.556619780596586
-0.529631744395637	0.57452572374803
0.0532572483311669	0.0432858337104821
-0.525069856353762	0.537739737339014
0.927796108099531	1.50660355440281
0.602449445310424	0.783485011924943
-0.348343770387924	0.320326348950027
-0.51058076963781	0.458126043684327
0.182114437134352	0.16114910886992
0.481340931915327	0.500441564301998
1.15465095325541	1.10909169821672
0.123556525970185	0.0917993083693391
0.0479285507635982	0.0241829353640545
-0.709060574273579	0.801312715430231
0.512844135194008	0.436605312304594
-0.21743486344375	0.161074769704632
-0.11938505528066	0.0729634588982928
-0.115253167729569	0.0955799432249785
-0.518767764431231	0.498788787929921
-0.119544100623782	0.0730686929218244
-0.20749283168265	0.181903967536504
-1.10643563775539	1.48343306154168
-0.11946387788313	0.0730093339062995
-1.63515362416811	1.39483993784957
0.398860270688586	0.260928559216684
-1.5412397359166	1.51543909845566
-0.0489013694262602	0.0266701962197787
-1.35083692672937	1.18239134984024
0.276687851535201	0.193548878671475
-0.487659615823777	0.372805015575226
-0.167746238435569	0.0869469108163603
-0.00471351223080486	0.00218494087160831
-0.32230722459072	0.232131766985263
1.34290899621575	1.01496515257567
-1.78562512022008	2.04221616517683
0.497389649309095	0.461887550182002
0.399698378494952	0.245331839655781
-1.9950318556022	2.60118930123568
-0.0629524049072091	0.0444238840275183
-0.576929031712178	0.434123875810332
-0.00831300788254624	0.0053575270356208
-0.235488423181181	0.138083855479216
-0.406536039818103	0.0912270232471427
0.0288508268156486	0.017108910813176
0.671494664560962	0.334807235682389
-1.68596857506758	0.70320287292914
-2.94720125929596	0.646055459499367
-0.326973043347337	0.129413106959877
1.05626564904319	0.549859734255288
0.372930405999128	0.176198353336861
-0.00866762541139504	0.00285038216826518
-0.381115017253635	0.395449376400263
0.0851401179998864	0.0748026618773998
0.221358888568594	0.225529435109902
-0.690348574904419	0.864368927495552
0.586196221343444	0.801953913929649
-0.233399806098649	0.217993841900115
0.72187132078044	1.051241658098
-0.58560075068691	0.632352818128706
-0.411239334928486	0.400502896383186
-0.411193920418617	0.400582318806825
-0.532928891532538	0.60929953277354
0.34576583397065	0.403013861316758
-0.844027576568999	0.995712472582623
-0.0888876166091681	0.0741322289707123
-0.0436101390160459	0.0367427909931947
-2.19317610517767	1.21115236630217
-0.517899147573227	0.179109173088448
-0.391368449200474	0.19130152788782
0.963499842446657	0.736981665988245
-1.35563614408753	0.474557097061527
-1.00959977615633	0.719347916460793
-0.449470313294104	0.282463449072139
-0.517513875524486	0.178911161319999
-0.391837132279878	0.191577190293029
-1.56755167160904	2.69251524193338
0.286375548943213	0.211623257913393
-0.21267756795132	0.172548501545212
0.401463091409788	0.415786300658415
-0.00920541933597633	0.00663665825215011
0.617786041208643	0.573801635694511
-0.321906941770025	0.231743362616838
0.242428195378283	0.215019726285094
-0.44918123357854	0.406744515778429
0.0187199244984011	0.0125962026882847
0.474928897554499	0.527996009629959
-0.395670178885286	0.361177510768272
-0.0627630293782538	0.0442867975374733
-0.585032726139319	0.595260861968838
-0.375990847869845	0.319678207050162
-1.43547440899056	1.78676742256002
0.974123652558387	1.21091120352223
0.116546647648091	0.0988700109874507
-0.0488223758110372	0.0266260448981406
-0.0392676989903673	0.0248846183495383
-0.536623084329544	0.645476631979884
0.141972601536965	0.0888084008407711
0.209718059055753	0.163296953410067
0.307619439506392	0.262097114021427
-0.17669593160616	0.144545928734321
0.221460669031461	0.180491789950753
-0.13972890090971	0.10588423898201
-0.674951828177522	0.545806361158126
0.276689402129867	0.193541003738113
0.0585699011891016	0.0370057778942593
-0.322139897340277	0.231999577337031
-0.253086449326885	0.203392928526974
-0.583265527168897	0.555520790004928
0.0835524868560745	0.0559590557469043
0.399386507498078	0.340517384533603
-0.285090593703859	0.186376827935707
-0.390143390150611	0.276470382539367
0.0479747380547107	0.0242080962692441
-0.852626121428237	0.785899865880792
-0.00486435955028876	0.00225474722485634
-0.674847309630688	0.545617365600518
-0.0489147483452937	0.0266769411251259
-0.285067287514914	0.186362204940924
-0.358536204185177	0.229923387816294
-0.792233537240463	0.630653111519983
-0.746729625092016	0.696883433539992
2.34287717633827	3.81243516503859
-1.32061182671971	1.32502985258489
-1.14254035383804	1.02052276315938
0.968763405945866	0.894851243166186
0.116247166995476	0.068095355374989
1.26770889289392	1.31642833506968
0.0859146137953314	0.0468559151956241
0.211926139913565	0.113876387771514
-0.674765676785215	0.545649823465162
-0.665606761197919	0.583891294044359
-1.35099453460357	1.18251242155464
0.399535611406082	0.245209094708849
1.26758773900752	1.31600493038784
0.25069825731129	0.155248653610278
-0.658812020234313	0.622272623786636
-0.17191476584973	0.103033463272345
-0.265569379973613	0.194142537482544
-1.32079784026851	1.3244346032502
-1.51151931630602	0.92801396381259
0.928870064051347	0.54523415602611
-0.449804799749989	0.28265548947605
-0.327335550717987	0.129625546394617
-0.184505553212383	0.0791373504854963
-0.406653408801407	0.0912540543799087
0.764486778123062	0.331447869942357
-0.0763441304507823	0.0684867416820892
0.854620581923269	1.19124772927575
0.467037504129188	0.567675766566242
0.579381751045699	0.812753951892841
0.960359691345481	1.81172782664508
-0.422705946921092	0.609427493530217
-0.585075917299255	0.595359118899763
-0.377909244756814	0.502259083905532
0.258560118570875	0.313872114399898
0.294015483276245	0.340240283799527
0.927936482259256	1.50685826472404
-0.493080437937672	0.594253799420835
-0.376057136712122	0.319747927093719
-0.366199196067601	0.358593691547298
0.0135033129876586	0.0100552260866832
-0.70190117287605	0.471095771394012
0.765015511027073	0.33174094912973
-2.10706742962015	0.378548652882402
0.085809101416214	0.0468035936787465
-0.472108155766521	0.32911275292109
-0.0489937644034561	0.0267199564240236
-0.389902765292212	0.276321754862654
-0.422428119128095	0.236719234912365
0.250763944228594	0.155289556810608
0.372950968880263	0.176251163954604
-1.11459571417205	0.540895302433044
0.852952818714724	0.546952016374648
-0.212792929116759	0.172625070717654
-0.585338033848731	0.667586953488859
0.100491799540395	0.0818023139891417
-0.176701382676573	0.144561083548768
0.163649901488386	0.108841103114599
-0.499967443467634	0.415727067073684
1.37632865892832	1.70376124209314
0.013753127089606	0.0102420119271356
-0.131278473770528	0.0902076171710122
-0.675032032705243	0.545790526472073
-0.175473758983801	0.154643358478894
-0.0392875369520359	0.0249088770053967
0.15553908074406	0.126718473093623
0.674805594207096	0.730887963821288
-0.709065846015006	0.801173904530652
0.104849993135276	0.0741031666810547
0.621258611472581	0.763870627526468
-0.212771354506694	0.172628028249076
0.140154148193251	0.109139704443948
0.163353483206327	0.108632941562139
-1.44938339197614	1.34681940197719
1.02249183379048	1.06698805226884
0.39965025996939	0.309657884063074
-0.653302081549614	0.659634596918749
-0.766440085400675	0.663088444368722
-0.487528107083404	0.372641556643944
0.250658189413967	0.155202280541469
0.635566301998327	0.564954796623497
0.39912458626215	0.261113883283656
0.564332334827496	0.389653895586746
0.209591073520732	0.163136712546142
0.546843514987056	0.39952635801972
-0.062793400981063	0.044307277190996
-0.235237583424851	0.13791980571296
-0.119678716732112	0.073154203987277
0.234299063326123	0.135610764338717
-0.22441533242714	0.149321786982421
-0.472061788963516	0.329033357464412
0.0856635463965309	0.0467239502969187
-0.487741478563822	0.37286372866831
-0.35874606176488	0.230128359214925
0.116307687959683	0.0681343944936411
-0.167830351359906	0.0869843248816228
-0.00639887010765399	0.00357225047147287
-0.314943947858019	0.180508496860338
-0.174109052195754	0.117783220062988
-0.686906702044741	0.508417242046547
-1.74063844091159	1.57535262830099
-0.433377570416675	0.364671188064075
0.104783446264362	0.0740499896731453
0.0183216900026147	0.0123247170986812
-0.260407914201451	0.131463826799335
-0.119439450446503	0.0730048395536886
-0.224362360916797	0.149289333907045
-0.0759657878041337	0.0473154261582423
-1.52276656842253	1.22109541407879
-0.176057844901602	0.132010728367863
0.0184804542515445	0.0124351617079159
0.294583424130792	0.229073862185232
-0.062844101700979	0.0443436364973041
0.52230708112406	0.423835271535181
0.58882881096088	0.592062025945406
-0.967095616970178	1.06800777077185
-0.665584753500923	0.583875515619935
-0.791968693252402	0.630667165648645
-0.212662796648398	0.172506211639555
0.140371237695329	0.109363049298383
-0.039529500318646	0.0250689531848583
0.398728165319106	0.276971181700825
0.12348686169197	0.0917573670050925
-1.00959222676061	0.719584185538748
-0.422513615603326	0.236692024525798
1.36215994324786	1.1972387166861
-0.184393374089649	0.0790787932600563
-0.391603095504156	0.191462066890932
0.387537631223081	0.203721585062821
-0.391603095504156	0.191462066890932
-1.10671814175597	1.4837991463385
-0.325526156764688	0.320163004658386
-0.276548153832907	0.289511718435309
-0.58509063426003	0.595180841206109
0.0727383723781143	0.0682306072419781
0.307453520101688	0.261957290849332
-0.406604282678616	0.468756177056312
0.30866221203235	0.397362837618048
0.455579804949461	0.629401339398752
-0.176562958746948	0.144418780197355
-0.788474446617023	1.07560855348427
0.717928598471695	0.887356689141025
0.328687756663399	0.327420072827347
-0.371940989257317	0.429640214364608
-0.26773067979042	0.248955549281676
0.133548987247712	0.134494983458829
-0.475427833309093	0.656549973908188
-0.732300657555277	0.441384704650949
0.853046680452927	0.54697101885335
-0.517262058968037	0.178864495866734
-0.579162162837228	0.267406238343768
-2.10727742655476	0.3785967871456
-0.877213265073092	0.577236204859608
-0.391611384485079	0.191440763997525
-0.579422604835936	0.475506520812133
-0.422342376725643	0.236676559474934
0.58482001808895	0.37997695034666
-0.579162162837228	0.267406238343768
0.211857686193715	0.113839275081236
-0.00458466746936663	0.00212760703133218
-0.00647290097493442	0.00361346614744142
0.399369684150595	0.244987198440196
-0.449333833281535	0.406974819157959
-0.139967538467635	0.106076891467205
-0.144409194336957	0.119004806325173
0.301404616266885	0.245675525790736
-0.282382360732583	0.244310044614258
0.715400384218384	0.720358404474324
0.674900214285892	0.731011849257144
0.0184948971450478	0.0124417511395888
0.399345224825531	0.340395318968841
-0.131061153506705	0.0900441324975503
-1.15826755121171	1.47519964128535
0.976422817934328	1.36606588452847
-0.577002826250074	0.434347034870591
-0.84368791408267	0.995116678033945
-0.487712563830129	0.372844245573686
0.0424827776337442	0.0301040752885571
-0.825208616825992	0.599276847842701
0.399449970981937	0.370209423302351
0.632046398741327	0.352597545210657
0.490936268987662	0.474243345701566
-0.233395901052877	0.217991967925666
-0.131102415469497	0.0900815453227977
-0.00911114709623453	0.0065699635116701
0.617461347787942	0.573274039224789
0.968740277837925	0.894867219943855
-0.747006414651001	0.697678094612967
-1.00953121808198	0.719538579271265
0.142026984342139	0.0888324262134955
-0.107699384602392	0.0824460260275682
0.602173016759514	0.582718343048444
-0.351888792682056	0.276612510429749
-0.176251209491276	0.132172200056175
-0.581641461786203	0.516483512630457
-1.32934427758984	0.733020573050618
0.7697048500773	0.713365515733353
-0.389851199294465	0.276258673020716
-0.0787328393819667	0.0353418953097744
-0.167860712017752	0.0870028481663323
-0.825224295078979	0.599634201404957
-0.167754090883061	0.0869546539632337
-0.581403823532906	0.516126708401032
-0.314867405965761	0.180451526135702
-0.933888438208591	0.913869462420194
-0.100443178122335	0.0534100513858687
1.21220761644946	0.970972622298318
-0.653454607495923	0.659943711696897
0.796671892313859	0.546511095379513
-0.825313591982397	0.599686009158765
-0.0761408905031433	0.0474050594270952
0.142131685932888	0.0889044303481582
-0.0393365030093654	0.0249446561305499
-0.413771642413338	0.320922388670942
0.250711605847258	0.155245755704872
0.116238234053803	0.0680709923252578
-0.217431487334157	0.161103732800981
-0.351781995904038	0.276467930110183
-0.422363725502875	0.236700130314835
-1.06743780703558	1.02930498309819
-0.686866363195777	0.508263388565242
0.141891042315833	0.0887378890503946
-0.0943340721204863	0.0656872134038279
-0.579334902069452	0.475216072004477
-0.576919265114257	0.434242823481618
0.286586685653519	0.211767249976155
-0.100793899580135	0.0535980179050429
0.264407398751648	0.174284582153539
-0.852393270064865	0.785621271260328
0.373063689449818	0.176309167899013
0.968656580278954	0.89475746323902
0.584508005745192	0.379356932564554
0.211887954999951	0.113856287486724
-0.422342376725643	0.236676559474934
0.0477829215549356	0.0241051678937605
1.21231527031093	0.971317789997125
1.04435891259757	0.754279565754827
-0.583866773665851	0.556639359547335
-0.294880744526463	0.325341555136357
-0.126601461522102	0.120049912221769
-0.53953484591569	0.679644715030819
0.182247388355727	0.161295901250118
0.343160443304128	0.388581348409173
0.14355043010416	0.131462345304297
-0.126257675130624	0.11968914509023
-0.585956392664609	0.805782593867247
-0.207357562861288	0.181769539485242
0.00968224175067365	0.00842956942461155
-0.308082259447842	0.321720654623733
0.403828907288927	0.474072465084049
-0.222108016993269	0.233846397753443
-0.0940261595934918	0.095098585578607
-0.579119326010413	0.267387068020036
-0.406143088696864	0.0911104868149055
-0.406143088696864	0.0911104868149055
-2.10706742962015	0.378548652882402
-0.235541515753558	0.138114100829824
-0.173621071576	0.117433649679011
-0.391603095504156	0.191462066890932
0.764898980443409	0.331545372027833
-0.939209052150764	0.734638357608288
0.671378649492526	0.334583333907498
0.0858353222994158	0.0468161299105287
-0.939064223681972	0.734584867529678
0.0834457002913798	0.0558793950734071
-0.173939041290908	0.117697673411669
0.14027004811163	0.109270843277227
-0.690504646333271	0.86457604362879
-0.529674006053861	0.574670642714448
0.55863316357067	0.623720249472633
0.182184716820329	0.161207197865055
0.403114594631654	0.445884989438556
0.169350830231129	0.143924963642975
0.140421833819028	0.109404273443709
0.141812133034718	0.0886832257263414
1.21111593366756	1.93641460881118
0.251109850740755	0.231571213448499
0.013786571263954	0.0102662633047047
0.475022393153164	0.528169851288984
-0.411376587616459	0.400769323391542
-0.144481318632891	0.119066240651222
-0.282054566296922	0.244000271193359
0.621592157259072	0.764800061386809
-0.375898860066537	0.319579248516025
-0.957765639203679	1.23793018855622
0.0830726071410211	0.0555966356822396
0.485681944236711	0.487152516010876
-0.325682356288522	0.320340345646338
-0.395713988074969	0.361346996916854
-0.175276321305156	0.154359569187726
-0.326051517086728	0.27975254881621
-0.00803395862623717	0.00517844159444174
-0.994118020752535	1.5200045607929
-0.224335078077715	0.149257804118276
-0.115276577527586	0.0955956909233456
0.52230708112406	0.423835271535181
0.0183881013557405	0.0123708918463821
-1.14895574963006	1.17277655134832
-0.766255713429042	0.662862174171496
-0.299033287706945	0.23782414723678
-0.500355595102681	0.416091805275316
-0.852522194565737	0.78564073577593
-1.44906962486651	1.34643416861096
-0.00920541933597633	0.00663665825215011
0.276634861834895	0.193514161038662
-0.70190117287605	0.471095771394012
-1.27047713945773	0.885153560442061
0.584781816253386	0.379967818774411
-1.00956173625136	0.719582795507295
-0.573161765273624	0.392176229876356
0.522549428477032	0.423822573276528
1.15002045869346	0.774163935987156
0.140436611391356	0.109384884828224
-0.572977137866887	0.392068629563688
0.276662130961792	0.193532353478315
-1.29925548666426	1.47238337761927
-0.284946743038968	0.186258778585444
-0.852667159015211	0.785951560164861
0.602279817140659	0.582897967718392
-0.890040362188489	0.758325708685114
-0.075907813506897	0.0472827433707429
0.399713383834751	0.30968759644865
0.497282909268182	0.461836849762076
-0.119837852058802	0.0732227474387135
-0.171961096389896	0.103053583967166
0.264732361595383	0.174574594918419
0.546935983958986	0.399525690717015
0.644554491057189	0.746231734252583
-0.282264446232312	0.244213971743914
0.58475959722206	0.379934996153133
-0.792029090058758	0.630725452876737
-0.568374408633626	0.349993657688987
-0.568404782301551	0.350035267727637
-0.413856609751681	0.32103831463558
0.522199546042069	0.423640144248227
1.15002045869346	0.774163935987156
-0.100786276740608	0.0535895907139736
-0.967920770914226	0.56691647468837
-0.314783952241964	0.180345912013469
0.846176646140746	0.714913445411332
0.211926139913565	0.113876387771514
0.898256993301542	0.723151630240779
-0.22441533242714	0.149321786982421
-0.665584753500923	0.583875515619935
-0.658722924678425	0.621913130370035
-0.889896617486106	0.758357339826199
-0.0435537570320699	0.0366874788313771
-0.0436907788739892	0.0368158454766582
-0.366951441286492	0.466853652096058
0.00643682775754477	0.00633726878118548
0.0958541669445691	0.104425527399947
-0.0244876174601765	0.0207353784659303
-0.22192881022533	0.233665062359115
-0.245814499032962	0.313901443405134
-0.819432854999468	1.40755541794592
0.301850487309772	0.36906976277198
0.674375705441208	1.07369169702986
0.675255084300504	0.907168410901322
-0.0244307800267693	0.020687613197753
-0.584907093296583	0.701738092208049
0.116986242578329	0.124435889808467
0.238134364634422	0.310819974330052
0.0790903490408199	0.0882717976801765
-0.0684796953137206	0.0656236306495132
-0.326211638665406	0.39688388668382
-3.87542104119766	1.20695765047403
-1.00954648594502	0.719429089721718
-1.5110558718895	0.927170816332459
-0.788222961863263	0.414264406349458
-0.44939489715077	0.40707038950724
-0.877277380430432	0.577081252829866
0.0618874605913469	0.0239557699496388
0.584606708762691	0.37972008462059
0.928993059852903	0.545364679729449
-0.0760289909211286	0.0473524298124776
0.234299063326123	0.135610764338717
0.399167817534281	0.355151948231955
0.250434257978222	0.15503656965698
0.0856916029809103	0.0753075942355943
0.497329353176806	0.46184590090429
0.193638082910966	0.178030044906035
0.0422877751386107	0.0299591821977793
0.323808407499624	0.311087452670562
-1.40349404676252	1.92647760962663
-0.581731092471191	0.516569258062788
0.49087871578331	0.474154557313953
0.0188580703866894	0.0126853135546254
-0.094605844788756	0.0659202457636271
-0.36613157013811	0.358505276812439
-0.423937608621389	0.438276727648295
-0.063053823297424	0.0444903233801767
-0.0490594629448469	0.026755104726524
-0.289201021840914	0.285508408504658
0.399268783482216	0.355377466309398
0.401422411255467	0.415828740579002
0.399472315906621	0.325206430145799
0.318764318163674	0.294841187597192
-0.0944668878349929	0.0658011875361635
-0.583423356874924	0.556069486240094
-0.173834967445948	0.117615183798292
-0.348117154066225	0.32004960821476
-0.449354185574023	0.407028967229039
-0.435026816407978	0.475269083682507
-0.375812352715505	0.319449333687582
-0.48773985319078	0.372891051623747
-1.37805765472941	2.06387538188255
-0.119651523577888	0.0731394835730531
-0.449633490948602	0.282605167831363
-0.260422454505934	0.131473076198748
-0.701870683447116	0.471060482975925
-0.701870683447116	0.471060482975925
-0.573056252013549	0.392154337670413
-0.579204904764993	0.267396917142687
-0.581489923647832	0.516289087537008
1.72086231421101	1.34495980276305
0.276422828346798	0.193285347164671
-0.217496910387678	0.16115931261989
-0.326210557284519	0.27995518444537
-1.14897468185977	1.17268553875547
-0.0759901648345779	0.0473452882734231
0.399399289046053	0.370191095491127
-0.0488089875965929	0.0266177615123385
0.0586357498318336	0.0370410439031488
-0.00643587924542967	0.00359301632558093
-0.395576489051555	0.361195213429557
-0.305826373956289	0.282869596646318
0.674668462392587	0.730690182053905
0.398895517433152	0.277116160983013
-0.732441051582771	0.44151093634167
-0.968152752066219	0.567121503023109
0.481412856937852	0.500553378763637
0.0184342934973097	0.0124034454430685
-0.825061670752121	0.599394220982401
0.398780818069297	0.260842436667706
-0.119518275601168	0.0730591665263058
1.04433042627028	0.75412128636301
-0.889789726075743	0.758188605908356
-0.167844965554481	0.0869955704368866
0.365901442885752	0.150373308319952
-2.81249308077895	2.16583786673649
1.61928615617558	1.66824435091349
-0.391490026470118	0.191378721986921
0.372705457589149	0.176103244649458
5.06647340723045	3.07612576136433
1.0442507952022	0.75417682170438
0.250790671040038	0.155292789736014
0.142077308944848	0.0888624360218098
-0.0786522619879239	0.0353023758590265
-0.581751740738373	0.516604081856749
-0.217496910387678	0.16115931261989
-0.572898061025124	0.391961181557989
-0.39605758883336	0.502829146722124
0.611663505969419	0.77440735552011
-0.0227311252066529	0.0206393092578765
0.328890890357925	0.327695371377119
0.528336762320386	0.682588776890278
-0.486785499704525	0.558509948177373
0.976317666367645	1.36567189014871
-0.196701145152614	0.219056279529689
0.221590869897824	0.180619646662104
-0.427718527048178	0.542338070823754
0.594235880065815	0.793481240003235
-0.0385665655623594	0.0348116945910008
-0.276656768688183	0.289697496780105
0.472226323736144	0.541692953909186
-0.00652280602804702	0.00554876668544367
-0.690324684684473	0.864304633900874
0.350023522489079	0.431003270683388
-0.057006846783567	0.0513498102345755
-0.233361608125372	0.217951171489261
-1.32930273991253	0.732898294853153
-0.788455095258988	0.414291169728785
0.398939685964909	0.260998562871579
-0.449641252180695	0.282629245641421
-0.358640290259768	0.230034639766072
-0.95187692509697	0.272670624519378
-2.68337040217871	1.93990484390555
-0.322200296650718	0.232034012070185
-1.04438698797144	0.874823359724042
-0.686618543320988	0.507882757964933
-1.12690984914405	0.723594191723434
0.0616700182489409	0.0238789606093496
-0.167860712017752	0.0870028481663323
0.0478678062535957	0.0241529007811321
-0.391594789884239	0.191438279351218
0.399002333656761	0.277128626590305
0.58475959722206	0.379934996153133
-1.28433583681009	1.61929942590169
0.740346912215085	0.715963270945662
0.399377474592512	0.370218326516566
0.485870069142026	0.487277263642052
0.348072843131166	0.417230097156811
-0.525085818928673	0.537631236975685
-0.380990597128496	0.395156931594051
0.0828277055523656	0.064523308143867
-0.658660630797548	0.622085083749103
0.937944648934292	1.20192457289589
0.155577763042114	0.12675741013878
-0.395735590926057	0.361379784004484
0.123515650223371	0.0917803540039835
-0.648503908803131	0.696462244264049
-0.43309859829363	0.36437725575118
-0.414026562963196	0.32117309809927
-0.14438095539041	0.118972770277273
0.209911426831079	0.163446521346098
-0.57703974245666	0.434369516798473
-0.500183219270712	0.41601862452228
-0.0784452176349415	0.0605699329836714
-0.449641252180695	0.282629245641421
-0.0760533009637857	0.0473839636800134
-0.171877447008978	0.10300836389379
-0.376092155763267	0.319724333928794
-0.37620999787926	0.319901497700275
-0.653276819191851	0.65967225997152
-0.265766329160354	0.194282222886208
-0.933992156297381	0.914003033691674
-2.05872588500648	2.79276980734932
-0.173580087793681	0.117399147714015
-0.510283238923138	0.457697699419724
-1.40194584997094	1.48430147628882
-0.96713606916881	1.06793806756168
-0.389904182000159	0.276324804610237
-0.119625687146688	0.073124812578289
-0.285308479477929	0.186472360463526
0.250684905061533	0.155242539654961
-0.665902628244197	0.583850645077103
-0.579107606565021	0.475099010712088
-0.571518586146758	0.312432773778368
-0.235369770675652	0.138004043591348
-0.376143684377995	0.319851962038645
-0.173646094960062	0.11744457359338
-0.395525922591026	0.361127669078713
-0.171831111220029	0.102975093490661
0.116353991523378	0.0681564763741826
-0.576895935869684	0.434174621781823
0.635585858470544	0.565049160716253
-0.653561443121922	0.660098329044915
0.30138453708329	0.245666179993843
-0.487529764568404	0.372548061716621
-0.413963562725887	0.321128480945109
-0.119625687146688	0.073124812578289
0.100292975276706	0.0816213205171648
0.485660303991074	0.487144168592243
-0.131319680632085	0.090236686104291
1.15451914124302	1.10878704990263
-1.66966433654189	1.12047352362829
-0.167814701890377	0.0869867978736486
0.963409078782663	0.736933842807329
0.712087176452811	0.546654737619279
-0.167830351359906	0.0869843248816228
-4.44943194328068	1.84281496770354
0.399660064812808	0.245317382260872
-0.788241631735444	0.41410029348193
0.0617424742393982	0.0239084459082885
1.79944799922107	1.775645902734
0.396046476092211	0.226243653582569
0.796412832540613	0.54632387049216
0.1420011340404	0.088797170503428
0.085491672280226	0.0466198744971157
0.211895891785283	0.113859386997973
0.286545576800344	0.211745782117452
-0.487816869217831	0.372682139449901
-0.0943803103510877	0.0657370239083681
0.123573244183589	0.0918161057288017
-0.395525922591026	0.361127669078713
0.181136950513096	0.127448442929082
-0.395685015855184	0.361333533318579
-0.351737144610455	0.276443296639625
0.105023270047408	0.0742206880888144
-0.0757544198325541	0.0471698255651043
-0.107555750061736	0.0823470758314727
-0.139692590234455	0.105897572019939
0.497242717958524	0.461750565008162
0.329049697666994	0.327778020951822
0.20398704165316	0.194488708909291
0.143484509206549	0.131384071561798
-0.720919915787899	1.02806112978826
0.193557776700483	0.177914219709955
-0.740109745407176	0.967662568677695
-0.434805582976796	0.474948577992396
-0.585628716893778	0.63220784528689
-0.326225827363111	0.396952883043072
0.892991025427331	1.03960342014187
0.693950231920721	0.725377615588946
1.64834582236858	2.22560135398935
-0.411476774715936	0.400885410733368
-0.0523283902276604	0.0407139262759334
-0.0888572498983243	0.074111265897215
-0.176164638179333	0.132110327925399
-0.173873205805169	0.117633901391615
-0.992389851141034	1.21850920142598
-0.674951828177522	0.545806361158126
-0.327335550717987	0.129625546394617
-0.235514675153557	0.138032897386786
-0.167806752329096	0.0869693039478201
-0.577183574521148	0.434451128606611
0.0835112294018514	0.0559228835432487
0.181592903597219	0.127808502828107
0.234373269576146	0.135633958116151
-0.171975261730541	0.103067661326467
-0.0759463769065314	0.0473158585830138
-0.581403823532906	0.516126708401032
-0.267662945975918	0.248874012158675
-0.479657270638156	0.522334846793122
-0.0521043401232209	0.040534904021394
0.0343483721000818	0.0267510706290797
-0.518543487461049	0.498272044510601
0.399240135763075	0.293323481760192
-0.119468030594608	0.0729930350616262
0.399587501082125	0.32528713958625
1.77549575861363	2.31352048967866
0.286271216955869	0.211512826252853
-0.653618788410811	0.659960130384465
-0.322202951136644	0.232055249653008
-0.791861878249689	0.630501710651017
-0.119518275601168	0.0730591665263058
-0.449470313294104	0.282463449072139
-1.49890592490443	1.94848098793188
-0.235620881422302	0.13814836795115
-1.29896031933794	1.47058462942979
-0.576882370471677	0.434180566976922
-0.376097638886974	0.31981980715891
-0.100704209772987	0.0535537703395433
-0.732114848484512	0.441422043241892
-0.284993363742646	0.186275029087059
-1.32069043643063	1.32516232626876
-0.171952098581378	0.103047850133584
-0.167776509342108	0.0869605415634023
0.116428702122489	0.0682030568622803
-0.0489803984799141	0.0267132188815541
0.116368199676192	0.0681703696479722
-1.55228048112034	1.81414369600882
-0.665502969254937	0.58368145739329
-0.39014201100796	0.276459800734295
-0.571856302171083	0.312667878337296
0.211912015788443	0.113816831142259
-1.96398821246931	0.956159377765416
-0.766467382827036	0.663135102628169
0.0422730605607783	0.0299553321539199
-0.0627646013247002	0.0442821031290845
-1.14273073506407	1.02032607142289
-0.889873267452747	0.758353213221804
-0.472001332696941	0.328991717662355
-0.139569509323117	0.105774787384164
-0.00643587924542967	0.00359301632558093
-0.285164564145787	0.186407245785783
-0.217455541006197	0.161111172388021
-0.11930626324309	0.0728996431862151
0.140400216313696	0.109385608079568
-0.529650728438621	0.574627103089005
-0.298793677715702	0.237613009252236
-0.00834069530117223	0.00537484137975938
-0.139605927636592	0.105807323771808
-0.518825523041233	0.498855382543206
0.740599465846867	0.716310987457703
-0.131426473008954	0.0902891125617009
0.564070415451044	0.389309124334447
-0.804238254417617	1.04886284514049
-0.343078099117097	0.357218934904109
-0.242786227222363	0.211532161496623
0.399406346878754	0.370265244881109
-1.3259508319004	1.91129070427582
-0.57948567480638	0.47553088728255
0.00941343593796958	0.00819806068240049
-0.265417598331787	0.193999504196372
0.0584657231335231	0.036938288303298
0.71557677406333	0.720481115067277
-0.674898840923898	0.545790922920221
-0.852563147890518	0.785844565177501
0.796499407903853	0.546409161577071
1.79947832182481	1.77558984014841
1.08191010479496	1.08387246777139
-0.422320938196137	0.236638315029538
0.968633454978264	0.894672147645549
0.512654811589944	0.436390526638643
0.656259339378735	0.556754166748311
0.399202363897532	0.355292174079647
0.155688372465746	0.126852228931337
-0.22428211378869	0.149219672599838
0.399019063877058	0.261052466805314
-1.32930273991253	0.732898294853153
0.0635944760897534	0.0473173541973904
-0.658812020234313	0.622272623786636
-0.852859072035823	0.785446659987346
-0.305754253521452	0.282768393985563
0.0289840778068076	0.0171894330672799
-0.381421639006877	0.395794889427816
-0.221871737842033	0.233587383287764
0.702173015062622	0.893109841863718
-0.0887847648187836	0.0740452876426121
0.399648453615607	0.34071566823419
-0.671799581754544	0.95975816048588
0.675521678668279	0.907931257718215
-0.175674156310567	0.154812245226137
-0.0229284914835998	0.0208203953897915
-0.845621784890919	1.35002806368636
0.0343926776004898	0.0267882380756366
0.632227487652788	0.754975681351362
0.123068588472073	0.120033537090725
0.182226469294512	0.16127580957496
-0.0520811133710085	0.0405142782651871
-0.214976388302522	0.251133076464471
-0.552856899814559	0.858473052597796
0.0962002671627279	0.0962756350579199
-0.131877664620222	0.13273649631535
0.206655648287922	0.23582264366808
-0.788464314880281	0.414424326723021
-1.12691507044464	0.723963263011774
-0.449544062178421	0.282531156107745
0.0858353222994158	0.0468161299105287
-1.13150479970894	0.867635884459367
0.606746759712527	0.367950501034703
0.250434257978222	0.15503656965698
0.564152751246519	0.389471809180536
0.178473992833301	0.0879941463135877
0.56404778348369	0.389315463518407
-1.24491683124798	1.02171541089273
-0.00464881905447431	0.0021552090576274
-0.265374206085405	0.193941330275142
0.232195795543593	0.197662525320039
0.323627537880538	0.310659784230668
-0.308124489571214	0.321719343903952
0.485718269491289	0.487179935438427
-0.217652003278821	0.161246642218699
-0.472001332696941	0.328991717662355
-1.06767495064489	1.0295945475418
-0.100599240850681	0.0534854334490669
0.30163064991746	0.245915766791506
-1.08438682576281	1.18431059237427
0.0586988030625141	0.0370794257055406
-0.38995717249119	0.276378670243734
-0.581424526032711	0.516161570285502
-0.525113844330855	0.537771216372175
-0.746792447733256	0.697036211301565
-0.889956812825115	0.758402852078309
-0.472154521758805	0.329078329463428
0.77976515111835	0.876267215506044
-0.130864632748321	0.0898728209525726
-0.321991901170692	0.23185171155015
-0.500335013403893	0.416119731996958
0.693577076250364	0.724997239271892
-0.576882370471677	0.434180566976922
-0.658725945119197	0.622191717871612
-0.171891600284617	0.103013652092688
-0.235382896302948	0.138024912443037
-0.449730708473686	0.282688698372418
-0.167792228123067	0.0869736387408147
-0.967913118768585	0.566880494409038
-0.933784857329789	0.913499728136811
-0.889956812825115	0.758402852078309
-0.825053757516349	0.59945569070679
-0.500117645690407	0.41594675017541
-0.217562355222036	0.161209704519002
0.0346376691691903	0.0269806541839217
-0.0759682684831344	0.0473317038327201
0.504437055003611	0.449193999168316
0.50450666466925	0.449281337097482
0.399348607916454	0.370156426330492
-0.433294693252422	0.364645626311843
1.21183110264754	1.45672094938458
0.680981438499674	0.550257678966188
-0.119491077741782	0.0730364768299565
1.03224778068107	0.911308684661655
-0.326290083303527	0.280023860316597
-0.242675562187964	0.21143837811277
0.301537774326487	0.245829002801816
0.373197353003762	0.176298579280327
-0.701794275583271	0.470910260347338
-0.848235856286303	0.353414829103439
-0.062844101700979	0.0443436364973041
0.399438087502248	0.24508360369272
-0.0790660786633357	0.0354934239501734
0.0478981651999103	0.0241685434406286
-0.847833196182046	0.353207340512575
-2.54132023954582	1.70610527470846
0.25061916968494	0.155193208312974
1.72129917148825	1.34707589489112
0.740558270925095	0.716353910708763
1.37273335371078	1.53256434383476
-1.13150479970894	0.867635884459367
-1.49899237309407	1.94903216306393
0.674661641160672	0.730608547549115
0.0583807005428617	0.0368824650389447
-0.265745785858005	0.194266682659516
-0.0759439214569003	0.0472908587380407
0.221453541794974	0.180496855805387
-0.175746586681918	0.131728553517312
-0.00484279931117502	0.00224682304483335
-0.56857990501294	0.350166387556922
-0.85258218567443	0.785881930049397
-0.824056657166924	0.81638992795693
-0.551486339344527	0.824286793972993
-1.03790762419121	1.64502737980272
-0.876250230902411	1.13842380055509
-0.325285395014143	0.358137112913948
-0.218809023837728	0.243202691996364
0.345716737556042	0.402980142371029
-0.461391144632053	0.583644365598513
0.235677396909729	0.255635764868205
0.333082634193607	0.343462687573858
0.247903882348039	0.284968374274602
0.0381592040665886	0.0356000452009209
0.345864155863043	0.403244177373888
-0.529944584842319	0.57469577545701
-0.0439191236378991	0.0370141670150405
-0.267739528108944	0.296190462596241
-0.367006781214483	0.46692609619324
-0.835106733262592	1.1859682922145
0.0242399639265229	0.021863241382134
0.192452710695964	0.237090569437768
0.451422649205525	0.668952168774523
0.656339583124585	0.556847987421022
-0.358495878177703	0.22993924642698
1.61919645549368	1.66802506960173
-0.472108155766521	0.32911275292109
-0.107406588691836	0.0822170144301227
-2.54132023954582	1.70610527470846
-0.104844951344196	0.0291451841025915
0.0586357498318336	0.0370410439031488
0.0583368415500632	0.0368506843270658
-0.224388049835183	0.149290255205559
0.23420176261692	0.135550725555505
-0.260579855127371	0.131555960501043
0.796629057528294	0.546502925119404
-0.877169937096785	0.577203324418684
0.387350306201344	0.203615179010527
0.602217904967972	0.582701867989042
-0.131340291465666	0.0902446846737251
-0.877086102697969	0.57703082808025
0.318897182564148	0.294987828699914
-0.340482075254729	0.394173681014
-0.740437940753769	0.968683378177568
-0.348061454900727	0.320015478080447
0.301830123669586	0.246003904783706
-0.868320882219923	0.967754079816769
0.0183679043233225	0.0123576609212751
0.0423743719128558	0.0300283189520027
0.141972601536965	0.0888084008407711
-0.0759051448786092	0.0472913722500453
0.141973939974442	0.0887927403169208
-0.792043083136801	0.630677137943554
-0.31479876138457	0.180378411709713
-0.47222908632192	0.329150759896568
-0.686735568887376	0.508322918373419
-0.224177831521075	0.149123008506547
0.399690128000572	0.325433376348187
-0.217369409065744	0.161019180989756
0.0834869360630492	0.055915544926037
0.635777837797818	0.565092705972109
-0.653388530808905	0.659853640291209
-0.265267233565018	0.193815547035643
-0.285090593703859	0.186376827935707
-0.686249819008741	0.507212392353399
-0.326051517086728	0.27975254881621
-0.413771642413338	0.320922388670942
-0.93390722512754	0.913789457162529
-0.487581032377036	0.372727958048912
-0.217410789822541	0.161083572869334
-0.568533923892215	0.350116156310502
-1.35065267930977	1.18131521817578
-0.576835707979372	0.43408115095225
-0.766335915718494	0.662959083307172
-0.107373457255301	0.0821891601759086
0.313371221112335	0.278423572343573
0.10494279492139	0.0741722381789076
0.163521087137834	0.108760112686365
0.0834213626748523	0.0558700760786796
0.0532837086253417	0.0433073431888942
-0.462071604614263	0.447544144705906
0.399492997447972	0.370320769503767
0.251264417309005	0.231765088263046
0.0584026231420108	0.0368958685761365
0.00938086782800133	0.00816927455632447
0.67526615970351	0.907368725171962
-0.115250615190203	0.0955787615016026
0.20985646439213	0.163367379268013
-0.686578027159609	0.508127690026033
-0.167913421135379	0.0870179199793379
-0.674553866272485	0.545134777402124
0.398834984692158	0.277080991308156
0.387592918851795	0.203717843721853
-0.235567724001161	0.138125157356038
-0.184393374089649	0.0790787932600563
1.51292070183513	1.26323270659872
0.178488280870952	0.0880114930246788
0.387511878551028	0.203703880087379
0.264695320532999	0.174570131584808
0.399115101220626	0.339976956379643
0.892804032587228	1.03901966384072
0.23420176261692	0.135550725555505
-0.104360815899979	0.0290077066781166
0.0617277318050226	0.0238966037879039
0.906500280347584	1.19614015503817
-0.173982954598215	0.117708458388327
0.0136141408211922	0.0101389942241727
0.22158374872425	0.180626235790488
-0.487661253003712	0.372817824928706
0.123490355899426	0.0917494452189474
0.588814454473303	0.592047060816601
0.0834380924115807	0.055866114091912
-0.348133372814213	0.320125182346777
0.0833557667171139	0.0558227225451886
-0.171580172563513	0.102714116593346
0.769863898760568	0.713423555290037
-0.73210434669643	0.732822966651815
-0.584925192207007	0.73608955458622
-0.107439709755978	0.0822426900919673
0.140544675058309	0.10948003962054
0.400405977613822	0.400365021097014
-0.144247010897004	0.118801821424829
0.221459227744402	0.225799139481284
-0.174983874352127	0.175002325869418
-1.20389526946178	2.03642287955957
0.46728009255225	0.568190454630656
-0.0437962120060652	0.0369099483066364
-0.0392581020251831	0.0355054115028052
0.18385257616847	0.192221564709984
-0.763861410975294	1.13268581397514
-0.139750337277477	0.105936073017397
-0.149689484536521	0.14144221853315
-0.212815038463485	0.172615887411998
0.0507077611429966	0.0488715238230359
-0.117439450031349	0.125097834950183
-0.0211029872201783	0.020393538013621
-0.0944265821209087	0.0657810629480795
-3.87542104119766	1.20695765047403
0.973956398523064	1.2106178759998
0.485544440333281	0.486845182302223
-0.395757176978376	0.36138361771335
-0.686749044698813	0.508320544769257
-0.933888438208591	0.913869462420194
-1.0442162758538	0.87438666757598
-0.103708004302289	0.0288061650208548
0.0617861815936593	0.0239238580331253
-0.314905683790335	0.180488007236133
0.105049535557678	0.0742481845089258
-0.131036907601626	0.0900279719569885
-0.039180769912236	0.0248401870186644
-0.889752898331209	0.758159798405766
0.497123314125918	0.461589678685721
-0.665329927778362	0.58323528144045
0.75104417444328	0.546490588732559
0.963614426148617	0.737050648301604
-0.413815629625469	0.320996865707269
0.702234766663583	0.893659361962419
0.0121973831527411	0.00988973246922785
-0.325549805046427	0.32019646329782
0.0345231939174147	0.0268895737461867
0.0856897039185628	0.0467307539129102
-0.665458907197563	0.583697557335818
-1.15407304313319	1.32538210405439
0.398952751279318	0.261019310889639
0.740453857154362	0.716208123014226
-1.24511065089149	1.02221469041217
-0.701885898707631	0.47074469564081
1.1871131868423	1.28236843791619
-0.791885092082105	0.630573386077958
-1.0110513300667	1.04678228127872
-0.576942594038448	0.434274061427803
-0.224258052383295	0.149194322465968
-0.314867405965761	0.180451526135702
-0.581686252519767	0.51655310567462
-0.167715939625543	0.086928424290891
-0.167822568183777	0.0869921519796813
-0.581400592706253	0.515971615616588
0.083335172954252	0.0558059623565864
0.23410444750179	0.135473731879832
1.34254814957884	1.01380198269698
1.49699349410749	1.42912116190176
1.15486253277979	1.1090143381644
0.681013377831042	0.550250990209298
-0.322159103419451	0.232023888318447
0.671610898104777	0.334894991105506
-0.358509316483428	0.229953272680103
-0.075883242399936	0.047275522636925
-0.747030305025804	0.697668597176143
-1.14899667515834	1.17281384342028
0.963554013368603	0.737102462140653
-0.391360018543522	0.191292687350545
0.387605725992851	0.203766496048981
-0.260515813735499	0.131513276350311
-1.40188477168528	1.05085158297314
-0.11962432842317	0.0731207776275701
-0.450014749302251	0.282738579014419
-0.783132800683004	0.879505831008133
-1.00952368242225	0.719592912783372
-1.22057498054956	1.4705593560294
-0.217538298780978	0.161175577133584
-0.747116480609778	0.697785999055062
-0.732114848484512	0.441422043241892
-0.327440587999834	0.129669435996948
-0.0064125873499607	0.00358029417270733
-0.173788191849338	0.11755562026239
-0.265503777162	0.194082390085672
0.221713943803405	0.180724349617023
-0.766359856860222	0.662954716710527
-0.00850943896176418	0.00548263569586031
-0.351974952412634	0.276683503833317
0.874757540055081	0.879556465011343
-0.498822740973067	0.630079080169424
0.209738258855914	0.163314651146803
0.688303731220598	0.900799872695331
-0.21286504834834	0.172633560613843
0.155351157047601	0.126478090240525
-0.094519225869103	0.0658539833534451
0.663462569921581	0.914274985807465
0.163246560806056	0.108532388544128
-0.242703627745758	0.211475629166598
-0.1310782110385	0.0900485028540653
-0.00636600259477856	0.00355428728509299
0.276687851535201	0.193548878671475
0.399640462504326	0.245290629353771
1.02243879636946	1.06686892521899
-0.766414454254694	0.663108225094003
-0.224205111346259	0.149137272516056
1.09692637385288	1.40790772389199
0.715162174492074	0.719703698760913
0.399135337315706	0.293206775102603
0.264491025422571	0.174391433604047
0.0856766271852479	0.0467288268596743
-0.0787588855722984	0.0353441950334484
0.211849784137663	0.11382783840282
-0.260687678894057	0.131570425690877
0.533325879533386	0.671051064374159
0.469880332511063	0.555274161953757
-0.29876761839363	0.237539219148066
-0.265528231091648	0.194101021679468
0.0856766271852479	0.0467288268596743
0.399591436244457	0.245265409014508
-0.868168458157863	0.967500403990842
0.602321068193531	0.582899644615081
0.294365929437765	0.22883515643762
0.141971261916633	0.0888023742952421
-0.579255505788466	0.475298800982053
-0.390038768378917	0.276266329448909
-0.358588196149511	0.23002237558786
-0.217562355222036	0.161209704519002
-0.202715071858125	0.190129770266676
-0.472061788963516	0.329033357464412
-0.568541766074588	0.350174119857092
-0.890100572560722	0.758302416946051
0.584751571128831	0.379962887188801
-0.343002074150595	0.357130848475624
1.19394395071682	1.76797288323453
-0.634841073734252	0.797084598437523
0.558821367141541	0.624012792069527
0.350117073866827	0.431146046302217
-1.22046274256617	1.47044421498804
0.00911988622269829	0.00793889554481997
0.333086546875779	0.343475782606636
0.0452855091028708	0.0396212714256109
-0.00913897326050833	0.00658970720462946
0.533436421763997	0.411253513347066
-0.889752898331209	0.758159798405766
-1.04420268594293	0.874225060290528
-1.44924009417487	1.34667726234533
-0.224338278181341	0.149249065378193
0.27674083375271	0.193573768724026
-0.406527140322524	0.468609498248511
-0.0395594086817701	0.0357728970894643
-1.35626224425971	0.474875835650706
-0.173917091531538	0.117682478952323
-0.387383155344595	0.536755077473815
0.203952537805409	0.194449583472266
-0.115047419340382	0.0953838629809834
-0.253195876231545	0.203489097603235
0.0532455135936999	0.0432728536014396
-0.326297201027557	0.279999518872181
-0.571518586146758	0.312432773778368
-0.358825047661998	0.230165183940644
-0.265487102736421	0.194014973777068
0.123566366575258	0.0918206157842435
0.399095214696075	0.369765663550547
-0.0242278111473789	0.0205124695706399
0.0293360886173838	0.0247287395276162
-0.747161473257864	0.697739283194232
0.796455763646197	0.546406595576815
0.163521087137834	0.108760112686365
0.512698605043471	0.436482208723404
0.402958525427613	0.445645391287292
0.40410772243758	0.501137550263966
0.524731353212543	1.0126547460718
0.328958601822512	0.327745991424317
-0.265528231091648	0.194101021679468
0.845873572645785	0.715100082050027
0.58488846568727	0.379922298196432
1.89257162011574	1.63160254928073
0.75093310637041	0.546451336382571
-0.167723743572673	0.0869307434564531
0.564309454944135	0.389580908495401
-1.70887735822596	1.86293477516811
-2.68391057868112	1.94117051950088
-0.10045091808691	0.0534111225538958
-0.224203491251128	0.149157174432024
0.0478981651999103	0.0241685434406286
0.399583361571094	0.325359390748264
1.04429371167394	0.753727567512307
-0.358772871569101	0.23009838326523
-0.100532689740455	0.0534621458761021
-0.00477816764385727	0.00221449009969904
-0.260314528745779	0.131393590854783
-0.00464881905447431	0.0021552090576274
-0.327230881004658	0.129566059642725
-0.173939041290908	0.117697673411669
0.601927859347043	0.582177506370261
-0.449641252180695	0.282629245641421
-0.358509316483428	0.229953272680103
1.36215994324786	1.1972387166861
0.0856242796901098	0.046691435653039
2.0476713904531	1.45240659820839
-0.00479980150253003	0.00222543899707575
-0.968040626027814	0.567014988604947
-0.0091951964681284	0.00302330471275721
0.128975937783999	0.0572771124689474
-0.847833196182046	0.353207340512575
-1.81270095794002	2.51432853498231
0.163457954905026	0.108715810889068
0.141999791938549	0.0888227103233252
-0.674712712482376	0.545564195725926
-0.579018048486102	0.267409454362904
0.584781816253386	0.379967818774411
-1.81226436848931	1.31291218468186
-0.967800698735012	0.566773743831677
1.59543602232521	0.855138415286497
-0.391481666646295	0.191384943509599
0.765015511027073	0.33174094912973
-1.74054167316395	1.57449439362976
-0.242736970862359	0.211505604529632
-0.039422728392816	0.0250015758755746
-0.568420162491824	0.350045818239286
-0.414023724280832	0.32112461053383
-0.35217164115711	0.276786992238833
-0.422299294346764	0.236652215203968
-0.217583036604374	0.161222023874358
-0.149689484536521	0.14144221853315
-0.285030319307596	0.186329206529657
-0.389875558702191	0.27626357840334
-0.877063949356056	0.577066528922155
-0.788213600919535	0.414059767247702
-1.13144361242623	0.867435958813376
-0.395323648312012	0.360737128036587
-0.57950760152142	0.475508587411243
0.142054178750599	0.0888368511386093
-1.24519154070041	1.02240393492908
-0.449523782791997	0.407127494338527
-1.27066180837054	0.885025373031595
-0.571531865159127	0.312374846114351
-1.63522972023997	1.39563734551123
-0.094565597638795	0.0658831806182571
0.348105454489329	0.417267445496708
-0.0390302109872507	0.0352919847246812
0.756168063868562	0.878246517858907
0.294452154904269	0.228940098432368
-0.493245560843123	0.5945760172243
0.14366415766608	0.131554233708881
-0.212937868883698	0.172737453612614
-0.197861985604921	0.208877822060447
-1.14884881466261	1.17257606466501
-0.510415937668821	0.457934244674187
0.242145532440723	0.214785047699664
-0.395822506316818	0.361355984380158
-0.665669707780211	0.583946577934216
0.740412532926917	0.716052689303468
0.89846693705084	0.723012204815781
0.0186074566745822	0.0125199585315506
-0.352019872466604	0.276711013413076
-0.852604151174065	0.785927542903538
-0.510488193751867	0.458138192503648
-0.0346394716640665	0.0247222353576593
-0.212720779833938	0.172588691151125
-0.533180478419577	0.610069096751573
-0.41394158326969	0.321121824292564
1.49730071637602	1.43007384491007
-0.253035615812654	0.203341114949467
0.485530103228056	0.486933390485116
0.551233315877507	0.635298022746554
0.602101370734908	0.58259283384084
1.5274980141619	1.06560282673273
-0.701862955864654	0.471051609861451
-0.100727214653496	0.0535560137029474
1.36223634861539	1.19727846089222
-0.732300657555277	0.441384704650949
0.128975937783999	0.0572771124689474
-0.174755916939228	0.164522453662264
-0.504685750718148	0.66684794312813
-0.82272893242367	1.02259726800302
-1.35083692672937	1.18239134984024
-0.173939041290908	0.117697673411669
-0.43324690230704	0.364505873390813
0.140357031988836	0.10932682199135
0.402372623028448	0.431077341884398
0.401238966616196	0.41545667332913
0.577058678078771	0.601785265780746
0.333014078433841	0.343342320628339
-0.658636883801226	0.621899506241714
-0.144298386630888	0.118894449718664
-0.435099326655134	0.47530367777986
-0.824142741880797	0.816457223948004
1.11244681567147	0.937407616180729
-0.322181024893116	0.23204661658807
1.08193336353027	1.08399928718163
-0.766414454254694	0.663108225094003
-0.00831300788254624	0.0053575270356208
-0.674714181318261	0.545486301742271
-0.708916722744642	0.801159267647091
0.403210406062855	0.445919437924244
-0.0837640602220998	0.0894906677862213
-1.35579670478113	0.474613983393002
0.0121116734240655	0.00981943564557331
0.449547561741588	0.712681414844726
-0.215088736463753	0.251330196244973
0.0425840731284811	0.0301715727267324
-0.0522375229595129	0.0406424197629119
0.403911353373659	0.527651699774386
-1.11769448661724	1.76586086341048
-0.788353018666431	0.414337941238971
-0.13948291009641	0.105697619222376
-0.745455784457547	1.19439506491418
0.46477933894763	0.580757387762401
-0.214828880795222	0.250842883731856
0.258302805655047	0.313551166836999
-0.533156607958057	0.610024160118099
0.656338282398745	0.556778539148937
0.276636404460945	0.193497311214723
-1.23426600471282	1.17027761559353
-0.174889496722195	0.164638267207755
0.221659125162315	0.226027305753138
-0.00649983062284666	0.00552988640948843
-0.0888151375945493	0.0740672373967776
-0.500159334491165	0.4159220710657
0.0478678062535957	0.0241529007811321
0.564332334827496	0.389653895586746
-0.314821115285883	0.180313962153208
0.234217042819429	0.135554715301903
-0.184505553212383	0.0791373504854963
0.128967157113683	0.0572682747137997
1.73182602418012	1.91440883225691
-0.314814424996404	0.18040114856928
-0.0761359208781002	0.0474267274532811
-0.224444197210169	0.149331124302083
-0.674873072019471	0.545745098121915
0.0479827463402476	0.0242098150145323
-0.167746238435569	0.0869469108163603
-1.2342793434218	1.17050598068434
0.0616553482559604	0.0238703716137645
-0.968033043844823	0.567023112730889
-1.12680802340469	0.723563792790257
0.852859024632958	0.546883761518186
-1.51116602461278	0.927694205065401
1.31665444033133	0.59000828848376
0.631932759206064	0.352507886935394
-1.40186565980495	1.48444853822536
-0.00653322317101659	0.0036465042430468
1.30810700637317	0.797487899674034
-0.825232150203982	0.599654790054676
-0.00475680929605525	0.00220672361861251
2.18174981985919	2.20351001203501
0.963554013368603	0.737102462140653
0.92864495305129	0.545077172240108
0.387431007706947	0.203668807909657
0.404528506212484	0.140109187892536
0.440364661588217	0.120386763104114
-2.94720125929596	0.646055459499367
-1.11469972387002	0.540927932422351
-0.472070889856049	0.329070387884181
0.196657324790361	0.145866264172984
1.15014266729831	0.774326861652598
-1.32941565093715	0.732799399043906
1.29047191149383	0.361322640689658
1.15014266729831	0.774326861652598
-1.3294270748627	0.733061521380134
-0.406536039818103	0.0912270232471427
2.17466711646327	0.972626601623044
-3.48219873584491	0.919655084022901
-0.391716070497778	0.191515317219743
-0.325682356288522	0.320340345646338
-0.933803537214648	0.913670596019875
-0.422428119128095	0.236719234912365
-0.449656806802103	0.282594576641388
0.533208825612179	0.411146860046541
-0.571624596727463	0.31249828110112
-0.224444197210169	0.149331124302083
-0.0522183834636923	0.040627987145417
-0.265721215652657	0.194247194772182
-1.06759818069579	1.02947828761807
-0.518746016261548	0.498758153830787
0.116343175224197	0.0987109033400783
-0.322266028375118	0.232102188709418
0.163521087137834	0.108760112686365
-0.73236345422613	0.441536831391427
-0.708883400537572	0.801052662885613
-0.0759876589295289	0.0473363443603622
-0.167776509342108	0.0869605415634023
-0.422363725502875	0.236700130314835
0.234127312196873	0.135493151380613
0.399567666730592	0.309608506043698
-0.571850481296198	0.312666676322475
-0.314859440718046	0.18040570331732
0.564242568767649	0.389576900413468
-0.0629236060915945	0.0444021687248854
0.337113727119468	0.35918582843399
-0.462071604614263	0.447544144705906
0.756088498151065	0.878038277979379
-0.967222594504073	1.0678390027079
0.675614316458382	1.4526821850304
0.404024353048573	0.54111333252942
-0.0861338002826842	0.0822551878397921
0.232291584283573	0.295505586392424
0.165465501669799	0.162320484476529
-0.131605075370406	0.132446751830548
-0.144314001360735	0.11889474663958
0.274006523391671	0.281101600997532
-0.146772097651532	0.129962124276469
-1.0673849388289	1.02908287832302
-0.461992022129453	0.447490889493817
0.0852737530276582	0.0749353725172423
0.123166217570988	0.120113996207389
-0.126601461522102	0.120049912221769
-0.0944064332938731	0.0657666599668661
-0.0242877141212342	0.0205629079957002
0.318874965241288	0.294936193695161
0.403952497466483	0.514313689229566
0.40413197566818	0.567942145756068
0.323871125238515	0.311130896345993
0.0597216285002013	0.0541512007865388
-0.444290702639398	0.61446669822342
-0.175364764567564	0.154501006482119
0.105075745602191	0.0742611086247324
0.234299063326123	0.135610764338717
-1.32938572253344	0.733074998982863
0.116345045748615	0.0681537780773569
0.0479061058216731	0.0241734985376833
-0.391716070497778	0.191515317219743
-0.0490594629448469	0.026755104726524
-0.144270176470674	0.118864750967566
0.242057355721101	0.214685800584402
-0.719819168061718	0.767468822685316
-1.22058976263205	1.47037525469748
-0.571856302171083	0.312667878337296
-0.701832486364182	0.471016343360915
-0.358574770830738	0.230008355533989
-0.167761860218221	0.0869497148664064
0.0479827463402476	0.0242098150145323
-0.358378603274479	0.229747473417537
0.18142044331366	0.127703356871127
0.318753341081774	0.294849201216238
-0.510335207495744	0.457920435994576
-0.139425149311353	0.105623745864739
-0.897452559815129	0.940260218229084
-0.0285147846901787	0.0223371819785303
0.65639133079792	0.556763346406444
-0.732129713916639	0.441387161072424
1.30832400447743	0.79777889706228
-0.701962072171393	0.471087613431695
-0.100711867297307	0.053558502180433
-0.184607743758422	0.0791560168022034
-0.100540405818408	0.0534632011451723
-0.224441029054085	0.149316894405678
0.0346192786271876	0.0269659438476626
0.193966174351798	0.178333649329745
-0.104674754370764	0.0290881727694566
-0.131513577744669	0.132322902285428
-0.154850427800607	0.189458402437868
0.193829780306978	0.264107628771732
0.143581753766941	0.131484102275649
-0.701176774298748	1.12524261423007
-0.267642081389829	0.248836675151192
-1.16389777776725	2.17995094130613
0.0423091001231024	0.0299768706699023
-0.171937931217338	0.103046922596437
0.0635557861732776	0.0472898986758956
-0.0515541493172659	0.0495587626529523
0.126353823120776	0.138345953861995
-0.104008845538606	0.116541633541171
-0.387670614912449	0.536964677579039
0.242284158280243	0.214936545477378
-0.422320612835452	0.236661180017005
0.0855710855814217	0.0466692685549772
0.796542286709821	0.546503907985386
-0.305865088570763	0.282937091415012
0.0990526380634277	0.090258427776124
0.675334943889469	0.907604522414571
0.656314994430771	0.556610111148418
-0.314837032959884	0.180433066341452
1.3082516470813	0.797772341886517
-0.0785715154224317	0.0352603267586224
-0.314943947858019	0.180508496860338
-1.35626224425971	0.474875835650706
-0.327335550717987	0.129625546394617
-0.104360815899979	0.0290077066781166
-0.327335889648938	0.129624283363844
-1.6700152989722	1.12100199645362
0.402478055947086	0.139341983658164
-0.391481666646295	0.191384943509599
-0.0787197888754788	0.035331436723466
-0.788111377288474	0.414177817025583
-0.10060690072741	0.0534984057920706
-1.35672844137063	0.47506664569878
-1.32945704925353	0.732853759751035
-1.12703758998166	0.724067663560919
0.365902525614416	0.150379543777498
-3.48219873584491	0.919655084022901
-0.406929606498836	0.0912995639757081
0.750925784738589	0.546494659096437
1.36216788507174	1.197393867706
-0.788584669491101	0.414442391647873
0.440364661588217	0.120386763104114
-1.12691507044464	0.723963263011774
-0.327441581340123	0.129627520191826
0.211956415974128	0.113885749261243
-0.952244254371164	0.272799090918146
1.59459158996049	0.854440007260882
-0.327335550717987	0.129625546394617
-0.104191034118389	0.0289508643830017
-0.57133188727889	0.312155289651699
0.963401097638603	0.736897946780892
0.403244537973636	0.13964937041993
0.403887011029617	0.139900753756777
-2.10706742962015	0.378548652882402
1.80554775261157	0.656236220945208
-0.104844951344196	0.0291451841025915
-1.68694899077746	0.703952762450668
-1.35563614408753	0.474557097061527
0.765015511027073	0.33174094912973
1.15049293093026	0.774452381792266
-0.235382896302948	0.138024912443037
-0.422256203593566	0.236584739055081
-0.877129310235883	0.576908736532363
-1.12690984914405	0.723594191723434
0.0479444191794637	0.0241924711034532
-0.173980160570205	0.117722034894432
-0.573306969524194	0.392293013381665
-0.500314436828124	0.416117076848796
-1.23444635902029	1.17064414704929
0.399421120258376	0.37013119215776
-1.63535263331153	1.39540065672422
-0.578988840358499	0.267264150644971
0.0617424742393982	0.0239084459082885
-1.1144886963805	0.541000350984738
-1.32941565093715	0.732799399043906
-1.11459535646121	0.54087500274063
-0.788464314880281	0.414424326723021
-0.18438336931455	0.0790808605857554
-0.766255713429042	0.662862174171496
-2.19279921330255	1.21087324593908
0.372358738438072	0.175782429263777
-0.951510131474032	0.272461351367526
-0.10045091808691	0.0534111225538958
-0.184505553212383	0.0791373504854963
-0.788334455485247	0.414193392330842
0.0848716151085845	0.0822812162392081
0.502514675822529	0.749862132940591
-0.326109286876676	0.279850876249518
-0.235567724001161	0.138125157356038
0.12661384261733	0.138670798037025
0.315618515557307	0.427400275334022
-0.136128059382748	0.144763371540946
-0.326613749740724	0.39762076465558
-0.247967915452603	0.260338444644162
0.403692717989025	0.460399650241381
0.273360492527363	0.358894780679544
0.106120150404432	0.119017353064953
-0.198308864397202	0.209379923174903
0.0316049984275721	0.0331008955432869
0.241981760662737	0.270329681041154
-0.0860690134702713	0.0821848983549987
-0.21852332939636	0.242875405781708
0.404021827179088	0.487700099872987
0.037881595133305	0.0353374285950637
-0.097699758065768	0.0872739843586383
-0.788436437303649	1.07550336376656
-0.643339326791089	0.730444683961773
-0.406365967592354	0.539439420721307
0.0289568043675961	0.0171732158028847
0.013603654279852	0.0101301539501943
0.979886989974853	1.52186689249923
0.474795869460762	0.527758506651028
-0.732036673044235	0.441341043477748
-1.51164434854115	0.927100126351933
-0.951401566537421	0.272432782475208
0.602173016759514	0.582718343048444
-0.70915511063742	0.80133193786774
-0.648467161874956	0.696206784479025
-0.326217680226833	0.279951354358186
-0.342933066423448	0.357089664738761
-0.81945797430967	1.21280803147161
-0.411250093494183	0.400671971163182
-0.196687239879146	0.219079181952056
-0.369859623916999	0.533102883655374
-0.302535433480546	0.40279984068374
-0.0760533009637857	0.0473839636800134
-0.35874606176488	0.230128359214925
-0.299285314445672	0.237933566904209
-0.00458408807629383	0.00212527871473938
-1.40182099425293	1.05074397500167
0.693663765834084	0.725153457310923
-0.395807745123402	0.361408517257778
0.0532611692380769	0.0432857820104094
-1.40159741440423	2.347573766661
-0.804898676678372	1.23829473485333
0.196726322963691	0.145924828469218
-0.107551153683785	0.0823416233519769
-0.686656780325162	0.508238057982816
0.264537573070616	0.174438139402009
0.10494279492139	0.0741722381789076
0.100447377410256	0.0817675762381931
-0.0763298758786301	0.0684717824597788
-0.103708004302289	0.0288061650208548
-0.135916195756469	0.144555933702781
0.045145882164056	0.0460661159626738
-0.90214272265266	1.27761607322721
0.404271310981328	0.501482918950443
0.235921807253063	0.255859439341021
-0.406755417564339	0.468948629747612
0.0699993420363279	0.0592176127780918
-0.665396018019651	0.583572903561045
-0.658791281288364	0.622276283523047
-0.00714434914019421	0.00563239411673468
-0.340465325205168	0.394177044688602
-0.554158780265653	0.892818471859412
-0.340653211795257	0.394446361308947
0.51282220004825	0.436524605203864
-1.70855855113333	1.86057173310603
-0.414111548828015	0.321189572883432
0.250790671040038	0.155292789736014
-0.282258849184633	0.24416363160328
0.474819250957101	0.527829121859988
-0.461869532765344	0.447298608519901
-0.577183574521148	0.434451128606611
0.711783605617462	0.546128503486909
0.740349306740231	0.715855778135279
-0.701763799486029	0.470846950090697
1.02257361178959	1.0669550144829
-0.968040626027814	0.567014988604947
-0.10062225280412	0.0535115969827204
-0.889956812825115	0.758402852078309
0.671567142878356	0.33484663200897
-0.00482134538163185	0.00223622028267589
-0.422256203593566	0.236584739055081
-0.579047233084989	0.267435837190726
-1.27064632211145	0.885370023376595
0.372828104257578	0.176187601416706
-0.314966389985357	0.180495713336035
1.7211940026025	1.34718905247286
0.38741809871021	0.203620033078419
-0.327230659220978	0.129567376802136
-4.67565593169724	2.1954150324594
0.928757462515204	0.545183921949788
0.3996138541701	0.245240556317635
-0.314776207125623	0.180364724263437
-1.44916168273812	1.34654902241603
-0.235184772448113	0.137838722250301
-0.422448223724601	0.236595862449342
-0.968272243637976	0.567172585007472
-0.732051484142669	0.441276325037825
0.396370934654465	0.226384818719735
-0.571725802687708	0.312448617253001
-1.00953121808198	0.719538579271265
-0.00825098414165935	0.00531839236576663
-0.571358261005284	0.312197163788921
-1.15388020953856	1.32524070829306
-0.167761860218221	0.0869497148664064
-0.100629944992226	0.0535126365530659
1.30839638661306	0.797687194353385
-1.68779819019677	0.704372690601768
0.372705457589149	0.176103244649458
-0.788473517099805	0.414356124603627
0.128609310588168	0.0570988901799906
0.128731299422086	0.0571633654848292
-0.73228569888236	0.441519104636812
-0.686695163444299	0.507940286828116
-0.00835779426278159	0.00538654948419021
-0.171937931217338	0.103046922596437
-1.12691507044464	0.723963263011774
-0.00657026808094862	0.00366649300398857
-0.825127181183508	0.599448766878507
-0.235158418201194	0.13785025037124
0.301604328908405	0.245891631114233
-0.389851199294465	0.276258673020716
0.211751034985314	0.113747989548702
-0.260565205418295	0.131526093259204
0.116466036447424	0.0682152914594682
-0.0789528454821435	0.0354404697364153
0.0479747380547107	0.0242080962692441
-0.702000315358475	0.471069360153076
-1.12726658129117	0.724223760675267
-0.951401566537421	0.272432782475208
-0.00475680929605525	0.00220672361861251
-0.471987262164561	0.329014669520781
-0.173832089409108	0.117617618957449
-0.22431100092233	0.149244423954331
-0.674741391027964	0.545420306406661
0.264565155787059	0.174407364669772
-0.276779562027381	0.28986742111387
0.313393213878636	0.278509891415731
-0.00938247171107496	0.00676143319231621
-0.241990046873744	0.268340703763518
-0.17632478149449	0.196718911904732
0.464884979364507	0.580901510129398
-0.486521849214442	0.728447141577431
-0.0568026612324293	0.0511583239139805
0.0627940353673561	0.0624653624654543
0.458095854335967	0.617949356656892
0.165588223275041	0.162467316601778
-0.115370126740406	0.095635090805312
-0.381490195477855	0.395779244450007
-0.324962851425716	0.357649155528924
0.0294872743101041	0.0248616407061542
-0.112522396549348	0.113580827651732
-0.618543557476731	1.06732043084495
0.225598547857008	0.279330912004578
-0.469146641260058	0.621007321270001
0.0702963777902066	0.0594707673041712
0.736467432977047	1.04758817660235
0.155162852196121	0.147196896120391
-0.00656605805463023	0.00366311165284494
-0.579085619235567	0.475083606385818
-0.417509311040733	0.505271808747067
-0.643450107713458	0.730837742747949
-0.648344774933246	0.696139451980418
-0.176256943933838	0.132147578541004
-0.825410747725923	0.59972581114889
-0.260530377594129	0.131470150290879
-1.70885174411854	1.86278158092618
-0.824321776684566	0.816464432517311
-0.121217284684449	0.107834664915948
-1.0806912952012	1.77386835176024
-0.471663518407286	0.485522135579118
-0.322244113029841	0.232093565796801
0.0296699779186616	0.0250128309456147
0.0443559946968929	0.0505616732481237
0.450484757652621	0.779000608782253
-0.414773961686676	0.573865381756105
-0.358495878177703	0.22993924642698
-0.314913534863782	0.18049000784073
-0.131167945964282	0.0901320351584368
-0.576932844960716	0.434134193845627
0.617633949705955	0.573627105982473
0.398819918961831	0.260856352026993
1.03212918709089	0.911191470796257
-0.472122254448979	0.329060173996601
0.0828823311232247	0.0645835915944979
0.169628962675125	0.144127832147604
0.169567757712659	0.144127476597337
-0.472084972467567	0.329086525090447
-1.94195398850836	1.50504650455264
0.84596605132746	0.715188219408872
0.286249314715815	0.211493370512956
-0.315035027282987	0.180503506215802
-0.00835779426278159	0.00538654948419021
0.133431612087661	0.134333419523768
-0.585720447313406	0.805348753918318
0.124118634851826	0.17716498551844
-0.173131374934826	0.212029393556733
0.406987527119787	0.627484158251589
-0.428942931928371	0.642445945611617
-0.218437403288205	0.242773634533622
0.685072367476873	1.06761666538371
-0.5854620178327	0.632211695691394
-0.207338461846841	0.181745240326525
-0.105435802578079	0.100317610875655
0.106231368988048	0.119149605750914
0.452516795511207	0.655513362211479
-0.0976225628089596	0.0872056474837609
-1.03826288549077	1.64572581857179
0.0635115863446252	0.0472556483106754
-0.825158717915544	0.599291194086621
0.39963262298826	0.325251018945947
0.538923537020575	0.659432210727589
0.289835077841036	0.326070780098153
-0.75410711750834	1.16314030564908
-0.176138766646554	0.132087158591399
0.264514299081248	0.17441956112755
-0.314883095294388	0.18046152778602
-0.35841702097782	0.229858290125378
-0.184403361140768	0.0790506898063424
-1.96299502372977	0.955165401048326
-0.0788269788881849	0.0353859300459337
0.584858234011417	0.379956693850745
-1.12703244414615	0.724105062479207
-0.327440212159224	0.129629361099382
0.128504583636049	0.0570536698492632
-0.0790660786633357	0.0354934239501734
-0.26050123433033	0.131519082409796
-0.327120299645599	0.129477764934943
-0.100891250503392	0.0536438827402499
0.440742619385608	0.120469713008539
1.6637398985447	1.51663739569065
-0.104360815899979	0.0290077066781166
0.128496054262865	0.0570471936487537
-0.0081408866142675	0.00267744478079309
-1.11394961846196	0.540358650867839
-0.579204904764993	0.267396917142687
0.504523291197945	0.449267702899292
1.21216431307697	0.970853229111692
0.606999733160499	0.368112755368252
0.372603231471355	0.175990694219304
0.671465868796485	0.334774054050095
-0.100435448908401	0.053405283159304
0.671538371030747	0.334855559136084
-0.968152752066219	0.567121503023109
1.89237114873687	1.63105160856267
-0.571731700161253	0.312583492623591
-1.67035686502753	1.12150123320704
-0.284900121084257	0.18619222264879
-0.510289006936431	0.457857532003872
-0.665502969254937	0.58368145739329
-1.13144361242623	0.867435958813376
1.03206268139685	0.911019810572968
0.76959729993245	0.713177830099595
0.0615829893731542	0.0238409326210027
-0.788232305482405	0.414275835906919
0.37294067854689	0.176245525558977
-0.732114848484512	0.441422043241892
0.365902525614416	0.150379543777498
-0.848756633713589	0.353692019334519
-0.732255734909084	0.441342441812926
-1.51115804482644	0.927162295997054
0.061698863167424	0.023890625298551
-0.322052177381556	0.231878746333326
-0.571850481296198	0.312666676322475
-1.24536159366181	1.02235654200607
0.181395759602857	0.12766670417979
-0.0345962527318288	0.0246919774876134
-0.13155767219075	0.0903627959453151
-0.224362360916797	0.149289333907045
-1.03355138611036	1.19982797735367
0.250763944228594	0.155289556810608
-0.235488423181181	0.138083855479216
-1.2343628492197	1.1706896552133
0.929116274088441	0.545396838220442
0.365900780420747	0.150323570811862
-0.487820095488423	0.372935503474609
-0.167929195262157	0.0870101900241509
-0.0786522619879239	0.0353023758590265
-0.0488746227041933	0.0266519956042316
-1.0442948303691	0.874612671953292
-0.573201430999483	0.392228605869892
0.163416673168622	0.108685956637582
0.663462569921581	0.914274985807465
0.169009984331619	0.19160237649468
-0.212720779833938	0.172588691151125
-0.00928281333736544	0.00669227966093295
-0.0220605590711015	0.0256099050348184
0.268376879837389	0.343376433727061
-0.0393965238325689	0.0356306303531504
0.250637307644546	0.344478106708317
-0.0683991825996292	0.065545210138203
0.152230209961903	0.162872660466951
0.499350453610844	0.761495876410785
-0.587290188284546	0.910904985908896
-0.0568844530871761	0.0512363424094048
-0.00725485667684541	0.00661143058845947
-0.536726951898562	0.645621771941729
0.175091306713948	0.177447878404998
-0.0249461927291946	0.0267006962237575
-0.156495228354817	0.174844603775624
-0.02856792355346	0.0223693375992694
-0.424023402386185	0.438318562767412
-0.289121124141716	0.285456181832126
-0.653520699235575	0.660012762681798
0.0533757614906412	0.0433704416813446
-0.285113899572739	0.186378443168237
-0.00695755017367939	0.00548455134959882
0.232190237180697	0.197660148864657
0.0422006501047223	0.0298998522515522
-0.571737584667295	0.312608565413617
-0.326261191267614	0.279994902864455
-0.486509382159641	0.558137876175035
-0.788726613070269	1.07598570078681
-0.139743235874131	0.105939373673095
-0.576965922644856	0.434268315425558
-1.16141171996841	1.89997162138487
-0.156427702161783	0.174729311119585
-0.255302662476044	0.429300702032927
0.399542940036478	0.245217361896434
-1.94232632547216	1.50537150275443
0.116345045748615	0.0681537780773569
-0.877213265073092	0.577236204859608
-0.0487568225975182	0.0265874476193196
-1.32079784026851	1.3244346032502
0.740621386005128	0.716375045037553
-0.326015091771257	0.279672279685413
-0.146799106696426	0.129993445976943
-0.342584384098217	0.356411613602636
0.522254066330468	0.423767227511228
0.852859024632958	0.546883761518186
-0.70190117287605	0.471095771394012
-0.119597131265098	0.0730980839289773
0.63543755037969	0.564789288279985
-0.967928406766678	0.566690436445225
-0.282143597112904	0.244139392478535
-0.788505507498841	1.07577254731158
-0.951401566537421	0.272432782475208
-0.022722663650653	0.0206256713565449
0.0199442996298555	0.0242862076945763
0.351500296849667	0.59997789365374
0.315566151138587	0.427308816434848
-0.00706493515591007	0.00684467839178522
-0.046174632116752	0.0470257673897484
0.134440137929662	0.164017195516163
-1.21203866682218	1.76089399473868
-0.64359953170177	0.731059995223998
0.212852662711665	0.249712817045986
0.268234654206082	0.343168370299029
-0.218104724875221	0.242215163915191
-0.701221597447351	1.12518712982943
0.213165335097361	0.210346774883272
-0.395403175755566	0.360904640651853
1.3766253989971	1.70467220457027
0.504588960060017	0.449336461527864
-0.0651248043239737	0.0546046590600339
-0.73748995773324	1.22542054616813
-0.436387850595286	0.57840712189158
-0.175650496519244	0.15478826047608
0.387793623993806	0.203833458215704
-0.0081408866142675	0.00267744478079309
-1.32945704925353	0.732853759751035
1.31640050781925	0.589791315671906
0.372950968880263	0.176251163954604
0.963477527286397	0.737109537115533
-0.579047233084989	0.267435837190726
-0.579018048486102	0.267409454362904
-1.51151154262208	0.927724141804404
0.898339298766934	0.723330813645462
-0.171770631410099	0.102932060208856
-0.568572097465517	0.350153102769924
-0.701962072171393	0.471087613431695
-0.0788394138547632	0.0353861542623881
1.59604576738837	0.855214286128484
0.402733937014348	0.139484956672463
-0.391360018543522	0.191292687350545
1.15026509610464	0.774341633185776
-0.84771589802742	0.353095483927744
0.0617424742393982	0.0239084459082885
-0.0788269788881849	0.0353859300459337
1.03243282495509	0.910984262046411
0.769732112894498	0.713348024140361
0.956226036647493	0.344930752421141
0.632055174789326	0.352583555456159
-0.517899147573227	0.179109173088448
0.546751032897838	0.399472875834704
-0.0091951964681284	0.00302330471275721
-0.56851911765476	0.350145609039403
-0.104360815899979	0.0290077066781166
-1.35563614408753	0.474557097061527
-0.578975115762517	0.267390226446819
-0.951401566537421	0.272432782475208
0.440513946717843	0.120393291309023
0.0479061058216731	0.0241734985376833
-0.897149901643297	0.93946085437114
-0.376005643067059	0.319673123515093
-0.391966068640466	0.191571238284216
0.399587112669457	0.309611469101884
0.963507761145778	0.737129368422307
-0.285104268291679	0.18637524470887
-1.1145954954322	0.541089063658969
0.178473992833301	0.0879941463135877
0.128975937783999	0.0572771124689474
-1.1146996213552	0.541121784175122
-0.517899147573227	0.179109173088448
-0.327230881004658	0.129566059642725
-2.19255723702801	1.21048047914659
1.30806373276334	0.79713982138369
1.05647678982563	0.549758738961787
-0.732052333656079	0.732754184124322
0.234037530116601	0.135423779769217
-0.171952098581378	0.103047850133584
-0.422277886081322	0.236628606264027
-1.00951606416	0.719470647168065
-1.27047713945773	0.885153560442061
0.631932759206064	0.352507886935394
-0.0791731085684495	0.0355323931006965
0.264695320532999	0.174570131584808
0.833060722363575	1.03289167241342
-0.322222202454651	0.232070845187278
0.937988262322515	1.2019558857783
-0.0392669463724804	0.0248976618460887
-0.413922579675039	0.321055963873097
-0.217455541006197	0.161111172388021
-2.06200452346201	1.69886589485288
-1.12668504630645	0.723641797428308
-0.1677999628795	0.0869603914444103
-1.00946265936106	0.719458642516027
-3.04145083346692	2.60380802030778
-0.422213357816896	0.236552089895206
-0.100532689740455	0.0534621458761021
-0.167647468271265	0.0868700825002316
-0.171756506436492	0.102917399898034
-1.32931437217088	0.732704638322614
-0.13127473744166	0.0902000576828426
0.0615540730712499	0.0238263165776983
-1.11449125834891	0.540788176297302
0.956226036647493	0.344930752421141
-0.0626256680063536	0.0441727442420831
0.736329416236728	1.04705599722399
-0.00766239531307337	0.00698285925569408
0.196750378568716	0.145906584430263
-0.0783292059263208	0.0604785756480132
-0.451017001541337	0.649699918742682
-0.270172736389494	0.374123581062564
-0.313509941906365	0.434644171390377
-0.276078569218613	0.337034619478298
-0.922911301443423	1.74573562277346
-0.247999283866952	0.260367209518498
-0.26039691485401	0.303399673309337
0.126601258068428	0.138673687002804
-0.218823156848984	0.290801521283786
-1.12657429538806	2.04591689810656
-0.198048427609567	0.209078367954508
0.176773320017657	0.20610664077116
-0.427896858625369	0.542470851592562
0.472192046984292	0.541612871239056
-0.394596223544801	0.432249291088519
0.351940639225696	0.444946100823131
0.279673485342594	0.296227165220454
-0.366589015703341	0.466157339545917
0.80679240178032	0.875518938753581
0.917358564596241	0.884624051510388
-0.433490984422864	0.364800092627028
0.13043556891691	0.115058251989638
0.181531246888365	0.127776568502257
-0.479657270638156	0.522334846793122
-0.351671673042719	0.276359714240994
0.0185468055343983	0.0124802149628198
0.333155107793198	0.343576143229456
-0.395533285532983	0.361130423957381
-0.348155840381137	0.320130332357606
-0.224309396879475	0.149251198329982
-0.78812077431086	0.414038094571237
-1.51115804482644	0.927162295997054
0.0479668102951513	0.0242035155870716
1.48120823469628	1.58988664151166
-2.68347955252304	1.94037716108951
-0.25314518634837	0.203447879773994
1.02259938083604	1.06705854609469
-0.217496910387678	0.16115931261989
-0.324917192061403	0.357546429542748
-0.00625499653367304	0.00349264232361415
-1.05067712763806	1.34965680556092
-0.00829232854863562	0.00534469134583311
-0.00685800931148214	0.00540521065079586
-0.568374408633626	0.349993657688987
-0.167830351359906	0.0869843248816228
0.522416147224192	0.423823307058413
0.584781816253386	0.379967818774411
1.15458507968611	1.10902660350339
-0.184271044593708	0.0790222441021079
-0.47190363868862	0.32891647785336
-0.00635228232034153	0.00354698853506701
-0.665669707780211	0.583946577934216
-0.406143088696864	0.0911104868149055
-0.289258729333696	0.285610147408492
-0.24602186464906	0.314285828052008
0.0686251848191314	0.0743982679874002
-0.175990508268753	0.196340608898209
0.199427590439171	0.221296805306595
-0.146757298783237	0.129924407488776
-0.0783678851086653	0.0605111151387337
-3.48240509937676	0.919800644574475
-0.638805614499401	0.764123098255853
0.0243621481372517	0.0219705023894069
0.15366826646912	0.183256674387492
-0.284949081244401	0.331345217676617
-0.436402051666625	0.578543357690218
0.504568393616827	0.449352796932866
0.211956415974128	0.113885749261243
0.0479747380547107	0.0242080962692441
0.196616031972375	0.145843799490633
0.140458190379876	0.109419000029054
0.403936189756695	0.51427382024111
-0.0392825977740676	0.0355275557583005
-0.202673563184374	0.190096114352905
0.142131685932888	0.0889044303481582
-0.686827855694164	0.508381075212563
-0.314921305698856	0.18046368292624
-0.184729636999735	0.0792123581775086
1.0442650852691	0.754232399790507
0.928890577483864	0.545239423768143
-0.184495602328439	0.0791280415311326
-0.235158418201194	0.13785025037124
-0.327230881004658	0.129566059642725
-0.391619656780104	0.191352477050547
-0.70190117287605	0.471095771394012
-1.12714961438317	0.724193919652426
-0.571505531550015	0.3124149088738
1.05626404211288	0.549767797036242
0.955740311572938	0.344597279041458
0.178221803522451	0.087859016655947
0.0617861815936593	0.0239238580331253
0.929003379570485	0.54534639567847
0.845900177389557	0.715055557737215
-0.788232305482405	0.414275835906919
-1.51140176261422	0.927988291760551
-1.52278995090759	1.22112318048924
1.83326260705364	1.1404506258399
0.440628375497016	0.120463053794555
1.30815037571614	0.797500355917327
-0.579132907592339	0.26744572765706
-0.32733529210431	0.129585538245281
-1.35563614408753	0.474557097061527
0.671494664560962	0.334807235682389
-0.184025732944261	0.0788881612199788
-0.392078600176637	0.191624207741291
0.522519065550324	0.423843171513759
0.533218257216579	0.411035841415906
-0.449381034942207	0.282355651950242
0.0290916091214662	0.0172506474117661
-0.449820216110179	0.282733562407957
-0.732114848484512	0.441422043241892
-0.235303642562071	0.137970517714117
0.128617894345499	0.0571115897629187
-0.327230659220978	0.129567376802136
1.31575925965238	0.589174142486685
-0.848554588996423	0.353709685597233
-0.406143088696864	0.0911104868149055
0.928757462515204	0.545183921949788
0.852939962809722	0.546934303038246
-0.952244254371164	0.272799090918146
-0.32722589908764	0.129525375152013
-0.746795901915655	0.697288451086869
-0.58372876896372	0.556635209274743
-1.62757346907942	1.68736725228525
-0.235541515753558	0.138114100829824
-0.31504298439335	0.180518434415824
-0.358626885295045	0.22998067903823
1.15050176481748	0.774211913438795
-0.0787328393819667	0.0353418953097744
-0.577026152697648	0.434341282550561
0.693683824276979	0.725119348849623
-0.039353128958727	0.024952962953098
0.577319126138756	0.602022114044393
1.12034374110167	1.25776809514778
-0.235382896302948	0.138024912443037
0.0479285507635982	0.0241829353640545
-1.13164225147126	0.867764086305046
-0.391360018543522	0.191292687350545
0.234194106334154	0.135535242488063
-0.877128198496476	0.577191008258668
-1.63519167898621	1.39553890660412
-2.81259942697913	2.16615330817919
0.898152023055413	0.722800095652409
0.399268642118077	0.293337031059412
-0.413859635214476	0.320987506150472
-0.51866651343237	0.498616668350759
-0.577146638675989	0.434429840249087
-0.167883164706142	0.0870145895376265
-0.747116480609778	0.697785999055062
0.0615829893731542	0.0238409326210027
-0.284946743038968	0.186258778585444
-0.260515813735499	0.131513276350311
-3.48240509937676	0.919800644574475
0.399535611406082	0.245209094708849
-0.131340291465666	0.0902446846737251
-1.02586823585567	1.50577798025568
-0.022680957779017	0.0205938604123114
0.838036021785994	0.876292555257721
0.181313675255168	0.127612911033939
-0.0230509000436847	0.0209241551694062
-0.135908134556984	0.144542610022031
-0.542814328065558	0.715808137962792
0.575890225578214	1.03036060158043
0.242096037908209	0.214744114163649
-0.354367415380736	0.430408087248047
-0.618325963458346	1.06666070477548
0.0451028725989793	0.0394566729145085
-0.248210883909527	0.260646665418004
-0.175983058076293	0.186314092084447
-0.690528539813781	0.86459629130322
-0.377946623441102	0.502311998856163
-0.542822172548053	0.715736906560932
0.0532494203984755	0.0432794076594535
0.30752620295162	0.262032363267424
1.1736378722373	1.59922501695886
-0.638788368006849	0.764126122812867
0.130500647515799	0.115123077797756
-0.585162835395546	0.595412768328562
0.142078665577231	0.0888764959093391
-0.0394473692888657	0.0250130024068497
0.551501845085119	0.635852734002159
-0.348094735622872	0.320074430388317
-0.173832089409108	0.117617618957449
-0.516375129736063	0.178441001382876
-0.701862955864654	0.471051609861451
-1.01120058538935	1.04695271671224
-0.573240926487898	0.392222681911879
0.163479839725159	0.108734620174476
-0.366199196067601	0.358593691547298
0.0532572483311669	0.0432858337104821
0.231974781311115	0.197378557820143
-0.585140275157399	0.770315884588296
-0.579422604835936	0.475506520812133
-0.28223685747382	0.244226922956707
-0.175092311979686	0.20504794821198
-0.269495637489298	0.372904715842392
-0.498805640297145	0.630005579761165
-0.0889297331668783	0.0741733520717063
-1.36886417106788	1.62790332601184
-0.351974952412634	0.276683503833317
0.602410854355225	0.582956863960026
-0.422449925713195	0.236621569800395
-0.281920028708469	0.243795524305586
-0.449544062178421	0.282531156107745
-0.868407309964976	0.967743905919432
-0.224229156975004	0.149175752312636
-0.00926036244040366	0.00667619935754914
-0.326239444133989	0.279984135591738
-0.47961617203173	0.522164488447191
-1.513514074987	2.24565582468009
0.644775747747021	0.746207720212579
-0.267340979443866	0.29561541067498
-0.0397471737286701	0.0251999043115005
0.0857690839630121	0.0467755813981377
-0.471926829276133	0.328942702328004
-0.0395746681987161	0.0250974132707609
1.03203665003496	0.910860397596398
0.276687851535201	0.193548878671475
-0.792052298639449	0.630656110813843
-0.131209206012435	0.090152528455956
-0.525075217091072	0.53774919315144
-0.517513875524486	0.178911161319999
0.06366628499768	0.0473685304521114
0.24406131056571	0.326824334704437
-0.585866920449671	0.805685967440339
-0.529741651311274	0.574748949868629
0.221605537863287	0.180636771759577
0.143364174892475	0.131254033665169
-0.449288065965024	0.406959234228193
-0.934058258791843	0.913876341257033
-0.824166731286506	0.816592436654914
-2.10706742962015	0.378548652882402
-0.852519190369605	0.785826602283405
-0.35813023428508	0.393314282999748
-0.097713883041279	0.0872971598126664
0.140320642456421	0.109318558109356
-0.453561817035948	0.547689269711356
0.399694263653972	0.325437950839049
-0.877213265073092	0.577236204859608
0.264584122052665	0.174447372671049
-0.449641252180695	0.282629245641421
0.26708666146437	0.264933570906804
-0.00706074537866844	0.00556548101463576
0.0346661604419782	0.0269974165788117
0.123576851992187	0.0918225846901138
-0.732099967580472	0.441350213980641
-1.00959977615633	0.719347916460793
0.37294067854689	0.176245525558977
0.963439305415341	0.737033359814109
0.852778255844793	0.546757450411459
0.387511878551028	0.203703880087379
0.564414409634204	0.389702848742374
-0.732114848484512	0.441422043241892
-0.18415862804278	0.0789451749084822
1.36209942212886	1.19724209000592
0.276636404460945	0.193497311214723
-2.1761442654364	2.52587037088222
-0.70190117287605	0.471095771394012
-1.32927288054565	0.732650220342582
-0.327335889648938	0.129624283363844
-0.391603095504156	0.191462066890932
-0.825045854923464	0.599435065359958
-0.184025732944261	0.0788881612199788
-0.314928072102401	0.180459211008952
-0.167891044836085	0.0870165131143139
-0.260436979275461	0.131458797580532
-0.824956711698704	0.599283845361732
-1.13167279238269	0.867688530047492
0.211994594277884	0.113897485870755
0.606746759712527	0.367950501034703
-0.100443178122335	0.0534100513858687
-0.571612713488628	0.312477898458969
-1.11355579595234	0.53988363364333
0.372930405999128	0.176198353336861
-1.35579670478113	0.474613983393002
-0.167715939625543	0.086928424290891
0.0479668102951513	0.0242035155870716
-0.265680101467543	0.194226915105528
-0.868493742322946	0.967596329814114
-0.674738461858098	0.545560938008652
-0.260329029925159	0.131417764875266
-0.791787558524264	0.63030518261539
-0.171923782035868	0.103013030371387
0.804029465539626	0.712392747137759
-0.0488746227041933	0.0266519956042316
-0.788101962939554	0.414130609919789
-1.35610128709322	0.474818712797072
-1.32938572253344	0.733074998982863
-0.516877128372687	0.178641872315134
-1.35563614408753	0.474557097061527
-0.00866762541139504	0.00285038216826518
-0.968264784999388	0.567000612677095
-1.12714961438317	0.724193919652426
0.211964338892854	0.113888136941665
-0.100345964860746	0.0533501486030699
0.141971261916633	0.0888023742952421
-0.449812502559788	0.2827095155416
1.14990698215722	0.773998601930091
-0.167715939625543	0.086928424290891
0.387592918851795	0.203717843721853
-0.792201171194748	0.630430680955069
0.631819214311294	0.352378760345744
-0.665669707780211	0.583946577934216
-0.471817977575671	0.485519738331706
0.196505607634886	0.145735446962698
-1.44924009417487	1.34667726234533
-0.422320612835452	0.236661180017005
-0.422428119128095	0.236719234912365
-0.422470428841596	0.236720676316415
-1.32927288054565	0.732650220342582
-0.938958711023036	0.734322134192378
-0.825045854923464	0.599435065359958
-1.83944247434858	1.75957014145116
0.234396349619033	0.13565353178987
1.36209146650402	1.19718453032602
-0.265614440495864	0.194180304416663
-0.0946522302866836	0.0659502880843956
-0.358653698911515	0.230066631527229
0.68120935990724	0.550510843550439
0.250763944228594	0.155289556810608
0.209524686670805	0.163064848998873
0.564339939851966	0.389626426333852
-0.391481666646295	0.191384943509599
0.399084418904961	0.260983932583493
-1.03381076912316	1.19990227690779
0.751845192419314	1.04255583676564
0.242037838498747	0.2704051918103
-0.934202976966843	0.914065073356353
0.0634066163191769	0.0471713633851058
0.595487334377386	0.981708476417876
0.0726649119137003	0.0681520103793566
-0.62907632904292	0.863331309366866
-0.0440561156598489	0.0371243381177729
0.130584256440592	0.115211700634149
0.213333935597668	0.210539436205743
0.333128656665433	0.343514710832217
0.787685714741757	1.03495557443729
-0.348056089655176	0.3200090970312
-0.0628036961608441	0.0443159983603137
-0.585335294901198	0.667509528915506
-0.479592538574591	0.522155844550178
0.267090368921526	0.264924433502066
-0.0888229618574106	0.0740806545333351
-0.326290083303527	0.280023860316597
-0.518897904692047	0.498945824183835
0.0290643313532979	0.0172360612881144
-0.265552773983052	0.194068316245134
0.28646056595442	0.211694108651968
-0.938919602641575	0.734277294146734
0.485530103228056	0.486933390485116
-0.411121900980221	0.400439475534688
-0.939050965893036	0.734553872901206
-1.94195398850836	1.50504650455264
-0.579085619235567	0.475083606385818
-0.568473274508818	0.35013698342253
-0.665669707780211	0.583946577934216
-0.0520578766778641	0.040492572960748
-0.221822598551294	0.233502831029966
0.0425188119997568	0.0301213376681371
-0.436523697100764	0.578673086132647
-0.0345672803212532	0.0246719424286902
0.0187603779399543	0.0126212930219517
-0.0437048675530404	0.0368299058889819
-0.90167670610804	1.11385840528622
0.100244529068198	0.0815815314421879
-1.04915439664571	1.78615974281514
0.403672313685692	0.540453390824415
-0.221985881697172	0.233738202657927
-0.138301999401471	0.154716128373992
-0.0522375229595129	0.0406424197629119
0.0454738978924999	0.0397900981153902
-0.241976007600189	0.268128948159176
-0.436407412898406	0.578572619804611
-0.0359981654464921	0.0347063330825072
-0.876317897663002	1.13860186848024
-0.677021996104667	0.927503441686384
-0.311657649598727	0.361647874441975
-0.0569170421384098	0.05126790711613
-0.0975562726489596	0.0871495841552685
0.608208163699803	0.961031878352307
-0.194669338306549	0.227800535172488
-0.0284942023916678	0.0223206149853109
0.319451903538199	0.443443315156822
-0.499099429077017	0.630413486375112
-0.0386830916357481	0.0414106311992288
-0.31651175505848	0.488653431239086
-0.205975710690557	0.263056753733884
-0.406536039818103	0.0912270232471427
0.51248715259787	0.43601832650869
-0.825053757516349	0.59945569070679
-1.34519474038988	1.77144964615119
0.0422371035277111	0.0299231062173003
0.141919557864797	0.0887687130470317
0.163606102560209	0.108818672900978
-0.358536204185177	0.229923387816294
-0.732192865670734	0.441473163114747
-0.0078192213786039	0.00257237113093503
0.671567142878356	0.33484663200897
-0.171937931217338	0.103046922596437
-0.766122624679411	0.662495372105202
0.234388667047457	0.135655805195531
-0.314974334266225	0.180517382779914
1.03215523791142	0.911235583775859
0.0858883652709848	0.0468433639331458
0.398858126103384	0.277086879421163
0.546961719451806	0.399642103935353
-0.788464314880281	0.414424326723021
0.398780818069297	0.260842436667706
-0.119678716732112	0.073154203987277
0.396176409966509	0.226325721913052
-0.665396018019651	0.583572903561045
-0.0651178034814368	0.0545900885935895
-0.226604965738264	0.225224513272758
-0.174857928035449	0.164593393809373
0.399715905368462	0.309723545765256
-0.933948110868205	0.913618848568669
-0.0395541441011701	0.025083993257901
-0.39014201100796	0.276459800734295
-0.17191476584973	0.103033463272345
-0.825329265417905	0.599645011435276
0.286523637112009	0.211735970130416
0.769650330598824	0.713292319767363
-0.933888438208591	0.913869462420194
-0.766960511410826	0.910003387790672
-0.35184393948654	0.276566025269648
-0.931811965542168	1.09133812448806
0.399538104929595	0.325297140047321
-0.93390722512754	0.913789457162529
-0.298972855797397	0.237791115055507
-0.217672654330868	0.161274609837788
-0.472214977594307	0.329105137833627
-1.51117398792917	0.92735653097427
0.250684905061533	0.155242539654961
0.396068108708119	0.226269963646636
-0.00665389317830462	0.00371213544091307
0.104783446264362	0.0740499896731453
-0.413837630123317	0.321003545361389
0.196571155039691	0.145799378267807
-0.28518786639213	0.186434024764144
0.504543841906588	0.449229747946095
-0.471964074016085	0.328988442076057
-1.35090235712844	1.18231625144187
0.23420176261692	0.135550725555505
-0.17389514636938	0.117661309424927
-1.70895749514926	1.86282094980013
0.286353621089143	0.21159382496386
-0.581662141593421	0.516443952913518
-1.44897758015289	1.34597535549695
-0.176251209491276	0.132172200056175
0.0835937245357483	0.0559856134374031
-0.175853366906901	0.131837818302104
0.512717942030779	0.436484312176886
0.0289825102637502	0.0171873746132031
-0.0489937644034561	0.0267199564240236
-0.173834967445948	0.117615183798292
-0.766438421199712	0.662800521704817
-0.674951828177522	0.545806361158126
-0.235329933523451	0.137981629173474
0.181354727690782	0.127651068600099
0.632282847428213	0.352728572431533
-0.13125411578234	0.0901920485429825
0.968656580278954	0.89475746323902
0.681111391978709	0.550473937505231
1.15465095325541	1.10909169821672
-0.889776252660043	0.758163932303549
-0.174024043661833	0.117746179954115
0.496949938369806	0.46130559753837
-0.0759682684831344	0.0473317038327201
-0.298946691877838	0.237766403306769
-0.00798605877767517	0.00514589107964107
-0.358825047661998	0.230165183940644
0.234396349619033	0.13565353178987
2.79815569216664	3.98621822051438
-4.86870272960003	2.53049280722129
-1.63519892643573	1.39549661695138
-0.6655407518731	0.583706954287991
-0.573135403447075	0.392220170007954
-0.260515813735499	0.131513276350311
-0.852478205765596	0.785785640793822
-1.35086367567653	1.18186022537456
-0.938985249993604	0.734486826092846
0.141973939974442	0.0887927403169208
-0.449633490948602	0.282605167831363
-0.17594543043347	0.131927464899078
-1.03343954573444	1.19936448777331
0.294476638454516	0.228953020613935
0.323966368565169	0.311289634382735
-0.0782571865836823	0.0604158205405487
0.221476389987729	0.225768562150256
-0.731965786857973	0.732716523926003
-1.05068476905645	1.34960511710079
0.0703273912203484	0.0594995602930338
0.92975029848929	1.04608966046289
-0.233655478745264	0.218186703081875
0.140523028683526	0.109476287312099
0.140631548846924	0.109547655747836
-0.311698780538021	0.361697942738256
0.125132443009441	0.148494685410338
0.169523356495989	0.144067569326533
-0.173706043323555	0.117517735171807
-0.585202532174025	0.667354762595377
-0.573122228556241	0.392182120784472
1.00761948899738	1.83159479097192
0.0835487526622134	0.0559518379536002
1.83326260705364	1.1404506258399
-1.00951606416	0.719470647168065
-1.27056950611993	0.885278385976038
0.584743628490391	0.37993126836576
0.398751303919128	0.277008501801979
0.116224017930216	0.0680787722672144
-0.100532689740455	0.0534621458761021
-0.949084813902363	1.39732656630186
0.0831588436879774	0.0556690182940442
-0.00482134538163185	0.00223622028267589
1.64828471233388	2.22550120009416
0.533306260837746	0.411205597793101
2.41083324700016	2.11011676105892
-0.39158646767252	0.19134903588659
-0.348056089655176	0.3200090970312
-0.298819792768916	0.237629149708486
-0.674898840923898	0.545790922920221
-1.32930273991253	0.732898294853153
-0.00718614363938085	0.00566473695673302
-0.487794425801085	0.372902959991203
0.297789614335325	0.354225014056662
-0.342926050186132	0.356988049986795
0.196812447404238	0.145987123372345
-0.0762015118849249	0.0474673183992111
0.182380386602919	0.16139730335541
-0.634951620419599	0.797251752187961
-0.0626307324162304	0.0441847473161206
-0.13127473744166	0.0902000576828426
-0.0759489641588138	0.0473161986698993
-0.658901305750905	0.622340682489739
0.752096872019191	1.04328365657044
-0.148964521464034	0.196557459524542
-0.173311936120264	0.212268786443516
-0.11735982805834	0.125007520236675
-0.475939993180736	0.657644506417367
-0.0773522342060036	0.0784637181319359
-0.499102525909317	0.630474038100004
-0.395840907372382	0.502527580209259
-0.667901227099447	0.994177509644416
-0.371923890586181	0.429647067435896
0.0092662976798026	0.00967104946499616
-0.26744602132304	0.295850010667233
-0.00703265203373214	0.00681377099799004
0.0898573157196634	0.103275483690317
-0.330248105912358	0.54418611857712
0.488513388468985	0.884268451329507
-0.660851758111261	1.06226247555337
-0.222815374194331	0.318563356057187
0.0726894064455493	0.0681798254948181
-0.952612120944232	0.272853156193857
-0.967905450376505	0.566570214515686
0.387362897339459	0.203602422991271
-1.00942463255137	0.719335114329613
-0.70190117287605	0.471095771394012
-0.327335550717987	0.129625546394617
-1.35610128709322	0.474818712797072
-1.1146996213552	0.541121784175122
0.211895891785283	0.113859386997973
0.1161634901573	0.0680366741364742
-0.104844951344196	0.0291451841025915
-0.358588196149511	0.23002237558786
-0.571612713488628	0.312477898458969
-0.825240015986526	0.599593248021543
0.396024933516971	0.226195455441666
0.852859024632958	0.546883761518186
-0.848352883478491	0.353483822010577
-0.0489147483452937	0.0266769411251259
0.512931829781258	0.436705582673168
-1.54124935161459	1.51492640222517
-0.173832089409108	0.117617618957449
0.318830730771594	0.294934297416184
-0.207334303950379	0.181733394976082
0.0344345181339225	0.0268208499823361
-0.00925498818640976	0.0066727525341639
-0.0888749350327537	0.0741119041310862
-0.207516075733724	0.181925954217484
0.0635502476166685	0.0472862518912708
0.399482601711874	0.309510248663981
-0.22446989148558	0.149358942874387
0.318576256640858	0.294567012139906
0.398881267710014	0.277076677643455
-0.686827855694164	0.508381075212563
-1.0674360593176	1.02910344958402
-0.472191797117666	0.329138834597883
1.24634786667576	1.79557747399449
0.972315207002333	1.05427229999006
-0.00838197902019954	0.00540198391606737
0.512909913035259	0.436711637663413
-0.107421035010284	0.0822340581744902
-0.119386451613774	0.0729635647159714
0.584858234011417	0.379956693850745
0.141759074541841	0.0886355107016481
-0.674686969629508	0.545493532457957
-0.0759901648345779	0.0473452882734231
-0.674794346433665	0.545531757171661
0.399644981936643	0.340756543598102
0.169644568150034	0.144196416671511
-0.981585673520559	0.891246435034977
0.0290900259567636	0.0172511793350693
0.264802209253012	0.174630751522979
-0.518933904265681	0.498860520062448
-0.0521487398762325	0.0405720200569229
-0.376250478197915	0.319939523561622
-0.583688216168588	0.556559775585765
-1.62173314412724	1.98558482732843
0.250658189413967	0.155202280541469
0.846084253304256	0.715043963385721
1.02235849674206	1.06657249003137
0.740473234131663	0.716223363511951
-0.376011104435768	0.319722607956663
0.0287978268374564	0.0170757847079828
-0.322159103419451	0.232023888318447
-0.583576043533161	0.556409517844478
0.715400384218384	0.720358404474324
0.221345109689745	0.180356892791701
-0.0757351241842837	0.0471715022586644
0.401399223520908	0.415812060223692
-0.299166221264449	0.237920103974317
-0.326152766755529	0.279856809596951
0.681180788427265	0.550311034819703
0.286356264003954	0.211592099352807
-0.981425340198277	0.891193190806152
-0.653618788410811	0.659960130384465
0.250553369184273	0.155126774488292
-1.44922643815521	1.34675809657747
-0.107517078885987	0.0823153268895267
-0.731680327042315	0.732029233294185
0.399545206485419	0.245165917378088
0.25077730949292	0.155295680303515
0.399611372399	0.309606972463002
-1.32946833469828	0.732965002131583
0.796369487963486	0.546199801059262
-0.471964074016085	0.328988442076057
0.0289825102637502	0.0171873746132031
-0.487792808417601	0.372915311409266
0.116475015422518	0.0682251413948048
-0.322098819818195	0.231927798872294
0.806759448845837	0.875386003690788
-0.11962432842317	0.0731207776275701
-0.305880813625112	0.28298307275623
0.0829489881491049	0.0646381842100399
-0.289090404130808	0.285384765765988
0.276472809533711	0.193288778932306
0.906605237626842	1.19622223296008
0.40292783221885	0.44561607510142
-0.424099147888422	0.438491335308915
-0.518825523041233	0.498855382543206
-0.348199925365281	0.320215025577011
0.39864448297339	0.276848894710108
0.0240528635275534	0.021688367467954
0.176920903869257	0.206329346570296
-0.686800933612094	0.508334523103492
-0.732021846522536	0.441299012127764
1.11265651125862	0.93768533175143
-2.54164992977452	1.7067351686568
-0.584974795759063	0.595188944889655
-1.04449272086172	0.874529546850024
-1.67000918546535	1.12155961645345
0.0616411970429332	0.0238594640581304
-0.848235856286303	0.353414829103439
-0.260436979275461	0.131458797580532
-0.104191034118389	0.0289508643830017
-0.167784410327834	0.086973154849
-1.40162875068791	1.48333726873016
-0.576956172384241	0.434247580911962
-0.0757817490053823	0.0471931902604595
0.373074051711785	0.176294168822822
-0.172058927367155	0.10311081239665
-0.568465446136222	0.350055947729783
-0.406143088696864	0.0911104868149055
-0.516877128372687	0.178641872315134
-0.719681933824323	0.76741538842748
-0.433360101876516	0.364709457252257
-0.877086102697969	0.57703082808025
0.178236240272615	0.0878720950705939
-1.35059575035503	1.18172808417882
0.250856326202682	0.155333043784006
0.0343952371933909	0.026787912536305
-1.09746070547762	1.33615088910167
-0.0441964814455275	0.0372344212268712
1.00950529939455	1.53012363899734
0.0583587733453041	0.0368674418310713
-0.701398053570187	1.12590842830021
-0.475743760534887	0.657223093356171
-0.546016490731143	0.751933282347108
0.674719205439511	0.730809985770197
0.769113165772076	1.03937670029236
0.130420751776608	0.114994929282627
-0.434736757887662	0.474802536351208
0.099109515462092	0.0903101287083185
-0.0229535503649975	0.0208428714644783
-0.267592578377229	0.248754630617215
0.0833801485674387	0.0558339503952659
0.116231147311289	0.0986005311997666
-0.202666553746549	0.190062103033122
-0.927705480870015	1.25693833075152
-0.683299755001898	0.896049890963641
-0.479792954338252	0.522470077974857
-0.585213410356869	0.595470652024335
-2.10706742962015	0.378548652882402
0.606905808623433	0.368049054219425
-0.449373191513552	0.282357849246829
-0.26554880296696	0.194126969543783
1.66391327920962	1.51538154278065
-0.048651080757578	0.0265256328711452
0.399019063877058	0.261052466805314
0.396219281155119	0.226374014114269
0.764693051385642	0.33154041613148
0.606638762526366	0.367790241599378
0.750975541614246	0.54652601352424
0.0856766271852479	0.0467288268596743
-0.234987001273209	0.137652170251728
-0.585439123248561	0.632142413742664
-1.08453830057328	1.18429735969941
-0.253106791583827	0.203429946674417
0.399558597609167	0.325296123272501
-0.766387156575993	0.663061566941855
0.250869700770155	0.155330162038453
0.141946747916864	0.0887830221731782
-0.518774887611493	0.498777366599583
0.142131685932888	0.0889044303481582
-0.414048536497746	0.321157013011237
0.0289840778068076	0.0171894330672799
-1.3294270748627	0.733061521380134
-0.889655922454482	0.757817202440817
0.250592487483807	0.155172004789474
0.211926139913565	0.113876387771514
-0.0757570437027667	0.0471897109394555
-0.877213265073092	0.577236204859608
0.39911149736699	0.261109190448986
-0.184138349574932	0.0789468767059439
0.399373389610415	0.293386976551432
-0.500117645690407	0.41594675017541
-0.674951828177522	0.545806361158126
-0.85258513378082	0.785727272580979
-0.039291406409105	0.0249159502087351
0.68102769657429	0.550378261045452
-1.0676766626128	1.02972457605802
-0.322202951136644	0.232055249653008
-0.472168616436183	0.329139563619447
-0.732192865670734	0.441473163114747
0.399535611406082	0.245209094708849
1.04409201173031	0.753962957849965
0.751013853753835	0.54655060088885
0.75092933952196	0.54630009282899
-0.173750001371629	0.117554131790799
0.178647471174659	0.0880725942603887
-0.66556275039236	0.583815130524904
-0.433270756414973	0.364627517279049
-0.5684886823218	0.350103935453231
-0.0628221950080649	0.0443306739163117
-0.298594507142582	0.237332704201119
-2.17334104145165	1.89554238845045
1.0442507952022	0.75417682170438
0.846045190403945	0.71521740606195
-0.825150817760178	0.599509934408343
-1.27053859534947	0.884788693072327
-0.167761860218221	0.0869497148664064
0.399652120253719	0.245289401469063
-1.0112418576937	1.04696151548129
-0.351695842022246	0.276327495830223
0.711902189597772	0.546539513612059
0.0858222138874829	0.0468112400675287
0.680906541731071	0.550094280150441
-0.119574033805473	0.0730722842345413
-0.449633490948602	0.282605167831363
0.399767001149478	0.245331534897525
0.617679276148387	0.573743668628902
-0.100443178122335	0.0534100513858687
-2.09930636386506	2.33135799954626
-0.314905683790335	0.180488007236133
-1.14244298789885	1.02013483694232
1.47055723564631	1.75529260023712
-0.171975261730541	0.103067661326467
0.0479668102951513	0.0242035155870716
-0.665502969254937	0.58368145739329
-0.100540405818408	0.0534632011451723
0.564160308367146	0.3894443144624
0.181486135511974	0.127750720166101
-0.00469223554792906	0.00217704265702508
-0.235145247146307	0.137839576861201
-1.52276656842253	1.22109541407879
0.0834007580904876	0.0558533041489546
0.141998448683475	0.0888256576774279
0.181531246888365	0.127776568502257
-0.665455791924621	0.583460234530752
-0.665543837243447	0.583813760351764
-0.766600557268298	0.663091087595214
-0.07855060800194	0.0606478332903995
-1.49925707458118	1.94968807487112
0.100430365311639	0.081715586772531
1.50751117972054	2.65126042399985
-0.643450107713458	0.730837742747949
-1.14861941995129	1.17189271265162
-0.822811277431059	1.02241090727615
-0.0760558825260472	0.0473699212073102
0.301610537303336	0.245886204803862
0.52227981971219	0.423783646269679
-0.674873072019471	0.545745098121915
0.0856635463965309	0.0467239502969187
0.796542286709821	0.546503907985386
0.403632537227691	0.139839884189156
-0.184617640808077	0.0791844639739394
0.0617424742393982	0.0239084459082885
0.963409078782663	0.736933842807329
-0.391481666646295	0.191384943509599
-1.220655993126	1.47051920945837
-0.217562355222036	0.161209704519002
0.740495133282409	0.71628739187994
0.399652120253719	0.245289401469063
-0.0944527482792989	0.0658028264333126
-0.47222908632192	0.329150759896568
-1.1146996213552	0.541121784175122
0.0479061058216731	0.0241734985376833
0.751955835362513	1.04302552460198
-0.967095616970178	1.06800777077185
-0.581641461786203	0.516483512630457
-0.487659615823777	0.372805015575226
-1.61854576975681	2.28246085439245
-0.939182603192083	0.73417788804236
-0.674818648861795	0.545711507796161
-1.13161168414825	0.867789638280916
-0.173791021253973	0.117590988191062
0.178661665260978	0.0880903270670572
-1.00947009883375	0.719304676003473
-1.2202641365733	1.46951638194094
0.0135561810422816	0.0100934154106383
-0.0759489641588138	0.0473161986698993
0.0851998945810882	0.0748692483031271
-0.175833021182778	0.18610883463878
-0.699247102304186	0.833511681599796
0.779744976750487	0.876220495142696
0.307583764654373	0.262111052602879
0.658516176958088	0.737886173087118
0.472218512375672	0.541622748707678
-0.152786002318586	0.153274746032216
-0.0245647266183806	0.0208007779658769
0.0136088789185696	0.0101348422654433
-0.540142445508629	0.680924669768397
-0.0521255055968315	0.0405513839356919
-0.435061220422003	0.47530147638215
-0.358270522937153	0.393506086743686
-2.94720125929596	0.646055459499367
-0.686564529117942	0.508078747495984
-0.449738456594333	0.282686420755686
-2.19255723702801	1.21048047914659
1.14990698215722	0.773998601930091
0.522413088300921	0.423900372981617
-1.1144886963805	0.541000350984738
-1.44931854075231	1.3467404647264
-0.00469225235712288	0.00217838190920594
0.250737202542004	0.155249271773575
0.750868604531952	0.54636055890442
-0.517899147573227	0.179109173088448
0.178596309255561	0.0880509577055597
0.396175686819008	0.226339115191097
0.141999791938549	0.0888227103233252
-0.499908078583982	0.415478004789202
0.333124738953948	0.343533144361896
0.042222406123397	0.0299176026870853
0.756327183474673	0.878423350453597
-0.665521819029769	0.583797970147497
-0.119359254656873	0.0729448682063679
0.178582044959992	0.0880558495915799
-0.390063176806021	0.276452098473583
0.0290354800723843	0.0172179111621941
-0.422342376725643	0.236676559474934
-0.25306100751911	0.203389159680727
-0.358180662340652	0.229488267440752
-0.235079290367841	0.137769563908639
-0.285030319307596	0.186329206529657
1.21250957982858	0.971245583613829
1.38076583374325	2.04443439533008
0.750925784738589	0.546494659096437
0.178582044959992	0.0880558495915799
1.26781571167214	1.31683026639572
0.37294067854689	0.176245525558977
-1.52269793227587	1.22083213392647
-0.235198123792551	0.137854930098844
0.0290627520003243	0.0172349600444844
-0.171998424677568	0.10308111895244
-0.686656780325162	0.508238057982816
0.712087176452811	0.546654737619279
-0.791885092082105	0.630573386077958
0.769759377767588	0.713292588042902
-0.422170319287072	0.236445552920328
-0.171961096389896	0.103053583967166
-1.06748894301712	1.02922796641989
0.91722647769723	0.88417047151083
-0.322222202454651	0.232070845187278
-0.472117260312559	0.32893234584336
-0.674765676785215	0.545649823465162
0.396132754922445	0.226326677718278
-0.224338278181341	0.149249065378193
-1.44905594683834	1.34624374924724
-1.94219445552014	1.50498311534234
-0.573214592148753	0.392266645889591
0.0856635463965309	0.0467239502969187
1.51256029730163	1.2627409392019
0.522438818491834	0.423839897341919
0.178394582455224	0.0879597751455033
0.898608533156055	0.723494902630146
-0.119598493637038	0.0731100910843556
-0.131057556847543	0.0900404611218829
-0.766335915718494	0.662959083307172
0.264695320532999	0.174570131584808
-0.0759901648345779	0.0473452882734231
0.860958668542659	1.0350695298605
0.711941293208047	0.546490151457986
-1.74047797046624	1.57445747013634
0.163499186639607	0.108735858602432
0.163521087137834	0.108760112686365
-0.235462187373492	0.138072780517714
-0.825321423367854	0.599706575982585
0.396111644177902	0.226268937832337
-0.100711867297307	0.053558502180433
-0.577026152697648	0.434341282550561
-0.078745871602922	0.0353461577361168
-0.791968693252402	0.630667165648645
-0.571345083187715	0.31223357533473
-0.576835707979372	0.43408115095225
-0.766387156575993	0.663061566941855
-0.877213265073092	0.577236204859608
-1.04479390915377	0.874944528103677
-0.167844965554481	0.0869955704368866
-1.0442948303691	0.874612671953292
-1.43534158509538	1.78672279595554
0.0186592255713432	0.0125550109024197
-0.433270756414973	0.364627517279049
-0.579233535502349	0.475321044301583
0.141972601536965	0.0888084008407711
0.0586109535655877	0.0370290854361946
-0.579208745254662	0.475111073613291
0.898444264260743	0.723439633854202
-0.0491118939546748	0.0267775844251664
-0.131040529939299	0.0900188891143428
-0.500118559427531	0.415771278001896
-0.0523304213441873	0.0407151963118366
-1.15810141023561	1.47534110389057
-0.449328790336753	0.407000668559091
-0.358351663559802	0.229777267503482
0.0584849086837611	0.0369509486462666
0.399621764926025	0.24528629890332
-0.577183574521148	0.434451128606611
-0.701862955864654	0.471051609861451
0.58488846568727	0.379922298196432
-1.51128399880157	0.927879913676698
-1.51117398792917	0.92735653097427
-0.00907866149999291	0.00298664964320787
-0.0788332563552394	0.0353882174785728
0.178661665260978	0.0880903270670572
0.399736705985783	0.245328474613378
0.972298193251018	1.05442091155917
0.0834625570280058	0.0558966024436078
-0.449559643029099	0.282553005776485
0.0288250995353104	0.017091994259572
0.852671639124429	0.546588557482098
-0.516375129736063	0.178441001382876
0.40427466411489	0.14004859743002
0.209692051578075	0.163259758441315
-0.235501547146439	0.13807177886782
-0.897517881794049	0.94030942754423
-0.686985583724795	0.508427756633545
-0.487500816684725	0.372594781225635
0.0480130451548229	0.024225429664649
0.264695320532999	0.174570131584808
-0.572740019324918	0.39165886594203
0.0479444191794637	0.0241924711034532
0.116475015422518	0.0682251413948048
-0.39008898908593	0.276452622310432
-0.253279772720086	0.203593425277565
0.307692064853816	0.262194324993452
-0.433030285558499	0.364177682386566
-0.585003763734049	0.59524216238365
-0.265503777162	0.194082390085672
-0.119651523577888	0.0731394835730531
0.0855841566218966	0.0466768866551627
0.399137671090677	0.261102471627967
-0.897627867520852	0.940215274127897
-1.03815394470453	1.64581612165082
-0.024382062775271	0.0206472483496781
-0.104197298370077	0.116763029684172
-0.152330236776964	0.152803731588754
-0.366154773813824	0.358507508251482
-0.35843571456653	0.393696364894312
-0.253220870014322	0.309502568948035
-0.0230592838935964	0.020936420304499
-0.0359981654464921	0.0347063330825072
-0.905155194486646	1.60405479354826
0.28971227504683	0.325828387322063
-0.424117368856753	0.438543527599676
-0.184505553212383	0.0791373504854963
-0.568526745642155	0.350010654970929
-0.314936050194936	0.180496880170545
-0.260643612510176	0.131525867352357
-2.38053113038207	1.46168604445156
-2.10727742655476	0.3785967871456
-0.406536039818103	0.0912270232471427
-1.1146996213552	0.541121784175122
0.399085307374028	0.261049706921744
1.04443859417144	0.754332078234377
1.34262833885246	1.01429436864152
-0.968152752066219	0.567121503023109
-0.0081408866142675	0.00267744478079309
-0.788101962939554	0.414130609919789
1.34298968142901	1.01511461811393
-0.968160264279937	0.567066206054291
-0.422449318801549	0.236728116220036
-0.285043981003217	0.18633542576247
0.711861766568871	0.546369917782611
0.0856102865405148	0.0466836802412313
-0.486754499887185	0.558569066749272
-0.0285178125935457	0.0223384937633386
0.945813111727985	1.35871222956958
-0.176811975097461	0.144652617011614
-0.115138590901731	0.095479138593416
-0.28223685747382	0.244226922956707
-0.433229306429822	0.364569367373766
0.294649024931363	0.229126736383415
0.140472430818196	0.109442099649995
-0.0652698321295735	0.0547341251489468
-0.212728154709746	0.172597522843799
0.399514090896282	0.355551983090932
0.399694263653972	0.325437950839049
0.564234976882592	0.389578962842842
-0.0489013694262602	0.0266701962197787
0.209758456177988	0.163326009705207
0.105095882566428	0.0742776265788619
0.504350812989721	0.449078774837608
0.0835937245357483	0.0559856134374031
0.181268476238753	0.127577741589605
-0.131278473770528	0.0902076171710122
-0.752733154290548	0.939441509815697
-0.0344660970915898	0.0245981409123812
0.123663343506412	0.0918889541223671
-0.322139897340277	0.231999577337031
0.693776913147562	0.725364716029639
0.196681525546273	0.145897187775546
-0.500355595102681	0.416091805275316
-0.686827855694164	0.508381075212563
-0.449820216110179	0.282733562407957
-0.665399314641328	0.583312980142903
0.234194106334154	0.135535242488063
-0.265700655996439	0.194242465070307
0.779565779789474	0.875850445485595
-0.13975781530259	0.105923749550496
0.398797581707142	0.277035673986689
-0.298946691877838	0.237766403306769
-0.389902765292212	0.276321754862654
-0.889873267452747	0.758353213221804
-0.449462493686468	0.282465667764756
-0.413623729464964	0.320676256407604
-0.298834010909191	0.237622711001143
-0.265417598331787	0.193999504196372
-0.648294281391119	0.696026321895317
-0.576882370471677	0.434180566976922
-0.285007010964892	0.186314582604357
-0.00469172861944419	0.00217379346282996
-0.848352883478491	0.353483822010577
-0.285150876711098	0.186416646333165
-0.285067287514914	0.186362204940924
-2.01814547682166	2.13739854692646
-1.35099453460357	1.18251242155464
-0.87719241026191	0.577211271023757
-0.449641252180695	0.282629245641421
-1.36888496127407	1.62788484898053
-0.00479980150253003	0.00222543899707575
-0.719783171427679	0.767608928160328
-2.54175560683081	1.70697373722889
-0.413730680333414	0.320888721656759
-0.322202951136644	0.232055249653008
-0.358588196149511	0.23002237558786
-0.282100653954366	0.244052897747946
0.0636331266694253	0.0473460503752913
-0.119518275601168	0.0730591665263058
0.10494279492139	0.0741722381789076
-0.075883242399936	0.047275522636925
0.929754330230782	1.04593441128583
-1.00958459475678	0.719552722677059
0.0853861226132395	0.0465430066156891
0.711955520499496	0.546473472346318
-0.433356843994012	0.364700151185672
0.47773659690011	0.513968160067681
1.51274755477291	1.26322709321652
0.606718156961319	0.367821304480344
-0.314974334266225	0.180517382779914
1.31601382519203	0.589391230638723
-1.00951606416	0.719470647168065
-0.314837032959884	0.180433066341452
1.05637106962915	0.549947620800554
-0.571850481296198	0.312666676322475
-2.94742201638341	0.645982057725913
-0.0081408866142675	0.00267744478079309
-0.167852880383599	0.0870058064419345
2.04751493191061	1.45235907309448
-2.81249326775805	2.16602772295298
0.264755643837087	0.174602748105253
1.11256634242361	0.937710941311817
-0.260221077891709	0.131295225553812
0.387431007706947	0.203668807909657
1.30806373276334	0.79713982138369
-0.327651793317584	0.129701357667149
-1.32935577109624	0.732691233079291
-0.579233535502349	0.475321044301583
-1.14270749319091	1.02071038229888
-0.968160264279937	0.567066206054291
-0.119439450446503	0.0730048395536886
-0.500289997067372	0.416050158083887
-0.18438336931455	0.0790808605857554
-0.568404782301551	0.350035267727637
1.24617031205853	1.14619044136978
-1.23442297805832	1.17075819927854
-0.933762781114456	0.913535369249191
-0.358443927278773	0.229868386699299
-1.08412555600902	1.18370102376939
-0.890030541555751	0.758301811363702
-1.24528851254411	1.02241091253556
0.0424610191158561	0.0300875582849645
-0.120895854272078	0.107536091816677
-0.573056252013549	0.392154337670413
0.0834625570280058	0.0558966024436078
-0.499948772006713	0.415644072437283
-0.171831111220029	0.102975093490661
-0.361167596998242	0.500300343239933
-0.586948876540019	0.876113721542595
0.472478020016798	0.541969892225685
-0.699338032135863	0.833506830796359
-0.0681214997354136	0.0652692631092631
-0.175386636692482	0.20541777248428
-0.0240907788051298	0.0203907873891359
-0.276039010379861	0.336974850800909
-0.520639116567458	0.809019306778011
-0.0887543754978377	0.0740143796508181
0.0120457330582555	0.00976773598503202
1.01119273124456	1.37580293098871
-0.788111377288474	0.414177817025583
-1.32945704925353	0.732853759751035
0.796564213761884	0.546476908211474
-0.422385450751323	0.236657506409627
-0.100524984420176	0.0534573894442428
-0.877149112430242	0.577216000555005
-0.00940109644110474	0.00309197435180766
-0.327441044350617	0.12966822779127
0.764809448292814	0.331596623912213
-0.516625938445608	0.17859542475739
-0.314966389985357	0.180495713336035
0.387135893359323	0.203431730102371
-0.848554588996423	0.353709685597233
-1.00951606416	0.719470647168065
-1.51104783979523	0.927425652792618
1.14991551077885	0.773906023057076
-0.571974814230293	0.312696668009941
-0.0790599160932567	0.0354904532922947
0.546869310078337	0.399571689674323
0.387350306201344	0.203615179010527
-0.82539514311777	0.599603262801723
0.0836592743991879	0.0560270195691225
-0.0393570556733211	0.0249591729553041
-0.242536769853409	0.211237588753164
-1.16079908555419	1.76097273219429
0.768889065799474	1.03863735337765
0.632297671558527	0.755104705350068
0.042330840524158	0.0299958982139038
-0.638876710293504	0.764273865968177
0.232300730347546	0.197757644464907
-0.120933768740912	0.107573567020667
-0.305731365889251	0.282809364281294
0.286142366491745	0.211344733670162
-1.09759752366154	1.33607729283158
0.298354393373962	0.355047328843596
1.01114902933734	1.37605247208215
-0.217324674914185	0.160994668391273
-0.107666230307005	0.0824246526313528
1.05099848530611	1.38984399907463
-0.638788368006849	0.764126122812867
-0.708878112046989	0.801077906797172
-0.868386907017763	0.967841950693089
-0.413922579675039	0.321055963873097
0.301477486770009	0.245770756270195
-0.298640703920355	0.237413176098314
-0.835227041977842	1.18621709612222
0.735516421390118	0.881387655834508
-0.746964756087618	0.69759436484439
-0.529743778903849	0.574709327768589
-0.376097638886974	0.31981980715891
-0.658767448679862	0.622135778002015
-0.568557201492344	0.350052320551455
-1.01106991729155	1.04686660568732
0.104962917704732	0.0741887431566488
0.301537774326487	0.245829002801816
0.40047260836567	0.400475947613813
-0.0393570556733211	0.0249591729553041
-0.0758201313271384	0.0472335094023848
-0.235700284358204	0.138174325981212
-0.235528417687142	0.138093242377677
-1.83911498330187	1.75945706700032
0.917438811743989	0.884725847367179
0.635522631800618	0.564955794700488
0.0835524868560745	0.0559590557469043
0.0290916091214662	0.0172506474117661
-1.09733343839638	1.33604860809438
0.0857559934226779	0.0467736506521512
-1.35108672583712	1.18241341100106
-0.00887297177040951	0.00291884997088316
-0.9676881851453	0.566449087740737
-0.939064223681972	0.734584867529678
-0.10062225280412	0.0535115969827204
-0.167776509342108	0.0869605415634023
-0.100629944992226	0.0535126365530659
-0.130995623945025	0.0899905529234292
-0.766545965442813	0.663057988239818
-0.51890503377033	0.498906888334931
0.0856504615516148	0.0467163223346054
-0.939037712077882	0.734420173128497
0.522361610077758	0.423873731893028
0.973950382173683	1.21065524506335
-2.24945661855032	2.72640386285893
-0.100711867297307	0.053558502180433
-0.217366086087978	0.161042824286404
0.10031621713678	0.0816372997431155
0.116345045748615	0.0681537780773569
-0.889789726075743	0.758188605908356
0.141997104178952	0.088805963956645
-1.94217785162884	1.50556750778932
0.042092202610873	0.0298177690884626
-1.22602184312742	1.32059127842871
1.26758773900752	1.31600493038784
0.234291393901341	0.135604455620529
-1.94226882179905	1.50505591635616
0.711955520499496	0.546473472346318
-1.04455779344299	0.874947175637136
-0.578975115762517	0.267390226446819
-0.788334455485247	0.414193392330842
-0.0786652342337771	0.0353041509350032
0.403632537227691	0.139839884189156
-0.787990233828196	0.414043933099704
-1.1144886963805	0.541000350984738
0.373176502294703	0.176346584481927
-1.40198844592816	1.05028471195047
0.264658266871447	0.174547011346903
0.387350306201344	0.203615179010527
-1.52279726164333	1.22119015236707
0.0858222138874829	0.0468112400675287
0.372593121133374	0.176024712366914
4.3409413332655	1.77184686129911
-1.35626224425971	0.474875835650706
-1.93172860518344	1.94581145577252
-0.66572975400395	0.583805458488581
-0.23566015852801	0.138147306632353
-1.81203569785462	1.31269978621735
-2.27748401085255	2.09347332745719
-0.0946321150832073	0.0659303489836642
-0.411222050821165	0.400659567402869
0.104757059111977	0.0740127202634456
0.879117085547529	1.19304510363579
0.693690246392912	0.725252132108966
-0.510574782260195	0.458219887010343
-0.58553404122298	0.632335799274837
-0.0516344115014522	0.0496388462742964
-0.26030565738161	0.303309838324771
-0.796822265783392	1.46495553754127
-0.461717800577787	0.584345130476416
-0.706991938122719	1.09239764983337
0.352001813158847	0.4450017025716
-0.486723487191682	0.558550885612831
0.632205848753916	0.75502830853933
0.053291528379985	0.0433156982524556
0.399190814322264	0.261121611043745
-3.48219873584491	0.919655084022901
1.04407762784839	0.753951679336125
0.533362264808942	0.411119416279117
0.1161634901573	0.0680366741364742
0.23392497549936	0.135326377822606
-0.825053757516349	0.59945569070679
0.178675874793748	0.0880918078933201
-0.579090117832204	0.267455039000505
-1.35610128709322	0.474818712797072
-3.87522571878201	1.20686794936312
0.0615540730712499	0.0238263165776983
0.264681545443047	0.174556420254131
-0.701771467802911	0.470856745105674
-0.358509316483428	0.229953272680103
-0.791861878249689	0.630501710651017
-0.877128198496476	0.577191008258668
-0.391611384485079	0.191440763997525
0.396198372741145	0.226294438881361
0.0617136769175722	0.0238943545769967
-0.358365131565619	0.229773349367032
-0.499863887287933	0.415499864586246
-0.674845861436495	0.545752345612659
-0.0944728873280826	0.0658199548945556
-0.585472531108187	0.632232129330537
-0.0439929907017812	0.0370692104904279
-0.752798184337357	0.939535965995986
-0.0438628142004188	0.0369546470863658
-0.276913456901422	0.289927672231994
-0.0437855548050612	0.0368908729999917
-0.524970000529164	0.537568009744887
0.182249881624512	0.161295216147335
-0.115339188234697	0.0956423730906947
0.116186948481962	0.0985509259289793
-0.342795017382941	0.356908323554435
0.0344838249714328	0.0268613912121277
0.0423743719128558	0.0300283189520027
-0.479650858996277	0.522217176228922
0.193740926069331	0.178147361496254
-0.175521015452709	0.154687651961999
-0.510508360746495	0.458157320115953
0.399482601711874	0.309510248663981
0.635629550445155	0.565048182756302
0.0118660739973593	0.00962063883942789
0.123790491689097	0.0919704846326672
-0.119651523577888	0.0731394835730531
-0.510202451666198	0.457683792866954
0.602173016759514	0.582718343048444
-0.242598255469465	0.211350814982338
-0.306014619729646	0.283081303853055
-1.08425614552937	1.18409554472181
-0.207317241538308	0.181700300291216
-0.0393981764029331	0.0249849676031559
-0.00906705676093323	0.00653787291057647
0.399764830389003	0.385260446380783
0.577188908012831	0.601970170770714
0.945859003672789	1.35871717162704
-0.348260989870027	0.320232184962603
0.769677589313058	0.713346935133066
0.301471203433606	0.245756967648076
-0.981451056118932	0.891182658817562
-0.746733131676973	0.69710344076095
0.181399908429285	0.127687118867493
-0.0944930290534367	0.0658343548273408
-0.265725247681282	0.194240756701471
-0.411227313964662	0.400655421899776
0.504444891290557	0.449006963256756
-0.573003554697925	0.392024760025173
-0.358693947004867	0.230050693313241
-0.449746215436977	0.282653986067633
-0.119518275601168	0.0730591665263058
-0.358653698911515	0.230066631527229
-1.2342793434218	1.17050598068434
-0.479630410027581	0.522253691509163
-0.253297253647567	0.203553145486106
0.0833312993184489	0.0557999793428451
0.163482266268156	0.108711541818958
-0.0523960177531987	0.0407633629686311
0.399241455715525	0.293334087412803
-0.298747443321757	0.23754082697714
1.15466426704745	1.109180653183
-0.767143212852409	0.91011665319252
-0.131057556847543	0.0900404611218829
-0.176066923789749	0.131961167821998
-0.938840717061165	0.734096925613319
0.635459381759895	0.56483017811683
-0.577123316514962	0.434435598564971
-0.57704947882514	0.434290285975212
0.602214265983302	0.582821561060711
-0.351954321284277	0.276666513577105
-0.686472291084527	0.507832764068333
1.2461626932187	1.1460589544713
0.584781816253386	0.379967818774411
-1.00953121808198	0.719538579271265
0.372817885836604	0.176161081982385
-0.391707819032516	0.191441091636894
-1.51162895510891	0.92774969099266
0.607013909009565	0.368113947865685
0.396111062600139	0.226300322457463
0.372848594408941	0.176096925377732
-2.54142632055543	1.70634447566283
1.11263885012019	0.93771101399471
0.917252398243405	0.88435030569052
0.0478598994186285	0.0241459676341155
0.0480130451548229	0.024225429664649
1.02259788627854	1.0669755162005
0.564122414641642	0.389310285120803
-0.407047340101398	0.0913266870047607
-0.825150817760178	0.599509934408343
-0.648591091262899	0.696375666236438
-2.78691954224519	3.35620014811297
0.533329532533883	0.411241844029059
0.0185468055343983	0.0124802149628198
0.0240130312891194	0.0216530167192553
-0.546074560217114	0.752043106211016
-0.0652388242130053	0.0547055922826562
-0.197959132913226	0.208995936372994
0.0744345619636155	0.0763631343103905
-0.311503750008234	0.36140596998925
-0.453456274022573	0.54763186110166
-0.0569170421384098	0.05126790711613
0.409802374782692	0.661023708902205
-0.276151176756953	0.337147171976293
0.0444924382231825	0.0507218109338629
0.284988567843515	0.31115917303217
0.502445890757691	0.749637605771085
0.9527814683151	1.51403737910579
0.464882044188141	0.580697643379057
0.460474753002132	0.605808586929947
0.328781308754763	0.327576891010194
-1.96417843831088	0.956262812874776
0.448931724883838	0.0872096407569261
0.963538022937797	0.737057787372522
1.04445280576643	0.754261634807508
-0.314913534863782	0.18049000784073
-0.44972297108106	0.282664634540686
-0.235449075529597	0.138051915791987
-0.00486435955028876	0.00225474722485634
0.387537631223081	0.203721585062821
0.0615106551227168	0.023806118014709
1.29047191149383	0.361322640689658
-0.579047233084989	0.267435837190726
0.365691013165346	0.150286033986656
-1.06780809391357	1.02957183162047
0.67150962292298	0.334766898185218
-1.63525314851119	1.39557866658653
-0.184260968187063	0.0790176636787065
-0.665628773482441	0.583859348821932
0.140205301355303	0.109163536018459
0.123703451818997	0.0919061352472411
-0.305947734652615	0.283046959576675
-0.115203716986293	0.0955315039103087
-0.175588843255166	0.154749062954924
-0.176210775370144	0.132134006481274
-0.175016412092986	0.175052054547952
-0.268045911743457	0.249115064744059
0.0120523372019187	0.00977303482538587
-0.348233186701968	0.320246520010427
-0.0071062495291996	0.00560242973203396
-0.358347721984241	0.393581865539471
1.26033553918886	1.96748051751922
0.318792031546661	0.294896898581203
0.0185670250698239	0.0124939251739128
0.644493596011397	0.746082583506221
-0.395598065654919	0.361183918928414
0.221627343780176	0.18063392665699
0.221511322296753	0.180550322648773
-0.00917765366808915	0.00661760987460806
-0.804421393055984	1.04908990380637
-0.461883371590884	0.447343661898793
-0.579277480835323	0.475228598288427
-0.322285324910253	0.232109055262902
0.0634011157485994	0.0471640144121029
-0.173750001371629	0.117554131790799
-0.235567724001161	0.138125157356038
0.250553369184273	0.155126774488292
-0.843788888771908	0.995398338733285
-0.901887182125965	1.11492831971185
0.39908123732866	0.354966308864278
1.68371886546435	2.06456038694168
-1.2343160820192	1.17039000322975
1.29781874439823	1.66301596808641
0.564062882283864	0.389336622319144
0.116284536468204	0.0681178066573984
0.806819320737317	0.875710160074575
-0.583754470465475	0.55663474641237
-0.22441533242714	0.149321786982421
0.715293602340041	0.720101173495409
-0.581641461786203	0.516483512630457
-0.322159103419451	0.232023888318447
-0.732257363679289	0.732954210068507
0.30149128697473	0.245756110929428
-0.732231280674298	0.732986033736395
0.512951075410827	0.436721582636296
-0.048928130971809	0.0266820435245928
0.490726494226836	0.473975961355747
-0.0488879942131119	0.0266619172719185
-1.23454326143282	1.17073840362308
0.756262418674951	0.877989459435211
0.181551804261509	0.127792825572201
0.963545976406489	0.737152407988497
-0.00839913680988944	0.00541197040704757
0.211994594277884	0.113897485870755
-0.825232150203982	0.599654790054676
-0.0628221950080649	0.0443306739163117
0.711968581035779	0.546565959336452
0.607079602467905	0.368102950443178
-0.31484487118018	0.180441066493249
0.372593121133374	0.176024712366914
-0.674741391027964	0.545420306406661
2.45265512874046	1.302355134432
-0.848034357080434	0.353432748047731
-0.0783967037651888	0.0351676189800405
1.3427892232866	1.01439054729322
-0.701862955864654	0.471051609861451
-0.571612713488628	0.312477898458969
0.796326504549897	0.546125168287339
-0.579047233084989	0.267435837190726
-0.791801495132781	0.63038238662287
0.178502584419716	0.0880150507571391
0.373084431673767	0.176219737848292
1.11246149016777	0.937645880867221
0.372603231471355	0.175990694219304
0.402733937014348	0.139484956672463
-0.285007010964892	0.186314582604357
-0.449649024133895	0.282626986880979
-0.571518586146758	0.312432773778368
-0.471866405691572	0.328853477360802
-0.413815629625469	0.320996865707269
-1.03368364508851	1.20013164447268
-0.131061153506705	0.0900441324975503
-0.413922579675039	0.321055963873097
-0.039201548233963	0.0248526819043768
0.387686875825049	0.203780516144307
0.0424250288085928	0.0300635275203983
0.522441885682082	0.423905445396472
-0.584872681346515	0.701681104928937
-0.657276823142006	1.0952391384263
-0.387538539522539	0.537065676057757
0.0295927793428676	0.024948964566209
-0.0360708065632259	0.0347766888825762
0.0121149656443035	0.00982316811213143
-0.175015898810695	0.174962704925243
-0.15655056406357	0.183372663185376
-0.314204575916288	0.400646672389408
0.0452344645834906	0.0461657826650097
0.285145497443562	0.311464475339131
0.0505914364635761	0.0487505383728913
-1.02142058474987	1.80168373600082
-0.0611499528596083	0.0621464857701539
0.0454596054181074	0.0397747369671385
0.0857690839630121	0.0467755813981377
0.584713362680071	0.379926319520258
0.449482770198073	0.0873321855854351
-0.422320612835452	0.236661180017005
-0.31484487118018	0.180441066493249
0.387350306201344	0.203615179010527
0.264681545443047	0.174556420254131
-1.40182403240361	1.05063874726015
-0.1843733468576	0.0790649086662853
0.852859024632958	0.546883761518186
0.399720762046032	0.245300880797733
-2.94698077954152	0.645760131429668
0.449482770198073	0.0873321855854351
0.439756163615296	0.1201634870976
0.372705457589149	0.176103244649458
-1.52270509967682	1.22064782680695
0.764693051385642	0.33154041613148
1.05637106962915	0.549947620800554
0.398881267710014	0.277076677643455
-1.94202876330122	1.5053209239681
-1.51140176261422	0.927988291760551
0.398886369625052	0.260953947356794
-1.06764935472228	1.02971956899807
-0.0521507640260601	0.0405731557966148
-0.747028489705835	0.697635563753618
-0.144509473935577	0.11908046629129
0.06366628499768	0.0473685304521114
-0.38132268553249	0.395732994742536
-0.00714434914019421	0.00563239411673468
0.123597175674719	0.0918421735221754
-0.242698282493497	0.211457535821574
-0.584823107200864	0.594784659062597
-0.638720520043525	0.763962576400208
-0.638761466629106	0.764069061623442
-1.1581231014495	1.47510843074253
0.155528294306806	0.126682623927928
0.0828823311232247	0.0645835915944979
-0.500074420317747	0.415863932501337
-0.902211601427775	1.27799218750125
-0.449135500418274	0.406727017840938
-0.120854645164834	0.107489920567861
-0.0521001067039702	0.0405183428103012
-0.107529670139853	0.0823166669794051
-0.579589984762935	0.475503009952037
-1.03392805420074	1.20014027494815
-0.658619125325339	0.621961471167152
-0.585061682979706	0.595242548572385
0.617724551709158	0.573803901808267
-0.472275442665438	0.329116339267236
-2.01806199294665	2.13846978219296
-0.686735568887376	0.508322918373419
-0.577086391382454	0.434395001497962
-0.472084972467567	0.329086525090447
0.181288988667872	0.127593957665151
-0.173917091531538	0.117682478952323
0.058232547685445	0.0367785892532176
0.937973545826912	1.20194940480869
-0.0392875369520359	0.0249088770053967
0.504502735556337	0.449284046539359
-0.107442503166344	0.0822548653414665
2.03550175387705	2.30436248769321
0.0586739420443678	0.0370658424316556
-0.285053627335216	0.186330826663221
-0.352130448708155	0.276737609650843
0.656447005613635	0.556851119320473
0.522281329542169	0.423797055534019
0.485710913369768	0.487197770356508
0.769518474277404	0.712853656962071
-0.131098870174411	0.0900513276682991
0.0836180150286238	0.0560004475283622
-1.44922643815521	1.34675809657747
-0.358469012649422	0.229853306150741
-0.321868978163757	0.231522475464488
-0.51866651343237	0.498616668350759
0.123490355899426	0.0917494452189474
-0.00829232854863562	0.00534469134583311
0.803931958623145	0.712138276644329
0.20993735901243	0.16347925726346
-0.131212887277098	0.0901629643677175
-0.212792929116759	0.172625070717654
0.512676710615349	0.436447155868463
-1.13160407322127	0.867781212342318
-1.04443849416344	0.874753778962291
-1.22052897783767	1.4706400066119
1.18706010134892	1.28228870221773
0.234299063326123	0.135610764338717
-0.0948054039220063	0.0660557529506994
-1.06749242287696	1.02918275724483
1.0442650852691	0.754232399790507
0.387699641114235	0.203810552040452
0.680967123732398	0.550257340688247
0.128975937783999	0.0572771124689474
0.37294067854689	0.176245525558977
-1.1145954954322	0.541089063658969
-0.967800698735012	0.566773743831677
-0.327440212159224	0.129629361099382
0.372950968880263	0.176251163954604
0.402989430804172	0.139588222045671
-0.877169937096785	0.577203324418684
0.0479444191794637	0.0241924711034532
0.584781816253386	0.379967818774411
0.546961719451806	0.399642103935353
-0.407047340101398	0.0913266870047607
-0.572805791598882	0.391789815277208
-0.391853443568366	0.191488183817347
0.0583587733453041	0.0368674418310713
-0.686906702044741	0.508417242046547
0.250579140813568	0.1551468753094
-0.351999257094013	0.276678564414808
-0.0394884245435511	0.0250431843018384
-0.56851911765476	0.350145609039403
-0.449649024133895	0.282626986880979
-0.957888851136687	1.23796718903311
1.68623560964488	3.89376345645855
-0.844048998259988	0.995747228720074
-0.174524128957769	0.164244238298811
-0.854089053366795	1.16189719280498
0.279659302240486	0.296208724784815
-0.585319859529066	0.667458265940929
-0.149443909525978	0.141191532444454
-0.42409655524098	0.438530625505717
-1.00851173781882	1.65984027813208
-0.174952644008963	0.164712646019539
-0.024150680610839	0.0204437154510111
0.528213885969831	0.68255381111209
-0.308047238568129	0.321583946539631
-0.132019413667018	0.132862595467922
0.0991267607546659	0.0903374157137591
0.111943319996337	0.105621856571385
0.123068588472073	0.120033537090725
0.62425973786992	0.944912793527082
-0.53977726653455	0.680547977416116
-0.256389526573598	0.254050921496341
0.0532455135936999	0.0432728536014396
-0.852456218495276	0.785740006128746
-0.952244254371164	0.272799090918146
0.178394582455224	0.0879597751455033
-0.889813078580762	0.758273976852272
-0.389904182000159	0.276324804610237
0.0857298001699369	0.0467611300263588
0.972380876003831	1.05477624341821
-1.12692027910398	0.723978664203291
-1.00951606416	0.719470647168065
0.365796592364056	0.150347828566248
-1.32941565093715	0.732799399043906
-0.449730708473686	0.282688698372418
-0.0047138086914673	0.00218770251866513
-0.00477816764385727	0.00221449009969904
0.211865671605164	0.113835246684773
-0.0489147483452937	0.0266769411251259
-0.571969057025845	0.312725884763733
-1.14262392140449	1.02071657436321
-0.395663406989814	0.361290176411202
0.55134535853715	0.635609433994092
-0.348243923224651	0.32023172341103
-0.967314819660562	1.06822947521946
-0.581793052068323	0.516564135047131
0.196554057121094	0.145763370635382
-0.390007372466316	0.276272476807998
-0.433336122325977	0.364703762729005
0.0857428988252296	0.0467687674262433
-0.298972855797397	0.237791115055507
-0.224229156975004	0.149175752312636
-0.51902087780811	0.498946855443951
-0.413749655700827	0.320852161674534
-0.260343515581359	0.131418537401997
-0.897126277698384	0.939502079698032
-0.500248816324381	0.416075405525705
-0.413667749602042	0.320793872973594
-0.576979499479811	0.434315794257747
-0.472061788963516	0.329033357464412
-0.358667111251907	0.23008064430689
-0.144386123431088	0.118964266154359
-0.284993363742646	0.186275029087059
-0.0762233851005713	0.0474758050866129
1.09688625238475	1.40778530300766
1.04427939074659	0.754117796960099
-0.93390722512754	0.913789457162529
-0.70190117287605	0.471095771394012
1.26771768986517	1.31674662495615
-0.0788332563552394	0.0353882174785728
1.02251909106781	1.06703055372121
0.769729112390332	0.713290552810038
-0.131188573518199	0.0901445086009192
0.656285226223935	0.556752931738205
0.497169847328083	0.46170089558252
-0.933888438208591	0.913869462420194
0.929684580016654	1.0459429370416
0.12348686169197	0.0917573670050925
-0.0758201313271384	0.0472335094023848
-0.131123053864947	0.0900940267751824
-0.87699966280205	0.576773649682754
-0.131126705677178	0.0900946303692759
-0.658619125325339	0.621961471167152
-0.176811975097461	0.144652617011614
0.163669198809145	0.108853324515277
-1.0676237647284	1.02968638703922
-0.487608320482119	0.37274814708529
-0.746711024809162	0.697032537751397
0.0290627520003243	0.0172349600444844
0.399335484798064	0.340383416688743
-0.253101716540296	0.203415792054854
0.5469750709594	0.399657450057087
-1.52244384151987	2.53175951018341
-0.0759051448786092	0.0472913722500453
0.209732425506551	0.163262591155605
-0.486619927254043	0.558351829344739
-0.351585548663513	0.276216169984739
0.399032143012627	0.261073229564847
-1.06764935472228	1.02971956899807
0.399698378494952	0.245331839655781
-0.00655651078964978	0.00365922616789442
0.96343137288018	0.736917816316698
0.365795112101605	0.150283865833125
-0.184495602328439	0.0791280415311326
-0.422342376725643	0.236676559474934
0.898346864870289	0.72334506195932
0.928655092758678	0.545035913914066
-0.391732523448923	0.191484277454062
0.211926139913565	0.113876387771514
0.750640427480989	0.545992606068971
-1.4016797737645	1.48399127391196
0.178488280870952	0.0880114930246788
-0.235382896302948	0.138024912443037
0.0858353222994158	0.0468161299105287
-1.1144886963805	0.541000350984738
-0.413856609751681	0.32103831463558
-1.14276782971979	1.02075219205701
-0.571862109960018	0.31258660103728
-0.285030319307596	0.186329206529657
0.0855177827123777	0.0466323453857927
-0.487661253003712	0.372817824928706
-0.422342376725643	0.236676559474934
-0.449707528503676	0.28249544727197
0.546645238199597	0.399353614216114
-0.801742222533774	0.848030929183181
-0.0395541441011701	0.025083993257901
-0.577099994021257	0.434404359083589
-2.06202987534165	1.69822917351249
-0.674714181318261	0.545486301742271
-0.25314518634837	0.203447879773994
-0.256206537643487	0.253805656688212
-0.295084740828704	0.325685613252943
-0.197691418097647	0.208620039371373
0.279719162752085	0.296284676866444
-0.300771725438157	0.366727336842517
0.111714047325392	0.105403423500982
-0.174952644008963	0.164712646019539
-0.0763755340559505	0.0685152076435264
-0.411327437354154	0.400804824466713
0.632141118800763	0.754847544131532
-0.493077071797865	0.594407430203836
-0.492971668948657	0.59417610643741
-0.486761499219435	0.558573535031886
-0.104051405132083	0.11659502464947
-0.276653687126745	0.289642524484248
-0.423987108701849	0.4383086096946
-0.977656484012771	1.38016258055009
-0.305885980506993	0.282958749947404
0.116496446455793	0.098834029332993
-0.233498759376412	0.218083813470307
-0.406558627579776	0.468667743690928
0.294407038695227	0.22887334771293
-0.406536039818103	0.0912270232471427
-0.35184393948654	0.276566025269648
-0.139743235874131	0.105939373673095
1.05104241673462	1.38971047186242
-0.265721215652657	0.194247194772182
-0.171816972074702	0.102965328684015
-0.351864597228269	0.276566926076183
-0.00835779426278159	0.00538654948419021
-0.100734904473534	0.0535427688744678
-0.167677774336158	0.0868939558902765
-0.17589938277555	0.131887732440733
-0.939222282586451	0.734669327956872
-0.577016417499633	0.434301298369839
-0.57685903938328	0.434149334010838
-0.094605844788756	0.0659202457636271
-0.63159325181956	0.829895501589517
-0.247796810638366	0.260068321292599
-0.172012606087547	0.103077547099404
-0.579318494558417	0.475379314562234
-0.579422604835936	0.475506520812133
-0.518659368677558	0.498529439273371
-0.85258218567443	0.785881930049397
-0.217583036604374	0.161222023874358
-0.85258218567443	0.785881930049397
-0.938827414231148	0.734169359590649
-0.167647468271265	0.0868700825002316
0.181592903597219	0.127808502828107
0.181268476238753	0.127577741589605
-1.32930273991253	0.732898294853153
0.129098587708665	0.0573264026873503
0.12874862606073	0.0571671158579758
0.606732450583422	0.367923078259537
-0.00477832280722481	0.00221735527016294
-0.173561165284276	0.11736721447708
-0.376143684377995	0.319851962038645
-1.23432611419435	1.17045430231733
-0.119279063930376	0.0728769782972785
-0.094565597638795	0.0658831806182571
-0.732192865670734	0.441473163114747
0.764603041122565	0.331368587604412
-0.471843212655667	0.328827257946704
1.61931665140074	1.66854033005425
-0.0790537403452703	0.0354772309593478
-0.00473520578037929	0.00219591531042473
-0.100524984420176	0.0534573894442428
0.522278309566524	0.42364918240672
-0.253147483103661	0.203475468702817
0.56718399755062	0.612557914510361
-0.144481318632891	0.119066240651222
-0.449925186703134	0.282727938805913
0.740517027836407	0.716317009145669
0.286479743931269	0.211687013027323
-0.487794425801085	0.372902959991203
-1.04454424783783	0.875037302287801
0.399241455715525	0.293334087412803
-0.52504192128017	0.537692093855465
-0.224389641716655	0.149312226642465
0.279704981136765	0.296273719551623
-0.390037371011563	0.276419788363124
-0.500183219270712	0.41601862452228
-0.173856947437217	0.11761702585386
0.512953741925571	0.436677869543888
-0.449902085367847	0.282738693009958
-1.22614753633784	1.32065141892179
-0.449420320191667	0.407086076013793
-0.173958225918879	0.117700871705319
0.545099295653444	0.647964865514188
0.632274700498546	0.755133457136124
-0.144270176470674	0.118864750967566
-0.175812852150283	0.13179959045834
-0.686643295235763	0.50818911175335
-0.486830525705696	0.55863943610955
-0.581534663169211	0.516361215772892
-0.981426852638673	0.890960687427876
0.588528638842681	0.59164199609134
-1.04416497325109	0.874044170634651
-0.747006414651001	0.697678094612967
0.750925784738589	0.546494659096437
0.522281329542169	0.423797055534019
0.399459997875481	0.245109493784926
0.250763944228594	0.155289556810608
0.0856766271852479	0.0467288268596743
0.116353991523378	0.0681564763741826
-0.472205907833513	0.329124538961589
-0.00790316073820181	0.00509322427851863
0.116466036447424	0.0682152914594682
0.769045458567928	1.03921215750302
-0.825224295078979	0.599634201404957
0.0616264557748945	0.0238611614751663
-1.35610128709322	0.474818712797072
-0.500117645690407	0.41594675017541
-0.433556458291143	0.364826229440764
0.485617074300918	0.487014442380747
0.104962917704732	0.0741887431566488
-0.0488746227041933	0.0266519956042316
-0.0344371294284795	0.02457723815728
-0.746943588893125	0.697581345058754
-0.573082641337609	0.392110428954273
-0.326188804154412	0.279936145025404
-1.11459571417205	0.540895302433044
-0.517513875524486	0.178911161319999
-1.12714451863863	0.72393034465297
-0.305669615445693	0.28268772483401
-0.235316786021102	0.137981180349472
-0.326022623784414	0.279681425353928
-0.486643965058458	0.558374722781449
-0.276839403576143	0.289929604901355
0.518817682181255	0.704923831276731
-0.135806227412176	0.144430561314188
0.304823202055449	0.382285842930475
-0.783212332998339	0.87962044583674
0.399588083058833	0.385010744640093
0.469742301650609	0.555156685643399
-0.406449994809284	0.468434440484092
0.674668462392587	0.730690182053905
-0.139858728273728	0.10599592516791
-0.433315405412224	0.36468529227267
-0.120847288245398	0.135339380320536
-0.0650832992085447	0.0545603681985408
0.0242557698518046	0.0218715238967667
-0.417640411316746	0.50543152395548
-0.358407478222541	0.393683353112299
0.813309947447395	1.19218440934587
-0.638781898124603	0.764031765054324
0.251333926928551	0.231871783363614
0.0291975433316297	0.0173109735515552
-0.721000064164557	1.02838206359805
-0.0345166891399515	0.0246353687525861
-0.0627375529582938	0.0442656618107091
0.0185726811502285	0.0124959643994988
-0.305991591972231	0.283041778958234
-0.267592578377229	0.248754630617215
0.276528860013888	0.193418045680985
0.0185872421154951	0.0125071736730892
-0.766993886576604	0.910025852670551
-0.253127136174988	0.203457367020829
-0.389851199294465	0.276258673020716
-0.472038605251935	0.328947274704694
-1.24518353573094	1.02226916355506
-0.576979499479811	0.434315794257747
0.735781685207039	0.882220466103133
-0.573293818099177	0.392293154873551
-0.184015513226068	0.0788607673279332
-0.422449318801549	0.236728116220036
-0.472108155766521	0.32911275292109
-0.70190117287605	0.471095771394012
0.0478981651999103	0.0241685434406286
-0.167647468271265	0.0868700825002316
0.0618149550089233	0.0239347187925616
-1.35579670478113	0.474613983393002
1.30817931439108	0.797679491776654
-0.568359194129955	0.349774608538948
-0.0759682684831344	0.0473317038327201
0.750828254194413	0.546393815900103
0.963538022937797	0.737057787372522
-0.579047233084989	0.267435837190726
-1.94195398850836	1.50504650455264
-0.327335550717987	0.129625546394617
0.449482770198073	0.0873321855854351
-0.391724305318784	0.191524028484181
-0.825053757516349	0.59945569070679
-0.877063949356056	0.577066528922155
-0.139772117374668	0.105960867449711
0.973956398523064	1.2106178759998
0.264876264531161	0.174632161506993
0.399469015900662	0.340575435973702
1.01575750762248	1.22334718530484
-0.576919265114257	0.434242823481618
-1.23432611419435	1.17045430231733
0.163521087137834	0.108760112686365
-0.224521297838947	0.14936884519564
-0.175858886558173	0.131837800502943
0.264732361595383	0.174574594918419
-0.314837032959884	0.180433066341452
0.512761756487038	0.436576039484465
1.03218127253685	0.911052508375353
-1.14870428960968	1.17217190386863
0.0856102865405148	0.0466836802412313
0.396219281155119	0.226374014114269
-1.06748894301712	1.02922796641989
-0.98145256366974	0.891200517436491
-0.406878189304124	0.469071309630735
-0.486719989045736	0.558542704073347
-0.131561602667889	0.0903709055458641
-1.49914498631098	1.94946746245339
0.116295953547251	0.09866707543367
-0.348022819481374	0.319950169199337
-0.653206027118313	0.659260258654703
-0.224309396879475	0.149251198329982
0.65639133079792	0.556763346406444
-0.173791021253973	0.117590988191062
0.196640192867553	0.145850329153101
0.276795375061017	0.193600610596379
-0.731726395119122	0.732205020994567
0.853127837722916	0.547021736367706
-0.0760533009637857	0.0473839636800134
0.0586357498318336	0.0370410439031488
-0.0760533009637857	0.0473839636800134
0.116489195276326	0.068231887094166
-0.235435967724642	0.138018567539765
-0.253320448026792	0.203599930830847
-0.686762524177882	0.508259419397331
-0.173731030841636	0.117508339970507
-0.571618661584741	0.312525279780433
-0.260486639341066	0.131500765009026
-0.413897638138578	0.321047365091402
-1.14286529547378	1.0207869603234
-0.100532689740455	0.0534621458761021
-0.665603729990943	0.58376226588378
-0.389904182000159	0.276324804610237
-0.107630746785315	0.0823991627726796
0.617831314876769	0.573883835497939
-0.212720779833938	0.172588691151125
0.30772345489137	0.262198892840862
0.584751571128831	0.379962887188801
-0.933992156297381	0.914003033691674
-2.17324807733273	1.89533058210915
-0.184260968187063	0.0790176636787065
-0.184627520138321	0.0791861460962011
0.396240348787542	0.226360026749263
-0.260436979275461	0.131458797580532
-0.32624655070662	0.279951520924789
-0.824297613110003	0.81669058255381
-0.0760930190563631	0.0681906659869785
-0.848600212566815	1.86131355822437
-0.248145654670088	0.260566674479186
0.510076199810193	0.727142127460231
-0.406786891638952	0.469006869287696
-0.289220624188451	0.285552850374068
-0.175405927550633	0.154565767241377
-0.115276577527586	0.0955956909233456
-1.31352960918972	2.599709402417
-0.417583268569828	0.50534172568217
-0.176745445455702	0.144596744730324
0.169616437442566	0.144173830070744
-0.339672586853252	0.432683428830243
-0.00672101849978944	0.00571788629092877
-0.358361827658197	0.393632827503169
-0.149475385894762	0.141219427089201
-0.176052217468941	0.132023277324591
-0.901776635245399	1.11431635612156
-0.407047340101398	0.0913266870047607
-0.487714193016348	0.372872010913352
0.123458078786281	0.0917309319304603
-0.175925190312393	0.131899525865189
-0.176297359797755	0.132197493425425
-0.0758447695181661	0.047238971909493
0.196636680755958	0.145858043549155
-0.131209206012435	0.090152528455956
-0.18438336931455	0.0790808605857554
-0.131257877742246	0.0901868459905425
-0.139822767383323	0.105999705204428
-0.433487620362484	0.364815464107277
-0.265462605780049	0.194040861809736
-0.825135049387965	0.599550836734038
-0.581644939261582	0.51644821839779
-0.063053823297424	0.0444903233801767
1.05123709223944	1.38936733737073
-1.00950807744836	0.71906994013096
0.485551742085543	0.486961752527695
1.61939112240943	1.66855830403856
0.0290113532844415	0.0172048544907705
-1.62739336054495	1.68703837138255
-0.674820100668733	0.545683412508346
-1.00952368242225	0.719592912783372
-0.579090117832204	0.267455039000505
-1.12690984914405	0.723594191723434
0.128862234571198	0.0572251923644326
-1.27066180837054	0.885025373031595
-0.00917765366808915	0.00661760987460806
0.631924054382468	0.352475981362613
-0.119572665333446	0.0730925935206141
0.853008292739814	0.546628030187236
-1.63526048784184	1.39569625082924
-0.701862955864654	0.471051609861451
0.632519911460974	0.352775239077962
-1.83936393226721	1.75969644020423
0.211956415974128	0.113885749261243
-0.285053627335216	0.186330826663221
0.602188118792115	0.582715701476752
-0.094625972357169	0.0659346382070736
0.0288523742823862	0.0171074128794536
-0.351668280275167	0.276315219257505
1.29786408703858	1.66300682995499
-0.107319973536824	0.0821376714710675
-0.791871143337214	0.630390709467059
-0.1738760053631	0.117653995479651
-0.674792889721164	0.545690657241514
-0.583795009785311	0.55671016997845
-0.583887026176519	0.556730295248639
-1.74073522297658	1.57544128714462
1.28495305115064	1.4897286396594
0.681246757035597	0.550415978264737
0.0290386308033832	0.0172194422525343
-0.0758667129009182	0.0472439020645898
-0.1310782110385	0.0900485028540653
-0.31487529078185	0.180469531977314
0.399579085160327	0.325279607888137
-0.949098751347252	1.39794423411131
-0.305770032248113	0.282864768347282
-0.0759682684831344	0.0473317038327201
0.0424610191158561	0.0300875582849645
-0.394564906678559	0.432251222618305
-0.326268325380026	0.279999349859245
0.294538374539166	0.229025751018913
-0.579189609217717	0.475255109814496
0.141944077139845	0.0887738399296703
-0.573240926487898	0.392222681911879
0.399189710758493	0.29319633856664
1.21242292633537	0.971216031525722
0.796455763646197	0.546406595576815
-0.792103503205385	0.630676821498528
-0.939169734691957	0.734302350012981
-0.422513615603326	0.236692024525798
0.163479839725159	0.108734620174476
-0.0489013694262602	0.0266701962197787
-0.433250029043962	0.364609037248794
0.715728555879661	0.720373180607765
0.276743950601133	0.193525720679405
0.584675168308242	0.379860425930649
-0.788222961863263	0.414264406349458
-0.699113975136402	0.833150402131769
-0.348238574854348	0.320251230294046
0.276581864658763	0.193470468193327
-0.358272890350363	0.229662774790443
0.0836628725934424	0.0560226131456822
-0.281970556316618	0.243885992367486
-0.822734058875889	1.02256539831459
0.601967748210776	0.582227670247088
0.264825492432616	0.174630569124582
1.58595905822533	1.8241461318931
-0.167761860218221	0.0869497148664064
-1.94202876330122	1.5053209239681
-0.0786392714965295	0.0352944119780959
-0.184495602328439	0.0791280415311326
-0.184281103316787	0.0790017697997445
-0.0081408866142675	0.00267744478079309
0.128853508420719	0.0572225471771537
-0.848554588996423	0.353709685597233
0.00652143843154211	0.00605018639664424
-0.0973735745207012	0.0869591998150874
-0.627290104613328	0.897833949574482
0.298120377816453	0.354691624000177
-0.00641443575217083	0.00545673019906016
-0.775361070412277	1.10373697196638
-0.126503536107891	0.119949291462384
-0.267405723787139	0.295785142201691
-0.267636846146114	0.248809209016255
-0.00895096810913441	0.00645216256216263
0.221489572947179	0.180508512318993
-0.638805614499401	0.764123098255853
-0.729901109738607	0.998135843430158
-0.311844783807557	0.361897656499563
-0.77517507593196	1.10368797099451
-0.233477263162915	0.218056306639535
-0.433229306429822	0.364569367373766
-0.406929606498836	0.0912995639757081
-0.224362360916797	0.149289333907045
0.399513946292853	0.340655839915033
-1.14262392140449	1.02071657436321
0.693696586515132	0.72506390916025
0.196529873557019	0.145764896324745
-0.0393365030093654	0.0249446561305499
-0.173812992051245	0.117606196781948
1.34290899621575	1.01496515257567
-0.848034357080434	0.353432748047731
-0.434946902565202	0.475165626928753
-0.581469232011708	0.51625422905222
-0.766359856860222	0.662954716710527
-2.17327909245359	1.89551544980822
-0.253106791583827	0.203429946674417
-1.14882680437047	1.17229498244905
-0.173558094604023	0.117371743278771
-0.568572097465517	0.350153102769924
-0.665647710595455	0.58393081140269
1.18695390719601	1.28179266602802
-0.701939376185849	0.471077472243728
-0.235449075529597	0.138051915791987
-0.500162625347248	0.415988532677424
-0.265503777162	0.194082390085672
-1.35092907110827	1.18241295811439
-0.568541766074588	0.350174119857092
-0.314883095294388	0.18046152778602
-1.4017773665289	1.0501317165505
-5.31159209807022	3.42682726072569
-0.783219704423789	0.8794291957937
-0.665458907197563	0.583697557335818
0.100225348440756	0.0815551332620378
0.0479061058216731	0.0241734985376833
0.0856504615516148	0.0467163223346054
-0.788213600919535	0.414059767247702
-1.62734649772208	1.68686674297458
0.398952751279318	0.261019310889639
-0.792029090058758	0.630725452876737
-0.260515813735499	0.131513276350311
-1.12714961438317	0.724193919652426
0.116186636806352	0.0680532515196002
0.209778651025218	0.16333088864056
0.234194106334154	0.135535242488063
-0.487741478563822	0.37286372866831
-0.933929260638794	0.913928254492498
-0.224442612976316	0.149344680362211
-0.0396362712573953	0.0251307171512248
-0.389876979031048	0.276305805054114
0.0184400211106945	0.0124062591472949
-0.0975453643459621	0.0871326664240543
-0.119839178096361	0.0732183936289288
0.3132772866988	0.27840878870001
-1.0841908394185	1.1839217961835
0.116261385167052	0.0680970995288913
1.58597338133133	1.82445401574496
0.564488688995179	0.389636352486356
-0.674950398155304	0.545668052412575
-0.518738876733916	0.498713230147624
0.285025521242428	0.311256535959983
0.0828157114844378	0.0645223435952168
0.155721600850576	0.12687834443863
-0.173939041290908	0.117697673411669
0.735638044106412	0.881960695370533
0.497262814943253	0.461803697327511
-0.472168616436183	0.329139563619447
-0.171937931217338	0.103046922596437
-2.55454797989024	2.71366939226427
0.141946747916864	0.0887830221731782
-0.235449075529597	0.138051915791987
-0.167814701890377	0.0869867978736486
0.917251141488071	0.884244559525744
-0.571451727153102	0.312241828107421
-0.224335078077715	0.149257804118276
-0.00657979808016496	0.00367176203867503
0.504679049136557	0.449416783278785
0.178408925233274	0.0879707492156317
1.5859678430874	1.82280284831542
-0.391837132279878	0.191577190293029
-0.581424526032711	0.516161570285502
-0.390114807819192	0.276421888909125
-0.510375567212001	0.457986246773188
-0.39008898908593	0.276452622310432
-0.801915201261052	0.847943445022845
0.644371936716052	0.745836605953634
0.0288765481797219	0.017124337713658
0.29480077584406	0.229215312049055
0.546869310078337	0.399571689674323
-0.674951828177522	0.545806361158126
0.601974708469994	0.582313201123043
0.0586548875170673	0.0370575773011633
0.852871940568314	0.546825607663817
-0.568442908073705	0.35011647403505
1.04410641108733	0.753698616012232
2.45289796815027	1.30259958813912
-1.1145954954322	0.541089063658969
0.128739954381237	0.0571706971446716
-0.00866762541139504	0.00285038216826518
0.765015511027073	0.33174094912973
-0.422406829788458	0.236695706877833
-1.32042587886447	1.32471548991879
-0.154879162339246	0.164242859262924
0.644349506520906	1.30632162046038
-0.627663984097248	0.898519816877767
-0.196706592643293	0.219099746466199
-0.0861582612681586	0.082280738752013
-0.00732374549701143	0.00577248836438031
-0.326829946510774	0.397831129912299
-0.198057028396444	0.209121869618611
0.892804032587228	1.03901966384072
-0.8976039643065	0.940339593994941
-0.89734276186661	0.940076957017963
-0.747206516876125	0.697606693308467
-0.453795972643153	0.548036454737286
-0.461840482312153	0.447287279446146
-0.585361513657798	0.667607573060254
-0.444694858621179	0.511548258289009
-0.174615478359449	0.1643641630618
-0.747157702338637	0.697755670727159
0.399565232217591	0.309557765449655
0.14049407117943	0.109449884206476
-1.55184479325603	1.81401050552765
-0.82436308791146	0.816694713454337
-0.048928130971809	0.0266820435245928
0.512907197881983	0.436629773522656
0.365902525614416	0.150379543777498
0.128626494876668	0.0571126960744007
0.44905816517692	0.0872417415102285
-0.276905489101081	0.289931510165057
-0.577109715356513	0.434343995222223
0.0584657231335231	0.036938288303298
-0.253279772720086	0.203593425277565
-0.52504192128017	0.537692093855465
-0.471843212655667	0.328827257946704
-1.83896553090373	1.75820491186361
0.490646966265987	0.473802742500122
-0.0629455007873381	0.0444126236979239
-0.253213620404046	0.203537478611947
-0.224283721636834	0.149230159915673
0.301757500666492	0.245985982627056
0.104783446264362	0.0740499896731453
-0.315111859427313	0.180511634917365
0.974190120823396	1.2109729004257
-0.253376761366751	0.203620625685996
-0.792066289731086	0.630748823283636
-1.24511065089149	1.02221469041217
-0.702000315358475	0.471069360153076
-0.897624707787312	0.940271048783134
-0.487581032377036	0.372727958048912
-0.690465578751265	0.864290605369675
-0.967029316965541	1.06786460606963
-0.366197165927614	0.358650356516907
-0.267733230125316	0.248936346162812
-0.518579864571143	0.498294025965311
-0.0626256680063536	0.0441727442420831
-0.579170559296308	0.475220785916367
0.845794375808675	0.714954580622306
0.264621200685865	0.174506228380541
-0.167754090883061	0.0869546539632337
0.0479285507635982	0.0241829353640545
0.963507761145778	0.737129368422307
0.178315331624704	0.0879190895682354
-0.674792889721164	0.545690657241514
0.0344788534230934	0.0268556024563755
-0.731965786857973	0.732716523926003
-0.32230722459072	0.232131766985263
-0.825232150203982	0.599654790054676
-0.285053627335216	0.186330826663221
-0.791945482047303	0.630661225316363
-0.766334235224492	0.663007552598854
-0.298860101022677	0.237688026429349
0.0187401524681078	0.0126089941467401
-0.253147483103661	0.203475468702817
-0.699183717641439	0.833071128246956
-0.226699539553403	0.225360577555515
1.17353710365917	1.5985614056659
-0.321824980467196	0.231556962665593
-0.824211481181239	0.816576302309726
-0.835293048458531	1.18666662789196
-0.107580208916157	0.0823590013991479
-1.4490049653761	1.346084984323
-0.0759051448786092	0.0472913722500453
0.221634409716795	0.180666836299257
0.762797008395347	1.19691453230001
0.403789648580709	0.513975570087
-0.358161775849201	0.393367238017809
-0.966917012932338	1.0674734320829
0.874670173944602	0.879514467652847
-0.524970000529164	0.537568009744887
0.65856678330867	0.737991575978627
0.234306721965948	0.135608476227016
-1.08423540308357	1.18403381258987
-0.98147828122109	0.89128782209467
-0.571518586146758	0.312432773778368
-0.422277886081322	0.236628606264027
-0.00490723824214601	0.00227607344204021
-0.00467057234517247	0.00216620810420213
0.0617712952826897	0.0239168790122259
-0.422427233635055	0.236672878482993
0.750918451769797	0.546500400749536
0.0478757935477757	0.0241566119386645
-0.358705874706347	0.230028410567358
-0.358640290259768	0.230034639766072
-0.47183084999615	0.485762347524721
-0.9576832582313	1.23809004308569
-0.634948128963047	0.797273144851552
-0.265459125028156	0.194020144001008
-0.702000315358475	0.471069360153076
-0.500293865375713	0.416087006797925
0.250724950671121	0.155232778584426
-1.2343160820192	1.17039000322975
0.0835524868560745	0.0559590557469043
-1.10650756977054	1.4837170542733
0.163479839725159	0.108734620174476
0.917464699928961	0.884630729150845
0.196529873557019	0.145764896324745
-0.314776207125623	0.180364724263437
-1.13147421927421	0.867563171264953
-0.579119326010413	0.267387068020036
0.178488280870952	0.0880114930246788
0.396176409966509	0.226325721913052
-0.00469223554792906	0.00217704265702508
-0.00462762409852259	0.00214716140244468
-0.824794537156804	0.598798238088823
0.0290627520003243	0.0172349600444844
-0.76630861954926	0.662972643880192
-0.699200512200604	0.833451751970731
-0.242714202617453	0.211469252662795
-0.358365131565619	0.229773349367032
-0.389955764282231	0.276364109155234
0.512761756487038	0.436576039484465
-1.14899667515834	1.17281384342028
0.053325811752799	0.043344607396408
-0.444434950562267	0.51110334136361
0.183999078119344	0.192363195638604
0.403080205199383	0.445820647567166
0.0202116697614349	0.0193704674598916
-0.300506447457103	0.366398315898848
-0.510600917178883	0.458201468096791
-0.346130394611159	0.499107374963443
-0.587113876175529	0.910313932444413
-0.267348773296461	0.295691430529295
-0.411471489175814	0.400905853531453
-0.701862955864654	0.471051609861451
0.0616264557748945	0.0238611614751663
-0.517513875524486	0.178911161319999
1.59470739222458	0.85474153603705
0.128853508420719	0.0572225471771537
-3.48199261945285	0.919202577093156
-2.10706742962015	0.378548652882402
-2.10706742962015	0.378548652882402
-0.17556522105828	0.154732315930289
-0.471730478245188	0.48565833869308
0.259713091028121	0.248640845402913
-0.289373045734358	0.285717838578257
-0.411155293829298	0.400525395664368
-0.267793111748567	0.248959997215845
-0.395713988074969	0.361346996916854
-0.325638177643276	0.320305491288075
-0.0522395880339394	0.0406461520882526
-0.740327315315074	0.968511631090407
0.323909793186368	0.311196378409277
-0.115297476412504	0.095616948514288
-0.233472298624916	0.218069427105376
0.0423597389405889	0.0300145920954188
-0.579441835667838	0.475465032240189
-0.376189761444711	0.319857102948875
-0.00840262799863025	0.0054152268864909
0.0584026231420108	0.0368958685761365
-0.314943947858019	0.180508496860338
-1.299277607019	1.47254555813649
0.399427529686834	0.355501012739803
0.123515650223371	0.0917803540039835
0.169544812374686	0.144099691522015
0.286627746217097	0.211766247959133
-0.852560224930624	0.785763063942108
-0.171747460792849	0.102905455652846
0.39954580672875	0.309586780212896
-0.719775997079116	0.767444953286425
-0.175766849573535	0.131750546526914
-0.299039335555122	0.237842953860494
-0.413881644898003	0.320941666341767
-0.573069444667283	0.392154228921532
-0.658488520418359	0.621677137681089
-0.577016417499633	0.434301298369839
-0.413796713408527	0.320906444984613
-0.284970053545889	0.186273402942853
-0.131278473770528	0.0902076171710122
-0.176337785534195	0.132223951721488
-0.11938505528066	0.0729634588982928
-0.1718633119952	0.102970008030611
-1.01090013242667	1.04618666193125
-0.648583481465555	0.696530628409834
0.232118420869378	0.197580096070396
0.221641519655241	0.180666331678671
-0.352040492772184	0.276727993449681
0.013858690716546	0.0103187349927961
-0.175361732150172	0.15451044350865
-0.0523960177531987	0.0407633629686311
-0.051282857394787	0.0492755412881485
0.644510358837176	0.746060970486816
-1.22040196048235	1.46900727754042
-0.265873105265457	0.194311772531314
0.533176107057406	0.410896030755678
0.116458258576565	0.0987980709872329
-0.0889561678778664	0.0741819987358593
0.387537631223081	0.203721585062821
-0.260249986440471	0.131363174492885
-0.358574770830738	0.230008355533989
0.955883959048738	0.344654176637369
-2.17324807733273	1.89533058210915
-0.877171466206336	0.577150150243609
-0.579018048486102	0.267409454362904
0.403244537973636	0.13964937041993
0.764164037484612	0.331138547182105
0.372950968880263	0.176251163954604
-1.11490830644642	0.540939147061005
-1.32927288054565	0.732650220342582
-0.167715939625543	0.086928424290891
-0.877149112430242	0.577216000555005
-1.1144886963805	0.541000350984738
-0.327441044350617	0.12966822779127
-0.407047340101398	0.0913266870047607
-0.406536039818103	0.0912270232471427
-0.351819809100106	0.276476130712377
-0.284946743038968	0.186258778585444
0.286208055506217	0.211433815000391
-0.242714202617453	0.211469252662795
-0.372063655835165	0.429828062141229
0.0135033129876586	0.0100552260866832
-0.253086449326885	0.203392928526974
-0.57703974245666	0.434369516798473
-0.119544100623782	0.0730686929218244
-1.66965801865979	1.12075843298459
1.24611082329471	1.14586100594575
1.66361053249679	1.51652989007293
0.250684905061533	0.155242539654961
-0.322115274786591	0.231934435922071
-0.568450605056492	0.350111713650879
-1.56044533090531	2.11444402923694
0.750828254194413	0.546393815900103
-0.665477796369444	0.583629406919959
-0.471836069217368	0.485780704563388
0.874733372651614	0.879546458639137
0.86091619758058	1.03504096236108
0.546961719451806	0.399642103935353
-0.173665041486168	0.117482242301805
0.286334355858973	0.211582312059847
-0.852623254532969	0.78578711733964
-0.877213265073092	0.577236204859608
-0.852456218495276	0.785740006128746
0.085809101416214	0.0468035936787465
-0.322115274786591	0.231934435922071
-0.791801495132781	0.63038238662287
-0.302405190636466	0.402555504143331
-0.0651973190438562	0.05467073634866
0.293982818641688	0.340226027237948
-0.469257824438015	0.621153436262158
-0.469154617577169	0.620611609821619
0.130508057870515	0.115138903346021
-0.701373073327966	1.12575119421176
-0.861908249132645	1.32425757082103
-1.20738586793036	1.89939371355099
-0.660706398171816	1.06198750835128
0.128617894345499	0.0571115897629187
1.05637042484898	0.549937742703155
2.67798944161738	1.64614786286
0.211903911998709	0.113847022197123
2.59836788378482	0.565681354882139
-0.406260094312188	0.0911374164788629
-2.10706742962015	0.378548652882402
-0.579047233084989	0.267435837190726
-0.791560055790677	0.629366020765768
-1.74055815189192	1.57530601005613
-0.314883095294388	0.18046152778602
-0.176496412601905	0.144330299287743
0.332983729781204	0.343249227824883
0.0423597389405889	0.0300145920954188
-0.242564894176833	0.211303629915423
-0.00651948015524466	0.00363872630473713
-0.52987694069835	0.574766741253161
-0.868412160857184	0.967860115493285
-0.82265680642893	1.02243627863209
-0.583907281167518	0.556785228404916
-1.21201540004225	1.76123207386246
-0.366085133425593	0.358473035022751
-0.202635554012911	0.190050882278218
0.0185006670919112	0.012448864722067
-0.0521233786664355	0.0405425846692229
-0.078457035315835	0.0605620816221054
0.0829984823148708	0.0646660332260696
-0.139562424966239	0.105779001989693
-0.933888438208591	0.913869462420194
0.533473481420511	0.411229430272123
1.66427325475222	2.78538967438759
0.0586329228416671	0.0370441448141597
-0.348354470714706	0.320259232563017
0.105003155264898	0.0742130464749505
-0.500293865375713	0.416087006797925
-0.224362360916797	0.149289333907045
-0.487606675292995	0.372750836390607
0.0290627520003243	0.0172349600444844
-0.0629016945424448	0.0443887505971142
-0.449917475520698	0.282760406761296
-0.389929969887617	0.276359669549728
-0.0760120659596625	0.0473565155075544
-0.167852880383599	0.0870058064419345
-2.17632811751104	2.52730344124983
-0.390037371011563	0.276419788363124
-1.4496190857857	1.34638091294488
0.181288988667872	0.127593957665151
-0.17191476584973	0.103033463272345
-0.314837032959884	0.180433066341452
0.497329353176806	0.46184590090429
0.294583424130792	0.229073862185232
-0.0396198870409477	0.0251239671273293
0.399254392999851	0.355300972276956
-0.02851169033617	0.0223331704479503
-0.351757803318784	0.276475769948736
-0.176640245705887	0.144495451100456
0.399188849103979	0.340209101421894
0.632251739715999	0.75512922206726
0.140400216313696	0.109385608079568
-0.207518123929719	0.181921607925356
0.65855212902556	0.737878600505114
0.477937726336493	0.514250197665901
-0.107406588691836	0.0822170144301227
0.163331620179688	0.108614156157247
-0.18438336931455	0.0790808605857554
0.0288765481797219	0.017124337713658
0.112023324561072	0.105681306229539
0.564152751246519	0.389471809180536
-0.568404782301551	0.350035267727637
-0.392078600176637	0.191624207741291
0.764603041122565	0.331368587604412
-0.358365131565619	0.229773349367032
0.0617712952826897	0.0239168790122259
-4.18668471132409	1.51115380013371
0.439871247620891	0.120233355559156
-0.579060886134685	0.267400175341313
0.0616700182489409	0.0238789606093496
-0.517262058968037	0.178864495866734
-0.951768045880078	0.27264192625531
-0.217369409065744	0.161019180989756
-0.583642259520937	0.556521520830535
-0.462042533591744	0.447532792332834
-0.583576043533161	0.556409517844478
-2.38046183086917	1.46152631292284
-0.100532689740455	0.0534621458761021
-0.235475303257102	0.138083428952403
0.635415714223959	0.564719438324633
0.547067476480811	0.399642096870848
-0.358561349203797	0.229976361393022
-0.471866405691572	0.328853477360802
-1.51128399880157	0.927879913676698
0.533376076879672	0.411247392753159
-1.14882997274325	1.17257316998894
0.804029465539626	0.712392747137759
0.0423455007248351	0.0300064543775667
-0.933844341584592	0.913679106263852
0.209784434728169	0.163357596997261
0.301670867142545	0.245944501204832
0.181399908429285	0.127687118867493
-0.577063067083383	0.43440075790853
-0.00661683941035757	0.00369212124662277
0.181313675255168	0.127612911033939
-0.981531230010308	0.891343802585796
-0.351974952412634	0.276683503833317
-0.461933873656346	0.447398424256107
-0.358626885295045	0.22998067903823
-0.0488491633688526	0.0266379092504318
0.606811949914098	0.367954213314213
1.37643557562126	1.70434591074143
-0.449812502559788	0.2827095155416
-0.247989714459747	0.260364788622738
0.452552040202293	0.65556101415424
-0.284848837406088	0.331231511159026
0.901920060779551	1.79573952335786
-0.120725619116354	0.135182405997983
-0.313392984497446	0.434485316611435
-0.0681465214357649	0.0652957735870548
-0.104360815899979	0.0290077066781166
-1.35672844137063	0.47506664569878
2.1745030772457	0.97257047022004
-3.48219873584491	0.919655084022901
-0.104844951344196	0.0291451841025915
0.449482770198073	0.0873321855854351
-0.579047233084989	0.267435837190726
-0.877214725613591	0.576896558652864
0.128739954381237	0.0571706971446716
0.141918226728449	0.0887664170461289
-0.529604142883641	0.574491896206736
0.143560328709015	0.131441668389333
0.0531465759149428	0.0431898300585954
-0.69059649146647	0.864549306339315
0.611919099776753	0.774608828942487
0.481418339882618	0.500560347866536
0.104983037818287	0.0742023474051644
-0.500183219270712	0.41601862452228
0.221742821686667	0.180741044086351
-0.217521006706289	0.161161575860771
-0.585293765122616	0.66753477343122
-0.175812852150283	0.13179959045834
-1.08432147431859	1.18422470011317
-0.449730708473686	0.282688698372418
0.577145378793483	0.601795034950913
0.130359368143309	0.114964759637059
-0.992519919269704	1.21876243070717
-0.877084922463205	0.577091573709713
-1.29921486968841	1.4724622075108
-0.235303642562071	0.137970517714117
-1.52282056881161	1.2210719678012
-0.167792228123067	0.0869736387408147
-1.13154295188984	0.867783868580836
-0.260170783678341	0.131299457961473
-0.571725802687708	0.312448617253001
-1.40190822494449	1.05042639207658
-0.00660308504529402	0.00368408824170209
0.804113099523654	0.712433124334927
-0.413689766564485	0.320820924954667
-1.43536495358566	1.78683598390805
0.0859544475345169	0.0468689144266078
0.294624588337035	0.229092284949089
0.898256993301542	0.723151630240779
-1.13168041605499	0.86746936633199
0.399629756186755	0.245296505376421
-0.314837032959884	0.180433066341452
0.0185208774497838	0.0124621077203627
-0.0758613446971181	0.0472573155696398
-0.472047704335293	0.329071112036136
0.490863603511581	0.474160698559786
-0.253213620404046	0.203537478611947
-0.00484279931117502	0.00224682304483335
-0.449373191513552	0.282357849246829
1.38262145330953	2.21253658262372
0.756413840907518	0.878347747916911
-0.176164638179333	0.132110327925399
-0.107483936228961	0.0822896283358165
-0.0781744030461149	0.0603265555741911
0.333128656665433	0.343514710832217
0.718050170664577	0.887508957911859
-0.889956812825115	0.758402852078309
-0.389769583320189	0.276143628521976
0.656260626852243	0.556695144537498
-0.285067287514914	0.186362204940924
0.481528976921163	0.500650906640199
0.6070937235966	0.368145307451031
-2.54154023086546	1.70666508754853
-0.578888964602768	0.267273812440574
-0.104674754370764	0.0290881727694566
-0.119412253858398	0.0729861393109778
-2.94720125929596	0.646055459499367
-2.94720125929596	0.646055459499367
-0.952135059882499	0.272770263417896
-0.579090117832204	0.267455039000505
-1.94201224975719	1.50463660756525
2.67849457162714	1.64683181469882
-0.406143088696864	0.0911104868149055
-0.585544556330005	0.632323146015152
0.313205052670067	0.278313913244494
-0.395547505230136	0.361127138517612
-2.54143033420223	1.70645519996906
-0.391828951569218	0.191518019745526
0.632055174789326	0.352583555456159
1.26787627049361	1.31668189807039
-0.422449318801549	0.236728116220036
-1.13153535371861	0.867658783457998
-1.13150479970894	0.867635884459367
0.38745688057007	0.203646525201812
-0.578975115762517	0.267390226446819
2.0475571909752	1.45300524221569
-0.224336677934566	0.149274089294747
-0.472070889856049	0.329070387884181
-0.449551847246755	0.28255524491248
-0.13948291009641	0.105697619222376
-0.643511770061037	0.730774909008887
0.577319126138756	0.602022114044393
0.286312443114443	0.211562843707214
1.31614665014155	2.00101686695916
0.0583807005428617	0.0368824650389447
-1.40372529466464	1.92689178831196
-1.24519154070041	1.02240393492908
-0.933866387606185	0.913817896990738
-0.674634021264285	0.545352624230085
-0.433315405412224	0.36468529227267
-0.0489803984799141	0.0267132188815541
0.402345342397214	0.139296846935855
0.264672040453276	0.174541981042422
0.398992893405741	0.260951555466643
-0.791982672273346	0.630647826107759
-0.493182482962659	0.594493727650565
-0.024339454921682	0.0206077364329213
0.0853684776356218	0.0750349336092865
-0.0521545900953543	0.0405599600351621
-0.17464706630967	0.164403893894805
-0.486272016696227	0.727935489866484
-0.517262058968037	0.178864495866734
-0.406653408801407	0.0912540543799087
-0.406929606498836	0.0912995639757081
0.440513946717843	0.120393291309023
-2.10727742655476	0.3785967871456
0.44905816517692	0.0872417415102285
-2.10706742962015	0.378548652882402
-0.583835559107047	0.556638059917022
0.0137583880229101	0.0102460221692908
0.0185208774497838	0.0124621077203627
-0.202753081204547	0.190155285790081
0.0533180002692364	0.0433342753763517
-0.708939335598577	0.801122703678353
-0.144586882823488	0.119142630870003
0.14350922592374	0.131414371070943
-0.0944527482792989	0.0658028264333126
0.182182159292772	0.161226947230601
-0.140032500153081	0.106127072940501
0.12377016223488	0.091961206579181
-0.413689766564485	0.320820924954667
0.401329717916844	0.415678889326059
-0.576919265114257	0.434242823481618
-0.365994266924361	0.358300599374239
0.307590633702621	0.262093785095252
0.0121215587444358	0.00982924556711913
-0.285076935050368	0.186315869673887
-0.424101670210627	0.43838719218933
-0.0946723481437169	0.0659674111876354
-0.433205412351035	0.364538367085565
-0.674845861436495	0.545752345612659
-0.351692342607298	0.276392188441944
-0.389984373105749	0.276377432670347
-0.568435128141284	0.350055756569714
-0.825045854923464	0.599435065359958
0.387350306201344	0.203615179010527
1.34281537634135	1.01484161778391
-0.422363725502875	0.236700130314835
0.71224594074815	0.546487155698763
-0.358667111251907	0.23008064430689
-0.314913534863782	0.18049000784073
-0.131102415469497	0.0900815453227977
-0.658749817648165	0.622152684934269
0.546882652287686	0.39961135638563
-0.265417598331787	0.193999504196372
-1.5226600029754	1.22022671877326
0.372828104257578	0.176187601416706
-0.224097615595544	0.149034623388056
-1.00952368242225	0.719592912783372
-1.32061182671971	1.32502985258489
1.36846594563983	1.36392177573483
0.178582044959992	0.0880558495915799
0.399567666730592	0.309608506043698
-0.265569379973613	0.194142537482544
-0.175792598546091	0.131771660185734
0.396132754922445	0.226326677718278
1.23082561282931	1.62746940639961
-0.173832089409108	0.117617618957449
-0.265700655996439	0.194242465070307
0.522360088449923	0.423880206162727
-0.131340291465666	0.0902446846737251
0.0187142474436383	0.0125887113995487
-1.09741985758335	1.33624984776813
0.75093310637041	0.546451336382571
-0.358667111251907	0.23008064430689
0.212002551952134	0.113889673007786
0.656232162279828	0.556691762056095
0.399694028346507	0.309716645373078
0.12874862606073	0.0571671158579758
-1.32931437217088	0.732704638322614
0.387699641114235	0.203810552040452
-0.00761497811460606	0.00250433676554653
-3.48219873584491	0.919655084022901
-0.104360815899979	0.0290077066781166
-0.167822568183777	0.0869921519796813
0.365902024574029	0.150387445991254
0.44905816517692	0.0872417415102285
0.128844798984404	0.0572090254928978
-0.846796269002475	0.352488687791578
-2.94742201638341	0.645982057725913
-0.573373081278194	0.392297725227856
-0.00848879090439034	0.00546982341217504
-0.658746694522627	0.622188073930247
-4.44943194328068	1.84281496770354
0.0478825250178734	0.0241465477316866
-0.358825047661998	0.230165183940644
-0.0083456807373163	0.00274570284113593
-0.571612713488628	0.312477898458969
-0.358653698911515	0.230066631527229
-1.12679749314645	0.723768445088123
-1.83935042952178	1.75961774800856
3.96468442127274	1.35922276844108
0.178661665260978	0.0880903270670572
0.365797211168257	0.150339977566715
0.250763944228594	0.155289556810608
-0.38995717249119	0.276378670243734
0.671378649492526	0.334583333907498
0.264658266871447	0.174547011346903
-0.171998424677568	0.10308111895244
-0.00816484380810605	0.00526291870258437
0.92979544469033	1.04613960732077
2.13967984094925	2.57777193907645
-0.224338278181341	0.149249065378193
0.512739851557972	0.436540967621389
-1.08412859432016	1.18335772876772
-0.314883095294388	0.18046152778602
-0.568610257004336	0.350145393866422
-0.422277886081322	0.236628606264027
-0.968040626027814	0.567014988604947
0.681018866171829	0.550224724914083
-0.422428119128095	0.236719234912365
-0.00921089211792067	0.00664117848536329
-0.22665387867919	0.225307016330765
-0.514031399830229	0.739227494100736
-1.35563614408753	0.474557097061527
-3.48240509937676	0.919800644574475
-0.406260094312188	0.0911374164788629
-0.406653408801407	0.0912540543799087
-2.94720125929596	0.646055459499367
0.402733937014348	0.139484956672463
0.440513946717843	0.120393291309023
-2.10727742655476	0.3785967871456
-2.10727742655476	0.3785967871456
0.0479364447408366	0.0241891330477726
-0.00904993160625079	0.00652473503390259
-0.305736569071777	0.282814017971835
-0.0286740628152514	0.022458676148636
-0.536702216036496	0.645357841605485
0.0137813666535432	0.0102614612000186
-0.107421035010284	0.0822340581744902
0.165636703305601	0.16251835804192
-0.486588881772866	0.558170690674122
-0.175549803982993	0.185791846799448
0.123668479732185	0.0918619747333289
0.0637380915989857	0.047416620496531
0.588742205613582	0.592015772666117
0.879017219579811	1.19270343231359
-0.434916199726706	0.475155089164109
0.0424756865048711	0.0300978038361549
0.974210280744666	1.21085425096959
-0.00718614363938085	0.00566473695673302
-0.411250093494183	0.400671971163182
-0.175544630901987	0.154704392804524
-0.901897730597625	1.11492721761316
-0.433250029043962	0.364609037248794
-0.934224979638939	0.914029309125745
-0.579162162837228	0.267406238343768
-0.167784410327834	0.086973154849
0.764486778123062	0.331447869942357
-0.32733529210431	0.129585538245281
0.085809101416214	0.0468035936787465
0.396003500216528	0.22619139160627
1.03212918709089	0.911191470796257
0.24216806486053	0.214829080665528
0.181288988667872	0.127593957665151
-0.472205907833513	0.329124538961589
-0.351496096644078	0.27606469196973
0.276689402129867	0.193541003738113
-0.571624596727463	0.31249828110112
0.968642247901215	0.894627010363366
0.294542240172284	0.229015266462376
-1.06780809391357	1.02957183162047
-0.176210775370144	0.132134006481274
0.606840474184464	0.368014046586871
-0.119598493637038	0.0731100910843556
0.58872202751629	0.59201419436435
-0.171793801836589	0.102951867486592
1.08187298351993	1.0839158727603
-0.326181664826682	0.279912875467181
-0.665418057279529	0.583588716949427
-0.0393776134712881	0.024972610225115
-0.686564529117942	0.508078747495984
0.273861486226573	0.280961433996624
-0.801747518947093	0.847979241733637
0.403031015501229	0.445768361461726
0.656259339378735	0.556754166748311
-0.0490327681648237	0.0267369195294689
0.671567142878356	0.33484663200897
-0.0945796297891467	0.0658970940220562
-0.173728020048257	0.11753891692866
1.30810700637317	0.797487899674034
-1.96368093592683	0.955822689151189
0.928655092758678	0.545035913914066
-2.94720125929596	0.646055459499367
-0.406536039818103	0.0912270232471427
0.0617424742393982	0.0239084459082885
-0.104530837627992	0.0290497664010843
-0.327440212159224	0.129629361099382
-0.951768045880078	0.27264192625531
-2.10706742962015	0.378548652882402
-0.518151592408807	0.17915606425969
-0.747157702338637	0.697755670727159
-1.14250328978313	1.02038670219003
-0.572990344273574	0.39206853349588
-0.708906064590303	0.801087862695575
-0.284826233152916	0.186118021704867
-0.424023402386185	0.438318562767412
-1.24528851254411	1.02241091253556
-1.35610128709322	0.474818712797072
0.0481041015804388	0.0242638655950481
-1.00953121808198	0.719538579271265
-1.35626224425971	0.474875835650706
-0.967920770914226	0.56691647468837
0.178647471174659	0.0880725942603887
-1.32938572253344	0.733074998982863
0.178408925233274	0.0879707492156317
0.211895891785283	0.113859386997973
0.584721353956748	0.379925831477889
0.928993059852903	0.545364679729449
-0.968033043844823	0.567023112730889
1.80543669637378	0.656160870630634
-1.00946265936106	0.719458642516027
-1.23421922966	1.17032926796651
1.15462431458307	1.10868431283942
0.250684905061533	0.155242539654961
-0.583555754871982	0.556354570462918
-0.0398582195907302	0.0252634694672052
-0.0949322625250763	0.0661311271893098
-0.00903923005469861	0.00651800416598208
0.1967847740746	0.145902644518326
0.399442343142941	0.370271153035349
-0.224362360916797	0.149289333907045
0.740577541090946	0.716210224109516
-0.389955764282231	0.276364109155234
-0.0490461137062827	0.0267468360349336
0.264500485590941	0.174379741570726
0.0618149550089233	0.0239347187925616
0.25052672039259	0.155123588624536
-0.354467789555244	0.430715275271823
-0.952135059882499	0.272770263417896
0.403377677871532	0.139736809774786
-0.105159166906112	0.0292185674982776
-0.791982672273346	0.630647826107759
-0.00703374742481555	0.00554521116332403
0.352120897165665	0.445073515885757
0.350160083570248	0.431192743553002
-0.924403445849537	1.41727001253552
-0.740331002090174	0.968557449629606
-0.471769125742699	0.485698272084757
-0.64841667621059	0.696156511789165
-0.146627074642891	0.12978431181294
0.165591028394718	0.162464302268542
-0.732144701225611	0.732964424136766
0.399019063877058	0.261052466805314
0.232157103746618	0.197624826088844
-0.325573444689266	0.320222016097324
-0.028629851710184	0.0224251140133646
-0.0489013694262602	0.0266701962197787
0.104849993135276	0.0741031666810547
0.0585699011891016	0.0370057778942593
-0.85258218567443	0.785881930049397
0.485638680661842	0.48709804338547
-0.824122030630818	0.81651335162147
-1.1488708296975	1.17270439918049
-0.395395818779338	0.360890433287474
-0.572963935477394	0.392030574725598
-0.0785585849311568	0.0352548515118034
-0.732114848484512	0.441422043241892
-1.24536955145459	1.02249125178531
-0.573122228556241	0.392182120784472
0.584743628490391	0.37993126836576
-1.05065571133179	1.34962011875571
-0.0393981764029331	0.0249849676031559
-0.265462605780049	0.194040861809736
0.750813604587608	0.546288457112092
0.769650330598824	0.713292319767363
0.373063689449818	0.176309167899013
-0.413752686764289	0.320915770926325
-0.731991747335839	0.732785272210026
0.485472150629424	0.486785491695727
0.181157440521945	0.127464634217304
1.26787627049361	1.31668189807039
0.163416673168622	0.108685956637582
0.313306260074471	0.278449490879995
-0.933951300730711	0.913979811896187
-0.471950019674365	0.328941989211809
-0.242742297278511	0.211515194927251
-0.665584753500923	0.583875515619935
1.82857793287897	3.11945041562606
0.512931829781258	0.436705582673168
-0.518485769204277	0.498149352402453
-0.152501157211046	0.153001292838183
0.0185006670919112	0.012448864722067
0.0859014915634962	0.0468510187878195
0.58482001808895	0.37997695034666
1.72095119159387	1.34639435414915
0.141893696140023	0.0887394988710327
0.833082375923128	1.03295420446624
-0.391828951569218	0.191518019745526
0.955568975584273	0.344510645872178
0.372828104257578	0.176187601416706
-0.406143088696864	0.0911104868149055
0.128975937783999	0.0572771124689474
-0.407047340101398	0.0913266870047607
0.449356737420673	0.0873001538306624
0.440628375497016	0.120463053794555
-2.94698077954152	0.645760131429668
-4.4491249689858	1.84196048033348
0.403632537227691	0.139839884189156
-3.48219873584491	0.919655084022901
-0.171877447008978	0.10300836389379
0.178473992833301	0.0879941463135877
-0.96814522350334	0.566902385585879
0.399214271315013	0.293315937795653
0.155467156570733	0.126641577635832
-0.58515546023233	0.595470236004007
-0.00887297177040951	0.00291884997088316
1.51265389322007	1.26303935624358
-0.568465446136222	0.350055947729783
-0.0789528454821435	0.0354404697364153
0.853102347789789	0.546745704197176
-1.51140176261422	0.927988291760551
0.128984735113373	0.0572744173820523
-0.571624596727463	0.31249828110112
-0.00471351223080486	0.00218494087160831
0.681041997332067	0.550340898981373
-0.422256203593566	0.236584739055081
0.23410444750179	0.135473731879832
-1.35626224425971	0.474875835650706
-1.27056950611993	0.885278385976038
-0.260579855127371	0.131555960501043
-1.01111442932408	1.04677144394078
0.546737724120211	0.399480929625377
1.36838646618932	1.36382581239861
-0.224123265800687	0.149068629952472
-0.0393570556733211	0.0249591729553041
-1.85853741178014	2.22391271231585
-0.0343649104307773	0.0245215887540216
0.273830176975206	0.280883326827945
-0.389823995955751	0.276239675249137
-0.413815629625469	0.320996865707269
0.30749743053463	0.261976438841343
0.804057133804901	0.71205064510401
-0.665710690297418	0.583963836619084
-0.500052357400139	0.415859651019115
-1.14256360095853	1.02057817622063
-0.260594489203997	0.131559221193867
0.607013909009565	0.368113947865685
0.71158402493112	0.545687642569538
-0.358365131565619	0.229773349367032
-0.584972203519307	0.70167430717154
-0.968033043844823	0.567023112730889
-2.94720125929596	0.646055459499367
-0.835220490066578	1.18650700751357
-0.295223688324971	0.325847336198184
-0.0862296830901666	0.0823336111656817
-0.00703374742481555	0.00554521116332403
-0.0439225415568516	0.037012038062742
-0.107588893142203	0.0823706215136181
-0.584950240456673	0.736071207430059
-0.62929027244031	0.863852792853037
-0.175544630901987	0.154704392804524
-0.0244419494078608	0.0206971862539983
0.621409964501818	0.764626246918653
0.617679276148387	0.573743668628902
0.551368534785314	0.63565659254878
-0.732124522631299	0.732920077295328
0.123576851992187	0.0918225846901138
-0.20745049887464	0.181866737354873
-0.253147483103661	0.203475468702817
-0.130905959845549	0.0899102460971269
0.892890698291892	1.0393382533015
0.400583339660916	0.400591276807683
-0.217586494139656	0.161206785290068
-0.584916843080647	0.594976272676064
-0.260436979275461	0.131458797580532
-0.35841702097782	0.229858290125378
-1.11459535646121	0.54087500274063
-0.472061788963516	0.329033357464412
-0.260343515581359	0.131418537401997
-0.433294693252422	0.364645626311843
-0.933910493390846	0.91383375945112
-0.0626344131174228	0.0441784837292382
0.522226805164729	0.423715611420525
0.893210909356632	1.03949309205265
-0.171840142126793	0.102971998105413
-0.0492443556791435	0.0268467340391914
-0.00462762409852259	0.00214716140244468
-0.510441955718791	0.45807955105784
0.0344160984411845	0.0268069591828174
0.715531720452066	0.720512319695876
1.14973756458366	1.42923262423122
0.584956913929387	0.379745888176777
0.546776887558269	0.399444308869271
0.0831833579693454	0.0556862615370765
0.833538325337836	1.03338372166906
-0.224363956956832	0.149288353019299
-0.366171795064984	0.358615021763175
-0.686920155648617	0.508356092101914
0.232297175819987	0.197734808929493
1.0819798819994	1.08407267577228
0.259851886506157	0.248623728951637
-1.08425614552937	1.18409554472181
0.70225431798883	0.893294322796628
-1.14872304114546	1.17227631918769
0.211956415974128	0.113885749261243
0.711835729156345	0.546436820610805
-0.207401941001975	0.181811371898043
0.97259221490299	1.05490897335387
-1.54126302224802	1.51567196747083
-0.788334455485247	0.414193392330842
0.955883959048738	0.344654176637369
-0.517513875524486	0.178911161319999
-0.00887297177040951	0.00291884997088316
0.440742619385608	0.120469713008539
1.29035320892594	0.361169722228799
-2.94742201638341	0.645982057725913
-0.406929606498836	0.0912995639757081
-0.517513875524486	0.178911161319999
-0.104360815899979	0.0290077066781166
-1.32927288054565	0.732650220342582
-1.40180360899027	1.05042965854389
-0.284839857471493	0.186127346710592
0.399497104185646	0.325254990433101
0.232449921573265	0.197828326860865
0.318681416784005	0.294749192431692
0.018454497184044	0.0124166826097499
-0.82521645061763	0.599532139278292
-0.100272097008652	0.0532968519829629
-0.391351571354595	0.19123548774465
0.211827445314614	0.113815124257299
1.51258940209225	1.26243659785024
-0.260609107685329	0.131524552950785
1.11244681567147	0.937407616180729
-1.4018411223619	1.05067730412742
0.584729428763778	0.379865866604109
-0.314837032959884	0.180433066341452
-0.0758639628706004	0.0472629593014399
0.0617277318050226	0.0238966037879039
0.846137633560309	0.715126708897152
0.365797211168257	0.150339977566715
-0.967928406766678	0.566690436445225
0.387135893359323	0.203431730102371
-1.13146663386904	0.867221021748422
-1.55188530519531	1.81451535074326
-0.788334455485247	0.414193392330842
0.141892369815366	0.0887500114785208
-0.28923173720092	0.285587533236339
-0.265614440495864	0.194180304416663
-0.139562424966239	0.105779001989693
-0.0760289909211286	0.0473524298124776
0.399269061347659	0.370028541895707
0.398607063386386	0.276821936720652
-0.326188804154412	0.279936145025404
0.123464934646896	0.0917372677950668
0.307443639547658	0.261826784708235
-0.510309195260785	0.457876678530313
-1.13156588129176	0.86763319064665
0.533278629838246	0.411119999919621
-0.889896617486106	0.758357339826199
1.26769456653692	1.31667104625431
-0.37208537552194	0.429834250568818
-0.371955261520069	0.429696040163365
-0.308436933340862	0.322051949602058
-1.11394961846196	0.540358650867839
-0.791945482047303	0.630661225316363
-0.822906679845197	1.02261508743757
-0.207560465548502	0.181953206186384
-0.0244277304168689	0.0206862083448529
-0.126642746167322	0.12008109597373
-0.115122634834112	0.0954292191891193
0.336961732404323	0.359078807173167
-0.176729150112713	0.144568132937908
-0.149321104258014	0.141041899898962
-0.47974562433188	0.522439612530993
-0.897301205558619	0.939970942027738
-0.121085429358964	0.107689265227589
-0.461890996480612	0.447368345255789
-1.20396479267631	2.03682832740935
0.0136475680593395	0.0101639629126591
0.50463784827572	0.449349169619172
0.577116472908594	0.601815484151135
0.307409677136737	0.261856869132309
0.155511313493014	0.126686947009485
-0.897363547146753	0.940008480427255
0.644554491057189	0.746231734252583
-0.075883242399936	0.047275522636925
0.399362209541895	0.340488220509392
0.182025829184608	0.161023673923656
-1.0844107848588	1.18411261581604
-0.746943588893125	0.697581345058754
1.0224903548817	1.06677543704651
0.123537583247572	0.0917976311587319
-0.576989250936056	0.434217336157644
0.178423283573288	0.0879679360806085
0.750730708390523	0.546206964542419
-0.171998424677568	0.10308111895244
-0.746965674104659	0.697538837656829
0.399652120253719	0.245289401469063
0.398760164897017	0.276958879297906
0.181379368412242	0.127665175422185
-0.224444197210169	0.149331124302083
1.08177180623792	1.08311460317718
-0.731792708290557	0.732392184835594
-0.686920155648617	0.508356092101914
1.37274721411719	1.53240765743908
0.485624022779433	0.48700459116215
-0.581837893922969	0.516636156715902
0.163669198809145	0.108853324515277
-0.852519190369605	0.785826602283405
0.276527333024065	0.193404830580203
-0.824276944220782	0.816610642593843
0.478028178347056	0.51429142122259
-0.217517602207641	0.161171641212651
1.01586420964796	1.2232877452582
1.37275661239863	1.53252501484665
-1.0110328229603	1.0460386692646
0.917331391346003	0.884513381069642
0.169523210471413	0.14409718531117
-0.788574565768808	1.07593263088496
0.832940591993809	1.19116298918079
-0.265631141777677	0.194115321022874
-0.583795009785311	0.55671016997845
-0.766361533159932	0.663054207629342
0.838167685316824	0.876715975962942
0.467220256258855	0.568124005819002
1.15027382093264	0.773954066072917
-2.38064264796674	1.46174675563604
-0.422406153924719	0.236701653650632
0.765015511027073	0.33174094912973
0.211926139913565	0.113876387771514
-0.260486639341066	0.131500765009026
-0.00866762541139504	0.00285038216826518
0.365797211168257	0.150339977566715
1.28995666139643	0.361009605400419
1.29047191149383	0.361322640689658
-0.95187692509697	0.272670624519378
1.05626633094545	0.549797046240232
-0.788464314880281	0.414424326723021
-0.788232305482405	0.414275835906919
-1.40162511887728	1.48293472805087
-0.342822537057505	0.356913924390727
0.221612631380022	0.180649625956717
0.301291455875959	0.245481721683826
-0.173753036487136	0.117500647397533
-0.305703096814016	0.282755194205931
-0.804173659205447	1.04858623271674
-0.66543688305179	0.583637167488515
-0.284960393323697	0.186248011498073
0.0479444191794637	0.0241924711034532
0.178610589088607	0.0880224913584376
-0.573135403447075	0.392220170007954
-0.119466645047769	0.0730195618404143
0.211903911998709	0.113847022197123
-0.391732523448923	0.191484277454062
-0.391481666646295	0.191384943509599
1.49727119398024	1.4299893448311
0.546882652287686	0.39961135638563
-0.235382896302948	0.138024912443037
0.852939962809722	0.546934303038246
-0.686762524177882	0.508259419397331
0.874777087030697	0.879653666456889
-0.877149112430242	0.577216000555005
0.399535611406082	0.245209094708849
0.163521087137834	0.108760112686365
0.490914328376148	0.474220464313848
0.264714309790441	0.17440844779181
-0.176164638179333	0.132110327925399
0.806799366249994	0.875643455159383
1.01558399615678	1.22287164672433
-0.0393570556733211	0.0249591729553041
0.28626860382939	0.211493117958555
0.740497611483631	0.716165417630369
-0.00809606215599304	0.00521823035909339
-0.376230236795951	0.319928965342465
-0.173832089409108	0.117617618957449
-0.877169937096785	0.577203324418684
-0.933951300730711	0.913979811896187
1.21191616913587	1.45674727746957
0.163309752377474	0.108589945028276
-0.314431493975533	0.400915962399308
-0.218684125768526	0.243096951284253
-0.174752493111322	0.164516765836278
-2.19279921330255	1.21087324593908
-0.260343515581359	0.131418537401997
-0.461731859939061	0.447099963094238
-0.0522647637025136	0.0406605414118891
-0.876271229809345	1.13844630977717
-0.844085703698072	0.995384146428485
0.0345724338131598	0.0269316463838555
-0.585755405172832	0.632346210595394
0.644515795202983	0.746160392152551
0.0343952371933909	0.026787912536305
0.0344135836876693	0.0268052430780312
-0.643550461480804	0.730915650386072
-0.579233535502349	0.475321044301583
-0.732037943741207	0.732767940869475
-0.366129533276435	0.358559198977912
-0.994436316832024	1.52027918325149
0.398946369728234	0.292855025288377
-0.731925384433081	0.732680480598904
-0.9020030022724	1.11510856408097
-0.256285663590672	0.253901544503005
0.228965283600237	0.240941149608077
0.658588409525715	0.738050228435181
-0.176205090626799	0.132136811461797
-0.139851648461367	0.106016724065728
0.512846796210458	0.436662397859969
0.497303000936201	0.461850728353355
1.47071646847461	1.7543222878018
0.155754839107828	0.126900589669782
-0.583642259520937	0.556521520830535
-0.423921890479378	0.438049034770931
-0.433511665279704	0.364839731926706
-0.581706916550235	0.516552765117265
-0.326376725775251	0.280021496155787
0.181510684378831	0.127754602640539
-0.298819792768916	0.237629149708486
-0.747095877423647	0.697717017964945
0.128617894345499	0.0571115897629187
-0.260314528745779	0.131393590854783
0.233940133706948	0.135348023118357
-1.13153535371861	0.867658783457998
0.39864448297339	0.276848894710108
0.0858883652709848	0.0468433639331458
0.27650311630388	0.193374817555996
-1.35091571216432	1.1824817039579
0.602148191533793	0.582715754374194
0.142024289324118	0.088834502541531
0.234217042819429	0.135554715301903
0.504502735556337	0.449284046539359
-0.173684071198386	0.117490323446169
-0.31484487118018	0.180441066493249
-0.00846814759093237	0.00545679450979777
-0.235567724001161	0.138125157356038
-0.85235235414452	0.785514109137052
-0.76713794458733	0.910114943766647
-0.326254013100375	0.279927864306467
-0.00807535621702306	0.00520516817189816
0.632253146478703	0.755035757216117
-0.581793052068323	0.516564135047131
0.577102272424822	0.601819597590664
-0.413837630123317	0.321003545361389
-0.510554622345062	0.458200766709878
0.204104545325628	0.194579265440301
0.196550516671539	0.145785143711548
-0.13125411578234	0.0901920485429825
-0.889836430756796	0.758278106424201
-0.665606761197919	0.583891294044359
-0.42409655524098	0.438530625505717
-0.461840482312153	0.447287279446146
-0.358667111251907	0.23008064430689
0.211758999475203	0.113754851501744
-0.167883164706142	0.0870145895376265
2.59836788378482	0.565681354882139
-0.048928130971809	0.0266820435245928
-0.449559643029099	0.282553005776485
-1.68694899077746	0.703952762450668
-1.11469972387002	0.540927932422351
-3.48261171098015	0.919665246937834
-0.00846262185640431	0.00278126286689462
-0.00940109644110474	0.00309197435180766
0.365584350245701	0.150174586575426
-0.104844951344196	0.0291451841025915
0.234209408113983	0.135557017197127
-1.40186461371808	1.05084714160718
-0.171756506436492	0.102917399898034
-0.957755289527803	1.23818838192643
0.490784078728096	0.474064764345796
0.286271216955869	0.211512826252853
0.058487651644296	0.0369500740198118
-0.434881790662084	0.475099856004515
0.399276125177257	0.370104798488858
-0.579004253227954	0.267391767117248
-0.571505531550015	0.3124149088738
-0.571531865159127	0.312374846114351
0.0617277318050226	0.0238966037879039
-0.449559643029099	0.282553005776485
-0.167655258361164	0.0868735579417123
2.45241191557909	1.30193076722493
0.92864495305129	0.545077172240108
-1.13151235160817	0.867711109736061
0.365797211168257	0.150339977566715
-0.314867405965761	0.180451526135702
1.49729335270634	1.43019492315025
0.0857559934226779	0.0467736506521512
-0.701923815248982	0.471043419126657
0.048043370639892	0.0242397906790943
-0.422406829788458	0.236695706877833
-0.224497167957806	0.149363575120558
-0.139605927636592	0.105807323771808
-0.314883095294388	0.18046152778602
-1.09715597916472	1.33569648510972
0.617720241602737	0.573715772312548
-0.576868821176186	0.434007320457077
0.806890943807158	0.875653425530828
-1.1540314173164	1.32567709844915
0.635566301998327	0.564954796623497
-1.93123202571123	1.94679868547161
0.0635557861732776	0.0472898986758956
0.19659884117293	0.145774630744676
-0.28223076303101	0.244176663736343
-0.174615478359449	0.1643641630618
0.0455195755210644	0.0398293241234178
-0.653561443121922	0.660098329044915
-0.479766108540177	0.522419003970462
1.01596090606317	1.22293936399877
-0.305770032248113	0.282864768347282
-0.417525191328394	0.505088064804568
0.403803138523017	0.460497192482493
-0.0889336457084116	0.0741751430787248
-0.444712405776508	0.511575587170402
-0.927843802528148	1.25749225773753
-0.326110267352588	0.433809605613112
-2.10706742962015	0.378548652882402
-0.253106791583827	0.203429946674417
-1.05064805367925	1.34945872895967
-0.433181601076624	0.364402978490829
-0.665543837243447	0.583813760351764
1.14995529689235	1.42999409071848
-1.09755188747455	1.3362651851719
-0.173665041486168	0.117482242301805
0.399629756186755	0.245296505376421
0.974043014776195	1.21088457221378
-1.22612880692168	1.32045260192769
-1.1424567904957	1.02012638028614
-0.176573657358385	0.144406903027088
-0.130840520005978	0.0898446804449959
-0.653317619182716	0.659672230044936
-0.449374540196002	0.407060816057139
-0.472145435547435	0.32911333829104
-0.253106791583827	0.203429946674417
-0.731593818744542	0.731726020541233
-0.413919608406986	0.321094793095108
-0.69036495778633	0.864263841826478
-0.224362360916797	0.149289333907045
-0.0756939795411211	0.0471439039702148
-0.265352152266523	0.193924496597866
-0.414108739961493	0.321191938612219
1.21222940301214	0.970816165302698
-0.0944206357104695	0.0657504340091807
-0.00651948015524466	0.00363872630473713
0.399548134704097	0.309530415835099
-0.00835438081343435	0.00538245025635167
-0.487688538815458	0.372809546750251
-0.235092479273992	0.137770051777744
-0.265766329160354	0.194282222886208
-0.665543837243447	0.583813760351764
-0.0785715154224317	0.0352603267586224
-0.131385268041818	0.0902783674300096
-0.235449075529597	0.138051915791987
-0.389929969887617	0.276359669549728
0.0833763555440825	0.0558371249873706
-0.665628773482441	0.583859348821932
0.210023918507601	0.163533099049457
0.769700360354883	0.712682155884091
0.128722661231086	0.0571444794901516
-0.212482113987912	0.172305576809298
0.0857690839630121	0.0467755813981377
0.058487651644296	0.0369500740198118
-0.224336677934566	0.149274089294747
0.399267318521548	0.293356816796475
-0.801767812830155	0.84809156874333
-0.358509316483428	0.229953272680103
-0.00645917082308286	0.00360555572465806
-0.119625687146688	0.073124812578289
0.209778651025218	0.16333088864056
0.631819214311294	0.352378760345744
0.84596605132746	0.715188219408872
-0.119597131265098	0.0730980839289773
-0.71994930585783	0.767457808483048
-0.897235938642563	0.939821244116649
-0.585075917299255	0.595359118899763
0.399731142839373	0.325383074540399
0.301584228677068	0.245882268110851
-0.176026415959618	0.131979770101472
0.398820720900162	0.277025474674033
0.512742380105506	0.436490627879526
-0.175939889037554	0.131914260685591
0.286501692822054	0.211716469912503
0.49066893228168	0.473806834406034
-0.843876074980379	0.995517880538006
-0.212764436250725	0.172566864773611
0.313327896934652	0.27846213285129
-0.686762524177882	0.508259419397331
0.0616553482559604	0.0238703716137645
0.211827445314614	0.113815124257299
0.680958309759776	0.550141531479728
-0.235409159682121	0.13803600571538
0.128496054262865	0.0570471936487537
-1.00962268959251	0.719542660462454
-1.35579670478113	0.474613983393002
0.67177134810781	0.334789825675857
-0.517899147573227	0.179109173088448
-0.00960734068957699	0.0031599304332452
-1.51117398792917	0.92735653097427
0.178236240272615	0.0878720950705939
-0.217235349122221	0.160903505377967
0.0424032487040718	0.0300491191000436
0.196702184755853	0.145911440949312
-0.0344803294817537	0.0246066055492631
-0.212850921846084	0.17269264515154
-0.449069419618803	0.406617583551957
-0.13127473744166	0.0902000576828426
-1.22604391557717	1.32058227347366
0.0585699011891016	0.0370057778942593
0.617765549837633	0.573828948863495
-0.224123265800687	0.149068629952472
1.48112906931152	1.58978498370673
0.711809675508547	0.546366920879928
0.715535597757753	0.720290872531316
1.02257063057321	1.06687882467591
-0.825410747725923	0.59972581114889
-0.792112702279816	0.630685418300134
-1.0094856146547	0.719469300354575
-0.933762781114456	0.913535369249191
0.276715120914925	0.193567071549497
-0.235158418201194	0.13785025037124
-0.285090593703859	0.186376827935707
-0.391133191914634	0.191077180316364
0.399373389610415	0.293386976551432
-0.00629198591006161	0.00351353991767755
-2.81238692043553	2.16575002187005
0.398774442714311	0.277029786852801
0.399538104929595	0.325297140047321
-0.500183219270712	0.41601862452228
0.398965812529665	0.261023979914902
0.681186223507185	0.550467240857607
0.656232162279828	0.556691762056095
0.396306055166336	0.226385658893362
-0.167746238435569	0.0869469108163603
0.211964338892854	0.113888136941665
0.178675874793748	0.0880918078933201
-0.207427279705743	0.18184925251526
-0.766363209863184	0.66287188570123
-0.256389526573598	0.254050921496341
-0.197934678105708	0.20894997535642
-0.510488193751867	0.458138192503648
-0.325526156764688	0.320163004658386
-0.0464203710839581	0.0472815727666506
-0.498728620767716	0.6297964555747
-0.176031979073977	0.132007055143449
0.100331512393049	0.0816460704220661
0.49089240464919	0.47415804210829
0.307504250156037	0.262021859532627
0.400433910106249	0.400414748042751
-0.658770547093086	0.622236320719878
-0.729952673379597	0.998279027251714
-0.653495364178972	0.660029290410333
-0.695953226146661	1.15851822628688
-0.21267756795132	0.172548501545212
-0.174878832793024	0.164644832965675
0.0120523372019187	0.00977303482538587
-0.585606066992717	0.632408296294987
-0.202784089724886	0.190200919463558
-0.517010624683618	0.178709666938849
-0.167883164706142	0.0870145895376265
-0.648482468014062	0.696409457912416
-0.634975645985218	0.797133521578463
-0.120826607265936	0.10745176116085
-1.01119899680506	1.04676944355582
0.104523466107758	0.0738259143648035
0.211895891785283	0.113859386997973
-0.0945131734580805	0.0658459477266383
-0.889692726726828	0.75800789084331
0.264597924244184	0.174496820223054
0.546843514987056	0.39952635801972
-0.686814392821566	0.508383460359442
1.02238428843625	1.06661774607404
-0.171710160877072	0.102884135352662
0.0835731081677099	0.0559734851877994
-0.285067287514914	0.186362204940924
-0.577026152697648	0.434341282550561
-0.56834400715451	0.349927830323958
-0.674579591195471	0.545223020806348
0.617658785731477	0.573718074229117
-0.638812035309466	0.764136797073376
-0.171961096389896	0.103053583967166
-0.253224680769402	0.203534183342816
-0.500159334491165	0.4159220710657
-0.825426395019771	0.599445421805348
0.294669620325618	0.229140922317883
-0.265569379973613	0.194142537482544
0.917387016073702	0.884568233999964
0.395981927256515	0.226165131273107
0.366007693694073	0.150381473436448
0.564332334827496	0.389653895586746
0.522385826382764	0.42384874536182
0.7698381532818	0.713438718841988
-0.315012604577116	0.180519573244866
-0.801650544972109	0.847493057385757
-1.284183340802	1.61929283945027
-0.167830351359906	0.0869843248816228
0.769679081531942	0.713233529096698
-0.577123316514962	0.434435598564971
-1.51129189335851	0.927465012449234
-0.579422604835936	0.475506520812133
-0.11962432842317	0.0731207776275701
-0.573373081278194	0.392297725227856
-0.731991747335839	0.732785272210026
-1.00953121808198	0.719538579271265
0.313465413887049	0.278596809695996
0.0479747380547107	0.0242080962692441
-0.577243841077986	0.43444600952321
0.845886876869285	0.715098908302365
0.606746759712527	0.367950501034703
-0.171710160877072	0.102884135352662
-0.933973345402332	0.913944086266714
-0.0395541441011701	0.025083993257901
-0.579337614554796	0.475447950640614
0.852939962809722	0.546934303038246
-1.04460940159171	0.875044256076931
0.750975541614246	0.54652601352424
-1.00955415243895	0.719594277702576
0.250434257978222	0.15503656965698
-0.674953259376512	0.545717615515664
-0.487475189289329	0.372536126788705
0.769918427867793	0.713350661046896
0.497303000936201	0.461850728353355
-0.305903794727432	0.282992550723499
0.602341628289836	0.582861681820614
1.68366476165319	2.06495854393314
0.142051476455936	0.0888577884553235
1.62056231682315	2.38847869499649
-0.6533224692108	0.659742172425277
0.0290113532844415	0.0172048544907705
0.533245913804934	0.411170667653861
-0.877107195262802	0.577129826927392
0.141837999713012	0.0886982180340347
-1.11291376302428	1.62624133625218
0.546618628076521	0.39924652057197
0.972380876003831	1.05477624341821
0.0834869360630492	0.055915544926037
-0.449575266710993	0.282426405751337
-0.413796713408527	0.320906444984613
-0.938814115378142	0.734138351979046
0.711981637507327	0.546618402945273
-1.00946265936106	0.719458642516027
-0.171710160877072	0.102884135352662
-0.314905683790335	0.180488007236133
-0.70185514814014	0.4709545254248
-2.81249308077895	2.16583786673649
-0.00657979808016496	0.00367176203867503
0.680958309759776	0.550141531479728
0.232260614623231	0.197631770061225
0.0289038193280555	0.0171413780587822
-0.358574770830738	0.230008355533989
0.155550025489984	0.126721588016276
0.588748066995233	0.59200760590694
0.286438632184769	0.211674618036817
0.83849227356999	0.876919942220831
0.403623942543198	0.460253160919623
-0.585148041215528	0.595369138488535
-0.062793400981063	0.044307277190996
-0.212438930477435	0.172279900509948
0.512973007274193	0.436736128367523
0.399214271315013	0.293315937795653
-0.119410862413062	0.0729743072486799
0.396003500216528	0.22619139160627
0.874650622700453	0.879529294170625
0.11654967911571	0.0682554656091333
0.209977791311068	0.163495519661908
0.0856766271852479	0.0467288268596743
0.398713891522661	0.276963185861334
-0.235462187373492	0.138072780517714
-0.472047704335293	0.329071112036136
1.66413606189071	2.78558822228503
-0.766226718866288	0.662638820580915
0.711928262731637	0.546541091843573
-0.00820619958532179	0.00528963663095982
0.533436421763997	0.411253513347066
0.0856504615516148	0.0467163223346054
-0.686670269083675	0.508235697146491
1.0321031200666	0.910902241593399
-0.171900614616488	0.103015029122361
-0.390143390150611	0.276470382539367
0.396111062600139	0.226300322457463
-1.74038128308401	1.57482922037022
-0.504205711067872	0.665853093859577
-0.376189761444711	0.319857102948875
0.0292872457588634	0.0246886438546962
-0.249644264652147	0.345237547695233
-0.241893276658928	0.268141894959254
0.357464684516262	0.48711152676605
0.14519890385817	0.16841868628419
-0.336685351308792	0.46675877346015
-0.252970707382782	0.30905217139089
0.633196316268404	0.937326674732326
-0.0765296536154426	0.0686494496190902
-1.88235820940023	3.60355618900883
-0.631519406685582	0.829637254766435
0.0530741023639011	0.0431235830453922
-1.11295800683531	1.6262059964672
-1.25259114823221	2.04013756433015
-0.17464706630967	0.164403893894805
0.528091021639408	0.682401691755239
0.533401679118865	0.671209403982804
-0.00917220121774698	0.0066132667553173
0.0329680252370457	0.032607984480279
-0.308201737308947	0.321835259765536
-0.80767601248191	1.43624201556178
-0.835251844433244	1.18659007507583
-0.322120777402944	0.231900123867669
-0.422320612835452	0.236661180017005
0.917332660208241	0.884581953780753
-0.529494342934159	0.574244775813692
0.175099370558945	0.177449209257311
0.0120111204951783	0.00973972852873941
-0.0065571429011589	0.00557874183563743
0.769651818943123	0.713251012434848
-0.897517881794049	0.94030942754423
0.123683671244444	0.0919050903834416
0.546803549672268	0.399551531032605
0.234029943286015	0.135426106733778
-1.9285168388277	2.41219213361395
-0.653800485042455	0.660083145644065
-0.0944326119043179	0.0657828887059976
0.533338993952715	0.41118004757257
0.163521087137834	0.108760112686365
-0.0626851049638525	0.0442173631913278
0.813195711306029	1.19208234708615
-0.585126476792244	0.595416978000577
-0.212655936867747	0.172509682189
-0.253040656527444	0.203361739421099
-0.449242328827492	0.406908615644518
-0.500076440477735	0.41585911257642
-0.00829581607007071	0.00534680217442291
0.105075745602191	0.0742611086247324
0.116428702122489	0.0682030568622803
0.234209408113983	0.135557017197127
-0.00477832280722481	0.00221735527016294
-0.579444542438661	0.475484229467126
-0.487659615823777	0.372805015575226
0.276528860013888	0.193418045680985
-0.0344950591680551	0.0246181673202277
-0.376230236795951	0.319928965342465
0.533245913804934	0.411170667653861
-0.577183574521148	0.434451128606611
-0.326159922484406	0.279907201089532
-0.934202976966843	0.914065073356353
-0.433205412351035	0.364538367085565
-0.665606761197919	0.583891294044359
-1.011251229728	1.36418185581511
0.0287993663738144	0.0170735495312988
-0.791982672273346	0.630647826107759
-1.96448596851255	0.956498553769595
0.917305485294015	0.884519673248624
-0.740506762296043	0.968667301219248
-0.0948657312161931	0.0660901661009486
-0.573148582352656	0.392220049465515
0.0291188889302659	0.0172642695002374
0.49066893228168	0.473806834406034
-0.17599150977241	0.131957118755786
-0.322096027819269	0.231968199161496
-0.433511665279704	0.364839731926706
-0.25332606862342	0.203598242608979
-0.413837630123317	0.321003545361389
-0.00844394019625501	0.0054410827867448
-1.32050601215449	1.32479611255655
0.0855177827123777	0.0466323453857927
0.564511712489085	0.38970946004061
0.221547397709609	0.180520585145286
0.735770565588155	0.882066076895529
0.313364223659544	0.278500050430033
0.972529084634433	1.0549659670489
0.286271216955869	0.211512826252853
-0.568511406865005	0.350173903370174
-0.119359254656873	0.0729448682063679
0.30749743053463	0.261976438841343
-0.131164345483986	0.0901048674294726
-0.876390007174713	1.13832733081009
0.769648842025146	0.713134344128434
-0.579318494558417	0.475379314562234
0.404043134121705	0.474346690647784
-0.568511406865005	0.350173903370174
-0.529471067940227	0.57416901989158
0.196612417539357	0.145809472088384
-0.533112535821499	0.609926452471801
1.37879006214578	1.87540353371285
0.387249349429255	0.203527671777068
0.533255361430788	0.411152401885777
-0.175965673055704	0.131949461334819
-0.226776727752694	0.225440232469541
0.538774869964722	0.658971745031565
-0.822551189026933	1.02205884335587
-0.487608320482119	0.37274814708529
1.00963863151731	1.530782323258
-0.967115841730446	1.06802087090465
1.01586420964796	1.2232877452582
0.276634861834895	0.193514161038662
-1.06764935472228	1.02971956899807
-1.85878124781845	2.22421999966419
-0.686920155648617	0.508356092101914
0.211994594277884	0.113897485870755
-0.56850361312045	0.350137185021699
0.372838340462595	0.176172443452236
-0.0488625627152605	0.026640929763916
-0.56851911765476	0.350145609039403
0.0289038193280555	0.0171413780587822
0.104743245653756	0.0740199231291502
0.250605830440359	0.15518710398705
-0.326826054547014	0.129307389949932
0.0184140873354235	0.0123897500406228
-1.36897098368429	1.62782249890285
0.47493129366284	0.528057516566553
-0.265355830593369	0.193887517646546
-0.579296535169985	0.475401577626035
0.130721837320587	0.115341522671469
-0.139764988393575	0.105952444505199
-0.22441533242714	0.149321786982421
0.512805552548228	0.436584476041026
0.70117284270287	1.21877431806642
0.48144066898931	0.500512614065899
0.906461585802101	1.19598296182235
-0.217517602207641	0.161171641212651
-0.0284233206902766	0.0222639979160976
-0.0395541441011701	0.025083993257901
-1.06297223902261	1.49336406076892
0.68120935990724	0.550510843550439
-0.732078312418509	0.73290941491741
-0.265270608678333	0.193772808409327
-0.658574572761082	0.621915360766391
0.116319560159118	0.0986901914291856
0.497196260345077	0.461739233682324
0.497123314125918	0.461589678685721
-0.233498759376412	0.218083813470307
-0.449354185574023	0.407028967229039
-0.583912838323516	0.556526829819849
-0.0488612548978463	0.0266399771063741
0.477712301760052	0.513820942665093
0.250500056767619	0.155083394711135
-0.322351038261174	0.232133263902682
-0.327336309025416	0.12958353525551
0.128862234571198	0.0572251923644326
0.0479668102951513	0.0242035155870716
-0.701801990339726	0.470952990233888
-0.34269840431225	0.356564052984254
0.485660303991074	0.487144168592243
-0.354326128522958	0.430476350822396
-0.533152896420758	0.609956093380692
-0.196853048708832	0.219277565237742
0.347877037250324	0.416900698324423
-0.176175272355276	0.196574185666143
-0.339705913694703	0.432749135006232
-0.0568598520915846	0.0512135823028023
0.616079918534237	0.953262794067409
-0.0211708216792575	0.0204612208978471
-0.699242544539124	0.833297261157084
-0.0347480365326264	0.0247978244584538
0.294513828978293	0.228952281865942
0.15568292200841	0.126847980041654
-0.376057136712122	0.319747927093719
-0.253193279866668	0.203519381363415
0.193710555112958	0.178115707640607
0.0294731083754178	0.0248488196219731
0.533685193372905	0.671308144896733
0.15516599035831	0.147187542210026
0.232092163835715	0.295151863294111
-0.311828214577619	0.361842066310692
-0.194374075707148	0.227297114993764
0.267277140493357	0.265072508048081
-1.16006985219177	1.62046088950234
-1.04455779344299	0.874947175637136
-0.298900419989747	0.237697708205345
-0.686749044698813	0.508320544769257
-0.119412253858398	0.0729861393109778
-0.967808404594	0.566591842753788
-0.68711663420371	0.508310460211259
-0.518774887611493	0.498777366599583
-0.202680558656722	0.190087824187703
0.267090368921526	0.264924433502066
-0.585162835395546	0.595412768328562
0.702327440662759	0.89373615554859
-0.581445233475472	0.516161294976395
0.751120800009113	0.546422633895711
-0.00829232854863562	0.00534469134583311
0.264407398751648	0.174284582153539
0.163397194928647	0.108655313544341
0.0184400211106945	0.0124062591472949
-0.119439450446503	0.0730048395536886
-0.224468311403556	0.149348426055333
-0.322011037157674	0.231866624991855
0.401352876908239	0.415736978807876
0.481363358900163	0.500318534201873
-0.471681348655062	0.485478631248402
-0.325986236323559	0.279657087800094
-1.14274459002458	1.02084763016626
-0.224309396879475	0.149251198329982
-0.351651008423212	0.276311107920189
-0.171793801836589	0.102951867486592
-0.285053627335216	0.186330826663221
-0.0521951787542167	0.0406102894501169
-0.115206320751534	0.0955417693009804
0.128731299422086	0.0571633654848292
-0.422342376725643	0.236676559474934
0.693710317076415	0.725279210160063
-0.172058927367155	0.10311081239665
-0.100711867297307	0.053558502180433
0.512696027906123	0.436403646127151
0.512970237951791	0.436624773340006
-0.801721916884086	0.848043425468633
0.141998448683475	0.0888256576774279
-0.173854045087214	0.117638793695144
-0.322202951136644	0.232055249653008
-0.57948567480638	0.47553088728255
-0.510707674604449	0.458299016032669
1.87906430840007	2.97367768051047
0.398797581707142	0.277035673986689
-0.581555343950065	0.51639606863397
-0.265721215652657	0.194247194772182
0.048043370639892	0.0242397906790943
-0.701893398829885	0.471060653765222
-0.788464314880281	0.414424326723021
-0.573161765273624	0.392176229876356
-0.139591296538509	0.105804734317361
0.399334289427652	0.309272908852145
-0.47183084999615	0.485762347524721
-0.171998424677568	0.10308111895244
-0.119412253858398	0.0729861393109778
-0.22431100092233	0.149244423954331
-0.100435448908401	0.053405283159304
-0.039439317665799	0.0250060004000574
-0.139750337277477	0.105936073017397
-1.55184102833625	1.81404906386163
-1.35092907110827	1.18241295811439
-0.265635006259592	0.194195863617721
0.400488913896242	0.400389044111115
0.804029465539626	0.712392747137759
0.399659900532829	0.385130138325496
0.211918251717271	0.113865661807845
-0.260594489203997	0.131559221193867
0.178647471174659	0.0880725942603887
-0.57318827386279	0.392147128313302
-0.131188573518199	0.0901445086009192
0.0289568043675961	0.0171732158028847
0.838233482129389	0.876845308069539
0.807063267370813	0.875974825995864
0.50476523257835	0.449412211424249
-0.224495591706642	0.149371318920318
0.30767014945629	0.262152188495059
0.474910357209005	0.528013094434976
-0.0973877306436202	0.0869727180161683
-0.376077386551352	0.319792328705742
0.485761523643889	0.487230851729143
0.0136141408211922	0.0101389942241727
-0.732036673044235	0.441341043477748
-0.0760970861905723	0.0474036902375908
-0.100704209772987	0.0535537703395433
-1.09751107445445	1.3358841665702
0.632273962207813	0.352668549463053
-1.13152767566942	0.867218322233017
-0.449559643029099	0.282553005776485
0.8547076062703	1.19142447024824
0.551461336140329	0.635594505383636
-0.276733905376155	0.289806395431704
0.294538374539166	0.229025751018913
-0.29877351514744	0.237589613695921
-0.217672654330868	0.161274609837788
-0.395757176978376	0.36138361771335
0.104783446264362	0.0740499896731453
-0.576835707979372	0.43408115095225
0.497089520926248	0.461526130383423
0.564145183307959	0.389473891906218
-0.167723743572673	0.0869307434564531
-1.0094856146547	0.719469300354575
1.0817754508413	1.08353682191244
-1.52283520394249	1.22073671253041
-0.314943947858019	0.180508496860338
-0.389958581984116	0.276296546954303
-0.171854279210956	0.102994903376511
2.56447427302098	2.43351469821494
0.234365554688673	0.135606717924876
0.0289295329639315	0.017156171874967
-0.00482134538163185	0.00223622028267589
-0.078745871602922	0.0353461577361168
-0.500359520529249	0.4161131309389
-0.173939041290908	0.117697673411669
0.276689402129867	0.193541003738113
-1.11449125834891	0.540788176297302
0.398737028107333	0.276969072845267
-0.224309396879475	0.149251198329982
-0.65323119961919	0.659536853503646
-0.766387156575993	0.663061566941855
0.313378508050284	0.278505570202133
-0.17573061292985	0.186001902161363
-0.43478222333924	0.474802016815672
0.232300730347546	0.197757644464907
-0.17594543043347	0.131927464899078
-0.252994893935677	0.203314471075694
-0.253101716540296	0.203415792054854
0.154976973880873	0.146991423483389
0.399241455715525	0.293334087412803
0.232306307019016	0.197752316669945
0.232217884575208	0.19766706274943
-0.0491385627932144	0.0267957601177499
-0.00820965874590202	0.00529124301994387
-0.375919135171039	0.319589844911493
-0.568420162491824	0.350045818239286
-0.648402903842239	0.696299714495301
-0.00454119218106754	0.00210601132630046
0.318792031546661	0.294896898581203
1.11254430621574	0.937658562049887
-0.235171593301652	0.137850724253849
-0.0788394138547632	0.0353861542623881
-0.968384130058026	0.567051569300168
-1.27081507817581	0.885146462492235
0.178582044959992	0.0880558495915799
-0.2533001092088	0.203601929046433
-0.653408914392345	0.659917412289735
-0.146989619047374	0.1301729117139
0.404091913063758	0.474427438877154
0.460180930770737	0.60558895909411
0.929988447256482	1.04603386707996
-0.00732374549701143	0.00577248836438031
-0.880315981395042	1.2997026679918
-0.453715936314638	0.54793035935972
0.0121594711109407	0.00985962028128855
0.16101218592651	0.177475539143917
-0.117575218040507	0.125263775753223
-0.0763897901852499	0.068528881057559
-0.498931142812397	0.630232567206095
-0.305947734652615	0.283046959576675
-0.44463167241486	0.51138679326518
0.106993338853943	0.11043485912851
0.545092363636699	0.874110331260693
0.403183382174554	0.445972935149469
-0.326497555014058	0.434731515504441
0.534969694498715	0.913968446182942
-0.730280255722164	1.25743874570881
0.0596318071815013	0.0540664394067229
-0.267544170781363	0.295971607105689
-0.438394539692237	0.705423970827757
0.0790686127498477	0.0882511404082679
-0.267714990808324	0.296183506048098
-0.300487126710975	0.36629627651133
0.125202305947695	0.148598246784047
-0.90567343297313	1.60526244456839
-0.290085206553489	0.370159100777574
-1.12679749314645	0.723768445088123
-0.422428119128095	0.236719234912365
-1.52286589004481	1.22075753235214
0.396175686819008	0.226339115191097
0.12908973581767	0.0573229047507517
1.58597338133133	1.82445401574496
0.497196260345077	0.461739233682324
0.39907539657725	0.355105078717117
-0.471524404149731	0.485140972905628
-0.144264953092572	0.118860325726088
0.285008467851621	0.311272910614451
-0.747071538984321	0.697751766608455
0.736570972207952	1.04755553125293
-0.533176224190181	0.610026388595282
-0.253147483103661	0.203475468702817
0.688371545628439	0.900863325262864
-0.175582658140834	0.154733180005873
0.937879822940754	1.20149007440639
0.779612091239785	0.875988688644532
0.242234765338923	0.21487792757632
0.0425263449922447	0.0301310432120264
-0.0394843834563926	0.0250385463580607
-0.00919377285772495	0.00662814646474594
-0.709016629056284	0.80133427153077
-0.585083297622861	0.595355199060416
0.485580715993374	0.487025767487027
-0.897084668037755	0.939235921337157
-0.581755353992387	0.516422285624355
0.5587612267433	0.623717157474719
0.0827996118111091	0.0645103854377644
-0.253147483103661	0.203475468702817
-0.0784785806405535	0.0605966119873799
-0.0653493487710735	0.0547956175289929
-0.931775899258252	1.09115497721032
-0.719674781732239	0.767300271531753
-0.0345962527318288	0.0246919774876134
-0.29896684560065	0.237764756905772
0.0185872421154951	0.0125071736730892
-0.579233535502349	0.475321044301583
0.577036906308697	0.601693677830792
-0.0522415784277935	0.0406447408492478
-0.25306100751911	0.203389159680727
-0.0488879942131119	0.0266619172719185
-0.358588196149511	0.23002237558786
1.87932732472499	2.9741433354611
0.533255361430788	0.411152401885777
-0.376077386551352	0.319792328705742
-0.0758228309056645	0.0472304207766757
-0.389745257261773	0.276081962308489
0.617786041208643	0.573801635694511
-0.48776714051348	0.372911243742093
-0.5684886823218	0.350103935453231
-1.44931854075231	1.3467404647264
-0.472001332696941	0.328991717662355
0.0479827463402476	0.0242098150145323
1.14997582894482	1.42999665247261
0.0635459902665942	0.0472717047206181
-0.326282921574832	0.279983944213401
0.0479364447408366	0.0241891330477726
0.635734111800497	0.565150333147693
0.0289310925154956	0.0171575933732068
-0.285053627335216	0.186330826663221
-0.119465260841818	0.0730241295804546
-0.0393365030093654	0.0249446561305499
0.142024289324118	0.088834502541531
-0.217345378121757	0.161022659194176
-0.321947997560895	0.231792130970553
-0.658639875683426	0.622045105168558
-0.235263910068046	0.137908242010453
-0.981558452761994	0.891351129934286
-0.801543761004776	0.847560701678273
-0.146890087017975	0.130034340933284
-0.144331811184863	0.118925546263393
0.155555557045425	0.126711279135228
-0.709044519909782	0.801253007009373
-0.0395500459007253	0.0250801320019376
-0.487712563830129	0.372844245573686
-0.144198058944121	0.118782391931099
0.399381374365546	0.355489907430124
-0.0628240330612905	0.0443279840820764
-0.449028670807944	0.406433329471558
-0.585179038559087	0.667280548806945
0.116209783657585	0.0680661387473735
0.0850138651457091	0.0746656643224321
0.399428150539116	0.37025299028889
0.0637127134079812	0.0474024288380772
0.89824189814852	0.72307499104243
-0.897562491563505	0.940233689247385
2.0475571909752	1.45300524221569
0.681148814685048	0.550507144497065
0.398737028107333	0.276969072845267
-0.00482134538163185	0.00223622028267589
0.061698863167424	0.023890625298551
0.402089212506356	0.13919342312955
1.29007573135185	0.361162560899904
-0.0786522619879239	0.0353023758590265
-0.665414863495902	0.583529006517462
0.0856635463965309	0.0467239502969187
0.546895990778706	0.399626688998168
1.04390489512587	0.753534877399522
-0.0787328393819667	0.0353418953097744
0.365796592364056	0.150347828566248
-0.518151592408807	0.17915606425969
0.104849993135276	0.0741031666810547
0.0287705561859204	0.0170587536066852
0.294862597370263	0.229195589037083
-0.585285575147905	0.595550969236613
-0.131036907601626	0.0900279719569885
-0.653474984668263	0.660007482888487
0.140617328131956	0.109513740275173
0.301650759862896	0.245935131982455
-0.58515546023233	0.595470236004007
-0.665273712898962	0.582910586026968
0.968702831497773	0.894775455345156
0.399045218082428	0.26107791038966
0.399187088913684	0.293282605618885
-0.358338199255754	0.229763232599452
-0.487661253003712	0.372817824928706
1.09697292307773	1.40787092955857
0.399032143012627	0.261073229564847
0.53314845932752	0.411062687777545
0.898639019953171	0.723260920686798
-0.298906392453111	0.237731703124378
-0.265462605780049	0.194040861809736
-0.13119228043096	0.090142188377435
-0.171854279210956	0.102994903376511
0.116475015422518	0.0682251413948048
-0.0064125873499607	0.00358029417270733
-0.260579855127371	0.131555960501043
-1.04445204539498	0.874915515762286
-0.471940885671565	0.328935283128993
-0.348133372814213	0.320125182346777
0.247742846337775	0.284768103371206
-0.444657466648055	0.511371005223852
-0.586624084615055	0.841255584447968
-0.1467413719471	0.129904743887981
-1.03348528044262	1.19961266473414
-0.625596423476202	0.93239229346058
0.013580722487261	0.0101137983047624
0.644377414499475	0.745867858878051
-0.253225808999323	0.309513834550589
0.885430726316272	1.79373679315261
-0.174893399724806	0.174881207064426
-0.135806227412176	0.144430561314188
-0.131710862688669	0.13256363767085
0.0332883242039786	0.0368802616496743
0.27331048044957	0.358745892001408
-0.0762842166196996	0.0684270522341707
-0.536474699310314	0.645162413111654
0.538965314599165	0.659584916382241
-0.131908203266614	0.132763849840851
-0.046310843655384	0.0471684020788869
-0.498938640375987	0.630256946043468
-0.104182045852431	0.11674884908397
0.07297427052374	0.0684541218229616
-0.0683881641252484	0.0655350422136034
-0.509618223519572	0.703206063228204
-0.622805111531662	1.00184498078727
-0.391368449200474	0.19130152788782
-0.31487529078185	0.180469531977314
-1.63535263331153	1.39540065672422
-1.27066180837054	0.885025373031595
-0.500162625347248	0.415988532677424
0.656392640007597	0.556873595673821
-0.107478398784574	0.0822805523486256
0.323965013263249	0.31125621613294
-1.05087130710863	1.34917166252621
1.05102044255343	1.3898513065571
0.221547397709609	0.180520585145286
-0.411376587616459	0.400769323391542
-0.305836931473833	0.282943420461843
0.399305007862278	0.370151718887221
-0.461832868610168	0.447275924023554
-0.202711572583249	0.19013502970454
-0.289193633595314	0.28555145646055
0.0423743719128558	0.0300283189520027
-0.212800342875398	0.172658169951897
-0.41134317282327	0.400708180025393
0.0853650895960433	0.0750170893937536
-0.0344587378778064	0.0245926932621144
-0.00921089211792067	0.00664117848536329
-0.376276327018466	0.319940695177063
-0.224336677934566	0.149274089294747
-0.792089496111302	0.630754759552082
-0.576882370471677	0.434180566976922
-0.29877351514744	0.237589613695921
-0.852185877406207	0.784775244529233
-1.32055891555586	1.32494214197076
-0.0945393578382475	0.0658711107151154
-0.298701242477462	0.237446317348157
-0.376138151059544	0.319822824873719
-0.791894359018436	0.630167096930256
-0.581534663169211	0.516361215772892
-0.648352400032634	0.696186535969026
-0.284937084019873	0.186191599340691
-0.70190117287605	0.471095771394012
-0.792066289731086	0.630748823283636
-0.674873072019471	0.545745098121915
-0.07565288497896	0.0471115089473999
-0.890077229239464	0.758391290815041
-0.314814424996404	0.18040114856928
0.0855710855814217	0.0466692685549772
-0.171891600284617	0.103013652092688
-0.376123441249274	0.319807562477193
0.0289295329639315	0.017156171874967
0.116353991523378	0.0681564763741826
0.718111359650868	0.887483900214155
-0.0758613446971181	0.0472573155696398
1.08204025772391	1.08405931812681
0.276689402129867	0.193541003738113
1.06396047453429	1.23819179780686
0.276660584190188	0.193521158081898
0.533269183355893	0.41120691108276
-0.224280506270337	0.149162741500338
0.968679705784598	0.894791434390984
-1.32061027118199	1.32511225206066
0.504703406192072	0.449340649339581
0.399660064812808	0.245317382260872
-0.389876979031048	0.276305805054114
-0.224256440322004	0.149207271874944
0.116186636806352	0.0680532515196002
-0.877128198496476	0.577191008258668
-0.171937931217338	0.103046922596437
0.276554597821924	0.193442752888539
-0.131299074733757	0.0902242295103592
-0.217562355222036	0.161209704519002
0.058443790022945	0.0369248768508539
-1.09720148627799	1.33577294390053
-0.766148215318881	0.662566783718043
-0.487661253003712	0.372817824928706
0.313537643823297	0.278630876860233
-0.0946785433292752	0.0659525154267262
0.399796895410157	0.325428904465751
0.328713590035896	0.327483934177315
0.0532416117095745	0.0432639331556626
0.178408925233274	0.0879707492156317
-0.139931183493428	0.106064624295351
-0.500117645690407	0.41594675017541
0.163372920550334	0.108642931660014
-0.395945291122554	0.361460943095515
-0.173769055054967	0.117569809360543
-0.0345166891399515	0.0246353687525861
0.522228307050352	0.423705860585646
0.602193643742775	0.582782991379419
-0.247876608409354	0.260185965063939
-0.533176224190181	0.610026388595282
-0.801676052804985	0.847904396814613
-0.17594543043347	0.131927464899078
-0.322329129041418	0.232140380002769
0.234029943286015	0.135426106733778
-0.171756506436492	0.102917399898034
0.564324718997456	0.389655936649954
-0.848554588996423	0.353709685597233
-4.18692465030888	1.51167343819974
0.396111062600139	0.226300322457463
0.128853508420719	0.0572225471771537
-1.27041540395048	0.884913999923827
-0.314943947858019	0.180508496860338
-2.19317773508491	1.21121855507647
-1.96417843831088	0.956262812874776
-0.184035935062965	0.078881889936466
0.584652914869478	0.379820092954532
0.0586329228416671	0.0370441448141597
-0.131016263300777	0.0900113369121823
-1.35098119313702	1.1823469892879
0.0134670674866523	0.0100266893282993
0.84596605132746	0.715188219408872
-0.375919135171039	0.319589844911493
-0.107391978929911	0.082210309151635
0.294690210779271	0.229145177337643
0.83322702955758	1.0328305510057
-0.00911114709623453	0.0065699635116701
-0.0628240330612905	0.0443279840820764
0.0289583677449382	0.0171730144127463
0.874650622700453	0.879529294170625
-0.701962072171393	0.471087613431695
-0.376143684377995	0.319851962038645
-0.732037943741207	0.732767940869475
-1.04413775670012	0.874097731685191
0.141918226728449	0.0887664170461289
-0.235263910068046	0.137908242010453
-0.568549525224171	0.350166151783107
-1.40173959677607	1.05032179808904
-0.665795668764915	0.583989672620801
-1.40186387978556	1.48405378748079
0.0289310925154956	0.0171575933732068
0.658472541429457	0.737710643179283
-0.571743456153145	0.312557694105377
0.307504250156037	0.262021859532627
0.564250149840858	0.389549415415737
-0.877213265073092	0.577236204859608
-0.394665448642048	0.432297219070597
-1.20406905864464	2.03706935194522
0.47236735982518	0.541888740228849
0.0423961627944852	0.0300416647640507
0.313400167782936	0.278486952861614
0.0829930600819254	0.0646688370848116
0.313284640102475	0.278416887817052
-0.0437962120060652	0.0369099483066364
0.191913754949027	0.206805476232428
0.169192530240999	0.191864003598195
0.144869660959148	0.168031985494773
-0.00734078783446181	0.00669048369183816
-0.0071909443413222	0.00696554711128214
-0.194926945995994	0.228118197174372
-0.0569742313508501	0.0513213132928931
-0.0785558991748548	0.0606460349870094
0.0242499279484244	0.0218672508757692
-0.372020133775842	0.429806092633301
-0.314028922041481	0.400317304569117
-0.422234825621056	0.236575732189162
-1.63513010457781	1.39516657758567
-0.732333381337704	0.441218363145223
0.632273962207813	0.352668549463053
1.12038509420166	1.25758642286657
-0.658705200469273	0.622151746026057
0.809051179307361	1.03370677669985
-0.0522860026005637	0.0406806162176079
0.715466063578997	0.720455500194939
0.130614942781016	0.115247380399564
0.878967602880621	1.19271956388996
-0.449262698600981	0.406918205235097
-0.529741651311274	0.574748949868629
-0.413878595132534	0.321065353400636
0.221699313083849	0.180678347093115
0.708969654385397	1.05709371827623
-0.585133868274676	0.595431080998645
-0.585467293816696	0.63224799741469
-0.901748627251097	1.11435795664455
-0.282252241621035	0.244227591554584
-1.14288853040614	1.02069156014116
-0.510574782260195	0.458219887010343
-0.709121837915284	0.801367271973693
0.163589192153375	0.108745019756394
-0.577109715356513	0.434343995222223
-0.107693842883526	0.0824397612849064
-0.167693368413642	0.0868997512133413
-0.107550211177836	0.0823388634065232
-0.326102142331909	0.27980884737187
-0.981584186560259	0.891361705052936
-0.224230772830144	0.149180058323105
-0.322266028375118	0.232102188709418
-0.139533547797956	0.105749013163599
-0.433270756414973	0.364627517279049
-0.933951300730711	0.913979811896187
1.33143505697339	2.34217219732517
-0.0520134865140099	0.040454193448594
-0.242698282493497	0.211457535821574
-0.100599240850681	0.0534854334490669
0.178300949641365	0.0878996403275426
-0.0790660786633357	0.0354934239501734
-1.23433946579219	1.17062730393621
-0.0760533009637857	0.0473839636800134
0.558527811876061	0.623390358149903
-0.579192540483135	0.475198566276202
-0.449446886597541	0.282387526346653
-0.176251209491276	0.132172200056175
0.53306482134508	0.410917102288188
0.54676433796816	0.399440426883127
-0.253147483103661	0.203475468702817
0.104962917704732	0.0741887431566488
-0.217366086087978	0.161042824286404
-0.0785715154224317	0.0352603267586224
-0.285020674166101	0.18629562430315
-0.686564529117942	0.508078747495984
-0.00814076699264282	0.00524748175727083
-0.00910573543417382	0.00656597976461818
-1.0676237647284	1.02968638703922
-0.322032975668386	0.231903465341743
-0.358667111251907	0.23008064430689
-0.358574770830738	0.230008355533989
0.546671833494074	0.399360835909811
0.0585259790915252	0.0369739349221746
-0.00632898795488209	0.00353408767115909
-0.351892457512203	0.276518244605856
-0.0490071340311382	0.0267250488141324
0.399476199694111	0.340526317214485
0.141998448683475	0.0888256576774279
-0.0490461137062827	0.0267468360349336
-1.22070199017278	1.47087432780868
0.806911570007883	0.875805150498862
0.567228273428504	0.612610766792772
-0.119438062625368	0.07300144384376
-0.131344082804963	0.0902493146912442
0.399427771188148	0.340575593841657
-0.581837893922969	0.516636156715902
0.0582544538747471	0.0367935906124995
-0.305995726056055	0.282880626229557
0.551169681940943	0.634877872595966
-0.719790301957509	0.767544572528136
0.193996562065229	0.178357768985301
-0.233409326172822	0.21798883157019
0.11641099929971	0.0987695099534259
0.070244409807951	0.0594226489831053
0.467206102151619	0.568075627822469
-0.348172001230589	0.320161359011948
-0.50009704051959	0.41591664999723
-1.14282817546535	1.02074652768718
-0.260407914201451	0.131463826799335
-0.57703974245666	0.434369516798473
-1.2704617302546	0.88475871812798
-2.19242126769198	1.21041099953334
-0.391707819032516	0.191441091636894
-0.184505553212383	0.0791373504854963
-0.568366642522512	0.349870753959806
-0.579047233084989	0.267435837190726
-1.6857313628121	0.703085363193652
-0.32733529210431	0.129585538245281
-0.358759464822714	0.230124373095012
-0.877298087015138	0.577068484962905
0.178344142351158	0.0879130866885018
0.396175686819008	0.226339115191097
0.387524745750924	0.203731359245904
1.29047191149383	0.361322640689658
-0.788575520499092	0.414353051058273
-0.17191476584973	0.103033463272345
0.163372920550334	0.108642931660014
0.140465119256737	0.109419484656781
-0.325549805046427	0.32019646329782
0.504527245921665	0.449325217126695
-0.934017448480792	0.913430353327258
-0.24287565418066	0.211601698211199
-0.510488193751867	0.458138192503648
-0.510528530413483	0.458147754402912
-0.233357702363722	0.217941531856344
0.182244964487886	0.161274472399625
0.681102546937439	0.550386522987246
0.546566029400145	0.399212398420784
0.750918451769797	0.546500400749536
0.0585507395646079	0.0369912014102946
0.675346031552076	0.907436077532054
-0.284923432219298	0.186232006972448
-0.284970053545889	0.186273402942853
-0.471917697128645	0.328849219181502
-0.897324977936662	0.939631256584462
0.196681525546273	0.145897187775546
-0.00800996728468192	0.00516267382407664
-0.487635606562525	0.372739875622519
-0.171854279210956	0.102994903376511
-0.576965922644856	0.434268315425558
-0.395446381783131	0.360980936352395
0.286334355858973	0.211582312059847
0.123312792666688	0.0915906667840502
0.163416673168622	0.108685956637582
0.584691164752436	0.379856682356652
-0.171937931217338	0.103046922596437
0.123490355899426	0.0917494452189474
-0.375852913973367	0.319487422361708
0.379526537620342	0.637130537879625
-0.0437143596072341	0.0489113652805694
-0.444924978547024	0.764498285522066
-0.206006252940824	0.263044770157243
-0.267527507528697	0.295970142394668
0.37421756755862	0.601051779941915
-0.196957989455467	0.219404552302821
-0.0439050352555058	0.0370020405112472
-1.42068457755574	2.62804085561951
-0.84751494297264	0.353113627072122
-0.701862955864654	0.471051609861451
0.128870977387423	0.0572162720109094
-0.104191034118389	0.0289508643830017
0.178835485532827	0.0881531101647819
-0.173958225918879	0.117700871705319
0.606840474184464	0.368014046586871
0.533208825612179	0.411146860046541
-1.09744028036222	1.33626237931806
0.400511315225647	0.4005231963383
0.116343175224197	0.0987109033400783
0.24232287330221	0.214957715948314
-0.0786173073831436	0.0606936867102002
-0.207448443920717	0.181869133661447
-0.224521297838947	0.14936884519564
-0.0286710029548347	0.0224561440752511
-0.957827323174915	1.23816128076778
-0.390114807819192	0.276421888909125
0.232223380950509	0.197689211285033
0.242145532440723	0.214785047699664
0.155621945192647	0.1267890069065
-0.500052357400139	0.415859651019115
-1.09715597916472	1.33569648510972
-0.897235938642563	0.939821244116649
-0.479860796037762	0.52247996974429
-0.938971978520868	0.734455823851989
0.301471203433606	0.245756967648076
-0.00657979808016496	0.00367176203867503
-0.00482134538163185	0.00223622028267589
-0.235224426170279	0.137909137164948
-0.00475644377704416	0.00220336623888643
-0.322139897340277	0.231999577337031
-0.411332721166494	0.400804361782218
0.533245913804934	0.411170667653861
-0.351978646654272	0.276629961687956
-2.46821719257371	2.50447754856686
0.0584218523132793	0.0369098436699805
-1.14254035383804	1.02052276315938
0.250315748929267	0.154878445340045
0.6563136995897	0.556790487890074
0.047887776877987	0.0241619538247141
0.512973007274193	0.436736128367523
0.276768103389844	0.193591961324523
0.221554871682995	0.180596168149768
-0.732192865670734	0.441473163114747
-0.391603095504156	0.191462066890932
0.632055174789326	0.352583555456159
1.59543602232521	0.855138415286497
0.632046398741327	0.352597545210657
0.715445504442213	0.720411590700479
0.234209408113983	0.135557017197127
-0.100532689740455	0.0534621458761021
-0.0392463609295962	0.0248852912712085
0.19689856618398	0.146036684228648
-1.27066180837054	0.885025373031595
1.66389060825575	1.51507507391638
0.1420256374432	0.0888443640776842
1.24599829969537	1.14590672917174
0.196554057121094	0.145763370635382
0.0186333673940162	0.0125386230495905
0.221468274196859	0.18046175025547
-0.322241539864549	0.232019625004844
0.398740387622552	0.260752173873558
-0.224548577900607	0.149391736312793
-0.0631470502011181	0.0445366258352435
0.0187401524681078	0.0126089941467401
-0.57685903938328	0.434149334010838
-0.0522839918601282	0.04068072043643
0.512929138946497	0.436686471681773
0.635583455288015	0.564897273997189
0.0291188889302659	0.0172642695002374
-0.931602373821939	1.090918671406
0.40413021683388	0.487859659754023
0.0703273912203484	0.0594995602930338
0.564332334827496	0.389653895586746
-1.51339173555796	2.24484100288451
0.178221803522451	0.087859016655947
0.0634739417389823	0.0472242003056847
-1.36882260540108	1.62732653000381
-1.40186461371808	1.05084714160718
1.72129917148825	1.34707589489112
-0.00484279931117502	0.00224682304483335
0.92912666564349	0.545221169055652
0.395874659104213	0.225896748904929
-0.788111377288474	0.414177817025583
1.31601382519203	0.589391230638723
-2.94698077954152	0.645760131429668
-0.103708004302289	0.0288061650208548
0.440628375497016	0.120463053794555
-0.95187692509697	0.272670624519378
-0.84751494297264	0.353113627072122
-0.579119326010413	0.267387068020036
0.365902525614416	0.150379543777498
1.83326188117045	1.14068248103624
-0.327545278073981	0.129659072969271
-1.35610128709322	0.474818712797072
-0.284946743038968	0.186258778585444
-0.0488357677346139	0.0266327969000951
0.178221803522451	0.087859016655947
-0.0523495386029538	0.0407269663768707
-0.00651948015524466	0.00363872630473713
-1.09744028036222	1.33626237931806
-0.500100874342075	0.415714213229684
-0.57940067199644	0.475491171193195
0.213196892124858	0.210384602655992
0.399441211531121	0.309440121880816
0.546685125585434	0.399328391343253
-0.260422454505934	0.131473076198748
-1.32945704925353	0.732853759751035
-0.314921305698856	0.18046368292624
0.399151481729291	0.260999892578992
-0.260235539921703	0.131347478886903
0.631924054382468	0.352475981362613
1.34289595232922	1.01499095487319
-0.0789466320583325	0.0354412383139809
-0.731958339276255	0.441230120289073
-1.06754356591929	1.02960059011662
-1.04445204539498	0.874915515762286
-0.823991306393046	0.816234952867646
-0.28907932359609	0.285379419535455
-0.585104895577522	0.595412365837543
0.0828382842492208	0.0645463187224026
0.294714603155384	0.229169576232703
0.276580329693046	0.19344851355763
1.37666906242023	1.70450803174338
0.617658785731477	0.573718074229117
1.15006611141274	1.42985600137303
0.404996639335493	0.596361396962481
-0.369965943077085	0.53340155964936
0.206681877084845	0.268455082681279
-0.657061604516338	1.09480183109078
-0.346050278700355	0.498946386326088
-0.24285298430175	0.211597744702005
-0.0942833326068396	0.095398451345344
-0.152379290345204	0.152861226900284
-0.486654450164929	0.558431864198966
-0.783111214501663	0.879440741495878
-1.67023624124975	1.12131039499451
0.67150962292298	0.334766898185218
-1.32938572253344	0.733074998982863
-0.260515813735499	0.131513276350311
-0.358705874706347	0.230028410567358
-0.00471351223080486	0.00218494087160831
-0.351909434642379	0.276629510394756
-0.510375567212001	0.457986246773188
-0.17538400532069	0.175413902500762
-0.175338096023281	0.154478990402182
-0.424049624186674	0.438465371745687
-0.533210519710011	0.610057492801796
-0.207425197455971	0.181842600577622
0.0120045218255738	0.00973301021484935
-0.199615752685489	0.19903148481121
-0.510641220224687	0.458267238847019
-0.533064783424524	0.609789146787966
-0.525175044627346	0.537828122810874
-0.131126705677178	0.0900946303692759
-0.643416638340921	0.730771413760415
-0.423893332673915	0.438177819000082
-0.395496943936468	0.361059612850395
-0.52953871437549	0.574381920851772
-0.288972409223088	0.285196314906171
-1.05080716281208	1.34988252088354
-0.581600116981307	0.516448993782105
-0.172058927367155	0.10311081239665
-0.389879823653453	0.27606657570012
-0.176098300794053	0.13206066315773
-0.242670275181169	0.211440087094734
-0.17381013832956	0.117590207916173
0.551277751153671	0.635430064541734
-0.462114182930705	0.447478973401634
-0.321969946980768	0.23182896791386
-1.74046969219805	1.57511260293542
0.211857686193715	0.113839275081236
0.635692775513996	0.565109371608688
0.181354727690782	0.127651068600099
-0.0759244901058836	0.0472976538205904
-0.322137186716877	0.231987050042715
-0.413960669915903	0.321092009427935
0.563965441857642	0.389165145449112
-2.06194142386733	1.69793490735057
0.0857298001699369	0.0467611300263588
-0.327440587999834	0.129669435996948
-0.391611384485079	0.191440763997525
-0.167822568183777	0.0869921519796813
0.116065548845845	0.0679585961673974
-0.224522869966244	0.149385580535303
0.163416673168622	0.108685956637582
-0.648633986840502	0.696560403236024
0.893064014965812	1.03963383965687
-0.967202371505946	1.06804406547909
0.294624588337035	0.229092284949089
0.264718600927762	0.174588722278937
-0.576835707979372	0.43408115095225
-0.35184393948654	0.276566025269648
-0.433356843994012	0.364700151185672
-0.224495591706642	0.149371318920318
0.399640462504326	0.245290629353771
0.116368199676192	0.0681703696479722
0.715527711404916	0.720393578432893
-0.326109286876676	0.279850876249518
-1.22064125604294	1.47065289363566
0.717939401359788	0.887405666998746
0.740643301565032	0.716404692220104
0.264691032007965	0.174468784449165
0.398847215126186	0.260889903756827
0.328919292727629	0.327621031145314
-0.492877009499867	0.594015874101611
-0.217693310125571	0.161294740239511
-0.265725247681282	0.194240756701471
-0.322052177381556	0.231878746333326
0.546803549672268	0.399551531032605
0.100402960718665	0.0817303274157741
0.504461609472985	0.449256492439233
0.0479972024740841	0.0242164984656391
0.387362897339459	0.203602422991271
1.11247611937041	0.937616420025001
-1.35610128709322	0.474818712797072
0.632046398741327	0.352597545210657
0.440364661588217	0.120386763104114
1.31704077902752	0.589986987289273
-0.518151592408807	0.17915606425969
0.403632537227691	0.139839884189156
1.29007573135185	0.361162560899904
-4.86850020904637	2.52996282419655
-0.73228569888236	0.441519104636812
-0.516625938445608	0.17859542475739
0.128391367175165	0.0569839724059529
2.59830808808347	0.565621890602798
-0.951768045880078	0.27264192625531
-0.406143088696864	0.0911104868149055
0.533245913804934	0.411170667653861
-0.877234030673162	0.57722347245481
-0.449544062178421	0.282531156107745
0.0828544402938326	0.0645519664797194
0.632185640418459	0.754969453206023
-0.107622025876025	0.0823919798169664
-0.11962432842317	0.0731207776275701
-0.212547434943879	0.172412341051116
-0.00916670919333731	0.00660852190155799
-0.653490472213406	0.659705982328076
-0.131102415469497	0.0900815453227977
-1.40178047258965	1.05066848132629
0.504391886054645	0.44906628864148
1.15038774530258	0.774119696180458
-0.517513875524486	0.178911161319999
1.73199797050355	1.91452096111937
0.387350306201344	0.203615179010527
-0.568572097465517	0.350153102769924
-1.67035171659667	1.12130058923539
-0.224124897716049	0.149057494518758
-0.100629944992226	0.0535126365530659
-0.034675820202948	0.0247470093420933
-0.422148791893752	0.236421886369495
-0.571850481296198	0.312666676322475
-0.167852880383599	0.0870058064419345
0.796391115232239	0.546294317805983
0.276527333024065	0.193404830580203
-0.536581869501383	0.645411911283272
0.355690605186914	0.472936926889749
-0.231592468555417	0.283301950763286
-0.199815538430817	0.1992343863926
-1.03344459158358	1.19927226392489
-0.876244899976775	1.13800165238952
-0.449217000544622	0.406808342310543
-0.540110973698013	0.680838970439297
-0.516625938445608	0.17859542475739
-0.517262058968037	0.178864495866734
0.398918661272857	0.277122050938888
-0.433315405412224	0.36468529227267
-0.342757008055361	0.356843829032782
-0.766927126718744	0.909955148110897
-0.131362942206015	0.132138949741812
-0.433273985846168	0.364583826134231
-0.298721427398096	0.237429563306621
-0.0524424574970128	0.040795956012359
-0.176601606614066	0.144459897099089
-0.248202924435382	0.260633551477044
-0.0438137039067813	0.0369234618676996
-1.03350562865797	1.19962555668558
-0.176889293610548	0.144693460562961
-0.0946461025916477	0.065946218902393
-0.175562137950761	0.154727264005668
-0.585097487760511	0.59532914956603
-0.217452189601796	0.161116070471731
-0.877171466206336	0.577150150243609
-0.653383646304411	0.659805884953559
-0.146867897844697	0.130055984662593
0.14050139907771	0.109464650606906
0.0294904327713633	0.0248598539534069
0.221554871682995	0.180596168149768
-0.284946743038968	0.186258778585444
-1.35083692672937	1.18239134984024
0.264658266871447	0.174547011346903
-0.0488357677346139	0.0266327969000951
-0.375944838067394	0.319642580323954
-0.173558094604023	0.117371743278771
-0.686814392821566	0.508383460359442
0.294542240172284	0.229015266462376
0.276636404460945	0.193497311214723
1.11246149016777	0.937645880867221
-0.184627520138321	0.0791861460962011
1.11255166293503	0.937740334633732
0.750738002359985	0.54623867910786
0.372828104257578	0.176187601416706
-0.0757159147478549	0.0471597621039468
-1.24519955622981	1.02234001569233
-0.235224426170279	0.137909137164948
-0.581469232011708	0.51625422905222
0.522360088449923	0.423880206162727
-0.701832486364182	0.471016343360915
-0.314966389985357	0.180495713336035
-0.171779678942634	0.102924073883888
-0.568412513831888	0.350074832940256
0.968535413486982	0.894382720035318
0.313487041310955	0.278609543579124
0.276500070262287	0.193354946144982
-0.390008771037508	0.276395178397817
-0.235290503145764	0.137949646882033
0.968581655180336	0.894400703459376
-0.176806542179563	0.144644924842262
0.141999791938549	0.0888227103233252
0.898526453765479	0.723531388531303
-0.939064223681972	0.734584867529678
0.399689800728746	0.340773975710753
-0.0625849580010339	0.044146973628152
0.0857298001699369	0.0467611300263588
0.809034592083974	1.03330727570243
0.329091626405847	0.32775380807537
-0.449466147354072	0.406975229249039
0.0857298001699369	0.0467611300263588
-0.358786282005631	0.230025225581523
0.38714220227909	0.203391246363681
-0.242670275181169	0.211440087094734
1.21161956712331	1.45580988034692
0.373186918798905	0.176352245678087
-0.184505553212383	0.0791373504854963
1.89210424581058	1.63115723445706
-3.87522571878201	1.20686794936312
-1.12668504630645	0.723641797428308
0.929116274088441	0.545396838220442
-0.406653408801407	0.0912540543799087
-1.35533182117744	0.474230709506602
-0.516375129736063	0.178441001382876
-0.327335889648938	0.129624283363844
-0.517899147573227	0.179109173088448
-2.10706742962015	0.378548652882402
0.956055118653698	0.344844233810228
-0.406260094312188	0.0911374164788629
0.0479024594570816	0.0241625713413601
0.211934111461218	0.113871149144747
-1.94217785162884	1.50556750778932
0.163691111572332	0.108867087785117
0.787934045375903	1.03601928624716
-0.376337031151074	0.319971125504557
0.301451117250442	0.245747616354793
0.838299255605635	0.876921147738516
0.196746997365906	0.14594511021234
-0.449393602668254	0.40702439944221
-1.93121819115824	1.94584247129916
-1.12738334500874	0.724176297801358
0.387443934982169	0.203677658568846
-0.00482134538163185	0.00223622028267589
-0.184260968187063	0.0790176636787065
0.606920023753657	0.368081471821074
-1.1145954954322	0.541089063658969
-0.00940109644110474	0.00309197435180766
0.0478981651999103	0.0241685434406286
-0.314867405965761	0.180451526135702
-0.121031011706999	0.107664357219645
0.804043307590794	0.71233864047186
-0.282013502175803	0.243981153846639
0.0859014915634962	0.0468510187878195
-1.00935607972879	0.718851991772044
-0.39014201100796	0.276459800734295
-0.98145256366974	0.891200517436491
-0.146947812552076	0.130146676148514
-0.155000684855368	0.164469113708003
-0.175927556252068	0.186254794680262
-1.96417843831088	0.956262812874776
-1.68657752983501	0.703681756485321
0.584789793668832	0.379972034303177
-0.577109715356513	0.434343995222223
-0.28926984093423	0.285612378441594
-0.0394432749489625	0.0250150078693679
0.0138261830689517	0.0102938298404437
-0.585340078921385	0.770715452293143
-0.174681254614593	0.174618573292466
-0.34017218484967	0.393528476537535
0.533164375630457	0.670541715520132
0.318863951754574	0.294966170112902
0.403790018609978	0.460290538895574
-0.00728934968948063	0.00574573085274756
-0.576979499479811	0.434315794257747
-0.217366086087978	0.161042824286404
0.100534329627605	0.0818214874987433
-0.58553404122298	0.632335799274837
0.399517607121712	0.325283423741794
-0.518926791540657	0.498965059120384
1.11266385916294	0.937574051569259
-0.701870683447116	0.471060482975925
0.264732361595383	0.174574594918419
0.898339298766934	0.723330813645462
-0.04894032291715	0.0266830057727092
-0.391949865486702	0.191579791283879
-0.00635228232034153	0.00354698853506701
0.497063102201755	0.461548138594148
-0.100524984420176	0.0534573894442428
-1.4018007776737	1.0507394544735
-0.260766091295426	0.131607173198637
2.23909097523392	1.77945514725035
-0.422385450751323	0.236657506409627
-0.571737584667295	0.312608565413617
-0.351864597228269	0.276566926076183
-0.284960393323697	0.186248011498073
-0.701893398829885	0.471060653765222
0.234112079861019	0.135489192248169
1.12032189419078	1.25763932933792
0.396175686819008	0.226339115191097
0.11614924186535	0.0680207405035995
0.250802790713255	0.155248272212044
0.396197438898127	0.226365511940548
0.0288235559180433	0.017091874728813
-0.167784410327834	0.086973154849
0.28646056595442	0.211694108651968
-0.686578027159609	0.508127690026033
-0.825053757516349	0.59945569070679
0.750820935056823	0.546362059972189
-0.701832486364182	0.471016343360915
0.398653331140568	0.276880501006235
0.399320966654503	0.34043004569733
-0.0759682684831344	0.0473317038327201
1.09683968958851	1.40778201755148
0.163606102560209	0.108818672900978
0.140320642456421	0.109318558109356
-0.00809939031868154	0.00522075899483485
0.0852280866109275	0.0748921006113178
1.01585048776312	1.22337738487407
0.163523595034267	0.108757021919746
-0.471950019674365	0.328941989211809
1.0442650852691	0.754232399790507
0.504301401518214	0.448673600947533
-1.22608140932695	1.31950984029936
0.584713362680071	0.379926319520258
1.51265389322007	1.26303935624358
-0.0787588855722984	0.0353441950334484
0.44905816517692	0.0872417415102285
1.30839638661306	0.797687194353385
-0.788343745757691	0.414362328106443
0.403887011029617	0.139900753756777
-0.516625938445608	0.17859542475739
-0.579090117832204	0.267455039000505
-0.0081408866142675	0.00267744478079309
-0.516375129736063	0.178441001382876
-0.104360815899979	0.0290077066781166
0.439871247620891	0.120233355559156
0.0858222138874829	0.0468112400675287
0.128617894345499	0.0571115897629187
-0.675085035125331	0.545755927653591
-0.746987763735348	0.697421598282056
0.276501593424179	0.193390335819138
0.163669198809145	0.108853324515277
-0.375924574758734	0.31959818293731
0.399690400102612	0.24532046887855
-0.411371361312908	0.400822715058888
-0.265440394119317	0.193918014480937
-0.732051484142669	0.441276325037825
0.765748574968654	0.332008986763764
-0.422320938196137	0.236638315029538
-1.68718740077762	0.704071354649794
-1.51151931630602	0.92801396381259
0.0479668102951513	0.0242035155870716
0.765337900306628	0.331772940313554
-0.184148497629906	0.0789589941501255
0.0859146137953314	0.0468559151956241
-0.285104268291679	0.18637524470887
-0.17191476584973	0.103033463272345
1.37271009537197	1.53252357342144
1.01571064138837	1.22313253151421
0.398918661272857	0.277122050938888
-0.51764708606635	0.178953973086848
0.141893696140023	0.0887394988710327
-0.433532350881175	0.364858170486589
-0.0314842315342871	0.0321037823307638
-1.16617948729895	2.46638395254288
-0.968264784999388	0.567000612677095
-0.282120822680385	0.24405947342474
-0.585200142435467	0.770368816988024
-0.43495060562004	0.475198841678751
-0.11507086084031	0.095411065194091
0.13053874609979	0.115167959545093
-0.720951357828399	1.028253159638
-0.479657270638156	0.522334846793122
-0.065052287966051	0.0545358535301467
0.0295014328353598	0.0248733441795871
-0.677064412066947	0.92776378740517
-0.119465260841818	0.0730241295804546
-0.131126705677178	0.0900946303692759
0.123464934646896	0.0917372677950668
0.642760872641496	0.929880302482301
-0.0762670666554143	0.0684130538013136
0.259798448851452	0.248781431235487
0.313263037070519	0.278364485643959
-0.184617640808077	0.0791844639739394
-1.06741224803131	1.02908789170729
0.116247166995476	0.068095355374989
0.833161981404089	1.03325791144427
-0.326188804154412	0.279936145025404
-0.579129598655411	0.47507681903563
0.307809948052431	0.262251822827401
1.08190561657454	1.08365296820229
1.26782452143918	1.31682567095759
3.53034529889225	3.50736662868028
-0.167677774336158	0.0868939558902765
-0.00866762541139504	0.00285038216826518
-0.184271044593708	0.0790222441021079
0.399504450820885	0.309531960613471
0.399517607121712	0.325283423741794
-1.0442162758538	0.87438666757598
0.181136950513096	0.127448442929082
-0.801946230848009	0.848104610745125
1.66361053249679	1.51652989007293
-0.390035974921079	0.276433097301495
1.37287736994666	1.53234602256309
0.396348882316361	0.226394117006074
-0.500203818321057	0.416021304548639
0.617745053337773	0.573829512967194
-0.0759489641588138	0.0473161986698993
-0.352044242009912	0.276664695001509
-0.422342376725643	0.236676559474934
0.0291702650513206	0.0172963921370407
0.0187457652159364	0.0126131330967193
0.286463214356391	0.211641208437371
-1.27038470831303	0.884666905678582
-0.433401510058186	0.364767577152712
-0.173939041290908	0.117697673411669
-0.0944789699294061	0.0658110212147791
-0.224365553416683	0.149241083034403
0.140349626264432	0.109341119868297
-0.267712316768068	0.248880599658532
-1.08406029532364	1.18342931697841
0.048043370639892	0.0242397906790943
-0.315012604577116	0.180519573244866
1.4970983512604	1.42998892106674
-0.039353128958727	0.024952962953098
0.635777837797818	0.565092705972109
-0.260422454505934	0.131473076198748
0.606653110878273	0.367855821635787
0.928757462515204	0.545183921949788
0.402989430804172	0.139588222045671
0.128626494876668	0.0571126960744007
-0.104360815899979	0.0290077066781166
2.59836788378482	0.565681354882139
-0.00960734068957699	0.0031599304332452
3.44542702694839	0.961324616818369
-0.515990783583792	0.178284628481265
-1.96368093592683	0.955822689151189
-0.184260968187063	0.0790176636787065
0.564160308367146	0.3894443144624
0.852927125088669	0.54679237203476
-0.235250744723944	0.137920266673397
0.328937660055856	0.327733482132564
0.400611300711663	0.40058262416725
0.490965054033907	0.474259629942026
-0.843738401867364	0.995273293191953
-1.01084099333436	1.04628417682407
-0.0629105177520066	0.0443870363164407
-0.375746133802919	0.319333960038721
-0.314974334266225	0.180517382779914
-0.847196756999081	0.352694669460464
-1.12692027910398	0.723978664203291
-0.00486416332271454	0.00225720774190238
-0.568541766074588	0.350174119857092
-0.732007004540103	0.441102845894737
1.30832400447743	0.79777889706228
-1.32938572253344	0.733074998982863
-0.326973043347337	0.129413106959877
-0.285053627335216	0.186330826663221
0.0858222138874829	0.0468112400675287
-0.472154521758805	0.329078329463428
-0.472047704335293	0.329071112036136
-0.391603095504156	0.191462066890932
-0.449551847246755	0.28255524491248
1.11236395675142	0.937365047108194
0.130721837320587	0.115341522671469
-0.551089627019767	0.823436525098035
-0.746648266319457	0.696810190728312
-0.20717999541279	0.181533296143305
-0.85395720963676	1.1612136489976
-0.325617640348023	0.320282933595071
-0.366288024273917	0.358719126175179
-0.226696299838399	0.225317515577642
-0.536616491286074	0.645460243368422
1.14763412436927	1.74478282942808
-0.354473197836318	0.430667524055647
-0.131147323350631	0.0901154101141619
0.898503579485957	0.723336576315312
-0.177055549914448	0.14476389525046
-0.449130560508539	0.406713175504153
-0.822661932213419	1.0224398466382
-0.358393371107302	0.393640920062319
-0.665502969254937	0.58368145739329
0.404218869310948	0.488067910705308
-0.11978479919456	0.0732036973318082
0.276580329693046	0.19344851355763
-0.00477816764385727	0.00221449009969904
0.398639025405522	0.276775016613276
-0.376077386551352	0.319792328705742
0.141998448683475	0.0888256576774279
-0.525147140676567	0.537812821767378
-0.078511934218284	0.0606217948602629
-0.529631744395637	0.57452572374803
-0.260594489203997	0.131559221193867
-0.571438507774477	0.312330254718005
0.0855047295225229	0.0466274822827962
-0.260515813735499	0.131513276350311
0.92864495305129	0.545077172240108
-0.235475303257102	0.138083428952403
-0.701977565807351	0.470939585084635
0.399079676193181	0.293108298546586
0.533413147285571	0.411261900516729
0.276766540609185	0.193559234520196
0.116368199676192	0.0681703696479722
-0.10061457138053	0.053506852680468
-0.224389641716655	0.149312226642465
1.66376166556015	1.51644179548287
-0.217586494139656	0.161206785290068
-0.0630607056542737	0.0444960203825106
0.0345749858554155	0.0269312188123844
0.196423067321074	0.145640892642317
0.234388667047457	0.135655805195531
-0.217452189601796	0.161116070471731
-0.423937608621389	0.438276727648295
-0.00844750902079572	0.00544355644903052
-0.581531321742681	0.516249288055892
0.635629550445155	0.565048182756302
0.52227981971219	0.423783646269679
0.301477486770009	0.245770756270195
0.399427771188148	0.340575593841657
-0.449328790336753	0.407000668559091
0.155505840589109	0.126685038363514
0.1555336677008	0.126704851836775
-0.433184674513129	0.364519878038037
0.512827443679135	0.436556749991168
1.04407762784839	0.753951679336125
-0.0627630293782538	0.0442867975374733
-0.376184178106449	0.319890001238324
0.403632537227691	0.139839884189156
-1.96349123148842	0.955719882005179
-0.517262058968037	0.178864495866734
-4.18692465030888	1.51167343819974
-2.19279921330255	1.21087324593908
-0.327547000333358	0.129657395648122
-3.48219873584491	0.919655084022901
-3.48240509937676	0.919800644574475
0.0615106551227168	0.023806118014709
1.29047191149383	0.361322640689658
-2.10727742655476	0.3785967871456
1.29035320892594	0.361169722228799
-0.235290503145764	0.137949646882033
0.533185558195406	0.411110623257971
0.0479285507635982	0.0241829353640545
-1.01139727495607	1.0467743095234
0.105023270047408	0.0742206880888144
0.123458078786281	0.0917309319304603
-0.285053627335216	0.186330826663221
0.522308594802782	0.423805684617425
-0.449201596319485	0.406822614548009
-0.433401510058186	0.364767577152712
-0.100287704644021	0.0532803604545852
-0.327441044350617	0.12966822779127
-0.422449318801549	0.236728116220036
1.04398399761367	0.75369610299678
1.1506158795956	0.774230707923706
-0.327230659220978	0.129567376802136
0.671465868796485	0.334774054050095
-0.951768045880078	0.27264192625531
-1.40182099425293	1.05074397500167
-0.413881644898003	0.320941666341767
0.163625358955636	0.108810213526551
-0.171733333748742	0.102903938585626
0.25069825731129	0.155248653610278
-0.674714181318261	0.545486301742271
-0.824122030630818	0.81651335162147
-0.686485798413027	0.507940032132344
-0.0343649104307773	0.0245215887540216
-0.876180206001423	1.138041751625
-0.212757121541721	0.172612736206995
-0.486723487191682	0.558550885612831
-0.275924678042272	0.336713548851866
-0.89747639767284	0.94004315172749
-0.253106791583827	0.203429946674417
-0.100540405818408	0.0534632011451723
-0.472010450119347	0.329013950089207
-0.525069856353762	0.537739737339014
-0.395656038048465	0.36130170190441
0.0634452902489655	0.0472036081054026
-0.0783398217435751	0.0604836347853696
-0.0945393578382475	0.0658711107151154
-0.222214158038987	0.233986236020395
-0.00721314759007378	0.00568626103855828
0.938255825894577	1.201924722576
-0.939050965893036	0.734553872901206
0.917493168960845	0.884712128619311
0.301670867142545	0.245944501204832
-0.144331811184863	0.118925546263393
-0.824035939998639	0.816375692949902
0.104763347283701	0.0740364034986795
-0.0629524049072091	0.0444238840275183
-1.24519955622981	1.02234001569233
-0.217496910387678	0.16115931261989
-0.260264417486449	0.131354868014329
-0.449470313294104	0.282463449072139
-0.391246652475677	0.191209210716848
0.852939962809722	0.546934303038246
-0.686735568887376	0.508322918373419
0.181313675255168	0.127612911033939
-0.981504005262713	0.891238633380212
0.0480050835828071	0.0242224684999677
0.123551349714899	0.0917854842741284
-0.173982954598215	0.117708458388327
0.898451832677378	0.723359211386074
0.211887954999951	0.113856287486724
0.0584849086837611	0.0369509486462666
-2.27754611815865	2.09361107205081
0.0856766271852479	0.0467288268596743
0.0588057518576375	0.037129351607181
0.15568292200841	0.126847980041654
0.286545576800344	0.211745782117452
-0.35889069545619	0.230176054147552
0.874670173944602	0.879514467652847
-0.00825098414165935	0.00531839236576663
-0.957621574976137	1.23783763870123
-0.933740709479008	0.91348379854643
0.196509225695554	0.1457383385294
-0.284900121084257	0.18619222264879
-0.139692590234455	0.105897572019939
0.163625358955636	0.108810213526551
-0.0283523612035394	0.0222024805509648
-0.0785892731813948	0.0606712309290928
-0.062956351779567	0.0444248436569243
-0.449357536760179	0.282279719438215
0.399188400393345	0.293278030550534
0.23410444750179	0.135473731879832
-0.175925190312393	0.131899525865189
0.141892369815366	0.0887500114785208
-0.788343745757691	0.414362328106443
1.31665444033133	0.59000828848376
0.396175686819008	0.226339115191097
-4.18692465030888	1.51167343819974
-0.968033043844823	0.567023112730889
-4.18692465030888	1.51167343819974
-0.517513875524486	0.178911161319999
1.29059040546749	0.361273728188317
0.449356737420673	0.0873001538306624
-1.35610128709322	0.474818712797072
-0.848554588996423	0.353709685597233
-1.1145954954322	0.541089063658969
-0.952244254371164	0.272799090918146
-5.43157057202656	3.67954361653256
-0.517262058968037	0.178864495866734
-0.391490026470118	0.191378721986921
1.31626800442765	0.58951227776968
2.59830808808347	0.565621890602798
0.128739954381237	0.0571706971446716
0.617761186550711	0.57357172988708
-0.0785715154224317	0.0352603267586224
0.250842947914754	0.155326910864604
0.832900371033349	1.19135053444814
-0.305914278647467	0.283018693201695
0.100447377410256	0.0817675762381931
-0.0944930290534367	0.0658343548273408
-0.933888438208591	0.913869462420194
0.221793473941692	0.180768041265602
-0.322329129041418	0.232140380002769
0.58482001808895	0.37997695034666
-0.788232305482405	0.414275835906919
-0.968040626027814	0.567014988604947
0.63229174929066	0.352703851644874
1.15038774530258	0.774119696180458
-0.260329029925159	0.131417764875266
-0.322120777402944	0.231900123867669
-0.0521487398762325	0.0405720200569229
-0.167677774336158	0.0868939558902765
0.116251737868713	0.0986237641289767
0.25069825731129	0.155248653610278
-0.285211168305487	0.186448644459638
-1.05858884031833	1.92673854658834
-0.0065935539137356	0.00367940017156973
-0.0760095348319967	0.0473545458793008
-0.573306969524194	0.392293013381665
-0.224286938715447	0.149097480612514
-0.267821846486695	0.249036023823126
-0.376169527489164	0.319794518114623
-0.147119761327187	0.130266671107701
0.155721600850576	0.12687834443863
0.313393213878636	0.278509891415731
0.779825659436803	0.876191806927272
1.37281699540143	1.53253161115609
-0.119439450446503	0.0730048395536886
0.504527245921665	0.449325217126695
0.181329998139724	0.127609580246442
0.635714625225992	0.565066006011274
-0.00644961089764576	0.00360056110007621
0.674726059726972	0.730771216314519
0.0833763555440825	0.0558371249873706
-0.00661683941035757	0.00369212124662277
0.963576217500344	0.737080806847057
-0.571618661584741	0.312525279780433
-0.571737584667295	0.312608565413617
1.11236395675142	0.937365047108194
-0.572832255431306	0.391827788620206
0.396089831394072	0.226278388755559
-0.472024518616386	0.329044883502682
-0.389878400650827	0.276257445951353
-0.217607155601996	0.161234760783561
0.968670894719723	0.894606371874941
-0.413919608406986	0.321094793095108
-0.852393270064865	0.785621271260328
0.250711605847258	0.155245755704872
0.286438632184769	0.211674618036817
0.0833557667171139	0.0558227225451886
0.22158374872425	0.180626235790488
0.769810889993383	0.71345620863575
-0.788232305482405	0.414275835906919
0.307743773102706	0.262224260847629
1.69337934837473	2.62849133244743
-1.08427689290113	1.18403960371508
-0.17594543043347	0.131927464899078
-0.039529500318646	0.0250689531848583
0.0290370556228624	0.0172206399698484
0.874694274441782	0.87946409221883
0.512868702446158	0.436656332232589
-0.433160843236732	0.364431862632354
0.551412966157032	0.635743309676092
-0.38433763422339	0.465736575736088
-0.576989250936056	0.434217336157644
-0.981532725450441	0.891190458093011
-0.791847927464025	0.630459992763821
0.635714625225992	0.565066006011274
0.512781049904591	0.43655611193485
-0.0487300164360545	0.0265724014795389
0.366006846139723	0.150375338743401
-0.848235856286303	0.353414829103439
0.440513946717843	0.120393291309023
2.4197726624662	2.78502934640348
-0.00866762541139504	0.00285038216826518
-3.48219873584491	0.919655084022901
-0.406536039818103	0.0912270232471427
-0.967913118768585	0.566880494409038
1.29047191149383	0.361322640689658
-0.00866762541139504	0.00285038216826518
0.128496054262865	0.0570471936487537
-0.406536039818103	0.0912270232471427
2.17513790583725	0.973023061087874
-1.96467671705873	0.956602614744049
0.448931724883838	0.0872096407569261
0.928982757783092	0.545220013672355
1.04442439792067	0.754229357853164
1.30807804392753	0.797106236295213
0.178835485532827	0.0881531101647819
-0.00846460341654334	0.005453665875232
0.251293572837724	0.231751479632652
-0.708950034880989	0.801241220018575
0.286482495123052	0.211703912226392
-0.801716685221925	0.847649095651434
1.01569764260216	1.22317386246505
0.567084639062574	0.612386746375735
-0.472131338862803	0.329112025572246
-1.32926110938342	0.73269315682669
-0.848554588996423	0.353709685597233
-0.260329029925159	0.131417764875266
-0.579018048486102	0.267409454362904
-0.260422454505934	0.131473076198748
-0.981584186560259	0.891361705052936
-0.449932908615081	0.282633604607382
-0.968152752066219	0.567121503023109
-0.487553742244464	0.37268116945927
-0.487661253003712	0.372817824928706
1.15459837683384	1.10904984901962
-0.26554880296696	0.194126969543783
0.209810360905692	0.163357285474146
-0.167754090883061	0.0869546539632337
-0.233365508912849	0.21794778651772
-0.212850921846084	0.17269264515154
-0.224362360916797	0.149289333907045
0.546592598745895	0.399219596101576
-0.327547000333358	0.129657395648122
1.2461626932187	1.1460589544713
-0.852415268225124	0.785666912193693
-0.358653698911515	0.230066631527229
0.178394582455224	0.0879597751455033
-0.119516901114488	0.0730415454800373
0.250434257978222	0.15503656965698
-0.171816972074702	0.102965328684015
-0.848554588996423	0.353709685597233
-0.788101962939554	0.414130609919789
1.11237126320517	0.937446712499808
-1.94193752750428	1.50446298508315
-0.517899147573227	0.179109173088448
-0.00482134538163185	0.00223622028267589
0.373166103534986	0.176281404364727
0.178157308327179	0.0878173743340906
0.141972601536965	0.0888084008407711
0.715552285455441	0.720524184355505
-0.792089496111302	0.630754759552082
-1.12679749314645	0.723768445088123
-0.00655651078964978	0.00365922616789442
-0.732441051582771	0.44151093634167
0.833190957312963	1.03336329103333
0.28633168863619	0.211553497560757
-0.171770631410099	0.102932060208856
-0.791847927464025	0.630459992763821
-1.14268425110021	1.02080581954915
0.398737028107333	0.276969072845267
0.399268783482216	0.355377466309398
0.39912458626215	0.261113883283656
0.116186636806352	0.0680532515196002
0.301431028422242	0.245728277307987
0.0287978268374564	0.0170757847079828
-0.375990847869845	0.319678207050162
2.0475571909752	1.45300524221569
0.221742821686667	0.180741044086351
-0.0395746681987161	0.0250974132707609
0.141972601536965	0.0888084008407711
0.141892369815366	0.0887500114785208
0.564406759068027	0.389679472400225
-0.260766091295426	0.131607173198637
-0.992599449272424	1.21878024165857
-0.449110177851312	0.406703568333302
0.67150962292298	0.334766898185218
0.403377677871532	0.139736809774786
-1.35610128709322	0.474818712797072
-0.516877128372687	0.178641872315134
1.80543669637378	0.656160870630634
-0.00940109644110474	0.00309197435180766
-0.952135059882499	0.272770263417896
-1.68657752983501	0.703681756485321
2.59836788378482	0.565681354882139
-3.48240509937676	0.919800644574475
-0.104360815899979	0.0290077066781166
-0.103877372062926	0.0288628201081387
-0.327335889648938	0.129624283363844
2.59836788378482	0.565681354882139
-0.846996344736511	0.352712982272515
0.440628375497016	0.120463053794555
-2.94720125929596	0.646055459499367
-1.27064632211145	0.885370023376595
-0.848554588996423	0.353709685597233
-0.573122228556241	0.392182120784472
0.116535513473797	0.06825397199116
0.938031356584871	1.20185945428175
-0.0781290129341537	0.0602830800458076
0.163628004413102	0.108832428913685
-0.00649619072655505	0.00362618846728953
0.399464108301529	0.370316476658924
0.398701328129008	0.260738292067998
-1.96448596851255	0.956498553769595
0.402733937014348	0.139484956672463
0.372838340462595	0.176172443452236
-0.788232305482405	0.414275835906919
-4.18668471132409	1.51115380013371
-0.967800698735012	0.566773743831677
-0.487552089447085	0.372563846796402
-1.63519167898621	1.39553890660412
0.155556271944512	0.126669027682494
-0.325979141517565	0.279669716306507
-1.12651732158488	2.04576753959341
-0.0889428704282783	0.07416737764256
-0.583576043533161	0.556409517844478
-0.100696563025694	0.0535453328515396
0.365691750007034	0.150278237952888
0.845715143638794	0.714748853923145
-0.175985918182125	0.131965687487415
0.398765561606098	0.276966640430354
-0.17381013832956	0.117590207916173
0.181551804261509	0.127792825572201
0.617856013507357	0.573879715772788
-0.517899147573227	0.179109173088448
-1.35626224425971	0.474875835650706
-0.825045854923464	0.599435065359958
-0.184393374089649	0.0790787932600563
-1.81226436848931	1.31291218468186
0.67158217394513	0.334848424054662
-0.285053627335216	0.186330826663221
-0.327441044350617	0.12966822779127
-0.224205111346259	0.149137272516056
-1.9314158658156	1.94636153939579
-0.686893252102377	0.508419637507065
-0.235409159682121	0.13803600571538
2.1397460513711	2.57789377419975
0.546711095435536	0.399426004119964
0.399241455715525	0.293334087412803
-0.00831300788254624	0.0053575270356208
-0.658574572761082	0.621915360766391
-0.48758268181141	0.372653481611746
0.852871940568314	0.546825607663817
-0.889776252660043	0.758163932303549
1.47066591704473	1.7562483792622
-0.0627375529582938	0.0442656618107091
0.058443790022945	0.0369248768508539
0.968800840708488	0.894865284437944
-0.0488746227041933	0.0266519956042316
-0.00818551931871176	0.00527638130083001
-0.686800933612094	0.508334523103492
1.01565080675666	1.22311756105978
-0.325499320888332	0.320073303486377
0.481446092145749	0.500577440252699
0.796412832540613	0.54632387049216
0.250605830440359	0.15518710398705
0.852965692838688	0.546844532922721
0.104749436499804	0.0740036640584746
1.05073788753131	1.38876825102173
0.44025009120492	0.120379994939149
0.0617424742393982	0.0239084459082885
-0.968384130058026	0.567051569300168
-0.951510131474032	0.272461351367526
-0.788232305482405	0.414275835906919
-1.11480387759856	0.540899159478976
-0.951510131474032	0.272461351367526
-2.19255723702801	1.21048047914659
-1.68718740077762	0.704071354649794
-0.517899147573227	0.179109173088448
0.402089212506356	0.13919342312955
-0.00741107585223301	0.00243574647403783
-0.327440212159224	0.129629361099382
-1.35610128709322	0.474818712797072
1.31729408016793	0.590203599966043
0.955740311572938	0.344597279041458
-2.94698077954152	0.645760131429668
0.44025009120492	0.120379994939149
1.21231527031093	0.971317789997125
2.04484740993345	1.91777741448626
-1.13157352576474	0.867806795163739
0.286353621089143	0.21159382496386
-0.732078312418509	0.73290941491741
0.209824845208252	0.163386666584506
0.740665212525889	0.716400610903666
0.10463021867478	0.0739227104771036
0.313327896934652	0.27846213285129
0.399694028346507	0.309716645373078
-0.00473529180603008	0.00219814874663143
-1.1145954954322	0.541089063658969
-0.732129713916639	0.441387161072424
-0.7322707246791	0.441490978820015
-0.314905683790335	0.180488007236133
-0.38995717249119	0.276378670243734
-1.02571218157097	1.50533956874437
-0.375985372218627	0.319680652801176
0.100404993253477	0.0817246606347805
-0.224176207643439	0.149125663287847
0.178596309255561	0.0880509577055597
-0.315012604577116	0.180519573244866
-0.322139897340277	0.231999577337031
-0.119466645047769	0.0730195618404143
0.209911426831079	0.163446521346098
-0.57334681792057	0.392178286102858
0.874737907075508	0.879209687755578
1.37288429413066	1.53088288490942
1.05647634350404	0.549821521222389
0.606638762526366	0.367790241599378
0.712007738259608	0.546620013704936
0.178582044959992	0.0880558495915799
0.403122432305779	0.139593949723423
0.564152751246519	0.389471809180536
0.399587112669457	0.309611469101884
-0.449575266710993	0.282426405751337
-0.358574770830738	0.230008355533989
-0.0393325496403381	0.024941756470311
0.209738258855914	0.163314651146803
0.181440973065105	0.12771404261578
-0.433315405412224	0.36468529227267
0.128870977387423	0.0572162720109094
-0.0488357677346139	0.0266327969000951
-0.674765676785215	0.545649823465162
0.972337101260968	1.05450084837954
0.756124476380908	0.878135062575888
0.796585173823348	0.546500154315464
0.0834175183910981	0.0558589724174055
1.18716626460431	1.28233093364841
0.250790671040038	0.155292789736014
0.116247166995476	0.068095355374989
0.234029943286015	0.135426106733778
-1.13147421927421	0.867563171264953
0.0188930244175899	0.0127086974804133
-0.577109715356513	0.434343995222223
-0.326138163374194	0.279879812063682
-1.12207854784394	1.90480928011661
-0.325877875106825	0.279491176699269
-0.967913118768585	0.566880494409038
-0.568541766074588	0.350174119857092
1.36223634861539	1.19727846089222
0.0290916091214662	0.0172506474117661
0.399797955403642	0.385284925621455
-0.314989981860904	0.180456775897979
0.852939962809722	0.546934303038246
0.631688588846007	0.352176797827841
1.31690798760239	0.590129049397097
0.396154024889711	0.226290818605055
-2.38056838857613	1.46183685335053
-3.87522571878201	1.20686794936312
-1.68694899077746	0.703952762450668
-0.788232305482405	0.414275835906919
-0.952502610189603	0.272824202108595
-4.18716485783141	1.51198812883872
-0.103877372062926	0.0288628201081387
-0.00940109644110474	0.00309197435180766
-0.104046979058593	0.0289047757466345
-0.95187692509697	0.272670624519378
-0.327335550717987	0.129625546394617
0.396111644177902	0.226268937832337
-0.701733296858074	0.470750763953156
-0.581534663169211	0.516361215772892
0.196591788662089	0.145807592365522
-0.282192633303969	0.244145815121544
0.656633318631472	0.5565118826308
-0.500248816324381	0.416075405525705
0.221467840564156	0.180453694783271
-0.579107606565021	0.475099010712088
0.632405782769901	0.352759200610373
-0.579018048486102	0.267409454362904
-0.747028489705835	0.697635563753618
0.169562005493527	0.14411101435026
-0.366127421270424	0.358560063607861
-0.500359520529249	0.4161131309389
1.04435891259757	0.754279565754827
-0.49998951212592	0.415758750629525
-0.576882370471677	0.434180566976922
-0.326036879449403	0.279740891935281
-0.573201430999483	0.392228605869892
0.0289568043675961	0.0171732158028847
1.05088334474898	1.38942219027613
-0.107666230307005	0.0824246526313528
-0.701862955864654	0.471051609861451
-0.422427233635055	0.236672878482993
0.584721353956748	0.379925831477889
-1.51104783979523	0.927425652792618
0.852671639124429	0.546588557482098
0.512657310397779	0.4363802026596
-1.93133776806926	1.94625979327512
-0.852415268225124	0.785666912193693
-0.351913073834168	0.276585444919164
0.399517607121712	0.325283423741794
0.804089835220899	0.712440424822514
-2.17334104145165	1.89554238845045
0.606934254365584	0.368046449019147
-0.573373081278194	0.392297725227856
0.804089835220899	0.712440424822514
0.490784078728096	0.474064764345796
0.399361170289419	0.355460863471724
-0.0760945859454269	0.0474073772906456
-0.167715939625543	0.086928424290891
-0.50003147918059	0.415829258616164
-0.449547502390987	0.407157488150769
0.0858883652709848	0.0468433639331458
0.606920023753657	0.368081471821074
-1.22598111337147	1.32047574805381
1.08188684638871	1.08367773089547
0.307504250156037	0.262021859532627
-0.167723743572673	0.0869307434564531
-0.381203152143801	0.395567874156188
-0.305664450426248	0.282699831027979
0.860938191758021	1.03487950837801
-0.10061457138053	0.053506852680468
-0.825045854923464	0.599435065359958
0.764486778123062	0.331447869942357
-0.358825047661998	0.230165183940644
0.018454497184044	0.0124166826097499
0.671494664560962	0.334807235682389
-1.68694899077746	0.703952762450668
-0.327546345457555	0.129698049658362
-3.48219873584491	0.919655084022901
-2.38046183086917	1.46152631292284
-0.104844951344196	0.0291451841025915
0.44025009120492	0.120379994939149
-0.516625938445608	0.17859542475739
0.440628375497016	0.120463053794555
0.449482770198073	0.0873321855854351
-2.94698077954152	0.645760131429668
-2.10706742962015	0.378548652882402
1.29047191149383	0.361322640689658
0.250684905061533	0.155242539654961
0.396197438898127	0.226365511940548
0.365796592364056	0.150347828566248
-0.585177035421564	0.595456975690764
-0.783082246161423	0.879402376658291
0.10492266946547	0.0741526896640413
0.0290916091214662	0.0172506474117661
0.0855841566218966	0.0466768866551627
0.273896097807249	0.28100612794607
0.24212407823055	0.214748231484605
-0.0786522619879239	0.0353023758590265
0.40427466411489	0.14004859743002
-0.175405927550633	0.154565767241377
-0.861859504933331	1.32437875649568
-0.631930252284468	0.830476996682912
-0.34279152408498	0.356901694581288
-0.0651697972210943	0.0546402555900993
0.860850316388818	1.03491796718739
0.398956040914501	0.277132929710772
-0.260594489203997	0.131559221193867
-0.224335078077715	0.149257804118276
-0.11951965129848	0.073057555006467
0.96861032987998	0.894530621309699
1.64841342822306	2.2256252581945
-0.212619627852442	0.172495534098922
0.968572878549224	0.894523734287508
0.211926139913565	0.113876387771514
-0.260486639341066	0.131500765009026
0.373176502294703	0.176346584481927
-0.0081408866142675	0.00267744478079309
0.403122432305779	0.139593949723423
0.211857686193715	0.113839275081236
-0.391360018543522	0.191292687350545
-0.449559643029099	0.282553005776485
0.0583807005428617	0.0368824650389447
1.12410757971275	1.57569928849423
0.546605877869157	0.399187163660505
-0.314943947858019	0.180508496860338
0.398819918961831	0.260856352026993
-1.35563614408753	0.474557097061527
0.929709215444752	1.0459804557593
0.399608988345412	0.309648467855412
-0.0393119754570009	0.0249293922867717
-0.119678716732112	0.073154203987277
-0.358798278522501	0.230119212026181
0.750967604056486	0.546403961082126
0.769701857267027	0.713156019298393
-0.938800820501774	0.734004736031384
-0.413708678497943	0.320841292921872
-0.265762350345841	0.194215159849115
0.399659900532829	0.385130138325496
-0.699177201970349	0.833387554632983
0.264528096877181	0.174410997883395
-0.00835779426278159	0.00538654948419021
0.323987955882478	0.311292972582723
0.140349626264432	0.109341119868297
1.87926160401238	2.97458051355423
0.606934254365584	0.368046449019147
-1.11423834940659	0.540537025048118
-0.0393325496403381	0.024941756470311
-1.15405505471113	1.32551820693131
-0.104360815899979	0.0290077066781166
-0.847833196182046	0.353207340512575
-1.96349123148842	0.955719882005179
-0.406143088696864	0.0911104868149055
-0.952135059882499	0.272770263417896
1.29047191149383	0.361322640689658
-1.68596857506758	0.70320287292914
0.440742619385608	0.120469713008539
0.449356737420673	0.0873001538306624
-1.35517165583896	0.474174060906171
-0.449373191513552	0.282357849246829
0.211895891785283	0.113859386997973
-0.235409159682121	0.13803600571538
-0.0943803103510877	0.0657370239083681
0.013786571263954	0.0102662633047047
-0.783233907202916	0.879631453075957
1.05112876616171	1.38977713959466
0.564414409634204	0.389702848742374
-0.643483568008081	0.730883765181406
-0.252974536526994	0.203287052328415
-1.3294270748627	0.733061521380134
0.956226036647493	0.344930752421141
0.584622732899797	0.379711737328012
-0.933951300730711	0.913979811896187
-0.579167653221855	0.475166879787806
-0.524826165909508	0.537183059487324
-0.9020030022724	1.11510856408097
-0.267662945975918	0.248874012158675
-0.222141245480511	0.233892775125363
-0.119518275601168	0.0730591665263058
0.048043370639892	0.0242397906790943
-0.224309396879475	0.149251198329982
0.0136088789185696	0.0101348422654433
-0.897411054817871	0.939993909115916
-0.471964074016085	0.328988442076057
-0.449089797555773	0.40667171228902
-0.389904182000159	0.276324804610237
0.577239576971173	0.602009063816659
-0.848756633713589	0.353692019334519
-0.26050123433033	0.131519082409796
-0.732099967580472	0.441350213980641
-0.184260968187063	0.0790176636787065
-0.422299294346764	0.236652215203968
-0.449641252180695	0.282629245641421
0.399562847415415	0.325330940942825
-0.314982198182125	0.180510673545541
-0.119651523577888	0.0731394835730531
-0.17589938277555	0.131887732440733
0.141813447248289	0.0886774620747506
-0.358667111251907	0.23008064430689
0.399629756186755	0.245296505376421
0.399737777611166	0.309715144360561
-1.22614753633784	1.32065141892179
-1.40199696568665	1.48418092703435
-0.00638929513398506	0.00356739098780242
0.0290643313532979	0.0172360612881144
0.584606708762691	0.37972008462059
-0.173832089409108	0.117617618957449
-0.207154656797519	0.181478625891157
-0.235290503145764	0.137949646882033
-0.422384984558512	0.236709053249403
-0.487738228148574	0.372793191105451
-0.314806633342869	0.180404619625564
0.286457790440453	0.211646657646458
0.845952734120206	0.715189374908091
-0.0650902936802915	0.0545726127225372
0.221533088559734	0.180579541509493
0.169456415548078	0.144029270071716
0.387443934982169	0.203677658568846
0.845609334413503	0.714339500251108
0.387605725992851	0.203766496048981
-1.92836946784426	2.41127198988775
-2.94698077954152	0.645760131429668
-1.35672844137063	0.47506664569878
-0.406536039818103	0.0912270232471427
-0.406653408801407	0.0912540543799087
-2.19317773508491	1.21121855507647
-1.51162895510891	0.92774969099266
-4.45004713937615	1.84385583485808
-0.326973043347337	0.129413106959877
-0.848554588996423	0.353709685597233
-2.10706742962015	0.378548652882402
-3.87503061007077	1.20658143667459
-0.687091359891795	0.508166903673842
-1.27063082055851	0.885275144897396
0.396262160673801	0.22638646126689
-0.173728020048257	0.11753891692866
0.242240089394058	0.214899999417407
0.490863603511581	0.474160698559786
0.042330840524158	0.0299958982139038
-0.235647062121886	0.138159405914178
-0.0944728873280826	0.0658199548945556
-0.486764993340925	0.558516304262268
1.66365357907218	1.51651729798337
0.440742619385608	0.120469713008539
0.365795892718222	0.150333644094674
-0.32547563057131	0.320004678793539
-0.176251209491276	0.132172200056175
-0.365989938759797	0.358226801343257
-0.4112377240035	0.400552763562645
-0.381280578380286	0.395699884760492
-0.411183395070683	0.400583753671459
-0.413793633721842	0.320969820892725
0.286564730838304	0.211747741312556
-0.00625499653367304	0.00349264232361415
-0.351930081540779	0.276630397745374
0.711994689914987	0.546635957220775
-1.01100712019044	1.0467688034003
-0.686722096742145	0.508273973989328
-0.449812502559788	0.2827095155416
-0.358653698911515	0.230066631527229
-0.38995717249119	0.276378670243734
1.04417132370979	0.75412450860252
1.29007573135185	0.361162560899904
0.0616700182489409	0.0238789606093496
-0.517513875524486	0.178911161319999
-1.12680276458926	0.723836733698945
0.84570186165398	0.714707974518527
-0.389798224379841	0.27617873057893
-0.00639887010765399	0.00357225047147287
0.711861766568871	0.546369917782611
-0.00816484380810605	0.00526291870258437
0.564167854664221	0.389388403390002
0.917464699928961	0.884630729150845
-0.119466645047769	0.0730195618404143
2.62110694170072	3.37555345996245
0.567211630831438	0.612462724935895
-0.276768547255964	0.289729746327227
-0.0942937378702736	0.0656670600080289
-0.981558452761994	0.891351129934286
0.211964338892854	0.113888136941665
-0.167814701890377	0.0869867978736486
-0.433119341845448	0.364416925491842
-0.11949245706525	0.0730428325659769
-0.471880447909488	0.328863331156295
-0.889896617486106	0.758357339826199
-0.171854279210956	0.102994903376511
-0.933803537214648	0.913670596019875
0.769544261815604	0.713015822805521
-0.0887543754978377	0.0740143796508181
-0.325253970702065	0.358117017908255
-0.375944838067394	0.319642580323954
0.250513390435162	0.155108504066862
-0.285137205124192	0.186363476230288
-0.260249986440471	0.131363174492885
-0.25306100751911	0.203389159680727
0.448931724883838	0.0872096407569261
-1.11459535646121	0.54087500274063
-0.104191034118389	0.0289508643830017
0.956226036647493	0.344930752421141
-0.517262058968037	0.178864495866734
-0.16770805249265	0.0869124257822003
0.3996138541701	0.245240556317635
-1.81203569785462	1.31269978621735
0.399698611219441	0.385168891994439
-0.461962950683235	0.447456070697086
0.0634121577145063	0.0471757124893224
-0.804306116999991	1.04901760250863
0.680958309759776	0.550141531479728
-0.471980325880891	0.485813987709125
-0.348172001230589	0.320161359011948
0.128739954381237	0.0571706971446716
-0.00855081732767539	0.00281333836665934
-1.51116602461278	0.927694205065401
-0.366083041978863	0.358489682568388
-0.901997726086801	1.11517779786314
-0.579296535169985	0.475401577626035
-0.665754668238517	0.583947621249913
-0.876429906163811	1.13864107609286
-0.242780958197465	0.211546092539593
-0.787878413463182	0.41380613890332
-0.18425087413955	0.0789941818192048
0.0479364447408366	0.0241891330477726
-1.81248510073721	1.3132670232214
-2.06196026447901	1.69776589847848
1.02249331252454	1.06690079768204
0.602101370734908	0.58259283384084
-1.13147421927421	0.867563171264953
-0.653363251585072	0.659827762496698
-0.348128006348256	0.32012388407235
-0.658663725428804	0.621935646428968
0.196684959888842	0.145864602457353
0.0478678062535957	0.0241529007811321
-0.568473274508818	0.35013698342253
1.15457224126703	1.10819660615017
-0.224362360916797	0.149289333907045
-0.576919265114257	0.434242823481618
0.879062300689552	1.19238889888936
-0.100345964860746	0.0533501486030699
-0.449328790336753	0.407000668559091
0.485602360951308	0.487034893098504
-0.0395336251316334	0.025069488288264
0.533194990916055	0.411068231065921
-0.395511658720801	0.361053308354436
-0.176383948939865	0.132250725355509
0.399517524063003	0.340648466131041
-0.653541070013212	0.660076529122411
0.123076610847072	0.12003596114502
0.212995581044344	0.249953717386317
-0.284898942199926	0.331308160799985
-0.26554880296696	0.194126969543783
-1.22081431495468	1.47098773467667
-0.583968061053277	0.556733545318648
-0.104191034118389	0.0289508643830017
0.178661665260978	0.0880903270670572
-3.87522571878201	1.20686794936312
-1.13141297917719	0.867243874914386
-0.578902974009509	0.267254122102802
0.449482770198073	0.0873321855854351
0.671698698273033	0.33479207593374
-0.732114848484512	0.441422043241892
-0.422299294346764	0.236652215203968
0.711981637507327	0.546618402945273
0.833118700695991	1.03306262348328
-0.248047012450193	0.260436879193074
-0.0887504741294921	0.074013016093887
-0.276708749904739	0.289547610357064
-0.298839945557986	0.237664632715062
-0.629273142753579	0.863837448394153
0.551505737859217	0.635681143309446
-1.24510261178724	1.02227857312988
-1.12692027910398	0.723978664203291
-0.579090117832204	0.267455039000505
-0.217517602207641	0.161171641212651
-0.411188677099937	0.400598476018082
-0.58490262857324	0.594994421392738
-0.326188804154412	0.279936145025404
-0.119439450446503	0.0730048395536886
-0.217342157822618	0.160992599760789
0.286356264003954	0.211592099352807
-0.708950034880989	0.801241220018575
0.323837665247974	0.311112099955909
0.693710317076415	0.725279210160063
1.08188684638871	1.08367773089547
0.276633318877016	0.193483226455459
-0.217496910387678	0.16115931261989
-0.131126705677178	0.0900946303692759
-0.581513987327212	0.516291159010429
0.104902541334197	0.0741297566951185
-0.0949322625250763	0.0661311271893098
-0.731905187240061	0.732583367161598
0.105069660073604	0.0742588872110798
0.86091619758058	1.03504096236108
0.251287577610968	0.231807395552694
-0.585285575147905	0.595550969236613
-0.289300542264847	0.285664444150953
0.140392865981144	0.109377863061901
0.13057314456177	0.115199068775581
0.485761523643889	0.487230851729143
0.232151565080903	0.197615425433015
-0.5854620178327	0.632211695691394
0.702061001737296	0.892709290330073
-0.788498543258947	1.07554303454465
0.663833331795578	0.915329451138149
-0.212619627852442	0.172495534098922
-0.167891044836085	0.0870165131143139
0.764486778123062	0.331447869942357
0.372828104257578	0.176187601416706
-0.95187692509697	0.272670624519378
0.0857035906830453	0.0467362147826808
-0.825492339365296	0.599688769725692
1.72131573655602	1.34669033560417
0.398676465327399	0.276886388703587
-0.184495602328439	0.0791280415311326
-1.11480389157877	0.541093044086259
0.387431007706947	0.203668807909657
-0.0787197888754788	0.035331436723466
0.365901442885752	0.150373308319952
-0.472108155766521	0.32911275292109
0.0291445799665164	0.0172811839825682
0.874777087030697	0.879653666456889
0.0423743719128558	0.0300283189520027
-0.267662945975918	0.248874012158675
-1.10679008155643	1.48343888723512
-0.783125380354639	0.879327241457583
-0.394754501809705	0.432436887003546
0.504399883343844	0.449057568596317
-0.63516221150412	0.79729775179169
-0.376383125356125	0.320007045213603
0.399428150539116	0.37025299028889
-0.389984373105749	0.276377432670347
-0.792029090058758	0.630725452876737
-1.74081565975538	1.57532059901237
-0.732343966226849	0.732975394634013
-0.322054918949587	0.231926205197877
-0.176778715235629	0.144626581090465
-0.585621784367128	0.632241126360821
-0.212763924326312	0.172579989573993
-0.119518275601168	0.0730591665263058
-0.510268821300903	0.457810866617401
0.0479285507635982	0.0241829353640545
-0.576798822309945	0.434032740346792
0.301584228677068	0.245882268110851
-0.38132268553249	0.395732994742536
-0.298946691877838	0.237766403306769
0.0703273912203484	0.0594995602930338
0.735709865832573	0.882127139590893
0.08359737792427	0.0559836450072054
-0.411093682127126	0.400280297311588
0.232306307019016	0.197752316669945
0.485819468355599	0.487266594720075
-0.638897177110386	0.764256048856386
-0.449135500418274	0.406727017840938
0.469673301739494	0.554991207322152
0.399517524063003	0.340648466131041
-0.487712563830129	0.372844245573686
0.342980728052801	0.388289190293689
0.313573965214907	0.27863847629756
0.402969631581599	0.445667659285374
-0.48657493678942	0.558282404812904
0.402216379159148	0.430792518570595
-0.699314754596291	0.833533103494018
-0.248218902221251	0.260622085692099
-0.877149112430242	0.577216000555005
-0.0490594629448469	0.026755104726524
0.373063689449818	0.176309167899013
0.178582044959992	0.0880558495915799
-0.167776509342108	0.0869605415634023
0.58488846568727	0.379922298196432
-0.235475303257102	0.138083428952403
0.276715120914925	0.193567071549497
-1.24511870054196	1.0218168813678
-1.44906962486651	1.34643416861096
0.0833763555440825	0.0558371249873706
-0.877234030673162	0.57722347245481
0.211857686193715	0.113839275081236
0.365902024574029	0.150387445991254
0.398886369625052	0.260953947356794
0.242273434119524	0.214920943203559
-0.212540077295999	0.17240414329071
-0.0627630293782538	0.0442867975374733
-0.934036220048153	0.914018836599402
-0.433597803918653	0.364884281622447
-0.413985546774724	0.32111240827119
-0.139670814933432	0.10587422174309
-1.1127960004422	1.62631086463846
-0.479657270638156	0.522334846793122
-0.518688256799517	0.498635254527863
-0.643493915988814	0.730929768371253
-0.529718376167202	0.574720818295764
-0.256493366604607	0.254149206776351
-0.29877351514744	0.237589613695921
-0.38995717249119	0.276378670243734
1.17350486507693	1.59870823427886
-0.253406937353727	0.203635265802046
-0.835441446991588	1.18643879213696
0.232306307019016	0.197752316669945
0.497289142426845	0.461718037179395
-0.176662703246214	0.144519924105875
0.632342202257007	0.755147837329674
-0.518796646532029	0.498836162530179
0.143336171156735	0.131226861512309
-0.00914440533747055	0.00659387262922071
0.485349275721941	0.486470164232316
-0.152305721586356	0.152768912099463
-0.285035004025393	0.331483635204155
0.100267724200584	0.0816058028757495
1.09683968958851	1.40778201755148
-0.389958581984116	0.276296546954303
-0.0627833616009338	0.0443022408208826
1.17346459120501	1.59864343026132
-1.011251229728	1.36418185581511
-0.0284027572203765	0.0222477973730666
-0.217455541006197	0.161111172388021
-0.105501460679078	0.100394906477902
-0.504507227787309	0.66643882430809
-1.15409664065732	1.32578895827275
0.264862528257026	0.174652712342763
-0.314883095294388	0.18046152778602
-0.577026152697648	0.434341282550561
-0.422277886081322	0.236628606264027
0.618114688474924	0.573576828583886
-0.390037371011563	0.276419788363124
0.116451858679516	0.0682159522077023
0.497276593626839	0.461755392050357
-0.217472896625838	0.161120018705492
-0.376071889165895	0.319753127321117
0.0478825250178734	0.0241465477316866
0.0857428988252296	0.0467687674262433
-1.12691507044464	0.723963263011774
-0.26782436553572	0.249001756071901
0.0343483721000818	0.0267510706290797
0.0345724338131598	0.0269316463838555
-0.444571942304298	0.511363321132316
-0.41121140863899	0.400576298072794
-0.775038134701235	1.10317565211093
-0.424070404586131	0.438455333985693
-0.267642081389829	0.248836675151192
-0.414130683299156	0.321218937994006
0.196488573086585	0.145704761945943
-0.395713988074969	0.361346996916854
0.67458892473134	0.730450079682127
0.398676465327399	0.276886388703587
-0.433466919585418	0.364819102057598
-0.579483049275729	0.475381431875576
-0.322348470771355	0.23213817577111
-0.00818551931871176	0.00527638130083001
0.313349550631209	0.278454022916629
-1.14895574963006	1.17277655134832
0.0137144493684801	0.0102132074711851
-0.434878095171673	0.475089482688491
-0.348105387530893	0.320033254099907
-0.653470079228765	0.659845262382997
-0.00825098414165935	0.00531839236576663
0.318532128592277	0.29445027769731
-0.305746862777771	0.282762854003347
0.0290627520003243	0.0172349600444844
0.491074935005669	0.474196661468135
-0.202701054012224	0.190087200970816
-0.71365680699357	1.06038745868808
-0.791908305713741	0.630579329942369
0.0859807318342054	0.0468871903241147
0.372603231471355	0.175990694219304
0.399652120253719	0.245289401469063
-0.44972297108106	0.282664634540686
-0.171854279210956	0.102994903376511
1.49727859150126	1.43015598901896
1.36839950230927	1.36376987050119
-0.0759901648345779	0.0473452882734231
0.11640554574906	0.0681864626339526
0.0288250995353104	0.017091994259572
-0.31487529078185	0.180469531977314
1.11252402758662	0.937101185710154
0.40146492641399	0.415866871925656
-0.242786227222363	0.211532161496623
0.105069660073604	0.0742588872110798
-0.47183084999615	0.485762347524721
-0.37611789372204	0.319830380127324
-0.253127136174988	0.203457367020829
-0.226822383602663	0.225484378713234
0.221716101857855	0.226090856465905
-0.585097487760511	0.59532914956603
-2.2776150608574	2.09462450594487
-1.06770396846786	1.02959726058999
-0.52496466157317	0.53756186875047
-0.57685903938328	0.434149334010838
-0.0395705966121183	0.0250899439217333
0.399624374491165	0.325372109335796
-0.585104895577522	0.595412365837543
-0.28522486854119	0.186431013075127
0.399215586450099	0.293280976714356
-0.00921632530964711	0.00664529517638019
-0.395757176978376	0.36138361771335
-0.462021087999725	0.447502234908464
-0.25302030787739	0.203324725442653
0.143553727107232	0.131462132368885
0.635731621631183	0.565012286356702
-0.84368791408267	0.995116678033945
0.0184140873354235	0.0123897500406228
-0.0567700840737012	0.0511248742282041
-0.352064841641615	0.276713286241383
-0.00649619072655505	0.00362618846728953
-0.299039335555122	0.237842953860494
-0.581555343950065	0.51639606863397
-0.472010450119347	0.329013950089207
-0.314951765219021	0.180492172724413
-0.487635606562525	0.372739875622519
-1.14907867579907	1.17232357622698
0.533208825612179	0.411146860046541
-0.0761383398376614	0.047432157350192
-0.119545471464112	0.0730778713492053
-0.0760533009637857	0.0473839636800134
0.142187442013454	0.0889022341016591
-0.26075136346481	0.131621234430019
-0.144365226784406	0.11895368810489
-0.536228967308359	0.644183218350861
-0.52960636041098	0.57454843346485
0.059778825628557	0.0542034837619139
-0.939077485445265	0.734512322363123
-0.510462132487012	0.45806999770445
-0.824015227765256	0.816295717198775
-0.366218316568138	0.358684589540661
-0.26554880296696	0.194126969543783
-0.131278473770528	0.0902076171710122
-0.432988742200936	0.364162687241966
0.522443418877019	0.423757465424
-0.173980160570205	0.117722034894432
0.398690755140477	0.276941906629452
-0.766385484423359	0.662801208362155
0.30760571259343	0.262122423899814
-0.413963562725887	0.321128480945109
-0.376025916434598	0.319644351097551
-0.0629236060915945	0.0444021687248854
0.209764225756806	0.163333422516228
0.28646056595442	0.211694108651968
-0.518955672790912	0.498954097760072
0.735770565588155	0.882066076895529
-0.585177035421564	0.595456975690764
-0.471802602009974	0.485746049269169
0.130691138778403	0.115313633717413
-0.176011743176159	0.13198505975331
0.042222406123397	0.0299176026870853
-0.529762740782676	0.574741051448942
-0.00960734068957699	0.0031599304332452
-0.391594789884239	0.191438279351218
-0.235329933523451	0.137981629173474
-0.665691709552174	0.583914618045903
0.128984735113373	0.0572744173820523
-0.848034357080434	0.353432748047731
0.49085675348478	0.474169239918273
1.21180922779395	1.456684008713
-1.27244758836895	1.76437224062635
-1.32628460641685	1.91274496478358
-0.212771354506694	0.172628028249076
-0.533389792567361	0.610207509542602
0.0120457330582555	0.00976773598503202
-0.322202951136644	0.232055249653008
-0.933992156297381	0.914003033691674
-0.176706794074151	0.14456684901138
-0.217586494139656	0.161206785290068
0.693783230868821	0.725236123570522
-0.366332430216171	0.35875838327457
0.0136250391943876	0.0101468411059228
-0.175585784078955	0.154751236625784
-0.233357702363722	0.217941531856344
0.116278413034594	0.0986395080850426
-0.10737050472012	0.0821871392620088
0.0635244854997821	0.0472618812622328
0.0121907900701533	0.00988468068397168
-1.47607286168226	2.37413415732876
-0.994089905079731	1.51970432178195
0.567095942567965	0.61222934663674
-0.307818860698398	0.32121554644311
-0.167700082023115	0.086874759074133
-0.732164882482102	0.732956068850818
-0.686920155648617	0.508356092101914
-0.981585673520559	0.891246435034977
-0.585090226993946	0.701992437961303
-0.325117021500453	0.357906926325565
0.0214532293663635	0.0230805404463748
0.175107376732683	0.177428190946807
-0.348277215574703	0.320272119954649
-0.326224759336145	0.279877427344051
-1.03368364508851	1.20013164447268
-0.766281321352695	0.662925995029655
0.558860108155473	0.624012593034076
0.0585095755545588	0.0369601105326503
-0.433291488543149	0.364623921203193
-0.207473708246234	0.181879734086638
-0.0521739612878664	0.0405908461634466
0.10467038598861	0.0739469620275279
0.182296733760837	0.161320179072355
-0.576835707979372	0.43408115095225
-0.897497137362496	0.940217754935799
-0.144375749886043	0.118973684538715
-0.351757803318784	0.276475769948736
-1.05852244337222	1.92786871282023
0.546618628076521	0.39924652057197
-0.265310825116447	0.193861658240783
-0.933992156297381	0.914003033691674
-1.04903175465175	1.78618412650646
-0.117472195054361	0.125150370309526
-0.242698282493497	0.211457535821574
-0.581531321742681	0.516249288055892
-0.28223076303101	0.244176663736343
-0.843977076923764	0.995677308316404
0.0288749962517465	0.0171189242886913
0.163416673168622	0.108685956637582
-0.0395500459007253	0.0250801320019376
-0.0064125873499607	0.00358029417270733
-0.389875558702191	0.27626357840334
-0.449633990343343	0.407146303361778
-1.40194851214909	1.05050154752164
-0.35874606176488	0.230128359214925
-0.285043981003217	0.18633542576247
-0.146982208353197	0.13017652146064
-0.0568598520915846	0.0512135823028023
-0.847833196182046	0.353207340512575
-0.579090117832204	0.267455039000505
1.15013402987552	0.774255798157072
-0.87699966280205	0.576773649682754
0.0479747380547107	0.0242080962692441
-0.752680532861591	0.939124218296037
-0.801457306152191	0.847351373371073
-0.256417530012017	0.254056879034614
0.140212086942194	0.109214026574701
0.276581864658763	0.193470468193327
1.24617792011755	1.14624413498319
-0.701801990339726	0.470952990233888
-0.701931635787829	0.4711048335323
-0.351823286685247	0.276549016111137
-0.290364777974284	0.370592374131696
-1.1145954954322	0.541089063658969
-0.571618661584741	0.312525279780433
-0.579018048486102	0.267409454362904
-0.952244254371164	0.272799090918146
-0.967680409289104	0.566583655563607
-0.285016673631846	0.186260085221031
-0.462086584455154	0.447553418949541
-0.17594543043347	0.131927464899078
-0.00623169814283398	0.00347992391678904
-0.573227757311324	0.392266514424076
-0.852645204396027	0.785905962761285
-1.68657752983501	0.703681756485321
-0.11949245706525	0.0730428325659769
-0.658835915529018	0.622299304766125
0.0700683524620083	0.0592794066715281
-0.221856016018219	0.233503994451992
-0.406653408801407	0.0912540543799087
-0.260451488548062	0.131406619854658
-1.00959222676061	0.719584185538748
-0.568481019853327	0.350153375981782
0.12874862606073	0.0571671158579758
-0.847314325335099	0.352888726716764
0.929116274088441	0.545396838220442
-2.94720125929596	0.646055459499367
0.956055118653698	0.344844233810228
-0.184271044593708	0.0790222441021079
-0.100696563025694	0.0535453328515396
-0.848554588996423	0.353709685597233
-0.103708004302289	0.0288061650208548
-0.449656806802103	0.282594576641388
-0.449446886597541	0.282387526346653
-0.0067375222257956	0.00375739139583859
-0.701801990339726	0.470952990233888
0.564219760700014	0.389503994927409
1.0820031417389	1.08402208373736
-0.472145435547435	0.32911333829104
-0.184271044593708	0.0790222441021079
-0.104530837627992	0.0290497664010843
-0.579233535502349	0.475321044301583
-0.658856639279355	0.622339256267809
-0.322054918949587	0.231926205197877
-0.00639887010765399	0.00357225047147287
-0.167822568183777	0.0869921519796813
-0.322096027819269	0.231968199161496
-0.665521819029769	0.583797970147497
-0.11938505528066	0.0729634588982928
-0.173665041486168	0.117482242301805
-0.202494011266275	0.189873410602071
-0.824101324313536	0.816499131413652
-0.648511523699373	0.696383144125033
-0.584842945891993	0.73588390454362
-0.449064514223451	0.406588748390069
-0.571425270298364	0.312336137740824
-0.265290229744319	0.193812423824192
-0.173684071198386	0.117490323446169
-1.78567791993449	2.04249355068082
